time_s,root_x_m,root_y_m,root_z_m,roll_rad,pitch_rad,yaw_rad,angular_speed_radps,linear_speed_mps,force_x_n,contacts,status,controller_step_ns,plant_step_ns,loop_ns,torque_utilization,dynamics_residual,contact_residual,q_left_hip,q_left_knee,q_left_wheel,q_right_hip,q_right_knee,q_right_wheel,v_left_hip,v_left_knee,v_left_wheel,v_right_hip,v_right_knee,v_right_wheel,tau_left_hip,tau_left_knee,tau_left_wheel,tau_right_hip,tau_right_knee,tau_right_wheel
0.0,0.0,0.0,0.539,0.0,0.0,0.0,0.0,0.0,0.0,4,Solved,163048,102804,591006,0.0603237031023875,1.675526572637444e-12,2.932520800067392e-13,0.4,-0.625,0.0,-0.4,0.625,0.0,0.0,0.0,0.0,0.0,0.0,0.0,0.124501244999939,0.9651775619765984,-0.005990610864068451,-0.12449158274152893,-0.9651792496382,0.005989643747408578
0.005,-1.1881899588827804e-05,0.0,0.5389966827511323,0.0,-6.535191825198387e-05,0.0,0.025990750573702256,0.00424898532615078,0.0,4,Solved,144032,62788,353207,0.06311634079057424,5.186961971048731e-13,7.014571215546717e-14,0.4001892859816583,-0.6252489930267171,0.000981183858566725,-0.40000699753794305,0.6252876619935297,0.000504650969919863,0.06121781068528767,-0.08013274384163634,0.3251980627863871,-0.002190552020000906,0.09439934085222969,0.16502199679877902,0.1737640035560971,1.0098614526491878,-0.03540814629597659,-0.08040528997586391,-0.943165411903366,-0.01045505897015312
0.01,-5.2627591783458184e-05,0.0,0.5389805262556816,0.0,-0.00028836066027233614,0.0,0.056811149345773616,0.010088552096484744,0.0,4,Solved,135526,60354,318441,0.06586564560946993,5.115907697472721e-13,6.753950697324651e-14,0.40063664678499805,-0.6258527174469228,0.003408211566049856,-0.40002880037004795,0.6260128085156837,0.0017072853381742384,0.10716442508008192,-0.14621695925110928,0.5905103380702769,-0.005728056152517883,0.17797390039324093,0.28884605200422075,0.21373572606767155,1.053850329751519,-0.06137098863281074,-0.04801050281822199,-0.935303122897121,-0.020963190151508885
0.015,-0.00012121256999003568,0.0,0.5389467225850242,0.0,-0.0006611364394270727,0.0,0.08622933623863262,0.01629580328058687,0.0,4,Solved,131979,65243,313673,0.06842170133522515,3.339550858072471e-13,6.422076412326838e-14,0.40128016082470086,-0.6267587198333241,0.007006452149228677,-0.40006968305591534,0.6271305363976828,0.003446896416182789,0.14236751484149415,-0.20368163581418186,0.804319829699931,-0.009770673506643849,0.2535275189907882,0.38604008853718397,0.245880648752966,1.0947472213636025,-0.08386020469018671,-0.02424112782273843,-0.9360568180961282,-0.027658732124533115
0.02,-0.0002170662981336326,0.0,0.5388933032901014,0.0,-0.0011777319255884986,0.0,0.11459157367660097,0.022639663461105977,0.0,4,Solved,132511,67608,313632,0.07076816741133846,3.055333763768431e-13,6.004918784441315e-14,0.4020755052651603,-0.6279346218785261,0.011543075881291739,-0.4001306927588436,0.6286068361711716,0.005618710340011733,0.1697818716701828,-0.2557804383344756,0.9748749998283281,-0.013808555420205555,0.3229198548709311,0.465777239189553,0.2717172484342609,1.1322906785814153,-0.10337489413980931,-0.007122118215394983,-0.9427209765298687,-0.03164994243630221
0.025,-0.0003398975973121201,0.0,0.5388199067322564,0.0,-0.001833566837037334,0.0,0.14211672269747733,0.028965817473074022,0.0,4,Solved,130086,59362,299376,0.07291369829466653,1.8046154848239127e-12,2.461876189019385e-13,0.4029898038312044,-0.629359482470495,0.01682337512839975,-0.40021076054951654,0.6304145429219208,0.008154079224307087,0.19132207603774232,-0.30428003934574144,1.10934398242551,-0.017482031592217003,0.3872589407288243,0.5340842687740266,0.29246820767225745,1.1666191727146644,-0.12041249467919643,0.0048092878408037085,-0.9535418623225963,-0.033662650777366236
0.03,-0.0004895768372976346,0.0,0.5387270393715191,0.0,-0.002624854331080258,0.0,0.16892853994787388,0.035188272414711785,0.0,4,Solved,132560,62248,304966,0.07966207358507398,2.738052840012273e-13,1.0265746586135549e-13,0.4039976544106153,-0.6310183057523452,0.022685022812824533,-0.40030729318153435,0.6325305143967344,0.01100825313449439,0.20824634378295356,-0.3500646662777028,1.2137272199713725,-0.020527476850555924,0.4471903628452244,0.5949781435324226,0.30910872201107464,1.198051362756366,-0.13542552509462574,0.012643912915438005,-0.9673745349992994,-0.034176441261890955
0.035,-0.0006660642763133824,0.0,0.5386156346868411,0.0,-0.0035482386681077644,0.0,0.1950917712473414,0.041267493177666814,0.0,4,Solved,132791,58951,299886,0.0875334807965525,4.5352610555937645e-13,1.660910992073994e-13,0.4050786309512334,-0.6328988791217983,0.028992437866889733,-0.4004165703497158,0.6349339430289783,0.014152632602890972,0.22140104807356656,-0.3935227447437607,1.2929376306347236,-0.022748330388300486,0.503089497363683,0.6512095353923856,0.32241533215502705,1.2269677316003706,-0.14880691735413926,0.017203930391323004,-0.9834621142399884,-0.033513318404812954
0.04,-0.0008693677523333325,0.0,0.5384867995840013,0.0,-0.004600575501435671,0.0,0.2206360297924152,0.04719180877050729,0.0,4,Solved,132390,59653,308393,0.09464026189271073,4.078820614594747e-13,1.1950683498351822e-13,0.40621571521427907,-0.6349900622964356,0.035631756298943024,-0.40053403422098616,0.6376054038403324,0.017569905954969264,0.23137380664399432,-0.43478300298973294,1.3509420435045845,-0.023998621371565793,0.5551837603654146,0.7047357642481772,0.3330074148101097,1.253747149246344,-0.16088844521760823,0.019117183774367365,-1.0012932043631209,-0.03189496312975701
0.045,-0.0010995185256373271,0.0,0.5383416755216113,0.0,-0.005778804500297718,0.0,0.24557103978179876,0.052964737335532364,0.0,4,Solved,130126,59062,301950,0.1011443045255836,1.3616607841271389e-12,3.176486851330651e-13,0.40739430719536696,-0.6372809414907955,0.042506553938358775,-0.40065451404369384,0.6405263586034784,0.021250996288404492,0.2385883567917619,-0.4738527105307886,1.3909140424231041,-0.024172582855552634,0.6036269068856085,0.7570142706639182,0.3413805561853064,1.2787361019700096,-0.1719453176934921,0.0188696510803998,-1.0205117217489075,-0.029478915165261958
0.05,-0.0013565580616332579,0.0,0.5381813677169254,0.0,-0.007079879917330402,0.0,0.2698960750565989,0.058597171186444384,0.0,4,Solved,130807,59643,304495,0.10717828755890502,1.1519743492449663e-12,3.227036693420615e-13,0.408601593030887,-0.6397604769054082,0.04953430642700904,-0.40077240671663583,0.6436789290430376,0.025193119618012697,0.2433630429337402,-0.5106948437737899,1.415376235855291,-0.02319718443576551,0.6485417758273456,0.8091813673788556,0.34793262057618013,1.3022359557656908,-0.18220308885013853,0.016842303288137853,-1.0408603890802055,-0.02638117680367448
0.055,-0.001640531234882016,0.0,0.5380069134033774,0.0,-0.008500736448819499,0.0,0.29360563406082385,0.06410288506118979,0.0,4,Solved,138812,59803,309725,0.11285013307645879,1.930681309270099e-12,4.2622502749445346e-13,0.40982613330904305,-0.6424174165946814,0.05664350681727194,-0.40088182387121307,0.6470458190604316,0.029398514976017722,0.24594689342459344,-0.5452685796679158,1.4263239522194153,-0.021026187941804643,0.6900432113960094,0.8621597791446373,0.3529841409015034,1.3245011720961204,-0.19184522622997993,0.01333701426550395,-1.06214636373483,-0.02269008454202661
0.06,-0.0019514831873119623,0.0,0.5378192715603634,0.0,-0.010038275879115724,0.0,0.31669271584878567,0.06949612341676303,0.0,4,Solved,130987,59232,298123,0.11824713051955393,3.2991040455065956e-12,9.307450643536441e-13,0.4110575875761762,-0.6452403426662203,0.06377134202873419,-0.4009767112792943,0.6506103118816406,0.03387357802191248,0.24654194322935963,-0.5775483675156924,1.4253288470501149,-0.017635061376641555,0.7282488831419364,0.9167232167562619,0.3567940612191472,1.3457419006211697,-0.20102012188324167,0.00859511134588712,-1.0842197034211265,-0.018474973869167556
0.065,-0.0022894581818531565,0.0,0.5376193237630311,0.0,-0.011689365407719051,0.0,0.33915062154518766,0.07479041925188615,0.0,4,Solved,136949,59122,305958,0.12343963251050544,2.72330769046647e-13,1.3660947373317356e-13,0.4122865237047581,-0.6482177737286289,0.07086183161473053,-0.4010509445244026,0.6543562985924468,0.038628237708808494,0.24531722320788546,-0.6075311466593377,1.4136239209424488,-0.013016575026715792,0.7632832373183852,0.973535449011955,0.3595720936135023,1.3661292148494575,-0.20984737526785924,0.002810799655409653,-1.106960340412171,-0.01379154552533684
0.07,-0.0026544994800594152,0.0,0.5374078802224814,0.0,-0.013450842129909315,0.0,0.36097385876226284,0.07999810415204818,0.0,4,Solved,139132,60024,307461,0.12848416476063582,7.993605777301127e-13,2.0095036745715333e-13,0.4135042808955835,-0.651338282377451,0.07786434295723946,-0.40109840411506287,0.6582683138910822,0.043675481980437136,0.24241765634036794,-0.6352372439361842,1.392172385609869,-0.007176958891288907,0.7952776926791952,1.0331745996443418,0.3614883831822631,1.385800554268494,-0.21842308009308087,-0.003858800297602709,-1.1302694652737617,-0.008685380891619892
0.075,-0.003046649688413819,0.0,0.5371856877499229,0.0,-0.015319520373528923,0.0,0.38215852843207887,0.08513018710580242,0.0,4,Solved,138030,59252,305316,0.13342609121447135,4.066200192270118e-13,8.372816329149657e-14,0.41470286732293093,-0.6545906070222162,0.08473241007413777,-0.4011130329573962,0.6623315669062632,0.049030978191117805,0.23796987423940075,-0.660708287523567,1.3617230511790896,-0.00013262692299251667,0.8243691107924582,1.0961489164408447,0.362681246620601,1.4048656473507393,-0.22682435506460127,-0.011286189210196439,-1.1540646565680441,-0.003194153673196657
0.08,-0.0034659512661242816,0.0,0.5369534379381181,0.0,-0.017292199989629133,0.0,0.40270240294409315,0.09019641062848933,0.0,4,Solved,140315,69140,328301,0.13830176378995485,2.538837521845189e-12,8.716083410575948e-13,0.41587488069635076,-0.657963748653065,0.09142279584649002,-0.4010888787832739,0.6665319616659405,0.05471275741139705,0.2320860924215699,-0.6840037984593437,1.3228546353800745,0.008092630420419638,0.8506975037015616,1.16290777770968,0.3632632995504402,1.4234114473091442,-0.23511299844292324,-0.01936763619453024,-1.1782762064639583,0.0026507533425423214
0.085,-0.003912447031200054,0.0,0.5367117747563799,0.0,-0.019365674506650922,0.0,0.42260484450845626,0.09520538200566801,0.0,4,Solved,137771,71155,339691,0.14314025225248525,1.8035711032136647e-12,6.188799472894857e-13,0.4170134444426837,-0.6614470494383393,0.09789474874395848,-0.4010201239550015,0.6708561057839013,0.06074094504965071,0.22486679735021162,-0.7051975235090987,1.2760111403731262,0.01746997243306358,0.8744037045134069,1.2338499156037648,0.36332634034616174,1.4415062044452305,-0.24333842882922493,-0.028018568652427342,-1.2028444170764083,0.008823037942658242
0.09,-0.004386180586240034,0.0,0.5364613012267265,0.0,-0.02153673864285662,0.0,0.4418666542114949,0.1001647262159987,0.0,4,Solved,133822,59443,308873,0.1479648206439544,1.862699510847834e-13,2.5229818234606682e-14,0.41811215498855286,-0.6650302535512979,0.10410941476687591,-0.4009011049726552,0.6752913082852967,0.06713752739089815,0.21640268998244583,-0.7243740138729508,1.221530077445849,0.027967387535766813,0.8956273308146332,1.3093299696105747,0.3629453881805447,1.4592035694047987,-0.2515401950947225,-0.037170005418217855,-1.227718196873809,0.015300658973778067
0.095,-0.004887196630795487,0.0,0.5362025851170857,0.0,-0.023802194938649046,0.0,0.46048988043694067,0.10508123005367165,0.0,4,Solved,133271,59312,305537,0.15279402149356858,6.06457075136078e-13,1.9144408280880043e-14,0.41916503710385233,-0.6687035517638504,0.1100293730073008,-0.4007263235988025,0.6798255680604758,0.0739261479373728,0.2067760958527284,-0.7416255206480946,1.1596649146494478,0.039551235917903056,0.9145050285312796,1.3896640813763295,0.36218182446474273,1.4765451364574667,-0.2597498365390666,-0.04676555323375184,-1.2528532153889944,0.022065030400316432
0.1,-0.0054155411516302,0.0,0.5359361637155802,0.0,-0.02615885943318617,0.0,0.47847763500244733,0.10996097020753016,0.0,4,Solved,132841,59322,336476,0.15764271269738242,6.811002216531386e-13,1.3143652832781072e-13,0.4201665053656613,-0.6724576121683286,0.1156182697121609,-0.4004904513794793,0.6844475550101233,0.08113192932485301,0.19606207433928624,-0.7570494479971901,1.090602991754499,0.052187426886815456,0.9311692031266144,1.4751347016755993,0.3610861077927415,1.4935637037655174,-0.2679926115855501,-0.05675918725051666,-1.278211599792996,0.029100577417652453
0.105,-0.005971261494837541,0.0,0.5356625478000222,0.0,-0.028603566408251683,0.0,0.4958338997466225,0.1148094164441639,0.0,4,Solved,133613,60344,303083,0.16252266352750713,1.1465273175303992e-12,3.3888863937292513e-13,0.4211113302679276,-0.6762835990612764,0.12084053063359744,-0.4001883288939806,0.6891465854701351,0.08878131799591268,0.184329232599683,-0.7707461048830858,1.014479709880047,0.06584239492869393,0.9457469523516809,1.5659949739814831,0.35969973707081204,1.5102841528645197,-0.2762885279967621,-0.06711308605488872,-1.3037597621687649,0.03639399985836768
0.11,-0.0065544063293108065,0.0,0.5353822249277559,0.0,-0.031133172274225906,0.0,0.512563380015626,0.11963151970793237,0.0,4,Solved,134604,59543,301319,0.16744330122873477,1.4755751610106572e-12,1.8439416660243069e-13,0.4219946081601199,-0.6801731825258378,0.12566113587183908,-0.3998149611416128,0.6939125939957949,0.09690194877031306,0.17164046067522412,-0.7828170980526598,0.9313899310160519,0.0804837430655649,0.9583595516170106,1.6624724424542847,0.3580571242797812,1.526726304246134,-0.2846536120888491,-0.07779635716780897,-1.3294691576301252,0.0439341258593066
0.115,-0.0071650255137413205,0.0,0.53509566215549,0.0,-0.03374455872083863,0.0,0.5286713444271609,0.12443177654785378,0.0,4,Solved,135606,59442,306318,0.17241206262931277,4.318804851017861e-13,8.028082122087869e-14,0.4228117341806699,-0.6841185402661395,0.13004544428976855,-0.399365509883,0.6987361024898793,0.10552252740812845,0.158053440619238,-0.7933638154288776,0.8413969260736721,0.09608083169745577,0.9691219051679884,1.7647725748246097,0.3561868677069482,1.5429051857524931,-0.2931005064698317,-0.08878349617737678,-1.3553143281434668,0.05171131095205918
0.12,-0.007803169876791278,0.0,0.5348033083134542,0.0,-0.036434635156043484,0.0,0.5441635069623635,0.12921428292807777,0.0,4,Solved,130547,60705,307110,0.17743484207385612,2.33047608988457e-12,1.718278297424547e-13,0.4235583777146606,-0.6881123534494735,0.1339590573736372,-0.3988352838177631,0.7036081879329098,0.11467272903205337,0.14362114811053867,-0.8024864332247335,0.7445395757478722,0.11260511284496691,0.9781424339346236,1.873081696410026,0.35411294067428484,1.5588326369812053,-0.3016392315255554,-0.10005348238362444,-1.3812731074263307,0.05971725879416458
0.125,-0.008468890922594138,0.0,0.5345055958972577,0.0,-0.039200340603300465,0.0,0.5590459160165212,0.13398277406113204,0.0,4,Solved,136057,60194,302812,0.1825162846322684,6.169673752102975e-13,3.282096816548119e-14,0.42423045999171444,-0.6921477979547556,0.1373677144759653,-0.3982197272389349,0.7085204495696638,0.12438311045722783,0.128392231193354,-0.810283041371586,0.6408380453328525,0.13003041729648704,0.985522963346022,1.9875696677610784,0.3518556091175412,1.5745179867577155,-0.31027768387485627,-0.11158887881871851,-1.407325892728601,0.06794472259013383
0.13,-0.009162240469384563,0.0,0.5342029426663836,0.0,-0.04203864507389242,0.0,0.5733248567281135,0.13874065492175758,0.0,4,Solved,137931,59483,311108,0.18765999135588032,2.9008184743162246e-12,4.2270353883822054e-13,0.42482413346133097,-0.6962185319990125,0.1402372128197581,-0.39751440759254375,0.7134649760029708,0.13468503488243158,0.1124113498031548,-0.8168490143852608,0.5302982667541886,0.14833313113566549,0.9913587602463669,2.1083922177610863,0.3494320999959657,1.589968398534976,-0.31902198530499654,-0.12337514932181945,-1.4334552917916235,0.07638726463596252
0.135,-0.009883270229148183,0.0,0.5338957529966651,0.0,-0.04494655050642854,0.0,0.587006771922209,0.14349102418564239,0.0,4,Solved,137850,60174,306489,0.19286881579198742,3.03924246880527e-12,5.329833796530181e-13,0.42533576276656876,-0.7003186811875547,0.14253334722468794,-0.3967150023676565,0.7184343127274466,0.14561060724031114,0.09571948136642178,-0.8222765675003468,0.41291553315882285,0.1674923031142874,0.9957386505962553,2.2356929406259556,0.3468573608779768,1.6051902651146177,-0.3278769868463786,-0.1354001199064105,-1.4596460577143486,0.08503914865908968
0.14,-0.010632031334591122,0.0,0.5335844190404513,0.0,-0.04792109130612026,0.0,0.6000981773097508,0.14823669003137305,0.0,4,Solved,131729,59342,301910,0.19814491053061062,2.757866080865099e-12,1.0304257447302234e-14,0.4257619069809167,-0.7044428214107669,0.1442218651618944,-0.3958172854760998,0.7234214300981561,0.1571926190447968,0.07835413856883562,-0.8266543327157003,0.28867721977435123,0.1874897446889726,0.9987450820380597,2.369605129159037,0.3441443838934153,1.6201886675389137,-0.33684634790203805,-0.14765345614956282,-1.485884368604817,0.09389507427248066
0.145,-0.011408573818285436,0.0,0.5332693217335577,0.0,-0.05095933451187997,0.0,0.6126055999158211,0.15298018415039896,0.0,4,Solved,129094,63240,300458,0.2034898975070384,1.8835974446851367e-12,1.0022538354803601e-13,0.42609930303055044,-0.708585960350432,0.14526843391845798,-0.39481711340257986,0.7284196920533318,0.16946450135147426,0.06034961804288059,-0.8300671738941724,0.15756501158320843,0.20831004132884204,1.0004543306189333,2.510253257432355,0.34130463385017307,1.6349680296798377,-0.34593282576196527,-0.1601263736497036,-1.512158021693905,0.10295012610553449
0.15,-0.012212946049164059,0.0,0.5329508316623691,0.0,-0.05405837967246145,0.0,0.6245355168249903,0.15772377148447142,0.0,4,Solved,130577,59542,305346,0.20890496551412782,2.1685800420826453e-12,2.761679773755077e-14,0.426344850191126,-0.7127435180940952,0.14563861725087315,-0.39371041126581247,0.7334228256735462,0.18246028476270645,0.041737192646913744,-0.8325960108591205,0.019556586002121085,0.22994057504881107,1.0009366406000977,2.657754340987065,0.33834841487924394,1.6495324417592716,-0.3551384413740173,-0.17281120336536385,-1.5384556575836037,0.11219958078491499
0.155,-0.013045194129373942,0.0,0.5326293098193585,0.0,-0.05721535843393063,0.0,0.635894302501915,0.16246945818198968,0.0,4,Solved,130827,59242,297452,0.21439100880224446,1.714010877673644e-12,1.9480250745829153e-13,0.4264955955188198,-0.7169113071854819,0.14529785925010702,-0.39249315891191733,0.7384248916224483,0.19621456556523642,0.022545294889315684,-0.8343177475843754,-0.12537310166337223,0.25237150007656023,1.000256421980582,2.812219074210009,0.33528509845146515,1.6638862651647899,-0.36446471496381555,-0.18570146269359303,-1.5647680369388057,0.12163902705515947
0.16,-0.013905361254066042,0.0,0.5323051082767916,0.0,-0.06042743382276535,0.0,0.6466881572732428,0.16721899399440704,0.0,4,Solved,130216,58801,295068,0.21994852193490463,1.0035368369631925e-11,3.901046152776644e-13,0.426548719966267,-0.721085511975927,0.1442114735707116,-0.3911613768749942,0.7434202549452431,0.2107624775488381,0.0027996222648120185,-0.8353050850958235,-0.2772508841648917,0.2755958019515605,0.9984722407987308,2.9737529677691414,0.3321232424162893,1.6780329200160515,-0.37391248728933785,-0.19879111720357118,-1.591085341593397,0.1312638885407143
0.165,-0.014793487036825877,0.0,0.53197857077907,0.0,-0.06369179927757528,0.0,0.6569230835782388,0.1719738806337897,0.0,4,Solved,132370,58871,306008,0.22557787699494086,1.0483530068146067e-12,2.260761022832014e-13,0.42650152538541347,-0.7252626682244785,0.14234463687036025,-0.38971111262455865,0.7484035570054642,0.22613966829506044,-0.017476637341564863,-0.8356267279856936,-0.43610460009066243,0.2996091659579742,0.9956371982446275,3.14245707936371,0.32887090799008967,1.6919769040064383,-0.38348239089139946,-0.21207504242457834,-1.6174000030632725,0.14106982913090665
0.17,-0.01570960680322967,0.0,0.5316500332517303,0.0,-0.0670056774716727,0.0,0.6666048128454355,0.17673537097124364,0.0,4,Solved,128883,60184,304165,0.23127916482751884,1.54060925732693e-12,3.4494629375103614e-13,0.42635142209432836,-0.7294396424769891,0.13966238503943673,-0.38813842678997407,0.7533696877672912,0.24238227987469613,-0.038262767849640576,-0.835347172870241,-0.6019626827407686,0.32441006912141135,0.991798799599159,3.318428998990205,0.3255356197450414,1.7057221813861292,-0.39317458020678203,-0.22554842907453013,-1.6437043709919754,0.15105233022217351
0.17500000000000002,-0.016653750852662498,0.0,0.5313198242745236,0.0,-0.07036631882341728,0.0,0.6757387693625823,0.18150447308789006,0.0,4,Solved,131278,58901,296250,0.2370523291254077,8.133008155830623e-12,2.969222090420942e-13,0.4260959170248919,-0.7336136115404989,0.13612961139165547,-0.38643937946743373,0.7583137585683408,0.25952693339394806,-0.05954035705644106,-0.8345268796269696,-0.7748537801246436,0.3499996942247432,0.9869991996213944,3.5017634743880004,0.32212455895375586,1.7192731406368478,-0.4029889595131931,-0.2392069195222418,-1.669991758326235,0.1612068285222131
0.18,-0.017625943691208092,0.0,0.5309882654803616,0.0,-0.07377099982438597,0.0,0.68433002039317,0.18628195160838756,0.0,4,Solved,135306,59252,299876,0.2428972189768681,7.941911017717018e-13,3.5100394812914715e-13,0.42573260245179484,-0.7377820422901077,0.13171106608542546,-0.3846100166683735,0.7632310754399789,0.27761071690805744,-0.08129321459236893,-0.8332222681704757,-0.9548065966526333,0.3763819387114709,0.9812752239056077,3.6925531180940867,0.31864469387885247,1.7326349504630685,-0.41292527226067577,-0.25304651563361946,-1.696256357605165,0.17152867747308792
0.185,-0.018626203235378575,0.0,0.5306556719238589,0.0,-0.07721702107652532,0.0,0.6923832163555332,0.19106832724336442,0.0,4,Solved,134635,59633,300848,0.24881347958759947,1.3647994535322824e-12,3.833322548274509e-13,0.42525914505563145,-0.7419426714011771,0.12637135590747153,-0.38264635668963887,0.768117112416572,0.2966711767453237,-0.10350731493730164,-0.83148569583086,-1.141849877218749,0.40356343507965375,0.9746583503213614,3.8908890732800114,0.3151026664469161,1.745812394790359,-0.42298291529891907,-0.2670634114493399,-1.7224926155370113,0.18201299269712537
0.19,-0.019654539987984464,0.0,0.5303223524091437,0.0,-0.0807017050797673,0.0,0.6999025517094916,0.1958638791363204,0.0,4,Solved,130967,59272,297412,0.2548006774171454,9.543740797646194e-12,4.965403088696974e-13,0.42467327546739503,-0.7460934854922062,0.12007494414589855,-0.3805443765658707,0.7729674851510936,0.31674631170900047,-0.12617067594516407,-0.8293656074987211,-1.336012387944003,0.43155351032022937,0.9671748229887471,4.096861530067402,0.3115049991997299,1.758810960479813,-0.4331611516091472,-0.28125403101523494,-1.7486956605881394,0.19265471787598354
0.195,-0.020710956186899627,0.0,0.5299886097676725,0.0,-0.08422239379925177,0.0,0.7068917104362743,0.2006686449902324,0.0,4,Solved,134554,60114,302581,0.2608583186879535,1.6165888072627865e-12,6.314532230433656e-13,0.42397277819194235,-0.7502327015714041,0.11278615001241833,-0.3782999985293959,0.7777779246250666,0.3378745700626737,-0.1492733125416383,-0.8269065381019614,-1.5373230785669556,0.46036421017910895,0.9588456079499076,4.310560309433094,0.3078581253545039,1.7716369517329063,-0.44345914176952095,-0.295615065049784,-1.7748615804943195,0.20344862947313627
0.2,-0.02179544492633193,0.0,0.5296547411207133,0.0,-0.08777644591852495,0.0,0.7133538002142173,0.2054824197819961,0.0,4,Solved,135777,59562,301440,0.26698571539553084,1.406222360778031e-12,5.51392265180084e-13,0.42315548170513434,-0.7543587473933084,0.10446914705080694,-0.37590907627147635,0.7825442504394158,0.3600948494073204,-0.17280720984686623,-0.8241490806104949,-1.7458113119947976,0.49001034887169026,0.9496862836699699,4.532075438635847,0.3041682566412296,1.7842962160494125,-0.4538757161724024,-0.31014319881817975,-1.8009862787362372,0.2143891207740417
0.20500000000000002,-0.022907989251439217,0.0,0.529321038109388,0.0,-0.0913612338285941,0.0,0.7192913141130325,0.21030475828668113,0.0,4,Solved,128874,59222,296219,0.273182126176863,9.823933333485968e-12,6.26110274737357e-13,0.4222192489301703,-0.7584702423035339,0.09508796050332607,-0.3733673812173702,0.7872623441447376,0.38344649893671784,-0.1967662153870553,-0.821130068761614,-1.9615070589481807,0.5205094723918103,0.9397071252526501,4.7614975603585385,0.3004415599664151,1.7967954400687323,-0.46440961450066703,-0.3248353345053191,-1.8270665515464595,0.22547035548716954
0.21,-0.02404856122677314,0.0,0.5289877870804743,0.0,-0.09497414038067684,0.0,0.7247060670787892,0.2151349744627497,0.0,4,Solved,131849,58941,298314,0.27944673870412967,1.1904852104116515e-12,4.354294702579864e-13,0.4211619679539549,-0.7625659783122958,0.08460646323324264,-0.37067058866695524,0.7919281222437644,0.40796932412611403,-0.2211460301368954,-0.8178825328313456,-2.184441249069423,0.5518819267400659,0.9289129408063989,4.998918471718285,0.29668414556271494,1.8091420152468345,-0.47505945579702047,-0.33968857694561444,-1.8531000327858935,0.2366862208165253
0.215,-0.025217120977238872,0.0,0.5286552692700467,0.0,-0.0986125552815085,0.0,0.729599124617779,0.21997214024731024,0.0,4,Solved,128363,74501,324793,0.2833665487772277,1.3234101314818503e-12,4.817535259604711e-13,0.4199815427953819,-0.7666449009851168,0.07298836980835144,-0.3678142635965644,0.7965375083503634,0.4337035940034589,-0.24594419731907105,-0.8144356678704708,-2.4146461501021066,0.5841509254883477,0.9173028990465537,5.244431625893057,0.28816016148537804,1.8172819269379836,-0.48172313292128716,-0.3590828079067936,-1.881376053036353,0.24875037862072702
0.22,-0.026413625911399886,0.0,0.5283237746598698,0.0,-0.1022740278024547,0.0,0.7340331835708925,0.22481484210419458,0.0,4,Solved,129584,59603,304395,0.2816415455297403,1.7074917868509232e-12,6.309119893188608e-13,0.4186773127660871,-0.7707039966318578,0.06021895216349254,-0.3647933327030084,0.8010861472985464,0.46069063190839377,-0.27068750942688824,-0.8101261268997219,-2.6449810701660796,0.6175124680591071,0.9047859982497217,5.4983227316575904,0.2684325457005,1.815690362246307,-0.4787906274005585,-0.38896592519778095,-1.9149757499547952,0.26262235828877845
0.225,-0.0276380589044341,0.0,0.5279936361189987,0.0,-0.10595670555680292,0.0,0.7381694557796363,0.22966181082101997,0.0,4,Solved,130857,59302,297662,0.2797991099316513,1.346100314547627e-12,5.197925423416905e-13,0.4172528648275854,-0.7747342716772033,0.04634742218413507,-0.3616010654644326,0.8055688811335432,0.488973836145104,-0.2942799482618715,-0.8034146796839334,-2.8589790014124645,0.652386628476551,0.8911571463272225,5.761089750043091,0.24836883350783992,1.8136395100472975,-0.47565848688380724,-0.41928650348644214,-1.9485993361959697,0.2766157795453885
0.23,-0.028890424412669466,0.0,0.5276652106750841,0.0,-0.10965927716683585,0.0,0.7420432002077209,0.234513470000498,0.0,4,Solved,133352,58991,299476,0.27783775198956523,1.1886476272270907e-12,1.1002310174035301e-13,0.41571382165262133,-0.7787243123211671,0.03145215637914736,-0.3582298883222367,0.8099801891569801,0.5185974991485884,-0.31676436573153666,-0.7944977164823234,-3.057731463285838,0.6887775006089556,0.8764290119163958,6.032709993314751,0.2278799044293257,1.8110581386641156,-0.4723241783822609,-0.4501314912671115,-1.9823058671929197,0.2907482349398962
0.23500000000000001,-0.03017071289724762,0.0,0.5273388268169702,0.0,-0.11338042934706877,0.0,0.7456542264790204,0.23937006755287102,0.0,4,Solved,130857,59913,313793,0.27575647470659387,1.4502474182076675e-12,8.409939411535561e-14,0.414065612362799,-0.7826636541145607,0.015606254538047747,-0.3546721891098736,0.8143146021923262,0.5496059595842323,-0.33817686871718805,-0.7835610438388209,-3.2422691889594493,0.7266954392495105,0.8606098325326876,6.313212140537815,0.20688453819351907,1.8078860336219071,-0.46878600700120954,-0.48158005330070913,-2.0161537941240666,0.30503250550975053
0.24,-0.03147890125017518,0.0,0.527014788307456,0.0,-0.11711884803297459,0.0,0.7490023413080962,0.24423145939035726,0.0,4,Solved,133993,59081,300457,0.2735545437642035,1.8497425813279733e-12,2.7190749651850865e-13,0.41231350065792977,-0.78654272911356,-0.0011221435394568832,-0.3509202812617764,0.8185666659346577,0.5820438028013128,-0.3585486351055417,-0.770779760809403,-3.4135585418240533,0.7661584441414845,0.843698790394458,6.602658366360648,0.18530843445501757,1.8040672898650854,-0.465042724399146,-0.5137042708188405,-2.0501952405564934,0.3194777750326244
0.245,-0.0328149530580152,0.0,0.5266933772039487,0.0,-0.12087321709934432,0.0,0.752086945701622,0.2490971815968309,0.0,4,Solved,135836,58661,301139,0.2712314622499761,7.948541130842202e-12,3.3478775307571595e-13,0.4104626071582927,-0.7903528144780853,-0.018669539599454582,-0.34696636501760764,0.8227308900176283,0.615955998071722,-0.37790665521958494,-0.7563189116629518,-3.5725029298447324,0.8071922938414892,0.8256842513508352,6.901134734043035,0.16308290046424898,1.799550525394536,-0.46109348582495935,-0.5465710087188531,-2.0844790737935006,0.3340906983348648
0.25,-0.034178818690150777,0.0,0.5263748561688729,0.0,-0.1246422154583559,0.0,0.7549067545223224,0.2539664973651724,0.0,4,Solved,137129,59141,302431,0.26878676462743456,7.313307933575661e-13,1.6278645098566358e-13,0.40851792835632966,-0.794085982575104,-0.036976769959563935,-0.3428024882969358,0.8268016899647685,0.651388000525491,-0.39627437584753866,-0.7403335962760598,-3.7199455138591424,0.8498305922554267,0.8065425213013406,7.208745613859632,0.1401438921003091,1.7942872742321092,-0.45693749986663873,-0.5802423879600773,-2.119049762835391,0.3488756381245889
0.255,-0.03557043524170645,0.0,0.5260594702951952,0.0,-0.12842451310626335,0.0,0.7574596370922536,0.25883843087640535,0.0,4,Solved,133302,58661,297913,0.2662199752877001,1.5211512605084465e-12,1.486033518460772e-13,0.40648435307921443,-0.7977350521850691,-0.05598871341890775,-0.3384205080637716,0.8307733252728019,0.6883858314484804,-0.413672104238319,-0.722969281797771,-3.8566722875944706,0.8941145931183788,0.786237345665903,7.525610071713222,0.11643136081943384,1.7882316954278576,-0.45257395798909017,-0.6147765275714295,-2.1539482563687034,0.3638350253842499
0.26,-0.036989726354898236,0.0,0.5257474485392475,0.0,-0.13221876657867876,0.0,0.7597425160311688,0.26371179094659597,0.0,4,Solved,130236,61767,303203,0.26353072712772163,2.1696464069798083e-12,9.611755835692293e-14,0.40436667722168745,-0.8012935412472055,-0.07565401492497881,-0.33381205256691043,0.8346398355680923,0.7269961443927255,-0.43011731760000793,-0.7043621138883416,-3.9834152431132965,0.9400930342860533,0.7647195777822495,7.851859482694594,0.09188882827744776,1.7813416636426909,-0.44800223611712675,-0.6502287207875241,-2.189215085326849,0.37896989281362964
0.265,-0.03843660193503216,0.0,0.5254390049149705,0.0,-0.13602361388474063,0.0,0.7617512521981473,0.2685851827811979,0.0,4,Solved,129655,65875,301569,0.2607185619808447,1.2890521983166536e-12,2.3551993688641915e-13,0.4021696167968345,-0.8047556203205251,-0.09592482508602802,-0.3289684838364181,0.8383949742183573,0.7672662820292024,-0.44562501901789153,-0.6846389493473024,-4.1008555278735095,0.9878221659018294,0.7419265410786193,8.187636000495703,0.06646295647938577,1.7735769241845851,-0.443221555367436,-0.6866510961109156,-2.224887855424815,0.39427962745665235
0.27,-0.03991095777214187,0.0,0.5251343395385306,0.0,-0.13983766899471173,0.0,0.7634805869117729,0.2734570188020798,0.0,4,Solved,129364,59272,295248,0.2577829605329825,1.3784529073745944e-12,2.139816102086911e-13,0.39989781988289513,-0.8081160675624461,-0.116756554896257,-0.3238808605061849,0.8420321400016203,0.8092443256217838,-0.4602078697786828,-0.6639178384823997,-4.2096264053993435,1.0373656285390578,0.7177817908605592,8.533091090673137,0.04010327678776082,1.7648993001843518,-0.43823103290607024,-0.7240930988787171,-2.2610022359471604,0.4097621534220412
0.275,-0.04141267507711738,0.0,0.5248336395051997,0.0,-0.14365951610699798,0.0,0.7649240960792212,0.2783255255897627,0.0,4,Solved,133732,59022,297341,0.25472337745687007,3.8549961833833635e-12,2.5715540807880188e-14,0.39755587797582187,-0.8113702260082488,-0.13810764491349894,-0.318539900927195,0.8455443069980185,0.8529791376867685,-0.4738763008351717,-0.642308468778268,-4.310316096570634,1.0887944375674368,0.6921946772651982,8.88838422101533,0.012761950835574284,1.755272902320421,-0.4330297416766791,-0.762602015773437,-2.2975932395814262,0.4254141084236168
0.28,-0.04294161993638956,0.0,0.5245370796707356,0.0,-0.14748770365899597,0.0,0.766074134643393,0.2831887458991615,0.0,4,Solved,129585,58480,297642,0.2595475126951567,2.0179413695586845e-12,2.4705237855471296e-13,0.39514833679123723,-0.8145139628565637,-0.15993934824313885,-0.31293594602068736,0.8489239515568653,0.8985203981732478,-0.4866386236213268,-0.6199125359613433,-4.403470486890809,1.1421870792674176,0.6650596606691596,9.253681562412346,-0.015606472883837985,1.7446633283532431,-0.42761658697031746,-0.8022229703533125,-2.334694613500984,0.4412307715817664
0.28500000000000003,-0.04449764268612497,0.0,0.5242448233702802,0.0,-0.15132073810554708,0.0,0.7669218014215704,0.28804453908309596,0.0,4,Solved,130096,59602,304475,0.2689447718025549,2.1671553440683056e-12,2.869093851387561e-13,0.39267970676559466,-0.8175436310905914,-0.18221552654046622,-0.30705892169791543,0.8521629758717232,0.9459186334106341,-0.4985010579469927,-0.5968242733005964,-4.489595661415603,1.1976295912925246,0.6362556340034133,9.629154430144302,-0.045045171212513946,1.7330378929698607,-0.4219903553639157,-0.8429991248754193,-2.372339029854481,0.4572061120643433
0.29,-0.04608057720493695,0.0,0.5239570230693502,0.0,-0.15515707755306785,0.0,0.7674569109670863,0.29289057889201,0.0,4,Solved,130036,59192,295869,0.2784311021576946,1.0942358130705543e-12,3.3689717682250375e-13,0.39015447344384013,-0.8204560337101884,-0.20490245833945875,-0.30089830073482565,0.8552526276713723,0.9952252364807802,-0.5094677521799739,-0.5731309684800091,-4.569160324175267,1.2552156895036453,0.605645078935445,10.014977450792287,-0.07559528397618942,1.7203652964962934,-0.41614968627250504,-0.8849720078094785,-2.4105588375516196,0.4733328736680808
0.295,-0.04769024012123533,0.0,0.5236738209689504,0.0,-0.15899512526825096,0.0,0.7676679712747089,0.29772434801330994,0.0,4,Solved,133622,61747,302932,0.28189059823831575,9.349118701429404e-13,1.7967571874777377e-13,0.38757710778220705,-0.8232483905201462,-0.22796865900799573,-0.29444306385625413,0.8581834151330053,1.0464924773244264,-0.5195407997588917,-0.5489134696826881,-4.64259806149641,1.315046944659065,0.573073037039588,10.411326348238521,-0.095705238580463,1.7128568296203406,-0.41201712426678094,-0.9155973713882598,-2.438293758801796,0.47921401700513677
0.3,-0.04932641718266028,0.0,0.523395319510197,0.0,-0.16283400978827262,0.0,0.7678568186295307,0.3025285478070094,0.0,4,Solved,136598,60224,308202,0.2817685213987439,1.4319851603437395e-12,1.1148026946017353e-13,0.38495042306246563,-0.8259190229798448,-0.25138736229124775,-0.2876861459478491,0.8609445621299123,1.099726229071981,-0.5292713921772944,-0.5244834501053579,-4.711179882083088,1.3757422125190912,0.5382332189069893,10.802737141887228,-0.11000434328985692,1.7080841335685168,-0.4088420387252456,-0.9399319612092469,-2.459991015189985,0.4790064863778647
0.305,-0.05098885075889158,0.0,0.5231215491515482,0.0,-0.16667444652414448,0.0,0.7682780966568484,0.3072875899834217,0.0,4,Solved,129604,59873,296861,0.2816126380860308,1.3327811343155832e-12,1.120215031846783e-13,0.3822751102487494,-0.8284674335872773,-0.2751367557002572,-0.28062555375104453,0.8635244424735158,1.1548765002650907,-0.5389996816224785,-0.5000270914237717,-4.775717831125398,1.4365285717439034,0.501038032733543,11.180835846340225,-0.1251623683232383,1.702514116344009,-0.4055316590021393,-0.9652479948358735,-2.4820793629305133,0.4787414847462524
0.31,-0.052677256831393675,0.0,0.5228525057968854,0.0,-0.17051780566856115,0.0,0.7689703964440177,0.31199578126887184,0.0,4,SolvedWithSlack,143701,62218,311618,0.37002720485584745,1.3286598774155052e-12,8.651412919391532e-14,0.3795511165775556,-0.8308935766091354,-0.2991973863958717,-0.2732605003864849,0.8659114281920616,1.211880175283828,-0.5487468877207489,-0.47557200407916506,-4.836465609348971,1.4975158792748877,0.4615341701046425,11.546754227650602,-1.079139284634613,1.1896441445643073,-0.2514700742847498,-1.92950761178692,-2.9854369358473574,0.6290462482549406
0.315,-0.05439147300323543,0.0,0.5225882620862096,0.0,-0.1743636610645089,0.0,0.7692151203577813,0.3167255375162822,0.0,4,Solved,128433,66205,300688,0.2812886714108876,1.135477308753505e-12,1.0658141036401503e-13,0.37679228222802474,-0.8331790185734935,-0.3233797856361831,-0.26558234936997577,0.8680997822568787,1.2708108759143648,-0.553771468123527,-0.4451261573587759,-4.837381190945305,1.5613545839646576,0.42139449642230625,11.944464291016963,-0.15849996877372707,1.6885299733024182,-0.3984055567770326,-1.0191820699630307,-2.527593179298008,0.4781907413985089
0.32,-0.056131287597040586,0.0,0.5223288760489913,0.0,-0.17821221575616258,0.0,0.7701952638679215,0.32135010743091125,0.0,4,SolvedWithSlack,145375,59292,310988,0.3491096097729675,5.9614535530272406e-12,1.9053786326495015e-12,0.37399590219224377,-0.8353342009429721,-0.3477438135602426,-0.2575893773880892,0.8700706379643922,1.331552535562205,-0.5630984782021972,-0.4217983253341421,-4.896338242027828,1.6235950075608405,0.3760025294819057,12.284264646233977,-1.184069733892535,1.1186255366964983,-0.19305318885555495,-2.0456245235460933,-3.034280921628682,0.5934863366140447
0.325,-0.057896384217763074,0.0,0.5220742813573513,0.0,-0.18207170614322724,0.0,0.7733472160876096,0.3258984394301477,0.0,4,Solved,128353,61647,297422,0.28070716733207024,1.0849313853599647e-12,8.129608097817709e-14,0.3711755190045908,-0.8373318304337338,-0.3719605359813797,-0.24929636579984796,0.8718116180566605,1.3938591192624528,-0.5648014540325322,-0.38509926785657705,-4.809583380520581,1.6822869360452488,0.32942494244403936,12.579027165527787,-0.19484190108662347,1.6715964038079494,-0.39094491195687414,-1.0766098118034337,-2.574068148031263,0.4772021844645194
0.33,-0.05968655777153712,0.0,0.5218244442617991,0.0,-0.18594529890024797,0.0,0.7753793349311358,0.3303908198417161,0.0,4,SolvedWithSlack,140556,59392,309685,0.3534518549599478,1.0593886878851322e-12,1.147137940193943e-13,0.3683227636530435,-0.8391914791326182,-0.3961947485300756,-0.2406950121441081,0.873309420601432,1.4577222381564252,-0.5745668235096103,-0.36325116537954794,-4.871492184993457,1.7457862340061245,0.2796524476930211,12.90204694917708,-1.3014243940253791,1.0555324785861415,-0.1689839110947283,-2.1833775128317243,-3.1158779370785012,0.6008681534319112
0.335,-0.06150135516257935,0.0,0.5215792036979477,0.0,-0.18983246331765444,0.0,0.7791433347484853,0.33481645479614974,0.0,4,Solved,135015,65163,324763,0.280061371581747,1.0853123955101296e-12,1.1129985821867194e-13,0.3654455104108588,-0.8408970283317762,-0.42025834055446465,-0.23178970254745823,0.8745572305110849,1.5230553461768717,-0.5761301882005998,-0.32674556757914486,-4.775136743724764,1.8049637410430652,0.22925306108479815,13.176238858297113,-0.234588382935889,1.6515114272472047,-0.38321577558874187,-1.1378801459715748,-2.62192200252463,0.4761043316889699
0.34,-0.06334055217875106,0.0,0.5213385157619876,0.0,-0.19373658477506683,0.0,0.7816646700167095,0.3391778711355306,0.0,4,Solved,129635,60043,305216,0.27973988146147427,1.0370732050901665e-12,1.1840528557627295e-13,0.3625341088589634,-0.8424687460920912,-0.4443303745216649,-0.222570776187736,0.8755416708680855,1.589862168915129,-0.5865820084042019,-0.3061366172313742,-4.840296923893559,1.8698881785986456,0.17530298718585682,13.485367046534543,-0.25587365082217506,1.6401988171753483,-0.3792493337082179,-1.170065199347594,-2.6465188384113048,0.47555779848450624
0.34500000000000003,-0.06520339057529881,0.0,0.5211021052042368,0.0,-0.19765183231427919,0.0,0.7840125912240331,0.3434531181991808,0.0,4,Solved,132300,60033,305197,0.2793810537084323,1.0664247263036941e-12,1.0033640585049852e-13,0.35956831094481656,-0.8439356046731,-0.4687132827927801,-0.2130266086508808,0.8762522120734466,1.6581992600842637,-0.5977083370205786,-0.2849493719880251,-4.900613599716544,1.935083299922518,0.11988260436172217,13.789241066348332,-0.2779140594018388,1.6282119128405421,-0.37514476693553817,-1.2031226231135213,-2.671397862735799,0.4749477913043349
0.35000000000000003,-0.06708943558511228,0.0,0.5208698991622625,0.0,-0.20157968157070844,0.0,0.786645200846606,0.3476414103151988,0.0,4,Solved,149773,64602,330594,0.27897853361800656,1.0718648191243574e-12,9.145462165349727e-14,0.35654546935471926,-0.8452953353024915,-0.49338526666974997,-0.20315482580726696,0.8766799635003818,1.728037297190423,-0.6092870557216048,-0.26338264125922783,-4.956838340991646,2.0008685570613025,0.06250477593122616,14.086930418984434,-0.3006383874276881,1.615585768244526,-0.37093025341286845,-1.23700079512713,-2.6964984559234666,0.47426350715061116
0.355,-0.06899824691890144,0.0,0.5206418401405565,0.0,-0.2055215062632302,0.0,0.7895473792821275,0.35174023712878466,0.0,4,Solved,128633,59403,301129,0.27852492028418185,1.0056400157054668e-12,6.619704784327496e-14,0.353463687666866,-0.8465465015737649,-0.5183274349233791,-0.192951868849512,0.8768141220102825,1.7993437728535562,-0.6212075272391562,-0.2415828926697654,-5.009465578219324,2.0674347785660343,0.0028471218141000038,14.37794440405769,-0.3240288749707301,1.6023190262801803,-0.3666093145717755,-1.2716776512360548,-2.72178896419866,0.4734923644831091
0.36,-0.0709293707035011,0.0,0.5204178763548594,0.0,-0.20947863840669612,0.0,0.7927151393529268,0.35574573273005744,0.0,4,Solved,135435,59933,301029,0.27801417483007834,9.94260229703059e-13,7.329553630697205e-14,0.35032141079004303,-0.8476882607209006,-0.5435228670589791,-0.18241346263592287,0.8766425987580905,1.8720842680494356,-0.6334251167746114,-0.21965229020608387,-5.0588355607268465,2.1348983177509155,-0.059310310033406706,14.6619481749838,-0.34807098710330614,1.5884150390561067,-0.36218489938668136,-1.3071375566446313,-2.7472458289809034,0.47262409721113313
0.365,-0.07288233471441023,0.0,0.5201979560886258,0.0,-0.2134524155411074,0.0,0.7961526146673282,0.359653084661524,0.0,2,Solved,143652,120397,375689,0.2774406586521272,1.1304290836733344e-12,9.07121600057792e-14,0.34711717976343365,-0.8487201795621112,-0.5689560664516807,-0.17153489868227617,0.8761524070550605,1.9462227922134394,-0.6459349476667212,-0.19766090306066736,-5.105202531285498,2.203328686197815,-0.1241242048195478,14.938628389675001,-0.37275101775311004,1.573879442932681,-0.35765960389986734,-1.3433673258673475,-2.7728483507553805,0.47164911970861617
0.37,-0.0748579916198423,0.0,0.52004532150974,0.0,-0.21808040911487928,0.0,1.0338729367844337,0.3502346646940128,0.0,6,SolvedWithSlack,156695,100149,376090,0.3735564137416196,8.67037569236006e-13,7.494005416219807e-14,0.34219962381855673,-0.8486262156553326,-0.5937298720179822,-0.16304516653792145,0.8766464535173625,2.0032236415324514,-1.085245880163731,0.08375412165091814,-4.919563046510111,1.564929412777842,-0.028097370327670707,10.088640775274223,-1.7527793425684663,0.7629052882161211,-0.08697457972532562,-2.707949228885941,-3.343573196368937,0.6350459033607533
0.375,-0.07684521319509978,0.0,0.5199152555322389,0.0,-0.2232035086676884,0.0,1.0732223515121608,0.3506983049910117,0.0,6,SolvedWithSlack,148531,94438,375820,0.40566338518493067,8.031044589994509e-13,9.37860900052101e-14,0.33656074776255146,-0.8480654565440934,-0.6178781006109235,-0.15551077228970192,0.8748364727822829,2.04920955759594,-1.264331280794897,0.2240015987706343,-4.689383174149386,1.3254240574855425,-0.2275679356535385,7.642692940190858,-1.7701721232646395,0.7813258614044799,-0.12632471474410104,-2.7510129581050675,-3.4015116428658962,0.6896277548143821
0.38,-0.07885064398158266,0.0,0.5198230893432177,0.0,-0.2288739622642671,0.0,1.1319395677040753,0.35065616827930796,0.0,4,Solved,132501,109467,372774,0.2723653273736849,1.1899370377932428e-12,7.993605777301127e-14,0.3298293822216089,-0.8466399312279657,-0.6410424223521451,-0.14935448524684433,0.8730396344281972,2.082047792807289,-1.3652560105273894,0.2961260697957678,-4.622873521904902,1.2169098849879476,-0.5358725742013195,6.146712225940961,-0.3287383464017113,1.5620562554230264,-0.35925965351555206,-1.322287545987951,-2.6921868816155263,0.4630210565352644
0.385,-0.08087536007382562,0.0,0.5197425288007462,0.0,-0.2347968562385149,0.0,1.2096516883634207,0.3513707524101184,0.0,4,SolvedWithSlack,153790,75472,360171,0.3761703549690067,1.6491807919294388e-12,9.627021402280889e-14,0.32252648076974805,-0.844748936366652,-0.6640663905310827,-0.1436926304280952,0.8707943267359222,2.104188895970069,-1.4872186670862546,0.40643941644340437,-4.617844548363612,1.1331053762982009,-0.43168058737017817,3.8098867480393492,-1.7136832138373101,0.7791231141846251,-0.09837800759862876,-2.7017853356401047,-3.3250710520335467,0.6394896034473113
0.39,-0.08292613487589047,0.0,0.5196671596341953,0.0,-0.24076851596918852,0.0,1.1859986591715,0.3577680799293699,0.0,4,Solved,129515,68269,309264,0.266503439170523,1.6358026044827056e-12,6.9111383282916e-14,0.3152381586256138,-0.8426952452399169,-0.6869839828484982,-0.1375747138544998,0.8686519887187113,2.124460712364955,-1.4401239184590877,0.4134455964530433,-4.561450390896672,1.279357235344363,-0.42829141904583173,4.257346811865213,-0.29329154030277793,1.5632173986644837,-0.3637980947636167,-1.2982574832827891,-2.650585996470988,0.45305584658988907
0.395,-0.08500254234702297,0.0,0.5195817584406978,0.0,-0.2466515005201755,0.0,1.1710725355777207,0.3634731277762747,0.0,4,SolvedWithSlack,144583,60966,313271,0.3987529561786766,1.5314237091173409e-12,3.1125102495366264e-13,0.30811685346716744,-0.8406565062892759,-0.7101289330216553,-0.13079763743660225,0.866483704930947,2.1476826219583565,-1.4150530523495246,0.40419712864829227,-4.672827002878422,1.4036921243614697,-0.43794215629053,4.918250178069543,-1.6906304461124049,0.8079249063562912,-0.13939244576893003,-2.7046329928557986,-3.349064573423229,0.6778800255037503
0.4,-0.08710387198123608,0.0,0.5194879037627496,0.0,-0.2524716566271821,0.0,1.1595977241488191,0.369001965390724,0.0,4,SolvedWithSlack,140806,58941,304686,0.399152657785061,2.0938806244430452e-12,5.172251515972448e-14,0.3011231580936291,-0.8386336772982118,-0.7335529586089277,-0.12343910469403144,0.8642618842210523,2.174641825028993,-1.3885869437686282,0.40481100456475816,-4.692994104743083,1.515951885492952,-0.44943441596352696,5.7105476010583285,-1.6923332232365318,0.8065831751078465,-0.13963239293653973,-2.715923284786983,-3.3547469449658545,0.6785595182346037
0.405,-0.08923035889063344,0.0,0.5193868021518946,0.0,-0.2582421717509416,0.0,1.1507583825888217,0.37440917213432134,0.0,4,Solved,130566,59222,299526,0.2661688895976269,2.333688797762079e-12,1.2255474413080947e-13,0.2942505594112691,-0.8366080976939065,-0.7570848957878336,-0.11554422092378165,0.8619683435899964,2.205583085560352,-1.3657282752668483,0.40539720582816563,-4.715334944026169,1.6203944692242236,-0.4654408983101638,6.505099971548344,-0.28372818807265504,1.5666850089148936,-0.3666269660920909,-1.317340084169542,-2.6601929374686506,0.4524871123159657
0.41000000000000003,-0.09138169419080998,0.0,0.5192791216475819,0.0,-0.26397857545735054,0.0,1.1454501784301625,0.37953215967459064,0.0,4,Solved,130857,59803,305216,0.2666388436322248,2.1694868124200184e-12,1.3192225090108423e-13,0.28745838676034347,-0.8346046287684485,-0.7809927978621413,-0.10715184236778337,0.8595778655006265,2.240246244446326,-1.3542442836176658,0.397931195393001,-4.824488615278012,1.7167095624407567,-0.4866269871324071,7.215470846133666,-0.2866707380578083,1.5639859038875743,-0.3666013878383022,-1.3308990670259973,-2.668776689772134,0.4532860341747821
0.41500000000000004,-0.09355736828709237,0.0,0.519165201272748,0.0,-0.26969512460908995,0.0,1.1420642538749728,0.38451095038459604,0.0,4,Solved,130296,59032,295348,0.2671962222952491,2.665867526729926e-12,1.951702688351986e-13,0.28071356656896423,-0.8326312338579754,-0.8054242983679024,-0.0982916664611676,0.8570789261257752,2.2783972206099747,-1.3459900119374633,0.3928371796649854,-4.926514376826586,1.8086730082616338,-0.5087938005262828,7.903331846588969,-0.29170344273803017,1.560081271537314,-0.36622258426988,-1.347002857546756,-2.679232598851579,0.4542335779019234
0.42,-0.0957572600512072,0.0,0.5190453965715593,0.0,-0.2753984988778831,0.0,1.1398973989112542,0.3894058743395043,0.0,4,Solved,128783,78628,312290,0.26777021384316557,2.6645352591003757e-12,2.1996293675385914e-13,0.2740023003906143,-0.8306768532587426,-0.8303480649709638,-0.08898104769075112,0.8544636854390126,2.3199034105159155,-1.340238145210744,0.38985466254798595,-5.02274096816697,1.8976583047970006,-0.5328827189914981,8.562772412335818,-0.2986061519471172,1.555010401441042,-0.36550939176504194,-1.3653327017815324,-2.69122002567464,0.45520936353338143
0.425,-0.09797990365101061,0.0,0.5189393669498407,0.0,-0.2813522092951982,0.0,1.2093293917694206,0.39003158241942476,0.0,4,Solved,137610,66175,312590,0.267051943762938,2.7540192348851633e-12,2.7229607457712746e-13,0.2666284286482461,-0.8282811590455227,-0.8553162847671881,-0.08030230998407131,0.851961777962338,2.355238244510328,-1.481615733338332,0.484462966933056,-5.026189646827243,1.7586957961808944,-0.5229040812457028,7.1184127745653,-0.29157531617529037,1.5486308266392468,-0.36592357962938843,-1.3673866043017424,-2.6780315981564033,0.4539883043969946
0.43,-0.10022600353633673,0.0,0.5188317001303906,0.0,-0.28737355337230724,0.0,1.2014039915789936,0.395235196197333,0.0,4,Solved,134894,68499,324593,0.2674728166322037,2.8360647164049624e-12,3.0868363420921696e-13,0.2592726962024845,-0.8258904818819635,-0.8807526457724396,-0.07119066566072764,0.849176789434485,2.3927452776572427,-1.4652567225648274,0.4745747256946278,-5.126835556903172,1.8636417302018862,-0.5774817913330755,7.759092480229129,-0.2953665399728848,1.5463506850800588,-0.36591655362371,-1.3830522652702402,-2.6892532150768327,0.4547037882747462
0.435,-0.10249615176396998,0.0,0.5187149352854479,0.0,-0.2933655581913709,0.0,1.1967606016855301,0.4002752149323515,0.0,4,Solved,134434,87004,346234,0.2679938401851793,2.843947299879801e-12,3.739925036327918e-13,0.25198045122553925,-0.823535977249024,-0.906671504886033,-0.06157967513337556,0.846159623829128,2.433473598818592,-1.454722565798467,0.4689423454069431,-5.220768805896287,1.9606447369394102,-0.6195951149599531,8.402583170222202,-0.3011494748242425,1.5423861180922522,-0.36550331292577437,-1.4009210821026417,-2.7013684364364163,0.4555895283148048
0.44,-0.10478971168641195,0.0,0.51859885471157,0.0,-0.2994581842600515,0.0,1.2701452660936712,0.40065257705587837,0.0,4,SolvedWithSlack,162156,62528,344220,0.41043501313940417,3.856970298699025e-12,3.51538242959748e-13,0.2443302647276239,-0.8209381785114896,-0.9327954448399228,-0.052115085193790725,0.8431057468434225,2.472035032288336,-1.6027215510800668,0.5681920489026181,-5.213671060170295,1.8140407998053019,-0.6027935908460915,6.913807722852673,-1.8127121315115062,0.7167699096462317,-0.12266549404463213,-2.9223620159048065,-3.440126960660857,0.6977395223369871
0.445,-0.10710607136736248,0.0,0.5184915122990391,0.0,-0.30577410581153225,0.0,1.2588930148994615,0.406173335664017,0.0,4,SolvedWithSlack,159281,65213,355412,0.4121001894028666,4.4427916297840673e-13,1.4478696019892823e-13,0.23640652953316835,-0.8181046466415212,-0.9588796173240661,-0.04269906617148413,0.8398983995818937,2.508717450075263,-1.5739044456103086,0.5662149392307755,-5.218992804147814,1.9280782239007817,-0.6647050126152381,7.621056690840927,-1.8297679731552072,0.7072601225232124,-0.12073241466497273,-2.9515773967692462,-3.4574086431996403,0.7005703219848731
0.45,-0.10944744454764162,0.0,0.5183737792162469,0.0,-0.31204428132575385,0.0,1.2512347886628732,0.41157635896082273,0.0,4,Solved,131338,60264,301920,0.26839918465008133,6.770140004164205e-13,2.2157276013956562e-13,0.2286075957503716,-0.8152710703541783,-0.9849930180712655,-0.03274109194213953,0.8364283764187284,2.5489603415459516,-1.5512614571886105,0.5674253565319729,-5.225068797661836,2.033255977199807,-0.7122261915421304,8.332672000379496,-0.3039127893439155,1.5289708698960671,-0.3656668218302262,-1.4379277639014487,-2.711618523242344,0.45627861390513824
0.455,-0.11181369748975477,0.0,0.5182472793557371,0.0,-0.31828918535203354,0.0,1.2480839501171181,0.4166396436622434,0.0,4,SolvedWithSlack,157758,72658,339131,0.41668495659066973,2.4789059693830495e-12,5.032085859113522e-13,0.22087942737168648,-0.8124533946445461,-1.0114271957687828,-0.022284260036717685,0.8327370380072593,2.5925072669028735,-1.5427780891738085,0.5615228427232131,-5.326611361809699,2.1295840874594503,-0.754676381134703,8.95931426547323,-1.8815651412195,0.6764007390422396,-0.11392858884962151,-3.0281522604666047,-3.499476238831228,0.7083644262041385
0.46,-0.1142038803527021,0.0,0.5181222733014011,0.0,-0.3246556797002565,0.0,1.2885179724306062,0.4191568210388347,0.0,4,Solved,128573,59723,297101,0.2688377441450907,2.1150858842133857e-12,3.658323644017969e-13,0.2128394713901065,-0.8093756661042889,-1.037817590231536,-0.01190552304688797,0.8290727801516343,2.634912428374066,-1.6171799142483465,0.628358550627704,-5.268737948208511,2.092120121365587,-0.7481104926737276,8.51831067360266,-0.31105039235642395,1.516145078383102,-0.36510337663552794,-1.4687036039332606,-2.721754641143497,0.45702416504665416
0.465,-0.11661828695532166,0.0,0.5179935267864768,0.0,-0.3310797801954267,0.0,1.2831593864701374,0.42431774995339033,0.0,4,Solved,131919,73258,311989,0.26929281312604303,1.7216729410404008e-12,1.6764367671839864e-13,0.20479440314953545,-0.8062649063717,-1.0644876347784171,-0.0011326902056258536,0.8251403134134858,2.6792344927694205,-1.60482271577499,0.6188518929160812,-5.375856766412347,2.1951835820273042,-0.8097796698383336,9.097759058212542,-0.31855586533897684,1.5104658619261904,-0.36463686141904295,-1.4892940659085905,-2.735244490005715,0.45779778231427315
0.47000000000000003,-0.11905561016064675,0.0,0.5178661363163922,0.0,-0.3376556927773994,0.0,1.3215173565278786,0.42676989963946105,0.0,4,Solved,141077,60695,312300,0.26902974022954856,6.378619854530143e-12,2.9943963975043175e-12,0.19635785523887553,-0.8028968492349681,-1.0913955522690468,0.009479716539826419,0.8210893979675591,2.7205926978005586,-1.6821551606984702,0.670294568745452,-5.423030344936731,2.1659635910586332,-0.8367129184664908,8.510758661322331,-0.3173672620043115,1.5051854388156336,-0.3650701523222757,-1.5000199666533929,-2.7336569392803485,0.4573505583902326
0.47500000000000003,-0.1215167485129132,0.0,0.5177308821985164,0.0,-0.3442518892817568,0.0,1.3181413216030087,0.4317852680063914,0.0,4,SolvedWithSlack,146807,72116,334742,0.4239983428038418,2.263185648088898e-12,1.8751666885918894e-13,0.18797555363024415,-0.799564550838391,-1.1188104953743074,0.020611740792232925,0.8167441707529585,2.7649609773207002,-1.6736698928283216,0.664555624389944,-5.521717443185473,2.2660287085985202,-0.8891404130458743,9.115803804548296,-1.9706002627415558,0.6127649870014459,-0.10211567356601824,-3.1667143294350635,-3.5568559719937256,0.720797182766531
0.48,-0.12400141762695412,0.0,0.517595085414765,0.0,-0.3509713872359505,0.0,1.359580481302027,0.4341844091020486,0.0,4,Solved,132239,65424,305828,0.269467350453379,6.323830348264892e-13,3.285705041378151e-13,0.17927078890876222,-0.7959587129216505,-1.1461452555608629,0.03167652066382683,0.812383916105364,2.807975764744509,-1.7508973498759866,0.7350709666141819,-5.454189815446939,2.2297250093150307,-0.8888175709873719,8.632473493181314,-0.32398353569241584,1.492773360569707,-0.36492256067337914,-1.5319716745215146,-2.744227729574356,0.45809449577074424
0.485,-0.1265100574842362,0.0,0.5174541344306063,0.0,-0.3577522461003667,0.0,1.3547459889068878,0.4393084582099277,0.0,4,SolvedWithSlack,145685,70713,324824,0.36951207819014753,4.014566457044566e-13,2.5743296383495817e-13,0.1705531943892514,-0.7923116818449308,-1.1737404840842307,0.04314160967238614,0.8077392020329082,2.852857500708091,-1.7398782017966827,0.7264825579928423,-5.5606108290903995,2.3342463750051015,-0.9534545677925419,9.207978328780904,1.3238370560354,2.377774521551365,-0.6281705329232508,0.1020615051110777,-1.9440704806402214,0.1952871241939027
0.49,-0.1290422997031435,0.0,0.5173025147504774,0.0,-0.3645268487223353,0.0,1.355744166494135,0.4439316579000572,0.0,4,Solved,131719,80673,337307,0.27041180649546187,9.396927680427325e-13,2.1514734438454752e-13,0.16183843266651948,-0.7887232634923315,-1.202155589688551,0.05509742154758,0.8028035168474663,2.9004073060602735,-1.7461236735763814,0.7127632064332297,-5.761926065796713,2.428467013089848,-1.0081073469268356,9.712066115908941,-0.34000242031186434,1.4798514418446373,-0.36398062102067563,-1.576057863030297,-2.77147335848425,0.45970007104228516
0.495,-0.1315962777419227,0.0,0.5171523078296089,0.0,-0.3714908607089522,0.0,1.4009810755638559,0.44584029461849545,0.0,4,Solved,134514,62137,305847,0.2700204017875816,5.476097979563635e-12,4.5180525987120745e-13,0.15264070643977068,-0.7848399962169533,-1.2309211199259311,0.06682887072441392,0.7977768810043769,2.9443222007117247,-1.8374066581264137,0.7764520571122799,-5.787610537310807,2.387907117841282,-1.028666171206749,9.02217761716701,-0.33808588006831775,1.4744881243598909,-0.3645727047731116,-1.5869270489628524,-2.768132695051201,0.45903468303888867
0.5,-0.13417352504692237,0.0,0.5169939382139784,0.0,-0.37849185298165433,0.0,1.4000222017886126,0.4506539004325579,0.0,4,SolvedWithSlack,146156,78288,329773,0.43420642876451787,6.6654802427072644e-12,5.251910017989303e-13,0.14346473766525927,-0.7809584853808258,-1.2601166087950868,0.07906192690802412,0.7924809753902324,2.991208838469378,-1.8345095027529001,0.7766459048319864,-5.872585975177755,2.485427650914162,-1.0789281106826814,9.612372475057905,-2.097313657040693,0.5259781420638517,-0.08582069741190118,-3.3606003988074575,-3.639844779257762,0.7381509288996804
0.505,-0.13677360897550941,0.0,0.5168343533020335,0.0,-0.3856346288198744,0.0,1.4460434466242624,0.4526557578745772,0.0,4,Solved,131619,58811,296801,0.2703025966515238,5.325343213356795e-13,4.318767565791859e-14,0.1339190333684967,-0.7767519919995327,-1.289125789441611,0.09119978667497107,0.7871683693137771,3.036331803810489,-1.9218185378423118,0.8585888323205406,-5.780493185697979,2.44264692295487,-1.079082402675193,9.033333940626056,-0.3445912065443253,1.4610900302794074,-0.36452670392150965,-1.6206220270332432,-2.7774244079554977,0.45951441430759044
0.51,-0.1393970545267005,0.0,0.516668959686221,0.0,-0.39285309310697925,0.0,1.4429616236927245,0.45761177081445353,0.0,4,SolvedWithSlack,145846,59302,311348,0.3782523470334125,2.3230342693309662e-12,2.473576898864849e-13,0.12433581315291632,-0.7724760066108874,-1.3183271983675149,0.10372708713794249,0.7815660737046438,3.0831546971055763,-1.9143953397503355,0.8537092732933496,-5.878583166837024,2.54658530379804,-1.1463451645737097,9.5866601213723,1.4062917989649246,2.3989191973861717,-0.6430289899568012,0.1155267738213438,-1.9297770081704195,0.1813520459036906
0.515,-0.142043491690411,0.0,0.5164921488099161,0.0,-0.4000740426584143,0.0,1.4457275042243594,0.4620313944511123,0.0,4,SolvedWithSlack,146357,59312,310977,0.4407260914723291,4.20218432404587e-12,4.62685445512534e-13,0.11473663181925652,-0.7682444796530659,-1.3483347266077974,0.11674648197231656,0.775648862164052,3.1325034263077716,-1.9245797022150934,0.8423228374774903,-6.0806926198396525,2.641553677117794,-1.2069718378695258,10.058725952938504,-2.180807082963709,0.469127192498989,-0.07525163216113696,-3.4868220243056953,-3.6944082396133577,0.7492343555029595
0.52,-0.14471289658657027,0.0,0.5163049003486643,0.0,-0.40730767818993235,0.0,1.4469058572678093,0.46676122371636825,0.0,4,Solved,131889,59392,303684,0.27172429359291217,6.615152869926533e-12,1.5839551892327108e-12,0.1051387002331164,-0.7639828176241443,-1.3786068841201273,0.13023701595055553,0.769471052911395,3.184656994919443,-1.9166729769603035,0.8590144059734661,-6.037839043735537,2.7360380446398915,-1.2552955480592936,10.672971383730221,-0.37252299401945893,1.436498475114583,-0.3624618011192079,-1.6936332797724125,-2.8191971801518463,0.46193129910795067
0.525,-0.1474059887438268,0.0,0.5161081238714892,0.0,-0.4145523339589381,0.0,1.450858492544949,0.47123266966821187,0.0,4,SolvedWithSlack,144863,70894,320916,0.3152334912908093,1.1719968619697383e-11,9.658940314238862e-13,0.09554028591960277,-0.7596746220795334,-1.4090439724625692,0.14418993105289163,0.7630285104827724,3.2395062009138087,-1.9224022732302861,0.8638507817717953,-6.11933177407541,2.826953648133584,-1.3108221953517931,11.164413115422642,-2.217084817512998,0.36423974832648937,0.10808715939791891,-3.508078161548386,-3.5409912332389633,0.5358969351943758
0.53,-0.15012025625917874,0.0,0.515909877459118,0.0,-0.4220048202286414,0.0,1.5176856217537962,0.4717466063942641,0.0,4,Solved,133432,59482,299055,0.2710281381179738,1.0231815394945443e-12,2.872979631973749e-13,0.08553327017486667,-0.7548755312540115,-1.437992633127557,0.15784162679756986,0.7565626116512971,3.2901115111966788,-2.0154742258380214,0.996023689602207,-5.60072282355248,2.720643455080949,-1.3019065809693764,9.8882951663859,-0.3806661578427885,1.4220987347220537,-0.3628784110286944,-1.7320373581451782,-2.827215755120729,0.4607478348005555
0.535,-0.1528560007318915,0.0,0.5157046728295525,0.0,-0.429610756807287,0.0,1.5219705993921555,0.4761220772236153,0.0,4,SolvedWithSlack,148901,60153,314624,0.38921223501470037,1.2672085603071537e-12,4.658773367083313e-13,0.07545046280724352,-0.7499048801925107,-1.4663651988781485,0.1717447825287176,0.7498468135512395,3.341052875079961,-2.01830048077287,0.9936484897051407,-5.721848671378597,2.8202253335614937,-1.3699219252945187,10.387501958267109,1.5034526239784796,2.428519242353472,-0.6616607995249906,0.13599259987953546,-1.9189937862107351,0.16256667041415734
0.54,-0.15561354135757,0.0,0.5154879084339847,0.0,-0.43723710526095994,0.0,1.528144083341256,0.48012705448032617,0.0,4,SolvedWithSlack,143962,59282,308783,0.45460584502217377,8.212319713152283e-13,1.917077607771489e-13,0.06530076823984639,-0.7449699788025873,-1.4956896839417644,0.186126209592417,0.7427925950767537,3.3942039782780524,-2.0387262630626273,0.9835615429789573,-5.957027463830143,2.9133519640135717,-1.4374518388146604,10.791511555978776,-2.372297426181519,0.34649902295848944,-0.05130352372192651,-3.7559544119297144,-3.8163273503225392,0.7728299365376954
0.545,-0.1583926708265018,0.0,0.5152601511751514,0.0,-0.44489061706633737,0.0,1.5317842948762346,0.48449995593464334,0.0,4,Solved,131388,59232,295458,0.2724888382203892,1.29485311362032e-12,2.985667268973202e-13,0.05511072025796391,-0.7399910044543101,-1.525366657801717,0.20096721938528062,0.735439813180958,3.449818830684435,-2.037844252479765,1.003931622920396,-5.921748061041565,3.0051728897200496,-1.4937425322596465,11.337427149423732,-0.4174329292216987,1.389479164298439,-0.3606694180090044,-1.817175602876538,-2.87364707963812,0.4632310249746617
0.55,-0.1611940908340196,0.0,0.5150220484263958,0.0,-0.45256659622556167,0.0,1.53806526665984,0.48858774512228975,0.0,4,SolvedWithSlack,152618,59823,318752,0.39598407438889005,2.1234125568980744e-12,9.703071679467712e-13,0.044883334735361095,-0.7349519910923347,-1.5552834431548512,0.21626241789076595,0.7277721070444189,3.5077635610100764,-2.0512481010084422,1.0109050869702563,-6.022929848259961,3.0950677172262178,-1.5604559814188754,11.753182703742478,1.561319197222398,2.4441367709521904,-0.673172926461113,0.14522368550563616,-1.9209459425052793,0.1498961290381795
0.555,-0.16401606516943693,0.0,0.5147736748162182,0.0,-0.46028736717245705,0.0,1.5488057127157422,0.49208805636960673,0.0,4,SolvedWithSlack,142629,59482,307621,0.4651465650625401,1.5270887346642255e-12,4.2763015350999467e-13,0.03454013850823877,-0.729909687743946,-1.586082303095631,0.23199820383388273,0.7197500411304995,3.5674452429142964,-2.0810830010692896,1.0077359164718347,-6.247909820262228,3.181902205591204,-1.6336918507626987,12.057037506435735,-2.526682294159229,0.2502498065421409,-0.031124573873747285,-3.959747205244416,-3.9158866285947544,0.7907491606063182
0.56,-0.16685820303939133,0.0,0.514515097304708,0.0,-0.4680551335079916,0.0,1.5559527031270026,0.49600856313618813,0.0,4,SolvedWithSlack,147137,59783,311438,0.400830094295004,6.105560501623586e-12,2.2457868897873823e-12,0.02411878264601204,-0.7247861937784418,-1.6171327887137175,0.24816196370422025,0.7113945741230296,3.6290769640783114,-2.086558122648749,1.0358354248235915,-6.185997047991248,3.267301372808124,-1.6976292203373595,12.498901987219526,1.604394621228841,2.4561239838667146,-0.6814111603015067,0.1544531932947192,-1.920202308001444,0.13916900770479637
0.5650000000000001,-0.16972055767989877,0.0,0.5142465734616838,0.0,-0.47586830722043516,0.0,1.5681323081421312,0.4992631254899497,0.0,4,Solved,135496,65974,310667,0.2727264533507681,6.9684258363622575e-12,2.6141588893580092e-12,0.013586126118992766,-0.7196110030634482,-1.6487407582931977,0.2647546099368585,0.7026577638605045,3.6922599652213113,-2.1207154770064838,1.0354386916931235,-6.4087651862831665,3.3527623898465353,-1.7805253504283578,12.72766299216898,-0.4803414278809406,1.335164813711351,-0.35493245450846306,-1.9476840670475808,-2.940224315794103,0.4636349706963058
0.5700000000000001,-0.17260128479624792,0.0,0.5139679538102088,0.0,-0.4837452008349778,0.0,1.5798618768174215,0.5024907288187113,0.0,4,SolvedWithSlack,146156,59463,313713,0.35578495303713903,5.709654971042255e-12,2.060462911401828e-12,0.002913508959607383,-0.7143799268414498,-1.68098468042787,0.28176555118703156,0.6935252721409891,3.756778054682288,-2.144133877874006,1.0536809220329277,-6.474737978658373,3.4356515092693396,-1.858183758009088,13.016837311354237,-2.6464225630404314,0.10062145553174837,0.14808123363868966,-4.089284630646913,-3.80759102895471,0.6048344201631364
0.5750000000000001,-0.17550051591273377,0.0,0.5136782232576284,0.0,-0.4917021634467389,0.0,1.6006320581873679,0.5052679769606117,0.0,4,SolvedWithSlack,146317,59132,310987,0.3037993481462296,6.224354365258478e-12,2.2041257707883233e-12,-0.007806228670329099,-0.7088959442446887,-1.711923559573929,0.2990322330333565,0.6841010321268288,3.8216356411755306,-2.1441490373026824,1.124945089550351,-6.000998641384839,3.466171467279723,-1.90392086204492,12.939783261264687,-2.6767445656647553,0.04874038001423121,0.2268147346779137,-4.118798893896321,-3.737392959530584,0.5164588918485903
0.58,-0.17841757398060534,0.0,0.5133750496184184,0.0,-0.49978808836617344,0.0,1.6291024101870009,0.5075542020712033,0.0,4,SolvedWithSlack,141658,59542,306329,0.48294591178322094,9.605649609056854e-12,3.394950987001266e-12,-0.01851445675658718,-0.7030169666688558,-1.7400493560108625,0.3163864981487393,0.6744761669682933,3.885491380817196,-2.140573993640398,1.2092053832372238,-5.3799743987397965,3.4749988896013373,-1.9397786457028399,12.660459298400733,-2.8250091206028958,0.07083160691055328,0.006566274157033267,-4.348585677358758,-4.097532130454011,0.8210080500314756
0.585,-0.18135274610584273,0.0,0.5130588892047706,0.0,-0.5079786748603926,0.0,1.6412420500480909,0.5108762982380386,0.0,4,Solved,129655,60234,296279,0.2712281045385353,7.562839243746566e-13,2.287336986483979e-13,-0.02925267906295184,-0.6969018513060231,-1.7669429726620323,0.3340205631607812,0.6645172874384655,3.94975921842052,-2.1528033234802595,1.232572909977914,-5.377412724025421,3.561802545756479,-2.027504359927368,12.977597850547522,-0.545494005301466,1.2822423538330359,-0.3522279605517083,-2.087127247001799,-3.0051600060361743,0.46108777771550996
0.59,-0.1843063263968471,0.0,0.5127320875091848,0.0,-0.5162176963875628,0.0,1.6528123138972894,0.5139116679978314,0.0,4,SolvedWithSlack,141618,59643,307782,0.3503157841086205,2.0431407570185045e-12,3.206324095117452e-13,-0.04010511569240824,-0.690714449740379,-1.7943086198099294,0.3520935621391417,0.6540781258224144,4.015239182174411,-2.183063305309408,1.241663930498966,-5.534130660439306,3.650028701041346,-2.128346833456836,13.173620089810333,1.9129117360162564,2.5273485783504137,-0.5955368329846549,0.3900803521939016,-1.653632809389877,-0.0936798387765261
0.595,-0.18727511006914038,0.0,0.5123933566622012,0.0,-0.5245545053119458,0.0,1.67937193249692,0.5154950676547875,0.0,4,Solved,131959,59592,296610,0.2699918097160518,5.7696070143720135e-12,1.2326806242413113e-12,-0.05114536840605399,-0.6844129777418066,-1.8218771280075985,0.37047469966483537,0.6431993356389034,4.08035078965524,-2.225812443708632,1.2737090220287441,-5.49860767330108,3.6941755313580806,-2.206965835734689,12.926658959926657,-0.5847770787805284,1.2486172459577025,-0.35036539323789573,-2.163890103251648,-3.039249783086738,0.458986076517288
0.6,-0.19025741376353922,0.0,0.5120416983914649,0.0,-0.5330078744435642,0.0,1.695990486934766,0.5177394288984195,0.0,4,SolvedWithSlack,150324,60074,318582,0.32497846337016745,6.443734434924409e-13,1.9106938253798944e-13,-0.06238791049396133,-0.6779923059446304,-1.8498020996591904,0.3891990187497867,0.6318719948361916,4.145568994091221,-2.263965268383147,1.291609126245763,-5.640806323386786,3.779325481280557,-2.305658420805192,13.118206001731258,2.0522361048107105,2.5609516701473973,-0.5524633877292846,0.5084080216786915,-1.513210954661802,-0.20080845243793544
0.605,-0.19325267844830615,0.0,0.5116769473040081,0.0,-0.5415742087210006,0.0,1.7278384039850267,0.5186179547043481,0.0,4,SolvedWithSlack,141628,59372,307831,0.4333226933281985,6.8525277017930864e-12,4.583555757164959e-13,-0.07383986249671394,-0.6713698897938809,-1.8773950155018448,0.4081622999517441,0.6201490342652572,4.209904190140539,-2.308959224467842,1.3470235025625619,-5.437596357325097,3.802442584488938,-2.3705671562487187,12.705926502883939,1.865007661001496,2.544884280215361,-0.7366485786579374,0.24612940586555396,-1.8732546803133625,0.06926198873372096
0.61,-0.19625844229072784,0.0,0.5112979489723237,0.0,-0.550285075510553,0.0,1.7492736807298714,0.5199878990074095,0.0,4,SolvedWithSlack,143110,59442,308423,0.5067786694426626,4.192202140984591e-13,9.159339953157541e-14,-0.08556490459275236,-0.6646244882437612,-1.9055625925367337,0.42744975192488394,0.6079528839054087,4.273752968094929,-2.369532771008891,1.3514746603578256,-5.760136519104387,3.894809686107298,-2.485847007096085,12.811221327698053,-3.256988673799422,-0.19491139439251673,0.05778605187036018,-4.8957584458861,-4.349249488976101,0.8615237380525265
0.615,-0.19927676107481268,0.0,0.5109069323576841,0.0,-0.5590665038839626,0.0,1.7597121786026375,0.5224300859816362,0.0,4,SolvedWithSlack,144443,60083,310506,0.3442395009269602,6.390415611962337e-12,2.894351425197783e-13,-0.09748549393993002,-0.6577317523658328,-1.9341895813785621,0.44715785542150693,0.5952458389025047,4.33855524669677,-2.393464104556044,1.396077882135871,-5.703509943492144,3.974043823535644,-2.581151149815679,13.05232704263929,-3.221887838019698,-0.2791919535478457,0.28314709440277186,-4.819656359454164,-4.036555150924402,0.5852071515758324
0.62,-0.20230851201064481,0.0,0.5105022359049134,0.0,-0.5679293920417471,0.0,1.7836768659799276,0.5240189406088854,0.0,4,SolvedWithSlack,145745,62668,331196,0.44564415429678433,5.853955852941554e-12,4.847233725513433e-13,-0.1094697863937063,-0.6504444157339219,-1.9608080173280484,0.46704541432482904,0.5822020377444693,4.402830967740812,-2.399405660500266,1.497622043629639,-5.0763174014953965,3.9812824331299232,-2.628821146632091,12.725077091470146,1.9574242927088632,2.5735929649148948,-0.7575950623045333,0.27892486093453295,-1.848302216829139,0.04199258640938497
0.625,-0.20535127031735012,0.0,0.5100828414384503,0.0,-0.5769103393665307,0.0,1.8032513039049378,0.5253201402135097,0.0,4,SolvedWithSlack,144162,59072,311027,0.3742609106801657,5.044021502756411e-12,8.245071292378725e-13,-0.1216449516679799,-0.6429759679206316,-1.9873599258674233,0.48726160318936707,0.5686156218869758,4.466527095619212,-2.4597582771486386,1.4926928648018896,-5.460602991841198,4.084884968625714,-2.776328455428017,12.75090137838878,-3.379947314495008,-0.36217739387482206,0.27073888342776303,-5.0263475190518685,-4.15711744698762,0.6362435481562817
0.63,-0.20840387325141072,0.0,0.5096495659923792,0.0,-0.585992483692426,0.0,1.8259731983288805,0.52658720828617,0.0,4,SolvedWithSlack,151767,60324,319003,0.34724381432244206,7.071939138856312e-12,7.630007736736388e-13,-0.13397558901976458,-0.635218769101429,-2.013010585424656,0.5077330129908383,0.5545670633606024,4.5295354126652665,-2.470433694098827,1.5898367270613745,-4.915249508242543,4.102087238543795,-2.8340373905969134,12.501704689114131,-3.4252005681049837,-0.4079044554024584,0.3177586554885227,-5.0813167682760705,-4.120167631130901,0.5903144843481515
0.635,-0.21146679629356366,0.0,0.509199187686828,0.0,-0.5951982900800524,0.0,1.8515757595598066,0.5277517098687319,0.0,4,SolvedWithSlack,143641,59803,309464,0.46103640452005934,6.216451473134911e-12,7.405742685762107e-13,-0.14634656765924073,-0.6269603036548501,-2.0357355459748527,0.5282608342280567,0.5402413900916225,4.591003158751072,-2.4771271839483253,1.692454872509241,-4.303665388353468,4.109280572825063,-2.8873470582741847,12.15695734293967,2.062838493440839,2.6096225344972144,-0.7837618876841008,0.32173640556823113,-1.811250937262383,0.010507211786842718
0.64,-0.2145387336480339,0.0,0.5087328802937455,0.0,-0.6045146221650358,0.0,1.869855996281068,0.5287548264004973,0.0,4,SolvedWithSlack,144713,64141,314795,0.46497292137055285,4.9728542553547616e-12,5.078160114635466e-13,-0.15892733348749558,-0.6185462075807378,-2.0587099679846443,0.5491502633956848,0.5252904197700695,4.651806317851353,-2.5432256979266654,1.6784114477037908,-4.781831176752091,4.223974177069317,-3.0587680342300425,12.16603540723121,2.089682272198663,2.6122250325538197,-0.7904539663299398,0.32840067564084824,-1.8048242883682057,0.00012289514034974358
0.645,-0.21761728891724244,0.0,0.5082535246819819,0.0,-0.6139138257065181,0.0,1.8865043934818964,0.5294174724178552,0.0,4,SolvedWithSlack,144172,70293,320495,0.5294810451236571,1.2744972498978504e-12,6.82509604388315e-13,-0.17185224997923973,-0.6101713094652056,-2.0839646291276863,0.5706082395924601,0.5094839916580366,4.712660909068968,-2.613378851589647,1.6741509817450098,-5.224357952957834,4.337425104503852,-3.230629477916618,12.174844767930916,-3.7936939629003597,-0.5306352703168453,0.11446697408769772,-5.57506446993952,-4.648472240143328,0.9001177767102171
0.65,-0.22070298817358563,0.0,0.5077608111497721,0.0,-0.6233728138433595,0.0,1.893687169537542,0.5311432111171587,0.0,4,SolvedWithSlack,143511,59733,309945,0.4726249045810471,1.1297629498585593e-12,3.9573899712763705e-13,-0.18500121468935757,-0.6016569036986233,-2.110023663495624,0.5925386966447892,0.4929517612656525,4.773993660339121,-2.6399710491088726,1.7213270629297472,-5.204123612352759,4.419930057583699,-3.360314269724026,12.319956479457353,2.1429410556981896,2.618143335040324,-0.8034623377877801,0.3417676861522293,-1.7865273094440417,-0.022797730944582206
0.655,-0.22379618532403645,0.0,0.5072548034877301,0.0,-0.632877308435068,0.0,1.9072235541634697,0.5318172452092136,0.0,4,SolvedWithSlack,143091,63680,312010,0.47591250122462553,5.928246641192806e-13,1.0758061108617767e-13,-0.19839681099829223,-0.5930715175351314,-2.137363189859662,0.6149979769025812,0.47555208620740635,4.835386315797421,-2.705848159532976,1.7156946783953393,-5.6375236807877736,4.540592034513632,-3.5607482871990284,12.252913990715056,2.167236687970745,2.6186821445193815,-0.8090512520818633,0.3457183631578208,-1.7785011667583224,-0.036076448440438336
0.66,-0.22689245304689343,0.0,0.506733961291769,0.0,-0.6424345958780517,0.0,1.8971891579425015,0.5334758931345824,0.0,4,SolvedWithSlack,146146,62549,321096,0.5338575790891478,2.205569060720336e-12,7.427392034742297e-14,-0.2120022769879961,-0.5846134848624855,-2.1668502231703703,0.6380846352506964,0.45686819431662334,4.895857792614534,-2.7142939531737853,1.6596924327226323,-6.075912122252269,4.673029146491187,-3.8912251131230073,11.915677003962491,-4.0515061014141915,-0.6953424496985735,0.144250701257806,-5.896568631378616,-4.801715602564474,0.9075578844515513
0.665,-0.22999317145160708,0.0,0.506196300021975,0.0,-0.6519862132428672,0.0,1.9160406547014723,0.5340183833133312,0.0,4,SolvedWithSlack,146978,59833,313523,0.5321212265730043,1.8181158626981457e-12,2.9265478929119126e-13,-0.22573519049280577,-0.5760519662218092,-2.1968782117213634,0.6616805254141843,0.4371676429685494,4.956097559744807,-2.7647820672132983,1.7442477595924977,-5.962113810757589,4.751866572982216,-3.981899384783807,12.115977639560992,-4.116684041256231,-0.7399136238846844,0.15098921884776342,-5.98033105726587,-4.829187488784334,0.9046060851741072
0.67,-0.23310109128284873,0.0,0.5056486224186899,0.0,-0.6615937272405519,0.0,1.9242801410153465,0.5352930819125482,0.0,4,SolvedWithSlack,147258,67378,320305,0.48632318911121564,3.233635581523231e-12,1.5462076063954555e-12,-0.2396513505066156,-0.5671357772983492,-2.226421619433811,0.6856852964506478,0.41685346992095157,5.016892302369754,-2.7933648564949873,1.807093153364743,-5.874772357481581,4.8351369689010575,-4.123142844342765,12.174854386201426,2.2427176407484377,2.62511270312352,-0.8267494214890666,0.3599670392030687,-1.7407184807214295,-0.08543726714006515
0.675,-0.23621320081882471,0.0,0.5050893190183768,0.0,-0.6712516853354019,0.0,1.937677772052202,0.5352230053448158,0.0,4,SolvedWithSlack,148060,63140,316879,0.48938941273024283,4.89563944938709e-12,1.5077383785921938e-12,-0.2538068947312781,-0.5581204341100022,-2.257066669241791,0.7102659285942865,0.395489077957098,5.077184981507721,-2.85601209065778,1.8010551477305938,-6.292617168259704,4.971116553223975,-4.375882640405855,11.980417579444563,2.267588215317559,2.62465911730688,-0.8319620016414128,0.3644738212615164,-1.7257314883241084,-0.10774380623996306
0.68,-0.23932426183005032,0.0,0.5045158244620893,0.0,-0.6809547218442137,0.0,1.9256737967376383,0.5363187336263685,0.0,4,SolvedWithSlack,148531,64010,325565,0.43916639218592124,6.16751094639767e-12,1.9374502002733607e-12,-0.268141583526957,-0.5492476135855423,-2.2897782019223603,0.7355330251075156,0.3726044279105781,5.135810049137812,-2.856532065583275,1.7404560700527663,-6.7132012553613984,5.11071845767016,-4.741507908519782,11.476963958545937,-4.298530204616882,-0.9230995150886099,0.3275448322946249,-6.190722127521284,-4.731211416231138,0.7465828667160661
0.685,-0.24243534455689392,0.0,0.503924287344632,0.0,-0.6906488439439418,0.0,1.9454366075870826,0.5358959055569714,0.0,4,SolvedWithSlack,145866,72386,328550,0.49845008712903643,9.078992696123267e-12,1.854405518031399e-12,-0.28249781243848926,-0.5401350707643783,-2.321549514243006,0.7612037488135198,0.3486069971618094,5.1927426349310695,-2.8771571264499216,1.8727055952185927,-6.12355588607577,5.151532389176261,-4.8467383064008,11.306565097133754,2.3385878465620036,2.642973331607702,-0.8473651481193619,0.39278077171665954,-1.6717407604523937,-0.16780998648234605
0.6900000000000001,-0.24554693040934938,0.0,0.5033159084291551,0.0,-0.7003510277134366,0.0,1.9399992849658951,0.5366280918052976,0.0,4,SolvedWithSlack,149903,64051,321558,0.4883665715160843,8.100187187665142e-13,1.3061773884714967e-13,-0.29683734582264054,-0.531024213179781,-2.3535752948640942,0.7873968191008656,0.32317580226283127,5.247313150748214,-2.888215648006246,1.8139841721537322,-6.572128657856648,5.298819789489389,-5.211900737168013,10.792800596399276,-4.448844634979228,-0.962054835362956,0.18592513123920276,-6.415988178221912,-4.98476925764804,0.8302231715773433
0.6950000000000001,-0.24865084949401933,0.0,0.5026870600667314,0.0,-0.7100313366529978,0.0,1.922728365750352,0.5366828522781868,0.0,4,SolvedWithSlack,151175,78267,344891,0.37015444438309414,1.5629719740672954e-12,2.6606494785141876e-13,-0.31147478889607666,-0.521785187902981,-2.3853781636692726,0.8139017575345718,0.2963621088373979,5.30210513385831,-2.8946156003329246,1.8371388275519058,-6.356964235085423,5.306954187895308,-5.562455069552001,11.064178898322833,2.555734111995438,2.649855811205287,-0.62926255545126,0.6091002522899287,-1.2885504118182618,-0.4162587784171868
0.7000000000000001,-0.25175300760589114,0.0,0.5020423279476561,0.0,-0.71973834364546,0.0,1.9550562158922253,0.5351171852527519,0.0,4,SolvedWithSlack,143321,73489,323141,0.3857741670865504,3.886890809212673e-12,2.913225216616411e-13,-0.3260628192992362,-0.5123228655100389,-2.416485639892719,0.8408714101370907,0.2679916974411024,5.354701472376232,-2.9310923853248623,1.9259337542783663,-6.129033042454505,5.449811257940588,-5.761838511703984,10.179496560033812,2.5836717919473178,2.659670017698447,-0.6558160840471357,0.6149901849801508,-1.2641844636816915,-0.4418896871132795
0.705,-0.25484922168434726,0.0,0.5013859912351221,0.0,-0.7295851358443439,0.0,1.976991138920696,0.5330563302681307,0.0,2,SolvedWithSlack,144222,62628,312189,0.4010105700989946,2.0943247136528953e-12,2.883804306463844e-13,-0.34079380935059544,-0.5025169106395465,-2.44663853310031,0.8684953980486595,0.23838244074311404,5.403146225904315,-2.953539245216691,1.9814338868408923,-5.965157197064163,5.5741742760247135,-6.037926018637313,9.367833255554167,-4.3971089956597815,-0.9467305414408291,0.16405935181765072,-6.416169121583914,-4.820270346636132,0.638890892794485
0.71,-0.25794036775819773,0.0,0.5007138464584915,0.0,-0.7394650062375246,0.0,1.9712007954369233,0.5337166121683267,0.0,4,SolvedWithSlack,147359,83157,347677,0.5555313986537488,1.9255708139098715e-12,3.136380044566067e-13,-0.3554869543093382,-0.49257187525860524,-2.476303330673031,0.8964273778132086,0.20737821000956275,5.448660872881903,-2.8897804741856477,1.949366725420656,-5.927696977154243,5.547887635023301,-6.446517700246297,9.187571960251221,2.873066589881092,2.8886433760277166,-0.9444033777113728,0.844815367154879,-1.1015526753283258,-0.5676636538498526
0.715,-0.2610294032910895,0.0,0.5000149202696902,0.0,-0.7491716364664095,0.0,1.944403566069421,0.5354144717987102,0.0,4,SolvedWithSlack,132420,65864,305888,0.16419582530069865,2.5153212845907547e-12,5.471179065352771e-13,-0.3698080055804335,-0.4832163162581814,-2.5076771187263285,0.9245767532255161,0.17418944243336718,5.4893553231034025,-2.8889271679053423,1.8590104898561257,-6.478171589113153,5.689358818445446,-6.7591711193703246,7.737822048233959,-0.8031311536553596,0.8156966183940355,-0.10255458651316943,-2.6271332048111784,-2.4972696662467104,-0.08259866590664543
0.72,-0.26411526404691166,0.0,0.49929315751525977,0.0,-0.7588844926166975,0.0,1.9239123346096076,0.5379449452220284,0.0,4,SolvedWithSlack,6113447,79971,6305169,0.30674564492361384,7.327471962526033e-15,6.106226635438361e-15,-0.3839478032970951,-0.4739476628461742,-2.538353601678802,0.9529754389318358,0.13958291755708627,5.525135664038115,-2.772574309990472,1.8336465255753607,-5.91717890051435,5.666282656831963,-7.049965041127603,6.752293554908236,-3.3380083761936428,-0.5321900761898183,0.28276340448583676,-4.907930318777821,-3.2930155761068813,0.28316625954977626
0.725,-0.26720581650140834,0.0,0.49852682098326057,0.0,-0.7685687775781288,0.0,1.940822247746834,0.5409186762048795,0.0,4,SolvedWithSlack,6510447,73779,6715935,0.3634376292937593,1.4210854715202004e-14,5.9396931817445875e-15,-0.39760997197471404,-0.46468009677292776,-2.565643626802849,0.9810954939165337,0.10414532523034939,5.557170158707678,-2.702592125613999,1.8626857794416622,-5.1602533956052286,5.598915006860801,-7.1091504447831575,6.133773220157331,-4.177934963508716,-1.0153703021180713,0.4259214291438865,-5.8150020687001485,-4.157016255909859,0.5440561096294181
0.73,-0.27030833850333275,0.0,0.49771102048041643,0.0,-0.7782905306764697,0.0,1.9443253040044624,0.54585075611993,0.0,2,SolvedWithSlack,6939828,62849,7121341,0.13260957218018776,1.2323475573339238e-14,9.658940314238862e-15,-0.41074342655993723,-0.4553982243229614,-2.589044294531465,1.0089783393909895,0.0678305018837365,5.586862810255558,-2.585242781538032,1.863048041798743,-4.364672215142438,5.587863786309283,-7.303416798851616,5.605586466525635,-0.466901345097825,0.9085959732815176,-0.11336787361411788,-1.9319003987521972,-2.121753154883004,0.019656334226640926
0.735,-0.2734286672909749,0.0,0.49684218947984304,0.0,-0.7879926417438732,0.0,1.9308215093759233,0.5537008675373252,0.0,2,SolvedWithSlack,7640522,70273,7842834,0.1124418443124479,2.708944180085382e-14,1.1546319456101628e-14,-0.4231035112521363,-0.44654535234374065,-2.6094887507806495,1.0368619990152044,0.03038908612848746,5.612728631793949,-2.379200922196327,1.6889542207679573,-3.911012271222264,5.546437892682709,-7.646621855132448,4.9591787662797,-0.14555372055912086,0.9682659447846613,0.11182380804244962,-1.4019058224826195,-1.7990695089991664,0.021702476338738508
0.74,-0.27657148864778336,0.0,0.4959018081329616,0.0,-0.7976485294324908,0.0,1.9364109724839347,0.5624816716377997,0.0,2,SolvedWithSlack,7785636,60554,7975965,0.32862032701822425,1.4210854715202004e-14,1.0436096431476471e-14,-0.43442607763019303,-0.4382518921568027,-2.6254649664175815,1.0647354931328015,-0.008352503925274882,5.635045571507874,-2.181656858717697,1.6293851121607799,-2.7302166958026906,5.581043963367824,-7.833141510623872,4.192813815553688,1.303350646296941,1.9753542565920033,-0.45080062192161485,0.2371410538827715,0.41850418052646693,-0.5586545559309812
0.745,-0.279749713001072,0.0,0.49488458483570025,0.0,-0.8073672238469938,0.0,1.9517871719158355,0.5751304278325553,0.0,2,SolvedWithSlack,6674978,56096,6847243,0.459758071286821,2.842170943040401e-14,3.552713678800501e-15,-0.4449490919124434,-0.4306712100934232,-2.6389081264403313,1.0923795652473907,-0.045687898562287325,5.648247624131032,-2.0540684453849325,1.441815741464103,-2.657089489403744,5.496125226958927,-7.226717235702401,1.6429137515503232,0.5165469615786592,1.5800077298649384,-0.032990452029404024,-0.773197842606843,0.9093077619947877,-0.7815887211875957
0.75,-0.28297708207407113,0.0,0.4937927228803686,0.0,-0.8171674886942812,0.0,1.9642778128925615,0.588261755153157,0.0,2,SolvedWithSlack,139574,55184,302221,0.6360607621326857,5.449418694070118e-12,2.579603197716551e-13,-0.4546963915541526,-0.4235546399361444,-2.6490289506778018,1.1190181604294522,-0.0788853997485277,5.647371549184599,-1.8811919086638713,1.4107044046887713,-1.6111321270537875,5.218102420350237,-6.25528159878661,-1.3425002281563452,1.7841506766406585,2.3679857076658926,-0.27701448614535523,0.1550146945855132,1.6450396947126493,-1.0813032956255657
0.755,-0.28625309325770293,0.0,0.49263759252328926,0.0,-0.8269686845997953,0.0,1.9540803270276026,0.6018581954677279,0.0,2,SolvedWithSlack,134294,54794,301309,0.667076407998751,1.1728396032140154e-12,3.426148253993233e-13,-0.46356339523853723,-0.4166326900787133,-2.6547941174835006,1.1443320582474272,-0.10667713503692948,5.629198488487397,-1.7030606789598914,1.36730958400749,-0.8528681119543468,4.961619084581922,-5.102586198365381,-5.106017322945368,1.8489997234339062,2.5991189909949868,-0.3575775334528466,-0.12469042441461015,1.6081276083917533,-1.1340298935978768
0.76,-0.2895787841585598,0.0,0.49143705149792893,0.0,-0.8366473841883634,0.0,1.9205969043829134,0.615363429074909,0.0,2,SolvedWithSlack,144563,55495,314785,0.3780682189230215,2.248444900250953e-12,2.412514632510465e-13,-0.4715472332725336,-0.4098847978623218,-2.657271154074452,1.168235802196118,-0.12883616545213325,5.592931276924196,-1.527472272953017,1.3385329328541917,-0.2598235446436365,4.662113186206544,-3.9938622405616364,-8.63140649880209,-0.9949335148775703,1.335122438624998,-0.621008153437762,-3.131064779610946,-0.15906196135777667,-0.6427159721691366
0.765,-0.2929545583620706,0.0,0.49020395373601244,0.0,-0.8461271608124528,0.0,1.879430488557529,0.629059869456996,0.0,2,SolvedWithSlack,184789,59422,357916,0.3851353003838992,1.5245143002305176e-12,3.128608483393691e-13,-0.4788913007643211,-0.40397514467443235,-2.661806089735618,1.1900924601525753,-0.14697955201921875,5.545896767110404,-1.430561927258274,1.0813236051199853,-1.3181204920517695,4.180315978260486,-3.390752141179889,-9.905837844294252,-0.8847812001465286,1.4105234937484141,-0.6547300106526286,-3.0351911857075113,0.05671249728687684,-0.5506578274132753
0.77,-0.29638527907767837,0.0,0.4889438333874381,0.0,-0.8554191373915011,0.0,1.8455529467751368,0.643266909556202,0.0,2,SolvedWithSlack,161655,57669,352656,0.3710874499465692,1.8909318555415666e-12,2.324807013565078e-13,-0.48577066975241917,-0.399291932469843,-2.671352570725233,1.2095238659771512,-0.16194958210776694,5.493822317893633,-1.3403290932737844,0.843705603619005,-2.284739911807267,3.693099229431987,-2.7351091449223386,-10.742604134314405,-1.1353502459976914,1.2772894868485427,-0.6308486649091677,-3.3205348034671354,-0.1243962719677779,-0.43768963969756775
0.775,-0.2998755437435014,0.0,0.48765774752729985,0.0,-0.8645626985413454,0.0,1.8182432428165598,0.6577281517041482,0.0,2,SolvedWithSlack,160132,60625,335284,0.8794120825213432,7.620570841027074e-13,3.559375016948252e-13,-0.49220095374181577,-0.39574483476114497,-2.685378650647476,1.226508495528224,-0.17390252431738482,5.439039739810163,-1.2507976271360486,0.6231366301118237,-3.135536348528457,3.2022005775222855,-2.1655128394367837,-11.095102178031182,5.381855711721776,4.702506534813546,-1.4950005402862834,3.158066865446694,3.1578357030960893,-1.3871531789065885
0.78,-0.3034339066868682,0.0,0.48635249912984435,0.0,-0.8735786404018785,0.0,1.792779271775312,0.6738055211339905,0.0,2,SolvedWithSlack,165883,61706,346234,0.31375889342605506,2.8062328111490035e-12,3.4962449355658226e-13,-0.49822229157592374,-0.39329182982623623,-2.704221066094006,1.2424608113487658,-0.18113123611423448,5.371692774357402,-1.1737042427199111,0.40539184038832965,-4.172750703608284,3.1820524304442936,-0.9768702250267758,-14.989302851202412,-1.54771520069202,1.055585822081139,-0.5333901188242935,-3.790503523619564,-0.39350655875218443,-0.3020069398741396
0.785,-0.3070624623471999,0.0,0.4850298884636142,0.0,-0.8824690524820042,0.0,1.7691703009918558,0.6885741559123009,0.0,2,SolvedWithSlack,155293,73399,355150,0.8550007609020787,8.707923271344953e-12,1.3345990979019007e-12,-0.5038011130459146,-0.3917445443693833,-2.7265000240749213,1.2568232635442558,-0.1847688233694117,5.298440117808095,-1.077907442736849,0.24762233259369498,-4.6340194160258825,2.669074884322467,-0.563962131181109,-14.435769777177892,5.648901068371066,4.830171881662145,-1.4428435583440242,3.3460272493239014,3.0265271970054517,-1.4535012935335336
0.79,-0.3107464324432453,0.0,0.4837138538317065,0.0,-0.8909492668467712,0.0,1.5493390488258325,0.7010450314106178,0.0,2,SolvedWithSlack,155804,66365,345041,0.8469840478385711,1.0691114222938319e-12,2.088884620832232e-13,-0.5080868891486703,-0.39122274066500395,-2.7515273204707573,1.2686884388622877,-0.1837004187494325,5.215393081730932,-0.581138862695863,-0.02910506234533794,-5.239348857216202,1.9330514813386968,0.8639387190186867,-17.936916743539612,5.512880593051332,4.741239166467157,-1.4268221608333302,3.2263227029238446,2.9431337745897332,-1.4398728813255708
0.795,-0.3144362422853536,0.0,0.4825603573982895,0.0,-0.8974602842247442,0.0,1.1591503666815883,0.7122701101153686,0.0,2,SolvedWithSlack,165062,69251,358838,0.3167484933581443,9.775513731824503e-13,5.057241451035264e-14,-0.509181180260278,-0.3922794486478977,-2.77929788034074,1.2754936117314013,-0.17503861614221197,5.116533963716627,-0.005451917420743982,-0.3226540051248631,-5.751555781809106,1.0297386463057185,2.2684398559821597,-20.96084190426149,-1.7313436531704518,0.8924741994633305,-0.5384724387088453,-3.9262453990361674,-0.4738632249932908,-0.30896506634989984
0.8,-0.31815942733367253,0.0,0.4814895446212901,0.0,-0.9028232251129187,0.0,1.0544053001780382,0.7266174253476742,0.0,2,SolvedWithSlack,171093,61887,373235,0.8235149618563465,3.781674401864163e-12,7.455425166114082e-13,-0.5087189902112847,-0.39439757122439906,-2.8090046198630247,1.2786976390771159,-0.16270469966594184,5.015034967479663,0.13934791961722487,-0.4835471448416328,-6.060792480814894,0.4179599834440437,2.578465843830499,-19.888503893296335,4.958885028642915,4.4077014515653925,-1.3852849756867034,2.733334762892827,2.717758104109826,-1.3999754351557891
0.805,-0.32194268416747546,0.0,0.48042723475997284,0.0,-0.9077975682533207,0.0,0.9429428847217515,0.7418763702392619,0.0,2,SolvedWithSlack,152037,60164,323150,0.8285762972448897,5.5871973714261e-13,2.0827783941967937e-13,-0.507205603580935,-0.3974327495263461,-2.840738515829218,1.279629494032071,-0.14699105833075135,4.907233121475006,0.39796869403795454,-0.6839847161515958,-6.527438373328949,0.05503405249658367,3.4935797276027176,-22.63727816484221,4.368834258656233,4.105716796798515,-1.2655573925152834,2.1447114755191263,2.414301697659737,-1.4085797053163125
0.81,-0.325786534976962,0.0,0.4793876664961873,0.0,-0.912275930526149,0.0,0.8731441986772448,0.7575374274554573,0.0,2,SolvedWithSlack,147108,56707,312811,0.3023533732034439,6.516676087642281e-12,2.902678097882472e-13,-0.5047154085374032,-0.40126203563495,-2.874133959942418,1.279194114629353,-0.12746531537887998,4.786388540250281,0.5554511583466962,-0.8171587656573777,-6.773499468565922,-0.16614404056479506,4.159642636924292,-25.154777151084197,-2.188934391537935,0.653963521092886,-0.5140007344458546,-4.411668242156704,-0.8818946258615072,-0.5070944281580402
0.8150000000000001,-0.3296992412494944,0.0,0.47832586911697683,0.0,-0.9166378678210905,0.0,0.8792645467228891,0.7730830989177416,0.0,2,SolvedWithSlack,133662,56958,310867,0.5008314521479567,8.620880719056738e-13,2.0861090632706691e-13,-0.5017754837865717,-0.4056951810707301,-2.9086661590536846,1.2770249056925644,-0.10671630738083403,4.66244884260754,0.6098712482924448,-0.9318396354396631,-6.989227463267623,-0.6096564009807119,4.144911613099786,-24.559293007951062,0.4838273185568476,1.9087426838005432,-0.6313102909621332,-1.6112414406862097,0.23839658479553238,-0.8514134686515262
0.8200000000000001,-0.33368312145512385,0.0,0.47721208589331454,0.0,-0.9210975172125059,0.0,0.9007020303079646,0.7885792666145123,0.0,2,SolvedWithSlack,133182,56106,298374,0.46908890018028143,1.89131918827376e-12,2.739475313262574e-13,-0.4984801705587126,-0.41050590738509024,-2.9427098291439875,1.2733279698458226,-0.08577355297896096,4.537878144036114,0.6923932781852573,-0.9826375705647358,-6.689065577830726,-0.8262931645032475,4.216966799776513,-25.14489505239428,0.2707785630133337,1.7015085998530126,-0.5709369757614261,-1.736168276687125,0.006413901529754296,-0.7974511303064784
0.8250000000000001,-0.33773656780834577,0.0,0.4760367557796897,0.0,-0.9256716680381556,0.0,0.9245685377734403,0.804257086241678,0.0,2,SolvedWithSlack,132641,55975,296750,0.43982099850009154,2.3090418466154006e-12,4.23938661953116e-13,-0.49474500192752163,-0.4156001261321334,-2.9750983799076014,1.268614098672148,-0.06474079161355095,4.410992571703559,0.7838884719979339,-1.043134613325688,-6.338170191094063,-1.020413176579803,4.19995528118403,-25.52854680711006,0.07692328428555417,1.5206386797010711,-0.5195048785083992,-1.8644863673838352,-0.22035400219812107,-0.7476956974501556
0.8300000000000001,-0.3418584859349059,0.0,0.4747913479275319,0.0,-0.9303695047027196,0.0,0.9496995616878317,0.8202256352632767,0.0,4,SolvedWithSlack,142188,96131,349350,0.6427455309241914,8.768097359279636e-12,1.4040990592434355e-12,-0.49052884360942645,-0.4210196974431774,-3.005628780632064,1.2629989323292143,-0.04403183494309726,4.2827006280670465,0.8830899369397687,-1.1110997568559888,-5.953216256240078,-1.191060826853343,4.104216935167875,-25.74315858669689,0.7820969118447376,2.2123845933096367,-0.9959553550004387,-1.3001774928371677,0.8867903555298974,-1.0926674025711254
0.835,-0.3460391572563795,0.0,0.4735755694557278,0.0,-0.9363459563866212,0.0,1.5470123745926996,0.7902668425166413,0.0,2,SolvedWithSlack,134133,68279,314063,0.3667560938135278,2.7426949600339867e-12,9.936458464216305e-13,-0.4883578717946338,-0.4257532553549548,-3.037722189952088,1.258206881333247,-0.026910551402429747,4.181860889568702,-0.013725797323535655,-0.7579420248003985,-6.75485375945903,-0.6384565682413585,2.743417908300282,-15.158850041862387,-0.22776712862122328,1.3155489041295851,-0.4716270453507005,-2.2598794782307605,-0.7415511176202934,-0.6234853594829972
0.84,-0.35025250898099347,0.0,0.4725452686764641,0.0,-0.9463562239179377,0.0,2.249116079534799,0.7543653933869967,0.0,2,SolvedWithSlack,131829,66706,308052,0.31710327819731043,2.468691917556498e-12,6.957767695325856e-13,-0.49081690777955805,-0.427482108888731,-3.0725099266774953,1.2574821121555284,-0.017104014040453676,4.129672151502412,-0.7653309406811953,-0.08140666848229586,-7.1105022321449765,0.12826959711390878,1.556333914974247,-8.031929665085741,-0.26529363848974896,1.2710220558052956,-0.47485953497733163,-2.328966846488444,-0.8890994840543298,-0.5390755729354277
0.845,-0.354469719795539,0.0,0.47157023508625273,0.0,-0.9588427641693981,0.0,2.631516470243397,0.7335663237229798,0.0,2,SolvedWithSlack,143932,68088,320505,0.7473058592759982,1.8935553481774695e-12,1.6507971716493607e-12,-0.4961607328069892,-0.4260773614566196,-3.109463404597651,1.2595547976651438,-0.011259554877294844,4.1002403672565935,-1.2459090828753032,0.516025250531981,-7.5839210246176485,0.5714771739456653,0.9630766898373565,-4.8233486190507,4.801315423519963,3.9447254056418877,-1.2696263450893794,2.7634632170670037,1.6562231023622298,-1.270419960769197
0.85,-0.35865622436448474,0.0,0.47062550920672575,0.0,-0.9724679800590431,0.0,2.7308698861592324,0.7148305032670903,0.0,2,SolvedWithSlack,137069,70833,327459,0.6047652388330429,1.1842909773391298e-11,1.7899015603006774e-12,-0.5022489920082471,-0.42082240302461593,-3.1550412342776246,1.2623015462556835,-0.0067507938886965345,4.079506688073438,-1.157828711224833,1.4048372750516949,-10.107020754242328,0.44826405112058976,0.9598881570923935,-3.8386704784246284,0.7606582842648658,2.059951126151223,-1.028100906016173,-1.3248754735346122,0.718776066449918,-0.9374173175729674
0.855,-0.3627741692786634,0.0,0.4697483986895863,0.0,-0.9862384734758781,0.0,2.7817966227846904,0.700697067985074,0.0,2,SolvedWithSlack,139404,59122,306539,0.6613822130447697,3.2524756997140534e-13,1.6532168731409634e-13,-0.5087145132012847,-0.41184850202962026,-3.2118189186601716,1.2638768065330828,-0.0009365322879538427,4.06118891058853,-1.3843938009958796,2.0534257045337494,-12.160170471525003,0.23696851413310346,1.2853122971510105,-3.642153363094237,3.6511966093946375,3.249711343048208,-1.1243497621761085,1.7229802764337427,1.050807126919425,-1.0505240454326914
0.86,-0.3668358341806656,0.0,0.46886719440377156,0.0,-1.0001735847681938,0.0,2.778530434644407,0.6891267378071816,0.0,2,SolvedWithSlack,135647,57629,304395,0.5570630183479033,3.296918293926865e-12,1.1157741397482823e-12,-0.5153651309656454,-0.3993360332262398,-3.2780216772411572,1.2646651760437868,0.005617166457008905,4.04230258728981,-1.295567130738305,2.8016147560730644,-13.9354255691931,0.11140647241612958,1.3196506570222084,-3.9119747365220587,0.8485584446880479,2.001750274289086,-0.8774440423677003,-1.0534369934199113,0.8561304486942661,-0.9470071311914356
0.865,-0.37084386498708233,0.0,0.46795143351184115,0.0,-1.014218950336573,0.0,2.8428261070274257,0.6805705121749344,0.0,2,SolvedWithSlack,137280,56647,310997,0.31205631838235093,9.450218385609332e-13,7.693845560652335e-13,-0.5224948326859281,-0.38343526461492666,-3.3511048693460177,1.2648849371535873,0.01287317424976099,4.021199188887295,-1.5109443233517619,3.431556562702173,-15.05347018448391,-0.0015875711386222936,1.5385848177323576,-4.446573727949952,-3.18322208122664,-0.6596431310356777,-0.2684506197079779,-4.992901094117615,-2.702152890890891,0.07902320653658501
0.87,-0.3748111500740721,0.0,0.4669553770645888,0.0,-1.0284565715702425,0.0,2.83719173109762,0.6758987650421069,0.0,2,SolvedWithSlack,141858,55685,310757,0.32355113051389617,2.558839854664968e-13,2.349231920106831e-13,-0.5307148510770086,-0.36595556004470386,-3.4251087880052054,1.264741999789793,0.02072240605631427,3.9995266752166736,-1.7328856751725323,3.5374406913733054,-14.635956064343842,-0.04365110330002374,1.5869842393757527,-4.275814551906863,-3.3994506001732656,-0.8079196980348281,-0.10223127230341116,-5.176818088222339,-2.9216185725745407,0.15610760822462302
0.875,-0.3787377279629575,0.0,0.46589270967254,0.0,-1.0425643414417178,0.0,2.8110771251790685,0.6729916279890051,0.0,2,SolvedWithSlack,135746,60113,304676,0.28638518037274957,1.3358203432289883e-12,5.684341886080801e-13,-0.5400044631410346,-0.3480001187461428,-3.4953975172603458,1.2644508996531074,0.028729282895169895,3.9786461075373976,-1.941497356052216,3.6247586073975415,-13.684026712248766,-0.06598933746789365,1.6090447723622292,-4.118546430864256,-1.6699243302536289,-0.15499454295961684,-0.48685480663367425,-3.5017323137064356,-2.905958484598315,0.13620554421235884
0.88,-0.3826221464097206,0.0,0.46478054545881364,0.0,-1.0564098239073374,0.0,2.7322989086788447,0.6698349596896704,0.0,2,SolvedWithSlack,149703,56867,314814,0.5359420880780608,3.304023721284466e-12,5.506706202140776e-13,-0.5497633251806789,-0.3297085197319516,-3.564711314492093,1.264120688376021,0.03639654817897841,3.9587223805098994,-1.9588670386786862,3.6809112667459676,-13.973889133531696,-0.06555721539796791,1.4835555764202688,-3.900268973959832,1.8525633414198197,1.9262176032128189,-0.9111015497327033,0.13824521011921975,-0.013993558124530736,-0.6859673814580197
0.885,-0.38646159737773456,0.0,0.46363242298426477,0.0,-1.0699914566794952,0.0,2.7186399697819246,0.6652608313783325,0.0,2,SolvedWithSlack,137339,55826,301710,0.510355436236704,6.124878382252064e-12,3.1086244689504383e-13,-0.559451933097794,-0.31002356616142124,-3.6380589968406625,1.2637789571714535,0.04363855648302529,3.9378763571483644,-1.9235192095352593,4.108463974408996,-15.113223674972108,-0.0694012391096306,1.4254845624749803,-4.34573690978539,1.4402931607563483,1.5627459592588888,-0.8676042416023968,-0.3991161572058069,-1.3491049228139775,-0.32198818791429934
0.89,-0.39025642645216785,0.0,0.46244635400287876,0.0,-1.0834281763514078,0.0,2.6548634888775187,0.6604303328775032,0.0,2,SolvedWithSlack,131298,55294,295488,0.2518447922234578,1.2718714970105793e-12,3.241851231905457e-13,-0.5686618741878217,-0.2884859074626796,-3.716497480933272,1.263467765642076,0.05022099170606787,3.9159349918158144,-1.7875091328736887,4.441363258967606,-16.052924224574845,-0.05773968629307241,1.2455716516471007,-4.417574060932188,-1.5121851675698124,-0.009251716243461328,-0.42813614677987827,-3.3505398110808784,-2.8519783949384943,0.13200124945949926
0.895,-0.39400635926687294,0.0,0.4612499487485085,0.0,-1.0964738426525562,0.0,2.5796868056181275,0.6575316070555873,0.0,2,SolvedWithSlack,158068,60124,353718,0.41945244751679445,1.5916157281026244e-12,3.4861002973229915e-13,-0.5776185776487012,-0.26592822630160196,-3.7958472968541526,1.2631994890806402,0.05613177948805539,3.894498951653148,-1.7939314291035653,4.557490296852412,-15.749003134355245,-0.05094003047970152,1.1406380085411343,-4.205650620607161,0.6512891909875906,1.1424064546785218,-0.7130691607785505,-1.0287805555249938,-0.9180157014050783,-0.4141746940049579
0.9,-0.3977208669033913,0.0,0.4600245505618085,0.0,-1.109298529852301,0.0,2.5648250151268743,0.6545843664211438,0.0,2,SolvedWithSlack,4899124,55665,5071429,0.265951891641289,1.1546319456101628e-14,7.105427357601002e-15,-0.5865046417084991,-0.24229171440137645,-3.875800203820924,1.2629469980301158,0.061696534153956546,3.872698117327764,-1.7657687255815193,4.840618812741182,-16.142896327569236,-0.04988005115128006,1.0947840078595887,-4.463989717552104,-1.0642784111600485,0.18642784215323716,-0.4521182157901913,-2.733982172968801,-1.873414715137292,-0.1259542441444848
0.905,-0.4014059709677279,0.0,0.4587491014599151,0.0,-1.1221206190080428,0.0,2.564035441370645,0.652891792372559,0.0,2,SolvedWithSlack,5259474,61145,5433623,0.25752731516512317,1.0658141036401503e-14,7.993605777301127e-15,-0.5954497103671023,-0.2176959539364259,-3.955476239818517,1.262703615684302,0.06712163904991263,3.85018785498237,-1.804426308575317,4.970437912035305,-15.799440581205934,-0.047649425686653014,1.0783902195337625,-4.5313813558238305,-1.1958552334911186,0.057314444590034375,-0.43779643578070937,-2.860118174378605,-2.0359742587221037,-0.06984558619038347
0.91,-0.4050648892325208,0.0,0.4574170871144011,0.0,-1.134884256999603,0.0,2.513863725134979,0.6542026283672437,0.0,2,SolvedWithSlack,5364032,57659,5539142,0.3002492429561675,9.769962616701378e-15,4.440892098500626e-15,-0.6044941464688081,-0.19258678835286053,-4.033535814381632,1.2623504501923837,0.07225502378179191,3.8273683799948524,-1.8039993111405253,5.055739914788743,-15.503732931848148,-0.10337626487453289,0.9683761154205632,-4.601718194761667,-0.6934786965217552,0.2401501766737963,-0.5104237130254847,-2.336445136438631,-1.8735671038240167,-0.10665315168525207
0.915,-0.40869704357737574,0.0,0.45602649714114746,0.0,-1.1475080661639163,0.0,2.5298725665930006,0.6524593155533541,0.0,2,SolvedWithSlack,5622990,59001,5802230,0.33104040167425747,1.9539925233402755e-14,1.3433698597964394e-14,-0.6135029835498527,-0.16707772164115275,-4.110590890686284,1.2619474405194526,0.07716575227339179,3.8043134174763336,-1.7993715849744913,5.132025353519828,-15.35188269794827,-0.0675057507288544,0.9859340788413398,-4.621575611448514,-0.881482449231292,0.10344469988530833,-0.5627686828462377,-2.6647032364810936,-2.5550653325340944,0.09412408401078892
0.92,-0.4123112772784018,0.0,0.45461731180547343,0.0,-1.1600880500127217,0.0,2.4998098019116495,0.6512809734919998,0.0,2,SolvedWithSlack,5858475,59032,6056991,0.34711892520657656,6.217248937900877e-15,1.3100631690576847e-14,-0.6223364207074116,-0.14132797408632247,-4.18758747963229,1.2616998182595827,0.08190355041164459,3.781745407889872,-1.7442519118343307,5.161917387247267,-15.429156981971062,-0.03924092647979835,0.9195894009684192,-4.449274115064839,-0.7733645414543533,0.10171000073447294,-0.5901021728511802,-2.5546177955715716,-2.5113171104674987,0.09316655355211792
0.925,-0.41590636577648954,0.0,0.4532023430051858,0.0,-1.172458600188552,0.0,2.4566627982203975,0.6507431378096938,0.0,2,SolvedWithSlack,6010222,59322,6195753,0.357023578594878,1.4210854715202004e-14,8.881784197001252e-15,-0.6308346712918966,-0.11549001919396948,-4.2652101803981655,1.26156142563857,0.08627147808761482,3.7599443572968467,-1.6695341021994061,5.171601595653047,-15.585053817057647,-0.021101255790749885,0.8417134837265206,-4.3083660722482335,-0.7053722906609614,0.06735987861549819,-0.6069400836112926,-2.4813449975257496,-2.485713294041143,0.09824087487856864
0.93,-0.4194844773082476,0.0,0.45177945555449506,0.0,-1.1846090875547415,0.0,2.4123598716060166,0.6508425876785545,0.0,2,SolvedWithSlack,5846453,54744,6018858,0.3599635725424506,1.4210854715202004e-14,1.5765166949677223e-14,-0.6389055135044401,-0.08968499302197643,-4.343732298446728,1.2614926707464063,0.09023665748474655,3.7387731347352955,-1.5771066630613075,5.1543367928992225,-15.780488448475323,-0.009607474210196122,0.7599314466376823,-4.1920126962516875,-0.6727131349229711,0.0023986107934889753,-0.611938073322166,-2.4382998013678034,-2.4747016648366458,0.1084932522682771
0.935,-0.4230485057917378,0.0,0.4503474206196442,0.0,-1.1965395148356963,0.0,2.3687430682010993,0.6515721656164064,0.0,2,MaxIterations,8120338,56798,8289307,0.0,58.229836770666665,6.02951836956397,-0.6464648412829388,-0.06406824647869969,-4.423232601060254,1.2614675601377183,0.0937929992011617,3.718129941261182,-1.4684384552087064,5.103213586382192,-15.976586333546527,-0.0024761643587981564,0.6783916675280844,-4.0932855633179805,0.0,0.0,0.0,0.0,0.0,0.0
0.9400000000000001,-0.42660996249028815,0.0,0.4488575761591919,0.0,-1.2085153955535923,0.0,2.4299987668591583,0.65759762362112,0.0,2,MaxIterations,8195961,58430,8372013,0.0,58.29154920288755,6.0533481438309895,-0.6535984219406616,-0.0388122601318924,-4.497286208805822,1.2614567246347825,0.09821115077277448,3.700173289568336,-1.4005940984989114,5.013918431617622,-14.06448442867938,-0.002046357549825828,1.0166574317126493,-3.27075988627763,0.0,0.0,0.0,0.0,0.0,0.0
0.9450000000000001,-0.43018211894933006,0.0,0.4472358776070232,0.0,-1.220927400217438,0.0,2.517499863926455,0.6655983213763133,0.0,2,MaxIterations,8334773,58551,8512539,0.0,58.438829211672186,6.077457389866149,-0.6604304914155068,-0.014057177985812198,-4.562442485035669,1.2614466528339179,0.10424526613697677,3.6860323968446633,-1.345258726171504,4.906964902617781,-12.369419898108507,-0.0020231959632399155,1.3309210743651079,-2.5449819924478003,0.0,0.0,0.0,0.0,0.0,0.0
0.9500000000000001,-0.43376416263240614,0.0,0.44547974717121186,0.0,-1.2337819397945589,0.0,2.606820635841478,0.6742649699472646,0.0,2,MaxIterations,8189559,57729,8366943,0.0,58.57681383310769,6.051484965299324,-0.6670216503639416,0.010119055452294043,-4.6197025732553145,1.2614361988121705,0.11179640256283514,3.6752666105087104,-1.3017239086539822,4.785736849350774,-10.864118786832655,-0.002148487847666203,1.6277488351807377,-1.9023174372714067,0.0,0.0,0.0,0.0,0.0,0.0
0.9550000000000001,-0.4373550993162833,0.0,0.44358718703819994,0.0,-1.247090591964302,0.0,2.698704777292171,0.6835046019145181,0.0,2,MaxIterations,8337408,74661,8565468,0.0,58.70886887846529,5.985743371606748,-0.673427926378141,0.033654018878617034,-4.669946190323008,1.2614248617325483,0.12078987601666896,3.6674899834432484,-1.2689736421020827,4.6531612582236015,-9.526091653581858,-0.0023576164318520314,1.9110373986576066,-1.333297546797039,0.0,0.0,0.0,0.0,0.0,0.0
0.96,-0.44095273080263353,0.0,0.4415519725622748,0.0,-1.260843783223459,0.0,2.7701053766392643,0.6956096604232386,0.0,2,MaxIterations,8181965,55415,8388795,0.0,58.77426010802386,5.868300133986937,-0.6796730051955563,0.056510100597186176,-4.713994551927122,1.2614067022982054,0.13104793966558473,3.6622057208043985,-1.2334845911141386,4.517062618182592,-8.356125931497852,-0.005055582003221236,2.1286286709239692,-0.8999752548506137,0.0,0.0,0.0,0.0,0.0,0.0
0.965,-0.44455454682473816,0.0,0.4393661584756624,0.0,-1.2750281578169005,0.0,2.8808303406421505,0.7047776467319176,0.0,2,MaxIterations,8446634,63841,8638217,0.0,58.933562366298446,5.7584874443495035,-0.6858184911747336,0.07864375064902625,-4.752513350248534,1.2613876510440245,0.14258236063731394,3.6591977796592534,-1.226702497237933,4.3659417021830045,-7.286479422604903,-0.0032547051257595387,2.4222285762181617,-0.4138378166678577,0.0,0.0,0.0,0.0,0.0,0.0
0.97,-0.44816269321770547,0.0,0.43704461630669306,0.0,-1.2897562995302698,0.0,2.9885680046686476,0.7149253778820674,0.0,2,MaxIterations,8172897,55084,8353148,0.0,59.077989812116996,5.62675877697529,-0.6919426134879839,0.10001051099049556,-4.786061592987248,1.2613726022418545,0.15551465227238886,3.658386955158968,-1.224165717692268,4.211232822481388,-6.340501550029945,-0.0029916934882576202,2.6933987085017175,-0.003503135005617747,0.0,0.0,0.0,0.0,0.0,0.0
0.975,-0.4517740258299743,0.0,0.4345804391060644,0.0,-1.3050189034885846,0.0,3.095073864313624,0.7259615663588239,0.0,2,MaxIterations,8204236,58110,8378706,0.0,59.210796692690906,5.479697605098357,-0.698067560388123,0.12059619068038813,-4.815210918741698,1.2613562601060526,0.16975087672711456,3.6594359703638246,-1.226144279618596,4.054166346405622,-5.503004376549321,-0.003525841790241443,2.947866225355976,0.34443220383581424,0.0,0.0,0.0,0.0,0.0,0.0
0.98,-0.4553845197078044,0.0,0.4319638183278235,0.0,-1.320786404852601,0.0,3.1746727481137955,0.7406014995068851,0.0,2,MaxIterations,8139404,55334,8308844,0.0,59.25585996110101,5.30248355086883,-0.7041824283161803,0.14040682368624388,-4.84049658621523,1.2613313113930558,0.18509595254191247,3.66191958428838,-1.2171518114118702,3.902562002537716,-4.7759273754885845,-0.006472350840402672,3.132197853842914,0.5737559658171472,0.0,0.0,0.0,0.0,0.0,0.0
0.985,-0.4589901308843967,0.0,0.4291842058848581,0.0,-1.3370279586098264,0.0,3.2964265141646516,0.7519468361020406,0.0,2,MaxIterations,8544729,64602,8745609,0.0,59.41129848597835,5.147855549313402,-0.7103294661301015,0.15943109497247895,-4.862344641027411,1.2613020039681426,0.20156022317962619,3.665699019847645,-1.2374691408139231,3.7399887623423393,-4.110141404103832,-0.005685687280488067,3.396302658265923,0.8684449890710922,0.0,0.0,0.0,0.0,0.0,0.0
0.99,-0.46259169799100464,0.0,0.4262523049276394,0.0,-1.353859783662931,0.0,3.412403171927825,0.7646662285310104,0.0,2,MaxIterations,8240736,57388,8431325,0.0,59.539636320426816,5.155807481219167,-0.716577354532063,0.17764879414464835,-4.881107376304323,1.2612725613910885,0.2192718762796659,3.670770870706041,-1.2577316618973042,3.5795342616939654,-3.5240332037995192,-0.006130525187855126,3.6370526983346685,1.1048934449692664,0.0,0.0,0.0,0.0,0.0,0.0
0.995,-0.4661825159428511,0.0,0.4231507606842244,0.0,-1.3711862464788929,0.0,3.5038892331213876,0.7808552879077345,0.0,2,MaxIterations,8173158,59773,8353909,0.0,59.58158610110084,5.411608892630327,-0.722864654282496,0.19509886003520122,-4.89719465454951,1.2612330349442766,0.23791229679526713,3.67664601889408,-1.266647877322779,3.426815676185518,-3.015520445225236,-0.008008894238264891,3.8176736801400377,1.2519769790870752,0.0,0.0,0.0,0.0,0.0,0.0
1.0,-0.4697613608835612,0.0,0.4198821721643504,0.0,-1.389080119772416,0.0,3.6275711276311347,0.7946956744722319,0.0,2,MaxIterations,8314505,58711,8509543,0.0,59.70345464196186,5.701890837907253,-0.729293956434024,0.2117537850678964,-4.910863932517936,1.2611932243905255,0.25772780513944077,3.683496792963442,-1.2982961982263157,3.267703024840868,-2.5541478170959064,-0.008076061372190675,4.056467746034819,1.4420076979617238,0.0,0.0,0.0,0.0,0.0,0.0
1.0050000000000001,-0.4733224937473601,0.0,0.4164345230299502,0.0,-1.4074740760572253,0.0,3.7257231483394615,0.8121058445014525,0.0,2,MaxIterations,8473916,58160,8655850,0.0,59.73185791114155,5.951412550218603,-0.73579398721001,0.22766061509051086,-4.922440819692125,1.2611449133560921,0.27839850813673933,3.6908834240378305,-1.3169664061211241,3.1177657387045095,-2.1548210026329606,-0.009380754108280773,4.235135219697388,1.5517755351606908,0.0,0.0,0.0,0.0,0.0,0.0
1.01,-0.47686435938389965,0.0,0.41281115234875704,0.0,-1.4264509265665406,0.0,3.819825890736175,0.8307652093639147,0.0,2,MaxIterations,8302743,59573,8488403,0.0,59.72919980811106,6.190875029043518,-0.7424510779691496,0.24280250521987393,-4.932132509218502,1.2610947561392203,0.3001268601974832,3.6989490831456124,-1.33491727777597,2.9718477411268673,-1.802708680316411,-0.010861814453198393,4.397903004421786,1.630401494195434,0.0,0.0,0.0,0.0,0.0,0.0
1.0150000000000001,-0.4803815078017889,0.0,0.409002120110584,0.0,-1.4459599972327926,0.0,3.954429261933226,0.8464581429892957,0.0,2,MaxIterations,8222802,67237,8421427,0.0,59.82142655179815,6.484600342640016,-0.7492696869422081,0.2571986188198372,-4.940165703500735,1.2610419281401664,0.32284983749120094,3.7075650587855904,-1.381797560652907,2.818477809962553,-1.4818516669327026,-0.010535763182983297,4.637046399016674,1.7773990900321202,0.0,0.0,0.0,0.0,0.0,0.0
1.02,-0.4838698333606738,0.0,0.40500334959680734,0.0,-1.4660002737399171,0.0,4.056808019145922,0.8662289276019896,0.0,2,MaxIterations,8464468,84159,8691537,0.0,59.794692724859125,6.730837743243192,-0.7562114383950196,0.2708852456031477,-4.946750556308336,1.2609839816259911,0.3463839898745488,3.7164936579603807,-1.4097753289698762,2.677077065481977,-1.2060250058781423,-0.011392662681926603,4.804109142632863,1.842030184729495,0.0,0.0,0.0,0.0,0.0,0.0
1.025,-0.48732541052215084,0.0,0.4008117982285281,0.0,-1.486587504132871,0.0,4.160327136296279,0.8867840641146494,0.0,2,MaxIterations,8984330,60825,9208103,0.0,59.74359751283168,6.978061780248556,-0.7633205403143152,0.28386681960609034,-4.952045548872168,1.2609236506184338,0.3708044607641434,3.7257782716286165,-1.440358267422837,2.539048804607178,-0.9622189230600406,-0.01204633644452049,4.967490549284005,1.8968547895886712,0.0,0.0,0.0,0.0,0.0,0.0
1.03,-0.49074392202402967,0.0,0.3964239885218847,0.0,-1.5077300673283704,0.0,4.263820782745857,0.9081977511945544,0.0,2,MaxIterations,8157739,58430,8350092,0.0,59.66190137408545,7.2257334193887655,-0.7706125182850809,0.29615991218458276,-4.956201079263214,1.2608617427022717,0.3960995127844922,3.735380656292692,-1.472566456290699,2.4048448051603866,-0.7469380989896955,-0.012510714516467724,5.124814855836543,1.9411305952345574,0.0,0.0,0.0,0.0,0.0,0.0
1.035,-0.4941203994585106,0.0,0.39183448809674437,0.0,-1.5294014346743368,0.0,4.370524994468321,0.9301911575972241,0.0,2,MaxIterations,8248651,59673,8432297,0.0,59.55532626869005,7.479348538219497,-0.7780780450359679,0.30779096135974315,-4.9593555609084525,1.260798421730067,0.4221864420118862,3.7452038040775526,-1.5087671493516306,2.2737186901765973,-0.5564606778696786,-0.012712533296170201,5.28338593134143,1.9848054746095114,0.0,0.0,0.0,0.0,0.0,0.0
1.04,-0.49745069757010857,0.0,0.3870423382084201,0.0,-1.5516428227971844,0.0,4.474823247138163,0.9531730373661154,0.0,2,SolvedWithSlack,377193,58591,551822,0.9685208134226092,6.259881502046483e-12,1.4019896354966477e-12,-0.7857545517427552,0.3187689718957851,-4.961621172541353,1.260734952769673,0.44912356597347963,3.7552958118493223,-1.544588052401356,2.147200835413959,-0.3885616250245377,-0.012821870404024441,5.4310603654089284,2.015754942521122,-5.399948484542864,-3.805913995650382,-0.6233357386047296,-7.610151260231016,-6.4425932581249015,1.6464853828184356
1.045,-0.5007509726363315,0.0,0.38211474480224805,0.0,-1.5740191336458778,0.0,4.415429571311812,0.9665894528457892,0.0,2,MaxIterations,9351183,97754,9580116,0.0,58.47920670264567,6.081179453181696,-0.7931671999946751,0.3256282380886279,-4.9698040652609,1.260669500174348,0.4756716969701313,3.7701450168335464,-1.43534607089016,0.8683888201290801,-2.4464998209591533,-0.021030875419410837,5.128282604409766,3.7259095692466606,0.0,0.0,0.0,0.0,0.0,0.0
1.05,-0.5040290405784357,0.0,0.3770849061444767,0.0,-1.5963963295968695,0.0,4.537071858052915,0.9827148057483854,0.0,2,MaxIterations,8973359,77135,9213092,0.0,58.33967600429199,6.349359235770167,-0.8006205293211368,0.329722780882615,-4.981001441910136,1.260583794038038,0.5025037189404421,3.7876636402557162,-1.525384163786125,0.787422352126456,-2.1074344733425505,-0.015256319388329987,5.502344332519733,3.3866051397722683,0.0,0.0,0.0,0.0,0.0,0.0
1.055,-0.5072565340367072,0.0,0.3718560850189096,0.0,-1.6194998194908692,0.0,4.673965549473906,1.004605208249122,0.0,0,MaxIterations,7984210,56396,8159822,0.0,58.20021642910547,6.68958646285812,-0.8084797965079715,0.33344180577201804,-4.990628493056445,1.2605146396956701,0.5307887293106293,3.804011053285265,-1.6012240740171124,0.7157269177682043,-1.808964790052797,-0.013202109701870541,5.747730565732029,3.2043571771235277,0.0,0.0,0.0,0.0,0.0,0.0
1.06,-0.5104245447025993,0.0,0.36641955426584616,0.0,-1.6432356504424175,0.0,4.793458516731552,1.028445021982195,0.0,2,MaxIterations,7972959,58821,8149944,0.0,57.99033339576114,7.055332031137114,-0.8166555568879496,0.3368312146019745,-4.998868928566602,1.260437855094414,0.560008425927385,3.8195951270258144,-1.6392543857584627,0.6588773806226089,-1.5461225029222825,-0.016568566082670756,5.850962362360835,3.0208352526743973,0.0,0.0,0.0,0.0,0.0,0.0
1.065,-0.5135278849793672,0.0,0.3607604404269282,0.0,-1.6672027639236808,0.0,4.830810190421145,1.0591643703885947,0.0,2,MaxIterations,9163278,61527,9350562,0.0,57.59736515349772,7.181123949818496,-0.8248439274913518,0.33999865006612806,-5.005893033206133,1.2603020836757342,0.5892573848843916,3.834009402382871,-1.6671860778118168,0.6068441397226885,-1.3124376830752724,-0.04584859842447064,5.95438756725806,2.877221981981418,0.0,0.0,0.0,0.0,0.0,0.0
1.07,-0.5165603427453378,0.0,0.35489542974152916,0.0,-1.691745111661255,0.0,4.956058797586542,1.0820936834668415,0.0,2,MaxIterations,7976476,50796,8146237,0.0,57.3834746810212,7.507992405009478,-0.8333943709972446,0.34283859297950275,-5.011813413162667,1.2599083363123063,0.6198094962684845,3.8483739022898646,-1.7355231036824712,0.5433322526100722,-1.1018363267778717,-0.10113555132107564,6.204874003555768,2.8636532776745613,0.0,0.0,0.0,0.0,0.0,0.0
1.075,-0.5195178194566497,0.0,0.34881871280199683,0.0,-1.7167163079034118,0.0,5.013424745383046,1.1117433996164447,0.0,2,MaxIterations,8064964,59763,8241196,0.0,56.96352215245556,7.717240715898493,-0.8420932304408075,0.34542847678775157,-5.016753438087735,1.2593528447607865,0.6508648209416478,3.862145419276791,-1.7533324044829088,0.4979025114887703,-0.9148764060286934,-0.13129216854273296,6.266527382758478,2.7210772300463635,0.0,0.0,0.0,0.0,0.0,0.0
1.08,-0.5223950154057383,0.0,0.34253346604085033,0.0,-1.742114937174301,0.0,5.120152384120628,1.13592188278355,0.0,2,MaxIterations,8166515,58931,8356254,0.0,56.67819970955414,8.01274901381429,-0.8510348147337818,0.3477474857369784,-5.020818942622009,1.2584357495319929,0.6829813369453198,3.8757636359050305,-1.8087561392990488,0.44222053049433735,-0.7477965264302181,-0.21734582630639604,6.517649836019361,2.7174685684079467,0.0,0.0,0.0,0.0,0.0,0.0
1.085,-0.5251894085683237,0.0,0.3360368134275334,0.0,-1.7678365649136636,0.0,5.17112975772141,1.1659997889914697,0.0,0,MaxIterations,7988939,56868,8171956,0.0,56.2101021856051,8.208215061390334,-0.8600513038833792,0.34985641753087005,-5.024100210181256,1.2572951066561227,0.7154484473174823,3.888748331458421,-1.822187864005253,0.40155705033812084,-0.5981143100682662,-0.268874884472955,6.59307267694478,2.5966315335825603,0.0,0.0,0.0,0.0,0.0,0.0
1.09,-0.5278939470786765,0.0,0.32933732711624225,0.0,-1.7939646951909014,0.0,5.258746403296959,1.1915573917668594,0.0,2,MaxIterations,7961638,53330,8130607,0.0,55.792424408475846,8.50742692677589,-0.8692780118701544,0.3517240486211413,-5.026685579209457,1.2556562644017162,0.7490593567141121,3.901652253036621,-1.8461728226214755,0.3593677123385727,-0.46425643086080526,-0.34393074369637816,6.730122391286216,2.5197341314151833,0.0,0.0,0.0,0.0,0.0,0.0
1.095,-0.5305096400315478,0.0,0.3224275635498499,0.0,-1.820322699700742,0.0,5.302125773254044,1.2221084998918184,0.0,0,MaxIterations,7905261,50675,8063891,0.0,55.32886079736926,8.64401665824717,-0.8785526052036154,0.3534084946597634,-5.028642345863196,1.2537077373749435,0.783040561559247,3.913988111658042,-1.8729247404391152,0.31870475564885686,-0.34540458246203304,-0.44485044127453793,6.912542369430653,2.477563667206932,0.0,0.0,0.0,0.0,0.0,0.0
1.1,-0.5330275608470108,0.0,0.31531949945356796,0.0,-1.8470339764829666,0.0,5.354877953880884,1.2512636841698987,0.0,2,MaxIterations,8005441,56326,8175102,0.0,54.7449340833411,8.87619439172006,-0.8879657104549971,0.35489376093693603,-5.0300431149655624,1.2512225386349092,0.8179789558336171,3.926146867784919,-1.8710453968471172,0.28775685798973744,-0.23650091689217967,-0.4932066946905666,6.925713693356313,2.3352615526829834,0.0,0.0,0.0,0.0,0.0,0.0
1.105,-0.5354505053170908,0.0,0.3080057832918893,0.0,-1.873933844020298,0.0,5.407906565376126,1.279903645616635,0.0,0,MaxIterations,8293285,55304,8464918,0.0,54.32335598364094,9.020663902995915,-0.8974377957811567,0.35621345216067646,-5.030943323180052,1.2482753442130585,0.8535101008669618,3.937933332447152,-1.9073380889213258,0.24906635398078025,-0.14361684572218278,-0.6492919440412269,7.211226095474941,2.362244620327998,0.0,0.0,0.0,0.0,0.0,0.0
1.11,-0.5377704650702959,0.0,0.30049660374912884,0.0,-1.9011037405295061,0.0,5.4511921600004,1.3095051754627476,0.0,2,MaxIterations,8316378,62458,8507199,0.0,53.682389968774906,9.221013886680366,-0.9069763228942808,0.35737548950195136,-5.031396777757198,1.2448049880883698,0.8897195167941003,3.9494278161684524,-1.9028835458617817,0.22277990505429318,-0.05593595886737469,-0.7105312275986574,7.2264024548194685,2.238127314259815,0.0,0.0,0.0,0.0,0.0,0.0
1.115,-0.5399885651011214,0.0,0.2927893388837578,0.0,-1.9284527475154922,0.0,5.491343354496539,1.3390509849016985,0.0,2,MaxIterations,8093036,54873,8289117,0.0,53.200661413317924,9.337833666745158,-0.9165730557625447,0.3583939469734503,-5.03145349785751,1.2407456184985592,0.9266571953061,3.960696383714446,-1.9282230526103856,0.19176578682480358,0.017491398312681775,-0.8748879146148378,7.480659280842779,2.256102016921266,0.0,0.0,0.0,0.0,0.0,0.0
1.12,-0.5421031095148174,0.0,0.28488628221939816,0.0,-1.9559607397721936,0.0,5.514331412453435,1.370943937253473,0.0,2,MaxIterations,8197324,60254,8386541,0.0,52.53754443462165,9.45692643431634,-0.9261565642075504,0.35929506661048477,-5.031144559375125,1.2362793935379197,0.9638030793250374,3.971498761552506,-1.924287148213771,0.1696073989341676,0.08724591174708868,-0.9603318538327672,7.522607559893711,2.167802809874437,0.0,0.0,0.0,0.0,0.0,0.0
1.125,-0.5441064367872948,0.0,0.27679702538616685,0.0,-1.9836666224357422,0.0,5.557133886780949,1.3988102142833085,0.0,2,MaxIterations,8147138,57819,8329092,0.0,51.98657207626957,9.638248478041435,-0.9358306217771946,0.3600688782253158,-5.0305321722870175,1.2309679826144384,1.0020934952795666,3.9823837163157885,-1.9402659486876752,0.145475362368553,0.14529939529929842,-1.125923568629948,7.735838501066089,2.1770733356908494,0.0,0.0,0.0,0.0,0.0,0.0
1.1300000000000001,-0.5460015139200725,0.0,0.26851877177358,0.0,-2.0115036081098245,0.0,5.571564733586478,1.4314849700370451,0.0,0,MaxIterations,8142190,53692,8319284,0.0,51.240179409375244,9.963446890585667,-0.9454862799413035,0.3607460120595395,-5.029626884890337,1.2251993793943527,1.0405724947797415,3.9928831856868015,-1.930675221248109,0.12813078301370487,0.2024090388476402,-1.1997514100623714,7.726797132624319,2.0817386635271404,0.0,0.0,0.0,0.0,0.0,0.0
1.135,-0.5477848691508094,0.0,0.26005695035083004,0.0,-2.0394641548623786,0.0,5.604268109364733,1.4596091886342342,0.0,0,MaxIterations,8072608,53552,8234664,0.0,50.54185633691637,10.425464295376575,-0.9551663741938774,0.3613310508143457,-5.028475220336801,1.2187090972448433,1.0797278947794064,4.00332119426195,-1.9312288066602756,0.1109746626570363,0.2507795320565708,-1.3231436782877168,7.813554213204414,2.0470660777375276,0.0,0.0,0.0,0.0,0.0,0.0
1.1400000000000001,-0.549456227352135,0.0,0.251413630251706,0.0,-2.0675259996024065,0.0,5.622899463321871,1.4900386683873652,0.0,2,MaxIterations,8300368,70222,8498733,0.0,49.83079472428133,10.871093538093996,-0.9648445184404728,0.36183783123933394,-5.027099120106834,1.2115823866986608,1.1193029765456848,4.0136160816472435,-1.930732745771595,0.09601318100238566,0.2936148086502687,-1.4512143363617247,7.894675670918827,2.022006130083654,0.0,0.0,0.0,0.0,0.0,0.0
1.145,-0.5510143098299355,0.0,0.24259243469940164,0.0,-2.09567449788715,0.0,5.638716891162248,1.5203672406482458,0.0,2,MaxIterations,8478765,64442,8686387,0.0,49.20481586807125,11.439077598001353,-0.974525888369925,0.3622763690075164,-5.0255288999885215,1.2037361384073224,1.1593861852866574,4.02387842478193,-1.938918511309834,0.08254032891270349,0.32737294879443674,-1.6429167686092192,8.085480354220547,2.067230760197408,0.0,0.0,0.0,0.0,0.0,0.0
1.1500000000000001,-0.5524571230637731,0.0,0.23359803918551075,0.0,-2.1239011604819225,0.0,5.651629777442844,1.5506972370016947,0.0,2,MaxIterations,8125307,58481,8312551,0.0,48.44589511464586,11.914262545910214,-0.9841938743476027,0.3626574542968673,-5.02378276981878,1.1952335189277536,1.1997780234907423,4.034066776103581,-1.9360351570816892,0.07196048907975805,0.360516077314798,-1.778523569591208,8.148289122905823,2.058944768219992,0.0,0.0,0.0,0.0,0.0,0.0
1.155,-0.5537839044670474,0.0,0.22443413601445159,0.0,-2.1521911819353163,0.0,5.662090274669406,1.5809344458683041,0.0,0,MaxIterations,8144664,55916,8321017,0.0,47.65929126019436,12.397083615163451,-0.9938541357938504,0.36298999399552134,-5.021886010363433,1.1860044424344827,1.2405394257268882,4.044281022074956,-1.9325548217630704,0.06315196926978295,0.3896340267315831,-1.915460537443992,8.199068405022803,2.0580345948759042,0.0,0.0,0.0,0.0,0.0,0.0
1.16,-0.5549911519177433,0.0,0.21510770523885547,0.0,-2.180538744862433,0.0,5.673845146136958,1.6093024294158693,0.0,2,MaxIterations,8102204,55926,8270441,0.0,46.80855204186135,12.863168553352446,-1.0035176903635485,0.36328359509421315,-5.019866353933291,1.1759271599524677,1.2818141138908516,4.054667677948326,-1.9274357115992742,0.05564359864351422,0.4162933335499155,-2.037644057164869,8.209926575391911,2.047066103831176,0.0,0.0,0.0,0.0,0.0,0.0
1.165,-0.5560833387487882,0.0,0.20561738922544115,0.0,-2.2089193695819156,0.0,5.679544629101091,1.6391283291545369,0.0,2,MaxIterations,8323461,62028,8502660,0.0,46.068169744480244,13.502985767999565,-1.0131661895257933,0.3635466298665494,-5.017733288313135,1.1651109769153452,1.3233180478171978,4.065151429662207,-1.9306937660089425,0.05075814853445375,0.4333624842064744,-2.242762196990563,8.351430116686574,2.1258453923599165,0.0,0.0,0.0,0.0,0.0,0.0
1.17,-0.5570558839576394,0.0,0.19597197681861245,0.0,-2.2373322883618556,0.0,5.683685586828392,1.6689481204479037,0.0,2,MaxIterations,8406548,66145,8616455,0.0,45.18329869950651,13.996694229105325,-1.0228045932413257,0.36378649814623737,-5.0155058626088325,1.153510620470221,1.3650572303756816,4.07580567595888,-1.9261727400911723,0.04648275738392522,0.45260534187585844,-2.378796939571162,8.355351361865164,2.1429256404266175,0.0,0.0,0.0,0.0,0.0,0.0
1.175,-0.5579091401477361,0.0,0.18617535300491764,0.0,-2.2657627477626816,0.0,5.687349778956147,1.6962232412139215,0.0,2,MaxIterations,8127261,55876,8317119,0.0,44.35731985958035,14.66084600354034,-1.0324420874176827,0.3640137494799776,-5.013209688718448,1.140992290737356,1.4071685623119754,4.086797642222172,-1.9281184821586215,0.044885707170585286,0.463508984944485,-2.5839279774884867,8.45930737761353,2.232884179718681,0.0,0.0,0.0,0.0,0.0,0.0
1.18,-0.5586398727053102,0.0,0.1762355742502969,0.0,-2.2942045258594983,0.0,5.688763601019119,1.7236464925512178,0.0,2,MaxIterations,8257407,57579,8432908,0.0,43.46639297947875,15.297029797171527,-1.042085087483079,0.3642359291626236,-5.010863313752574,1.127498533408402,1.4496585275889153,4.098204199031316,-1.9288475288360998,0.044274949845664255,0.47285731094612454,-2.7742029682320752,8.519448368798221,2.313374364818385,0.0,0.0,0.0,0.0,0.0,0.0
1.185,-0.5592523393296248,0.0,0.16615248435107147,0.0,-2.322649107219392,0.0,5.688873393619962,1.7525453122254395,0.0,2,MaxIterations,8316859,59793,8511657,0.0,42.468868626870204,15.795301418822193,-1.0517173827408963,0.3644530664992745,-5.0084613625740415,1.113247269246573,1.492086466821444,4.109846509543492,-1.9254307730857843,0.04334740079471872,0.48425458214641653,-2.910731739419544,8.47599437657627,2.350123101922184,0.0,0.0,0.0,0.0,0.0,0.0
1.19,-0.5597456326815398,0.0,0.1559325151054439,0.0,-2.3510845344738645,0.0,5.685736524636131,1.7783168805762901,0.0,2,MaxIterations,8211811,59823,8397181,0.0,41.53465492529724,16.512973052332573,-1.0613535267981224,0.36467802733529253,-5.006034815652778,1.0980191185859882,1.5347029748355367,4.121983651931064,-1.9283914545254948,0.04615863499834544,0.48586206170345453,-3.1336423497401262,8.54911066184759,2.477342738092402,0.0,0.0,0.0,0.0,0.0,0.0
1.195,-0.5601157045885166,0.0,0.14558608974149376,0.0,-2.379500703003231,0.0,5.681401056206947,1.8038375065126704,0.0,2,MaxIterations,8117723,56617,8289889,0.0,40.53507646562215,17.212546482599823,-1.0710046804334994,0.36491891911911706,-5.003604640899818,1.0817056679383472,1.5775774097652142,4.134737717018195,-1.9315343665361546,0.049628420792814244,0.4858853335731913,-3.348357808400936,8.588694065171785,2.600054679099144,0.0,0.0,0.0,0.0,0.0,0.0
1.2,-0.5603636388473278,0.0,0.13511790953307573,0.0,-2.407891394998831,0.0,5.675785833522738,1.8287868883644587,0.0,2,MaxIterations,8253930,63660,8437466,0.0,39.47949346750403,17.912576442579486,-1.080673933143637,0.3651796750062312,-5.001180953917316,1.064318206007853,1.6205861102734642,4.148120299542901,-1.9355446293002798,0.05395698992739138,0.4836348486135544,-3.564182273429076,8.608415725891016,2.7287369762051568,0.0,0.0,0.0,0.0,0.0,0.0
1.205,-0.5604898903338207,0.0,0.12453390047551902,0.0,-2.4362499049845234,0.0,5.6687885849198665,1.852929998928352,0.0,2,MaxIterations,8391921,64552,8588792,0.0,38.37001642144757,18.624770497951456,-1.0903670544602675,0.3654649664287616,-4.998776528515826,1.0458326909198468,1.6636547314813543,4.162178979770206,-1.940878380993534,0.05926093163081127,0.4786669067534575,-3.786926654821449,8.615980657697989,2.8688159209170623,0.0,0.0,0.0,0.0,0.0,0.0
1.21,-0.5604945670851853,0.0,0.11384095084520997,0.0,-2.464569039606079,0.0,5.660317308486785,1.8760775341171656,0.0,2,MaxIterations,8164601,60554,8353838,0.0,37.93817464678096,19.35618949067288,-1.1000917147773035,0.36577986503982873,-4.996405901165032,1.0262026783288574,1.7067357658121751,4.176979601426937,-1.947876516159386,0.0655988503278403,0.4706786635983194,-4.020333277311308,8.615442131581585,3.0229797167138197,0.0,0.0,0.0,0.0,0.0,0.0
1.215,-0.5603776017640911,0.0,0.10304677938377794,0.0,-2.4928412050169837,0.0,5.650300250889211,1.8980605041425942,0.0,2,MaxIterations,8358919,61676,8542685,0.0,38.33395823241809,20.11078904695859,-1.109857121704759,0.3661296120493209,-4.994084881842718,1.0053668088047139,1.7497949715302397,4.192596529939776,-1.9568307806197427,0.07299035791122754,0.45944028424519023,-4.266972544684964,8.608672831093083,3.1923905432800375,0.0,0.0,0.0,0.0,0.0,0.0
1.22,-0.5601388551334635,0.0,0.09215989283701223,0.0,-2.5210585088872732,0.0,5.638685301594593,1.9187133597601573,0.0,2,MaxIterations,8184359,61606,8370731,0.0,38.74070042400147,20.890444109020745,-1.1196738983327155,0.36651946652951317,-4.991830329476975,0.9832528762658781,1.792803372053505,4.209107060520853,-1.9680224166347327,0.08142986164410651,0.44475060529826377,-4.528804686494769,8.596271570945664,3.3773066655033728,0.0,0.0,0.0,0.0,0.0,0.0
1.225,-0.5597781789673367,0.0,0.0811896070349969,0.0,-2.549212846315157,0.0,5.625435723052897,1.9378622290073408,0.0,4,MaxIterations,8542856,72597,8748223,0.0,39.15957484636342,21.695586393220687,-1.1295541055307536,0.3669546091762201,-4.989660100770083,0.9597797683663071,1.8357326095492983,4.226587870007709,-1.9817456728146647,0.09089595122058443,0.4264080275825801,-4.807527400803876,8.578098038628154,3.5773730447288825,0.0,0.0,0.0,0.0,0.0,0.0
1.23,-0.5592986500511311,0.0,0.07047619803662601,0.0,-2.576238311117968,0.0,4.552873210210977,1.6739174972314572,0.0,2,MaxIterations,8183477,68179,8376702,0.0,38.168057636676565,24.611902816586767,-1.1384501812263597,0.36817360144852745,-4.9894914734433815,0.9319749720896093,1.880243225526015,4.242940655290189,-1.3114144960980076,0.5800542508282414,-0.8349239925466574,-6.979959622561452,9.655743544674413,2.3705322080192,0.0,0.0,0.0,0.0,0.0,0.0
1.235,-0.5587301897803777,0.0,0.06477566371825304,0.0,-2.58725938921127,0.0,0.9614298511270434,0.7034909858863243,0.0,2,SolvedWithSlack,156596,64211,335694,0.5587052826039461,2.6129500426848583e-12,9.802159084415507e-13,-1.1418617372866726,0.37359083503878093,-5.000100447532001,0.8869269713382781,1.933908104748451,4.24773023654998,-0.3693704426077211,1.3486796632950953,-2.787027049719882,-10.067668760939608,11.26606847322491,0.2081136152902232,-2.62939126142771,-1.500965978747389,-0.5226341917931334,-2.5931837548923085,-3.889912857315799,0.9497989804267084
1.24,-0.5580653216413518,0.0,0.06301225536078806,0.0,-2.586253584301212,0.0,0.8020228589305078,0.2421815537782994,0.0,2,SolvedWithSlack,150394,63309,321718,0.5776637704462141,3.382183422218077e-12,2.7200464103316335e-13,-1.1426762461205286,0.38027070097335186,-5.02221505152479,0.8329820718193264,1.9878209892048628,4.253741554755131,-0.06949966312018299,1.2912658461345987,-5.375385239474138,-11.118448783284881,10.360540872833822,1.9358551882552268,-2.458481447937246,-1.4641541790542585,-0.5028082369527069,-2.482448971964077,-3.993662484828724,0.9820284097585639
1.245,-0.557339288799236,0.0,0.06320746975758922,0.0,-2.57951966955111,0.0,1.6217846695621798,0.19124518038640612,0.0,2,SolvedWithSlack,157046,64271,329081,0.6135128160560134,9.947598300641403e-12,2.676858734673715e-12,-1.1427184203689398,0.3859792249024967,-5.05445577655397,0.7766651564762956,2.0351708625061775,4.2698925296730135,0.01204987522520557,1.023653591382651,-7.080490567136449,-11.28011533340235,8.823458356880424,4.116333772565132,-2.2582643631583204,-0.3566277693380592,-0.3308033077150082,-2.3283349291311874,-4.3366819592378985,1.0429717872952227
1.25,-0.556588728441908,0.0,0.06426919544624064,0.0,-2.570273149471931,0.0,1.956020299859756,0.24724395133228783,0.0,2,SolvedWithSlack,141477,69381,318482,0.5952279855694096,1.6918022538447985e-11,2.998712389512548e-12,-1.143220297103056,0.3917416877811837,-5.091621816635706,0.7212119442607723,2.073354433925874,4.297774996788083,-0.18359421381687863,1.226602459615929,-7.630101623491357,-10.924676406107023,6.821871212402558,6.544469856293114,-1.9308583407256976,-1.059642851221315,-0.422933841906706,-2.0590667044651365,-4.025932872301607,1.0118875754679963
1.2550000000000001,-0.5558420945271917,0.0,0.06561556864847483,0.0,-2.560166314005632,0.0,2.0424391221287235,0.2606707026020929,0.0,2,SolvedWithSlack,150595,72106,333199,0.5515126356854841,8.066436407716537e-12,4.347633364432113e-13,-1.144345258707473,0.3969824600734525,-5.132024742717185,0.6682311064143607,2.101425066754081,4.3373639942253535,-0.25701309510670334,0.9262797931703455,-8.354734744935023,-10.359414909923698,4.800262321951091,8.81510790350334,-1.5568173144797688,-0.13542597441692378,-0.272665736848859,-1.6604679845285242,-3.717208753444278,0.937571480665323
1.26,-0.5551149617315722,0.0,0.06695354324551006,0.0,-2.5499868342978123,0.0,2.0237783173524226,0.24583189037057449,0.0,2,SolvedWithSlack,148240,68930,327408,0.46620115586574346,1.861725242382293e-12,3.9324099532223045e-13,-1.1462430182568868,0.40202379869385185,-5.173859608719741,0.6183404475421268,2.119525852254701,4.387192919389837,-0.46193522163796435,1.060249508562066,-8.369001255684223,-9.7185594906232,2.8331897855410486,10.71133859601503,-1.1663365551635045,0.013748176575899652,-0.2357945625747576,-1.230770766585096,-3.0059689182888567,0.7925419649717639
1.2650000000000001,-0.5544096415172378,0.0,0.0681497044334151,0.0,-2.5400130506651943,0.0,1.974276068287344,0.2206716133339605,0.0,2,SolvedWithSlack,150555,60324,316989,0.35448928671203994,1.2008172234345693e-12,3.198552533945076e-13,-1.1490794153662076,0.407749754262664,-5.215332567704072,0.5715149031868814,2.1286239006387038,4.444717901766117,-0.6369339831799017,1.2006878859807584,-8.245362754357965,-9.130348232855674,1.1476792241696199,12.016144244024352,-0.8783300539685275,-0.7746870788488294,-0.34328810279324584,-0.9145545548035198,-2.008696835590013,0.6026317874104679
1.27,-0.5537217517418738,0.0,0.0691561037339479,0.0,-2.530284894410691,0.0,1.9282458500745663,0.1963375329064254,0.0,2,SolvedWithSlack,137179,58230,300968,0.26745364816748096,3.559819106158102e-12,5.376692006624755e-13,-1.1522250088106163,0.41272662436440205,-5.257541140383078,0.5272049439808383,2.1306518217615036,4.50663970046743,-0.6241375570954426,0.8611665101340411,-8.56739276825247,-8.686652239877157,-0.08357183047723582,12.619393795400718,-0.7079364146766078,-0.46761660006636674,-0.29239680844801846,-0.6861194075271964,-1.4474118461766634,0.45467120188471766
1.2750000000000001,-0.5530433555721358,0.0,0.06996821157805201,0.0,-2.520726491441088,0.0,1.9042089609994464,0.1790256893484113,0.0,2,SolvedWithSlack,145786,64712,316398,0.20219378236622634,1.0089706847793423e-12,3.1874503036988244e-13,-1.155388789684015,0.4165007913905473,-5.300704220111978,0.4847848791751939,2.127361908336161,4.569929841036019,-0.6381351915110511,0.685775581202711,-8.675110283165594,-8.353787962233998,-1.033947741301333,12.680116255757955,-0.5156348207859599,0.2590050981740397,-0.1759405057856697,-0.4040587286785891,-1.0209810561022301,0.34372943002258477
1.28,-0.5523645340514225,0.0,0.0706014559026575,0.0,-2.5112048218795753,0.0,1.90824810284644,0.1711686566219381,0.0,2,SolvedWithSlack,148740,57659,311819,0.12531428733667385,5.5280224842135794e-12,6.75626221635639e-13,-1.1589108793324667,0.4205519830770256,-5.343095973844463,0.4437710749228946,2.119977381251319,4.632386941192361,-0.7472025023269961,0.8925379410417905,-8.353585032281103,-8.107260569741252,-1.7646384939092494,12.36716014546311,-0.6454758408204,-0.7529799077549595,-0.21303428847234554,-0.4727194155154494,-0.33058134889756013,0.18431075951410902
1.285,-0.5516761583912599,0.0,0.07107870067997522,0.0,-2.5015898052433116,0.0,1.9355541200532875,0.17190502680785064,0.0,2,SolvedWithSlack,1030777,58380,1195869,0.08101355554283252,2.842170943040401e-14,1.5987211554602254e-14,-1.162476194668062,0.42403916602225217,-5.384523979919024,0.40348666152755236,2.1101377532434515,4.691700970412653,-0.6903905463253994,0.5696715377609494,-8.2419138243053,-8.027706210325574,-2.096397761722761,11.535958498443858,0.09170611356631318,0.32154095594923043,-0.13772304442281527,-0.7382488807029729,-0.9069023212941483,0.11948283767448434
1.29,-0.5509682786532965,0.0,0.07142351908034143,0.0,-2.491735135959272,0.0,1.9999985570656307,0.18052083653606807,0.0,2,SolvedWithSlack,3309561,62858,3480183,0.04996699690138365,7.105427357601002e-15,1.7763568394002505e-15,-1.1659744042391307,0.4273846465573153,-5.4246501410572545,0.3635275980853341,2.0981245582687102,4.7463158361323075,-0.70466822287494,0.7348001656332752,-7.887204910341123,-7.97197544149547,-2.5996043775093356,10.526732486454925,-0.7994719504221384,-0.7167936586505046,-0.07215364261816484,-0.48720177144853777,0.16446711629988855,0.018515729541575297
1.295,-0.5502329704532721,0.0,0.07165755097425637,0.0,-2.4815228436302257,0.0,2.070030250140822,0.19207498230740375,0.0,2,SolvedWithSlack,5789595,61386,5965698,0.1714962721290524,1.2984090859018642e-14,3.552713678800501e-15,-1.1694032849932388,0.4302804613977654,-5.462394513632533,0.323427256060578,2.085180069849574,4.7951544544169,-0.6731367701202793,0.4767502844140009,-7.3309229231528255,-8.055005181778668,-2.5764663937767316,9.278503150986012,-0.5863796540193766,-0.437413063693115,-0.2915436626193891,-0.4057165761499938,-0.006047871902734009,0.07598873447815163
1.3,-0.5494702375286851,0.0,0.07180023523402394,0.0,-2.4709469673238202,0.0,2.1464451074095665,0.20496216858797234,0.0,2,MaxIterations,8339782,59763,8524621,0.0,52.16789878987817,8.756488370642632,-1.1726812401831044,0.432243817593012,-5.499825249824968,0.28298070679490667,2.0721640181072547,4.838739735639187,-0.6437755119685162,0.33778789978063073,-7.585882424587521,-8.114621925931699,-2.616840110316599,8.355188737610277,0.0,0.0,0.0,0.0,0.0,0.0
1.305,-0.548678035545819,0.0,0.07186687832165746,0.0,-2.4599685850512145,0.0,2.229206272998229,0.2183873009270642,0.0,2,SolvedWithSlack,642814,57860,814689,0.05889022149394683,2.4483565784027427e-12,5.305052271907329e-13,-1.175854550650795,0.4339780918110771,-5.535497961328734,0.24234463413528956,2.058854209650207,4.877272748997213,-0.6278417139586199,0.3526137695460754,-6.844583142746756,-8.137808460552684,-2.687851683384986,7.289157972545323,-0.9422435439031492,-0.7452644524938729,0.00511176709242739,-0.5898633098206877,0.12502067959762336,0.003194595191797755
1.31,-0.5478539952925723,0.0,0.07186899567215682,0.0,-2.448547266451647,0.0,2.322424286163127,0.23251190679387615,0.0,2,SolvedWithSlack,657753,61556,839045,0.06410602701384638,1.6925350010410511e-13,5.931647610052423e-14,-1.17893896843793,0.4350393370126583,-5.567492033721187,0.2012249350144267,2.0457495911702606,4.910700459359634,-0.6094111039119496,0.11975701429719357,-6.1113386675405055,-8.282639530229856,-2.5741762648821136,6.2977016772342145,-1.025696432221542,-0.770117908403009,0.04856241474313248,-0.6420633246786721,0.09235608881068536,0.003835883547725871
1.315,-0.546995229328699,0.0,0.07181550946296306,0.0,-2.43663652632369,0.0,2.4227550651410996,0.24677623848065133,0.0,2,MaxIterations,8281873,60414,8466192,0.0,50.81647551286246,7.505990405786972,-1.1819578737065013,0.43496603551781127,-5.595559104220152,0.15934629030542216,2.0332311748746568,4.939487880667327,-0.5997980537656656,-0.10318564632099708,-5.292378233610546,-8.438776953228125,-2.455282922374334,5.410648560447893,0.0,0.0,0.0,0.0,0.0,0.0
1.32,-0.5461011494675224,0.0,0.07171385788461164,0.0,-2.4242171270507797,0.0,2.524696656038977,0.26049994173333485,0.0,2,MaxIterations,8079039,60745,8267576,0.0,50.46186435610229,7.169308382924126,-1.1848838143301375,0.4345448130705538,-5.620466016960833,0.11699466346888696,2.020879892550364,4.964241713776436,-0.5747273159493705,-0.07181073608253755,-4.781479572177067,-8.49256056894956,-2.478279026591463,4.655443520727315,0.0,0.0,0.0,0.0,0.0,0.0
1.325,-0.5451716730597064,0.0,0.07156985157655005,0.0,-2.411278282766899,0.0,2.6303847523721284,0.2740362098849683,0.0,2,MaxIterations,7978229,66886,8177376,0.0,50.0817046958373,6.790393261820543,-1.187668243731371,0.43427630449845134,-5.642978463742818,0.07434949403034277,2.008452589660873,4.985465091282131,-0.5442793745961602,-0.0417998296128538,-4.323082742413835,-8.554261999798703,-2.4888934146539703,3.981146042004122,0.0,0.0,0.0,0.0,0.0,0.0
1.33,-0.5442057038112584,0.0,0.0713874575257801,0.0,-2.3977990247958165,0.0,2.7399704414323147,0.28750540741540903,0.0,2,MaxIterations,8385449,67147,8590256,0.0,49.68252953618202,6.565176012321231,-1.1902845006809692,0.43415417033550746,-5.663340884520905,0.03137741429384723,1.995998389845652,5.00354152253406,-0.5085315356607736,-0.012996244893171844,-3.911265363390076,-8.621848096699555,-2.491287017567786,3.3807854165054794,0.0,0.0,0.0,0.0,0.0,0.0
1.335,-0.5432024896229843,0.0,0.07116915041596966,0.0,-2.3837617924261374,0.0,2.8528328919742707,0.3009396476309959,0.0,2,MaxIterations,8015970,59573,8201191,0.0,49.27181903962302,7.004753365610293,-1.1927063185176372,0.4341727974404544,-5.681770282848522,-0.011945765607493096,1.9835478559638369,5.018820543279663,-0.4675591143058307,0.014739793899825198,-3.540818732942413,-8.693620658139919,-2.4888782101776963,2.847686539638991,0.0,0.0,0.0,0.0,0.0,0.0
1.34,-0.5421615507123595,0.0,0.07091621822525897,0.0,-2.3691516464844335,0.0,2.968510959121234,0.31437738893867456,0.0,2,SolvedWithSlack,143551,56517,311158,0.21977915063276357,2.0534685063466895e-12,5.5871973714261e-13,-1.1949077401019206,0.43432724498428643,-5.698459521764142,-0.055636749444305585,1.9711164934808818,5.031619284604331,-0.4214135488359103,0.04153959202290345,-3.2071560086538797,-8.768211045927595,-2.484421163739886,2.3755036293198506,0.13407829666063073,0.8618003775447864,-0.038479374888410994,0.28514844150671187,0.39174286032372185,0.37362455607569806
1.345,-0.541081498188983,0.0,0.07062873983793158,0.0,-2.353939895058288,0.0,3.092824647295496,0.32850913415619576,0.0,2,SolvedWithSlack,133863,56056,296049,0.1817388564486105,2.3590018827235326e-12,4.213296378452469e-13,-1.1972228789401085,0.4359827387438692,-5.713997372617409,-0.09972597696554958,1.9590962455061605,5.046121614432465,-0.48906850516025724,0.5211117456202893,-3.0442394971239466,-8.851088751514418,-2.3520474042915156,3.239485056135268,0.15498373146936445,0.8417427787048138,-0.036675359311626084,0.5248708323024265,0.7346287185929194,0.3089560559626378
1.35,-0.5399621488454284,0.0,0.07030635580713918,0.0,-2.338114492928692,0.0,3.212034784368523,0.34194713111042685,0.0,2,SolvedWithSlack,137199,56647,301199,0.07824184254133816,4.924061158817494e-12,8.10185252220208e-14,-1.1998347085943128,0.4399133531878025,-5.728782795574662,-0.1442812400561191,1.9481363949742596,5.063998787689122,-0.5430101109712666,0.9599866123159033,-2.9016767141130706,-8.950861416648445,-2.087179427267629,3.7933368226586177,0.10472513470439843,0.34728782677938386,-0.13301113232027487,0.3575722586944019,0.46868578416989465,0.014698769479412406
1.355,-0.5388061439769264,0.0,0.06993237977757108,0.0,-2.3217943502967975,0.0,3.2878893400877884,0.35866651059310317,0.0,2,SolvedWithSlack,176283,66005,349119,0.23672357883449177,3.7240356304108875e-12,2.401967513776526e-13,-1.2025131895796588,0.4451577597102285,-5.7438952512885635,-0.18916118712786317,1.9381220846919995,5.081466629260898,-0.5261832527026107,1.107954532246776,-3.1016450994143097,-9.001013105791294,-1.9427357759192054,3.3012933132422884,0.0647787877727293,0.0651312716591842,-0.19061641485305975,0.19692663288930584,0.027241763774885186,0.402430084018636
1.36,-0.5376145885331965,0.0,0.06951615835554652,0.0,-2.304928162347715,0.0,3.42963531968529,0.36949171164178884,0.0,2,SolvedWithSlack,6395750,63079,6571904,0.05949345322834796,2.1316282072803006e-14,8.1601392309949e-15,-1.204824076213448,0.45070639316586175,-5.760563643059491,-0.23431436703319236,1.9282118113996927,5.100763556389569,-0.42016439148403295,1.1108004702748353,-3.482193374510663,-9.048457174112496,-2.0103482066020604,4.219194002928589,0.31622957814676733,0.4803075194030388,-0.10113887048819153,-0.22140785798321277,-0.13850351079376166,-0.09610655441510371
1.365,-0.5363847486426742,0.0,0.06907764265699383,0.0,-2.287341706936232,0.0,3.5770477017825586,0.383139114751539,0.0,2,MaxIterations,8166325,62067,8341465,0.0,46.57759407320428,8.446683078181639,-1.206716557081642,0.4568506607871944,-5.77810497376172,-0.27993892882018356,1.917999919093153,5.119155194405872,-0.3502873632484918,1.306325417919714,-3.524805572767266,-9.174025148304288,-2.0648571522956845,3.3312841660015744,0.0,0.0,0.0,0.0,0.0,0.0
1.37,-0.535115321147987,0.0,0.06858965198406237,0.0,-2.269125287866842,0.0,3.675198564153981,0.4007837379613386,0.0,2,MaxIterations,8412049,73128,8605554,0.0,46.362547067900785,8.783231093901374,-1.2082516670391301,0.46327016201643156,-5.794704152592737,-0.3259037728375572,1.9075125561693305,5.134393014660435,-0.2739658294148782,1.2698360631657688,-3.1888756858145575,-9.213150019085084,-2.1156918682223744,2.8654256841659667,0.0,0.0,0.0,0.0,0.0,0.0
1.375,-0.5338097010842119,0.0,0.06805687968474017,0.0,-2.2502858719761756,0.0,3.8277759575045547,0.4121082730651657,0.0,2,MaxIterations,8278136,73459,8496969,0.0,45.96176630111484,9.143924359676964,-1.2092823169346438,0.46953293070020624,-5.8097520383505135,-0.3722879281395699,1.8968686627337443,5.147453720902709,-0.16149025116517335,1.2410471399795786,-2.893513035671952,-9.31618649712455,-2.139684562022256,2.450061860853753,0.0,0.0,0.0,0.0,0.0,0.0
1.3800000000000001,-0.5324684804387979,0.0,0.0674971254603131,0.0,-2.2307168807580293,0.0,3.970275917517408,0.424998954487274,0.0,2,MaxIterations,8211200,66245,8411327,0.0,45.63149761055075,9.495857913831552,-1.2097580478822731,0.4756531311483493,-5.823399597397677,-0.41912884001769335,1.8860612589084118,5.158582390217709,-0.05088168789645337,1.2128321504837256,-2.6234453057721465,-9.4009886002014,-2.177579287833997,2.082058613893363,0.0,0.0,0.0,0.0,0.0,0.0
1.385,-0.5310913833587001,0.0,0.06687027053046402,0.0,-2.2105916852561056,0.0,4.081613141271499,0.4419952053308869,0.0,4,MaxIterations,8295779,81164,8505214,0.0,45.443917186550074,9.831173948400014,-1.2097933486758163,0.48161731732000523,-5.835745678893915,-0.466142812113272,1.8749519691170067,5.167992348323142,0.04529104434163441,1.183292539455174,-2.374423335651561,-9.446139558060446,-2.2353668316441104,1.7545459390552076,0.0,0.0,0.0,0.0,0.0,0.0
1.3900000000000001,-0.5296805247234769,0.0,0.0662100629707874,0.0,-2.1897136896292015,0.0,4.236695035269252,0.45450904705797124,0.0,10,MaxIterations,8195750,122591,8443639,0.0,45.20378611995662,9.428753122697278,-1.2091407481999887,0.48835049039442013,-5.845016400018516,-0.5134245410648588,1.8637361465335656,5.175740075609844,0.2174382373383408,2.0475353114860892,-0.22450651037736913,-9.312712672417302,-2.1859853602445827,1.323255744323625,0.0,0.0,0.0,0.0,0.0,0.0
1.395,-0.5284824929415884,0.0,0.06558727453581223,0.0,-2.1717442757423866,0.0,3.179324271988491,0.35466791797633873,0.0,8,MaxIterations,8149953,117622,8384607,0.0,47.440886400640295,8.091251668828686,-1.2090425376014906,0.5122877529767746,-5.837246359827684,-0.5562037526442807,1.8543400143308726,5.179232641289595,-0.06246906201673807,6.219137739023917,2.5096127184802817,-8.22140355663498,-1.6511861028759334,0.3554667535264484,0.0,0.0,0.0,0.0,0.0,0.0
1.4000000000000001,-0.5275119505998568,0.0,0.06527142444796848,0.0,-2.156988944279251,0.0,2.847468363546235,0.2552750522680421,0.0,8,MaxIterations,8095040,121109,8327339,0.0,47.44518851332248,7.673056398105736,-1.2093591240258683,0.5497217089304011,-5.8198760400854885,-0.5967300618093364,1.847968763450182,5.17930352144459,-0.04781026225265994,8.110824260796017,4.0162025664261805,-8.064819924404425,-1.0706999280959186,-0.16155751316672953,0.0,0.0,0.0,0.0,0.0,0.0
1.405,-0.5265959960743343,0.0,0.06528256204903422,0.0,-2.143008934983676,0.0,2.786603197044333,0.2173265232623729,0.0,6,MaxIterations,8305668,111911,8539430,0.0,47.08026437122028,8.462011534851314,-1.2092894604677986,0.5924929958762041,-5.796796945225947,-0.6371101739994288,1.8435859527097485,5.177724437907422,0.06531933476966605,8.724583000780681,4.962147115940763,-8.098751259229768,-0.776403750154193,-0.3924213919840939,0.0,0.0,0.0,0.0,0.0,0.0
1.41,-0.5256717512645293,0.0,0.0654606959042674,0.0,-2.128908842338202,0.0,2.8523345240349873,0.20856174877494818,0.0,8,MaxIterations,8601527,118665,8859504,0.0,46.62690786133451,8.649760326334796,-1.2084695763678275,0.6361024613728726,-5.770077271073253,-0.6778933319340903,1.8401336137076676,5.175447203496364,0.23420065003282042,8.66942981502405,5.527916925002846,-8.197534874848488,-0.6487812814576048,-0.48647685150982695,0.0,0.0,0.0,0.0,0.0,0.0
1.415,-0.5249506916915699,0.0,0.06568444192146819,0.0,-2.118139393856245,0.0,1.51586397687389,0.10665268705281984,0.0,6,MaxIterations,8144563,104717,8386411,0.0,48.086228449209244,5.886890016158728,-1.207810227592248,0.6734768960653766,-5.74754535375902,-0.7135489678281335,1.8395870266789105,5.1698028645119365,0.08639155165739368,6.797415166668968,3.9315822859042258,-6.549007192480853,0.18408874074732043,-1.4630295251593015,0.0,0.0,0.0,0.0,0.0,0.0
1.42,-0.5246466823434752,0.0,0.06585594712621393,0.0,-2.113729219390232,0.0,0.5431633397022105,0.03649209954496256,0.0,6,MaxIterations,8107484,99198,8332569,0.0,48.122228004358945,5.12774211834151,-1.2075281289039526,0.7038311871059331,-5.730996810429468,-0.7434385901575231,1.8419982251020341,5.161031573470892,0.04079575498993129,5.666836171113033,2.9570285305852853,-5.6769631501924644,0.6480082753895895,-1.8955322711171214,0.0,0.0,0.0,0.0,0.0,0.0
1.425,-0.524569256588288,0.0,0.06597697797810687,0.0,-2.11263440706933,0.0,0.04953457429666808,0.0188288303348079,0.0,6,MaxIterations,8098156,97584,8315316,0.0,47.868280883182805,5.051256541677997,-1.2073964073630152,0.7300334096813176,-5.71816737191008,-0.7704295200911232,1.8461026401725442,5.1510574601102,0.01888142910459669,5.002329329241158,2.3405850399227845,-5.255616444256136,0.9162954821631517,-2.0333572390080024,0.0,0.0,0.0,0.0,0.0,0.0
1.43,-0.5246019564980675,0.0,0.06606216046882524,0.0,-2.1131496145351867,0.0,0.17928778104121268,0.026344174757661022,0.0,6,MaxIterations,8436725,103545,8670627,0.0,47.62510588466676,5.001838375553632,-1.2073354031859775,0.7537658951397062,-5.707761502356951,-0.7961040303816179,1.8511790235570402,5.140889304685137,0.008833827078719932,4.6015394201411945,1.928339431043683,-5.077586469247506,1.0700225614959407,-2.02009405860147,0.0,0.0,0.0,0.0,0.0,0.0
1.435,-0.5246816574929284,0.0,0.06612198903141105,0.0,-2.1143462272412994,0.0,0.2661929541333132,0.029355825759052448,0.0,6,MaxIterations,8162918,95400,8382894,0.0,47.43706040951057,4.938051694041231,-1.2072871956425244,0.7759366023043184,-5.699054667650016,-0.8213064822786058,1.8568191351639765,5.131025528359866,0.015633165351598192,4.329391140200822,1.6252430177299164,-5.027427793862597,1.160894803270605,-1.9353133499565722,0.0,0.0,0.0,0.0,0.0,0.0
1.44,-0.5247757227329151,0.0,0.0661639828703432,0.0,-2.115744698238725,0.0,0.2822057286456512,0.028311980704618378,0.0,6,MaxIterations,8208935,95391,8424222,0.0,47.293342960797034,4.86010333695442,-1.207084955981955,0.7968418834022726,-5.691713227232804,-0.8464663552911579,1.8628099459141587,5.1216817351464705,0.060730242086298014,4.084599194947532,1.368471074913768,-5.040894912023958,1.22005419986518,-1.8223493145133465,0.0,0.0,0.0,0.0,0.0,0.0
1.445,-0.5248679143917078,0.0,0.06619352133101353,0.0,-2.117107119870509,0.0,0.2627587709226637,0.025222740181907868,0.0,6,MaxIterations,8191272,97945,8407721,0.0,47.176576504906514,4.774071711395287,-1.2065928713436318,0.8165725418959219,-5.685558755735283,-0.8717994749504715,1.8690432904779477,5.112931654793736,0.12513797271899108,3.8556562365156193,1.1427222835212865,-5.086781549586498,1.2628879426973796,-1.701575654285192,0.0,0.0,0.0,0.0,0.0,0.0
1.45,-0.5249501366209683,0.0,0.06621452060582064,0.0,-2.118314853130022,0.0,0.22584908113670465,0.02123479263012611,0.0,6,MaxIterations,8389547,107724,8616776,0.0,47.07538219387281,4.683515107163277,-1.2057529885559466,0.8351966488623594,-5.680459986302265,-0.8974158422412816,1.8754632688241346,5.104782355510029,0.19703163844304752,3.6390850120019653,0.9405711185405057,-5.149107725181725,1.2972730887995607,-1.582679181213537,0.0,0.0,0.0,0.0,0.0,0.0
1.455,-0.5250185041599059,0.0,0.06622984855634345,0.0,-2.1193110877537404,0.0,0.18081023163795848,0.016939033339785393,0.0,6,MaxIterations,8206711,91764,8416397,0.0,46.983144817010526,4.590559903484548,-1.2045475385680346,0.8527695109306043,-5.676313166237613,-0.9233706596512173,1.8820405492871488,5.097210033022398,0.27044695728756984,3.4328589222683163,0.7575771795153259,-5.219648052883226,1.3271011119437068,-1.4699334502186359,0.0,0.0,0.0,0.0,0.0,0.0
1.46,-0.5250711769253058,0.0,0.06624163198071037,0.0,-2.1200690387288774,0.0,0.13176075568626355,0.012572304671146705,0.0,2,MaxIterations,8214526,89449,8433059,0.0,46.89678462619746,4.496222502484144,-1.2029771893744379,0.8693395111822748,-5.673030817216399,-0.9496928558228176,1.8887571243027546,5.09017959250427,0.3428602658132088,3.2359255822314603,0.5911000757927292,-5.294667077652212,1.3538093021503417,-1.3645837230458087,0.0,0.0,0.0,0.0,0.0,0.0
1.465,-0.5251074882351895,0.0,0.06625143033463696,0.0,-2.1205791969898677,0.0,0.08245794124210747,0.008366884540931768,0.0,2,MaxIterations,8353789,72527,8570949,0.0,46.79492521708616,4.427543148064446,-1.2010457293221768,0.8849533219492498,-5.670533373658643,-0.9764046256547075,1.8955942526411744,5.083657795734839,0.42076810151977995,3.051010718736822,0.44337406663295775,-5.3814786673043224,1.3706237477689454,-1.2602895303002144,0.0,0.0,0.0,0.0,0.0,0.0
1.47,-0.5251150386994131,0.0,0.06626238836656148,0.0,-2.120654925888052,0.0,0.029688490352039916,0.0016918060723140765,0.0,2,MaxIterations,8457615,66145,8673343,0.0,46.73924751466176,4.347733512395245,-1.1986084506064856,0.8997228396171228,-5.668670444953884,-1.003704772068717,1.9023896473532853,5.077734110386461,0.5314003314416961,2.890263706460744,0.32682539287308193,-5.5123132346971335,1.3511041925557008,-1.1359142410247418,0.0,0.0,0.0,0.0,0.0,0.0
1.475,-0.5250854957556189,0.0,0.06627680501957418,0.0,-2.1201708091607214,0.0,0.14154338884356266,0.009464311310209769,0.0,2,MaxIterations,8178457,61757,8359780,0.0,46.68039683883292,4.272306069881868,-1.1956293646799625,0.9137130707735232,-5.667358843176829,-1.0316569056954135,1.9090806383781511,5.072398978056274,0.638273663068234,2.7376343666487353,0.22065293240041173,-5.642382802367523,1.3292517442468839,-1.0224748064319304,0.0,0.0,0.0,0.0,0.0,0.0
1.48,-0.5250189307040832,0.0,0.06629536441131317,0.0,-2.119128174063539,0.0,0.25315495362519247,0.018019087087342834,0.0,2,MaxIterations,9101661,61065,9271853,0.0,46.618745451430286,4.20155616880934,-1.19212666128344,0.926963889937465,-5.666548794983974,-1.0602564553787721,1.9156541985254694,5.0676014208975495,0.741592618656041,2.5928851002191813,0.12416025706753037,-5.77144721229966,1.3046218428352034,-0.9187573389813902,0.0,0.0,0.0,0.0,0.0,0.0
1.485,-0.5249153871894856,0.0,0.06631851410040888,0.0,-2.117528010178224,0.0,0.36460248140216767,0.026543863967932287,0.0,2,MaxIterations,8233932,71094,8428320,0.0,46.55468148318218,4.252028756775507,-1.1881174474495924,0.9395139926806195,-5.666193871559425,-1.0894978236249546,1.9220952793687063,5.06329609938399,0.8415810564757298,2.4557814659823394,0.036696712577501664,-5.899322347864442,1.2768352299852783,-0.8236896280816447,0.0,0.0,0.0,0.0,0.0,0.0
1.49,-0.5247748709020883,0.0,0.06634650955989949,0.0,-2.1153708370774935,0.0,0.4759889106578056,0.035030272666816284,0.0,2,MaxIterations,8498592,72817,8708449,0.0,46.488601025938216,4.323990821009254,-1.1836176650277936,0.9514009144153889,-5.666250762603645,-1.1193746234104576,1.9283870990695775,5.059442647558326,0.9384776065781067,2.326093155869158,-0.04234361309314021,-6.025866144410208,1.2455654964652112,-0.7363268350633684,0.0,0.0,0.0,0.0,0.0,0.0
1.495,-0.5245973420260065,0.0,0.06637944774610942,0.0,-2.112656603823169,0.0,0.5874351271740664,0.04349134595463987,0.0,2,SolvedWithSlack,1882837,61476,2057997,0.4464430394520826,7.105427357601002e-15,1.7763568394002505e-15,-1.1786420274789515,0.9626610534817764,-5.666679057125772,-1.1498798550441591,1.9345113772654103,5.056005074633898,1.032532255441214,2.203594774576896,-0.11352345324566432,-6.150967844887254,1.210529662946878,-0.6558388865278091,0.27237414128346643,-0.4465027198343736,-0.24422059389678338,0.3887330548165518,3.0998252870760337,-0.7589531670685403
1.5,-0.5244007352262265,0.0,0.06641445478044718,0.0,-2.109661387712888,0.0,0.5883021216493951,0.04369418195901639,0.0,2,SolvedWithSlack,1872407,66035,2054401,0.4732920125173707,3.3584246494910985e-15,6.661338147750939e-16,-1.1729981548634778,0.9721261398975032,-5.670282114198629,-1.1822616847024088,1.9456470927041487,5.044202681121417,1.1913389594724277,1.689558726913039,-1.1111947998629856,-6.689063859581314,2.8921071037763917,-3.450176026364466,0.3683545821662234,-0.3756967128827598,-0.1593842990988792,0.49693654411964905,3.2412380275220785,-0.8045964212795301
1.5050000000000001,-0.5242129691956305,0.0,0.06644700197512593,0.0,-2.106808353155616,0.0,0.5582616100334468,0.04153541015131362,0.0,2,MaxIterations,8088778,61646,8267466,0.0,43.750083498752225,7.158650690303915,-1.166615715838131,0.9791655778169733,-5.67770470582426,-1.217265785098981,1.9650760539097056,5.018953899209436,1.331827535874608,1.2233019977155926,-1.7247637394803144,-7.204010207806742,4.533464535255871,-6.0715943165654185,0.0,0.0,0.0,0.0,0.0,0.0
1.51,-0.5240161114185022,0.0,0.0664798107194128,0.0,-2.1038170138467653,0.0,0.6445557236091893,0.048011763949274394,0.0,2,SolvedWithSlack,1703778,63200,1875602,0.33642845816976547,7.105427357601002e-15,1.0340886962771915e-15,-1.1597388605052592,0.9850966569717946,-5.686017365552392,-1.2534803222246937,1.9870606965309212,4.990720603181191,1.4042060401829106,1.1620444629447648,-1.6223866577426758,-7.269401320138058,4.30753652546914,-5.37366620249578,-1.0125932714465076,-1.566881568299732,-0.44125510736371615,-0.9680252823018392,2.2021887832563953,-0.5719283788886013
1.5150000000000001,-0.5238511396432689,0.0,0.06650333017340594,0.0,-2.101322164474811,0.0,0.258712926861586,0.02032942477069833,0.0,2,SolvedWithSlack,4430519,63289,4601742,0.5215012437343662,1.4210854715202004e-14,1.7763568394002505e-15,-1.1528276512677198,0.9873963106847942,-5.6992295963029145,-1.2838379877227717,2.0056142458855435,4.961874544349016,1.3312046904293786,-0.048157241534800915,-3.338510659027378,-4.86497051676116,2.9567179077588874,-5.861245888561808,0.05542962529472116,0.12304493291798041,0.20869532903788504,0.3307542192087378,3.5603825462348837,-0.8865521143484226
1.52,-0.5238721054585851,0.0,0.06649014899494796,0.0,-2.1016688831343786,0.0,0.2665828756062278,0.01856106807714627,0.0,2,SolvedWithSlack,439991,62859,610673,0.48689938106473585,1.4210854715202004e-14,6.147859998861804e-15,-1.147023567182406,0.9860371384604544,-5.714036259719652,-1.301195440417791,2.018082855572362,4.928015537184814,1.0578251871164193,-0.4043913583241925,-2.70733755146728,-2.6601755367980764,2.292253074051404,-7.400802182969352,-0.2012108087182216,0.08887996117047033,0.22588122101841446,0.11132269515930868,3.277511434998695,-0.8277289478100509
1.5250000000000001,-0.5240351281602375,0.0,0.06645459829940559,0.0,-2.104161185558716,0.0,0.6348849086017541,0.04643803780797429,0.0,2,SolvedWithSlack,147408,62068,315837,0.48456705921456444,2.125484125896388e-12,5.140887715526787e-13,-1.1424497179598034,0.9833322503155677,-5.725405529259945,-1.3098667442537446,2.028993174328714,4.886703676534012,0.8268014143646589,-0.6208062002450164,-1.986848731216928,-1.199485297950982,2.1807534948875476,-8.84715258695387,-1.5753882436893207,0.14153260941824358,0.24761335018781727,-1.1346507206937793,3.4558467212353072,-0.8237640006647595
1.53,-0.5243020146016198,0.0,0.0664053120784974,0.0,-2.108216789358656,0.0,0.9212298738157433,0.0684016120735247,0.0,2,SolvedWithSlack,1039974,69140,1216117,0.3497462519628856,2.1316282072803006e-14,2.1649348980190553e-15,-1.1395352693275989,0.9805422466226692,-5.732792833449831,-1.3129142743342266,2.041114086859145,4.837977878942256,0.42640784100302265,-0.5103672206281876,-1.1440211092378985,-0.272470658556542,2.631495264600024,-10.343238308404839,-0.29426574493513413,-0.8189443340546974,-0.3084579545832602,-0.17430571604794276,2.161614384377237,-0.5945686283369055
1.5350000000000001,-0.5246426169707288,0.0,0.06634709398826462,0.0,-2.1133767044185165,0.0,1.089041008668071,0.08169577890553081,0.0,2,SolvedWithSlack,1167395,63179,1338077,0.39720151100627793,1.7763568394002505e-15,1.27675647831893e-15,-1.1372388354325786,0.9762012506944393,-5.742034729211319,-1.3123660288606434,2.054752240238947,4.784198907666544,0.4830650892847317,-1.097343684274873,-2.2966210036808037,0.323994222749751,2.8245556027062007,-11.036392978161091,0.05039955643964073,-0.4917529455344075,-0.15574004337704137,0.20422814500952008,2.5308449720697674,-0.6752425687106725
1.54,-0.5250256888288604,0.0,0.06628382148881445,0.0,-2.119164329924075,0.0,1.1983384120943856,0.09044732817204758,0.0,2,SolvedWithSlack,1441603,69221,1637834,0.48491272253721024,1.1102230246251565e-14,3.2612801348363973e-15,-1.1346966410988126,0.9694856570846468,-5.755078570126116,-1.309630395294964,2.0703456674189074,4.7261030250727405,0.5268323582543389,-1.500169383712881,-2.805959309645088,0.6686207927096157,3.3334592191548595,-12.00382381531503,0.030944449666416615,0.13748734172689323,0.20809230298100995,0.3215172552821816,3.3105701075709035,-0.8243516283132574
1.545,-0.5254413848903499,0.0,0.06621515277777082,0.0,-2.1254397703983376,0.0,1.2919503883265553,0.09779648628170556,0.0,2,SolvedWithSlack,1732062,66426,1921669,0.42840287064002824,8.43769498715119e-15,9.053690748579772e-16,-1.1323624971080957,0.9619390597140451,-5.766699469548677,-1.3057260814094822,2.089668556988885,4.661846704854294,0.42913620532014296,-1.5124561733297455,-2.011803715819453,0.8382203494043137,4.225321393570835,-13.402246830471778,0.24492631928813136,-0.3849680719614119,-0.22320854927397643,0.35442931860618865,2.8717266283260776,-0.728284880088048
1.55,-0.5258824417245426,0.0,0.0661408369445261,0.0,-2.132098351648746,0.0,1.3534353356056408,0.10266027567238563,0.0,2,SolvedWithSlack,1759533,64842,1950955,0.5340021606184816,1.509903313490213e-14,4.472061226408367e-15,-1.1300016724465511,0.9534016355888326,-5.779057164548633,-1.301295493248473,2.1131035942325025,4.591825515785068,0.5013545772995989,-1.832603806668238,-2.764851850324958,0.9063939197283898,4.99716672940834,-14.39545094026313,-0.5082591490706128,0.35802960511489296,0.15888089032516797,-0.18968125194928892,3.992205166151026,-0.9078036730514187
1.555,-0.5263447774459972,0.0,0.06606029514657802,0.0,-2.139084729168334,0.0,1.4303148935197632,0.1084689440003605,0.0,2,SolvedWithSlack,1975641,68529,2153197,0.5197709231760603,7.29493959017602e-15,1.7763568394002505e-15,-1.1281357647404442,0.944950649559546,-5.790884959795719,-1.296798281270846,2.141698610487282,4.515397400268094,0.2901548671320011,-1.5948585724352566,-2.106952396455385,0.8889058994219784,6.193346565685711,-15.860205314214042,0.94873006190961,0.19188270074251002,-0.11354861398176763,1.0289276052576266,3.7332043079361434,-0.8836105693993026
1.56,-0.526827289522676,0.0,0.06597276470369078,0.0,-2.146383782300833,0.0,1.4728356470845119,0.1117904219260073,0.0,2,MaxIterations,8058320,66225,8237018,0.0,52.940722402021905,10.486933016643487,-1.12648099133434,0.9366854355343991,-5.802653658081685,-1.2924524000638968,2.1756915196144995,4.432305267487031,0.35901571989769226,-1.6887077572133422,-2.5104460940706814,0.851656866090866,7.194965697936607,-17.10783673244095,0.0,0.0,0.0,0.0,0.0,0.0
1.565,-0.5272920004412355,0.0,0.06588566190519923,0.0,-2.1534078265667507,0.0,1.3323451125606498,0.10142105632289156,0.0,2,MaxIterations,8110630,65324,8284879,0.0,53.07548390103572,9.635652482838132,-1.124487701602246,0.9285707264802543,-5.814542307624194,-1.2883069106603258,2.210496759976116,4.351579233214048,0.42465864831265415,-1.5797583328891047,-2.2923697386581687,0.809738417640433,6.8161001150373295,-15.527917045311971,0.0,0.0,0.0,0.0,0.0,0.0
1.57,-0.527697993451764,0.0,0.0658072629330993,0.0,-2.1595345404457773,0.0,1.1546489706335936,0.08803411849278943,0.0,2,MaxIterations,8058601,63590,8230777,0.0,53.23478800682674,8.915762957708925,-1.1221759478316817,0.9209842726561168,-5.825409895367663,-1.284449648725624,2.243627123333106,4.278229641616142,0.48703478254535076,-1.4764805061996886,-2.097281632860544,0.7437058369702023,6.5071971798919686,-14.119220258266887,0.0,0.0,0.0,0.0,0.0,0.0
1.575,-0.528046466464382,0.0,0.0657375490073605,0.0,-2.164788205720192,0.0,0.9822056745433004,0.07492714828286651,0.0,2,MaxIterations,8317581,81013,8543888,0.0,53.36815769366125,8.30566261393593,-1.1195624024483997,0.9138947328140804,-5.835367954465931,-1.2809602999624492,2.275369087236013,4.211465757137986,0.5460385837292105,-1.3797633927965942,-1.9239640618160283,0.6664675695124571,6.248099412439927,-12.860603759906821,0.0,0.0,0.0,0.0,0.0,0.0
1.58,-0.5283391667119397,0.0,0.06567685976157715,0.0,-2.1691969684079333,0.0,0.8155769330752526,0.06222725103777448,0.0,4,MaxIterations,7939667,69061,8150695,0.0,53.47863640042242,7.782907142874523,-1.1166640080634187,0.9072683449568504,-5.844520439208379,-1.2778683274891423,2.3059272797409656,4.150589890896838,0.6016590629940557,-1.2898602051136496,-1.7707420146178106,0.5863741247545988,6.024674103435456,-11.734927629446586,0.0,0.0,0.0,0.0,0.0,0.0
1.585,-0.5285780620526476,0.0,0.0656256303826088,0.0,-2.172790451694622,0.0,0.6548980023225712,0.04998349760522012,0.0,4,MaxIterations,8011212,83097,8214135,0.0,53.56063314942373,7.285040886694908,-1.11348760468482,0.9010797246685113,-5.85295649337039,-1.2751734411262543,2.335427361152726,4.094986892566654,0.6638010545680865,-1.1982453411745153,-1.6300076678780309,0.5065935244171592,5.805450819902674,-10.722418433396887,0.0,0.0,0.0,0.0,0.0,0.0
1.59,-0.5287487107082177,0.0,0.06561167836835954,0.0,-2.1753369206610036,0.0,0.4172112543453474,0.035657535029603865,0.0,2,SolvedWithSlack,2312769,75903,2505913,0.44447454606915565,7.105427357601002e-15,2.789435349370706e-15,-1.1098975303433414,0.8954408368309675,-5.860649095784674,-1.272877767879674,2.3636210209891124,4.044193657738616,0.7518258188866861,-1.0821675582719268,-1.4789102142330104,0.42928305074091766,5.532376027771518,-9.796475446450746,0.7116009127970874,0.8693950954897849,-0.016358791051215796,0.9634421965057283,3.402708522004562,-0.7556067283175646
1.595,-0.5288627300385357,0.0,0.06563049916904275,0.0,-2.1770212699896248,0.0,0.300730753379739,0.029435297716884832,0.0,2,MaxIterations,7957370,81514,8152429,0.0,54.1285297797807,8.523433865594122,-1.1062542247397418,0.891246240737663,-5.868247797876862,-1.2709911475768456,2.3937519564620935,3.9914877642588666,0.7134806731341413,-0.6786813107024648,-1.5444144385956418,0.3457339159137377,6.348805403735953,-11.02257815127371,0.0,0.0,0.0,0.0,0.0,0.0
1.6,-0.5289325716447224,0.0,0.06565869188217449,0.0,-2.1780372398911156,0.0,0.12439537429343236,0.014112117680098157,0.0,2,MaxIterations,8391751,69090,8590336,0.0,54.14541458926456,7.96739250498677,-1.1024535004023832,0.8881254382314447,-5.87549831375761,-1.2694043998039708,2.4246588052388556,3.939142868863994,0.7903840509665285,-0.5887381282642823,-1.3893601089859493,0.29895832093484603,6.073374921866058,-10.112883718567222,0.0,0.0,0.0,0.0,0.0,0.0
1.605,-0.5289393471542473,0.0,0.06567012309407189,0.0,-2.178091211289619,0.0,0.0636845629882736,0.0045080364267327845,0.0,2,MaxIterations,7996293,64431,8185110,0.0,54.14167559310625,7.503939864672847,-1.0982846306333671,0.8854345766066497,-5.882020812939264,-1.2680393493402835,2.4542615435964765,3.891065763386619,0.862185520687145,-0.5052666013681958,-1.2499582270554594,0.25626951817589755,5.821319875065614,-9.295430993194593,0.0,0.0,0.0,0.0,0.0,0.0
1.61,-0.528885934849414,0.0,0.06565706970491375,0.0,-2.17722929192259,0.0,0.24401001806939765,0.023175223319766052,0.0,4,MaxIterations,8000611,69311,8183688,0.0,54.107925781347824,7.0899793051945075,-1.0937664255279602,0.8831437855767023,-5.887890771873937,-1.266875015699823,2.4826580367635733,3.8468235927357513,0.9309769829599991,-0.4274613578934453,-1.1252212356929732,0.21784026395969838,5.586622699431626,-8.560917267568042,0.0,0.0,0.0,0.0,0.0,0.0
1.615,-0.5287743562171661,0.0,0.06561566578731265,0.0,-2.1754823657006375,0.0,0.4190504160840327,0.0418957226388676,0.0,4,MaxIterations,8082376,92975,8297763,0.0,54.054247207033704,6.742471311631684,-1.0889115462466115,0.8812183556566469,-5.8931915064559774,-1.2658907027033692,2.5099355952867066,3.8060196361779624,0.9963281870983896,-0.3630624430824253,-1.0276454037667961,0.18289467178453672,5.378580602113994,-7.90843597365374,0.0,0.0,0.0,0.0,0.0,0.0
1.62,-0.5285972048981715,0.0,0.065600675912457,0.0,-2.1727295988126265,0.0,0.6663630875968585,0.053844906854073726,0.0,2,SolvedWithSlack,155333,73790,359569,0.3206655870356256,3.364997857898599e-12,8.418821195732562e-13,-1.083602078585053,0.8796838031849548,-5.898007492966176,-1.2641833574206507,2.531694107002436,3.7654845761177005,1.113438024059566,-0.25963515039017904,-0.9099905529587441,0.4881547777838291,3.431707074807137,-8.372784981050746,-0.15047993325405126,0.30366092375424825,0.1672362692870073,0.24382253212298224,2.4245618675095373,-0.5451314979605635
1.625,-0.5283318054853672,0.0,0.06563639564906716,0.0,-2.1686192275720066,0.0,0.9179855533576529,0.06994468493526955,0.0,2,SolvedWithSlack,142830,71004,343518,0.31536841321994813,3.0269120543380268e-12,5.110217804471517e-13,-1.0779780749105248,0.8792539853695878,-5.900503952886497,-1.261073209540523,2.5437425769136426,3.7171222557511343,1.1303086660028436,0.025169902289757386,-0.2376686614193674,0.6899477193604571,1.8177412056540219,-10.45699243805805,-0.5211027467950776,-0.024630532946855382,0.2667978440529762,-0.03884440350016654,2.377619970326293,-0.5361263024739118
1.6300000000000001,-0.5279923850187307,0.0,0.06570454395309894,0.0,-2.163387431354804,0.0,1.1276688382303108,0.08441084525851127,0.0,2,SolvedWithSlack,149292,69261,341475,0.13470529962620773,3.518695553541961e-12,7.484429742632415e-13,-1.0723064981466839,0.8797669816791113,-5.898763091966768,-1.2574514968879813,2.549493870051008,3.6600333700240886,1.1357609563274464,0.15160496572572696,0.7231124737736396,0.7326580181468371,0.7670181534063064,-11.998993473330394,-1.3413196930815345,0.21604390043731075,0.2289990093645531,-0.9696970451598135,1.9956971500661689,0.20752619291231733
1.635,-0.5275845202649305,0.0,0.06579468902027448,0.0,-2.1571264500599923,0.0,1.3362671294292563,0.09945366374301791,0.0,2,SolvedWithSlack,156245,85962,358778,0.31010847608482556,1.7043961140086955e-12,2.6684210396865637e-13,-1.06704981558053,0.8817823198644236,-5.89276304149045,-1.254150578428825,2.551222967445493,3.604032993387969,0.9949514270660517,0.5662791068621146,1.5050858614388367,0.6017286952638872,0.1070826111559925,-10.660572343955998,-0.5738268241257538,-0.039874328843241394,0.2721446620828123,-0.03819530551050441,2.47438464754203,-0.5271844093442034
1.6400000000000001,-0.5271130803347218,0.0,0.06589988000366105,0.0,-2.149913678051933,0.0,1.5075951637819462,0.11205353835411187,0.0,2,SolvedWithSlack,136738,66425,331527,0.18309991475633025,6.220579606974752e-12,2.9543034685275416e-13,-1.0620908856224098,0.8848570246681702,-5.882851026286161,-1.2514532098205065,2.550472624919794,3.5473063171366963,0.9894959878308558,0.6462742791204555,2.288492724946391,0.49140969278403956,-0.2929738699573814,-11.766949231082748,-0.4038947907041678,-0.0254528012854921,0.26653734152607905,0.06711035587956932,1.9632950479030884,-0.31126985508576144
1.645,-0.5265879361764663,0.0,0.0660140360854872,0.0,-2.1419011752547497,0.0,1.6650241269335173,0.12377736546481566,0.0,2,SolvedWithSlack,141677,64261,314444,0.17961370553152847,2.6693904371986967e-12,5.222489107836736e-13,-1.0570930752739367,0.8882477528006149,-5.869368569532095,-1.249369394941615,2.548250012390778,3.4879888983051037,1.0061759180385625,0.6987042093986519,2.958153562219949,0.36241862215884896,-0.5258793104030322,-11.912166463856105,-0.4204119731042511,-0.03206717442283552,0.26889915752914273,0.05624813470772279,1.9624849289990847,-0.3053432994035984
1.6500000000000001,-0.5260110401206116,0.0,0.06613406098062637,0.0,-2.1331199544458994,0.0,1.8163847820529107,0.13513576948783998,0.0,2,SolvedWithSlack,135937,64202,314053,0.2924421331731203,2.207027373276772e-12,3.5832448119776927e-13,-1.0520160344317848,0.8918846504569118,-5.852731503608449,-1.248021232763613,2.5452454689193686,3.4283090528580975,1.0216693628996127,0.7460740901071221,3.564365550910555,0.20487987884086906,-0.6381349156109007,-11.942043977069256,-0.6339819360433208,-0.0824684856798038,0.28586625948241257,-0.08420273351929936,2.448311293735157,-0.4971516263943045
1.655,-0.5253839659477447,0.0,0.06625765160458659,0.0,-2.1235975847117277,0.0,1.962721967551032,0.1461707007937691,0.0,2,SolvedWithSlack,150184,64431,325234,0.3767604236655271,4.200195746761892e-12,1.0451639553821224e-12,-1.0469258510705433,0.8957740513731559,-5.833044268868009,-1.2475874842169539,2.541955351616699,3.36668072627149,1.0160178709945287,0.7988880044344291,4.177087410473881,0.006603421228822494,-0.6638916901223354,-12.566431655898093,-0.23816724850760468,0.12017503872117244,0.23351034567866485,-0.026214712280023145,0.18230693393478203,0.640492720231396
1.6600000000000001,-0.524705562402793,0.0,0.06638318332942277,0.0,-2.113316259169987,0.0,2.120199837009353,0.15800218775412528,0.0,2,SolvedWithSlack,141397,64292,311980,0.24916138666796428,9.001688283660769e-13,3.381739333008227e-13,-1.041762088030464,0.9000952951874327,-5.811092719640444,-1.2480126892792611,2.5385583527779496,3.3139405606863623,1.043956955656562,0.9067449098939498,4.526759292616812,-0.14832646515353484,-0.6826937460846573,-9.244789662089923,-0.12102795276813716,0.24499182907177064,0.19370772952303375,0.14580404099975092,0.624421134275692,0.4235743573355393
1.665,-0.5239742524493018,0.0,0.06650921794003625,0.0,-2.1022524443489266,0.0,2.2736181144758376,0.16954349562072854,0.0,2,SolvedWithSlack,135856,63700,305126,0.20221783514530997,2.5073276788134535e-12,8.946177132429511e-13,-1.0364706784321835,0.9050842976370894,-5.787963179868123,-1.2492301672794583,2.535219265521807,3.274668433549394,1.068258338027209,1.0573471051826462,4.689420397058709,-0.30809581644125067,-0.6542117343749667,-6.9571068387545445,-0.8219234603039594,-0.06667794416951972,0.2880136360371744,-0.2837376879626477,2.3240998880677477,-0.34377031974702693
1.67,-0.52319213760335,0.0,0.06663394804209968,0.0,-2.0904470324874858,0.0,2.4184567667651784,0.18049191260136996,0.0,2,SolvedWithSlack,133532,64081,311589,0.2721039253021972,4.061815214229874e-12,3.8968828164342995e-13,-1.0312035035875766,0.9106218251151249,-5.762956704223604,-1.2514989248583877,2.5321882866968157,3.238262849584898,1.0443277890196534,1.1407186944126106,5.201811156662799,-0.5503255789032739,-0.5744452482176163,-7.488811930113747,-0.7395018483421597,-0.14369496092041814,0.305729027540566,-0.17538114746385156,2.370849316732091,-0.4625766730137352
1.675,-0.5223607229158567,0.0,0.06675551527040491,0.0,-2.077928152838559,0.0,2.5604493392024588,0.19121591641214916,0.0,2,SolvedWithSlack,155564,63971,325484,0.37752084280318904,2.7941306922129604e-12,2.6711965972481266e-13,-1.0259720345449508,0.9163858837126917,-5.735384356381564,-1.2549374561754405,2.529543750052218,3.1981584016508915,1.0482588301413733,1.161190407697011,5.715499895529007,-0.7786267092772277,-0.49915351058131957,-8.36259084618896,-0.279265635352105,0.10650360557627747,0.23780137211324187,-0.044721292557212834,0.13747108060103344,0.6417854327654213
1.68,-0.5214787143450599,0.0,0.06687210889762155,0.0,-2.0646721121742013,0.0,2.713277354229549,0.20268355519796083,0.0,2,SolvedWithSlack,135706,65093,311057,0.17694562473883993,6.701385380253354e-12,1.2441159213949504e-12,-1.020614654389037,0.9224668107565381,-5.7061862889565,-1.2593308654026798,2.5271424960376563,3.165311132046129,1.087374081277606,1.2522018622627171,5.919215331821162,-0.9461764154788979,-0.4659534909314113,-5.414380836648528,-0.9685012888353508,0.7395991460080009,0.07676240555836367,-0.609113683995913,2.1653407822366635,0.3008075620560279
1.685,-0.5205554606163344,0.0,0.06698027130169686,0.0,-2.0508235113092685,0.0,2.7742708021274365,0.20756951087401182,0.0,2,SolvedWithSlack,143781,64902,316077,0.17512267778633053,1.2420287021086551e-11,3.721079000484906e-12,-1.015812179819655,0.9302576540575541,-5.677753074548612,-1.263528539973555,2.525013341453887,3.1431879614595863,0.8657405231382944,1.743781345040547,5.52445082833489,-0.683858994762251,-0.40388241009916226,-3.7660495718045706,-0.9505993238542398,-0.09094658308350206,0.2977085522367619,-0.4142521352577676,2.2386487667583066,-0.28251348632730583
1.69,-0.5196199219138652,0.0,0.06702968287386857,0.0,-2.037098633633341,0.0,2.7498177776168697,0.21377972204237447,0.0,2,SolvedWithSlack,142850,65073,315035,0.2618285050929002,1.9815260543509794e-12,6.372680161348399e-13,-1.0119173464162472,0.9389106552416512,-5.648896698466919,-1.2660010346619466,2.5231544323953305,3.1228779275291525,0.7556139437919691,1.7188965344020615,5.918434397504538,-0.3886709933385224,-0.3514282009201228,-4.259984900250195,-0.8518363314049048,-0.21668263251243314,0.32737974339328046,-0.28373363430729565,2.2935668845082167,-0.4451084586579303
1.695,-0.5186787139999118,0.0,0.06708597566300263,0.0,-2.023209071653397,0.0,2.798033054010464,0.2127482995319954,0.0,6,SolvedWithSlack,142800,87385,336867,0.2628446355582475,4.719515013476671e-13,3.774758283725532e-14,-1.0082079307786453,0.9471854149703196,-5.6179569408386465,-1.267327259191139,2.521549391316764,3.098479591192118,0.7332973187271723,1.61541941273736,6.363511598783088,-0.19330013587706085,-0.30080913300553364,-5.280547047824355,-0.8437787603929712,-0.2214307195855502,0.3275789850730946,-0.28335725899674646,2.27480136545929,-0.44683588044902073
1.7,-0.5179829736322323,0.0,0.06713326916530392,0.0,-2.012887232297656,0.0,1.4085214895124891,0.10570566746621751,0.0,6,SolvedWithSlack,161285,85312,353838,0.20776259735728025,2.577553484535052e-12,6.946943020835761e-13,-1.0058359169038416,0.9490332818181099,-5.588908496857951,-1.2635757181396599,2.520432119041556,3.0691374254720993,0.3408246934465704,-0.31420698767244115,5.553357126973039,1.2472691147994766,-0.18317388004858437,-6.256076811278931,-0.08512913732514397,0.22380630304192173,0.19308537929731726,0.17485940518597293,0.5515120052982073,0.3531964155073764
1.705,-0.5177245809701789,0.0,0.06715392926883859,0.0,-2.0090252801667536,0.0,0.43613198008026005,0.0319803975558778,0.0,6,SolvedWithSlack,132480,99107,338860,0.16208280672992864,1.6272365980620565e-12,4.567179967551738e-13,-1.0047318782303245,0.9444830259347708,-5.563329926364189,-1.2548108115154548,2.5196035418496057,3.0432931837524437,0.15909938639366666,-1.221616260264689,4.891068108509193,2.0158829071812097,-0.15743678479831627,-4.473412166402,-0.8992404162305122,0.5348265945516798,0.12239348859006888,-0.5881358010114766,1.8910421865027187,0.2755407714408787
1.71,-0.5176860175390987,0.0,0.06716027631801037,0.0,-2.008416068269237,0.0,0.040023458151524846,0.0038350979713908328,0.0,6,SolvedWithSlack,134144,82737,328942,0.18811686928593874,3.1701595241793306e-12,5.570266470300567e-13,-1.0042197337092478,0.9373200564610327,-5.540629369605427,-1.2438275195904827,2.518953254501454,3.02493182041176,0.0733554903293878,-1.5258987073593522,4.345733763541819,2.277587420670087,-0.11522260768248466,-3.161157483184604,-0.6664669679272113,-0.09505949139314768,0.280289519148411,-0.19262825038446557,2.070695240955997,-0.31979867778609583
1.715,-0.5177491719359891,0.0,0.06715941196568158,0.0,-2.0093189847974933,0.0,0.24897297849784922,0.019429031177954748,0.0,6,SolvedWithSlack,152508,83187,342537,0.1535410347020816,5.279332526697544e-12,1.0625944568687373e-12,-1.0039834119009383,0.9288270586926841,-5.518180884199187,-1.2321968204410718,2.518437202585982,3.0065322598649185,0.0339674287925852,-1.787235069564351,4.598701112782847,2.337816049611252,-0.09638266290107744,-4.015486706687521,-0.36973783685361983,-0.041868090489733556,0.25793482383863003,0.07092278953459573,1.721092336718547,-0.26101975899353874
1.72,-0.5178519413806448,0.0,0.06715494221422309,0.0,-2.0108095333634832,0.0,0.3179289933532835,0.024527100104885933,0.0,6,SolvedWithSlack,139574,82526,339541,0.15311928388719967,8.009280823948307e-12,6.45261621912141e-13,-1.0038709946051878,0.9195638226247277,-5.494498468509227,-1.220544960518697,2.5179683092714162,2.9847068074445278,0.01669764560730883,-1.882731526910968,4.833405777730778,2.3148334353236346,-0.0919217904556972,-4.5903357637718605,-0.35887228773917246,-0.04256219011607587,0.25546265969163906,0.08383455730343385,1.7141417884489631,-0.2603027826082394
1.725,-0.5179626508251963,0.0,0.06714900533720222,0.0,-2.0124163319543293,0.0,0.3175337651411559,0.02442997254815624,0.0,6,SolvedWithSlack,135416,82887,330134,0.15396035348960033,2.7733926266648723e-12,4.0662280447266724e-13,-1.003812290951223,0.9100612293700862,-5.46959811981241,-1.2091891804225174,2.5175247330354384,2.9601892734772535,0.009291671228502376,-1.9060644075925148,5.0782663146807066,2.237220550934251,-0.08635426799068369,-5.104778136756939,-0.6361475341266101,-0.057881474282679805,0.26173260093232054,-0.17014473286260726,2.0079298739336435,-0.25964932752739317
1.73,-0.5180662119520554,0.0,0.06714288146441087,0.0,-2.0139172538982284,0.0,0.28615275768065435,0.022008269819937743,0.0,6,SolvedWithSlack,144973,88888,340964,0.15150319773634535,1.0132339411939029e-11,9.37860900052101e-13,-1.0037769420599,0.9005326952118635,-5.443418291567718,-1.1983829909374335,2.517138823710769,2.9332655320932512,0.006003611664637282,-1.9030268208162282,5.338930707113607,2.1090667331454,-0.07146364554974445,-5.5647381172948345,-0.3409290996170802,-0.043539547999882355,0.2504418978056782,0.10525659653110991,1.7015118649307648,-0.2575554361517871
1.735,-0.5181566229722792,0.0,0.06713717034011611,0.0,-2.015222854984106,0.0,0.2438247948272161,0.01879637619351942,0.0,6,SolvedWithSlack,136087,72306,315426,0.15079412523292152,8.476774837617995e-12,7.532863222081687e-13,-1.0037497701709137,0.8910711057298987,-5.416110907599525,-1.188148914218432,2.516793204742337,2.9042175722492645,0.005194292825185609,-1.8847289397805373,5.540715847968866,2.0051135881774265,-0.06724664169551396,-5.966194862449566,-0.3336084432162978,-0.04361988815113543,0.24785460677410873,0.11402840628726975,1.697246423207957,-0.2563500128959666
1.74,-0.5182325697501878,0.0,0.0671320687234075,0.0,-2.016311793582974,0.0,0.2007323836105871,0.015540084446016919,0.0,6,SolvedWithSlack,139864,72157,320956,0.1501902255216217,8.149925179168349e-12,7.507605648271465e-13,-1.0037243111285314,0.8817025375309391,-5.3878790067342885,-1.1784290041436167,2.516474122085873,2.8733197401861856,0.0050752680704187585,-1.8668551727085962,5.71428148219729,1.9037981963326838,-0.06134865943625753,-6.315810516993997,-0.32705193490978696,-0.04351838707739769,0.24526101390213664,0.12196333388714814,1.6936823684635929,-0.25532338338675686
1.745,-0.5182947938026793,0.0,0.0671276955335976,0.0,-2.0171957120924,0.0,0.16149320991345814,0.012581907106456784,0.0,6,SolvedWithSlack,146076,72347,324914,0.14971062271035057,9.258371846954105e-12,7.590039707849883e-13,-1.0036986098056846,0.8724093088272302,-5.358862457471924,-1.169197224701627,2.5161872632663203,2.8408153646069776,0.005200893550019922,-1.8540071098502051,5.8603790028454545,1.8089355587342761,-0.05464217222488356,-6.618845393662551,-0.3211685000092741,-0.04323043698059931,0.24265554731230643,0.12918376280781133,1.6908825962777438,-0.25450805860759596
1.75,-0.518344930380138,0.0,0.06712405335963251,0.0,-2.0178992194697165,0.0,0.1275521263201094,0.010028603285417497,0.0,6,SolvedWithSlack,136367,71826,315556,0.19545709646265585,6.52278231427772e-12,1.4304113449270517e-12,-1.0036717900660208,0.863161894261236,-5.329191281316626,-1.1604175554981147,2.5159346762392407,2.8069217855091453,0.005500273999815333,-1.8473131639117,5.981605728261914,1.721486462801838,-0.04776193190944501,-6.880457251169133,-0.6052708220597315,-0.2161134507540729,0.2899267851353289,-0.10131172457067951,1.968842567361131,-0.33227706398651496
1.7550000000000001,-0.5183847073073272,0.0,0.06712112553690598,0.0,-2.0184492520022523,0.0,0.09902306825824178,0.007871581089358188,0.0,6,SolvedWithSlack,143541,71936,327799,0.22964901497684725,2.0149039666939867e-12,5.121458812595847e-13,-1.0036440239995976,0.8537536905063892,-5.298452075837348,-1.1521348514544971,2.5157370712802107,2.7710201426618415,0.005648270831998008,-1.9049585443891133,6.25463678808152,1.614354348222231,-0.03453322422502925,-7.372372907732626,-0.4351440473331841,-0.0724449079765656,0.24579542689072775,0.06783611726864364,2.0740512471818824,-0.3904033254606403
1.76,-0.5184158624362479,0.0,0.06711884242298627,0.0,-2.018872135846005,0.0,0.07560469385153983,0.006110558474227123,0.0,6,SolvedWithSlack,147619,72838,327970,0.18902810858959,2.3518964553659316e-12,2.2143398226148747e-13,-1.003614102422273,0.8441934638765688,-5.266898313306684,-1.144319005353546,2.515597070905652,2.7322462384438047,0.006225897930515561,-1.9174523272759232,6.3469139978390094,1.5301060977752174,-0.02405075115814857,-7.999758511989155,-0.6062477122434767,-0.22894061398854018,0.2880532557573671,-0.0993881044021202,1.9437968478722598,-0.32134778460230295
1.7650000000000001,-0.5184401076321974,0.0,0.06711707377329085,0.0,-2.019192442581103,0.0,0.05697548127714289,0.004711283639883575,0.0,6,SolvedWithSlack,141347,71766,319463,0.18599760812027505,2.1813661987835076e-12,2.851052727237402e-13,-1.003581484647849,0.834399712219113,-5.23446573944327,-1.1369446204989746,2.5154980697980287,2.691249256674552,0.006721164917014062,-1.9864861900727118,6.576441576001303,1.4389246266474873,-0.017217047528509454,-8.326613855548452,-0.6121899236347793,-0.23745351151042665,0.2877374830671714,-0.10221186424068819,1.9328029496661867,-0.3161959338044676
1.77,-0.5184589455597667,0.0,0.06711571728525477,0.0,-2.0194325110812064,0.0,0.042546376544689846,0.0036308014856859918,0.0,6,SolvedWithSlack,142019,72176,320475,0.15126102832172575,5.9259264162392356e-12,1.9161339182005577e-12,-1.0035465379447344,0.824249053497941,-5.200955066804524,-1.1300081472456378,2.5154275780326816,2.64879827366596,0.007156584624339027,-2.059270981697377,6.783279375963896,1.3535877195221722,-0.012201571023070248,-8.594146085163517,-0.3061907883320361,-0.04942728458282364,0.23213234274346561,0.15529926145669853,1.6821717630885598,-0.25714374814693375
1.7750000000000001,-0.5184736952361787,0.0,0.06711464772879307,0.0,-2.019610680417818,0.0,0.03141506803602679,0.002817763477332058,0.0,6,SolvedWithSlack,141096,72227,320555,0.15155494554863444,4.929945340848008e-12,8.191225475684405e-13,-1.0035084363662363,0.8139192854501702,-5.167042136847375,-1.1233984520484397,2.5153581145714847,2.605730658507308,0.007877134090233726,-2.070737604188018,6.782651906749811,1.3012023051842565,-0.014711489736503608,-8.624410426291053,-0.30422944864351176,-0.04755010980514118,0.2290005752108454,0.15868393326083619,1.6868362971624826,-0.25764340743267855
1.78,-0.5184853787981486,0.0,0.06711377777760547,0.0,-2.019741445869135,0.0,0.022957624358260636,0.002202856573471347,0.0,6,SolvedWithSlack,135806,71906,314765,0.1519614752190253,2.850830682632477e-12,7.232825449676739e-13,-1.0034677034775727,0.8035275439879671,-5.133152282553753,-1.1170421701462858,2.515282223773804,2.5625499955242383,0.00829743416069384,-2.08365106414408,6.775572892592329,1.2515926994601605,-0.015304750822939552,-8.642207442948123,-0.3021729868651501,-0.044985133363077134,0.2257163730048517,0.16207582081482866,1.692405549940792,-0.258334507872343
1.7850000000000001,-0.5184947042084705,0.0,0.06711308775837761,0.0,-2.0198362869200546,0.0,0.016543862008481815,0.0017382767563537314,0.0,6,SolvedWithSlack,142249,71736,319704,0.1676727555515339,2.2808421817899216e-12,6.92085277975707e-13,-1.003425413216355,0.7930692840290898,-5.099315225997556,-1.110926768442391,2.515207113401188,2.519310613267306,0.008548989102413628,-2.0971363462679067,6.762857206608095,1.2043199560827988,-0.014733336112135963,-8.650142496939628,-0.6311604695054926,-0.25783534012913506,0.2819241522237499,-0.11704177560874632,1.882927975416486,-0.28504368443760764
1.79,-0.5185021699227489,0.0,0.06711258211446045,0.0,-2.019904097421661,0.0,0.011761204988134662,0.0013752198188872126,0.0,6,SolvedWithSlack,151517,72387,331446,0.16533766929464583,7.005951374594588e-12,1.1873557692609893e-12,-1.003383453199215,0.7823371709329177,-5.064951042045893,-1.1051309446870983,2.5151543960028193,2.475787038160518,0.008317411006529586,-2.1789227777920046,6.944302357051177,1.1294289275628222,-0.008098886187832569,-8.738728159346397,-0.6405622104096725,-0.26487913077991904,0.2810740378008979,-0.12306343194668548,1.8740261101048987,-0.2795740154956492
1.795,-0.5185081677156821,0.0,0.06711224914406727,0.0,-2.0199515667314834,0.0,0.008111261917123042,0.0011023375622415035,0.0,6,SolvedWithSlack,137119,71615,315566,0.11753510158778022,5.186961971048731e-12,8.248743651525483e-13,-1.0033421826332924,0.7711977225988211,-5.029728096855799,-1.0997034270838375,2.515127588032186,2.4319281209406385,0.008225362124090375,-2.260123282927333,7.10991338351935,1.0565007709595926,-0.0037767079137389255,-8.791894130173327,-0.01155150131219895,0.9507281534108972,-0.051479265558981795,0.2881331167608405,1.8805616254044835,0.1554408167444033
1.8,-0.5185130760816528,0.0,0.06711208688143852,0.0,-2.0199826089920054,0.0,0.005010638361170608,0.0009053112560493346,0.0,6,SolvedWithSlack,144854,76464,327398,0.15906666201244493,1.3073986337985843e-12,8.809342144644461e-13,-1.0033004440203737,0.7608090307362676,-4.997043020974564,-1.094499513324019,2.515122589989657,2.3923427986325483,0.008410972469710473,-1.958329486360415,6.169461204639311,1.0302543912831108,0.00045107983904913243,-7.353526785460496,-0.6306366245444905,-0.24739632841022882,0.27041332542115637,-0.12446031821357992,1.8350902937867324,-0.24589703034574545
1.805,-0.518517160568748,0.0,0.06711204189346451,0.0,-2.020001212559966,0.0,0.002986365210485471,0.0007532179057047098,0.0,6,SolvedWithSlack,158890,74931,364278,0.1581722835729047,1.99479321949525e-12,7.30304705598428e-13,-1.0032587183125397,0.7507604238165413,-4.965545655507078,-1.089560693621666,2.5151246624150407,2.355373007464451,0.00831214228294098,-2.043478344889933,6.383927720591972,0.959577300627027,0.000393077806557855,-7.418866654303232,-0.6381451046571729,-0.25087077470789665,0.26889288207393797,-0.12912101892841288,1.8277923841034605,-0.24043311249145793
1.81,-0.518520614013726,0.0,0.0671120016156005,0.0,-2.020011409092887,0.0,0.001455401959744905,0.0006412983854653147,0.0,6,SolvedWithSlack,138021,73709,333810,0.15707398314869608,8.521328766510583e-12,2.9058977446538847e-12,-1.0032173401315674,0.7402939066708305,-4.933039498399357,-1.0849733563587356,2.515126244600984,2.318176562149653,0.008257113062977103,-2.1260183847205196,6.57757722508845,0.8895134196388711,0.0002702019559974643,-7.451343054419384,-0.6458854100121157,-0.253363921072214,0.2670257713527833,-0.13417417729774364,1.8208356038742646,-0.23466795314072766
1.815,-0.5185235854065577,0.0,0.06711197446708164,0.0,-2.0200149470122573,0.0,0.00024786066871256934,0.0005597628288911299,0.0,6,SolvedWithSlack,139744,71805,318382,0.1981157709862613,5.391972239683992e-12,7.127631818093505e-13,-1.0031761818537217,0.729423315347909,-4.899624318023881,-1.080735033231679,2.5151270880074224,2.2809103765884053,0.008218396017544713,-2.2056912045702313,6.7518244878577285,0.8198660316432598,0.00010658650011103342,-7.45339371014402,-0.11883377687351204,0.9229056196937574,-0.05093288231005369,0.14471014335571136,1.6520604608152047,0.3367968106766442
1.82,-0.51852617696381,0.0,0.06711203412648922,0.0,-2.0200123834378694,0.0,0.0010182933901945743,0.0004989652400849729,0.0,6,SolvedWithSlack,150915,79751,337227,0.11829092272986788,2.8919089345436078e-12,1.1791956300299944e-12,-1.0031348222750727,0.7192391628120414,-4.868476669743166,-1.0767472120342692,2.51512569881505,2.249543485838671,0.008296536475053672,-1.92608098448248,5.8944369462922985,0.7825115586773417,-0.0006460274828870888,-5.5135599017553085,0.09538470619944824,0.8913281619371722,-0.044323802720290975,0.40742217961074473,1.892654763677886,0.06042982653018195
1.825,-0.518528502245371,0.0,0.06711219376838583,0.0,-2.0200045608459525,0.0,0.0018762511847714507,0.00046829917577070467,0.0,6,SolvedWithSlack,142219,72137,321146,0.1432238114481505,2.7142732506035827e-12,1.0063616606714731e-12,-1.0030923423514346,0.7103842079226753,-4.841270575256046,-1.0728793089076807,2.5151223929388227,2.2244583477150757,0.008600251041801815,-1.669055382182817,5.150445568529557,0.7675909973189098,-0.0007246386800069057,-4.697003256008088,-0.6098557679961804,-0.19232580930151222,0.24348047946185586,-0.12375387872191185,1.7632977848583766,-0.1752748618128041
1.83,-0.5185306349631548,0.0,0.06711232524855405,0.0,-2.0199939424012716,0.0,0.0022398885389364022,0.0004349205900568844,0.0,6,SolvedWithSlack,146978,71805,325615,0.14135474707046283,1.3855583347321954e-12,3.589351038613131e-13,-1.0030499483443904,0.7018076947898144,-4.814761941832907,-1.0692461955841521,2.5151133578662064,2.2007782668713776,0.008415227571646955,-1.7456617968440051,5.3998619219091735,0.6993532197008272,-0.0024028147304566805,-4.760371179856283,-0.6109742766386477,-0.1875066460927295,0.2403030700197868,-0.12394574839473965,1.7580042354535654,-0.16946936304288834
1.835,-0.5185325795695923,0.0,0.06711240157221557,0.0,-2.01998183058715,0.0,0.002543306478403517,0.0004103310401886989,0.0,6,SolvedWithSlack,146897,72217,332268,0.09945779306418108,1.4352963262354024e-12,1.041972064186325e-12,-1.0030081999431295,0.6928625880031357,-4.787096577148107,-1.0659530585213142,2.5150981774230905,2.1768764446734434,0.00831485579760119,-1.817482734861783,5.61962992735547,0.6315315698418604,-0.0033722958790791653,-4.792519294678044,0.07006837891887058,0.28341077230727874,0.11650758865799882,0.3666139450317658,0.8420320629434548,0.16907824820910783
1.84,-0.518534503281131,0.0,0.06711239339705101,0.0,-2.0199674445704643,0.0,0.0031253077316228703,0.0004500563756839875,0.0,6,SolvedWithSlack,136287,72046,319053,0.13502020261023293,1.6484591469634324e-12,9.529460553991953e-13,-1.002963863549988,0.683984569266571,-4.759561950778155,-1.0628293064315155,2.5150165941325393,2.156292795604986,0.009145828988462354,-1.7479733844735168,5.435252729256224,0.6197292869326466,-0.02351646824569713,-3.6806200104329605,-0.6057742278840516,-0.1613002288144081,0.22953434443739595,-0.12336296923938306,1.7376145151763982,-0.1449054673222436
1.845,-0.5185363830599783,0.0,0.06711235528910726,0.0,-2.0199512403109736,0.0,0.0032643367807122852,0.0004125582698686869,0.0,6,SolvedWithSlack,145074,74100,329001,0.36837377727366544,2.032485291181274e-12,4.584110868677271e-13,-1.0029198853321097,0.6750564061929423,-4.731805049217304,-1.0599415934245926,2.5149248876872883,2.137751902054143,0.008616045771408183,-1.8103839514559061,5.626965966770713,0.5496196522064036,-0.015299849616226534,-3.725656142241014,-0.2412203361477122,0.0031080534499111517,0.1878403455101273,-0.026787086512602018,-0.0550186163807783,0.6262354213652312
1.85,-0.5185381728387637,0.0,0.06711233231262234,0.0,-2.0199335454896423,0.0,0.003763563475151142,0.00043858030262664005,0.0,6,SolvedWithSlack,133633,77516,317620,0.15006876151902374,4.703792910731863e-12,1.293590234929809e-12,-1.0028750285992676,0.6659676588372392,-4.7035210533174245,-1.057331623405627,2.5147618284602835,2.126879489232313,0.009144810784837013,-1.822534665647501,5.676874373937396,0.5029089482142174,-0.04220136736513035,-1.1752093695171517,-0.2537043351420839,0.15976154294918415,0.1404930397613841,0.21387421697063788,1.9402695821461093,-0.2551168945823403
1.855,-0.5185399306532719,0.0,0.06711231961876545,0.0,-2.0199145777238994,0.0,0.00375312521891826,0.0004076944211190104,0.0,6,SolvedWithSlack,139804,70864,316337,0.14308245676363732,8.135714324453147e-12,8.626988012849779e-13,-1.0028303071273172,0.6569553241106698,-4.67543392097964,-1.0549391272950785,2.5146113695500825,2.118998643534367,0.008844974824734595,-1.789221764589715,5.5800490157898635,0.4626045940648986,-0.023036558867726778,-1.8344725672158222,-0.22872463597271125,0.15641432287160012,0.11443659867262818,0.22150538165541173,1.9018857623789371,-0.2432401764981834
1.86,-0.5185415638988272,0.0,0.06711237300496527,0.0,-2.0198957697781235,0.0,0.0037819564526024416,0.0003889804768244097,0.0,6,SolvedWithSlack,131889,70974,307080,0.11701455857471138,7.602807272633072e-12,1.2972053986537446e-12,-1.002786351442039,0.6480960775621063,-4.648053382524697,-1.0527373306662302,2.5145340494685717,2.1081393398824253,0.008766572470043628,-1.760403942277561,5.410080935840478,0.4258034934090576,-0.011071334829207202,-2.3889916536221514,-0.5637736711860396,-0.07167210795925308,0.19892474957700934,-0.0992546236909343,1.7056105297607205,-0.0948584878683812
1.865,-0.5185430946227076,0.0,0.0671124703475323,0.0,-2.0198767377959532,0.0,0.00382021184156861,0.00036275014552430307,0.0,6,SolvedWithSlack,132570,71074,314524,0.12916208628642636,7.176481631177012e-12,1.1765727281343175e-12,-1.0027436125229516,0.639190900417162,-4.620640408197818,-1.0508061382999936,2.514500202939824,2.0961984251974597,0.008435866685243064,-1.7945884306625852,5.530127961003168,0.36006017185889894,-0.004311607491729038,-2.3875883495642487,-0.1921534321720556,0.15007795328143253,0.06753683863699879,0.22937543938204094,1.8331700217589106,-0.2195755466869248
1.87,-0.5185445695429669,0.0,0.06711258279765422,0.0,-2.0198572785425606,0.0,0.003949458036489701,0.00037081383349550943,0.0,6,SolvedWithSlack,131348,72217,309846,0.10521102215422104,6.856737400084967e-12,1.067708421675917e-12,-1.00270071307175,0.630284078776652,-4.593942873869958,-1.0491034727209536,2.5144911934670913,2.082986317106857,0.008656055765243302,-1.772672229518286,5.217698554679954,0.3276549283446661,-0.0003613755677243643,-2.8061571364945723,-0.3604469185662875,0.24911307888859818,0.11232562359422373,0.03647251143563379,1.6833763544675366,0.016874933113089408
1.875,-0.518546026296738,0.0,0.06711270559964148,0.0,-2.0198371896805494,0.0,0.004057376112622771,0.0003576659243608782,0.0,6,SolvedWithSlack,152809,82747,340753,0.11907988216614972,4.718003765447065e-12,5.293890326107942e-13,-1.002657953383561,0.6215923359198097,-4.568196396531453,-1.0476149343573644,2.5144966329267646,2.070245329817303,0.00849890297661009,-1.7157018511598918,5.106062711837839,0.277838991825344,0.001862228127111466,-2.3820566894873116,-0.11023064199268177,-0.03519699887361474,-0.2024357996824545,0.13876978505979237,1.3282043160428854,-0.03226934284096686
1.8800000000000001,-0.5185475120053823,0.0,0.06711281225906417,0.0,-2.0198159984094137,0.0,0.004379785056446281,0.0003978651496009147,0.0,6,SolvedWithSlack,143602,71695,320326,0.114756484099939,6.66489086142974e-12,1.0679859774320732e-12,-1.0026136022407752,0.6128070393290536,-4.546327559542685,-1.046336106595142,2.514482060963797,2.058978550775451,0.009014558652809535,-1.7844289681491914,3.9034874646727933,0.24095154672127134,-0.005580876561566838,-2.1699945024146174,-0.09113590964534381,0.0013571745747745629,-0.19508602296989627,0.16210992507867225,1.3666142541740303,-0.04503556699289067
1.885,-0.5185491121992764,0.0,0.06711284371468097,0.0,-2.0197934829440967,0.0,0.004564392448516263,0.0004215953575790088,0.0,6,SolvedWithSlack,145044,71695,328640,0.10499066372934382,4.632738637155853e-12,3.3928415632544784e-13,-1.002567844572653,0.6037194658792786,-4.529995229046299,-1.0452372933067484,2.5144422711466587,2.0485880164147092,0.009223663734140335,-1.8393227507316352,2.8574077932610553,0.20558940433092698,-0.009236711870388607,-2.0185783902754104,-0.32918764852990773,0.2803499138349111,0.10115393511732076,0.057954203047940404,1.679850619669501,0.022553223572354612
1.8900000000000001,-0.5185506641927455,0.0,0.06711291209469268,0.0,-2.019771030309627,0.0,0.004408314536670591,0.0003821126524823393,0.0,6,SolvedWithSlack,141798,73819,325695,0.10473225170363253,2.0605739337042905e-12,1.9139204110452113e-13,-1.002523116931122,0.5947299367864669,-4.515370255435459,-1.044353381216947,2.5144151621225057,2.0396246794790724,0.0088029687262061,-1.7704962127300794,2.968922402121376,0.15771713155939038,-0.0032651043990906538,-1.647357250376654,-0.346978031395934,0.2517036064154269,0.1073951604140547,0.04446828379116236,1.6757160272581204,0.015038920234863095
1.895,-0.5185520852734853,0.0,0.0671130685208993,0.0,-2.019749376549274,0.0,0.004289748688197478,0.00035618751396469475,0.0,6,SolvedWithSlack,130978,71445,307510,0.09873511385418852,7.851497230149107e-12,8.296627274084756e-13,-1.0024797694055878,0.5860558216617174,-4.500157251697568,-1.0437099057952635,2.51441015670943,2.032325598101097,0.008600998944002864,-1.7112024725343582,3.090468899959135,0.10945695769323176,0.00025581596086759486,-1.3391509921574933,-0.050443543205292804,0.15504111705873752,-0.11399495332113638,0.25194182982522184,1.5797618216670164,-0.11634455966595476
1.9000000000000001,-0.5185535234448655,0.0,0.06711320870959159,0.0,-2.019727678971802,0.0,0.004395157130714002,0.000384052382353507,0.0,6,SolvedWithSlack,132090,72227,315246,0.10420253073059846,9.030998171510873e-12,8.686142083380588e-13,-1.00243545443817,0.5775010940169393,-4.486709386545607,-1.043240971447222,2.5144041516630162,2.0251154210819524,0.008998917606271167,-1.7106205969188764,2.432265478119281,0.0833292882680113,-0.0020016112425141194,-1.5079612079833076,-0.22758385151438354,0.41817260321702143,0.06298813553415127,0.12540963149856696,1.6672404916895753,0.06581777025145806
1.905,-0.5185549882777728,0.0,0.06711333355147563,0.0,-2.0197057613323093,0.0,0.004356187581066483,0.00036713680105392285,0.0,6,SolvedWithSlack,145134,72117,321307,0.2228085311332723,5.8122395785176195e-12,2.297407923623762e-12,-1.0023912025500152,0.5692648619886563,-4.474391560075673,-1.0429430608139532,2.514402829801973,2.0189987188342124,0.008774582800308992,-1.6053300644494257,2.483997100571674,0.04383714126733468,0.0006859079759271733,-1.040235340623606,-0.09354514555822052,0.8039182824148791,-0.03791765653102993,0.13885384345099955,1.4559467015689689,0.3787745029265629
1.9100000000000001,-0.5185563734420385,0.0,0.06711354599192745,0.0,-2.019683754690668,0.0,0.004446917567875852,0.0003482426006057563,0.0,6,SolvedWithSlack,134735,71956,312360,0.119427156478203,2.9434787940374463e-12,1.186024802674046e-12,-1.0023476893312762,0.561866177416782,-4.462732503415424,-1.0428338873477656,2.5144034505419772,2.0182920686845573,0.008667362982510333,-1.396694032578911,2.2340225086533154,0.0072055127407283405,-0.0002514625439563608,0.43691946744651317,0.22278649878295326,0.7936610536392383,-0.03081599970584748,0.5416686483154153,1.910834503651248,-0.07635309797294354
1.915,-0.5185577709968626,0.0,0.0671137744724882,0.0,-2.019661560550778,0.0,0.004419325130442355,0.0003668695713921622,0.0,4,SolvedWithSlack,170422,104698,380889,0.4204278404532995,4.050093593832571e-12,1.415294205615869e-12,-1.002303130231621,0.5554870293985359,-4.452173940435943,-1.0427928160983249,2.5144120952456963,2.0198416923188045,0.009039622408737786,-1.195831636620162,2.0331188925458314,0.008942362362985134,0.0028325456045046778,0.2280832950667826,0.2106313372723257,-0.16266368104976475,-0.22970485903988158,0.1655564028557739,-0.6460800113702294,0.7147273287706092
1.92,-0.5185591208862456,0.0,0.06711386468375871,0.0,-2.019635511299098,0.0,0.006243977513075006,0.00039865954043654674,0.0,4,SolvedWithSlack,134715,85822,325796,0.08513167025418898,1.3308465440786676e-11,1.4109078488866444e-12,-1.0018231936812365,0.549595052579146,-4.444775899180196,-1.0428219793085647,2.5142837028603098,2.028455693540706,0.19075490943976517,-1.0501862176229753,1.2150218625039155,-0.02348625593260082,-0.04166906843614453,2.6808142204150833,0.28354268203950683,0.42044521508037636,-0.10521030669420514,0.47337678679242845,1.003007828371046,0.14472383943212128
1.925,-0.5185434325268533,0.0,0.06711492538050205,0.0,-2.0193552934975187,0.0,0.09646669105353164,0.006825199036004854,0.0,4,SolvedWithSlack,150634,85972,347767,0.1655469351993972,5.054183275333322e-12,1.4025304355402834e-12,-1.0004697502131048,0.5460035253592724,-4.439104251350758,-1.0432496910892715,2.5140817583882327,2.0425969317861785,0.31437416034687626,-0.5167565775538436,1.133810071146165,-0.1286634246134465,-0.03940921796507879,2.921655263794979,-0.05429624813366067,-0.41329031035712804,-0.2814297898389752,0.06840900125972968,0.5413477673708037,0.1150718160170779
1.93,-0.5184983562725849,0.0,0.06711781018344355,0.0,-2.0186369578571144,0.0,0.17043024632899803,0.012400225274838549,0.0,4,SolvedWithSlack,150334,86664,355752,0.2464857186066618,5.756290321542349e-12,1.1585411449632765e-12,-0.998411397974775,0.5438699999043749,-4.43309183374438,-1.0442133752374045,2.5138723965309064,2.0576131823076924,0.4712396886000723,-0.3773990511742434,1.2685471866584457,-0.23681212098913718,-0.04296104351153322,3.054837679148376,-0.09896742725545492,0.7908335220090886,-0.03491627448881669,0.11056271991646,1.3912072255950583,0.41902572163132507
1.935,-0.5184208744613659,0.0,0.06712280695260338,0.0,-2.0174352391822756,0.0,0.2965730858644455,0.021891885346723594,0.0,8,SolvedWithSlack,148621,89599,345793,0.1660038073696287,6.473063532287547e-12,5.866166927215311e-13,-0.9962213424899605,0.5437706438975666,-4.4260483881137445,-1.045944546594262,2.513715715758505,2.076263654873373,0.41444191169030115,0.20994318575630067,1.5097091369352817,-0.4192776343474496,-0.024620681964072383,4.163112518083943,-0.06876555075286048,-0.4154934546185983,-0.2822064725283688,0.05630704605308799,0.5330679584765914,0.12333925700657865
1.94,-0.51830464235386,0.0,0.06713029940467065,0.0,-2.0156556880669467,0.0,0.3869658317994003,0.028684907175939037,0.0,8,SolvedWithSlack,155203,115838,377593,0.46169830898956343,7.789324740770098e-13,5.875994135706719e-13,-0.9938003900360273,0.5448245410258872,-4.418068419681174,-1.0483192941451922,2.5135721416900774,2.097193170425153,0.5078260643300372,0.13906178926118262,1.482695708433674,-0.4662875164190805,-0.029615454410181437,4.232868353861367,0.08770537135017713,-0.010999897366858467,-0.1998773016645176,0.059020414658341826,-0.4480845420848908,0.7848871252822578
1.945,-0.5182234470965758,0.0,0.06713566203468978,0.0,-2.014392643325146,0.0,0.18345828555565488,0.013231377714765421,0.0,4,SolvedWithSlack,155844,95200,358087,0.46141251183100296,8.202327705930657e-13,6.146637018811241e-13,-0.9914501288348896,0.5447334857004223,-4.412886480881426,-1.0501699155311575,2.513380494513314,2.1257207268737237,0.45333748624328196,-0.10883078810623721,0.7479190068239663,-0.3243704856127769,-0.043341355906679105,6.640152879824183,0.08143939813992161,-0.006826390212146113,-0.19891364103719034,0.05652044180168587,-0.44061372566274754,0.784401270112705
1.95,-0.5181787377748795,0.0,0.06713871296557583,0.0,-2.013669554100303,0.0,0.16394926790313555,0.011773050256874211,0.0,4,SolvedWithSlack,145575,80122,333009,0.11470121249539766,8.72635297355373e-13,6.051574172327712e-13,-0.9891219666620179,0.5440824612317022,-4.4100666184640795,-1.0518501185789484,2.5131335094495046,2.165171889232438,0.4942110955082507,-0.08158264698398433,0.584985191267003,-0.38522355934282454,-0.05338607411158593,8.66579010786728,0.19497676247672466,0.7886562630794328,-0.02914648738550127,0.49587318527573,1.8352193999263626,-0.020555503868172707
1.955,-0.5180982596102904,0.0,0.06714374813093793,0.0,-2.012417282054795,0.0,0.3149717820683376,0.023215926083065032,0.0,6,SolvedWithSlack,135476,105058,347697,0.11507229648451005,9.918871279879227e-12,6.124545315344676e-13,-0.9867182095516694,0.5450791364241199,-4.406514429319353,-1.054282542333861,2.512970516399968,2.2055721196694313,0.47262040654494725,0.3842355788645797,0.7935132438333171,-0.5529977867421565,-0.0207073107536447,7.701748181320385,0.19942582201170425,0.7894046088639928,-0.029285769410453646,0.500170212320236,1.8411567437521608,-0.024810879909520835
1.96,-0.5179961380697168,0.0,0.06715010868922155,0.0,-2.010844787108735,0.0,0.24021154400777125,0.017520912664678583,0.0,6,SolvedWithSlack,139403,98646,345853,0.16082099817528092,2.056202430544829e-12,4.891781424376518e-13,-0.9847834351407118,0.5477200912127829,-4.402186729010775,-1.0567530292610372,2.5129503709678724,2.241883295451209,0.31107479952934597,0.5878986912154698,0.8892903180865729,-0.4146554229425751,0.0062870990072647895,7.0035323061630255,-0.08949484330745458,-0.3781490225289588,-0.27339569689797755,0.05100989998873459,0.5945607540060787,0.12212184926360557
1.965,-0.5179476780373224,0.0,0.067153374282255,0.0,-2.0100686706334843,0.0,0.1121914288206369,0.007868505236970602,0.0,2,SolvedWithSlack,145655,88377,349620,0.3224236624252418,2.2281274048019384e-12,5.5094123707633e-13,-0.9831479082540068,0.5493922029402522,-4.400883752367408,-1.058577490768141,2.512959309767997,2.276364624307894,0.3425256034295874,0.17580231834972082,-0.14872252006035253,-0.3435765963368521,-0.0010311001985919414,6.8189322027195445,0.3183335755243479,-0.15542080399909733,-0.22338931800135053,0.31295070901866545,-0.45566062087335507,0.548120226122911
1.97,-0.5179229906091739,0.0,0.0671551195199834,0.0,-2.009646230083369,0.0,0.09942729875005851,0.006929642734728754,0.0,2,SolvedWithSlack,159842,65183,332097,0.4701109319754547,5.382359805203384e-12,1.1057960103144637e-12,-0.9811697244856274,0.5494488341602913,-4.403987770041867,-1.0602731421407892,2.512869351663476,2.3141046671338463,0.4517001301454695,-0.06815579750509962,-0.9460408525115767,-0.3808848049719763,-0.028503163530002713,7.98896877653144,0.04644992531338162,0.03517380492994068,-0.18964225525007122,0.027702590887661294,-0.3723995505250779,0.799188584358273
1.975,-0.5178598099467685,0.0,0.06715884991426818,0.0,-2.008652751035153,0.0,0.26523900951062174,0.019467493265352624,0.0,6,SolvedWithSlack,3226635,74391,3408087,0.2749253760940601,8.018877467872996e-15,5.19007579968811e-15,-0.9786241398206593,0.5491282662053354,-4.410582848197517,-1.0627675464316557,2.5126883119676457,2.3596060245011774,0.5473155436526576,-0.060673809249222874,-1.5587950292452342,-0.5775334679632742,-0.04027119336922195,9.815076542125482,-0.1344807653716276,0.7979972112989165,-0.03542214154643568,0.06205230783695542,1.3353121707109439,0.46737313935990216
1.98,-0.5177388375370422,0.0,0.06716578139430988,0.0,-2.0068020009407044,0.0,0.4417333199530976,0.03278293781333654,0.0,6,SolvedWithSlack,2570125,99518,2778338,0.11407485508488999,2.1316282072803006e-14,2.2213134109883015e-14,-0.9761245160831707,0.5502148813573153,-4.417957335200959,-1.0662145446640674,2.5125760555221466,2.4103656299071257,0.43842238962157093,0.3579145931355517,-1.3898091122567575,-0.697967397243581,-0.010540783514685625,10.40621109068311,0.1913710311850972,0.7924664463951211,-0.029093743190552426,0.4845797286174344,1.8251976813582398,-0.008789497758354125
1.985,-0.5176469399601324,0.0,0.06717124298164413,0.0,-2.0053803024596366,0.0,0.20169272292783455,0.014583488059474478,0.0,6,SolvedWithSlack,145766,98607,351835,0.1700437901022141,4.473761128599588e-12,9.455838889671497e-13,-0.9745425134454603,0.5524437037986241,-4.424004676137123,-1.0690310176851663,2.5126115684118338,2.459615985698045,0.24488803081507537,0.5151379803015466,-1.103744589825225,-0.492639621382233,0.016454150267060354,9.477831858717785,-0.10765453503442361,-0.4656157864786206,-0.28907444317376396,0.015848446918744444,0.4542826041214154,0.15845288239683245
1.99,-0.517608218515846,0.0,0.06717377419436803,0.0,-2.004748353319653,0.0,0.0885022947830692,0.006078281831693319,0.0,6,SolvedWithSlack,2840315,102213,3055772,0.11503006843692301,2.1316282072803006e-14,8.191364253562483e-15,-0.973171923369366,0.5536646532149239,-4.432288604134802,-1.07128734546436,2.5126586084465226,2.505889663665642,0.297555019364619,0.07359432255603068,-2.0165541331203505,-0.4343530537321839,0.005117285940948768,9.104363409832233,0.20683486756543096,0.7934990930435271,-0.028932857519450253,0.4946839657828598,1.8404810949907682,-0.022056343174189662
1.995,-0.5175933053647488,0.0,0.06717491202498997,0.0,-2.0044719256892627,0.0,0.038701584304947356,0.0023674915719837123,0.0,2,SolvedWithSlack,154973,103286,380799,0.17082275161319987,3.569591814161344e-12,9.183619576608182e-13,-0.9720388456787626,0.5548477043859387,-4.441532303482935,-1.0733258709369506,2.512737210212872,2.548516959961988,0.1825743083450948,0.34663839901135207,-1.7442935219702511,-0.3949759953809636,0.02141562089887312,8.148176701050488,-0.09203112944966439,-0.47900542349367603,-0.29039867774243977,0.025835418309275007,0.44022230559806436,0.1544013979314677
2.0,-0.5175850875389216,0.0,0.06717558458964626,0.0,-2.0042966855412505,0.0,0.05948270917180895,0.003967022907087561,0.0,2,SolvedWithSlack,3710840,71796,3931666,0.09016616113033586,1.4210854715202004e-14,9.023164160293362e-15,-0.9707876730440832,0.5554728066734106,-4.4530190241225025,-1.075476969718618,2.5127883757087512,2.5882427468488234,0.31172811781927895,0.004463510889567736,-2.669151289880359,-0.4908333666863553,0.002883523710244912,7.795407056591848,0.23718013133044719,0.622583272204228,-0.06342761506082575,0.47193650851046265,1.4426585780853738,0.06507411756022406
2.005,-0.5175332930927238,0.0,0.06717837668512508,0.0,-2.0034772406723436,0.0,0.23434742945353232,0.01718356971495287,0.0,6,SolvedWithSlack,3435089,103435,3663259,0.49727324423886293,2.1316282072803006e-14,1.2511693070482721e-14,-0.9691662560368035,0.5564570934502578,-4.466090294505181,-1.0784605978372495,2.5128152767356315,2.6252361136452156,0.3331825570801981,0.32317899148633317,-2.5796526165226896,-0.6669029745490389,0.0067366502020089515,7.142983811418425,-0.05099345197570235,0.15468530830602809,-0.1664831959799447,-0.0599213091990814,-0.1994445828484766,0.8453645152060669
2.0100000000000002,-0.5174677739697987,0.0,0.06718186686088425,0.0,-2.002450620497069,0.0,0.14979431987584674,0.010723262168620695,0.0,2,SolvedWithSlack,3470054,97154,3692114,0.17567069131462185,7.105427357601002e-15,1.0860453161787298e-15,-0.9677465639995151,0.5576997304461917,-4.4796276774659995,-1.0814167031666284,2.51280414370162,2.667562987180946,0.25732748493938495,0.20826821929961542,-2.795959287609092,-0.5544640279368632,-0.00765050541028526,9.308689206745845,-0.09817249152891486,-0.5254424209638923,-0.29864017523485714,0.005738003760981994,0.30863829615196114,0.19373818069823404
2.015,-0.5174376910890555,0.0,0.06718358058524511,0.0,-2.0019477595641004,0.0,0.07649560374380729,0.005211055749869801,0.0,2,SolvedWithSlack,3959649,65945,4140731,0.3500304518342447,1.4210854715202004e-14,1.9038590148845458e-15,-0.9662142195840205,0.5574438702800577,-4.496054948202924,-1.0841411897715143,2.512743609645823,2.7131938756910197,0.35457531485274096,-0.197474543163739,-3.614504263603321,-0.5738207820646172,-0.015502378144583997,8.992192702993073,0.30392151531967737,-0.2219954493050761,-0.2340922955556856,0.2848059915512102,-0.6107410814846593,0.5950517681182159
2.02,-0.5173816804911177,0.0,0.06718643644751499,0.0,-2.0010623680017185,0.0,0.24400121151035997,0.017881563132722933,0.0,6,SolvedWithSlack,4310472,93967,4521451,0.11344315647996989,2.1316282072803006e-14,1.2110971947532079e-14,-0.9639105417523829,0.5559741575127752,-4.515789224824462,-1.0874827339492472,2.512537914885976,2.761128075787221,0.531004424339435,-0.3563854349513242,-4.160115391605811,-0.730775145267761,-0.05955752931668325,9.96783429548212,0.17711005443558983,0.7977473417880242,-0.029041202395921756,0.45811695230023364,1.8150905036795182,-0.006483244731234808
2.025,-0.5172737412517278,0.0,0.067191755432353,0.0,-1.9994065823868272,0.0,0.3311054443820072,0.024430379750021085,0.0,6,SolvedWithSlack,4101867,102263,4324368,0.11427014746415759,4.263256414560601e-14,1.1541115285673698e-14,-0.9614562056871333,0.5553989663874662,-4.535289513740859,-1.0914523696252547,2.5123706679944995,2.8077178785974106,0.4263041374739137,-0.013472746469874654,-3.7004011933211602,-0.7511365652280263,-0.016154453648578586,8.929630484368486,0.1874432798594165,0.7974496750922723,-0.029023880843006458,0.46639527188757,1.8283223594265214,-0.012698804391235786
2.0300000000000002,-0.517205340098668,0.0,0.06719534837405002,0.0,-1.9983352053187857,0.0,0.15346640079273377,0.010970932873499806,0.0,6,SolvedWithSlack,3717512,103005,3941826,0.34310209585823154,2.185751579730777e-15,2.4489958672102574e-15,-0.95985942019846,0.5559588775511736,-4.552366836569909,-1.0947337787963651,2.512387557119845,2.849590778598541,0.25562633765401077,0.20356253860688073,-3.2394637638781307,-0.6074698219795529,0.01393803244740496,8.008946698958972,0.31604402499558626,-0.21314751685064126,-0.23204098385336558,0.3011003121679186,-0.5637854581652677,0.5832735629589936
2.035,-0.5171753520473277,0.0,0.06719704324702737,0.0,-1.997832312267263,0.0,0.07507247195503357,0.005069035147325739,0.0,2,SolvedWithSlack,3940884,73208,4133447,0.11505258784032957,1.4210854715202004e-14,2.8943861196673026e-15,-0.9583560218296224,0.5559654911954622,-4.570072849721816,-1.0975283087125713,2.512369744355736,2.89301221797786,0.33357190290015937,-0.1257461164062197,-3.737919082641922,-0.5349794565064575,-0.013613686035284329,9.116226904687995,0.19296003235078746,0.7980748737163277,-0.02914380892545562,0.4685306774640683,1.840841405445273,-0.0163275293895411
2.04,-0.5171443889282905,0.0,0.0671986313116436,0.0,-1.997316336815404,0.0,0.16586246398700163,0.011966176932344322,0.0,6,SolvedWithSlack,3653050,95721,3858548,0.34165168302837406,3.568914348826013e-15,2.0903417885520525e-15,-0.9568460563575741,0.5565205243436566,-4.587657220011259,-1.1005524101975999,2.5123757222614933,2.9354057630390034,0.29501400745318146,0.285727592657399,-3.386301062403804,-0.6796391874211246,0.008738852236374793,8.058358562136004,0.3162240538972115,-0.21081375589753354,-0.23122887448844048,0.30383189184681625,-0.5480809530498916,0.5808078611482359
2.045,-0.5170825313664587,0.0,0.0672015372682499,0.0,-1.996343216309509,0.0,0.15498738466340967,0.011118231046153823,0.0,2,SolvedWithSlack,4081399,90641,4295994,0.1729394469919571,1.7763568394002505e-15,8.222589276130066e-16,-0.955087878269972,0.557011049177832,-4.606103602112813,-1.103821115532499,2.5123374289960525,2.97895363795683,0.3740131518982768,-0.0464868219925154,-3.8727859044628623,-0.6049382381544971,-0.015989297109148117,9.137257490686348,-0.0861091164635725,-0.5095474331558572,-0.2939970598863271,0.014417817832928153,0.2722713861004524,0.2115774645984598
2.05,-0.5170178418565027,0.0,0.06720448764403016,0.0,-1.9953281388416428,0.0,0.2700882942455798,0.01985337082620368,0.0,6,SolvedWithSlack,4320721,97063,4560023,0.22954772052154415,7.98518288306189e-15,1.2053726072824844e-14,-0.9526808324293368,0.5560060825221709,-4.627765849473382,-1.1074631876321606,2.512241401886967,3.0236191692180796,0.5521234272575987,-0.30157907411323837,-4.627087092447402,-0.810504101868023,-0.020865517468476504,8.802001398238113,-0.0992770741954098,0.8072161190589384,-0.03477220319308011,0.08786933062567923,1.4249457062065194,0.39023112488662504
2.055,-0.5169266724007118,0.0,0.06720863256643231,0.0,-1.993921615868628,0.0,0.21746873157798646,0.015817251154696187,0.0,6,SolvedWithSlack,4050410,98877,4262501,0.11505631656286745,7.105427357601002e-15,4.092212679829288e-15,-0.9504598523462455,0.5555195299252097,-4.64938304730144,-1.1113905849953942,2.5122324768134687,3.06877415445516,0.35518798991418016,0.008434475082946348,-4.11733308799992,-0.7281296360873958,0.009987823474528253,9.18340787693208,0.18485049440391518,0.7998710255217498,-0.02933083541333805,0.45426747664805045,1.8409010650058792,-0.010422275330071973
2.06,-0.5168825531351933,0.0,0.06721086296063614,0.0,-1.9932103805882098,0.0,0.10357029312983902,0.007213200580544582,0.0,2,SolvedWithSlack,3739924,96913,3953588,0.09240257125585782,7.555284803094655e-15,3.750472155061857e-15,-0.9491255158113602,0.5563048072094832,-4.668606638230941,-1.1147431607266698,2.512345473865763,3.111579290429988,0.21314563399661723,0.2607753953886652,-3.6737839365333715,-0.641548305568671,0.029269716962469806,8.156465046218289,-0.035214620348937055,0.1906432044005546,-0.15318838508520413,0.19672261286447187,1.4784411400937252,-0.0328513133864447
2.065,-0.5168627235551311,0.0,0.06721202628987177,0.0,-1.9928611839625463,0.0,0.05327421510459075,0.0034615482608530224,0.0,6,SolvedWithSlack,3686373,87736,3889807,0.09243852091014418,2.1316282072803006e-14,5.004243547324094e-15,-0.9481382146978857,0.5575391155829614,-4.687384775390607,-1.1179492891465699,2.51250077946001,3.1492079713777956,0.20099873353185516,0.2597234561557505,-3.8175047161027655,-0.6722376003977153,0.030907124329934466,7.114630311502366,-0.03456273381599977,0.17799608143527917,-0.15552483690642116,0.19444023733115773,1.4790163345623069,-0.038151632621990936
2.07,-0.5168243523083516,0.0,0.06721383756380668,0.0,-1.992240548294042,0.0,0.11799494328431215,0.00836875776841014,0.0,6,SolvedWithSlack,3812031,102443,4029652,0.09513404710476359,1.4210854715202004e-14,1.3613242477727994e-14,-0.9470719841823033,0.5589508483444952,-4.706955953668118,-1.1216004225310092,2.5126511073242623,3.181836548672189,0.19905118806153946,0.2622757554326994,-3.9634919390339354,-0.7185820691040284,0.030868354556125174,6.15178935218725,-0.03525769365652882,0.2005044657420203,-0.13416297002177427,0.20382037036952605,1.5221447536762174,-0.05259385049562784
2.075,-0.5168009984589284,0.0,0.06721502106141172,0.0,-1.9918424628841296,0.0,0.06004399449361661,0.004002317034852202,0.0,6,SolvedWithSlack,3718343,82536,3916057,0.11722145429920097,1.4210854715202004e-14,1.3852708856312151e-14,-0.9461908717248025,0.5601765766941594,-4.726897063151149,-1.1251241606212194,2.5128086945949764,3.2098199230595323,0.1633501461069044,0.2375138960899737,-4.006002758155,-0.700674498011329,0.031531691135996166,5.238183707001596,0.20292056035829775,0.8015309233705682,-0.02950864227179032,0.4604449311946852,1.8755432687872156,-0.020472002224195613
2.08,-0.5167731895302917,0.0,0.06721631522779965,0.0,-1.9913786765236146,0.0,0.09215267871058232,0.006424628341654199,0.0,6,SolvedWithSlack,3129681,94338,3338806,0.10325673532010766,1.5154544286133387e-14,5.273125686100499e-15,-0.9455149182069655,0.5623924585237411,-4.7458348439022355,-1.1288676667156674,2.5129749072263183,3.233852211592118,0.10314955768131007,0.5349118528485346,-3.640066114207772,-0.7326174015941654,0.03539823840367631,4.531120796177231,-0.3757161272693401,0.24351676902965802,0.11101213081339273,-0.04586156346106637,1.6521077651217226,0.04789292971300873
2.085,-0.5167563051233866,0.0,0.06721720055460104,0.0,-1.991077490082579,0.0,0.04351153422718326,0.0027807636868020327,0.0,6,SolvedWithSlack,138171,75342,321748,0.10427405381207368,6.3357899444898765e-12,4.596136839174481e-13,-0.9451649884845015,0.5651505004452372,-4.7617242352209175,-1.132546147649397,2.51315735069728,3.2552108963050337,0.05295916227433207,0.5606124075627031,-2.8834709150322615,-0.7415424605676554,0.036714770178777736,4.103862350264103,-0.39960018487251564,0.20549744463723396,0.12082797729412234,-0.06115217977260159,1.6683848609931788,0.029965702884918576
2.09,-0.516750130430622,0.0,0.06721769286075521,0.0,-1.9909380342275607,0.0,0.019761163155821986,0.0010518170046508958,0.0,6,SolvedWithSlack,170812,75893,355241,0.1048322448511606,4.071409875905374e-12,8.33594911847646e-13,-0.9449772999604988,0.5679662193597842,-4.774021980816973,-1.1363436016991226,2.5133381934137238,3.2743592609378,0.029616565326724624,0.5638567054193904,-2.1883706100143376,-0.7733022948341826,0.035537516424918605,3.652655692506846,-0.4308336293699464,0.16666505216173882,0.13091352939772583,-0.08290267899089646,1.6773159176185697,0.013497403460066068
2.095,-0.5167490587569507,0.0,0.06721798624381475,0.0,-1.9908765420965213,0.0,0.008464535207887309,0.00038781524548574665,0.0,6,SolvedWithSlack,134524,74270,316208,0.10544067201496016,6.767663564548806e-12,9.684375697205372e-13,-0.9448652018764724,0.5707461670627735,-4.782989785044261,-1.1403410756856553,2.5135089446606984,3.2912055842054326,0.0187208535544176,0.5502630745098381,-1.5404270263570903,-0.8178331425725407,0.03309313788616662,3.1865328359931646,-0.4585656728720246,0.13182601907659475,0.1400273524532509,-0.10216580636374602,1.6870507522393625,-0.0025006497863084773
2.1,-0.516750316308379,0.0,0.06721817513067119,0.0,-1.9908511742176707,0.0,0.0033798531339910443,0.00041076819527534884,0.0,6,SolvedWithSlack,138692,85842,330454,0.10295592420352463,7.073864075686558e-12,1.0710035289185349e-12,-0.9447884743932543,0.573418192774505,-4.788845935502008,-1.1445843351272,2.5136657670600604,3.305688751332188,0.013609344631133356,0.5235779921636067,-0.9342166256935235,-0.8695865258533875,0.030153170543472652,2.7098348335589164,-0.12789130413348707,0.10499528635207889,-0.06488097540677773,0.15894380765836108,1.647294787256394,-0.13187191327823383
2.105,-0.5167526140408668,0.0,0.06721826098546577,0.0,-1.9908407499959229,0.0,0.0015136632778762185,0.0005286233558356305,0.0,6,SolvedWithSlack,143461,72937,323952,0.10700375645603204,7.088300239030993e-12,1.21781404405219e-12,-0.9447268947575765,0.5758837668268504,-4.793989581930554,-1.1490309854692211,2.513794652111126,3.316616670772754,0.01165214414132237,0.4730390324891626,-1.0897506713767484,-0.9026923282112312,0.023160930012441985,1.8483748691100528,-0.48717556840552245,0.08833939305243342,0.15183420679989373,-0.12203233789775438,1.7120601032965126,-0.03145959850440547
2.11,-0.5167552686123917,0.0,0.06721828813569657,0.0,-1.990835284941953,0.0,0.0009179208434663478,0.0005400667931366302,0.0,6,SolvedWithSlack,149002,95731,351794,0.1126527869161492,3.0239491466410584e-12,1.0283301987712434e-12,-0.9446731634103039,0.5781305259780181,-4.797631819837967,-1.1537181051688887,2.5139081043703353,3.3245142367741782,0.010279008868955246,0.4334118756845781,-0.4962639871309218,-0.9605689518075456,0.022261224477928086,1.4063434725296575,-0.10594660504904976,0.0018404297627938743,-0.19150973775745364,0.10285268537485034,1.4141578955412732,-0.04159450915057224
2.115,-0.516757807436047,0.0,0.06721829900118009,0.0,-1.9908278796047607,0.0,0.0021162190230172213,0.0005106571045392383,0.0,6,SolvedWithSlack,143861,77456,327790,0.10752825685749627,2.9854868577317006e-12,9.766493169749424e-13,-0.9445460447458407,0.5799321565866786,-4.8020903061306495,-1.1586262227693667,2.513989627653627,3.330241530180019,0.03513796224164245,0.31284683095224064,-1.145912897923501,-0.9958480788362465,0.012855893910471192,0.9778905055159193,-0.38780526705620344,0.24097538276122632,0.1130380693039541,-0.06201193201972299,1.7204521097199403,0.018403802370171918
2.12,-0.5167599886334646,0.0,0.06721830354504078,0.0,-1.99081427897281,0.0,0.003016912975867688,0.00045560013646579625,0.0,6,SolvedWithSlack,140395,74992,321938,0.12110283773520451,2.7752522502311194e-12,8.894135428150207e-13,-0.9444167029988165,0.5815835150461743,-4.806352807988036,-1.1637577209546264,2.5140607724166513,3.334580378034451,0.02112673410608846,0.33988349868824236,-0.6645863029475748,-1.0465820291077716,0.014887647655692183,0.7966425787818868,0.17169366787735466,0.8124936892114789,-0.03252312582003962,0.41405401976894374,1.9376454037632722,-0.007506569532160097
2.125,-0.516761827209711,0.0,0.0672183608083739,0.0,-1.990795909443208,0.0,0.0041219593108892776,0.0004251625665000707,0.0,2,SolvedWithSlack,157337,90341,353908,0.25670184090653336,2.6223467841646197e-12,5.823883042488376e-13,-0.944330869096346,0.5838465335659709,-4.809762246863317,-1.16900846637195,2.5141414234216355,3.3378627415716204,0.0151463642144904,0.5262923038198218,-0.6935430209270037,-1.052422707184108,0.016713867905916162,0.5659905306767549,-0.7809287523334211,-0.8103240964910053,-0.36078452608650396,-0.7238116542214558,0.39504880059173986,0.4363931295411067
2.13,-0.5167628537941124,0.0,0.06721844014203308,0.0,-1.9907644684748331,0.0,0.008323921412674028,0.0004203233170683633,0.0,6,SolvedWithSlack,135416,81664,323061,0.12163786480656542,2.204514348846942e-12,6.153688669741086e-13,-0.9439778917727236,0.5851019130522894,-4.817145972863138,-1.1745799086779525,2.5141578164276814,3.3444513763634665,0.11591782970490262,0.08714166959889452,-1.982879031818714,-1.1776321672766628,-0.0051140478688696065,1.8034059279604555,0.1570505940349083,0.8141014488903229,-0.03243192428260605,0.3929590369356014,1.9462058369050468,0.0009765947337498637
2.1350000000000002,-0.5167380548095304,0.0,0.06721946048182562,0.0,-1.990349453504599,0.0,0.08431194018047862,0.005881240805252776,0.0,6,SolvedWithSlack,145094,86483,338619,0.12189798213468571,1.9300533393717956e-12,5.324074514589938e-13,-0.9435134746073987,0.5865425821853159,-4.826693856362946,-1.1807230194325617,2.5141559073182216,3.352566894498928,0.07138158508214834,0.36868727369261367,-1.862839670233874,-1.216303847312378,0.0038067420249113847,1.5033172274412312,0.14571966224528352,0.8155447937156466,-0.03285150513393564,0.38030490739345796,1.9503677141549713,0.006765881919707922
2.14,-0.5167228650072496,0.0,0.06722017570794345,0.0,-1.9900752871304737,0.0,0.03927163873276486,0.002481551316902714,0.0,6,SolvedWithSlack,141618,94679,344110,0.11219518625512145,1.5484558080203215e-12,4.2174597147948134e-13,-0.9432645835684786,0.588906413577135,-4.835716660698292,-1.1867075860229592,2.5141978056188132,3.359294399612594,0.038672515139687204,0.5418888491192951,-1.7688089680786943,-1.1873541582158198,0.010780597445130395,1.2436200741784011,-0.20678009161037864,0.0932808848868571,0.0011617887252908798,0.11109526453755397,1.7949526884931584,-0.19073181663370647
2.145,-0.516717870855937,0.0,0.06722050488665277,0.0,-1.9899527496623686,0.0,0.016770008882996786,0.0008635225231574326,0.0,6,SolvedWithSlack,134374,96352,337167,0.11258727103856578,2.1529444893531036e-12,3.317459154605906e-13,-0.9431222986378843,0.5914498376823933,-4.84410893728225,-1.1927095207501242,2.514250842220778,3.3627066253820423,0.023202147268972212,0.4870186425063941,-1.621136093976751,-1.2107516946555212,0.01041545474686923,0.3215414017959054,-0.5832135455403087,-0.01865015014870075,0.1818417329109135,-0.19885015262183198,1.8013963366170525,-0.11333210055217245
2.15,-0.5167177538834569,0.0,0.06722063973540247,0.0,-1.9899048857976613,0.0,0.005856751415436373,0.0003720525264660728,0.0,6,SolvedWithSlack,150194,91122,348669,0.1300739350647708,2.1529444893531036e-12,7.48778643255843e-13,-0.9430315902064147,0.5936543009247356,-4.8499778611836035,-1.1989398439647099,2.5143101342437837,3.362559481593455,0.015535289961145149,0.4103306197975068,-0.8864830038126806,-1.2703614570222994,0.01256480473262574,-0.2552459462821664,-0.23130740803107516,0.09551951585149748,0.031474132313766195,0.1015724019629932,1.8614722760899045,-0.22112568961011034
2.1550000000000002,-0.5167198457919608,0.0,0.06722069095548809,0.0,-1.9898915260830337,0.0,0.0011257647351207848,0.0005384289256395977,0.0,6,SolvedWithSlack,134294,82636,323671,0.138167881751947,2.378860997076515e-12,4.336136492074728e-13,-0.9429645377576752,0.5955618672537359,-4.85394006146803,-1.2054073648362897,2.5143697732022976,3.358627480134021,0.012317805295243196,0.362585297849899,-0.7321790075881104,-1.3092508648707224,0.011502563295816988,-1.1279440362475333,-0.2376544532813008,0.09773835125876429,0.042373223213873296,0.09942168168122567,1.8913473092965938,-0.23488539897830987
2.16,-0.516722885295028,0.0,0.06722066370372186,0.0,-1.9898917996486785,0.0,0.0005687166641602159,0.0006388415658662968,0.0,6,SolvedWithSlack,131589,80372,317711,0.1461812693211048,2.537039975585467e-12,6.374948282376235e-13,-0.9429079662627321,0.5972403163513497,-4.857069854829712,-1.2120773274484506,2.514425793072418,3.350462606406865,0.010799125262621416,0.31794202168842406,-0.5577828611609006,-1.3505545177331997,0.010977679869359238,-1.9576890088733314,-0.24479904429815758,0.0997151509869626,0.05309893755661055,0.0964248653300177,1.9209824154068293,-0.24850815784587818
2.165,-0.5167261756208018,0.0,0.06722060825970529,0.0,-1.989895741562981,0.0,0.0008065769044551637,0.0006528139449090303,0.0,6,SolvedWithSlack,151706,73949,331796,0.15414830952156364,5.0981298727472505e-12,6.347283809660098e-13,-0.9428563637847378,0.598702899386495,-4.859273329495273,-1.2189574736481636,2.5144803283694674,3.3382683335943284,0.010075754756885809,0.27568260242277237,-0.36547924883033156,-1.3929481983155982,0.01081140373088481,-2.7481824264398673,-0.252699045035191,0.10147117741801032,0.06368370603451942,0.09261892618699234,1.9504441190608364,-0.2620521261866582
2.17,-0.5167293922870175,0.0,0.06722055038321416,0.0,-1.989898683020438,0.0,0.0003892996078301231,0.0006259834108312921,0.0,6,SolvedWithSlack,144092,73529,325305,0.11808337283994375,9.369643949597162e-12,2.2973931784742163e-12,-0.9428071505218575,0.5999600321757224,-4.860467012513023,-1.2260510876206008,2.5145347455744336,3.3222303792710783,0.00972442614539881,0.2353328482647206,-0.15727428502951502,-1.435773806394619,0.010867090031781695,-3.5028805995507315,-0.6142308882207359,-0.07386610108179795,0.19725325682719758,-0.2213014297869546,1.8893339654391,-0.19170297415299248
2.1750000000000003,-0.5167323480695052,0.0,0.067220531119777,0.0,-1.9898989286266704,0.0,0.00018351097333600523,0.0005642735574338287,0.0,6,SolvedWithSlack,145726,80792,332909,0.12209989930213372,1.0314957221702059e-11,2.1823584606117663e-12,-0.9427603028801108,0.600872969785578,-4.859336273169942,-1.2334387092934185,2.5145927935533896,3.303346182911426,0.00918543453972959,0.14753424646177993,0.47277248164954944,-1.505211633253244,0.011945070488941082,-3.9528336383614953,-0.6263824291025653,-0.0871254273529522,0.20068704390889505,-0.23035999793254427,1.9056764632598795,-0.20756982881362732
2.18,-0.5167349714790533,0.0,0.06722057079276958,0.0,-1.9898960939306163,0.0,0.0008249636086398987,0.0005087137974230576,0.0,6,SolvedWithSlack,145004,74020,329572,0.3452393625357135,3.993250174971763e-12,7.615065330157829e-13,-0.9427153070816074,0.6013379237329072,-4.855216074352085,-1.241175236167187,2.514653934887885,3.282191786128302,0.008901799360465533,0.05681396446124294,1.0500594390711728,-1.5752153729208702,0.012302412003915499,-4.409435589752786,-0.3486676353838462,0.8559105667856172,-0.04510981647733602,-0.5410929663931825,0.9174431503523385,0.586906916310713
2.185,-0.5167373045868199,0.0,0.06722075659439411,0.0,-1.9898881401112944,0.0,0.002161413495450678,0.0004653174299145535,0.0,6,SolvedWithSlack,144022,74040,325585,0.1301906176401555,1.3167800183566669e-11,1.939517990656725e-12,-0.9426688030231822,0.6022109869701349,-4.850760836165467,-1.2492383123919697,2.514680572913151,3.267055557346103,0.009495619291062265,0.2524275385942135,0.7888315035866049,-1.638130331513127,0.0012648449750977194,-2.137748870293052,-0.6801003845322369,-0.11714246108338981,0.20843395579796511,-0.27630355287953057,1.916865734119178,-0.22132404998826435
2.19,-0.5167393955274037,0.0,0.06722102853368238,0.0,-1.989876343824201,0.0,0.0023552427937098062,0.0004290464409521121,0.0,6,SolvedWithSlack,142610,100430,350792,0.14114980409815314,1.596253684787996e-11,1.876082622587205e-12,-0.9426232821130875,0.6031628025426774,-4.845082171927853,-1.257662899022209,2.5146989870894463,3.2542834283929802,0.008902209356134849,0.14923437442326043,1.358949347063239,-1.715912708101164,0.00503308945258848,-2.8223978328997528,-0.6865129243913415,-0.12628284623395708,0.21084172816632152,-0.28109109396134935,1.937905940525103,-0.23995466696686035
2.195,-0.5167455004356615,0.0,0.06722047895281039,0.0,-1.9899300304249175,0.0,0.040391429690549145,0.0031795491528745575,0.0,2,SolvedWithSlack,142379,80753,331617,0.19157902598367987,4.0830394620883226e-12,6.531081182577933e-13,-0.9427095282444055,0.6036021011659705,-4.836657386367857,-1.2654480986628682,2.51467027641392,3.2384457424468187,-0.053399170565406134,0.048208304029621195,1.9015139956454106,-1.2910653467149698,-0.021768168238190864,-3.3353649183357725,-0.3899639248308236,0.08525683337956391,0.14318535791526268,-0.001919276429697539,2.097432641970353,-0.3256843441722558
2.2,-0.5167731508899183,0.0,0.06721651199809775,0.0,-1.9903216724999002,0.0,0.09373041061119619,0.006840666711467458,0.0,2,SolvedWithSlack,148300,66275,321848,0.23564724870841483,4.973799150320701e-13,2.2769210562129105e-13,-0.9432036426752545,0.6038318244918702,-4.826301883878172,-1.2701256963888874,2.514490829661243,3.219711192370998,-0.13322755850011195,0.06059910191212259,2.1830634291048288,-0.7278074488400569,-0.04217523508719248,-4.017996372169957,-0.8452594251226364,-0.7972107209562319,-0.3573996779845977,-0.792328481376427,0.5121793771600531,0.4006003228043052
2.205,-0.5168068413002271,0.0,0.0672116914755671,0.0,-1.9908071672613878,0.0,0.094294424416789,0.0068745743608273424,0.0,2,SolvedWithSlack,135055,68650,311238,0.18035920398193067,8.116701755156441e-13,3.5487194779970643e-13,-0.9437193894705361,0.6028959783079096,-4.8201090150353,-1.2725810052556328,2.5141936370448903,3.2050406565275256,-0.08142345620948815,-0.34649887093815435,0.6310297755518242,-0.35376708737837903,-0.06777081492148603,-2.240809195967936,-0.4142725638570079,0.07000242673612372,0.1348580083629643,-0.02859480674545392,2.0661598297220074,-0.3066106467692821
2.21,-0.5168332695967224,0.0,0.06720770344128348,0.0,-1.9911835120864234,0.0,0.05809164138234756,0.0042746864507541725,0.0,2,SolvedWithSlack,141106,66205,314764,0.1829022241715043,2.6574298317427747e-12,5.236089339888395e-13,-0.9443070857921827,0.6014418785199724,-4.815788025349426,-1.273564549149927,2.513899442918605,3.191426465795817,-0.13894254598762468,-0.2525318537775714,1.0132741117581852,-0.10652964066071602,-0.05260921472055978,-3.0371487597654436,-0.4189339811119782,0.06928769598707651,0.13815449089221482,-0.030339024979060755,2.0738303608666744,-0.31093378109155734
2.215,-0.5168419848223694,0.0,0.06720538373599635,0.0,-1.9912938432993272,0.0,0.004862101598417913,0.000558080985331223,0.0,6,SolvedWithSlack,137450,92695,337608,0.26259679279544007,7.744915819785092e-13,4.4786418497422265e-13,-0.9451307804559502,0.6004813999514836,-4.809656810466372,-1.2736000690090392,2.5136839523891963,3.173947880317154,-0.1799535705649192,-0.1512140327464731,1.3625517147178106,0.04909233601785724,-0.036886400891602965,-3.7938406169400585,-0.32357696811051717,0.8452266164545936,-0.04459943747701036,-0.20926933649246937,1.667413377057935,0.44641454775224815
2.22,-0.5168382854761958,0.0,0.06720483060101066,0.0,-1.9912168971332331,0.0,0.010846245139268964,0.0006280426770702057,0.0,6,SolvedWithSlack,144372,103115,354399,0.4333949457683485,7.744915819785092e-13,4.3821183118818163e-13,-0.9456962290603674,0.5998415296432705,-4.8038354948777044,-1.273021119708523,2.5135720320073487,3.160564086263467,-0.07882125726016177,-0.09936244071513574,1.0415811150164436,0.15275147482158652,-0.013599064654775849,-1.9618746492346901,-0.49060829309879517,0.8678781456166259,-0.047998037016550074,-0.8998789943610249,0.42516275942284953,0.7367714078061924
2.225,-0.5168384100478559,0.0,0.06720542396345558,0.0,-1.9911926212156164,0.0,0.0013149221357715557,0.0003214243933368534,0.0,6,SolvedWithSlack,151056,96332,355080,0.16499102783092812,1.4570011429987373e-11,1.602273869139026e-12,-0.9459357901329031,0.5997148041755785,-4.799467732777936,-1.272088409514854,2.513487414195037,3.1586237187449284,-0.03208566803207558,0.030317270379888878,0.7677182819105475,0.2041773888431804,-0.018511507365614188,0.6230812849406355,-0.45716181898788855,0.04776241502338707,0.1264692284988293,-0.06968921152065885,2.017224154028871,-0.2804847473125778
2.23,-0.5168413666809597,0.0,0.0672064807331877,0.0,-1.9912070384642695,0.0,0.005251181186104908,0.0008618076752598725,0.0,6,SolvedWithSlack,137189,95911,341145,0.1312883079861385,2.286171406551018e-12,3.06913742321276e-13,-0.946026370679173,0.5996031742501184,-4.794709729697507,-1.2709845335511247,2.513452478726408,3.1583802182957106,-0.010939648673126388,-0.05371543501439169,1.0710177277562678,0.22853296510670598,-0.00018343461560888863,-0.4827131597485044,-0.8064162198651798,-0.17852136026350265,0.22319012357643545,-0.3864892531496186,1.8778181474026503,-0.20372738554227476
2.235,-0.5168459070110201,0.0,0.06720755862671239,0.0,-1.991244328348877,0.0,0.008545588111435515,0.0011070330886485986,0.0,6,SolvedWithSlack,145876,119806,379727,0.17694772371125522,1.3632755514747519e-11,1.6760759447009832e-12,-0.9460503336286298,0.5989447228315327,-4.787555251457919,-1.2698318632920418,2.513485587716106,3.1536935667225507,-0.0016304862215126695,-0.18156384578590096,1.6630366901128746,0.2299355715899223,0.010551689892166191,-1.2308260771051653,-0.44396052047853163,0.09391908585998283,0.1539074765663614,-0.04433168385325383,2.0838942090954045,-0.30081113030913387
2.24,-0.516851034481684,0.0,0.067208600648481,0.0,-1.9912893651917811,0.0,0.009020962471780643,0.00116869373149259,0.0,6,SolvedWithSlack,139103,99127,369087,0.17601474665148362,2.98928590214409e-12,4.724867169892197e-13,-0.9460422757181792,0.5979290135243862,-4.77827011285671,-1.2686993120171621,2.5135689090582423,3.1444910916823043,0.0032918930124446882,-0.21654619734532862,1.9822644531942533,0.2228943396345218,0.020118253803083,-2.233509312714687,-0.4294712784637732,0.06087092916074405,0.13191376673904612,-0.03999461406398741,2.047536412066069,-0.29922506930752213
2.245,-0.5168561818714725,0.0,0.06720960675063602,0.0,-1.9913320185047132,0.0,0.008083180857184938,0.0011176149772470793,0.0,6,SolvedWithSlack,135115,78509,320555,0.17839148943359842,4.293078913197856e-12,4.83723536437983e-13,-0.9460178458546613,0.5967199435834083,-4.767712650361933,-1.2676265286773623,2.51368512853937,3.1305840776611413,0.005718443773606931,-0.25810286190032755,2.1949867075881704,0.20824580158004322,0.02492658050375018,-3.1342032183097306,-0.4170631297126512,0.0648308305740905,0.13040388161188793,-0.029102413167832186,2.053123288445531,-0.3032655320371173
2.25,-0.5168610161324005,0.0,0.06721052694460808,0.0,-1.9913679872130647,0.0,0.006557230261310838,0.001011457789077633,0.0,6,SolvedWithSlack,136208,80332,323712,0.1299762186348638,4.463441768964849e-12,6.560935605567919e-13,-0.9459852499025982,0.595316718803312,-4.756164144643103,-1.26664010625559,2.5138175212574865,3.112404826666791,0.006941922525451628,-0.2953626376067073,2.383832200794423,0.18961668156407138,0.027223016790298156,-3.9585849420235206,-0.7659987115599438,-0.16891285080110768,0.21989086100655786,-0.3486133172353201,1.8991698547735318,-0.22095957167926847
2.255,-0.5168653577657946,0.0,0.06721131040179944,0.0,-1.9913965020914584,0.0,0.005164269574479563,0.0008764014292774386,0.0,6,SolvedWithSlack,134655,74671,324493,0.1822258668541774,5.231403851779781e-12,8.345546149176271e-13,-0.9459503396730857,0.5935338232031836,-4.742849321445961,-1.2657616765099655,2.5139495217442587,3.0911961448309064,0.007004567824422992,-0.39697058228764337,2.8428754606450384,0.16647780573215343,0.02575272651240818,-4.423504852903978,-0.4058069131778143,0.06919857172221022,0.1307219900492233,-0.01731303829288834,2.06194136019454,-0.3097839736521016
2.2600000000000002,-0.5168691865959794,0.0,0.06721196176909312,0.0,-1.9914173444082972,0.0,0.0034746993050930527,0.0007615767777497734,0.0,6,SolvedWithSlack,145344,74381,326717,0.13256070270726905,9.46643631538624e-12,1.970867913314578e-12,-0.9459132902730052,0.5914543995717026,-4.72823971771092,-1.264986751296172,2.514078762578729,3.0669114683623153,0.007625895848017168,-0.4283520093438899,2.9731659173350278,0.14733371774336487,0.025751197035643617,-5.135426257243651,-0.7548843882918047,-0.16521923879104197,0.21820449188834184,-0.3379569727239075,1.904422186285333,-0.2253531946023574
2.265,-0.5168725484965703,0.0,0.06721250261204871,0.0,-1.991430816639806,0.0,0.002242198550423794,0.0006490459534537618,0.0,6,SolvedWithSlack,138541,75963,320836,0.11685962912252633,1.1000401978211727e-12,4.035660694512444e-13,-0.9458759487872558,0.5890226626128062,-4.71216094880692,-1.2643154118869917,2.5141985859348694,3.04015415545107,0.007386150929581029,-0.5246564758601072,3.37222847041581,0.1258579670644333,0.022774599919177664,-5.489778217689982,-0.5784056061349285,0.14508430496899213,0.13705093718109457,-0.24395612145774082,1.8697540659604213,-0.06366909184649876
2.27,-0.5168754672417749,0.0,0.06721294244269271,0.0,-1.9914381750819534,0.0,0.0009514676248139455,0.0005606900474106602,0.0,6,SolvedWithSlack,139564,74050,331045,0.42949781040666646,1.9361075243029546e-12,7.163714066393823e-13,-0.9458383900822958,0.5863883591929384,-4.694962595217684,-1.2637392903125981,2.514307572678198,3.013417938004133,0.007573523253480566,-0.5283401676563654,3.483519255066059,0.10832449171530317,0.021051764335801526,-5.255050049096097,-0.4633631298521853,0.8587947079088923,-0.047349343510264236,-0.888661599146377,0.3771980503439787,0.730146277691333
2.275,-0.5168780078637796,0.0,0.06721343189670514,0.0,-1.991438012986851,0.0,0.000697404189750368,0.0004909231482952067,0.0,6,SolvedWithSlack,134504,73739,314795,0.12777927781255674,2.4071857374395907e-12,1.1363132657038477e-13,-0.9457985111278823,0.5843574818139534,-4.678956410966519,-1.2632543710761701,2.514339806403634,2.995900260763138,0.008152547512901962,-0.32558912872182716,3.0200798061861556,0.08969696276809076,-0.0020314509259197464,-2.3753221821829387,-0.7876999335223697,-0.16696944830319893,0.21722477228134646,-0.36916168756577344,1.8707805197527754,-0.19924754270354908
2.2800000000000002,-0.5168802408126322,0.0,0.06721386719004807,0.0,-1.9914335226162156,0.0,0.0008764237425822914,0.0004353846226249757,0.0,6,SolvedWithSlack,133312,78539,316468,0.12540453992239953,1.1368683772161603e-12,1.6669998714746725e-13,-0.9457602377218882,0.5824313470186921,-4.662649628304505,-1.2628537728584803,2.514343312825686,2.9824150443642954,0.007398217486748306,-0.42462910195382725,3.416968711478012,0.07410147497323807,0.0022362261293507424,-2.9038150122304183,-0.005670526962214151,0.8223384205341904,-0.03747584036008089,0.2011581073295456,2.0064726387583924,0.06741831147484467
2.285,-0.5168822921002759,0.0,0.0672141998455596,0.0,-1.991426452799779,0.0,0.0018855846556835158,0.0004174455135242163,0.0,6,SolvedWithSlack,150124,73710,329021,0.1254582472080079,3.4994211207461695e-12,1.1001789756992508e-13,-0.9457201555204385,0.5808715453118027,-4.646837725172155,-1.262501510452501,2.514380633478312,2.9692226448463446,0.00834054480687299,-0.23755519976256298,2.999026126818109,0.06787037982080367,0.010338324764007801,-2.4681596353313475,-0.0015180542372746663,0.8210003407797692,-0.037099343608509604,0.20497327532175588,2.0073319553281266,0.06514088691192141
2.29,-0.5168842295046103,0.0,0.06721460381161014,0.0,-1.9914144086089374,0.0,0.002709741672444801,0.0004045919232496648,0.0,6,SolvedWithSlack,136558,73348,316077,0.16133719136494357,5.226041116784125e-12,7.600499141733122e-13,-0.9456768858651613,0.580230322592826,-4.632974727497451,-1.2621828591461695,2.5144463991826753,2.9580445026337885,0.008819251239751073,-0.05604038367487215,2.6272854831597763,0.06091121064891463,0.014618037124400985,-2.0862217983348152,-0.3995456297990212,0.053497052452172456,0.09568386789557606,-0.02863956588307011,1.9862343081967682,-0.27427322532040405
2.295,-0.5168860649755133,0.0,0.06721491793898786,0.0,-1.9914004667061858,0.0,0.002762024672903172,0.00039419436969393974,0.0,6,SolvedWithSlack,135596,75833,316277,0.16369098455855402,5.285393975783259e-12,7.063351097590098e-13,-0.9456340605055799,0.579803970446487,-4.619696815571313,-1.261911554293796,2.5145113892350612,2.94514738927166,0.008435611365825157,-0.10460678074663544,2.6740938529171463,0.05009351223873265,0.012014883365912877,-2.896219285795252,-0.38787623666401694,0.05742598586775416,0.09429584881613101,-0.01886701451688412,1.9926217548451444,-0.27827467374954185
2.3000000000000003,-0.5168878176012407,0.0,0.06721505328263802,0.0,-1.991386457743311,0.0,0.002845767381922651,0.0003886818189612238,0.0,6,SolvedWithSlack,141998,75503,322469,0.12403597750539588,5.298041519385954e-12,6.243645466093295e-13,-0.945592377615376,0.5791413854487941,-4.606205583524537,-1.2616884072535575,2.514565583451233,2.92841959435359,0.00828749538015305,-0.15097476349007863,2.714111489536888,0.04120993355519538,0.010124055508105205,-3.634109669801527,-0.7565087800681678,-0.14488193029848365,0.210861161759173,-0.3469735191788112,1.8776874908085803,-0.19614682930510333
2.305,-0.5168894570791116,0.0,0.0672150624976471,0.0,-1.9913726250548252,0.0,0.0026832539719633232,0.00036660920839487904,0.0,6,SolvedWithSlack,135937,75091,315616,0.26504954308240797,5.214055749658275e-12,4.677210225026429e-13,-0.9455532395859478,0.5780991397686767,-4.591370235306587,-1.2615145520381421,2.514608128177068,2.9090790455286437,0.007587057647942338,-0.24648998065031366,3.1301383771608435,0.030859213615822105,0.007526938954066042,-4.017995365606222,-0.3097904786096878,0.8299464798657791,-0.04325831807500926,-0.19374640662995304,1.6299290847177894,0.4505842232400935
2.31,-0.5168909632093546,0.0,0.06721508420307112,0.0,-1.9913575351784172,0.0,0.003326989420857773,0.0003526771162573472,0.0,6,SolvedWithSlack,142209,72907,320486,0.12459274667875901,3.759360607102219e-12,1.2950838860527336e-12,-0.9455138614296789,0.5774126242966332,-4.576907328259228,-1.2613715585802805,2.514647848608748,2.894615874171538,0.008016182281275814,-0.06519302451589509,2.7401152171148913,0.027064615261986,0.00799858792218717,-2.168660634143648,-0.776991930770649,-0.15016622682264652,0.2118076693538903,-0.3652810269017854,1.8612605824610904,-0.18505569790921012
2.315,-0.5168923774247256,0.0,0.06721512870639848,0.0,-1.991341370568686,0.0,0.0030577741247400907,0.0003407607058361764,0.0,6,SolvedWithSlack,148932,73759,335413,0.16215228268986506,3.1233370924310666e-12,1.0226822372890604e-12,-0.9454759253552706,0.5767889429548941,-4.561932905887154,-1.2612612607931395,2.5146770366328433,2.8822792124411434,0.007362408063170296,-0.16413728724092463,3.159103226398841,0.019053498897958637,0.004577465541589521,-2.658908482767214,-0.3950577844659559,0.05437419210457456,0.09406058978602147,-0.024586066903888412,1.9859765507152032,-0.2756588805727706
2.32,-0.5168937715953237,0.0,0.06721507807044218,0.0,-1.9913258911199594,0.0,0.00318749407377382,0.00035221383621733055,0.0,6,SolvedWithSlack,144342,73228,322760,0.12389385977646111,2.2166131777301423e-12,7.066282780264499e-13,-0.9454379839494481,0.5758266391818656,-4.546142524591128,-1.2611743178231636,2.5146966933519295,2.866729175796663,0.007707710668134603,-0.2111536406885235,3.1578161527324666,0.01633049834816174,0.0035842099961611927,-3.3997688573120795,-0.7637844806557001,-0.1465450769931605,0.21061956161998388,-0.3530350764695926,1.871091314664822,-0.19255489656761648
2.325,-0.5168951482152964,0.0,0.06721499239987658,0.0,-1.9913102469894024,0.0,0.0030481214387390967,0.00034172251529978297,0.0,6,SolvedWithSlack,134774,73368,312510,0.16584375633692308,4.956747685913587e-12,7.318590178329032e-13,-0.9454009809300946,0.5744882235094624,-4.529203726952433,-1.2611095275642916,2.5147093649662278,2.8485610900432974,0.007240173683263803,-0.3050759750361098,3.536085941195942,0.010950672648678975,0.0019287065491859058,-3.7834834856776354,-0.38489067546777067,0.05845849866201697,0.0938314321374398,-0.015053143354730236,1.9955147460191096,-0.28193438577276925
2.33,-0.5168964950189895,0.0,0.06721489332608403,0.0,-1.9912943909418657,0.0,0.003305564932930704,0.0003499640074513413,0.0,6,SolvedWithSlack,143581,74220,323481,0.2641507026487344,7.240430477395421e-12,1.2261895058346406e-12,-0.9453633507594714,0.5728344028856487,-4.511626238838586,-1.2610568368731843,2.5147196686331044,2.8276923374166083,0.00767761308130134,-0.347711578109262,3.5027183942935918,0.01024441320279626,0.002168132624064706,-4.424345670730702,-0.3076288113790533,0.8267118932940903,-0.04300053142680122,-0.1918068657856383,1.6276117731567767,0.44905619450284845
2.335,-0.5168978190882402,0.0,0.067214911914055,0.0,-1.991276171391196,0.0,0.0038846085371985937,0.0003383798465916774,0.0,6,SolvedWithSlack,136689,73679,315556,0.1227145608908592,8.226495439717096e-12,5.867153280141729e-13,-0.9453238889932029,0.5716345802117,-4.495344890442099,-1.2610052536919203,2.514735143919525,2.811350665400179,0.007995717488529718,-0.16879847294316652,3.098116682675284,0.010242481560059564,0.0034742191948481005,-2.5246251622881966,-0.7709269384870173,-0.14163746390310936,0.20861475351446065,-0.36165257005474644,1.8598791054559085,-0.18175609107758306
2.34,-0.5168990736586538,0.0,0.06721497472477728,0.0,-1.9912575573952538,0.0,0.0035108050095161185,0.0003266574937509608,0.0,6,SolvedWithSlack,135065,73289,312641,0.12287514456450187,9.012575408196e-12,6.118856506545645e-13,-0.9452860736432556,0.5705120630936055,-4.478685574128043,-1.2609687366445919,2.514744736975933,2.7974235244627423,0.007337551081412209,-0.26136697614482546,3.482614774035968,0.00557669297828864,0.001033394319743022,-2.952671925734071,-0.7707689109240019,-0.14367319854864027,0.20888774575965316,-0.3604099734398129,1.8620648443691092,-0.1850857615327138
2.345,-0.5169002926648308,0.0,0.0672149284550587,0.0,-1.9912409494655605,0.0,0.0032267713172140877,0.0003209136660080563,0.0,6,SolvedWithSlack,137019,80071,321848,0.12285834151507895,1.0138898401401697e-11,6.406867224251211e-13,-0.9452504413401749,0.5689312536587329,-4.4602111164888925,-1.2609508731510821,2.5147451820894924,2.7814651178046184,0.007016012315451046,-0.3523958996594512,3.8318965342441937,0.002406186216259254,-0.00043228166826684027,-3.3449274583440722,-0.7706407610161927,-0.1448219575764724,0.2088591805756342,-0.3594439955525024,1.8638228955027079,-0.1876766434372838
2.35,-0.5169014894082704,0.0,0.06721483396953919,0.0,-1.9912252003609243,0.0,0.0031142908335820073,0.0003171476320922012,0.0,6,SolvedWithSlack,147078,73679,326306,0.16281168233089932,3.915090474038152e-12,2.3425705819590803e-13,-0.9452158836177961,0.5669009824325889,-4.440088226634763,-1.260945434130015,2.51474045754868,2.7636506419756164,0.0068567415061698955,-0.4415183624286563,4.149033946650129,0.0003339005677110233,-0.0012122456680002287,-3.7026110855701244,-0.38860516257150723,0.054568781949799805,0.08705388212528231,-0.020713324489811696,1.981542426571121,-0.27677985996252885
2.355,-0.5169027093843266,0.0,0.06721475549501599,0.0,-1.9912088268777177,0.0,0.0034267438311477126,0.000332220467024301,0.0,6,SolvedWithSlack,147849,73629,326016,0.1268193676545026,4.853006885241484e-12,2.4791280139879746e-13,-0.9451796127721479,0.5645655110856312,-4.419661143523982,-1.2609377427225898,2.5147369533341832,2.7432584830327857,0.007464033592939558,-0.483945347680793,4.045045187706863,0.0022273422775391685,-0.0003517430640934592,-4.319769952181088,0.027841255977762085,0.8122367390727233,-0.0359202081547756,0.23777605879235042,2.0291098824720417,0.034712924888076806
2.36,-0.5169039780067946,0.0,0.06721482108920147,0.0,-1.9911896564383658,0.0,0.004135440912524054,0.0003382597782783215,0.0,6,SolvedWithSlack,144693,103395,353398,0.12626433116167896,1.8758328224066645e-12,7.352782662242707e-13,-0.9451392809811963,0.5626692656277402,-4.400687790324147,-1.2609113668080039,2.5147518177346604,2.72319944572742,0.0083816343942716,-0.3100432371489486,3.6340524221471733,0.006967060196569211,0.004816781331581241,-3.81368858858525,-0.24549546481451084,-0.08814129925558578,-0.21464936297485424,-0.058624864167097356,1.4593384400936156,-0.044430439596151006
2.365,-0.5169052564545622,0.0,0.06721495349992743,0.0,-1.9911669608099825,0.0,0.004821318244186347,0.0003694204844982575,0.0,6,SolvedWithSlack,146026,78748,330203,0.12737547578076105,6.387779194483301e-12,3.3382346366350735e-13,-0.9450615996278269,0.5606818800609291,-4.385894427134249,-1.2608776133918458,2.514744828810219,2.7046666118248037,0.019679907915497962,-0.45419225142215947,2.525048757358788,0.006530746733396276,-0.004891892511295023,-3.6367299559540838,0.03953518859010778,0.8091645906113972,-0.03487493908313876,0.24847005212937778,2.038007612492177,0.02586090770799103
2.37,-0.5169064656802393,0.0,0.06721509439122407,0.0,-1.9911413587744324,0.0,0.00528696811077748,0.0003545990331094954,0.0,6,SolvedWithSlack,135175,73579,313953,0.12736437247180601,1.9895196601282805e-12,7.712929687292425e-13,-0.9449819199555849,0.558963303652856,-4.3740073305089835,-1.2608375541313566,2.5147425825805083,2.687741235410686,0.01402682117843595,-0.27137842777492893,2.2824327915959866,0.008783852846009889,0.0020403713659507567,-3.223271137468567,0.041708573031403295,0.8081082967652243,-0.03460299815877023,0.25025631479835164,2.0378299595488962,0.024852516338335462
2.375,-0.5169075620934741,0.0,0.0672153680544854,0.0,-1.9911137473748872,0.0,0.005660345628230743,0.00034018404359561697,0.0,6,SolvedWithSlack,144462,81103,331075,0.12729266806464976,2.0250467969162855e-12,7.892828439979606e-13,-0.9449202683375297,0.5581320168222185,-4.363255856014227,-1.2607904361137832,2.5147656799924047,2.6727446086900453,0.011467509447939969,-0.09709346982109153,2.0653488972219285,0.009700445840373845,0.006022598699714916,-2.8552309579669286,0.04186961862576927,0.8075915363722632,-0.03445610189292138,0.2502314754233319,2.036682689034396,0.02519888925579805
2.38,-0.5169085787019964,0.0,0.06721569271581837,0.0,-1.9910847703218992,0.0,0.005861135295962705,0.0003357332102202476,0.0,6,SolvedWithSlack,152498,74360,333700,0.436496215138186,7.311484750971431e-12,4.490232987405633e-13,-0.9448667455215521,0.5581529954998189,-4.353520233898571,-1.2607416815121588,2.5148024417145587,2.6594796584004023,0.010318069845906852,0.0710096788199252,1.8711399699914857,0.009682570108104709,0.008030208512218714,-2.5227899012256088,-0.45839106432037957,0.8379923174604811,-0.044522366380126396,-0.8663151005564025,0.38665764887908405,0.7420435657349161
2.3850000000000002,-0.5169095135862962,0.0,0.0672160175314364,0.0,-1.9910554324699827,0.0,0.005831693057050906,0.00032103154020867987,0.0,6,SolvedWithSlack,145966,76615,328761,0.13424418474662508,6.59383658785373e-12,4.514943106881386e-13,-0.9448189338790784,0.5590251104911631,-4.344786492035235,-1.2607257615697203,2.514763901609303,2.65507821583423,0.009150273386330773,0.24267541031240525,1.666780856886762,-0.0006941921442329001,-0.016707323504232246,0.17771849528234374,-0.37221369636309737,0.04173519919076063,0.038408476193825564,-0.03389232323097205,1.8886604684496313,-0.22821511406926262
2.39,-0.5169104369371018,0.0,0.06721621440873245,0.0,-1.991027912044087,0.0,0.005244986250717685,0.0003385664361856206,0.0,6,SolvedWithSlack,147048,81213,335213,0.13760569761372607,6.323830348264892e-12,3.3701123489104923e-13,-0.9447750383585172,0.5600448801195659,-4.3364954354636165,-1.2607333924116475,2.5146945303479677,2.6534472566185636,0.008590520381019005,0.17833534759303332,1.6528895323756312,-0.001965739809873618,-0.012136044641541617,-0.6503986552256122,-0.36083024620504556,0.04607530746656002,0.039112963176870574,-0.02357500276242519,1.8991099569901375,-0.23392968594333433
2.395,-0.5169114654912518,0.0,0.06721622882048643,0.0,-1.991003004461633,0.0,0.004837193849828743,0.0003537209989779108,0.0,6,SolvedWithSlack,140205,73890,330404,0.11570460748659926,1.8474111129762605e-12,7.261104288365863e-13,-0.9447328399651158,0.5607517058598527,-4.32825583820909,-1.2607447599708599,2.5146453945187948,2.6478722879961847,0.008364728198232097,0.11691835060469383,1.64493139483958,-0.00240186089435192,-0.008412389780875931,-1.4138088994564637,-0.7493994310723705,-0.10060897303969792,0.19669783272721875,-0.3549973269089746,1.8467298344564722,-0.15340697046906318
2.4,-0.5169125195963773,0.0,0.06721613797443067,0.0,-1.9909805588424834,0.0,0.004233778432587129,0.00033877177101015527,0.0,6,SolvedWithSlack,136858,74771,318351,0.27477411187783746,1.9397816686250735e-12,7.506054409072522e-13,-0.9446937709242972,0.561094634121816,-4.318458209776393,-1.2607681066458176,2.5146126153852455,2.6395430268141444,0.007527809885704363,0.03637020964440095,2.162021309397131,-0.005881164783553153,-0.005461505037665358,-1.8278302971600644,-0.3224509459838321,0.8193730264256104,-0.041996036637798155,-0.21030393723605673,1.6000053195754944,0.4671159901923237
2.4050000000000002,-0.5169135402812165,0.0,0.06721607728726503,0.0,-1.9909590409802012,0.0,0.0044409131025753175,0.00032492458060181764,0.0,6,SolvedWithSlack,135496,80803,322179,0.12537312873083076,1.8687273950490635e-12,7.316297632835311e-13,-0.944655355078601,0.5617689884228687,-4.308319065698643,-1.2607913618982707,2.5145969922580167,2.6356650301046645,0.007761149621190632,0.2000127320429094,1.9416215828787513,-0.0039042414907144453,-0.0018798897464509185,-0.09893166737255088,0.009145544725924213,0.8106586270335268,-0.0353324367955279,0.21895023343425302,2.005970059693292,0.05223800451330396
2.41,-0.5169145931477922,0.0,0.06721617202313672,0.0,-1.9909359780262301,0.0,0.00472069486947124,0.00032989706848288603,0.0,6,SolvedWithSlack,145314,76545,328821,0.13893641332971104,4.774847184307873e-12,2.095545958979983e-13,-0.9446143586135214,0.563243545241136,-4.299146002844199,-1.2607958120138112,2.51460448416878,2.6356373800557664,0.008431361485266083,0.35771932348681473,1.7658522205586966,0.0008492934214313553,0.0034030453292229782,0.05420114662396708,-0.38287960010000993,0.04232213443731364,0.05113566576226908,-0.03651048970512731,1.9059935504537915,-0.23619190266050877
2.415,-0.5169157361910092,0.0,0.06721626901451043,0.0,-1.9909130225807106,0.0,0.004444456058022091,0.00034628343021101467,0.0,6,SolvedWithSlack,136478,74501,316718,0.14265661701393761,2.556797655539622e-12,7.003853877071697e-13,-0.9445727434955791,0.564833087607365,-4.290246705317546,-1.2607934748605052,2.5146152314266508,2.633338757176125,0.008268039760079875,0.2915757654589278,1.7890551999881668,0.0002480909103310822,0.001469950821056384,-0.7901239976758379,-0.3726734619193514,0.04666924865419769,0.053207058356934844,-0.02657479879912311,1.9178508861211112,-0.24251624892369392
2.42,-0.5169169514723299,0.0,0.06721625778682067,0.0,-1.9908914953958383,0.0,0.00423320848459589,0.0003571947300992418,0.0,6,SolvedWithSlack,139724,73299,318512,0.14601507999683927,2.0108359422010835e-12,6.931625412542886e-13,-0.9445315765014531,0.5661014546901683,-4.281210443941474,-1.2607931235941257,2.514619895757814,2.627018797864788,0.008217177907341758,0.22859793836153128,1.819158732093831,-2.319973564509528e-05,0.0006668389503686892,-1.5685862779686468,-0.3632861885715779,0.05066602138100351,0.05490864226765221,-0.017512736261402373,1.928461957816706,-0.24822563599462677
2.4250000000000003,-0.5169182110062358,0.0,0.06721620091505952,0.0,-1.9908706464392925,0.0,0.004138833603743825,0.00036290825109054446,0.0,6,SolvedWithSlack,136939,73719,327809,0.20097983733813785,1.8687273950490635e-12,7.413716179589108e-13,-0.9444904833680337,0.5670636614462521,-4.272008558539116,-1.2607933681519297,2.514622789501232,2.616993672657125,0.008221582243436137,0.16851731133963382,1.8542405216247915,-5.147200665633118e-05,0.0005679948394146581,-2.285496165673289,-0.21778831595440393,0.8194704466453938,-0.04014006157919181,-0.07814317170576454,1.7273430002941006,0.3416657234748343
2.43,-0.5169194552121403,0.0,0.06721621056852513,0.0,-1.9908492989028332,0.0,0.0043879109403979315,0.0003458409930286098,0.0,6,SolvedWithSlack,136548,76164,317570,0.12556976984591697,2.5650592760939617e-12,1.090460729526177e-12,-0.9444490880080778,0.5683879464894811,-4.263268105385805,-1.2607899985958548,2.5146335738029175,2.609686022656671,0.008307532498414894,0.3285640626661539,1.6798559043002645,0.0010653996211353932,0.0029587986874686453,-0.9315658253626011,0.011644203462359835,0.8134347788360883,-0.03557052700188222,0.21998013173997685,2.0091163175346716,0.05323480971875166
2.435,-0.5169206745215225,0.0,0.06721636107474808,0.0,-1.9908266245447157,0.0,0.004626368617855825,0.0003438784985009349,0.0,6,SolvedWithSlack,141437,72908,323281,0.1223156695274625,2.4442670110147446e-12,9.179044243440293e-13,-0.9444061295361349,0.5704966049679507,-4.255299972642165,-1.2607754386741041,2.5146592937289287,2.6057697341774313,0.008742852027129596,0.48337427340664485,1.5381724368571608,0.003940657986989584,0.0063365161066958825,-0.6880264791572558,-0.7871387988888229,-0.13872195426443149,0.20793663819668626,-0.3807571464621424,1.8400849761314433,-0.1615072182305288
2.44,-0.5169218861958897,0.0,0.06721646759083189,0.0,-1.9908051991173858,0.0,0.003959945885598847,0.0003330979519373506,0.0,6,SolvedWithSlack,134033,73789,324122,0.27584136811943505,9.395945826939922e-12,6.218608527425173e-13,-0.9443658462457154,0.5726192042759806,-4.2458940782422845,-1.2607737565101804,2.5146795077555555,2.6007651636414106,0.007698047279068928,0.3852617945982529,2.1018385874928946,-0.0017299172471185308,0.002717566413998811,-1.2018177869840907,-0.3287280368097167,0.8267538219408357,-0.04292097497120511,-0.21272356726541525,1.6026306100212608,0.4689303258030396
2.445,-0.5169230534938626,0.0,0.06721650853670862,0.0,-1.9907852565329016,0.0,0.004113546699161915,0.0003246844030294341,0.0,6,SolvedWithSlack,135937,72888,313823,0.14792592907619212,7.389644451905042e-12,1.1667737088993935e-12,-0.9443268595769683,0.575009276240678,-4.23601250761204,-1.2607813207737593,2.5146914948918724,2.5998501222372927,0.007845523533583846,0.5393586107689322,1.8956544779143631,-0.0013896421239452267,0.0021073301017545095,0.47230404379167484,-0.41957958731812683,0.04154010291456545,0.0841862441172804,-0.05149628107129833,1.9430921535308716,-0.2514740794295266
2.45,-0.5169242428603802,0.0,0.06721656339577022,0.0,-1.9907650074161023,0.0,0.003958757512842696,0.00033969672619375764,0.0,6,SolvedWithSlack,140816,72667,318522,0.12477730659116959,5.613745579502449e-12,6.200595592531499e-13,-0.9442874218201971,0.5775039685514044,-4.2261473237529605,-1.260788897428243,2.5146961603808613,2.5993743570174184,0.007909195352130055,0.4721534357877137,2.022956538130349,-0.0015627900552202718,0.0003114610483297468,-0.4600295600695783,-0.03680955523987994,0.7728680242626249,-0.024750247948910606,0.18384365187120727,1.9964369054587134,0.04930841543860533
2.455,-0.516925492252063,0.0,0.06721662059580022,0.0,-1.990744513169051,0.0,0.00424961218396854,0.0003442593288915406,0.0,6,SolvedWithSlack,142720,75413,323471,0.15489054570062355,5.871074459928849e-12,4.3317432973921655e-13,-0.9442461002609805,0.5802787457519178,-4.216463388657658,-1.2607857694071614,2.514708446565573,2.5976349297813877,0.008452033010578192,0.6097352799838183,1.8814252181721187,0.001874366451061321,0.0036543013926946576,-0.27594311828857293,-0.4214297734438903,0.04680834214569429,0.09722624309674388,-0.04627471940109634,1.9686509013258884,-0.26331392769106005
2.46,-0.5169267688939075,0.0,0.06721669586372532,0.0,-1.9907236860433752,0.0,0.00404501014221107,0.00035152291090922397,0.0,6,SolvedWithSlack,136498,72757,314013,0.11521684617850865,5.966980382021703e-12,1.0710581727080282e-12,-0.9442046380954334,0.583131498457335,-4.2065226630691805,-1.260780615499804,2.514720645029196,2.5935276769087174,0.008210599389603664,0.5445229696410282,2.0569016455467173,0.0005427654867096354,0.0017802815022580003,-1.1721198472609076,-0.7546240935782116,-0.08451015904611554,0.1958686385034647,-0.36045253666289345,1.8381691818759154,-0.1353733840445155
2.465,-0.5169280307063217,0.0,0.06721665444227104,0.0,-1.9907047328294127,0.0,0.003608419970672529,0.00033979705130637703,0.0,6,SolvedWithSlack,137489,74280,322599,0.1302374367792165,6.120749740379239e-12,1.1999173356314063e-12,-0.9441659679623915,0.5855926200004028,-4.194779677960304,-1.2607904111625499,2.5147229969677176,2.5865325933962615,0.007484504811482878,0.4573441057456637,2.5363007744530157,-0.003359087708028133,-0.0002728778420987371,-1.544639315331355,-0.8075736782310629,-0.1814488323862879,0.22140364252466804,-0.38684399552693266,1.8516205938066375,-0.18816820264414014
2.47,-0.5169292390834695,0.0,0.06721652245479783,0.0,-1.9906876908357192,0.0,0.003294537748304675,0.0003307374773113734,0.0,6,SolvedWithSlack,148480,97574,360371,0.12973005661663975,2.44027135362903e-12,1.5942802633617248e-13,-0.9441299792632935,0.5875430322124002,-4.180565401298097,-1.2608156193968407,2.514716821732204,2.5772529215462483,0.007046623282930692,0.3453466039823253,3.040203690861075,-0.0059254103534403255,-0.0017561970085114608,-2.0558133275165975,-0.2839101867933622,-0.12408061571652099,-0.22054109624828755,-0.09958808328249119,1.3900527300959062,-0.005027296877814391
2.475,-0.5169304103427419,0.0,0.06721635718000923,0.0,-1.9906684507794898,0.0,0.004419000832024513,0.0003651527407080326,0.0,6,SolvedWithSlack,144223,80221,330645,0.1635940725944622,7.669300958190739e-12,1.9930446182314654e-12,-0.9440380104654784,0.5886870342626493,-4.168647104822169,-1.2608364582592648,2.5146801887735073,2.567449708657896,0.025318315072966332,0.153089158248083,1.9622229664491715,-0.003146531683860082,-0.010402217202960388,-1.8987409622031959,-0.3996377464908616,0.05808224889708219,0.10660169103849784,-0.023788672268054006,1.9990616367475282,-0.27810992341058577
2.48,-0.5169314751287638,0.0,0.06721623328250557,0.0,-1.9906446929161428,0.0,0.00484834699561146,0.0003569441530882348,0.0,6,SolvedWithSlack,136869,75693,317710,0.12503087315674088,1.0089703266650048e-12,1.2626011347549593e-13,-0.9439424800148027,0.5893446958243842,-4.158187052602178,-1.2608472953304164,2.514644059273955,2.555612160401886,0.015933493225803827,0.11598664011259373,2.1754185350567794,-0.0015692175747454564,-0.005334572008526613,-2.668980813457398,0.00313218418621386,0.8239615255641818,-0.037021310629543086,0.20698610714763238,2.000493970507854,0.07107005501998692
2.485,-0.5169323929037171,0.0,0.06721626764347487,0.0,-1.990618064450289,0.0,0.005687651673137525,0.00033662687260973845,0.0,6,SolvedWithSlack,150173,74080,329632,0.1665855733459029,8.257979369763468e-12,1.9432233600014115e-12,-0.9438752332727656,0.5904162242054471,-4.147839292748902,-1.2608406975145106,2.5146401764506097,2.543766438704693,0.01218708901672456,0.27877289434534064,2.0014266382812984,0.0029635586051739425,0.0017898523653158882,-2.1764277544274533,-0.4020273381788496,0.06028217942314629,0.1126858069377896,-0.02261842032607604,2.0099799419027526,-0.2831954746880349
2.49,-0.5169331828228242,0.0,0.06721640693228248,0.0,-1.9905890561941235,0.0,0.005775505390429559,0.00033281627085398225,0.0,6,SolvedWithSlack,136438,75923,318872,0.1292902494653501,1.5343280929706233e-12,2.0614066009727594e-13,-0.9438216454849937,0.5916663346154726,-4.137132696390569,-1.2608278592108642,2.514651801899563,2.5305745456395843,0.009969104292754402,0.23057202922116665,2.231417284049048,0.002329524714493807,0.002655463117092182,-2.935233787434185,-0.7728177465292394,-0.16972212745802864,0.21979342409109515,-0.35614620007531195,1.8735819755362342,-0.2016168271705789
2.495,-0.5169338941521061,0.0,0.06721645563616949,0.0,-1.990561283584201,0.0,0.005365126303654215,0.0003219403271155221,0.0,6,SolvedWithSlack,148190,73229,326527,0.1302110621987737,9.095287890892312e-12,1.919409076123202e-12,-0.9437772908234456,0.592521199111304,-4.124332145762126,-1.2608283304361576,2.5146616939861715,2.5146627650278166,0.008305392279612826,0.13109791448700273,2.7716691406318485,-0.0014688020373835745,0.0015881648147352222,-3.340842016462739,-0.7741579895405333,-0.1755213936107954,0.22135880573791528,-0.3552647807318182,1.8762074953397472,-0.20698783506213095
2.5,-0.5169345598403817,0.0,0.06721641840713989,0.0,-1.9905355747445863,0.0,0.005006385725376294,0.0003142547345395205,0.0,6,SolvedWithSlack,149973,73889,329171,0.1772799263571584,9.183585885025672e-12,1.9045320875932248e-12,-0.9437383473280887,0.5928724488564338,-4.108979891357249,-1.2608428650008963,2.5146674838701033,2.496803360969969,0.0075217381276647165,0.02969737315273875,3.2628731778903695,-0.00368217486160817,0.0009177805975032148,-3.720004890819552,-0.406646405766335,0.06676487086854438,0.13116664338989972,-0.016606311273015692,2.0447626699083714,-0.30137587480716926
2.505,-0.516935273757748,0.0,0.06721638118144206,0.0,-1.9905105739349556,0.0,0.005038547253067258,0.00031882356498354837,0.0,6,SolvedWithSlack,143922,73298,326366,0.17998837239855592,9.31906168986224e-12,1.9217405444749147e-12,-0.9436998476619399,0.5928861909496772,-4.0921414074294535,-1.2608542046254336,2.514678136791955,2.476212448538392,0.007796634532999564,-0.015161958843532459,3.435453500304695,-0.0014180989155387874,0.0028528734903371317,-4.373919483461931,-0.4008814911928871,0.06974290414818834,0.13267551989935034,-0.010622983370420447,2.052793957068623,-0.30598023307754507
2.5100000000000002,-0.5169360855413049,0.0,0.06721639545928307,0.0,-1.990485380773576,0.0,0.005025709216695161,0.00032331880583488825,0.0,6,SolvedWithSlack,136177,75953,321698,0.13054884033279565,1.6042723970527074e-12,2.0700108294136044e-13,-0.9436603311148336,0.5926805498685475,-4.074468134326403,-1.2608560503626207,2.5146970571631595,2.452515971633619,0.00796276799069004,-0.0583760042364362,3.5988113375912802,0.00024866596581988405,0.0043306664031366755,-4.973844492652365,-0.7617816771898318,-0.17786536824393456,0.2219330285657526,-0.3420253197900294,1.889016102889889,-0.21998254403308343
2.515,-0.5169369492058936,0.0,0.06721640113545162,0.0,-1.9904613073213546,0.0,0.004633937700480327,0.00031647540890431913,0.0,6,SolvedWithSlack,141167,74380,330204,0.18433989562095052,1.4996898933951835e-12,2.0133894551577214e-13,-0.9436222710767274,0.5920881940817495,-4.055211595228985,-1.2608616832749129,2.5147144954146246,2.426893754572289,0.007429467763451905,-0.15840456677336576,4.014079348592919,-0.0018955534195026016,0.002990699694700814,-5.2206375015692625,-0.4000630679289252,0.0724923814977339,0.13795156361094363,-0.006638888585226585,2.065677097567625,-0.31337782255561586
2.52,-0.5169378619528069,0.0,0.06721639912039262,0.0,-1.9904383271747512,0.0,0.004622816996394292,0.00032174536649933003,0.0,6,SolvedWithSlack,145965,76705,329121,0.1859235492766492,8.61131825569128e-12,1.9780843629746414e-12,-0.9435838976418182,0.5911758244929058,-4.034748729543217,-1.260864575595513,2.514734572981594,2.3991752253336567,0.0078053109748702975,-0.1984229648088835,4.143482960110014,0.0001930277368175935,0.0046125060771676375,-5.7509573031460794,-0.39419884697769914,0.07443448230422306,0.1372952719312235,-0.0016167541515826056,2.069580966689096,-0.3160700337703036
2.525,-0.5169388589935263,0.0,0.06721644308461935,0.0,-1.9904151805544503,0.0,0.004626263236691104,0.0003278931835276643,0.0,6,SolvedWithSlack,138863,74301,318532,0.12601779593029308,7.815970093361102e-13,1.2068124277675452e-13,-0.9435441853415109,0.590066839612769,-4.013675357862265,-1.260859087834256,2.514761163606406,2.368954156505429,0.00801702034443489,-0.23728842392208624,4.260896774367454,0.0016137978468370722,0.005720516601674257,-6.232209382898879,0.02119877308631174,0.8240681478660871,-0.03736701048798041,0.22470706528176396,2.0162847348846893,0.05603733635227309
2.5300000000000002,-0.516939914291357,0.0,0.06721659608570896,0.0,-1.9903909445209158,0.0,0.005035220054244485,0.0003281426102142666,0.0,6,SolvedWithSlack,152378,125076,392441,0.12741453875491016,9.734435479913373e-13,1.3589129821411916e-13,-0.9435020104321247,0.5893393826820914,-3.9934594002730437,-1.260838344210772,2.5147989953710423,2.340323611043952,0.008651638794678914,-0.08468150938867527,3.903489801453385,0.005543495390468051,0.00850481878508163,-5.400132884482353,-0.2480130294326077,-0.10893667229935858,-0.21660471588334726,-0.06566552676380304,1.4243414222801445,-0.025026649667764966
2.535,-0.5169410025870103,0.0,0.06721678492199602,0.0,-1.9903643013306103,0.0,0.0055573608917755465,0.0003642617912605732,0.0,6,SolvedWithSlack,146957,79420,339361,0.11721269811602313,7.762157236412826e-12,2.0464185901403198e-12,-0.9434188929118398,0.5883632079674894,-3.9774033050813595,-1.2608130641977815,2.5148037971005475,2.314742588899867,0.0213190696124837,-0.26685637677686536,2.767047578880949,0.0046774260748170355,-0.003328264622584389,-4.9324482848081015,-0.6488790405369043,0.003807008121411892,0.17422391251927186,-0.27877475494842624,1.87540316985637,-0.13184292233792733
2.54,-0.5169420132563338,0.0,0.06721685907257909,0.0,-1.9903371638699017,0.0,0.005238536469768389,0.0003431457058750823,0.0,6,SolvedWithSlack,148731,74460,329913,0.126996814798451,7.346954641884729e-12,2.067790383364354e-12,-0.943337432313874,0.586926745907023,-3.962394275723726,-1.2608020437893739,2.514791720249223,2.290298034917725,0.01371604328027683,-0.30189635768137196,3.1528709804757935,0.0007576291122025388,-0.0019134999226254645,-4.860403725481564,-0.7462325072798098,-0.15771009809085426,0.2158945851573667,-0.3321145799642732,1.8902735077605266,-0.21328258680180132
2.545,-0.5169428794440816,0.0,0.06721687066839578,0.0,-1.9903117548201663,0.0,0.004994605164903088,0.00032471884959876053,0.0,6,SolvedWithSlack,146076,74220,326878,0.1274285454345358,6.402857410936491e-12,1.1406669879476805e-12,-0.9432808806529199,0.5851773483832441,-3.945225984890543,-1.2608086464106536,2.514783525761099,2.265364170578812,0.01007651922092668,-0.3822813004025423,3.6145057404312464,-0.0024848089777244043,-0.0014759145616330205,-5.0674695935344465,-0.7514601100241411,-0.16214954577001006,0.21662852723871087,-0.33537396729624086,1.8895130712144763,-0.21518271416083065
2.5500000000000003,-0.5169436474991015,0.0,0.06721683472415182,0.0,-1.9902871813748513,0.0,0.004866672589950231,0.0003151246338741335,0.0,6,SolvedWithSlack,136608,74310,318110,0.12592961424531418,6.373249150648519e-12,6.127143063749951e-13,-0.943236105164586,0.583015641510477,-3.925880848374212,-1.2608270544115154,2.5147770638207105,2.2394524162119893,0.008379172924092723,-0.46585797964678205,4.033083505567074,-0.004310366122054382,-0.0011780448477683428,-5.2556315536436395,0.019178881965224995,0.8207517289293839,-0.036980369603912294,0.22480919407785105,2.014873827925027,0.053608078750285
2.555,-0.5169444015393877,0.0,0.06721690459960217,0.0,-1.9902612430316324,0.0,0.005475752202667998,0.00031107952318428807,0.0,6,SolvedWithSlack,139573,74241,320506,0.173295292026365,6.079570874506501e-12,4.4547698863084406e-13,-0.9431931196782142,0.5811600557212889,-3.9066645626112204,-1.260830964444172,2.514786266771551,2.2154468154130833,0.0087147209500819,-0.3084189220561419,3.721417071607519,0.001238458524680778,0.003500726601400218,-4.508450173229769,-0.38741903170064435,0.06467308700899921,0.11181899342964483,-0.008572511129979185,2.0231037412090274,-0.2946019964448205
2.56,-0.5169452147378613,0.0,0.06721708451413164,0.0,-1.9902338423782682,0.0,0.005390871806276372,0.0003204348772126817,0.0,6,SolvedWithSlack,148481,78027,342467,0.12599536752745133,5.810008724127513e-12,7.031080621749248e-13,-0.9431504141841358,0.5794940673450992,-3.887790364973805,-1.2608233701236942,2.5148037425203595,2.19136601901531,0.008454687790250161,-0.3496535551372082,3.809581976066661,0.0016677430601746551,0.003503189735817272,-5.013536676849217,-0.7523920071378036,-0.15670344234174594,0.21419212479666727,-0.3385950750720513,1.8838616463624356,-0.20885442009121577
2.565,-0.5169460694334396,0.0,0.06721717092426044,0.0,-1.9902083821866539,0.0,0.004859709729176102,0.0003155068793221411,0.0,6,SolvedWithSlack,147739,73860,331506,0.1751657388294619,1.9042545318370685e-12,3.94731339628529e-13,-0.9431107541887133,0.5774914139151724,-3.8675361204628795,-1.2608252948919771,2.5148151849742675,2.165805866830928,0.007660013888355336,-0.43442439874740296,4.206370131534588,-0.0015545373877174592,0.0015795602180548574,-5.174722385772917,-0.38515605887417,0.065477529571772,0.11125274395980356,-0.0060054501413809025,2.0264739994928247,-0.2977817560100852
2.57,-0.5169469710631572,0.0,0.06721720141644329,0.0,-1.9901844805395814,0.0,0.004787132560099709,0.00032514954993270956,0.0,6,SolvedWithSlack,138021,74160,318622,0.1251778868030144,1.0155640217668349e-11,6.561183887865418e-13,-0.9430714509815343,0.5751975547044137,-3.8463758296544133,-1.2608282760564862,2.514825485464188,2.138593559726554,0.007966458024818197,-0.474862888084239,4.249022971656876,-3.5776479234467e-05,0.002354316607282241,-5.614090633625183,-0.750102925873078,-0.1544481374535122,0.21280240756512445,-0.336508242243608,1.8857593664907413,-0.21043253386433813
2.575,-0.516947928963326,0.0,0.06721721205428788,0.0,-1.9901615361840257,0.0,0.004413408166490754,0.00031920032128079874,0.0,6,SolvedWithSlack,151997,83749,353407,0.1251594273784073,1.6197043706256409e-12,5.40622668160351e-13,-0.9430333827369625,0.5725749561927012,-3.8240566689537996,-1.2608362128068074,2.514832660104816,2.1102277787860304,0.0074290305393704655,-0.557555408738668,4.602382554377201,-0.0024558178825931235,0.0008975231778418399,-5.710455659419884,-0.7549585917210446,-0.1564426061397999,0.21277102654329239,-0.340066215380357,1.883945194085837,-0.21043873487205342
2.58,-0.5169488934674888,0.0,0.06721717380483387,0.0,-1.9901404403899612,0.0,0.004107142472443363,0.0003135723004925156,0.0,6,SolvedWithSlack,147519,88206,356243,0.12495565127261213,1.8545165403338615e-12,7.370566830477987e-13,-0.942997148240067,0.5695389733776949,-3.800072818174245,-1.260852988175972,2.514833970239333,2.0814249096482538,0.007150474384153891,-0.6401830274873539,4.9222264065190835,-0.0038286772621420996,-0.00010338157811870364,-5.792129266373441,-0.7594978874413687,-0.15746650885233202,0.2124246071634406,-0.3435927701566362,1.8818863709467937,-0.20984723408911163
2.585,-0.5169498766423511,0.0,0.06721711668087804,0.0,-1.9901205507176685,0.0,0.003902014782471619,0.00030979373439720504,0.0,6,SolvedWithSlack,148921,86544,360040,0.12795091844966375,2.0250467969162855e-12,7.862308894213133e-13,-0.94296190061432,0.5660913386262528,-3.774583443655693,-1.2608742393502554,2.5148313351501823,2.0522597898172754,0.006995305719757655,-0.722290796589919,5.2113088897661,-0.004442138048703551,-0.0007649183725178834,-5.858656512143727,-0.25235906536437425,-0.10090813204004737,-0.21751656136442835,-0.06462150634588854,1.4456541612366993,-0.04202460253573437
2.59,-0.5169509760927784,0.0,0.06721706473401119,0.0,-1.9900998198719722,0.0,0.004377390225321616,0.000356067917710002,0.0,6,SolvedWithSlack,136127,74631,326287,0.1203645471124812,2.0605739337042905e-12,8.189221870069652e-13,-0.9429233026400221,0.5619882845006979,-3.752339127615418,-1.2608859144418874,2.5148003394849736,2.0245092455372764,0.008087760617192682,-0.8847198997310406,3.959803782681929,-0.0011406939555269066,-0.009227805896773808,-5.350674461052563,-0.7455822811623432,-0.13126519059642733,0.20461973009121803,-0.33599433833548037,1.8814490709741531,-0.19870400790462975
2.595,-0.5169521516624282,0.0,0.0672170325353627,0.0,-1.9900786321670578,0.0,0.004046571662905,0.0003333694085865516,0.0,6,SolvedWithSlack,158088,87716,375128,0.2621482923050239,6.615152869926533e-12,3.7425618160114027e-13,-0.9428851027518866,0.5573736515202162,-3.731387616581624,-1.2608958484075496,2.5147649128502856,1.997563951895152,0.0074087133583421935,-0.9484206950333418,4.338869108208019,-0.0024439722889292993,-0.005832737128866627,-5.413273813616144,-0.30793487730473484,0.8178799055861323,-0.04250364863162539,-0.19054223314280513,1.618978709089296,0.44565209691854063
2.6,-0.5169532332994222,0.0,0.06721711997955121,0.0,-1.9900581606666377,0.0,0.004191040015726508,0.00029885737670720767,0.0,6,SolvedWithSlack,139704,80422,353989,0.15330388587834395,1.9682033780554775e-12,4.1058233520843343e-13,-0.9428481078132184,0.5531226419190577,-3.710665191924795,-1.2609036368630442,2.514738832659846,1.976961340868605,0.007390572817880078,-0.7850867198014025,4.019632752828893,-0.0010564834098003655,-0.004962767316667613,-3.2885813103673334,-0.3796058104776326,0.051190275138840835,0.06466945411193767,-0.023180142933954172,1.944879050598327,-0.2606166059931847
2.605,-0.5169543174091643,0.0,0.06721731261064097,0.0,-1.990037129703494,0.0,0.004192525356447113,0.0003143868042720386,0.0,6,SolvedWithSlack,140265,77757,365380,0.12691028426883857,2.1387336346379016e-12,5.198416579906806e-13,-0.9428097751938268,0.5490634408766353,-3.690815170828054,-1.2609023839467424,2.5147209585365835,1.9590720770219876,0.00781074805380857,-0.829385252988889,3.938555848973176,0.0009963173162515187,-0.0027297385644512147,-3.7635983792396366,0.03427599235150114,0.8048601411345315,-0.03495073661365357,0.2475647018266904,2.030564548301417,0.02299042982173788
2.61,-0.5169554775085256,0.0,0.06721754801978025,0.0,-1.990015323857872,0.0,0.004511133301989582,0.0003183934745758149,0.0,6,SolvedWithSlack,145675,89229,373766,0.1452451339297387,2.1742607714259066e-12,5.804845033760793e-13,-0.9427687423168553,0.5453967711520367,-3.6718810593135656,-1.260884134208025,2.514723437404918,1.9418842093061572,0.008415632805906277,-0.66962036665626,3.6893182629701102,0.005133459441149532,0.00229813307209611,-3.227666169168622,-0.35208666170763053,0.052630903676241236,0.039398816650731805,-0.012660484659022142,1.9147453684921212,-0.24691672768055578
2.615,-0.5169566867872412,0.0,0.06721780808773656,0.0,-1.9899929537924312,0.0,0.0043937314408296355,0.00033549060941742617,0.0,6,SolvedWithSlack,153810,106702,374117,0.23694609395356617,1.7197446404103085e-12,4.3321010841090857e-13,-0.9427267168565976,0.5418973977389663,-3.6538452245871658,-1.2608597985038081,2.5147316906198363,1.9244328957539771,0.00839995800181758,-0.7197224879621265,3.554800328404293,0.004662802435702078,0.001297066217110156,-3.6587804386204574,-0.9268209404966263,-0.8533006895877311,-0.3825729860315437,-0.8762778606092615,0.4572513918998972,0.4028083597210625
2.62,-0.5169577955976676,0.0,0.06721783913565985,0.0,-1.989969766123514,0.0,0.004955361730158873,0.0003543512883054651,0.0,6,SolvedWithSlack,145595,78267,329682,0.1155677797133325,1.7135552539043287e-12,4.265645996148759e-13,-0.9425997582165248,0.5369277043005115,-3.6416649093257476,-1.2608640532193474,2.5146536831862334,1.911610280471971,0.03560489232498341,-1.1720897712884413,1.7190551044989295,-0.004067855200801699,-0.025127329650456606,-1.8595439969862309,-0.7210501366619492,-0.04801235984112419,0.17971153310639237,-0.33385039565188607,1.84908447541332,-0.14022205658617692
2.625,-0.5169585826355223,0.0,0.06721771716208753,0.0,-1.9899441257917292,0.0,0.005167627800215392,0.0003309771258055704,0.0,6,SolvedWithSlack,161175,85111,351154,0.12364150296599791,2.1780604775533163e-12,7.132686368621632e-13,-0.9424736328265558,0.5310703540228064,-3.63135084150456,-1.260887260171381,2.5145593745408794,1.9017036029376904,0.019916648378581044,-1.1733969545238518,2.283764937529268,-0.00490524861935997,-0.015199953064878423,-2.0598092706305207,-0.2502206090122989,-0.054843512427164204,-0.21019055504219644,-0.054761965241812725,1.4954637102544068,-0.0604472984497166
2.63,-0.516953871425617,0.0,0.06721779281504807,0.0,-1.9898371136564528,0.0,0.021171295686981152,0.0012563585957275632,0.0,8,SolvedWithSlack,136278,114356,364308,0.11533304751071509,1.5290435561950645e-12,6.705850280276418e-13,-0.9423671777936096,0.5249491016040946,-3.622704568887911,-1.2609103528993946,2.514475009809147,1.8916022452747605,0.017873448112068636,-1.2734964040134618,1.387764447091947,-0.0024804766961814065,-0.016106791966337252,-1.9815081415839542,-0.6991501588525048,-0.011242523918575238,0.16868202238526403,-0.3219544682117771,1.8453287601714414,-0.12370199929806841
2.6350000000000002,-0.5169510056322514,0.0,0.06721796888632392,0.0,-1.9897577629316856,0.0,0.014431890127939736,0.0007812604262639266,0.0,4,SolvedWithSlack,143170,84269,333550,0.12883427198312533,9.521272659185342e-13,5.502443119198563e-13,-0.942051027158478,0.5191899368436242,-3.6156464826629624,-1.2609225301599434,2.514421518484978,1.8813125311496792,0.129210713064917,-0.9742320998015085,1.1735641904520782,-0.002527802772027481,-0.007730321193410801,-2.10872967284979,0.07177062824558461,0.7907705696805484,-0.03159001031767545,0.2856674437010559,2.0613483517300053,-0.014710227788439206
2.64,-0.5169353966577551,0.0,0.0672186693062931,0.0,-1.9894949869796603,0.0,0.09149834257439714,0.006587953356640014,0.0,8,SolvedWithSlack,136458,99428,340684,0.11471892576558375,1.5671921743847492e-12,6.923178509196304e-13,-0.9412131517603529,0.5164382127448,-3.610402469556555,-1.2609450415256387,2.5143902633778676,1.8713335234619626,0.18248726256169262,-0.28943508252973965,1.0174359891071114,-0.005765107499072423,-0.0055444775587517635,-1.924192487429715,-0.5730540620811482,0.13521005377842174,0.1315407129036514,-0.24818177251445772,1.83550281224934,-0.05445547545981154
2.645,-0.5168907430116401,0.0,0.06722021732256901,0.0,-1.9888005095603074,0.0,0.14256839087911735,0.010442943625173876,0.0,8,SolvedWithSlack,153250,122381,385858,0.12884722151047356,6.401545959988653e-13,3.0673293766048104e-13,-0.940151765850457,0.5160490096136751,-3.6050560425460696,-1.2609809457860395,2.5143654758128324,1.861911307602121,0.20833525559563243,0.006716782389711896,1.1164123418823402,-0.003696528725038242,-0.00109732921753095,-1.8305311376771873,0.08681843910063466,0.7890753220540135,-0.03073794872018228,0.2970830240865218,2.061555544167577,-0.018163527668187476
2.65,-0.516861684326098,0.0,0.06722157328634819,0.0,-1.9883299191614052,0.0,0.06861796339791439,0.004692622151310356,0.0,8,SolvedWithSlack,137269,133432,377704,0.11148969608499748,1.0360615229141369e-12,6.544912631517574e-13,-0.9394434572971176,0.5168031338875452,-3.5993409045267444,-1.260911999360521,2.514398519892948,1.853567846980567,0.1046352267308291,0.23540535032792212,1.174953229155679,0.01990662607930977,0.01065041702798323,-1.5692540112829134,-0.24215827049748617,0.06653163309289573,-0.06610195397063612,0.025710691565754458,1.7838351373599597,-0.18132321288790196
2.6550000000000002,-0.5168493528739385,0.0,0.06722249573677788,0.0,-1.9881012655792458,0.0,0.034117688915800165,0.0020775127652047916,0.0,8,SolvedWithSlack,145866,124005,375128,0.11436133405468527,9.734435479913373e-13,5.362851276339425e-13,-0.9389735469451843,0.5178157858151382,-3.594408750591278,-1.260820067750911,2.514448061750709,1.8446783107085047,0.0866020620544407,0.18172629719811742,0.8707640660268173,0.01701353432883007,0.009149826169363029,-1.9141867450295138,-0.632724957016528,0.050553918704659195,0.1531892140571278,-0.2881222844598686,1.8297813448749642,-0.08484407343420251
2.66,-0.5168444479756951,0.0,0.06722303673879858,0.0,-1.9879841984734201,0.0,0.01786362683853194,0.0009372293857097344,0.0,8,SolvedWithSlack,137399,94529,345302,0.11408839154905083,1.3571366253017914e-12,7.347969888553443e-13,-0.93864341957775,0.5190553958207383,-3.5890503498977213,-1.2607591231966697,2.5144919841571625,1.8351328906282733,0.05221556139061589,0.2909839137910144,1.2043612680822693,0.009109473148628085,0.008347835604549497,-1.9067498963649407,-0.6502166737175948,0.03253052687562144,0.15774665806092938,-0.30040453107954224,1.8254142647848133,-0.08888916440794532
2.665,-0.5168428060288528,0.0,0.06722330290172737,0.0,-1.9879190130003273,0.0,0.010657933533657158,0.0005014728755591357,0.0,6,SolvedWithSlack,137450,81364,344150,0.11364126595564608,1.7119665905425186e-12,7.761882524995358e-13,-0.9384611387695188,0.5207708924838486,-3.582025547888312,-1.2607341908657423,2.5145286029326646,1.825565335424941,0.028363614503960577,0.3723352446339514,1.5391901130788477,0.002474066030140435,0.006601180722254779,-1.918195985283289,-0.2578684679077413,0.06443957326732541,-0.0476192383916261,0.022006326798909556,1.8057046553613476,-0.19319015212459834
2.67,-0.5168425415817244,0.0,0.0672234183191222,0.0,-1.9878744827978798,0.0,0.008125974435964871,0.00039739778807653927,0.0,6,SolvedWithSlack,137179,76665,341004,0.11430959576555723,1.836753440182973e-12,8.134430410975188e-13,-0.9383537998563859,0.5224347109304133,-3.5750177832627315,-1.2607247899455343,2.51455228139987,1.814864290263104,0.017934406422424217,0.30571194758630893,1.3132946541186665,0.001481311682300353,0.0036401513096651857,-2.282925718648444,-0.6580508451184672,0.016746535199405454,0.16217905359907747,-0.30390114556946185,1.8289535322489157,-0.09782751112695053
2.6750000000000003,-0.5168428296170494,0.0,0.06722345444264795,0.0,-1.9878382648317523,0.0,0.0067155660991396575,0.00035747590313396464,0.0,6,SolvedWithSlack,145235,74541,335504,0.11372390277769043,7.887024366937112e-13,2.550399263523753e-13,-0.9382832165352811,0.5238695874569935,-3.566812015374092,-1.2607325027470078,2.514568139751937,1.803438940302059,0.012156502017907972,0.2734611556310169,1.8516914509992874,-0.0032586235923675617,0.0028482069384528938,-2.2863211510675896,-0.5965163741818036,0.11403618031249366,0.13744666323776372,-0.2672245652700054,1.8195824444430468,-0.051023303304997526
2.68,-0.5168432774350781,0.0,0.06722345078683127,0.0,-1.9878070646618484,0.0,0.005989663533628919,0.0003344191947023743,0.0,6,SolvedWithSlack,137771,73298,316137,0.11305642304102496,3.872457909892546e-12,1.2461737167895372e-12,-0.9382310956286873,0.5251929177874962,-3.5562846032112785,-1.2607562440891542,2.514580025182434,1.792482383862683,0.009533836406437925,0.2581530219094708,2.2684956423552296,-0.005530835765650203,0.0020663548561149748,-2.1300172140905196,-0.5353392974545486,0.21295739639589903,0.11227314620136117,-0.2314252117276711,1.8089027686563994,-0.0023031971376458273
2.685,-0.516843819655457,0.0,0.06722345598569257,0.0,-1.9877783696613038,0.0,0.005597871566140972,0.0003199878105763169,0.0,6,SolvedWithSlack,137560,72918,314935,0.11361817846180602,3.325340003357269e-12,1.2962183274433867e-12,-0.9381872620294145,0.5264972205246333,-3.5440072976549657,-1.2607857969483955,2.514588160354936,1.7827641846993467,0.008372117695931273,0.26220674814576195,2.575557814216903,-0.006044211432674792,0.0013440893567362579,-1.8235737134066947,-0.702299259443552,-0.026047902241346597,0.17309401824998044,-0.33403636061530484,1.8178908553888964,-0.10775111751259005
2.69,-0.5168444396877064,0.0,0.06722345190134213,0.0,-1.9877517096078332,0.0,0.0051450176352019,0.0003135152396713675,0.0,6,SolvedWithSlack,137019,73870,327969,0.12905472314560465,3.282707439211663e-12,1.3896934479367372e-12,-0.93814785781105,0.5276430737791789,-3.5298076315106357,-1.2608192675915777,2.51459213218509,1.77340275112667,0.007626013112449932,0.2068408367256667,3.00986955735444,-0.006972711186789484,0.0004683334290351709,-1.9034432334532516,-0.2838685134097279,0.1989840030997469,0.05191637782289231,0.04405223079770086,1.9733716802166184,-0.2193930293475279
2.695,-0.5168451797803969,0.0,0.06722344661115051,0.0,-1.9877260741716665,0.0,0.005172011378408571,0.0003268857838700014,0.0,6,SolvedWithSlack,135617,73719,315355,0.12722157387101207,3.254285729781259e-12,1.3861050436776712e-12,-0.9381080720988594,0.5286159129360067,-3.5147266303124853,-1.2608415497047425,2.5146003527154224,1.7625240617189006,0.008130150174960582,0.18644590665517316,3.020426401632819,-0.0029674519441906656,0.002326306437441064,-2.3507136388830516,0.06708837864570462,0.795522803053955,-0.03270942467971973,0.2771202806217473,2.035545181936193,0.0031225209264279965
2.7,-0.5168460573529537,0.0,0.06722356307971687,0.0,-1.9876994492563511,0.0,0.005442377647062275,0.00032652780034686264,0.0,6,SolvedWithSlack,134634,77196,320987,0.11363759150004685,3.2602808859271157e-12,1.2479046387816467e-12,-0.9380654986534361,0.5299607895405987,-3.5000680143307332,-1.2608399502412855,2.514622792317916,1.7518421126814736,0.008718969300769772,0.32366325698048254,2.8745699734241525,0.0021970759495202902,0.005679457768423631,-1.9983965148667595,-0.7177450199307368,-0.04599264244579637,0.17852695569436372,-0.3434731003078173,1.8182014640007496,-0.11573990732143244
2.705,-0.5168469847313363,0.0,0.06722371177400967,0.0,-1.9876737128785122,0.0,0.004851882055550652,0.00031903942872897145,0.0,6,SolvedWithSlack,134825,73609,319874,0.12673424586061283,1.7346125977204719e-12,3.002374589986531e-13,-0.9380249202316868,0.5313887254362779,-3.4844239234463212,-1.2608398458937151,2.514642202751268,1.7415895522311076,0.007801545647094221,0.25995487484405105,3.292248657778204,-0.0012280870860262379,0.002823596576620984,-2.0838192129030197,0.058600717739618134,0.796999786260107,-0.03314908879549836,0.2690290291800997,2.027747933769805,0.01034727379563628
2.71,-0.5168479576389932,0.0,0.06722384784875576,0.0,-1.9876491985503424,0.0,0.005042813294459121,0.0003238539016921233,0.0,6,SolvedWithSlack,135786,73318,314063,0.11309728896745973,1.8931544294929244e-12,2.919613824041321e-13,-0.9379834459889592,0.5330889761920288,-3.468496702372832,-1.260832074288286,2.5146646100553833,1.732241321296793,0.008554118853633372,0.3931728049008319,3.116674990507144,0.0031307380504984514,0.005388297035687254,-1.7317537092228716,-0.6929339285825795,0.001794022431209923,0.16660314525292244,-0.3303534725455082,1.8095566234793556,-0.08880608270681552
2.715,-0.5168489825059511,0.0,0.06722399759433839,0.0,-1.9876252226676143,0.0,0.0045340387862107005,0.0003204646558206194,0.0,6,SolvedWithSlack,134374,72947,311068,0.12978233559420022,1.910916087870317e-12,2.813627824727732e-13,-0.9379433149835116,0.5348876496068659,-3.451815965272707,-1.2608284477229208,2.5146812969572427,1.7235241662919192,0.0077505044914705215,0.3372224241784492,3.4772247951163773,-0.0006642829483617775,0.0021375176975240466,-1.75074868901564,-0.33193436684831906,0.05023263940466566,0.011106791218683992,-0.011546474318802388,1.859880872070383,-0.22062997051014038
2.72,-0.5168500690807671,0.0,0.06722403220623059,0.0,-1.9876029171667364,0.0,0.004482496574882352,0.00034614587572133677,0.0,6,SolvedWithSlack,141438,73479,327518,0.13134021407101223,2.0201617216991636e-12,2.818411121792147e-13,-0.9379029538770353,0.5363250383110159,-3.435109437268364,-1.260828249867145,2.5146858907628933,1.7133651827111398,0.00823640706969225,0.2548212829262728,3.2543518901330213,0.0004352062455904042,0.00024883027237573266,-2.2123359034176238,-0.3218281834680123,0.05318945100393441,0.010138958405202264,-0.0034880368549284474,1.8651419978393349,-0.2232783639207208
2.725,-0.5168512696976443,0.0,0.06722402853652769,0.0,-1.987580462713595,0.0,0.004491803379968046,0.0003635691901570887,0.0,6,SolvedWithSlack,136638,73348,318702,0.12832836902844105,1.941557986216431e-12,2.8018615985460597e-13,-0.9378609635928475,0.5373632617050664,-3.419446613606421,-1.2608237631051618,2.5146841011748045,1.7010189648655203,0.008480357559941525,0.1766529548805207,3.0546755132404373,0.001147127147853214,-0.0006758124544990027,-2.634241899834328,-0.146841193685332,0.48095374456220935,0.04802846927673529,0.14694219674072198,2.053253904455057,-0.13835579960039168
2.73,-0.5168525121986328,0.0,0.06722406644117128,0.0,-1.9875577830926425,0.0,0.004575082025385714,0.0003566332494029367,0.0,6,SolvedWithSlack,136177,76164,318281,0.11432464823847088,1.944444520124133e-12,2.6664987827592463e-13,-0.9378180407102025,0.5384346471495957,-3.4039673179892946,-1.2608121665407708,2.514692679114102,1.6875769068951882,0.008641742531387898,0.23907093825964565,3.122215779095369,0.0029708393393374976,0.0030601893400270946,-2.7230984300778056,-0.7260269162707882,-0.07167162276771454,0.18631856646615033,-0.3439833285580487,1.8291943718155341,-0.13433597086575116
2.735,-0.51685372150121,0.0,0.0672241137168359,0.0,-1.9875361061471473,0.0,0.0041133656800544,0.0003398753984821525,0.0,6,SolvedWithSlack,149753,74010,329222,0.13632224075715052,5.7198690228688065e-12,1.0705067881406835e-12,-0.9377777298252471,0.5394231028197058,-3.3870856773992353,-1.2608108621003153,2.5147012236689186,1.6737602315088531,0.00775981792199735,0.1698586224845775,3.5396646078370675,-0.0012943682903597364,0.0009146608711136635,-2.7889691696199925,-0.32461669915047736,0.054514562061634964,0.019848790991469523,-0.0008280728861007336,1.8816400940108813,-0.23174780928715588
2.74,-0.5168549388827887,0.0,0.06722409663622608,0.0,-1.9875155589117828,0.0,0.004177934553334644,0.0003565261957060393,0.0,6,SolvedWithSlack,135365,73118,313572,0.11425321138881836,1.9930721256430503e-12,2.7235191713097585e-13,-0.9377373274066225,0.540043433788373,-3.3699738720615415,-1.2608136013965787,2.514702720246277,1.658637046453702,0.00824459457075666,0.09399985301663014,3.3473560236124493,-0.00011823452489008639,-2.7173147211337594e-05,-3.1759282741902815,-0.6598486113602307,0.020737635862956804,0.16292856146880658,-0.30204757397345633,1.8280513822210938,-0.0957662738612465
2.745,-0.5168561741735808,0.0,0.06722406952152776,0.0,-1.9874952968105795,0.0,0.003921366858762868,0.0003409646548636438,0.0,6,SolvedWithSlack,136978,73539,315065,0.11454590236944344,2.009947398719793e-12,2.648437025243311e-13,-0.9376981417049048,0.5403768521056543,-3.3522128669853575,-1.2608224975995252,2.5146998538927865,1.6431048217464068,0.007624683554650984,0.04823922301963241,3.6838655982524093,-0.002705852159404486,-0.0008978846947925464,-3.06149373629391,-0.7302589690323874,-0.08197435145564873,0.1891528391032854,-0.34433905004248605,1.832734437911095,-0.14231656974383244
2.75,-0.5168573534609007,0.0,0.06722401724926663,0.0,-1.9874764911860496,0.0,0.003664450011665409,0.0003288909786136588,0.0,6,SolvedWithSlack,151056,76384,333280,0.27414681481494096,5.279332526697544e-12,1.0250408200124478e-12,-0.9376612767392444,0.5404048619064046,-3.3326673976836454,-1.2608420706147736,2.5146933285948645,1.6276363172560422,0.007240484603793473,-0.022987175286716156,4.053910016438365,-0.004554402964868063,-0.0015364632805702685,-3.114164756173254,-0.3067944978629304,0.8085691144744553,-0.041133442288307176,-0.1995817243739581,1.5769312103541606,0.46604958518539963
2.755,-0.516858474173802,0.0,0.06722405511876345,0.0,-1.9874577505183724,0.0,0.0038487365289256673,0.000299958991314513,0.0,6,SolvedWithSlack,140255,73369,319083,0.4407083472826155,1.96243004624013e-12,2.5940360970366783e-13,-0.9376251405384683,0.5406949012177198,-3.3132179855335093,-1.2608628495978536,2.514673989087917,1.618180556674484,0.007221016119078935,0.11178110121025286,3.784355231553323,-0.003884764431882233,-0.005220302043894463,-1.1042136187271057,-0.4531214570126619,0.8284946343451184,-0.044035515920402016,-0.8486978648992669,0.3864177501194759,0.7492041903804463
2.7600000000000002,-0.5168595042508692,0.0,0.06722428092059984,0.0,-1.9874381929211564,0.0,0.003923819378206118,0.0002714251463296268,0.0,6,SolvedWithSlack,135876,75693,316507,0.12360722972746892,1.9895197271182533e-12,2.46052283365758e-13,-0.9375900104509252,0.5416703572207677,-3.295050376044607,-1.260900212319233,2.5145656759943935,1.6210504539716175,0.006915366983665975,0.2503595533970701,3.536433420227604,-0.00946467168101161,-0.03081403922538652,1.6539575569575236,0.006801407098054046,0.803229447797774,-0.03491095902313114,0.21890599762171742,1.9777156756395027,0.05502794456979512
2.765,-0.5168605556688585,0.0,0.0672245739642868,0.0,-1.9874179081276577,0.0,0.004180171708553797,0.00029800023733156345,0.0,6,SolvedWithSlack,144633,73489,327809,0.1165259808170642,4.305888978706207e-12,7.302034411155178e-13,-0.9375521973935332,0.5433141559094267,-3.2779672478342685,-1.2609239872288296,2.5144610802127025,1.6297522754573137,0.007906443284240812,0.380849733013489,3.3394257401388407,-0.0020047298517263112,-0.015158508924222174,1.7955930104977516,-0.8105739325406691,-0.11739856240617257,0.19809416738900912,-0.4115779800507525,1.7831321038941776,-0.11604923293546376
2.77,-0.5168616945156849,0.0,0.06722474501660834,0.0,-1.9873982827060668,0.0,0.0036639950596716016,0.0003104419562993098,0.0,6,SolvedWithSlack,136638,72747,315275,0.11780460725514635,1.8516320318741886e-12,1.9917401061775308e-13,-0.9375150129644148,0.5449629646864299,-3.259976609023298,-1.260938863644776,2.514404371802196,1.6373497321757224,0.007194156643884245,0.29549814421663895,3.7643781831026524,-0.0034933916675555423,-0.009116337390723477,1.3416284186380276,-0.8116630353684999,-0.12506463867763506,0.20026783233374879,-0.41016640329697746,1.7876179668252754,-0.12316892881788559
2.775,-0.5168628405140281,0.0,0.06722470835121525,0.0,-1.9873811524081542,0.0,0.003304708493456751,0.0003154339589986149,0.0,6,SolvedWithSlack,137330,72777,314694,0.1310312488972812,1.7856829938032726e-12,2.0861090632706691e-13,-0.9374801427043019,0.5461757162248946,-3.2399774712213336,-1.2609585984329663,2.5143717841418174,1.642739190955437,0.00685955080954921,0.2071062065614453,4.1511782812028315,-0.004163514301464924,-0.005008186189238065,0.9080630119427144,-0.4034511212989773,0.03291705654106847,0.04741222598962075,-0.05599694548327584,1.8703466371914828,-0.22275312312537804
2.7800000000000002,-0.5168640406403983,0.0,0.06722460973536061,0.0,-1.9873640822873095,0.0,0.0035486696024571796,0.00034065896939835985,0.0,6,SolvedWithSlack,144984,80272,330144,0.13337717355604092,3.460343123151688e-12,5.302626285112744e-13,-0.9374433578460656,0.5469635969599703,-3.219719180739635,-1.260968343688309,2.514358889967751,1.6450664199636151,0.007613908337857142,0.12502959616480888,3.98805798537986,-0.0006679352393871871,-0.001165064172842567,0.18065245683070819,-0.39011518921903254,0.037216861863167194,0.045832183806831184,-0.045260892310358805,1.8776648492089656,-0.22674119504526957
2.785,-0.5168653235505867,0.0,0.06722453237854836,0.0,-1.987345618904266,0.0,0.003774617593932518,0.00035517414120726673,0.0,6,SolvedWithSlack,136998,72838,315045,0.2830480836774071,1.753263935217846e-12,2.174371793728369e-13,-0.9374040088667899,0.5473538304592903,-3.200231216843123,-1.2609642090207158,2.5143615114124227,1.6439388394510068,0.0080022930830698,0.047148471948592195,3.8397924498130607,0.0016739528924681793,0.001495531199099971,-0.486798525516874,-0.3283668175088273,0.8133765663284215,-0.04199470261540184,-0.21751772391242807,1.5609178267672263,0.481181742251592
2.79,-0.5168665568476043,0.0,0.06722457221695721,0.0,-1.9873263752222512,0.0,0.003883775573843142,0.0003155479066009071,0.0,6,SolvedWithSlack,137149,72798,314564,0.11823864108311818,1.6959765372489626e-12,2.1288526497187377e-13,-0.9373655359486911,0.5479944008883512,-3.1817832208468677,-1.2609571836028566,2.514362229587484,1.646959126076661,0.007540039309433188,0.18183800378872486,3.592880162591757,0.0012416830232738702,-0.0006482780436065727,1.3057390099868709,-0.8063224699986491,-0.12559414718902662,0.2010056898413009,-0.40445852176738517,1.7931051293888092,-0.12752153851939393
2.795,-0.5168676983067663,0.0,0.06722465587533363,0.0,-1.9873078476434576,0.0,0.003540802589368701,0.0003100350877074653,0.0,6,SolvedWithSlack,149142,92896,353438,0.11908599166254508,1.7146281172038503e-12,2.106093077713922e-13,-0.9373294312126261,0.5486501601901911,-3.162568389931589,-1.260958034926571,2.5143628368943993,1.6521295586594416,0.007054222796884821,0.09716056420346281,4.003669594372935,-0.0009719899916709532,0.0005457094658055796,0.8592037114772408,-0.8068672037197343,-0.13104075164793616,0.20244618582632662,-0.4030834926784803,1.796619358593088,-0.13310618393407259
2.8000000000000003,-0.5168688317871407,0.0,0.06722461856379182,0.0,-1.9872909034615511,0.0,0.0033106731794831502,0.00031059436003268105,0.0,6,SolvedWithSlack,142629,74942,328380,0.11968140087522132,1.746380275954652e-12,1.9273471707492718e-13,-0.9372949336324328,0.5488747187899095,-3.1414180330618993,-1.2609671091861143,2.5143678765302315,1.655145016040562,0.006817677381214128,0.00993388734776408,4.375585320113533,-0.0022775634574405293,0.0012577829988421449,0.43826166077237794,-0.806795322202677,-0.13506457757797236,0.20345838148787623,-0.40149045307358905,1.7998128522874854,-0.13787691623855552
2.805,-0.5168699586695803,0.0,0.06722453062818327,0.0,-1.987274693021629,0.0,0.003208186845197403,0.00030939592522977606,0.0,6,SolvedWithSlack,139192,74841,321798,0.12373929738749032,1.6608930805020815e-12,2.0700108294136044e-13,-0.9372612285762782,0.5486574169262588,-3.1185172026015224,-1.2609806979554932,2.5143755171289452,1.6561350991954267,0.006699666502747871,-0.07915741417926514,4.711678406143908,-0.0029443133647622235,0.0016698186203377968,0.043440488021352155,0.008686445908570484,0.8065759181318075,-0.03566909854006042,0.21984326099975865,1.979828758199845,0.056310072481649376
2.81,-0.5168711073069705,0.0,0.06722455683402583,0.0,-1.9872569205679715,0.0,0.0038659764147176523,0.0003143841425525547,0.0,6,SolvedWithSlack,138842,83427,332408,0.119702427491057,1.7013051608152885e-12,2.123301534595612e-13,-0.9372239701521883,0.5486488278651362,-3.095924253688841,-1.260976350397503,2.5143976243799218,1.6572717496731733,0.007845810011858589,0.049877041833968315,4.394320102001141,0.0030449232491201266,0.005961235333349924,0.34555629156451734,-0.8066168517018695,-0.1353359071078821,0.2034941267347969,-0.4014798714427559,1.7998446963045953,-0.137956141344671
2.815,-0.5168722699823988,0.0,0.06722466460238967,0.0,-1.9872379798979705,0.0,0.0036194750931822376,0.00031135392420620153,0.0,6,SolvedWithSlack,138822,74942,323912,0.1237758199520848,1.724841636718222e-12,2.1271873151818e-13,-0.9371868396341275,0.5486276837713869,-3.072938642530916,-1.260969409243207,2.5144221770702053,1.6578240873039,0.007207111583386803,-0.040429794339801636,4.727467586033698,0.0004295530863600588,0.004274367223787483,-0.04076743482998596,0.009633849308684217,0.8065423043137557,-0.03566268598054559,0.220711481923425,1.9804131192333567,0.05568840876508027
2.82,-0.5168734343688818,0.0,0.06722478533740682,0.0,-1.9872188064550889,0.0,0.004075964425614472,0.0003165761136673767,0.0,6,SolvedWithSlack,139944,75102,326998,0.1358504377055672,1.680877148362559e-12,2.1188606424971113e-13,-0.9371478529095324,0.5488092347126138,-3.0502759039366825,-1.2609525804511117,2.5144528114011155,1.658557827673326,0.008107176380707517,0.08744303251677443,4.407075200270861,0.00501847447906553,0.007141311013217782,0.26732739247647946,-0.40275011828424745,0.0355075868765633,0.05554746919567799,-0.05113945119219676,1.8864304672495562,-0.23094574409946425
2.825,-0.5168746579906084,0.0,0.06722495845177615,0.0,-1.987198117841639,0.0,0.0041130963323135145,0.00033765980815282805,0.0,6,SolvedWithSlack,154913,83517,349009,0.12830627949270274,2.3447910280083306e-12,4.851666899553598e-13,-0.9371068567441091,0.549007671878275,-3.028723833464811,-1.2609274401683188,2.514484097073085,1.6577854164300097,0.008244965365238235,0.008289697833529466,4.248585433247211,0.004984428820104381,0.005727378600900692,-0.42577641993497717,-0.2787285327732191,-0.09888244635853431,-0.21812067513759464,-0.08991439957466012,1.4134605839345982,-0.02315018572211069
2.83,-0.5168759773121959,0.0,0.06722501868597548,0.0,-1.98717715338289,0.0,0.004267098173857697,0.0003734160359972846,0.0,6,SolvedWithSlack,149132,103615,369217,0.12475829142940227,2.7782220968219917e-12,4.453464235842225e-13,-0.9370639767071941,0.5484836511046749,-3.011016415358402,-1.260903875191782,2.514480709134066,1.6558905717853738,0.00873993261200674,-0.17824169442233884,3.0883642598265557,0.004490545197162458,-0.004273150006900092,-0.34859070787849933,0.026840916669341637,0.8051277169682779,-0.03471457991079001,0.23593978987505032,1.9961326628704363,0.043664970902418
2.835,-0.5168773290012937,0.0,0.06722511983763807,0.0,-1.987155166638738,0.0,0.004490199829805072,0.0003563199180637719,0.0,6,SolvedWithSlack,140696,76484,328781,0.11476682483131,1.8043342575176635e-12,2.1765922397776194e-13,-0.9370199075971837,0.5480263228294049,-2.995994885800166,-1.2608739239181526,2.5144794976879394,1.6550618984409116,0.00885856104642829,-0.03392728072348451,2.9499105358762248,0.006803421469315752,0.00203516250636848,-0.048212284526182286,-0.7652728430729228,-0.10077146624512809,0.19510360221322698,-0.3716552355096554,1.8132725648600356,-0.1335630969813848
2.84,-0.5168785977025518,0.0,0.06722524830344616,0.0,-1.9871340575790946,0.0,0.003957895105929935,0.00033591405372091973,0.0,6,SolvedWithSlack,151857,81153,340633,0.12465995142049598,2.9203306439740118e-12,4.494963497009459e-13,-0.9369792305448662,0.5476506054338897,-2.9798185338986185,-1.2608562687557598,2.5144886344799833,1.653815447667087,0.007759942145036393,-0.1029942585636123,3.4184999406887036,0.0016221463545584396,0.0016783970691720516,-0.37865864380487824,0.02584389980194368,0.8049727787055113,-0.03481485257716126,0.23529085524968188,1.9945592227279356,0.044109636725475465
2.845,-0.516879825302304,0.0,0.06722536008509052,0.0,-1.9871137175765365,0.0,0.0042489630011762316,0.0003335865454256633,0.0,6,SolvedWithSlack,140806,74311,322139,0.1318531485564159,1.8194333182353625e-12,2.2293278334473143e-13,-0.9369382909253989,0.5475549935084614,-2.963264141529493,-1.2608386977900388,2.5145088503765516,1.6528480114201942,0.008413729910245011,0.03657242468581532,3.2413539006439565,0.004568913929980341,0.005353247676069124,-0.0744140586719445,-0.3700987697142784,0.041501594191566404,0.03677982160964735,-0.032981415550400656,1.873054414351981,-0.22415035254590698
2.85,-0.5168810957498807,0.0,0.06722550400600269,0.0,-1.9870923891637047,0.0,0.004221242901946353,0.00035236602448154446,0.0,6,SolvedWithSlack,148200,74020,328981,0.1146305184804596,2.4940050025179517e-12,5.741794191187611e-13,-0.9368960247092705,0.5475213498782503,-2.9473580012946057,-1.2608192728634529,2.514531339481036,1.6505450406809048,0.008471378299544363,-0.035241814304708144,3.1428052165417277,0.0034469529442540878,0.003993052127392846,-0.7089479988514333,-0.7591480672760252,-0.10010065799566872,0.19487188141678133,-0.36608448745850036,1.8180739755813373,-0.13741029528209756
2.855,-0.5168823624886167,0.0,0.06722551852835036,0.0,-1.9870725021312992,0.0,0.003780430274770363,0.00034035535046263355,0.0,6,SolvedWithSlack,139844,82145,328451,0.11536460394998746,1.8327559224550904e-12,2.310374114244951e-13,-0.9368565547444841,0.5471336987681734,-2.930286309520997,-1.2608166673113002,2.5145464722492887,1.6461598271303106,0.0075930725938519825,-0.1060646591534343,3.5886830215346164,-0.0011580669443016964,0.002442692481595332,-0.9851115656025964,-0.7630726302399282,-0.10562772464964301,0.19611982671497868,-0.3678934670004706,1.8186442870112542,-0.14081255632441686
2.86,-0.5168835648633322,0.0,0.06722544221434151,0.0,-1.9870545331597573,0.0,0.00349546832155292,0.000329882003707083,0.0,6,SolvedWithSlack,137119,73128,319944,0.1376849228250138,1.839417561294038e-12,2.156053113822054e-13,-0.9368200175791237,0.5463809405341652,-2.9111200811605076,-1.2608315290769678,2.514555129027738,1.640445538012216,0.007157042106402007,-0.18047070344828925,3.9902794269392228,-0.003968529128896574,0.0013073765891243345,-1.244238628306318,-0.3681306716065586,0.044852563142272484,0.043389094811977974,-0.027026226038309162,1.8900294979092518,-0.23406436880252346
2.865,-0.5168847863265277,0.0,0.06722535407444162,0.0,-1.9870364973731178,0.0,0.0037363615592882473,0.0003471491037556001,0.0,6,SolvedWithSlack,145054,73529,323832,0.11343632966517515,3.0482283364108298e-12,6.082676137948717e-13,-0.9367819801951124,0.5452663667286539,-2.891631907759509,-1.2608443871928687,2.514562070694758,1.6325579365062937,0.007838741260883762,-0.2507629999474041,3.838316024788672,-0.0017456147728959499,0.001449059429998198,-1.791750210363747,-0.6672162389041445,0.03220180091168986,0.16048096963331795,-0.3087079151750547,1.8149812746428025,-0.08182419153848954
2.87,-0.5168860218299588,0.0,0.0672252942396104,0.0,-1.987018000967993,0.0,0.0036252393415716457,0.00033276851764570445,0.0,6,SolvedWithSlack,139764,81695,328751,0.13841199511873134,1.9046999616429744e-12,2.204158428893064e-13,-0.9367443509288655,0.5438903876935063,-2.8715788250983088,-1.2608580502758742,2.514567183782206,1.6236717590256802,0.007363236445312774,-0.291721831904746,4.121167690617097,-0.003262578531961455,0.0007624590685849218,-1.7677591748783035,-0.36060001773040995,0.047128617925529526,0.03999063527862287,-0.02178675353897666,1.8908503840145583,-0.23530039170184328
2.875,-0.5168872523642013,0.0,0.06722525554693809,0.0,-1.9869993860501562,0.0,0.003832033021608911,0.00034593377293747686,0.0,6,SolvedWithSlack,135876,75783,316868,0.1143153920550238,1.8827192917969806e-12,2.3616336429501883e-13,-0.9367056175435104,0.5422240856406526,-2.851511704860287,-1.2608669070047531,2.5145720908969937,1.6133220227545366,0.007943966867157998,-0.3604803673597982,3.9443931344360736,-0.0009024989893834554,0.0011237505467776038,-2.2641413362859306,-0.7434686614925248,-0.09216113397035008,0.19195732555735384,-0.3517455817886661,1.829046272880381,-0.14517964013540074
2.88,-0.5168884878558409,0.0,0.06722522084442893,0.0,-1.9869806887208301,0.0,0.0036239915251752588,0.00033146530017986076,0.0,6,SolvedWithSlack,135936,73569,313683,0.11423129661498924,2.03459589220174e-12,2.720601521843946e-13,-0.9366679216862251,0.540216694371876,-2.8307127911569134,-1.2608777513845333,2.5145762541566037,1.6015756444635996,0.0073289107896855185,-0.4290521431665574,4.298034144420085,-0.0028663735991954487,0.0006535559199765751,-2.403863987291069,-0.7466009152290485,-0.09351605206075038,0.19188868518761346,-0.35390591361337437,1.8277007458398278,-0.14544551141150808
2.8850000000000002,-0.5168896611355248,0.0,0.06722516677286827,0.0,-1.9869631080862196,0.0,0.003459664546921664,0.0003191135799700344,0.0,6,SolvedWithSlack,142700,75703,322750,0.11413879440579913,2.07367510331564e-12,2.913493143740983e-13,-0.9366322782370465,0.5378602939503019,-2.808262947046966,-1.2608955323089388,2.5145783186781094,1.5891749793542544,0.007023880882090563,-0.499608916306368,4.6131512116707345,-0.003909440441033912,0.0002691785852306505,-2.529001607742426,-0.7488933671040451,-0.09345281830356982,0.19141252398149416,-0.3556338577617242,1.8262207104927861,-0.14504210381268037
2.89,-0.5168908006998498,0.0,0.06722511094068566,0.0,-1.9869460753478154,0.0,0.0033786865928258393,0.00031148353306279913,0.0,6,SolvedWithSlack,135897,73899,325785,0.12381103948743889,1.8536308144495893e-12,2.9868368441510413e-13,-0.9365976753555029,0.5351472528664977,-2.7843459294532873,-1.260916490804863,2.514578729291302,1.5761956622390132,0.006865915752441324,-0.5714010746377534,4.892650810955477,-0.004307985662297377,-2.63374933370406e-05,-2.638669434161806,-0.10815559651251574,0.8031004318812496,-0.03750606892406809,0.06110059622502212,1.8253984675952792,0.2104787671286461
2.895,-0.5168919259234139,0.0,0.06722518045599464,0.0,-1.9869279385857028,0.0,0.00385069094593465,0.00030187768680883526,0.0,6,SolvedWithSlack,145906,73960,325515,0.11330340348414539,5.7411853049416095e-12,1.0194927042329882e-12,-0.9365610847286996,0.5327066523628261,-2.760946419734007,-1.2609247556741685,2.5145806253509857,1.5663624628329302,0.007555330281389849,-0.4325563865529082,4.542793233099961,-0.00012260035894130262,0.0005881999573495581,-1.5341785249657796,-0.7511443159448898,-0.08079308851739574,0.18735759522594453,-0.36187756565226054,1.8128544557463262,-0.13003883133095478
2.9,-0.5168930445006186,0.0,0.06722533108173574,0.0,-1.986909046316541,0.0,0.0036441990504309787,0.00030127196458948,0.0,6,SolvedWithSlack,135286,73779,313963,0.11324318380568266,3.262726007069575e-12,1.285977943056571e-12,-0.9365247620239359,0.5303341081876656,-2.737403746528823,-1.2609304341688345,2.5145811357013996,1.558212270352155,0.007112996442306512,-0.5026114225925173,4.814859777146093,-0.0017047698571854984,-0.00017833496546550923,-1.6915822498587467,-0.7516329173843865,-0.07923323698677863,0.18652376265844903,-0.3622872152866738,1.8118909408909225,-0.12945165684772525
2.9050000000000002,-0.5168941529196558,0.0,0.06722537610238907,0.0,-1.9868914659237153,0.0,0.0034485055331358924,0.000301765766292779,0.0,6,SolvedWithSlack,134895,74020,320706,0.11316910839705736,3.0582302503928116e-12,1.1635464185026645e-12,-0.9364899173352054,0.5276094368485583,-2.712598875108338,-1.2609418913650834,2.514578645887036,1.5493323695725971,0.0068931282300967395,-0.5732377824352616,5.054680982105309,-0.0026052944561113195,-0.0006771414453016494,-1.830135568163994,-0.7512886092388587,-0.07619930555644872,0.18527032915199843,-0.36228247433781197,1.8107057343529178,-0.1281209541349576
2.91,-0.516895254650335,0.0,0.06722537188420913,0.0,-1.9868745414751927,0.0,0.0033517037832512114,0.00030106402671501565,0.0,6,SolvedWithSlack,135526,74110,314855,0.11307906949750784,1.6944233763268384e-12,9.01207889292794e-13,-0.9364558225768516,0.5245317575184771,-2.686686467514161,-1.2609563216207773,2.5145742782859246,1.5398191389756364,0.006779365759150398,-0.6437854867890821,5.264409046404609,-0.003020504880454583,-0.00097860310978829,-1.9491442657830615,-0.7500840807674957,-0.07164238231419623,0.18358673207634366,-0.36184798542861674,1.8092651119601255,-0.12600896254934418
2.915,-0.5168963495381107,0.0,0.06722535015761943,0.0,-1.9868579331496592,0.0,0.003306448426104504,0.0002992827150545504,0.0,4,SolvedWithSlack,144583,108415,358026,0.12958257532118028,6.743050562363351e-12,1.4426175233778551e-12,-0.9364221266588576,0.5211033209150897,-2.6598112871647666,-1.260971793514652,2.514568839790032,1.5297725141786205,0.00671733042810517,-0.7136404588359208,5.445913417716669,-0.0031104138243285037,-0.0011409150111200313,-2.0478842988353274,-0.3542214315122635,0.04713797004520304,0.012823626182482811,-0.027292241882751703,1.8527524928417156,-0.22029037804600649
2.92,-0.5168966392168102,0.0,0.06722545844946391,0.0,-1.9868307785268413,0.0,0.008455838180023614,0.0003814668116041503,0.0,4,SolvedWithSlack,151526,90752,358808,0.11391775541718892,7.58859641791787e-12,1.5595055628814247e-12,-0.9359622897464422,0.5182072272414228,-2.636939510144794,-1.2609790912321057,2.514561711759321,1.5182665670860436,0.16946565411851466,-0.43799057503228067,3.8755927969181982,-0.0020349698007711995,-0.0027963917214263298,-2.4749681251408453,-0.6795076011004562,-0.0050170808600217285,0.1667140852070252,-0.314768520517856,1.8226840866750227,-0.10825265396041608
2.9250000000000003,-0.5168762336387086,0.0,0.0672261929694351,0.0,-1.9865029456969552,0.0,0.10304945448680514,0.0075631459911793195,0.0,4,SolvedWithSlack,135446,84529,327729,0.11585642378870571,1.0018652574217413e-12,7.451948489042245e-13,-0.9347174179600941,0.5171439323900123,-2.6199903099859236,-1.2610159684041342,2.5145288947004976,1.5057224804319322,0.2913380631464127,-0.07976926504426354,3.1468210872235547,-0.010476118918358625,-0.008759544131441883,-2.531050343405073,-0.2658078049473216,0.06399265747606575,-0.03960331866252281,0.019533229180897622,1.8103877601051812,-0.1969559204407997
2.93,-0.5168215621593009,0.0,0.06722778240326972,0.0,-1.9856669462082843,0.0,0.21234406815010987,0.01581406438459958,0.0,8,SolvedWithSlack,138401,106722,351494,0.11296322311588464,2.4868995751603507e-12,4.0824946353200045e-13,-0.9330153239302076,0.517222774658103,-2.6068808184044494,-1.261078413697727,2.514467343306555,1.4919603332101707,0.3682125475255864,0.07190332019016435,2.3167639689064314,-0.01359691837337166,-0.014250253099792411,-2.8947971828673373,-0.40498575526616887,0.37482567919147747,0.07103721803071121,-0.14560881804915654,1.8074115698541542,0.06105640220668741
2.935,-0.5167339594477504,0.0,0.0672303083852877,0.0,-1.9843375642144185,0.0,0.2586890593408513,0.019220127584894324,0.0,6,SolvedWithSlack,134825,103926,356533,0.11334775351689598,5.4214410738495644e-12,5.770236176840717e-13,-0.931299386984512,0.5184117104251964,-2.5956829057221293,-1.2610948736282774,2.5144038503521697,1.479308076842393,0.29656616121939683,0.2898646287082098,2.268243662949716,0.02260465210693957,-0.007153725056894891,-2.2483066001729153,-0.6598714589891409,0.016919954581450056,0.16196972311223715,-0.3060620419733247,1.8135640562703357,-0.08962850450236566
2.94,-0.516680138522789,0.0,0.06723231079027323,0.0,-1.9834989107594407,0.0,0.12019100833158844,0.00858289816732949,0.0,6,SolvedWithSlack,143080,99698,348419,0.11307318573553712,7.02016222930979e-12,2.8517130063604457e-13,-0.930122695544108,0.5197304807370006,-2.5831396497773222,-1.2609106535349215,2.514411374564414,1.468564649730949,0.19438872846121794,0.24698861075745204,2.686081734052595,0.037066111903983366,0.005894891808224508,-2.0930090517322046,-0.6730528894517616,-0.0008969187763794164,0.16651797285388234,-0.3144567153858534,1.809170971768594,-0.09533262148296577
2.945,-0.5166575052876915,0.0,0.06723358886216052,0.0,-1.9831186716566824,0.0,0.053159530325151985,0.0035013989559426802,0.0,6,SolvedWithSlack,146005,107132,358627,0.12001371004396816,1.2569500995596172e-11,1.5244800796623652e-12,-0.9294088335124554,0.5209036978204069,-2.5684942409854417,-1.260757673357714,2.5144549976886337,1.4583374726289602,0.11042966806454696,0.2303288347952643,3.082166258362672,0.02598846002090403,0.009710564158047705,-2.019436592663373,-0.20861402455517541,-0.029914072640237196,-0.20402330707474586,-0.01932458213609494,1.5045474030688943,-0.06588412195414142
2.95,-0.5166493664005289,0.0,0.06723433898265345,0.0,-1.9829520242390462,0.0,0.023671222953553082,0.001299976351411801,0.0,6,SolvedWithSlack,133001,78288,317480,0.12671606438935323,2.1671553440683056e-12,6.12745482070529e-13,-0.9289130337208049,0.5215741070664335,-2.556027082537732,-1.2606522105186728,2.5144814518887855,1.4486683349190956,0.09253075354900692,0.07376930060975942,2.114579171712813,0.017700965678645902,0.002495585632891091,-1.8808245420886818,0.0900453161285411,0.7937561595336345,-0.031912621156356985,0.29603779282687603,2.0274570302296517,-0.0026647891067525156
2.955,-0.5166474474290966,0.0,0.06723483702209239,0.0,-1.9828759343898261,0.0,0.011003952967169502,0.0004539748472257027,0.0,6,SolvedWithSlack,145124,73058,322759,0.11295670787640451,9.336531547887716e-12,5.843121871225952e-13,-0.9285981531850128,0.5225307645733571,-2.545695243165117,-1.260576973187188,2.5145109898000872,1.4402739318003548,0.04783451804018589,0.26500522189370834,2.0355700973980615,0.013200102882141969,0.007640883346220191,-1.5501064117074108,-0.6742432716184897,-0.007273180269481834,0.1687274228825896,-0.31495614243714753,1.8073073260224721,-0.09681746061933946
2.96,-0.5166479934689383,0.0,0.06723515825436999,0.0,-1.982838625194802,0.0,0.0057007286623820584,0.00034654581376827295,0.0,6,SolvedWithSlack,146947,72968,330314,0.11733461369703524,9.059419880941277e-12,5.917471374017325e-13,-0.9284311140040166,0.523777226682378,-2.5341183056066447,-1.2605506587042696,2.514542796753553,1.4324453809172681,0.026008021367279217,0.2362828699296526,2.4953902285510927,0.0005170497785295719,0.005494550500433546,-1.5761703927625883,-0.27993229062936625,0.060708358234988824,-0.0223745791596133,0.014756853830225465,1.814488813161861,-0.1994688432849599
2.965,-0.516649320929565,0.0,0.06723526158520576,0.0,-1.9828154993737142,0.0,0.004236804108253984,0.00038995859301558643,0.0,6,SolvedWithSlack,137360,73329,314915,0.11326009969566762,7.844391802791506e-12,1.6710760582911398e-12,-0.9283311798494777,0.5247611323315057,-2.522405098399001,-1.260560161496553,2.5145629697291745,1.423429764572649,0.016898446467361643,0.1699485454179287,2.24489819584113,-0.0032928970309295913,0.003155774979467245,-1.9491484112694581,-0.6753172932968527,-0.01604104702180079,0.17128074754699135,-0.31341658832331337,1.812161595130682,-0.10447323568946316
2.97,-0.5166508206240256,0.0,0.06723525412864842,0.0,-1.9827962570445175,0.0,0.003623785058433945,0.00037573115755285046,0.0,6,SolvedWithSlack,133903,72998,311909,0.11315621272574847,2.171152446950857e-12,8.02477311384142e-13,-0.9282639410270183,0.5254722504652725,-2.509816475041217,-1.2605985771767423,2.514574778679055,1.4136442756841983,0.011673339581784905,0.12282970092499325,2.692948258608286,-0.010061000730780475,0.001848581378650989,-1.9622028627658452,-0.6855484995369134,-0.02689326056516774,0.17399959214562885,-0.31994164038237466,1.8104994036119755,-0.10802827581024668
2.975,-0.5166522186188811,0.0,0.06723517585319269,0.0,-1.9827787846497733,0.0,0.0034478869470073933,0.0003564054810766798,0.0,6,SolvedWithSlack,143100,78949,329152,0.11307378980262822,8.803624496067641e-12,6.031796257941185e-13,-0.9282136922884031,0.5259224319489656,-2.495110237115146,-1.260659647193386,2.5145804352549965,1.4037617395685542,0.009212607068695486,0.06759727081242048,3.100652695842002,-0.01321448734005701,0.0006858209372683475,-1.9856386620507882,-0.694061138116469,-0.03581609280896396,0.1762065392942454,-0.32532553468968595,1.8091806368420515,-0.11107267552628629
2.98,-0.5166535136499242,0.0,0.06723506292294383,0.0,-1.9827615952108106,0.0,0.003440956677494981,0.00034313653548774975,0.0,6,SolvedWithSlack,139113,74732,326537,0.12364516781803611,1.7505991745341644e-12,8.531187573380197e-13,-0.9281714996829455,0.5260786424607717,-2.47848054951808,-1.2607281373442334,2.5145809697037786,1.3937397630519022,0.008038098446574864,0.006616660271877045,3.4705201116512163,-0.013731903992688987,-0.0002400290067772435,-2.016360045500656,-0.2978380364102377,0.058155524789891666,-0.0051458556219201035,0.008415215612198934,1.834348491306248,-0.21019678529066138
2.985,-0.5166547941620803,0.0,0.06723495554279166,0.0,-1.9827432418672573,0.0,0.0038680834052599636,0.00036342602214662066,0.0,6,SolvedWithSlack,141818,78018,327328,0.12382609933091443,1.8056665068456501e-12,8.411626313324274e-13,-0.9281298688218287,0.5258834401395488,-2.4620157203245157,-1.2607814605582361,2.514578157412573,1.3825543837668666,0.008474637948630053,-0.0689150945965642,3.1790252243664474,-0.00877341882737257,-0.0007166282855784835,-2.378865203336651,-0.2865897848252758,0.06118604442390002,-0.009477727813337278,0.015866603450333652,1.834864061869129,-0.21050436886255453
2.99,-0.5166561274245631,0.0,0.06723488415326563,0.0,-1.9827228997954187,0.0,0.004178103825847547,0.00037617346629558574,0.0,6,SolvedWithSlack,137349,76355,322068,0.1264974023863014,1.7914560452932214e-12,8.018733783349575e-13,-0.9280867271073115,0.5253226562717926,-2.4469575279941918,-1.2608132267319323,2.5145741311826186,1.3696691952361815,0.008707873746160685,-0.14044962391091148,2.904206583660769,-0.004898361085103637,-0.0008278481645423814,-2.7043226142538126,0.08851993216435647,0.7958733292684341,-0.032551473420784224,0.29406147861153253,2.023958438180822,0.0006564796543989115
2.995,-0.5166574571885544,0.0,0.06723494079902821,0.0,-1.9827008519904221,0.0,0.004575499374223847,0.00036176968704297694,0.0,6,SolvedWithSlack,139414,74982,328110,0.11341949226761187,1.7692514120426495e-12,7.89986112412998e-13,-0.9280421419437842,0.5250642692272132,-2.4329446874588467,-1.2608202786395915,2.5145831536786836,1.3574342548307647,0.009032437782057348,0.00723954009607149,2.7366825343256456,0.0006024918076021067,0.0032830185789653877,-2.2813145590783996,-0.6785359681573411,-0.023207805710838143,0.17306303478637688,-0.31398880990014005,1.81471187628179,-0.110276389127808
3.0,-0.5166587196930578,0.0,0.06723506448984631,0.0,-1.9826788532846642,0.0,0.004191527706120888,0.00034204151901566737,0.0,6,SolvedWithSlack,140526,74381,321357,0.12262605705135941,8.895995051716454e-12,1.9184044798011652e-12,-0.9280003338401578,0.5249350564857032,-2.4180553387576667,-1.2608266037086169,2.514594161565521,1.3460469606772172,0.008014164313676622,-0.04823862416105509,3.1326352009679623,-0.0023188944234977245,0.001557856017637355,-2.2748762340121678,-0.2849800089394731,0.06124430414553472,-0.012122488602378523,0.015846325314060404,1.830797772726303,-0.208464296987311
3.005,-0.516659971321703,0.0,0.06723509904132696,0.0,-1.9826578386250955,0.0,0.004279789165293583,0.0003615540813357566,0.0,6,SolvedWithSlack,146818,74491,327408,0.11365199125815582,9.741540907270974e-12,6.921296489496159e-13,-0.927958562722495,0.5244753960030443,-2.403253207782228,-1.2608320000268767,2.514598128244452,1.3336801580424171,0.008528095346010022,-0.12048027526553973,2.849872830384064,-0.00036513933784255976,0.00037390198216967344,-2.6008581154367216,-0.6729087242837742,-0.020314755741811564,0.1722642655987149,-0.30883528291992357,1.8184318601304932,-0.11260561543552014
3.0100000000000002,-0.5166612314005532,0.0,0.06723509643062818,0.0,-1.9826371494003359,0.0,0.0039900941649315316,0.0003453722574957997,0.0,6,SolvedWithSlack,147969,74520,335935,0.11349451237827393,1.0032863428932615e-11,7.047767453189149e-13,-0.9279184134629113,0.523714249344003,-2.387844233135673,-1.2608413343098392,2.5145981155466015,1.3207759752415367,0.007771548063275169,-0.17370544307545235,3.23058230292662,-0.0027014560888590144,-0.0002304047180051678,-2.567846952486143,-0.6798454702016675,-0.025520397619383496,0.17335052835368975,-0.3136585144566712,1.815912198052383,-0.11336251519097791
3.015,-0.5166624232211049,0.0,0.0672350633594535,0.0,-1.9826179274580562,0.0,0.003765360434928197,0.00033164375399925036,0.0,6,SolvedWithSlack,153059,74561,333870,0.44023773215861656,1.0388134796812665e-11,7.08410225283302e-13,-0.9278807955620543,0.5226766257547351,-2.370649550038395,-1.260859126732738,2.5145954291077324,1.3080213907129246,0.007394142225346249,-0.23031015089358575,3.5725645648009916,-0.004003914191815679,-0.000717269459676476,-2.5399085440684623,-0.42426429078869393,0.8211641527611949,-0.04284955890120445,-0.8294947669126337,0.3639694195209323,0.7484041446696481
3.02,-0.516663513889407,0.0,0.06723515805045764,0.0,-1.9825989969256959,0.0,0.003818660427374225,0.00028082700927811445,0.0,6,SolvedWithSlack,145735,74280,325985,0.11113329146823159,1.2164491636212915e-11,6.712233426817453e-13,-0.927845246774963,0.521981915537615,-2.353640897953445,-1.2608980883281753,2.5144972647285453,1.304257473909603,0.006953536992475775,-0.0782083166646259,3.291343882155313,-0.009892858137604897,-0.030183897796415556,0.3970119780543728,-0.6741889502740742,0.03281132835562214,0.157863988587303,-0.3218467661153524,1.7781326634917054,-0.06068185976549498
3.025,-0.5166645469786812,0.0,0.06723532099104296,0.0,-1.9825804950234596,0.0,0.0035975339701236706,0.00029189997431913604,0.0,6,SolvedWithSlack,137540,74802,325295,0.11083471950875803,2.7853275241795927e-12,6.487430898372045e-13,-0.9278106403765711,0.5214544724079185,-2.3363066798741245,-1.260941336146039,2.514383705397436,1.3059599380825784,0.0069079568483154915,-0.12384688754130634,3.5793429949596187,-0.007835621907242117,-0.01833164739310115,0.3040475381708991,-0.6308211319972976,0.0978988288946928,0.14114441593909682,-0.29541457905887886,1.7733555121401285,-0.031208159492699897
3.0300000000000002,-0.5166656334553099,0.0,0.0672353582778979,0.0,-1.982562882634926,0.0,0.003491141609983966,0.0003034076902997729,0.0,6,SolvedWithSlack,136027,74280,317940,0.11282401048173103,1.3777423646388343e-11,1.6345323057835766e-12,-0.9277759802298717,0.5207437633194274,-2.3177684252345356,-1.260974067220169,2.514317156931111,1.307527601454505,0.00694744457966252,-0.15447395097199207,3.789785583735876,-0.0057420515166862985,-0.01037751082355498,0.319574955698918,-0.32675533292140735,0.047018832186863646,-0.010977967629290458,-0.019998050476436862,1.7991623614065646,-0.19180081781894276
3.035,-0.5166668089332181,0.0,0.0672353492680342,0.0,-1.9825446455624867,0.0,0.003793389233895673,0.0003403232970187379,0.0,6,SolvedWithSlack,146847,74731,333610,0.28822649261069144,2.0747847884194925e-12,4.0365134872837397e-13,-0.9277381141276166,0.5197360630544714,-2.2999106886088474,-1.260988179547962,2.514282746994752,1.3075132584438873,0.007897005414147472,-0.23218914678019373,3.4313634576856122,-0.00113342491105147,-0.004839454093115163,-0.21026345979098068,-0.31161738587766513,0.8013616791633862,-0.04046506257070646,-0.21183258950776362,1.5244128228088638,0.48998503743817545
3.04,-0.516668000086012,0.0,0.06723542865657209,0.0,-1.982525386791334,0.0,0.003853920861293351,0.0003052746030679967,0.0,6,SolvedWithSlack,143090,74380,326637,0.11088527992561056,1.4644285784015665e-11,1.6303033066001281e-12,-0.9277000941515506,0.519023559237542,-2.283586846313507,-1.2609920806033992,2.5142544414875796,1.3120270387818591,0.007459517274644159,-0.0828802340046394,3.1570948950713,-0.0005681274016922022,-0.006077181898717359,1.6186616647493912,-0.326677305708263,0.044116054792058934,-0.02265703762645188,-0.026688775533521256,1.774164478809769,-0.17813499908624214
3.045,-0.5166691859428045,0.0,0.06723556364452826,0.0,-1.9825056874852307,0.0,0.004014518699225958,0.00033839071558471604,0.0,6,SolvedWithSlack,136277,76705,331056,0.11101776496302299,8.084644021987527e-12,6.038503030936226e-13,-0.9276604224089591,0.5183752936062411,-2.268826443075869,-1.2609862022524072,2.514236618881573,1.3182466450492434,0.008178956226906012,-0.16016261720632957,2.8204049479534863,0.0021613260695674493,-0.002112638597518901,1.0028148045700864,-0.3102188129997927,0.04893680163336661,-0.02854293394485774,-0.015385630827585588,1.7762842394083678,-0.1793919649889557
3.0500000000000003,-0.5166704880585858,0.0,0.06723560166738665,0.0,-1.9824852000403117,0.0,0.004146038265199221,0.0003644151776239216,0.0,6,SolvedWithSlack,150314,75953,335924,0.4453279325788268,1.1937117960769683e-12,2.173261570703744e-13,-0.9276182852973149,0.5173557948449393,-2.255701456480274,-1.260969841024683,2.5142342899213816,1.3215629814421577,0.008555247375093918,-0.23244901145398103,2.4994832105619365,0.0038796610443691194,0.0004737259646139526,0.4448231553328616,-0.4353631375391633,0.8180204949571331,-0.04242869447169908,-0.8237351775150069,0.38554042204328864,0.7570574853840055
3.055,-0.5166717165485962,0.0,0.06723572300345335,0.0,-1.9824647720783453,0.0,0.0040078704558871225,0.0003052231388874837,0.0,6,SolvedWithSlack,145435,75452,335113,0.10993511514521531,7.373435091099787e-12,5.168643291142416e-13,-0.9275789450705596,0.5166810347219434,-2.2437722346932527,-1.260974063679192,2.514153805387415,1.331887715406269,0.007508344984248827,-0.07033965484882798,2.312235601351543,-0.00356395620705751,-0.025298134863384836,3.1071171890818747,-0.721275021205202,-0.007018062682552814,0.1673441782133501,-0.3584262776180076,1.758961842323445,-0.06221829862866656
3.06,-0.5166728280118535,0.0,0.06723586830760832,0.0,-1.9824458465142545,0.0,0.0036261316071263512,0.00030626986390691076,0.0,6,SolvedWithSlack,150774,83648,345352,0.12358101871892291,1.0516032489249483e-12,2.0489165919457264e-13,-0.9275426638076895,0.5161807725354522,-2.2309793617771985,-1.260991765855822,2.5140684696670865,1.3462830261118441,0.007129346986152423,-0.12012307408592585,2.71665763750604,-0.003480021719655991,-0.012315951272986856,2.732105188326975,0.04365557796494143,0.79459116196306,-0.033091217251718257,0.25314450137479794,1.9772962995027665,0.03315660883785947
3.065,-0.5166740011992684,0.0,0.06723596551189515,0.0,-1.9824267686572314,0.0,0.004020247817178428,0.00032552058877624644,0.0,6,SolvedWithSlack,151276,85231,352707,0.2991373110260283,1.0444978215673473e-12,2.1424528817703958e-13,-0.927503231594262,0.5160992353552369,-2.2181150429203575,-1.2609888432212712,2.514047242841514,1.3598936095944063,0.008333838374049427,0.06321488889745568,2.455263429842024,0.0029199469967579783,0.0003593032471886702,2.715507379992013,-0.3318566556443342,0.8000918432416397,-0.04035655582219815,-0.23260826623931097,1.500073972382976,0.5085334287442481
3.0700000000000003,-0.516675181065049,0.0,0.06723617184480314,0.0,-1.9824065768441776,0.0,0.003977571724113759,0.00030328741730820536,0.0,6,SolvedWithSlack,140435,81965,352846,0.10824921698731158,7.37010500277226e-12,5.337119635129284e-13,-0.9274636817798552,0.5168693749743758,-2.2064163438528617,-1.2609778140260959,2.5140454300469353,1.3783108454071706,0.00769866934600558,0.21423449410568768,2.264926977845903,0.0017894129236322542,-0.0007384457297304507,4.305851429172893,-0.3409539115628115,0.03568978323980365,-0.03661529394618193,-0.047373524881671576,1.7319874717969852,-0.15475433625101848
3.075,-0.5166763812848769,0.0,0.06723631346449485,0.0,-1.9823865422561218,0.0,0.004052557175628088,0.0003453596676449828,0.0,6,SolvedWithSlack,143441,78719,371973,0.10935935178576726,7.69828733173644e-12,5.735967256725871e-13,-0.9274231177087047,0.5176922327531942,-2.1960172754107563,-1.2609639592692787,2.5140516465671197,1.397360711794552,0.00832454637933192,0.13206272958773405,1.960967860788655,0.0033083081381031073,0.0023399835105971617,3.49076472530422,-0.6578399055971879,0.08927056160990648,0.14305598722147914,-0.3214164295326207,1.7497496285722762,-0.015194853596696272
3.08,-0.5166776383312742,0.0,0.067236307647098,0.0,-1.9823669711538292,0.0,0.0037803680589897073,0.00034085029183298645,0.0,6,SolvedWithSlack,165473,92585,384306,0.12337488413315274,1.1795009413617663e-12,2.335354132299017e-13,-0.9273836652706176,0.5182690723874792,-2.1850981424483127,-1.2609541796866153,2.514071491140638,1.41401943715647,0.007666772913658179,0.10392742509532975,2.3268426419636024,0.0011738639084215802,0.004839285186544119,3.229187387825477,0.04067191816954384,0.7954363715869063,-0.03315216416543868,0.2497549344998218,1.9739981461304439,0.0369721339702309
3.085,-0.5166788848689017,0.0,0.0672363379460682,0.0,-1.9823471344105346,0.0,0.004173826890686848,0.0003461479814532961,0.0,6,SolvedWithSlack,147729,76735,334592,0.10981879998865855,2.0321522242738865e-12,4.0236382476722954e-13,-0.9273425487295142,0.5192405156659923,-2.1739466949564092,-1.2609344250707935,2.5141137719111826,1.429981733583479,0.008517039050966183,0.2542615256810457,2.167646642912633,0.005513338543082294,0.01044756343513827,3.1686107836581447,-0.7339723601307784,-0.02129924520891424,0.17128360425627823,-0.3679145811291999,1.7571007998185368,-0.06484870610240301
3.09,-0.5166801329067983,0.0,0.06723639195556301,0.0,-1.9823269404464787,0.0,0.003853452000242841,0.0003386159947543022,0.0,6,SolvedWithSlack,136869,76034,318972,0.10999607538621568,1.4637180356658064e-11,1.6864219845895076e-12,-0.927302631003437,0.520329553796794,-2.161836180371844,-1.2609185666822098,2.5141619633028767,1.4446078545153445,0.00770578182189801,0.19323136087550882,2.5854964050694567,0.0018043574885344494,0.009086048263503973,2.7684330063819944,-0.7383424430916802,-0.03057012451649393,0.1737102128824851,-0.3693009565270524,1.759937206179451,-0.07115516204761325
3.095,-0.5166813293040275,0.0,0.06723632989294956,0.0,-1.9823085463050567,0.0,0.0035871234309597425,0.00033238416075669194,0.0,6,SolvedWithSlack,137089,83357,326958,0.12344288659751068,1.446665010007564e-11,1.6957368262392539e-12,-0.9272654089628811,0.5211007025932187,-2.147751074938916,-1.260917335642706,2.5142033913969324,1.4572869235213486,0.007306778033385799,0.12801651166657932,2.9656481375190284,-0.0006451910879362754,0.007755582680175972,2.3859887381461697,0.041436839814144644,0.7967856891396025,-0.03353960695730408,0.25046872521118496,1.975086185560171,0.03701982389335434
3.1,-0.5166825425608008,0.0,0.0672363285972584,0.0,-1.982289348472933,0.0,0.00408944162232752,0.00034051964892978215,0.0,6,SolvedWithSlack,136197,75582,319854,0.11077791211997186,2.9345414986892138e-12,6.733828784422394e-13,-0.9272254387201105,0.5221806535453567,-2.133637413562173,-1.2609054707668386,2.514252190491368,1.4692804804383368,0.008354199864843887,0.27448682766703925,2.730239172735824,0.004081100741356614,0.010837168128116838,2.4067360264673385,-0.33685704296228314,0.04091028552997922,-0.018488891592275403,-0.03369238569362981,1.7724465939195497,-0.176078157065439
3.105,-0.5166838358833081,0.0,0.06723639391558107,0.0,-1.9822683120065305,0.0,0.0042274836672230144,0.0003657270244690418,0.0,6,SolvedWithSlack,136177,73239,314915,0.11119098189907825,2.6076918402395677e-12,7.264236880945433e-13,-0.9271826550333443,0.5233083410732174,-2.1208873615568313,-1.2608847755335477,2.514296708279701,1.479173683001031,0.008657659738096866,0.19346076172037244,2.4342499220344314,0.004123246780433996,0.0077476572006637085,1.703169309197309,-0.32198195436863686,0.045321090778049355,-0.020899076973641684,-0.022153988497753765,1.779055710385252,-0.17954713679191936
3.11,-0.5166851917277138,0.0,0.0672363808402687,0.0,-1.9822470401453882,0.0,0.004271672732990196,0.00038080387006595476,0.0,6,SolvedWithSlack,135125,73589,314925,0.12451202911856638,3.147704319417244e-12,7.281225019300677e-13,-0.9271388297703368,0.5240455719055885,-2.1095455562934267,-1.2608645231404187,2.514328862724339,1.4857285236218476,0.008817618829796165,0.11727351880796678,2.161802344732781,0.003961588226693792,0.0056437570875193105,1.0586196865029025,0.059088707311264074,0.7970075894913563,-0.03304799007047799,0.2659545098751197,1.992192465897062,0.025338624804146205
3.115,-0.5166865553307661,0.0,0.06723643361211112,0.0,-1.9822249750192058,0.0,0.004531521914802952,0.0003690940430194549,0.0,6,SolvedWithSlack,136928,75042,329111,0.11162625521744612,4.89563944938709e-12,9.134497086678295e-13,-0.9270937884496399,0.5250918182024131,-2.0992110534584416,-1.2608368668809051,2.5143675857477397,1.4913681697954875,0.009112461883437093,0.27023862296738216,2.0053334812896098,0.006382665932277068,0.008880662575717282,1.172402515394649,-0.31069903609913646,0.0489841697018375,-0.021835164060376416,-0.01288537312717982,1.786020083479138,-0.182878249766731
3.12,-0.5166879209359606,0.0,0.06723653525965653,0.0,-1.982202320953488,0.0,0.004490093199730464,0.0003804177611271933,0.0,6,SolvedWithSlack,146757,73519,327198,0.11200614411402203,4.655412340348608e-13,2.557309968171176e-13,-0.9270483435605467,0.5262187730166146,-2.0898941445125683,-1.260809828967742,2.514402438115106,1.495395082454156,0.009073503379928839,0.1959284566961673,1.7722225047109963,0.004783046469908525,0.005842276809222326,0.5692689019344225,-0.29859808317130493,0.0526340694118676,-0.023348768096169703,-0.003278652087665694,1.7920983058243525,-0.18608351142606158
3.125,-0.5166893147312304,0.0,0.06723654592326399,0.0,-1.9821800369692322,0.0,0.004441345575220684,0.0003896083059876392,0.0,6,SolvedWithSlack,147909,78668,340994,0.11238361154903828,4.750117400115217e-13,2.5048591808596657e-13,-0.9270029914727532,0.5269861865788067,-2.081681820617189,-1.260789842710547,2.514425378343443,1.4965590849880464,0.009066000372539062,0.12559055967910113,1.559131582903152,0.0034968552350054683,0.0038501192137868254,0.0163713500033887,-0.6894319587314497,-0.01813646144681492,0.17216865993134772,-0.326387039670145,1.7981377847846125,-0.0940497243051099
3.13,-0.516690658208532,0.0,0.06723650480942553,0.0,-1.9821589503737997,0.0,0.004027858019604362,0.00036254062522061476,0.0,6,SolvedWithSlack,137860,76835,333550,0.1251466718982824,2.6716406750949865e-12,6.224139855858651e-13,-0.9269610111289978,0.5274484637819533,-2.0724354715049538,-1.2607873326755699,2.5144422433373435,1.4960784218083887,0.008047925604253011,0.07005233916411469,2.0356351446545817,-0.0012158556215828918,0.003056981855459255,-0.1685390128643046,0.06989424704292313,0.7979097906999648,-0.032968327500669706,0.27538184274240385,2.0023467503725185,0.01873003689187358
3.1350000000000002,-0.5166919449242092,0.0,0.0672365342602424,0.0,-1.9821380806407753,0.0,0.004362944143408545,0.00035603885130018067,0.0,6,SolvedWithSlack,161225,78618,361222,0.12502127405011043,2.7888805528405387e-12,7.978602994214087e-13,-0.926918438067126,0.5282657062628793,-2.0627112094711126,-1.2607820026746213,2.514468447903979,1.4958899576589177,0.008760789380213943,0.22539608617040474,1.8859375688862494,0.0023681814846942296,0.006444003251448949,0.04645607811688049,0.06736133325563609,0.7983221461832938,-0.03304180036565896,0.2729484577858853,2.000340384801767,0.02084476171597832
3.14,-0.5166932563641226,0.0,0.06723672138017073,0.0,-1.982115376207875,0.0,0.004633954990099427,0.0003567289248218642,0.0,6,SolvedWithSlack,155394,87726,363326,0.28858445340522687,4.355248800491651e-13,2.0841141312732958e-13,-0.9268734686071529,0.5298525747076932,-2.0537010781739493,-1.2607633189367922,2.514506488256674,1.496731423538184,0.009119024044939047,0.37833821803327466,1.7475482927768018,0.004485172486365087,0.008213828204548182,0.24663816164307248,-0.307402003260329,0.8065781325671766,-0.04060497744775488,-0.20871312316488527,1.530439483543401,0.49059357078888566
3.145,-0.5166945133380948,0.0,0.0672369700239368,0.0,-1.9820927727905369,0.0,0.004389081065842697,0.00032535583121199213,0.0,6,SolvedWithSlack,145334,83848,355662,0.11895262536957751,3.112177182629239e-12,1.3126924677461793e-12,-0.9268307945074634,0.5322021532104234,-2.045427333716647,-1.260754921828381,2.5145237009725183,1.5033401261151111,0.008235365324451667,0.5305243513186411,1.5945935247863154,4.611407375707086e-05,0.0007054414582493064,2.0132673837602733,-0.3235233677760541,0.15171992873255988,0.045346976977702964,0.004916850653115493,1.9032420059132402,-0.19581111147083605
3.15,-0.5166957482045728,0.0,0.06723714040059449,0.0,-1.9820712253919595,0.0,0.00428450853265669,0.0003518117731966426,0.0,6,SolvedWithSlack,144934,84991,348629,0.11079221086848694,4.174884984330525e-12,1.2656384187209602e-12,-0.9267886178356783,0.5347448215660626,-2.037299060383375,-1.2607551717240153,2.514530770034949,1.5111771974518768,0.0085361690410214,0.4939568703396708,1.6455756160807342,-0.00010555287408889864,0.001800848722596125,1.2804890319546454,-0.6545710936632506,0.06933620790467315,0.15048229218893938,-0.3127524199576965,1.772675373895791,-0.03613246806879565
3.1550000000000002,-0.5166970156906221,0.0,0.06723715402951692,0.0,-1.982050788368088,0.0,0.003924130248887637,0.00034796008220298034,0.0,6,SolvedWithSlack,143521,88617,353077,0.11153494295323134,2.6403324250816507e-12,4.630598826356799e-13,-0.9267482396709664,0.5370845053973188,-2.027864537683454,-1.2607675678646209,2.514535113818073,1.5172166887073213,0.0078349139023779,0.4503325819480367,2.0419268129785326,-0.003801529760473938,0.00031734598737522115,1.1610934336797973,-0.7523112276105911,-0.07789216133972265,0.1884037291580759,-0.3702812908604483,1.7845590872517014,-0.10506569799579943
3.16,-0.5166982381241646,0.0,0.06723705983148902,0.0,-1.9820321404673824,0.0,0.0036135827002120595,0.0003427564440030413,0.0,6,SolvedWithSlack,166344,80261,375048,0.11248528515609653,9.677592061052565e-12,1.0008442642359117e-12,-0.9267105530658871,0.5390845580933494,-2.016247417218642,-1.2607950247598534,2.5145338030831508,1.521984979628956,0.007379610452761416,0.36627513235609344,2.5043112908624017,-0.006377298221771337,-0.0006026649674593665,0.8201342952716812,-0.7567509745188897,-0.08805047233143376,0.1912249847653641,-0.371403473319264,1.787704561387313,-0.11204156814509471
3.165,-0.516699437058587,0.0,0.06723689932175331,0.0,-1.9820146314173288,0.0,0.0034426348514766223,0.00033863022779183084,0.0,6,SolvedWithSlack,150855,92345,354079,0.12574192264440467,2.6283420010025336e-12,4.444066182263223e-13,-0.926674427668245,0.5406525075674627,-2.0024405102133547,-1.2608305840999876,2.5145290092428416,1.525080210433288,0.00714176471507805,0.27832103688541654,2.926529024806051,-0.007433286646950711,-0.0011613066481761351,0.4896383410057271,-0.258049061731224,-0.0786118707476845,-0.21376126849548796,-0.07018211351630299,1.4225084624151088,-0.02628310864173114
3.17,-0.51670071161117,0.0,0.06723672625005049,0.0,-1.981996271880964,0.0,0.003888260316232377,0.00037909722365129963,0.0,6,SolvedWithSlack,158760,74511,342587,0.11248003073402525,7.958078640513122e-12,1.3207515457821714e-12,-0.9266347253082338,0.541592199311511,-1.9909181821647943,-1.260857495747508,2.514497813644786,1.5274984008836034,0.008346543723160092,0.12913034419307767,1.904970280363372,-0.00416935726304863,-0.009030066659441954,0.4799268976821346,-0.7324998452317314,-0.07341394553569315,0.18818928212792696,-0.3517102880406719,1.799680491744404,-0.11560405836072347
3.1750000000000003,-0.5167020325289998,0.0,0.0672365701747295,0.0,-1.9819771923589622,0.0,0.003686388675553383,0.0003579221207221702,0.0,6,SolvedWithSlack,143000,73258,322780,0.4442494470724533,2.744027212485041e-12,4.544151709152299e-13,-0.9265954490612143,0.5420122612030492,-1.9799414370782094,-1.2608811921929481,2.5144639097975316,1.5289626477190346,0.0076014115950349195,0.05370842425065847,2.3818968473677833,-0.005003416656621267,-0.0054699497098487735,0.17241614711801737,-0.4395776236824508,0.8330427823466701,-0.0442818369944393,-0.8346732486866233,0.38230319505114463,0.7552240600231706
3.18,-0.5167032121464818,0.0,0.06723656375650458,0.0,-1.9819586848187867,0.0,0.003745969195293829,0.00030395149487445083,0.0,6,SolvedWithSlack,135356,73428,313352,0.10969489817307913,2.7955420294323164e-12,4.316476728844402e-13,-0.9265589141497554,0.5427757355982714,-1.9687567671967725,-1.260921959711254,2.5143584015291713,1.5379211009542006,0.007148686287077909,0.21832665560192557,2.1431602373509855,-0.009884900832610875,-0.02975935173806154,2.8335505682939948,-0.6322918346940251,0.12657647494091503,0.13665127684449357,-0.30295512586846735,1.7551183707692661,0.001252976145239599
3.185,-0.5167043162678481,0.0,0.06723666155622973,0.0,-1.9819403986052369,0.0,0.003575272598782495,0.0003046498804179021,0.0,6,SolvedWithSlack,150765,73338,329021,0.1150674111314606,2.794653752507482e-12,4.265483516812271e-13,-0.9265234644656162,0.5437875552975505,-1.9571256450027419,-1.2609633717046014,2.514249652232502,1.5516307465510266,0.007063966949005536,0.19155140998692802,2.4436899342441354,-0.007273006968014401,-0.017071442836778118,2.682624907372927,-0.7811099607770247,-0.10278934864080114,0.195614598923483,-0.3896517567695836,1.7760024334314322,-0.10839936782064769
3.19,-0.5167054449901504,0.0,0.06723665316537676,0.0,-1.9819231459664781,0.0,0.003369227801592,0.0003119091426256358,0.0,6,SolvedWithSlack,135236,73529,313984,0.12239394076904456,2.856381983497123e-12,4.3322972134025364e-13,-0.9264887429297171,0.5444779745296089,-1.9435755965991202,-1.2609958375323391,2.5141916683343184,1.5634972029474972,0.006883689706827822,0.10231847398037705,2.8810892144623765,-0.0059847630865672245,-0.008428542578570324,2.17400236672529,0.0225241839921418,0.8074252979857858,-0.03530246456126146,0.22861317399327333,1.958303052304713,0.06269826096843024
3.1950000000000003,-0.5167066217820554,0.0,0.06723669043698524,0.0,-1.9819049152615154,0.0,0.003913951367393123,0.0003248856853448158,0.0,6,SolvedWithSlack,134824,72917,312169,0.10932170523930246,2.8044234849354455e-12,2.936932524266101e-13,-0.9264505128860876,0.5454517946892105,-1.9299964957146372,-1.2610026181724328,2.5141799684421597,1.57473211423743,0.00804853887354101,0.25624135159349437,2.608927579903876,0.0013073548483325545,0.001138789129394043,2.2936616502859355,-0.5701503002062223,0.2212829585022682,0.11255690595322579,-0.26574695519609004,1.7491472838288393,0.04483811623040334
3.2,-0.5167078273540133,0.0,0.06723681879511825,0.0,-1.9818853311705076,0.0,0.0038313570256920584,0.00032034196485776197,0.0,6,SolvedWithSlack,140094,73489,325986,0.44747494859236275,8.313350008393172e-13,2.945298627383963e-13,-0.9264116494721591,0.5467185633244144,-1.9164133512414174,-1.2609971839697947,2.514191476674625,1.5863373926485147,0.007632081794372268,0.2512577360583043,2.785582954653166,0.0009568526499088607,0.002935730179369757,2.3384464053551675,-0.45283203920889414,0.8365239473627301,-0.04511737659029158,-0.8350741292046163,0.3982777877339082,0.7607074126070167
3.205,-0.5167089538434885,0.0,0.06723698255081074,0.0,-1.981866221123844,0.0,0.003832287094000175,0.0002896752248906876,0.0,6,SolvedWithSlack,142910,72326,319574,0.11509159531329531,7.766232101857895e-12,1.23521006790972e-12,-0.9263748633497318,0.5484565269449003,-1.9033961349626192,-1.2610103771164811,2.5141281307115957,1.605490620904789,0.007211460980324113,0.4115238394007099,2.485721782829278,-0.004698026420145808,-0.021340819116054725,4.7906351139778165,-0.42118337921804083,0.02406586494563223,0.044435094636668115,-0.07594639739742604,1.8244194563605216,-0.195655712032602
3.21,-0.5167100950426889,0.0,0.06723712953597662,0.0,-1.9818470144716338,0.0,0.00385479132745757,0.000327551476342639,0.0,6,SolvedWithSlack,136188,72427,312420,0.11937304760555185,7.602807272633072e-13,3.0320190802513025e-13,-0.926336736798141,0.5502762357704348,-1.8912051643675054,-1.2610215134374492,2.5140598982682483,1.6263324233616403,0.007840166620841176,0.3325789804393834,2.4076235067827767,-0.0007921644353287987,-0.009211991707935786,3.7675720313306953,-0.4063960910975529,0.029759266696872455,0.04553631689850826,-0.06259517899606679,1.8379868982692438,-0.20293418092943816
3.215,-0.5167113601285087,0.0,0.06723713795282593,0.0,-1.981827581355804,0.0,0.003910821329031302,0.00035443577452591227,0.0,6,SolvedWithSlack,135126,86223,329412,0.12187822886894034,6.750155989720952e-13,3.1019631308026874e-13,-0.9262964304223544,0.5517145226411534,-1.8793667069442574,-1.2610169820490844,2.5140393651442805,1.6422895702267875,0.008176214218213075,0.25801642593141194,2.3419873148718287,0.001874959725902891,-0.0011974409400983938,2.8204291786539075,0.012512033776430715,0.8110823391774141,-0.0358010487117804,0.21776863127944307,1.9500516619030455,0.07401595505099824
3.22,-0.5167126652440261,0.0,0.06723719257925657,0.0,-1.9818071104474766,0.0,0.004246646712577457,0.0003515175528286995,0.0,6,SolvedWithSlack,143662,72707,322008,0.12421551912656037,7.361222742474638e-12,1.5409078093359119e-12,-0.9262539186122818,0.5534733896091588,-1.868364362870842,-1.2609937018589672,2.5140595418184857,1.6566466135203166,0.008679260097954491,0.41399406305569225,2.1089054785824244,0.006222713786073182,0.006971245398434377,2.9038228707548455,-0.3962722712794618,0.035277490063809425,0.04972267791292373,-0.05155326532919432,1.8548233072495903,-0.21116638251515263
3.225,-0.5167139854245356,0.0,0.06723729296035397,0.0,-1.9817858155993806,0.0,0.004219038760829678,0.00036324690011869584,0.0,6,SolvedWithSlack,142599,72908,319544,0.12807313834835857,7.737810392427491e-12,2.624740377300816e-12,-0.9262106557163123,0.5553245608430004,-1.8578891087552638,-1.2609628291394446,2.5141001584919156,1.668451051091423,0.008637565118058018,0.3412946637882542,2.086135972820579,0.00609914803590526,0.00871052124358859,2.0113841728859208,-0.3846804303522373,0.040111717833694716,0.05163542620488659,-0.0405642596270349,1.867174455010347,-0.21772433519220957
3.23,-0.516715328433402,0.0,0.06723730511205028,0.0,-1.9817648481689174,0.0,0.004184472069265929,0.0003714167260744551,0.0,6,SolvedWithSlack,142169,80421,327869,0.1197220147364708,9.606537787476555e-12,1.608086819086807e-12,-0.9261674671138331,0.5568226129517598,-1.8474988927383456,-1.2609330789175615,2.514146723675313,1.67599638275847,0.008636629928996125,0.2720389095277407,2.0728118459346847,0.0058150551115908975,0.009587449090657294,1.1857794854792043,-0.7737029183836795,-0.12450438249338454,0.20352742505200036,-0.3763312257592327,1.800414482902346,-0.1340953590167476
3.235,-0.5167166277534687,0.0,0.06723725834630986,0.0,-1.981744913458003,0.0,0.003818060733417001,0.00035081221358825986,0.0,6,SolvedWithSlack,143772,73188,322620,0.1352143622604509,2.5428522135162446e-12,5.829007253006085e-13,-0.9261272387663411,0.5578890428691415,-1.8356494479605447,-1.260916420849454,2.5141926735058555,1.6805259707007953,0.007738194492189819,0.1739744789149542,2.5608316297215987,0.0018840859296843416,0.008881921593650957,0.725774037820964,-0.37771857400591924,0.0456315512394212,0.060490078035467104,-0.029811395640175868,1.890019537084823,-0.2298644158427665
3.24,-0.5167178944104778,0.0,0.06723718749572963,0.0,-1.9817256169965038,0.0,0.0039498819677850575,0.0003592402282338933,0.0,6,SolvedWithSlack,137520,74761,317059,0.11220902734299834,8.198827901317873e-13,3.356204203441848e-13,-0.9260870106769528,0.5585623518010657,-1.8229420323901502,-1.2609038339437961,2.514238294967295,1.681910134235163,0.008203200512519075,0.10871049186262025,2.5289345186701655,0.0028563569677091368,0.009209656711861866,-0.011985260232779099,-0.6600339020370061,0.037077414618423954,0.1620946151164393,-0.3060997914666185,1.7953444374879735,-0.0650634335073324
3.245,-0.5167191534231554,0.0,0.0672371396873057,0.0,-1.981706177978766,0.0,0.0038041706177272387,0.0003417977036656028,0.0,6,SolvedWithSlack,136398,74991,320004,0.12095028701751534,8.481141136607029e-13,3.3650859876388495e-13,-0.9260477879983482,0.5589474231099473,-1.8093289158871002,-1.2608971699279299,2.514280600966242,1.6815279307035267,0.007658092776909469,0.05575094174998118,2.846948332405482,0.00045085397357879183,0.007964414048566695,-0.1179095136069533,-0.7659825995023314,-0.13151421979557945,0.20561548792977608,-0.3660646573705174,1.8125397124013147,-0.1479134114934073
3.25,-0.5167203476722608,0.0,0.06723708318565402,0.0,-1.981687761520048,0.0,0.003605202886422097,0.0003298450789568669,0.0,6,SolvedWithSlack,136258,75984,323862,0.12302302290270786,8.782167057648244e-13,3.4638958368304884e-13,-0.9260107507031868,0.5589253525591127,-1.7938393501062369,-1.2609017493598365,2.5143170071129632,1.6797967891143468,0.007275425206152262,-0.04458741973059367,3.25911385896433,-0.0016849977531223394,0.006836417346294863,-0.49307577023676125,0.0329804932538575,0.813759340792487,-0.036082625050683825,0.2357018471187398,1.9683683664433258,0.061451144599813726
3.255,-0.5167215468489565,0.0,0.06723712393815283,0.0,-1.9816684153384987,0.0,0.004124255319751358,0.0003323392079840876,0.0,6,SolvedWithSlack,143562,72928,320876,0.11267238909669021,2.592040297677567e-12,6.083596625593157e-13,-0.925971026059545,0.5591867344739915,-1.7785928735793797,-1.2608946691349783,2.514359872367884,1.678461807924566,0.008296271487996614,0.11673601514923823,2.9136981095470063,0.003179018027942574,0.00950049541106316,-0.12158388116738003,-0.7186986715671178,-0.05324065860095955,0.18539435209492425,-0.33993354527633723,1.8027582255470433,-0.10800959880731446
3.2600000000000002,-0.5167227559143777,0.0,0.06723724219082518,0.0,-1.981648190302153,0.0,0.0038926809856192927,0.0003263197783930439,0.0,6,SolvedWithSlack,135586,72988,313101,0.11305530566278058,8.547902308393175e-13,3.43836070726411e-13,-0.9259316920518554,0.5595279360537662,-1.7629854132527945,-1.2608881273377435,2.5143995340405807,1.6771240401969705,0.007642582925783872,0.03583983375306693,3.2549156536717936,0.00022357382135070698,0.006978477556591891,-0.3614160567591861,-0.7342316146575427,-0.07964048721298424,0.19219401962672697,-0.34781684987989814,1.8066825001340807,-0.12241576391065162
3.265,-0.5167239269497803,0.0,0.0672372592017106,0.0,-1.981629489238631,0.0,0.0036570946344560637,0.0003223435492519133,0.0,6,SolvedWithSlack,145875,74490,340022,0.12248492496734262,2.606980766244743e-12,6.092297619077897e-13,-0.9258945873589128,0.5594413248756271,-1.7457211755637776,-1.260893282581442,2.5144285785477924,1.6745138605605216,0.007303789547454818,-0.05278542237644375,3.5799017421982,-0.0017372714746247391,0.005100621585344864,-0.625299235691351,-0.7720030769499794,-0.142018606142468,0.20822437244448244,-0.3682448055867779,1.814682960562319,-0.1548019365076437
3.27,-0.5167250797441845,0.0,0.06723721733242603,0.0,-1.9816116801799684,0.0,0.003506141906884175,0.0003203092135479721,0.0,6,SolvedWithSlack,147879,73950,328510,0.12269137405143704,2.6296252501889494e-12,6.393972265712755e-13,-0.9258587659046262,0.5588588247783957,-1.726792933793705,-1.260906265660068,2.514449870869386,1.6703340415315888,0.007089393753137933,-0.1589575004429796,3.9177201848624463,-0.0030598197017544125,0.0037511858077318647,-0.9713942324557866,-0.7717440466551794,-0.14403161848797996,0.20857533588744295,-0.3668762724058532,1.8169995401517,-0.1581407739627958
3.275,-0.5167262219125607,0.0,0.06723714456872369,0.0,-1.981594414766075,0.0,0.0034251914150186104,0.00031804949478127876,0.0,6,SolvedWithSlack,145876,73960,326567,0.12306523162559874,2.7622530998638872e-12,6.13081525650816e-13,-0.9258236865068892,0.5577443873854694,-1.7062831687170712,-1.2609236355366897,2.5144656428205727,1.66449817356944,0.00697541643866652,-0.26545577654989194,4.220149394826471,-0.0036749724275646893,0.0027967862627548026,-1.2930015883652297,0.03315548297758227,0.8138243022603024,-0.03642976540223672,0.23676209832602516,1.9690437060095798,0.059698731075614686
3.2800000000000002,-0.5167273946794035,0.0,0.06723718566332261,0.0,-1.9815757287761941,0.0,0.004017513568645712,0.0003247760183663622,0.0,6,SolvedWithSlack,146507,74291,334192,0.1216185183275576,2.8245973268670177e-12,5.931391716760409e-13,-0.9257850311001979,0.5569131714356168,-1.686599205914687,-1.2609232675937516,2.5144890108150713,1.6593984956447978,0.00812721665224361,-0.1000479318437065,3.7537795658646775,0.0022155152423735964,0.005710290030057327,-0.8442226565102393,-0.7688569256277503,-0.1380610162394448,0.2067514811568479,-0.3663337664609612,1.814538098464694,-0.1537355493553967
3.285,-0.5167285888237387,0.0,0.0672373047963208,0.0,-1.9815560028560055,0.0,0.0037910614870414862,0.0003211957784994307,0.0,6,SolvedWithSlack,144974,73639,328981,0.14526092198715518,2.9469807670545745e-12,5.923286492369451e-13,-0.9257464945962031,0.5560962980556658,-1.666890168271862,-1.2609200113616768,2.5145110573070224,1.6542082747302636,0.007487882132542644,-0.20556312831021664,4.062474520894415,-0.00025147005552473575,0.003637964571620897,-1.1626210836399105,-0.3788528261675213,0.050719774204834145,0.07424754830895189,-0.022423700397889233,1.9196600965219317,-0.2469435673781638
3.29,-0.5167297983019499,0.0,0.06723734206283125,0.0,-1.9815368204784787,0.0,0.003926329149270833,0.00034046523409111533,0.0,6,SolvedWithSlack,146257,74110,327258,0.12364359448503134,3.08561596412682e-12,5.900281890673653e-13,-0.9257072291845352,0.5548888294287335,-1.6470577578376844,-1.2609150118094077,2.514529775396808,1.6465681533757779,0.008041296964426186,-0.2650582311602332,3.9044397412680842,0.0017032578239873795,0.0038026481681400224,-1.7629267905813222,0.04373984659998196,0.8120774721255859,-0.035960741894562595,0.24699239674145093,1.9782975117605015,0.050558306077188093
3.295,-0.5167310639962346,0.0,0.06723746507476966,0.0,-1.9815160085680867,0.0,0.004338432442618598,0.0003418003348733347,0.0,6,SolvedWithSlack,138051,74120,324704,0.11927431126189046,7.254188569283393e-13,3.159139616570883e-13,-0.9256649500024589,0.5540740176663655,-1.6288954151943902,-1.2608943967319641,2.5145559646840585,1.6391767390898606,0.008675580968566608,-0.09494757864982523,3.4568097380857505,0.005470324814188499,0.0060107791763061805,-1.2950875051043318,-0.7529838226599443,-0.12382827630535839,0.20276632914521378,-0.35558210986641875,1.8182180382589574,-0.15117499405093152
3.3000000000000003,-0.5167323080115827,0.0,0.06723761575990995,0.0,-1.9814951512130423,0.0,0.003968624539593347,0.00033177587019039205,0.0,6,SolvedWithSlack,145415,73569,325134,0.12366282228612271,2.9581189928129525e-12,5.728438556840132e-13,-0.9256244782484245,0.5532973441977054,-1.6106360337450674,-1.2608798025865815,2.5145778664057974,1.6319055587008267,0.007791228354951447,-0.19557474584587964,3.7770869870307022,0.0014261979028877586,0.003416935965683288,-1.5564774632726388,0.04503925682532123,0.8113509851698021,-0.035811425786671805,0.24830752068350181,1.9786051565779634,0.04937314436893451
3.305,-0.5167335379147263,0.0,0.06723774861610989,0.0,-1.9814746086642379,0.0,0.004296042693625291,0.00033685353974834343,0.0,6,SolvedWithSlack,145265,73879,324573,0.25113750191346984,2.958011629692822e-12,5.58974750810941e-13,-0.9255829577357397,0.5528321135320184,-1.5930992444244878,-1.2608614939078797,2.5146009741368323,1.625475382838664,0.008573988536228296,-0.024763353938861747,3.3331498970997138,0.004906913221088172,0.005270356095211799,-1.1119802930846148,-0.2547609820284795,0.8197509161057834,-0.04177279668763044,-0.13851479816093995,1.6036542211005258,0.42693375325289873
3.31,-0.5167347589103412,0.0,0.06723799607853922,0.0,-1.9814530279147202,0.0,0.004270417345895642,0.00031788170831158116,0.0,6,SolvedWithSlack,153660,73929,334542,0.11936394515184706,2.811135655853003e-12,5.587830003393746e-13,-0.9255415521409668,0.5532267565829565,-1.5777201310193236,-1.2608436483742151,2.5146105507174084,1.6250117738721939,0.008132348806205796,0.14782588688555803,2.9096642745938364,0.0027593458095615353,-2.9235075811324084e-05,0.5630071060502441,-0.7723947205878421,-0.12513678534431472,0.20291870675814,-0.3747647304498128,1.7997862893347345,-0.1357730469381239
3.315,-0.516735929688508,0.0,0.06723815980752171,0.0,-1.9814328862643629,0.0,0.003833746700771447,0.00032042241799589593,0.0,6,SolvedWithSlack,138602,73740,322720,0.13596833483532236,6.944960286112828e-13,3.1280533718813786e-13,-0.9255029335477846,0.5536496136183501,-1.5620463592984901,-1.2608423525897254,2.514606630208495,1.6266217218448011,0.007508648880329362,0.04245288227389338,3.2793665710445334,-0.0011749260112318262,-0.0012164701933301731,0.1669175915790332,-0.37531118915108175,0.04636436743097738,0.05914874477931312,-0.027811396456376494,1.8895088307151613,-0.231146169220048
3.3200000000000003,-0.516737146104771,0.0,0.06723816280967791,0.0,-1.9814136650595358,0.0,0.003917303063298353,0.0003492266470126699,0.0,6,SolvedWithSlack,137761,74211,318331,0.28443553867399923,7.06683518127138e-13,3.229083667122268e-13,-0.9254634460333101,0.5536727703164239,-1.5460880378749289,-1.2608442222336864,2.514602256872604,1.6253915976090887,0.008096542673582837,-0.020225109790051536,3.135035343112517,8.62363063409966e-05,-0.0006555118984757102,-0.5116191144587751,-0.3010349432187393,0.8217560973464604,-0.04274101342401611,-0.19671188745646107,1.5471923089844088,0.4835404157457987
3.325,-0.5167383747800373,0.0,0.0672382074185628,0.0,-1.9813938982112995,0.0,0.003959392833698859,0.0003240521427932462,0.0,6,SolvedWithSlack,148650,76495,334261,0.11009674842154647,7.370254580252311e-13,3.2479574585408955e-13,-0.9254240757544765,0.5541010045831817,-1.531683891809863,-1.2608473919235377,2.5145863810134452,1.6283274997448152,0.0077625379949586215,0.15595357919790886,2.716701315737541,-0.0010390769867232993,-0.004601303328015599,1.2940076043277364,-0.5721084092388522,0.20163775222223745,0.11881940788736572,-0.2620927274179873,1.7615479747447436,0.027866565461886483
3.33,-0.5167395463406923,0.0,0.06723829841304152,0.0,-1.9813745470154305,0.0,0.003791614773968561,0.00032102626448543136,0.0,6,SolvedWithSlack,144934,73649,325886,0.12223602258021503,2.8985993293095813e-12,5.355995594952256e-13,-0.9253860236900697,0.5548529514767871,-1.5177252916743293,-1.2608565979799515,2.514564973167217,1.6350493288690318,0.007531240503462027,0.14663637335448204,2.839674599759705,-0.002276010937124145,-0.00407652852720586,1.3766307990991817,0.02196411344021382,0.8131235251161875,-0.036141298762215245,0.22572735567157998,1.9557763612834405,0.06968086739665523
3.335,-0.516740755640043,0.0,0.06723839742849773,0.0,-1.9813546929539005,0.0,0.004153415031639204,0.00033594628550274747,0.0,6,SolvedWithSlack,139544,75723,320986,0.12218739372824029,7.278552760503487e-13,3.282929483816588e-13,-0.9253454637273335,0.5561012861154159,-1.5046640082224902,-1.2608539482871688,2.5145583722356126,1.6425880883094586,0.008417884976290306,0.318113337177993,2.4653864549026268,0.0021340537535923356,0.0002623521907182247,1.5919268007590692,0.020113268676868634,0.8137691531879478,-0.036171127632378786,0.22381857783283948,1.9549982996518447,0.07140986886882558
3.34,-0.5167420317635757,0.0,0.06723858692755581,0.0,-1.981333046601196,0.0,0.004423073282255163,0.00034699868278591223,0.0,6,SolvedWithSlack,148530,75533,330425,0.12221763478632944,8.271300311335494e-13,3.4755531785890525e-13,-0.9253019193719813,0.5582014459036693,-1.4933711856966685,-1.2608347265621849,2.51456834332863,1.651150918626124,0.008864716787333048,0.4876492451690945,2.125003731270767,0.0047879257731326735,0.0029680830503227484,1.789989258294293,-0.7958273147243429,-0.1408068098043555,0.20776997913676004,-0.393339584057949,1.7910373000438702,-0.1322665012065774
3.345,-0.5167432989330012,0.0,0.0672386921938584,0.0,-1.9813121684672388,0.0,0.003929027474593095,0.0003425046918639238,0.0,6,SolvedWithSlack,137861,72938,315796,0.1358445261851036,8.407996521242467e-13,3.418376692820857e-13,-0.9252609242541711,0.5602874832447613,-1.4813625108412622,-1.2608267610823987,2.514576190448984,1.6585422466244053,0.007850581348245091,0.3703116198301857,2.579715422573475,-0.00025795212004829757,0.0007498493474941778,1.277618569004399,-0.39335016813689083,0.04364575444460028,0.06956452322821169,-0.03866625748073896,1.8949947916557854,-0.2309356945146761
3.35,-0.5167445649873968,0.0,0.06723863837946482,0.0,-1.981292697837907,0.0,0.003944445813007527,0.0003625214589575623,0.0,6,SolvedWithSlack,135556,72747,313893,0.12292742456047802,9.298950498504155e-13,3.596012376760882e-13,-0.925220349992955,0.56193505445457,-1.4686120249904702,-1.2608261897828723,2.514580072376115,1.6625125005286243,0.008248857991969392,0.3025808703075495,2.5309221685058385,0.00032330502505034675,0.000799299703888801,0.4829373878566197,-0.7801870378768071,-0.14278108278868318,0.20897662175281262,-0.37728392003643657,1.8061467423071846,-0.145958002227738
3.355,-0.5167458388107024,0.0,0.06723852179686729,0.0,-1.9812736683716228,0.0,0.0036691413042170824,0.000351682404741161,0.0,6,SolvedWithSlack,161125,91272,358066,0.12813583736615022,2.7463213994605162e-12,5.190151693840184e-13,-0.9251813499036932,0.5631003552487629,-1.4546898816565559,-1.260834999568661,2.5145802935792534,1.6636278418272585,0.007564296916391729,0.18679984170452338,2.947395174519997,-0.0029317895809865303,-0.0003919616857534432,0.05588302514235914,-0.2697955205400986,-0.10465307041068853,-0.2178309235224554,-0.08494932270061356,1.3841172311141317,-0.006441147005829567
3.36,-0.5167471485452978,0.0,0.06723835888208507,0.0,-1.981254496098437,0.0,0.004019600296498872,0.0003889071128619372,0.0,6,SolvedWithSlack,145305,77627,332568,0.12052307012797711,2.7450186763401663e-12,5.123295518838673e-13,-0.9251402947968974,0.5636462099630835,-1.4432142720592251,-1.2608452512064046,2.5145486974468514,1.664164310167768,0.008538877626886765,0.058450108469913796,1.875608309252736,-0.0015438160607940364,-0.009594832023544613,0.14060443702027323,-0.7536038020831598,-0.12460357416106764,0.2048892192175611,-0.3562354455272035,1.817526207134331,-0.1480358009542301
3.365,-0.5167484876270565,0.0,0.06723819406891277,0.0,-1.9812349584876594,0.0,0.0037537567263070544,0.000363549128932966,0.0,6,SolvedWithSlack,154912,90651,351574,0.12660870843868174,2.7783495447873674e-12,5.167837474818375e-13,-0.9251003473062245,0.5636291274458176,-1.432407434720025,-1.2608597640355717,2.514512212159022,1.663656610471005,0.00770459607366406,-0.04459614578931932,2.3450583289474194,-0.003636557197876057,-0.005955169121392789,-0.2573828347160237,-0.255764638027054,-0.09483510777054857,-0.21523480434575895,-0.07151491561751669,1.3999026724072918,-0.013214358428434492
3.37,-0.5167498202286562,0.0,0.0672380475426895,0.0,-1.981215446843136,0.0,0.004078226349063009,0.000389125767926876,0.0,6,SolvedWithSlack,151606,73218,333379,0.11801956733259962,2.859200723404065e-12,4.933945775813936e-13,-0.9250588726611219,0.5630539873403678,-1.4237301663540267,-1.2608713741095798,2.5144631991046453,1.6626571526961078,0.008595530496598976,-0.16107401448417574,1.3433305122537453,-0.0015613561486832199,-0.011879360852355475,-0.16270516978414695,-0.7322686912745899,-0.1075748482769473,0.20063326446541935,-0.33975960359215956,1.8260196775648043,-0.14838961260154793
3.375,-0.5167511618168203,0.0,0.06723792968093016,0.0,-1.9811956302076492,0.0,0.0038098624416910325,0.00035883833840232043,0.0,6,SolvedWithSlack,138832,72336,315687,0.44251268568725277,8.850125493564676e-13,3.539391002504999e-13,-0.9250187000231344,0.5619741479461213,-1.4154649402797048,-1.2608842960301654,2.514421566357325,1.6607254710383592,0.007745120370863612,-0.2525093529267312,1.8521314472076371,-0.003129218169312451,-0.006268124607092838,-0.5302848777749463,-0.43874888680970037,0.84741560294405,-0.04581880247291093,-0.8437694763606314,0.3760993560988257,0.7522715656683296
3.38,-0.5167523486568437,0.0,0.06723796390216029,0.0,-1.9811765846396847,0.0,0.003847084088683175,0.00030507214971533934,0.0,6,SolvedWithSlack,134715,72728,310957,0.122023040900733,8.716980045772593e-13,3.4994229736184934e-13,-0.924981447925088,0.5613128598063759,-1.4072027324967706,-1.2609175297988102,2.5143175374760602,1.6663064046785971,0.007291081886629044,-0.052624776321772065,1.5235842774962858,-0.008606966241534687,-0.028884229100140747,2.175692347954374,0.019198236594721925,0.8160076317091622,-0.03613803223670364,0.22086339508467556,1.952368654411728,0.07682099509864433
3.3850000000000002,-0.5167534964015752,0.0,0.06723818710735105,0.0,-1.9811564872108087,0.0,0.004167783484000834,0.0003161253104407552,0.0,6,SolvedWithSlack,145836,73108,332789,0.1276893553109444,8.993164286180688e-13,3.551603455775876e-13,-0.9249419850618326,0.5616074281337182,-1.4003950693773888,-1.2609374503826285,2.5142265098229033,1.6776680462998668,0.008214724542411666,0.13284641913110912,1.256935165231121,-0.00128723332790823,-0.01202469530155899,2.3340279146298117,-0.37810283112560283,0.042622987631422915,0.053407021707412544,-0.03520789490446373,1.8698521650497968,-0.2170719040286055
3.39,-0.5167547422079783,0.0,0.06723838186527888,0.0,-1.9811355475462038,0.0,0.004156769814002572,0.0003439445574652974,0.0,6,SolvedWithSlack,134704,72166,313201,0.12253855354353917,8.722603802441276e-13,3.5474401194335314e-13,-0.9249003166213576,0.5620933552110932,-1.394041764817738,-1.2609366585892272,2.514192187296179,1.6867374884861495,0.00839692417549535,0.07362844914392794,1.2794239586627356,0.0009891764101485118,-0.003893903800124107,1.4790003728752286,0.02801198290468834,0.8158788886659818,-0.0359145122006899,0.22884777084697006,1.9606168566966267,0.07045317081774015
3.395,-0.5167560389904854,0.0,0.0672385437007695,0.0,-1.9811141703494854,0.0,0.004389780127200246,0.00034747294662305114,0.0,6,SolvedWithSlack,136738,74601,316228,0.13063696352237303,9.071658355064294e-13,3.625572064791527e-13,-0.9248569276037465,0.5630144043364819,-1.3883889210386493,-1.2609188959157676,2.5141986281878004,1.694749820025889,0.008831457545147092,0.2574271049310867,1.0345043590365743,0.0049987807991622776,0.004212692193018117,1.6815908575724752,-0.3688828658345406,0.046898005893777905,0.05447052057539192,-0.02654414883909926,1.8796252990489952,-0.22208283798803413
3.4,-0.5167573600595909,0.0,0.06723870252633973,0.0,-1.9810923003362169,0.0,0.004322148253489958,0.0003622503149115039,0.0,6,SolvedWithSlack,141067,73369,319794,0.12285512255995792,9.7787923591941e-13,3.7105041261753513e-13,-0.9248130034041004,0.5641199797340325,-1.3830731907796152,-1.2608944617149256,2.5142262252100696,1.7006948468087493,0.008760408194434223,0.1970894742591134,1.081542891995831,0.004778084158832295,0.0062217846606645345,0.8719843872012675,0.03327744182337052,0.8165393497968007,-0.035869491932713264,0.23337142736368585,1.9656819609593268,0.06726253341087857
3.4050000000000002,-0.5167586957648165,0.0,0.06723883841955491,0.0,-1.9810702212394282,0.0,0.004514877854643876,0.0003593064871235224,0.0,6,SolvedWithSlack,141037,72507,318311,0.1226777362247124,1.0223471375025994e-12,3.806954751439662e-13,-0.9247682370155008,0.5656520483796371,-1.3783575797005376,-1.260863489914089,2.5142697903878988,1.7058175324627594,0.009059397941152325,0.3787575121117323,0.853803839053697,0.006955159882668737,0.01005768630531509,1.1224846552254975,0.028979482920174528,0.8175330196825469,-0.0360336296096174,0.22928114706785652,1.9628437795953984,0.07076607201170436
3.41,-0.5167600262099098,0.0,0.06723906439493299,0.0,-1.98104716156917,0.0,0.00466374699030352,0.0003577090421381649,0.0,6,SolvedWithSlack,135116,72818,313041,0.12277128857339954,1.1843200031780299e-12,4.351241589262145e-13,-0.9247224193628426,0.5680810548925945,-1.3747177792395373,-1.2608254511946442,2.514326210502093,1.712147541388798,0.009222750689245662,0.5565967453398657,0.6467704312523204,0.007913564969409861,0.011892990022041193,1.3581459824357178,-0.7737040614321204,-0.13605137651725374,0.20871119057477922,-0.3734046789280819,1.8088787922029272,-0.14216412824668134
3.415,-0.5167613151576983,0.0,0.06723920347687523,0.0,-1.9810252601757787,0.0,0.00411557776864208,0.0003478495850291706,0.0,6,SolvedWithSlack,137991,88106,333320,0.28718180245154223,1.2249853909018782e-12,4.5197179332490123e-13,-0.9246800099548675,0.5705084022375027,-1.369665069090623,-1.2608055027171619,2.5143759023176453,1.7173867922087205,0.008094644449910286,0.4382021527436244,1.2446275033059002,0.0016906981365759496,0.008739833840109802,0.8481561082210013,-0.30440999839111865,0.8323180893884778,-0.04346533460521227,-0.19863955788238422,1.5527183267275049,0.4882090641676218
3.42,-0.5167625228377029,0.0,0.06723926231206213,0.0,-1.9810051052975546,0.0,0.0040421183151973135,0.0003261829136910979,0.0,6,SolvedWithSlack,140976,76244,323661,0.1375828570004957,2.505775039987441e-12,4.347633364432113e-13,-0.9246403177838061,0.5732421081846644,-1.36427304862345,-1.260804034382981,2.514403593910478,1.726712551139239,0.007860650579049243,0.6185199227358128,0.9711796473443941,-0.0005073949987760389,0.0036694836493829514,2.5192579828437247,-0.4085287232191623,0.04503898996964406,0.0849839226244187,-0.045061233293009664,1.9115541507935416,-0.23389085690084266
3.4250000000000003,-0.5167637414512837,0.0,0.06723931723733849,0.0,-1.9809848549491844,0.0,0.00405450086705683,0.00035147318700823777,0.0,6,SolvedWithSlack,138963,73979,318551,0.14268839117986234,2.3590018827235326e-12,4.699296507482131e-13,-0.9245997598445153,0.5761242528344884,-1.3589510544850036,-1.2608056660206945,2.51442420343801,1.7364514623270957,0.00823814183415068,0.5485694919442179,1.1243916419596207,-0.00022038606206897538,0.004352142483552255,1.579978772382486,-0.4005207270186014,0.05043231187759967,0.0907905824803471,-0.035285281919635196,1.9285946979179802,-0.24257026500576598
3.43,-0.5167650393918338,0.0,0.06723927245209592,0.0,-1.9809645429268963,0.0,0.00406872429213893,0.00036904298737716943,0.0,6,SolvedWithSlack,138191,82756,335584,0.12767769996318276,2.3163693185779266e-12,5.01654273676877e-13,-0.9245579704190122,0.5786668798794946,-1.352849268213794,-1.2608058484292175,2.5144478684181455,1.741691081264192,0.008417728559344405,0.4819995387473783,1.2820877330118419,6.870832182549118e-05,0.0049238348939027125,0.7055603038601223,-0.7821376274635252,-0.16150690106936882,0.21705208993741068,-0.3731282091852523,1.8195297580240155,-0.16070559205735277
3.435,-0.5167663258268119,0.0,0.06723916289733937,0.0,-1.9809450585334252,0.0,0.0037450672979410598,0.00035575449406790417,0.0,6,SolvedWithSlack,139223,75954,323551,0.10896767198585927,2.3590018827235326e-12,5.183076190462543e-13,-0.9245183210948066,0.5806942275906627,-1.3447341231109742,-1.2608164676507752,2.5144679918498345,1.7436676755134117,0.007673800173648338,0.35462694024182606,1.8423705811772417,-0.003349074724687617,0.0034770114403815233,0.1957138194706643,-0.4067971803588396,0.46775229873805657,0.05352472196824505,-0.16801275228454893,1.7434827517737483,0.1584012611083667
3.44,-0.5167675514518633,0.0,0.06723907199001047,0.0,-1.9809263144337699,0.0,0.0038008665816895507,0.000339016385752082,0.0,6,SolvedWithSlack,137119,92705,343850,0.13022183869633197,2.3945290195115376e-12,5.257738688868585e-13,-0.9244798416578466,0.5826739669271545,-1.3355980768571079,-1.2608323732852476,2.514481200980926,1.7465334197637066,0.007708217932717147,0.42326391127448393,1.8171865420162348,-0.0030447718576467973,0.0021384652091108606,0.8159057389461152,-0.7934623293529529,-0.17593041583805538,0.22137712578376434,-0.3791689103538117,1.8195336722728048,-0.16663516995763636
3.4450000000000003,-0.5167687467679228,0.0,0.06723900898553359,0.0,-1.9809078294946998,0.0,0.0035899417092390296,0.00033426747022761614,0.0,6,SolvedWithSlack,161024,100099,388675,0.12944375154668622,3.914178009489788e-12,1.1834318247583298e-12,-0.9244426247001405,0.5843918286140183,-1.3249323133678568,-1.2608534588722573,2.5144894953744146,1.7489650680724573,0.0073026544393997765,0.29065271215349486,2.336382890266389,-0.004834029336292444,0.0013725027759593424,0.2742797317718859,-0.2819224232535484,-0.12263227932971504,-0.22005437762936658,-0.09968096872553767,1.3500932289221153,0.014942942506317392
3.45,-0.5167699948663098,0.0,0.06723888214338941,0.0,-1.9808885931750053,0.0,0.004116094307456687,0.00037655056534903,0.0,6,SolvedWithSlack,137239,78839,324503,0.15151159197253528,2.3376856006507296e-12,5.630773625142638e-13,-0.9243922847133863,0.5854397825780673,-1.3163698115860671,-1.2608703515744955,2.5144652153365614,1.7507102038970443,0.011742959943099146,0.1564898259169057,1.3112043450841648,-0.0025333649028952943,-0.008310968651769673,0.3973625101771801,-0.3916309916020961,0.059884088075800146,0.1059167948820573,-0.021008114182315296,1.9611353214235299,-0.25756970635330995
3.455,-0.5167712969436713,0.0,0.06723877246393217,0.0,-1.9808673774027195,0.0,0.004267098292344895,0.000373761700586884,0.0,6,SolvedWithSlack,136488,76094,319824,0.12802997394174945,2.3234747459355276e-12,5.485889520429055e-13,-0.9243394592756178,0.5860666146287591,-1.3092426757573887,-1.2608763217961527,2.514442812710208,1.7502485243423829,0.009964616188411986,0.10450981969466668,1.4988389853326898,-0.0004102301473146456,-0.0022654336351546726,-0.4074646693732035,-0.7572990305692779,-0.15811847477061408,0.21765095570097406,-0.3486717128446218,1.8387792522826134,-0.1762618621492079
3.46,-0.5167725214974748,0.0,0.06723869479578326,0.0,-1.9808466118711496,0.0,0.004041908865295773,0.00034734187851431276,0.0,6,SolvedWithSlack,153160,74561,339521,0.11336182728030635,3.641203034617305e-12,1.1643224423486099e-12,-0.9242948457221098,0.5862345552334485,-1.3001091568641632,-1.260884644202743,2.514437786866176,1.7468442111497835,0.008386205761013015,-0.013640735209709275,2.037539016113228,-0.0023571116907590743,-0.0002892721713913551,-0.8567301637780477,-0.6364663776748771,0.047125794624952616,0.16403827247172148,-0.2828862103947367,1.8137892364849015,-0.07230027512758036
3.465,-0.5167736463378482,0.0,0.06723863353669265,0.0,-1.9808266506384264,0.0,0.003982664645709054,0.00032801166948432276,0.0,6,SolvedWithSlack,136288,73419,315796,0.12193352720727836,2.3305801732931286e-12,5.590528040499976e-13,-0.9242549399249845,0.5860067482638905,-1.2889823448100843,-1.260897651982641,2.5144399534387003,1.742401745764633,0.007772929052505003,-0.06684407236648748,2.3459816826848696,-0.0027090618967201795,0.000833326919788543,-0.9088761243446376,0.017798436791365557,0.8287889307078609,-0.03793570493179746,0.21424242688654013,1.9509364353164538,0.0903977169185079
3.47,-0.516774757660002,0.0,0.06723871014119215,0.0,-1.980805437452591,0.0,0.004471018290618632,0.00032574224047126536,0.0,6,SolvedWithSlack,145945,75072,326066,0.12937928616367436,3.62522793902198e-12,1.1496493861062884e-12,-0.9242137026055404,0.5862499866188725,-1.2784208836758226,-1.2608952625399712,2.514456540378214,1.7393918513181954,0.008499702422231033,0.1252083138751479,1.9615068688852297,0.002299081266826465,0.004700689706759869,-0.4045794607534313,-0.7671103274817082,-0.1673472024398336,0.2199447864782464,-0.35538689740851886,1.83628362967068,-0.17818118249032022
3.475,-0.5167758741538475,0.0,0.06723884374307196,0.0,-1.980783667396813,0.0,0.004176913168486782,0.00032142697910802657,0.0,6,SolvedWithSlack,136378,81003,322780,0.12180761253788847,2.4016344468691386e-12,5.554445792199658e-13,-0.9241737627802264,0.5865019192838604,-1.2671034246651673,-1.2608924858026154,2.5144767970096993,1.7359825584287343,0.007721302278043,0.0006905709075656977,2.4576458203571936,-0.00044723594909668203,0.0036517746794840194,-0.86016291240382,0.015861678101609045,0.8292760686770114,-0.03806558415919717,0.21231645551403755,1.9489218006062154,0.09227039516576568
3.48,-0.5167769959534942,0.0,0.06723897630161198,0.0,-1.9807620562050035,0.0,0.004506055320363924,0.0003259276922446183,0.0,6,SolvedWithSlack,133362,72146,309354,0.13025763833128784,2.3234747459355276e-12,5.573319583618286e-13,-0.9241326313250648,0.5870805664856809,-1.256037849875539,-1.2608817348048256,2.514502662343959,1.7332215271309677,0.00849298522052371,0.19200888574421887,2.0553435306985044,0.0036170343380901226,0.00599686264280734,-0.35410285097856337,-0.7727097261081591,-0.17268861608795347,0.22143798516318933,-0.3593654780929847,1.8348415179782434,-0.17891091825837233
3.485,-0.5167781360229926,0.0,0.0672391215882082,0.0,-1.9807403347116066,0.0,0.004143221265113241,0.0003245644181752063,0.0,6,SolvedWithSlack,151476,95671,350853,0.12862575801758575,3.382751002055373e-12,1.1403561810661468e-12,-0.9240926837600857,0.5876536093858655,-1.2442717868667497,-1.2608746760098795,2.514526288870001,1.7300431168079204,0.007726080744335447,0.06322177957879264,2.5447310095476228,0.00013361808548358653,0.003967552994145289,-0.8167400884709949,-0.269650265988093,-0.11801650318327846,-0.21866378862989574,-0.08856125366991996,1.3587858620152746,0.010355277569098771
3.49,-0.516779334292087,0.0,0.06723912331278656,0.0,-1.9807189879533351,0.0,0.004447795876940727,0.0003704292556610441,0.0,6,SolvedWithSlack,133181,83377,322068,0.12783080272606498,2.3447910280083306e-12,5.676570324908425e-13,-0.9240455205941478,0.5876041145952501,-1.234736366710531,-1.2608715957595116,2.514511720690168,1.7266306827736368,0.010428528461389343,-0.057780172615769176,1.4968276737932797,0.0008614299864646213,-0.006758991200934825,-0.5957683648490806,-0.7501427097433436,-0.15554585357101364,0.21731236463431047,-0.341716003617466,1.8435310089956745,-0.17961689861755292
3.495,-0.5167805665484545,0.0,0.0672390627800121,0.0,-1.9806974451504715,0.0,0.004131888953654361,0.00035137497501986845,0.0,6,SolvedWithSlack,133813,74000,312080,0.11007869154229749,2.3661073100811336e-12,5.694611449058584e-13,-0.9239993747689238,0.586968855439068,-1.2256363711029201,-1.2608752380574832,2.5144885103478614,1.7223200165075676,0.008611834449093924,-0.17315406589481566,2.027780308761075,-0.001622449343044598,-0.003419132758661139,-1.033496649030046,-0.38831838122544654,0.4693708793859831,0.054053788624341924,-0.148957669425418,1.7612590646767599,0.14358107502456213
3.5,-0.5167817093943257,0.0,0.0672390552885337,0.0,-1.980676868108202,0.0,0.004155440151636709,0.00032653623086888016,0.0,6,SolvedWithSlack,134183,72317,310095,0.1567093336453847,2.3234747459355276e-12,5.561384686103565e-13,-0.9239579116143731,0.5863586250296473,-1.2156929269123824,-1.2608816290257967,2.5144769473225552,1.719279396216385,0.008131736182399181,-0.08827252603620944,1.963237930929607,-0.0010633466589194073,-0.001690218154516402,-0.33448659594366703,-0.3939356332876848,0.06325041239104878,0.1151338597808863,-0.018025099098647836,1.9781913988128916,-0.266405867197154
3.505,-0.516782849608627,0.0,0.06723911769401349,0.0,-1.980655771980585,0.0,0.0042617600500987765,0.00033744809878553245,0.0,6,SolvedWithSlack,134173,74771,318171,0.27953770945341916,2.3661073100811336e-12,5.720979245893432e-13,-0.9239167044173006,0.5857724830029354,-1.2054507703865691,-1.2608812790898705,2.514480140986192,1.7153033635639165,0.008299677820384434,-0.1363896735341869,2.1030303645316666,0.0007216822392580545,0.0019729009601219803,-1.0915648236905766,-0.28674016127671753,0.841798879163564,-0.04435750576397258,-0.17985488225068114,1.5739457115630362,0.4752141060708126
3.5100000000000002,-0.5167839806866162,0.0,0.06723924512626954,0.0,-1.980634299827628,0.0,0.004305907907677769,0.00031141753192812804,0.0,6,SolvedWithSlack,135426,72607,313583,0.1212693621795674,2.4158453015843406e-12,5.594136265330008e-13,-0.9238764589831202,0.585703365481836,-1.1961635943186328,-1.260879407115815,2.5144811309992097,1.715399764901283,0.007923721932174043,0.06730632298433281,1.6990756580015922,0.00017067948273010288,-0.0008480579064624401,0.7338846271869564,0.007590789876267601,0.8293333674121004,-0.037986984261306866,0.20425254653527578,1.9403097948730783,0.099627080097341
3.515,-0.5167850983413029,0.0,0.06723949587556785,0.0,-1.9806120584052105,0.0,0.004569668608294203,0.00032010856274801626,0.0,6,SolvedWithSlack,134374,72116,309915,0.12112413438309197,2.4300561562995426e-12,5.474787290182803e-13,-0.9238347032036718,0.5866257039626088,-1.1887139965298388,-1.2608672264072271,2.5144891482285434,1.7202018756261372,0.008578317268395148,0.26204591364284846,1.3550604385756118,0.003713176095445439,0.0029843610710002955,1.1059910195580158,0.00430039143040406,0.8300103863425771,-0.03804488136143436,0.20100308793538982,1.9379861501294715,0.10251490764206111
3.52,-0.5167862819786021,0.0,0.06723979556068507,0.0,-1.9805886793463467,0.0,0.004728650704122272,0.00033188951631631585,0.0,6,SolvedWithSlack,146958,71976,321678,0.1309557932557356,3.225704425791065e-12,1.0967901933889301e-12,-0.923790725467024,0.5885100232725375,-1.1828854200063437,-1.2608421518988437,2.5145112001095877,1.7267759792501418,0.00891348075000142,0.4528235221076249,1.043662377964458,0.00571419869655847,0.005187705100441072,1.4489855889512613,-0.7908327412445855,-0.17580427954194264,0.2226248485347505,-0.37633298039869983,1.8214132129618446,-0.1668429068702393
3.525,-0.5167874708786862,0.0,0.06723997952659375,0.0,-1.980566455220922,0.0,0.004179873165317829,0.00033255557226938336,0.0,6,SolvedWithSlack,134864,74831,319132,0.12088461095792502,2.3518964553659316e-12,5.677402992176894e-13,-0.9237494052004805,0.5903618356036806,-1.1758741511507775,-1.2608296786924178,2.5145305311009576,1.7321827649426462,0.007923921391165692,0.3156901006795448,1.6329500206012717,0.0006192227002850441,0.003076419305271917,0.8447796882304429,-0.00035820208673215115,0.8324629965141551,-0.03849758778531984,0.19595156507306746,1.9341537753268003,0.10781670040010694
3.5300000000000002,-0.5167886630775094,0.0,0.06724007404064078,0.0,-1.9805452185095638,0.0,0.0043930065960464315,0.000340233593883002,0.0,6,SolvedWithSlack,134063,72336,310537,0.1331887665073526,2.4087398742267396e-12,5.787592627370941e-13,-0.9237075915393957,0.5925123298857033,-1.16875555380521,-1.2608178992152446,2.514551382654798,1.737580479713731,0.008594348777251471,0.5058203493024667,1.288825880009492,0.0033290571863162986,0.004764065130616781,1.2304297606303876,-0.7980188270999151,-0.18778741069394697,0.2264209030624994,-0.3793751081497509,1.8240297860038375,-0.17334977567582097
3.535,-0.5167898692045964,0.0,0.06724013996004961,0.0,-1.9805242242091228,0.0,0.0039817911640195975,0.00033936411093770584,0.0,6,SolvedWithSlack,134474,74020,312390,0.1206075254098039,2.3590018827235326e-12,5.760392163267625e-13,-0.9236673413955115,0.5946100189368427,-1.1605574993447176,-1.2608157332454255,2.514567865850425,1.741890278130745,0.007763704626921643,0.36233771654339075,1.8652829812268494,-0.001232021693840632,0.002431697044509489,0.6248734215325303,-0.005806998039201872,0.835273645052053,-0.038985002944204705,0.18996063981938704,1.9297204065568625,0.11407186645313855
3.54,-0.5167910784958797,0.0,0.06724016737123453,0.0,-1.9805037387204574,0.0,0.00426885602450376,0.0003442314243269235,0.0,6,SolvedWithSlack,147859,72206,324112,0.16125003510807184,2.6503244043851737e-12,6.064177985915188e-13,-0.9236261054096363,0.5969934509350694,-1.15236473306068,-1.2608116760177484,2.5145849708732144,1.7463166393301655,0.00850183587297269,0.5523822550641274,1.4923677036101834,0.0019753476571918857,0.00396167182155298,1.0526733271069908,-0.4321456223092585,0.06376377754059714,0.14263517610420115,-0.03741131915825655,2.0056300145101,-0.27412505968372214
3.545,-0.5167923368127848,0.0,0.06724023077230211,0.0,-1.9804823864770604,0.0,0.00421628977343727,0.0003574346838135812,0.0,6,SolvedWithSlack,136858,74250,329403,0.35878917385012876,2.2666313270747196e-12,5.773992395319283e-13,-0.9235837340603662,0.599560959975548,-1.1440718980397242,-1.2608033801049479,2.514607123784512,1.7487549057776468,0.00845835848859183,0.48773992253029597,1.7654230833649949,0.0014587152141023773,0.0046750500866713065,0.12412748414928862,-0.3713515276527451,0.8637140627371231,-0.047283658273502185,-0.5101084854851723,1.0024079205925118,0.6099415955452189
3.5500000000000003,-0.5167935572588465,0.0,0.0672402957867381,0.0,-1.980461502225538,0.0,0.004153585310488531,0.00032723903120438326,0.0,6,SolvedWithSlack,143150,77977,358357,0.4454980427250605,2.0867682581915403e-12,6.401545959988653e-13,-0.9235432263377142,0.6025941147236784,-1.1364449004881712,-1.2608125495251838,2.5145790895981435,1.7559112950155096,0.007913805896525104,0.6852070938520801,1.3706886594967191,-0.0037131909531295517,-0.011401442582860773,2.272360806138176,-0.46501711878099916,0.8791169525538758,-0.04961367934487896,-0.86468666546159,0.39396953849833216,0.7573466726326028
3.555,-0.5167946719810237,0.0,0.06724045670981463,0.0,-1.9804410439992313,0.0,0.004040881549335369,0.0003015668844480049,0.0,6,SolvedWithSlack,144944,73759,326437,0.14286027318584252,1.9468870959826745e-12,5.112577028398846e-13,-0.9235051521955584,0.6066148639270644,-1.1307000573283494,-1.2608520220017994,2.514454376687389,1.7746518763578447,0.007455006557459148,0.8827172815743513,1.0060960795326301,-0.010188779204933213,-0.03239131756151445,4.6976150745955305,-0.8742018530313672,-0.24099344864148833,0.2428624644159323,-0.434561004877017,1.8014484952378953,-0.17039711894728599
3.56,-0.5167957684360925,0.0,0.0672405039231519,0.0,-1.9804222726870555,0.0,0.00353060663912152,0.00031737376408717957,0.0,6,SolvedWithSlack,134764,73028,312821,0.14324548644802426,2.5709965849871993e-12,6.130616847510595e-13,-0.9234693598305315,0.6105064334983218,-1.1236657117881113,-1.2609016464397136,2.5143336558344833,1.7952590717268802,0.007003563883628642,0.7092007058199243,1.664816642937696,-0.009640061723788484,-0.019334059703697327,3.7501375298804853,-0.8592527900043441,-0.2406739525879905,0.24351732696164122,-0.4198739939980372,1.81212736229387,-0.18057265116512444
3.565,-0.516796905204833,0.0,0.06724033855938413,0.0,-1.9804055894377368,0.0,0.0032416979613643314,0.0003286870485389461,0.0,6,SolvedWithSlack,148952,80291,345703,0.16095115892874937,2.5863755581667647e-12,8.340028697736365e-13,-0.9234349457772639,0.613541237496284,-1.1135316061714813,-1.2609462112267613,2.5142651479434415,1.8113031952385945,0.006818606509068197,0.5392446098718735,2.2597460701524787,-0.008396574142937685,-0.010428923050716061,2.860113641025123,-0.478258621484342,0.036993809721436954,0.17261975089412462,-0.06314995737839203,1.990923181463951,-0.27361697017887393
3.5700000000000003,-0.516798094684255,0.0,0.06724013600572515,0.0,-1.9803889051779462,0.0,0.003451989255981293,0.0003447639208011698,0.0,6,SolvedWithSlack,142429,86623,376311,0.14348692141923244,1.5916157281026244e-12,5.109771113176453e-13,-0.9233986814751304,0.6160085694551147,-1.1013364232347183,-1.2609728616541602,2.5142411496472064,1.8222076862757672,0.007478665489228478,0.46317047086583546,2.554245408793751,-0.0035269154889433652,-0.0015660228319704036,1.7435812324328694,-0.8315970216522479,-0.2382229644003604,0.24392776641269515,-0.39325549628659423,1.8323060431534939,-0.19863088395822548
3.575,-0.516799310275773,0.0,0.06723995334449995,0.0,-1.9803718116897993,0.0,0.003351823089806786,0.00033881476513348635,0.0,6,SolvedWithSlack,137931,79520,342988,0.1748317437256112,1.7266188478970435e-12,5.725487358526626e-13,-0.9233624921740728,0.6178290423515166,-1.0870255664550956,-1.2609905532373555,2.514242696138318,1.828634727047728,0.007111625673113498,0.2984226803216548,3.0601988286133,-0.003512579591069933,0.0013701314112880888,0.9904734657562818,-0.15698549008762233,0.8583282679311691,-0.04421751568897605,0.0035728055984135237,1.7617326453326678,0.297213964333539
3.58,-0.5168005008882872,0.0,0.06723988404431568,0.0,-1.9803539522535003,0.0,0.003784385146408595,0.00032593889489550607,0.0,6,SolvedWithSlack,151567,81364,351534,0.11788174200680913,2.5535135947317664e-12,1.5677736886487992e-13,-0.9233248465641193,0.6199235906654929,-1.0733295871425128,-1.2609945017978477,2.5142582158287063,1.8366255295592528,0.007752352086226041,0.4987468575219832,2.532189530212655,0.0007763630693866845,0.004061847755940764,1.9888419193198488,-0.05927577959072619,0.8544316370013364,-0.04213071502969446,0.1331340756658949,1.8861078721089461,0.16999367810601726
3.585,-0.5168017049532005,0.0,0.0672400269363535,0.0,-1.9803337733056205,0.0,0.004185573717408741,0.0003276063906144574,0.0,6,SolvedWithSlack,143742,88727,359489,0.11755403652900401,2.0037305148434825e-12,9.916564097656178e-13,-0.9232841267584715,0.6230035577863722,-1.0620996807059486,-1.2609780386759348,2.5142890532823112,1.8479884506623792,0.008353689148829523,0.6936128144558876,2.061459001449529,0.004709814405132671,0.007321569338423038,2.454792583889314,-0.06882122180976219,0.8573673123811104,-0.04252597289217913,0.12376365838626004,1.8808645844640641,0.17803689200601786
3.59,-0.5168029350695976,0.0,0.06724026893027252,0.0,-1.9803121406263862,0.0,0.0044002697099435,0.0003312579675122968,0.0,6,SolvedWithSlack,155003,75232,355892,0.14866619250560334,2.9345414986892138e-12,1.408914651612747e-12,-0.923241399701398,0.6270479681190916,-1.0530908372055654,-1.2609474109543017,2.5143310864829647,1.8616131288662037,0.008651027669442425,0.8851094949018369,1.6343941288143178,0.006889409811548672,0.008963436648402235,2.898375790571813,-0.8612126326883653,-0.2623563118022026,0.25273252725952566,-0.4129644108224458,1.8300912994469567,-0.20162883077014032
3.595,-0.5168041528072885,0.0,0.06724041582454038,0.0,-1.9802914335017812,0.0,0.003891326630519461,0.00033114550850210075,0.0,6,SolvedWithSlack,133111,73779,326206,0.1611831133471968,4.569007168007435e-12,4.88416598831698e-13,-0.9232012686108525,0.6309160148776753,-1.0430112239918836,-1.2609270715332166,2.514368927819441,1.873403032340039,0.007697796140732268,0.6997525723004859,2.261450843142102,0.002414797862992424,0.006711635554272912,2.0101411098496405,-0.4700996245178828,0.011100852083836599,0.18254641275312405,-0.05115427216760386,1.9560654218345812,-0.27401129269023455
3.6,-0.5168053745494802,0.0,0.06724039506229816,0.0,-1.9802722571207887,0.0,0.003868784432007047,0.0003473161257902762,0.0,6,SolvedWithSlack,143581,73940,325224,0.1635402077670141,2.8683677207489715e-12,1.2971290708208016e-12,-0.923161759215895,0.6341409672893293,-1.0307220563933281,-1.2609128165875338,2.514403294482185,1.8802790429263292,0.0080051182603606,0.6087393737629321,2.5840766644067354,0.0030725920221136164,0.006934506376858535,0.9666191914918085,-0.45664902757942394,0.010258565839001976,0.1833097303273045,-0.039317237031264884,1.9548457566632664,-0.278018353203924
3.605,-0.5168066451336062,0.0,0.06724034318728934,0.0,-1.9802526957286657,0.0,0.003939639303452645,0.0003578241048048229,0.0,6,SolvedWithSlack,133773,72506,310637,0.14849440548274428,2.6219026949547697e-12,8.059160977458291e-13,-0.9231211637613734,0.6369155163756933,-1.016913462004414,-1.260896238391046,2.5144377254615313,1.8822154252882894,0.008176520224827863,0.5192655068655277,2.8758659679003498,0.003422802541216359,0.006833329986808186,0.014566305403905716,-0.8146555204830661,-0.2538173773003961,0.25244048932066526,-0.3695153338770669,1.8588037333536023,-0.22629443675491787
3.61,-0.5168079019864718,0.0,0.06724025197988821,0.0,-1.980233668049186,0.0,0.003679572624038323,0.00034716957197567986,0.0,6,SolvedWithSlack,133242,72867,313271,0.1175388739344388,2.3945290195115376e-12,6.878876808447121e-13,-0.9230823748593212,0.6389823654192982,-1.0010123725570792,-1.2608897377241723,2.5144666373556337,1.8802154894893535,0.007537354584664416,0.34319425038949064,3.3759362818565144,7.474394281198923e-05,0.005150220586853412,-0.6665892392644516,-0.0632345782590941,0.8671210638210542,-0.04367788358253253,0.1229711227121964,1.880621982951021,0.18575337096250746
3.615,-0.516809127509703,0.0,0.06724023769554105,0.0,-1.980214298740638,0.0,0.004083299602061105,0.0003381474750010681,0.0,6,SolvedWithSlack,130617,72797,314875,0.1495625340465776,9.107221921045294e-12,1.029483789882768e-12,-0.9230423930750992,0.6413153959057879,-0.9858889490229784,-1.2608796351007547,2.5144964726164734,1.879262915143446,0.00823860320396572,0.5483701602685025,2.7982071535468522,0.0031156630934116216,0.006373802307789419,0.11569810620233342,-0.8150041574826187,-0.2569742331150518,0.2542563078791819,-0.368191537593439,1.8611680226556977,-0.22901701793485604
3.62,-0.516810341793598,0.0,0.0672402858559437,0.0,-1.9801944587564688,0.0,0.003799433307124607,0.00033432997386533746,0.0,6,SolvedWithSlack,142960,72497,319313,0.12082540431060168,2.586939343296457e-12,4.458100555382316e-13,-0.9230033798812475,0.6435182301993531,-0.9703369374218535,-1.260874913902768,2.5145219379058554,1.8777103473781747,0.007572985728517513,0.36915342639578896,3.311171315854734,-0.00030805475529573816,0.004336037743575026,-0.5846144647151499,-0.21136348142813918,0.5732783087340336,0.03491591098811572,0.05641999485306825,1.933206468969627,0.01905169873514967
3.625,-0.5168115504239154,0.0,0.06724030868694642,0.0,-1.9801749998542921,0.0,0.00402715115730785,0.0003357355746846496,0.0,6,SolvedWithSlack,132169,72507,308223,0.11318247631058168,8.263612016889965e-12,2.8917770955594335e-12,-0.9229637377203324,0.6456832717041332,-0.9547061824668683,-1.260869179011681,2.5145475535454653,1.8754288104599792,0.008115104701012085,0.4753256685318966,3.0067235733160356,0.001969403018683697,0.005532105669240566,-0.3737675274788251,-0.6703631350872873,0.03140957837805345,0.17851835769616575,-0.3033626471468226,1.8109196209693068,-0.06497526849682721
3.63,-0.5168127585257549,0.0,0.06724036767087893,0.0,-1.9801552017681372,0.0,0.003856109476903333,0.0003304498424382298,0.0,6,SolvedWithSlack,139995,74881,319744,0.12746393153629007,2.696301515392463e-12,6.513093016302651e-13,-0.922924700117683,0.6478181604118229,-0.9389851583391837,-1.2608668939455,2.5145680490669817,1.8732688971406715,0.007646042129629316,0.3949459220906284,3.232456512848969,-0.00041459273340986705,0.003251413692054659,-0.46934489441338995,-0.4460914136432128,0.508221058188357,0.052067927206976714,-0.21148538548904638,1.716823815646443,0.2166886836116931
3.6350000000000002,-0.5168139316183815,0.0,0.06724041570799784,0.0,-1.9801359892502806,0.0,0.0038634621492209605,0.0003199784740372614,0.0,6,SolvedWithSlack,134535,72457,311909,0.15144512040791594,2.060597775414273e-12,3.6376457401843254e-13,-0.9228866183555502,0.6500471267695133,-0.9235583265021904,-1.2608703783040334,2.5145780062413663,1.8735589744424095,0.007601708403101019,0.47944615741542035,2.990386754908518,-0.0008525670042265636,0.0012394579765371023,0.39728007770148005,-0.8136715574970047,-0.26184890317904674,0.2574567046934571,-0.3636660677235652,1.865687317027249,-0.2345408836374611
3.64,-0.5168150919865897,0.0,0.06724043369275146,0.0,-1.9801173294004897,0.0,0.003611680432545077,0.0003246032079679227,0.0,6,SolvedWithSlack,132600,72587,308723,0.15113664758948644,3.3083933384428236e-12,7.08988423525625e-13,-0.9228497232284817,0.6518966767612421,-0.907077978881137,-1.2608809015937041,2.5145816922939193,1.8732746034741756,0.007259524390048925,0.29740344964762266,3.4926036438827417,-0.0027963360612686043,0.00045718477991082014,-0.34899209955532956,-0.8012371086252037,-0.258710411518326,0.25693230090212693,-0.35193997991030523,1.8729272829456596,-0.2410158754896888
3.645,-0.5168162597780019,0.0,0.06724034373720567,0.0,-1.9800998099515372,0.0,0.0034497363904863786,0.00032840813199210104,0.0,6,SolvedWithSlack,141687,74892,321978,0.12535189199678423,2.5759440153844126e-12,4.649614027130156e-13,-0.9228139276074537,0.652850734106396,-0.8882499307247479,-1.2608978811964935,2.5145829191027675,1.8694235487484556,0.007103547175857601,0.12025757437387541,3.9410506575732014,-0.0036998101405465353,0.0001391651131668392,-1.0410750071989952,-0.7172132342157255,-0.0936797907268532,0.2130982163945332,-0.3136404446860717,1.845772608725588,-0.14916557652653262
3.65,-0.5168174289905358,0.0,0.06724023091015771,0.0,-1.9800826392089572,0.0,0.00343819090848906,0.0003264285334241377,0.0,6,SolvedWithSlack,137519,72066,316538,0.42498598066323057,4.58655304781393e-12,8.779928690499412e-13,-0.9227784380536282,0.6531025812467646,-0.8677942919128953,-1.2609161564984337,2.5145830194539913,1.8632725868392177,0.0070928719495896055,0.004136520362087687,4.187375977287758,-0.003590869750695539,-3.8512368281773946e-05,-1.3517111797381536,-0.44903333031192694,0.9208449550762436,-0.05393101768368645,-0.8409470016217966,0.46223458526193606,0.722476167127492
3.6550000000000002,-0.5168185466430061,0.0,0.067240256667393,0.0,-1.9800646755250246,0.0,0.00371470446883624,0.000294499264942427,0.0,6,SolvedWithSlack,134984,72337,311979,0.1592633194062727,3.880229190167924e-12,1.15075895860961e-12,-0.9227430032677704,0.6538460403668555,-0.849077003467317,-1.2609478538900551,2.5145072251440896,1.8646004057527161,0.007074700897693202,0.24442386367440133,3.457305654867152,-0.007884028000107669,-0.02364381540915205,1.3065901062658898,-0.4583359029697161,-0.015794439857269693,0.19372849008582435,-0.037123656136066205,1.911993110798782,-0.27074764299066356
3.66,-0.5168196715132727,0.0,0.06724036942563083,0.0,-1.980045834899437,0.0,0.0037858045619159173,0.0003215146709768716,0.0,6,SolvedWithSlack,147990,76114,330695,0.1518284825102893,7.44648787076585e-12,1.9056556463045715e-12,-0.9227057690284536,0.6547884539720233,-0.831110468374032,-1.260971834856275,2.514421832213284,1.8682277697789322,0.0076418988066339205,0.1515508647613619,3.6805352581393427,-0.0029855355908955847,-0.01321119164974917,0.3513663798879594,-0.805602445357408,-0.26078206891621436,0.2581084202674918,-0.3542495288163377,1.8713855172848348,-0.24043916086625436
3.665,-0.5168208637738524,0.0,0.06724036659901178,0.0,-1.980027589532448,0.0,0.0035249692270507586,0.00032593782670609507,0.0,6,SolvedWithSlack,135676,74030,316297,0.1377745721187253,7.261469128784864e-12,1.5892597059598366e-12,-0.9226689568082794,0.6550170175164378,-0.8114019412849296,-1.2609866273325432,2.5143770178840508,1.8676800609568864,0.0072179741139568885,-0.024311684190773265,4.109477588520772,-0.0029095763063020992,-0.006485765160170852,-0.4061874406356039,-0.7568627391116406,-0.1712483771602058,0.234216772601833,-0.33012381303241883,1.8598658326651327,-0.19385784752483598
3.67,-0.5168220411010406,0.0,0.06724029293033694,0.0,-1.980010395411269,0.0,0.0034042480604273046,0.000323383218245877,0.0,6,SolvedWithSlack,135366,73629,315496,0.1511311080102443,7.766232101857895e-12,2.241507110131713e-12,-0.9226333606851026,0.6544733162398512,-0.7899472747177807,-1.260999662736222,2.5143588118731395,1.8640548008639373,0.007068178983457987,-0.16457215396359437,4.407341903510221,-0.00240699500154953,-0.001995791232505504,-0.9302104926465375,-0.7909153474362373,-0.2571150869537833,0.2569228836174153,-0.3397286399351915,1.8825788249016573,-0.25066408017878183
3.6750000000000003,-0.5168232090853967,0.0,0.0672402013714154,0.0,-1.9799935573953595,0.0,0.003347190427687819,0.00032204628246420484,0.0,6,SolvedWithSlack,133943,87515,338660,0.150775998411343,3.588240815588506e-12,5.365707878013382e-13,-0.9225983127696581,0.6531470115048978,-0.7668535540133532,-1.261010631862809,2.5143585986417314,1.857386652573204,0.006978488715840997,-0.33184243198842767,4.754387371371339,-0.002049600273941441,0.0010802202567870563,-1.5930833601683305,-0.7860254122032109,-0.25618765676383304,0.2563191972992831,-0.3344368988189266,1.8877777923419055,-0.2556179354058025
3.68,-0.5168243711040826,0.0,0.06724010520849148,0.0,-1.9799768671626679,0.0,0.0033367913951359227,0.000320194301194512,0.0,6,SolvedWithSlack,140034,73849,321668,0.16818558172181824,2.6098186112211152e-12,4.681810494844285e-13,-0.922563535045352,0.6509976876064111,-0.7421459937204762,-1.261019642785567,2.5143704678760264,1.847559512971752,0.006942815468746909,-0.494661808516872,5.061484743859489,-0.0016423882048894572,0.0031082162016786005,-2.2048047115486447,-0.43098748304853934,-0.01891030310615477,0.1937738170434937,-0.011467852262449812,1.914562918308976,-0.285915488927091
3.685,-0.5168255665385993,0.0,0.06724004976107958,0.0,-1.9799592982238257,0.0,0.0036682346128065098,0.00033522241396967043,0.0,6,SolvedWithSlack,134804,73980,314464,0.11560637241729928,2.6872254421661523e-12,6.725540263596841e-13,-0.9225264750714304,0.6483008645070578,-0.7166977956981458,-1.261016275844006,2.514390427042589,1.8345538991105663,0.0076560389243428804,-0.5687866181257583,5.107259337107003,0.001990989493553123,0.004506562813374645,-2.855818006200032,-0.6705482429203599,-0.02297759556241566,0.19317412725836608,-0.28343938164226673,1.8497019586767884,-0.12577480094503532
3.69,-0.5168267786216609,0.0,0.0672400545813109,0.0,-1.9799408322803325,0.0,0.0036639984758514354,0.00032410187991306833,0.0,6,SolvedWithSlack,132951,82786,322389,0.153846340340897,2.0250467969162855e-12,6.833769661263034e-13,-0.9224891404605112,0.6452390551170575,-0.6910512151018088,-1.261008015610421,2.5144148745014028,1.8201472139202326,0.007369258297965768,-0.6410929582623517,5.143014667878117,0.0014487200064307619,0.005064765816676618,-2.897507409849955,-0.7792405818838429,-0.2518635326521541,0.25337283697702206,-0.3281709913918876,1.8951616955237707,-0.2615387785795249
3.6950000000000003,-0.5168279500145174,0.0,0.0672400633322209,0.0,-1.9799228546893684,0.0,0.003545695263873924,0.000318135963876105,0.0,6,SolvedWithSlack,143992,75843,327248,0.15564529580591044,2.5733859487786503e-12,4.46753745109163e-13,-0.9224530221962499,0.6415741259624209,-0.6645767721474543,-1.2610035215543212,2.5144414895558085,1.8041544121046735,0.007147089632632299,-0.7936809581696123,5.392109874147569,0.0005819638174370203,0.005445325337208055,-3.391930592133481,-0.780973064280361,-0.2529746740498465,0.2528294736467366,-0.3286063297304574,1.8978126886409767,-0.2645970028700477
3.7,-0.5168291048171375,0.0,0.06724004825031299,0.0,-1.9799053582239479,0.0,0.0034750871232372125,0.0003152916423858798,0.0,6,SolvedWithSlack,141717,73429,320736,0.17368750587850643,2.6267182873240813e-12,4.580780199603396e-13,-0.9224176672957546,0.6371581292823129,-0.6369497224143399,-1.2610023901648397,2.514469179934385,1.785817239222105,0.007030267078470865,-0.9422944255896131,5.610647493224299,2.4584097065782977e-05,0.005566271008077834,-3.8443194307800255,-0.43071382306709405,-0.017634740001967852,0.1908451869014493,-0.00949079224396665,1.927681724268448,-0.2952687599934609
3.705,-0.5168302905759068,0.0,0.0672400542359932,0.0,-1.9798872431923296,0.0,0.0037595959566060783,0.00033090613422393384,0.0,6,SolvedWithSlack,160724,85030,351925,0.11141946988171593,5.742063752130153e-12,1.4425127758954659e-12,-0.9223803455361386,0.632269518924121,-0.6090051499376142,-1.2609929923228047,2.514497575883704,1.7650492672304512,0.007689954829322009,-1.0009468101668892,5.574382576425722,0.002923517143103357,0.005742028517956051,-4.352132609924871,0.05037923267208263,0.2705454412843571,0.1168196529549062,0.2960073314179229,1.0063253526298144,0.18941309879891707
3.71,-0.5168316112395613,0.0,0.06724012562509571,0.0,-1.9798663547289226,0.0,0.004490679509811089,0.00037889255739483415,0.0,6,SolvedWithSlack,132340,73569,312801,0.1499141201325918,1.9539925233402755e-12,8.712683352563033e-13,-0.922337423942218,0.6274124477716757,-0.5820792449922674,-1.2609614096698398,2.5144714642000174,1.7468715399843868,0.009041151580928579,-0.9516359837495826,5.262925515848205,0.008153028258018166,-0.011377792952377948,-3.173736121822289,-0.7917621955510092,-0.24800874626791106,0.24849883895066427,-0.3411303695021419,1.888448059392884,-0.25485400422540605
3.715,-0.5168329606855147,0.0,0.06724020702428267,0.0,-1.9798448392190573,0.0,0.004044443315263927,0.00034922554312796214,0.0,6,SolvedWithSlack,149001,75683,335393,0.15101219853919606,4.1222991853259115e-12,3.3342772987055014e-13,-0.9222960554310077,0.6222325889709027,-0.5551306072989043,-1.260934299552164,2.5144364941322883,1.7296910116879924,0.007877704976430987,-1.091649575719478,5.470796138262754,0.0038301048371192485,-0.00447513409514462,-3.604756610639513,-0.7962019214661227,-0.24940490978765778,0.2477286921852718,-0.3440902272199724,1.8896057723207116,-0.2567207375166333
3.72,-0.5168341873363025,0.0,0.06724023648609079,0.0,-1.9798258246368297,0.0,0.00367652715671127,0.0003261877068417497,0.0,6,SolvedWithSlack,136758,83578,329132,0.26457158502384914,3.353761712787673e-12,7.622687203667766e-13,-0.9222585169041956,0.6163640904259857,-0.5272254907308924,-1.2609243068283948,2.5144281560502715,1.7104726385512128,0.007315866411490182,-1.2278130278715889,5.651403484842138,0.0009456634097578737,-7.10926443728098e-05,-3.9971398865562042,-0.2849383982094186,0.8689887715208,-0.048504349230735565,-0.1588478271813436,1.6185519814549318,0.44977169454054355
3.725,-0.5168353397516074,0.0,0.0672403562561384,0.0,-1.979807112186931,0.0,0.0038373427562171927,0.0002982643451311523,0.0,6,SolvedWithSlack,148380,73669,328220,0.1723377414717157,4.426681243785424e-12,1.0691502281606873e-12,-0.9222219212633506,0.6110797608899171,-0.501862564420074,-1.260919554894178,2.514427265711322,1.696682439457693,0.007325316637735512,-0.9437253149208068,4.699885769462129,0.000942954047287834,-0.00032915372711671807,-1.9607581372491296,-0.4485687547515471,0.018258523917827563,0.17687176454030143,-0.031403554179703204,1.9782697989254954,-0.2929741605019167
3.73,-0.5168364927461689,0.0,0.0672405633261805,0.0,-1.9797876437332071,0.0,0.003914523096945861,0.0003162258550792116,0.0,6,SolvedWithSlack,137901,73729,318712,0.14027330685210304,2.2737367544323206e-12,6.163958232718869e-13,-0.9221838448398988,0.6062398645849947,-0.4783926669634831,-1.2609106127789058,2.5144378111204655,1.6848137318336125,0.0077664493935851835,-0.9838327985971813,4.689770207471281,0.0022606178801516884,0.003496903794289703,-2.639264540414484,-0.7920166998947027,-0.2260017207233959,0.23846462164857515,-0.35079047365081945,1.8718829775375925,-0.23324854326900485
3.735,-0.5168376773737002,0.0,0.06724066885713438,0.0,-1.97976877457978,0.0,0.003644661486500839,0.00031581044024869685,0.0,6,SolvedWithSlack,144032,81734,331797,0.11121403785199357,2.3803181647963356e-12,4.735198066708412e-13,-0.9221465752545714,0.6009333945719919,-0.45426931455130676,-1.2609073403834266,2.514457226661936,1.6703789053497837,0.0072902829494155726,-1.1123500585316741,4.91098980235146,-0.0002658316416803363,0.0040723956793587476,-3.046091712884891,-0.452978303293176,0.39235871111725923,0.0753926340636068,-0.17997035256168054,1.7794246056318972,0.09767408867828256
3.74,-0.5168388345008926,0.0,0.06724075072391515,0.0,-1.9797505141059781,0.0,0.0036993434360461388,0.0003083315460859014,0.0,6,SolvedWithSlack,134193,71735,310306,0.1372496600159743,2.6858515411731787e-12,6.309397448944765e-13,-0.922109950768843,0.5956960471025413,-0.43099475544170585,-1.2609083107691585,2.5144756749839647,1.6574430587533344,0.007344903690860535,-1.0045024457843517,4.489887781354929,-0.0001511097848376249,0.0034143814761486485,-2.2917453206999934,-0.7928307767612863,-0.21418999982973916,0.2333244220271563,-0.35623092463965234,1.862350579358275,-0.22133518365837176
3.745,-0.5168399781619156,0.0,0.06724082890161528,0.0,-1.9797324661835232,0.0,0.003517010342341024,0.00030901602111111395,0.0,6,SolvedWithSlack,143121,72076,322119,0.11275488651747137,3.158681649573225e-12,1.0207217016056092e-12,-0.9220740888416918,0.5903048931468834,-0.40787757401891456,-1.2609143053009795,2.5144927093635485,1.6447703957660602,0.007080717930051206,-1.1267904359011955,4.7089094023944265,-0.0017834364072274592,0.0033801267963051553,-2.690512754101132,-0.556424220189664,0.2050529562513573,0.12282060813339842,-0.23324834583569964,1.804078184279542,-0.0021225274733991982
3.75,-0.5168411162930285,0.0,0.06724086916101757,0.0,-1.9797148662455917,0.0,0.003552129071152117,0.0003071946407184712,0.0,6,SolvedWithSlack,154182,97495,368576,0.13436877875864303,3.557265593201464e-12,9.584937010753691e-13,-0.9220384566699499,0.5847918808516632,-0.3850204483301041,-1.2609223651080372,2.5145075139109703,1.6324854757026737,0.007150949509300614,-1.086515706428468,4.482688777767919,-0.0014986052675511944,0.002686607771178211,-2.3065548416855193,-0.7936238876999868,-0.2034986142938099,0.22842692388969316,-0.3605081799009266,1.8553938801348424,-0.21235841473108974
3.755,-0.5168422504704175,0.0,0.06724089910602807,0.0,-1.9796974212605727,0.0,0.003424268502040063,0.0003082778818905561,0.0,6,SolvedWithSlack,137139,81383,328521,0.1334352936458314,1.5331069747048787e-12,5.686562332130052e-13,-0.9220032900397602,0.5790146802012613,-0.36200423725752323,-1.2609329751743001,2.514520390499017,1.619844531382023,0.006970223912325317,-1.200808034443593,4.6803731142912115,-0.0024568463847030675,0.002497883232066585,-2.6705578637905463,-0.796732720363756,-0.20186996288601894,0.22683999919791337,-0.36320721686745877,1.8546450637584864,-0.21178335291325115
3.7600000000000002,-0.516843379025776,0.0,0.06724087233742386,0.0,-1.9796806089033046,0.0,0.00332999176141719,0.00030842730782696455,0.0,6,SolvedWithSlack,139464,76845,323310,0.17791158219639086,1.3094525463941409e-12,5.037081862724335e-13,-0.9219687892391704,0.5726813410645397,-0.33808673502893344,-1.260946867536062,2.514532248913199,1.6055063619794785,0.006861908830630523,-1.3100006737753334,4.8494217896577885,-0.002935777716935985,0.0022887888433990255,-2.9941756765496668,-0.4501403101246487,0.06628269439175416,0.15570469097441705,-0.038413043767880406,2.0448380155689474,-0.30244968973386444
3.765,-0.5168445377078975,0.0,0.06724085559401842,0.0,-1.9796633035377003,0.0,0.003586758238176958,0.000322347817716801,0.0,6,SolvedWithSlack,154041,84039,343068,0.13098602002952006,3.208572296742318e-12,9.32701832434546e-13,-0.9219324634109065,0.5661208337731206,-0.31421283695062946,-1.2609516613973373,2.514554050388589,1.5887243236782378,0.007476173995580771,-1.3133210237755517,4.7264678520455226,0.00018208782149173124,0.005530613455817475,-3.5891865558050777,-0.2838475500896036,-0.11737699241280936,-0.22267623405018408,-0.0936593886377424,1.3783054141497224,-0.008936881299225485
3.77,-0.5168458161925549,0.0,0.06724084763716329,0.0,-1.9796439669522088,0.0,0.004065427011650109,0.0003696453555538993,0.0,6,SolvedWithSlack,153450,72788,332599,0.12869581542425004,3.811562176991856e-12,9.314510968083667e-13,-0.9218925463108409,0.5594811552445631,-0.2947931552239535,-1.2609459241039234,2.5145460153910664,1.572163588497043,0.008244638920817598,-1.3378126508857708,3.341817038230312,0.001664766787649892,-0.005615164331106082,-3.133417440744828,-0.2677825249581822,-0.09989830528854574,-0.21878288622122505,-0.07723774786747029,1.4045866105144267,-0.020532167416600133
3.775,-0.5168472229426829,0.0,0.06724080816785813,0.0,-1.9796227423571493,0.0,0.004336911668708994,0.00039570708899514505,0.0,6,SolvedWithSlack,134745,72928,312350,0.12437507448649149,8.242295734817162e-13,2.948752353404416e-13,-0.9218500318465866,0.5527325030055031,-0.28183785803427075,-1.2609347009802685,2.5144985956975128,1.5576325219146292,0.00863685840943673,-1.357888345322424,2.1080610839480034,0.00254049290095187,-0.011591183520385717,-2.75968345249032,0.04519183993908349,0.8151442026988394,-0.03644949773321312,0.25214445836908084,1.9900011917838638,0.04229394494983947
3.7800000000000002,-0.5168486347559362,0.0,0.0672408877763993,0.0,-1.979600493889357,0.0,0.004521838510956434,0.00036832118162876895,0.0,6,SolvedWithSlack,133873,72377,310156,0.12482802337022667,3.055333763768431e-13,1.6359136267851682e-13,-0.9218060762844494,0.546785075351576,-0.2730884538767648,-1.2609109334549553,2.514469703214911,1.5455180387727538,0.008880963328050693,-1.0783717972712157,1.5197928597483048,0.005989625735579368,-0.002465672950109974,-2.206211728850343,0.06308750166503853,0.8107646977068794,-0.03523445173153373,0.2672648498103234,1.9972483739236266,0.03183663037132218
3.785,-0.5168499964076775,0.0,0.06724116326584034,0.0,-1.9795774587665487,0.0,0.004657214596861262,0.00035459689330489234,0.0,6,SolvedWithSlack,135957,72797,323761,0.11470411902156714,2.626906852796014e-13,1.0624834345662748e-13,-0.9217609635678372,0.5422040758728254,-0.26707772038370164,-1.260874236530987,2.514475683697168,1.5358937305950828,0.009104221975731666,-0.8092258765961878,0.9981550457796673,0.008054312788571417,0.0032456504649724808,-1.7438258724374818,-0.6777919419901229,-0.048451788719314104,0.1824286317665653,-0.30153628839165925,1.8352659043450743,-0.13699753051197497
3.79,-0.5168512984176339,0.0,0.06724141604474275,0.0,-1.9795554976370668,0.0,0.004145081476893997,0.00033522566958035967,0.0,6,SolvedWithSlack,136688,73228,315186,0.11453625210718922,1.0231815394945443e-12,3.489799595135512e-13,-0.921718564895539,0.5379589615958511,-0.26094795611890276,-1.2608493136911807,2.5144917039237273,1.526703006295049,0.00815468295189312,-0.8751164954168397,1.372262798327012,0.0031746827382834204,0.0031366015491210205,-1.8987321606798924,-0.6795581512072523,-0.04561414021596936,0.18094242075903796,-0.30345864240596404,1.8325800337150275,-0.13468036190538024
3.795,-0.5168525202607921,0.0,0.06724152378899649,0.0,-1.979535940628111,0.0,0.0037885089257483633,0.00032529294640195054,0.0,6,SolvedWithSlack,139213,73609,316838,0.44107005724705367,8.118117033608e-13,4.6304106382510923e-14,-0.9216793402608526,0.533397768647217,-0.25308439462835025,-1.2608439494585197,2.5145063306956614,1.5168114505599044,0.007682099063247153,-0.9365607889956988,1.701427680331307,-0.00013948472551425213,0.002770115652680473,-2.029385624138212,-0.4227580083396438,0.8330839430528371,-0.04420411889789519,-0.8321560112780579,0.3606267762881863,0.7498190973199912
3.8000000000000003,-0.5168536620981352,0.0,0.06724166289017809,0.0,-1.9795170006748666,0.0,0.0038162275970957398,0.0002933724227329013,0.0,6,SolvedWithSlack,136458,75442,326377,0.11212587891863643,5.7269744502264075e-12,1.9416412921913206e-12,-0.9216423821555503,0.5295508102831344,-0.2463273077920656,-1.260868487695012,2.5144289543244405,1.515388863453428,0.007233098896403392,-0.6592293999456742,1.12660138688398,-0.007604892846746123,-0.02570303335774503,0.8383228850258497,-0.6439724395998183,0.045192754790031375,0.15647824688694129,-0.2941535310099736,1.7940140626981829,-0.06881063393766622
3.805,-0.5168547617098089,0.0,0.06724181670326772,0.0,-1.979498522357916,0.0,0.003592424367443607,0.0003020203551010019,0.0,6,SolvedWithSlack,133783,72456,309645,0.1119214643595773,1.042366193360067e-11,1.4794298598685973e-12,-0.9216063572148206,0.5261547193151617,-0.23989857901935863,-1.2609031756469382,2.5143354015081423,1.5190250308767872,0.007192432579028186,-0.6922263811467237,1.3879716207377613,-0.006462447396364384,-0.01463332776909499,0.6555709145106536,-0.6210271541042092,0.0801959464836313,0.14704481738212144,-0.2805130312851672,1.7907434297532367,-0.05314814624921972
3.81,-0.5168558945429738,0.0,0.06724184663336605,0.0,-1.9794809551734533,0.0,0.0034789844860130545,0.0003114960007608296,0.0,6,SolvedWithSlack,141678,72567,317399,0.12450105121970134,1.4343040644071436e-12,2.924882558374975e-13,-0.9215703536921322,0.5226409743758003,-0.23235716886324687,-1.2609313507702953,2.514285473292913,1.5219608795777957,0.007206814674956788,-0.709541370812931,1.5855450455204534,-0.00509479258303954,-0.007292092640129032,0.5430272009926103,0.06971184459628543,0.8002554933056203,-0.033571053027720184,0.2750949350724317,1.9920168195152215,0.02250530941656436
3.815,-0.5168570972165059,0.0,0.06724190830131206,0.0,-1.9794621557531575,0.0,0.004016298399107976,0.00033588973913812144,0.0,6,SolvedWithSlack,146957,75733,326908,0.12489115048145605,1.4847879870050207e-12,2.994271497414047e-13,-0.921530628341975,0.5198715772901148,-0.2260226009990441,-1.260935445698644,2.5142769113214243,1.5251447610623587,0.008336925362881662,-0.45120283895611474,1.0622906016105285,0.001640476933454428,0.0014713036884054904,0.6969626219128133,0.08062996433868967,0.7983917150896035,-0.03287694554214241,0.2842385077663657,1.9982584077032968,0.015966993956455122
3.8200000000000003,-0.516858397951212,0.0,0.06724208454061373,0.0,-1.9794407724293817,0.0,0.004419724552474488,0.00035353106085304317,0.0,6,SolvedWithSlack,152799,98196,355331,0.2561839713994586,8.661515948915621e-12,6.718375652353149e-13,-0.9214869191599082,0.5183667440720331,-0.22212748197710186,-1.2609134706208305,2.5143018390097494,1.5289810810127302,0.00896008390793376,-0.20191211496677586,0.5971636967034526,0.005937944489903187,0.006946084531536782,0.8123755581935853,-0.9485933565903995,-0.8569775307213033,-0.3863075047019167,-0.907564365180379,0.40371980383496753,0.4355127513790796
3.825,-0.5168593626608494,0.0,0.06724212076145177,0.0,-1.9794146582173309,0.0,0.00605943951896,0.00036612764633071535,0.0,6,SolvedWithSlack,133082,78238,315987,0.11182287791831208,1.9228611758403957e-12,8.384626001313455e-14,-0.921289954126175,0.5162655003180584,-0.2235474358947412,-1.2609143923758126,2.5142455718536496,1.5376459164988494,0.05869838589564529,-0.5636545288388732,-0.8505627241414222,-0.0037385573758302775,-0.021454337955898902,2.3253158828518927,-0.6253316519563263,0.06466653319543407,0.15048724005254374,-0.2856937065383017,1.7891660466929933,-0.058122383677150315
3.83,-0.5168521004057275,0.0,0.06724205207306119,0.0,-1.9792697322685469,0.0,0.047192022826473605,0.0032542156461601354,0.0,8,SolvedWithSlack,146787,115829,377393,0.10794432369272666,9.28679355638451e-12,1.9370495875706273e-12,-0.9211107499826122,0.5136533309097672,-0.22627101050212342,-1.2609470364111632,2.5141614215560812,1.5482444941739697,0.02572857404727212,-0.5175753010970885,-0.36498258940967765,-0.006281949981164527,-0.0127106155943987,1.9991876215340718,-0.2529331016415688,0.06174227042282088,-0.07046626505825448,0.010918112017239516,1.7271091790836266,-0.15200382586822814
3.835,-0.5168441432351382,0.0,0.06724210675296195,0.0,-1.9791124167580103,0.0,0.022891065209094223,0.0013734868224347158,0.0,8,SolvedWithSlack,133732,124264,371562,0.10777938354380004,1.212896449942491e-11,2.4097286479733216e-12,-0.9209989207864762,0.51142189611264,-0.22840439672752647,-1.260955938517914,2.5141235537810784,1.5565107873874868,0.02196563696903485,-0.3347128156238578,-0.3278026756393469,0.0006490869990311554,-0.004725432784557656,1.4291862845259689,-0.23330400765508488,0.06690789496198274,-0.0791178215701833,0.023152271224709968,1.7244701367008006,-0.15148563620763128
3.84,-0.5168422608161825,0.0,0.06724203474048142,0.0,-1.979039705263248,0.0,0.010191554675297353,0.0005283986880599517,0.0,8,SolvedWithSlack,132701,110719,356583,0.11183710281739329,7.077005648170598e-12,9.90028561730552e-13,-0.9209080039707292,0.5104261078964382,-0.2293899040739804,-1.2609411638315304,2.5141140917900637,1.5620776989849792,0.01572954450908567,-0.12538827788009785,-0.12612849385150224,0.0041185553215308405,-0.0003639711462791078,0.9092160519597455,-0.6086501266146477,0.07691896832676444,0.14664679432664296,-0.276144501781252,1.7893936450782926,-0.054130218498443725
3.845,-0.5168431030836467,0.0,0.06724195442225381,0.0,-1.9790081804193953,0.0,0.0043527182597665965,0.00038316278395213665,0.0,8,SolvedWithSlack,132691,81254,322830,0.12584141797829082,7.283063041541027e-12,1.0219609014900798e-12,-0.9208425882117307,0.510161417528235,-0.22963210980607537,-1.2609261685190711,2.5141256966023673,1.566190329508313,0.011705435557017686,-0.014903143300081717,-0.007406260064883034,0.002281474738661749,0.0037560614152304488,0.7661725876050686,0.10214368287995693,0.7936508069174336,-0.031457711632355195,0.30402375130356313,2.013462687652653,-0.0009241373319456279
3.85,-0.516844919618557,0.0,0.06724202519457043,0.0,-1.9789929862944189,0.0,0.002525823044186865,0.000444039414461382,0.0,8,SolvedWithSlack,132010,79200,315777,0.11170447483199834,6.934897101018578e-12,9.610375341394858e-13,-0.9207875591281565,0.5107924083986981,-0.2307090874630345,-1.2609008824489045,2.514165285441599,1.570170033252655,0.010653538189510526,0.21864287418509312,-0.3511883956260654,0.006584802277076641,0.010199814484591792,0.8147531681852269,-0.612499911411421,0.073062311544021,0.14768633595766473,-0.2803643030182752,1.7872715973119735,-0.05274890995259089
3.855,-0.5168470935209741,0.0,0.06724218112372946,0.0,-1.978983592306697,0.0,0.0014857731292192357,0.0004554322552417761,0.0,8,SolvedWithSlack,155093,89810,349300,0.11170612853834025,1.0805501458877043e-12,1.5929554530102422e-13,-0.9207396531133939,0.5117393008413,-0.23129335995861597,-1.260879270711999,2.5142133763427785,1.5738369185281214,0.00902826339815103,0.17104110198116804,0.03185704382301989,0.0029736496896268705,0.009190431001672222,0.6808459888981148,-0.6206385559288315,0.0626803717829398,0.15033030486543403,-0.28508270976620415,1.787298056613444,-0.057266187414636904
3.86,-0.5168492694969438,0.0,0.06724226660080221,0.0,-1.9789773786036295,0.0,0.0011612212627109364,0.00044256931668239447,0.0,6,SolvedWithSlack,133673,83608,333470,0.10888427819566879,1.1660006293823244e-11,2.528909326144236e-12,-0.9206969031259244,0.5125195104536889,-0.23022855590618752,-1.2608725000267622,2.514255773306163,1.5768257450381107,0.008312150692503581,0.1497770450629931,0.3210401457507087,0.0004096433740406843,0.007997210350957967,0.5442158281824552,-0.23333986263462403,0.06856039027428984,-0.06983225784209038,0.028215303169549143,1.7421484511307006,-0.1615958954020843
3.865,-0.5168514333889246,0.0,0.06724230107466117,0.0,-1.978970200022907,0.0,0.0017037187493327828,0.00045899928723535147,0.0,6,SolvedWithSlack,149081,74731,328801,0.11220997412190044,1.070514553738744e-12,1.4188303310014305e-13,-0.9206535798797895,0.513208040787916,-0.22989674226869317,-1.260865161375989,2.514287116390336,1.5780953709965442,0.008846771638423796,0.12910316830855023,-0.09932301880449967,0.002048469900029671,0.00526418525266069,0.06722876515438718,-0.6121246371783039,0.06302631212813264,0.15055820166205414,-0.2770690709569099,1.795359585950407,-0.06316547075451039
3.87,-0.5168535164234956,0.0,0.06724231222818838,0.0,-1.9789610467128635,0.0,0.0018547358112992792,0.0004248474336811359,0.0,6,SolvedWithSlack,135236,74610,316247,0.12597959231133465,1.0601297617540695e-11,2.1811063786267174e-12,-0.9206116126891075,0.513703849087037,-0.22926367774255055,-1.2608624424181776,2.5143132523218874,1.5781437647622087,0.008157790204153446,0.07952624610263127,0.2718271080453466,-0.00032017930172644187,0.005153185567387451,-0.02738195946734299,0.10487132109538468,0.7949638679686446,-0.03169775852533232,0.3061996510025693,2.0156734769813545,-0.0015872889123320119
3.875,-0.516855456047309,0.0,0.06724240316046462,0.0,-1.978949657451343,0.0,0.002638927247982382,0.00041999768035246927,0.0,6,SolvedWithSlack,137440,74972,325325,0.11191594824097677,9.663381206337363e-12,1.9941515141106737e-12,-0.9205680863933327,0.5147980426206388,-0.22904460698777843,-1.2608496788421732,2.5143517664254316,1.5783824215173423,0.00899581460506638,0.31066267582062174,-0.1025019419265343,0.004177847253324288,0.009099898303667484,0.09600524735373558,-0.6010228763711264,0.08487364674596813,0.1451392000705122,-0.27177148123806766,1.7906551718556283,-0.04997585268330092
3.88,-0.5168572805965537,0.0,0.06724254507645093,0.0,-1.9789359590050721,0.0,0.0027090272912924066,0.00039057529402176645,0.0,6,SolvedWithSlack,148220,74381,327749,0.11153804287501805,2.1148048590102775e-12,4.764077054722594e-13,-0.9205255000995605,0.5162103984930999,-0.22848535437138878,-1.2608393413582413,2.5143900364195577,1.578699884396048,0.008267789425157115,0.2639629217866501,0.24962363361915152,0.000835545147187401,0.006765660597535269,0.04257101003277332,-0.5554478358746846,0.1536620656699494,0.12776586194494635,-0.24392089967770503,1.7846086860002888,-0.018237322019754178
3.8850000000000002,-0.5168589380589502,0.0,0.06724261469842265,0.0,-1.9789222052689843,0.0,0.002796789659271161,0.0003692649235255676,0.0,6,SolvedWithSlack,136418,74140,319784,0.11013737996378531,4.738950551419485e-12,5.133268213709102e-13,-0.9204851753058875,0.5174747472870952,-0.2264813737742883,-1.2608411887969868,2.51441807146614,1.5790929240543419,0.007958520960312241,0.24562229358126278,0.49797000548505443,-0.0010534697434633825,0.004900814245762858,0.10179119905910196,-0.2436684539101974,0.06709914676967438,-0.055054354320569876,0.027044427816336036,1.762198079420565,-0.1717391363260921
3.89,-0.5168605551443801,0.0,0.06724263693233275,0.0,-1.978906809505941,0.0,0.0033087317357963983,0.00039408317973798284,0.0,6,SolvedWithSlack,137159,74681,325816,0.11230167112623517,1.924340027603666e-12,8.130911016058152e-14,-0.9204430311143311,0.5186214746757408,-0.22518513014722175,-1.2608406833501673,2.514434223320479,1.5781822812726405,0.00867104280353818,0.21842117047120974,0.1057174433272257,0.0007536398858907032,0.00228601412506568,-0.3646660122181274,-0.6060480744581037,0.07049414179149623,0.14927252732011412,-0.27244006193066544,1.7968267380197627,-0.0604268169167531
3.895,-0.5168621326775495,0.0,0.06724262784703952,0.0,-1.9788901203034903,0.0,0.0032899381188114503,0.0003714221870392857,0.0,6,SolvedWithSlack,151316,97294,353237,0.2540491493487348,9.698908343125368e-12,7.459689875359554e-13,-0.9204015824489865,0.5195638896490749,-0.22360422136533456,-1.260843785417795,2.5144449969050457,1.5762331344560738,0.008090976474743253,0.1688338036845819,0.451443903567455,-0.0013964623079183156,0.002051817026904286,-0.40600966413804207,-0.9376444522593136,-0.8575450037610045,-0.3855935804112735,-0.89890712905278,0.40957264050618347,0.4318835538928491
3.9,-0.5168631992762553,0.0,0.06724251148293789,0.0,-1.978868291232616,0.0,0.0055290766702510066,0.0003607126907010371,0.0,6,SolvedWithSlack,135606,77747,317750,0.11232465057943274,9.805489753489383e-12,7.935308226486582e-13,-0.9201884584572677,0.5192586937911593,-0.2256933674540729,-1.2608756436209954,2.5143669280850207,1.5791257804876289,0.06460863951693993,-0.21204883944248265,-0.9767197631165128,-0.009186961317708771,-0.025497428265552582,1.2121591470175987,-0.6132096687058368,0.060779471079212694,0.15215647844675287,-0.27595411799122727,1.7971944092709238,-0.06505723557112403
3.9050000000000002,-0.51685602134636,0.0,0.06724241012458848,0.0,-1.9787257841943904,0.0,0.04665736076740991,0.003219949766124005,0.0,6,SolvedWithSlack,132020,94599,339702,0.11213787860412748,1.9518093738457587e-12,8.691585320387551e-14,-0.9199779310547946,0.5183649033546474,-0.22897988535772182,-1.2609301655582754,2.5142642808539835,1.5844194662743016,0.031360268986824855,-0.17788268131081184,-0.46830770744316785,-0.009998255064473105,-0.01619697299145626,0.9716496788063514,-0.6230903609880154,0.05192794127937844,0.1541252634130288,-0.2829567059282215,1.7942060576660397,-0.06659379906131054
3.91,-0.5168479347032476,0.0,0.0672425187879776,0.0,-1.9785694340294961,0.0,0.023057203539110255,0.0014071615457247125,0.0,6,SolvedWithSlack,150184,91753,347306,0.12532874190844778,1.0519701429401174e-12,1.394336035520638e-13,-0.9198624740642269,0.5173074078386802,-0.23009839965750037,-1.2609638431371557,2.514216065296091,1.5887332633823281,0.018816429321879203,-0.2330283220657152,-0.06506188478431361,-0.005003345745934077,-0.006026186236440793,0.7910201843858573,0.09559015956572393,0.7966025379638183,-0.031988152677680334,0.29678266426775785,2.0052598705351645,0.008046734333864021
3.915,-0.5168453520088451,0.0,0.06724274425399213,0.0,-1.978492208436281,0.0,0.011528015084454996,0.000527720371853806,0.0,6,SolvedWithSlack,142669,90811,340483,0.10882508058812047,1.0304636918062604e-12,1.405472960236409e-13,-0.9197841922430648,0.516846645873783,-0.2314992128719625,-1.260962240581567,2.514217944579079,1.5929384739542167,0.01402838673552513,0.0010944289888877093,-0.4173587336556418,0.0032615479278919053,0.003927455058307055,0.8722533031964089,-0.23079705513989526,0.06775499628641923,-0.0689610050575164,0.030016698412526736,1.7412012894099276,-0.16027434654751158
3.92,-0.5168456064196915,0.0,0.0672430024682101,0.0,-1.978453410442684,0.0,0.005773116273081962,0.0003491093309884775,0.0,6,SolvedWithSlack,133282,78609,326337,0.11246776873114134,9.393374966748524e-12,1.9784451854576446e-12,-0.9197220727729106,0.516779885601821,-0.23465969902246211,-1.2609390958748607,2.5142368366743586,1.5957710963583007,0.011591670651411248,-0.02282869742304843,-0.7697535739447853,0.005309390879776158,0.00363933313333019,0.36943064662972946,-0.6047768161149684,0.06511606758538857,0.15075136792446875,-0.27038441073790714,1.7994842996982614,-0.065427483171738
3.9250000000000003,-0.5168471526709233,0.0,0.06724315325875337,0.0,-1.9784345914832615,0.0,0.002675341657622205,0.00039974964780276274,0.0,6,SolvedWithSlack,141768,86333,331837,0.10926834116384905,1.0545885453967785e-12,1.3297696277447812e-13,-0.9196710225125901,0.5165182035026367,-0.23717860637980004,-1.2609199415467898,2.514259555941785,1.5972160519276084,0.009493031826539263,-0.07150153700384074,-0.3325893309695619,0.002924655497712941,0.004982625159818474,0.236943145472235,-0.22315892010510552,0.07087724285437536,-0.06872558215249397,0.03699822604385103,1.7482934586215848,-0.1643976129503108
3.93,-0.5168492337379632,0.0,0.06724323835103657,0.0,-1.9784245569138312,0.0,0.001784542337796702,0.00046941676444056744,0.0,6,SolvedWithSlack,132961,73068,310717,0.1128284324144598,1.000444171950221e-11,2.1170372378479305e-12,-0.9196237484469265,0.516105062621889,-0.23993004588494976,-1.2609007391595852,2.5142805048735073,1.5970128653116338,0.009433827631182782,-0.09004781383835105,-0.6901612720701685,0.004308983013374544,0.003718498557752193,-0.21925195858914276,-0.5955110301415887,0.069293534827701,0.14967188839748832,-0.2624553702887519,1.805254918631357,-0.06869689263645581
3.935,-0.5168514914322984,0.0,0.06724328581847204,0.0,-1.9784171597132347,0.0,0.0012918056081258616,0.00046040147020605555,0.0,6,SolvedWithSlack,134294,73920,319764,0.10953237515010392,1.06368247543287e-11,2.2264769153644342e-12,-0.9195797441112711,0.5155225393112204,-0.2420839780462183,-1.260887354831957,2.514302076913449,1.5956563340154784,0.008472141318631082,-0.1337513677183071,-0.2640077783511837,0.001713136148603237,0.004598100591979144,-0.3048771514136093,-0.2155388546428505,0.07380911250192845,-0.07006562470124336,0.04316075746598587,1.7525180024016627,-0.16698915224614913
3.94,-0.5168537268438211,0.0,0.06724331342224724,0.0,-1.9784098228917333,0.0,0.001681584638180614,0.0004721690782583354,0.0,6,SolvedWithSlack,135576,73328,312560,0.1131113890972111,1.1262102361797588e-11,2.367004766899738e-12,-0.9195357906612206,0.5148097496461063,-0.2445272877373665,-1.2608741134823611,2.514320385692929,1.5928824957741572,0.008955146737,-0.14850301949514072,-0.6331024040446592,0.0031493734258193143,0.0031240445100791762,-0.7154366222283799,-0.585882149462922,0.07561001426258705,0.1479704793981244,-0.2547581417370079,1.8097822255553777,-0.070156480685668
3.9450000000000003,-0.5168558782174207,0.0,0.06724333242427767,0.0,-1.9784010022208074,0.0,0.0017689629272096845,0.0004361149407204688,0.0,6,SolvedWithSlack,132020,73318,313322,0.11297964741331172,1.2093437362636905e-11,2.5352829136472774e-12,-0.9194933156347881,0.5139490350707601,-0.2464338349064494,-1.2608661678579167,2.5143388079462587,1.5891835731496755,0.008256215232789523,-0.18756619751435585,-0.21945336907005566,0.0006827053403849011,0.003957227568786359,-0.7554481998755392,-0.5923126334353105,0.07041056945647318,0.14905419805644574,-0.25915049641262533,1.8076743586129875,-0.0711922296479595
3.95,-0.5168578239652843,0.0,0.06724335500143072,0.0,-1.9783916892628794,0.0,0.0019427490666101045,0.00040319221828043965,0.0,6,SolvedWithSlack,152258,79310,345994,0.12639343921518134,6.970424237806583e-12,9.914334969519218e-13,-0.91945318217527,0.5128945374521197,-0.24638917129081983,-1.2608679455226621,2.514359351084546,1.585286505061018,0.007906719328098605,-0.22613058577331777,0.15571803575323606,-0.0009417285502741335,0.004152506209960381,-0.7947986301437796,0.11489685120140804,0.7944933523064792,-0.03145051693589227,0.3153164998548151,2.0222950274429015,-0.008227153069641604
3.955,-0.5168596664863652,0.0,0.06724345801806056,0.0,-1.9783796702585401,0.0,0.0027796061737826653,0.0004058015444378089,0.0,6,SolvedWithSlack,138181,74811,326917,0.11267246112023316,7.062794793455396e-12,8.945299449595061e-13,-0.9194104334918036,0.5124834073004892,-0.24671623292374417,-1.2608570020179937,2.5143932952573316,1.5818547471243527,0.008889653477433415,0.012667949822165535,-0.20729453529622544,0.003964164767458602,0.008241841402400144,-0.6165759862380714,-0.5939023938243022,0.07257817997684834,0.14830197368141215,-0.26229006597842486,1.8027593779237305,-0.0662187509585029
3.96,-0.5168614187948115,0.0,0.0672436093837561,0.0,-1.9783652419423283,0.0,0.002854949092796012,0.0003814079780394715,0.0,6,SolvedWithSlack,145776,74601,326487,0.12631795675012844,1.07458581421159e-12,1.3963136202832516e-13,-0.9193681380389028,0.5124163698330182,-0.2466179720821542,-1.2608467811372344,2.5144279240083574,1.5786615690540482,0.008234567692974681,-0.03048380709533101,0.16551337541071748,0.0009217843687404652,0.006117218491520168,-0.6527761071759485,0.1147688875375436,0.7943254921609507,-0.031414257903967,0.31504326110607134,2.021087308002055,-0.007710836807465334
3.9650000000000003,-0.516863078700568,0.0,0.06724375874085267,0.0,-1.9783493224513122,0.0,0.0034806659083449543,0.00038776558465446973,0.0,6,SolvedWithSlack,164251,99228,369458,0.25302515043657253,1.0790214208244997e-12,1.3195868009407974e-13,-0.9193242191148016,0.51296670110197,-0.24689347471329726,-1.2608294909854199,2.5144670363926145,1.575902894025668,0.009074473388830771,0.20272313525002936,-0.19665765107549063,0.004879846934013263,0.008740498355868103,-0.48671325220272643,-0.9366196242257327,-0.8538317604224113,-0.3859283897122726,-0.900484525711939,0.41453750149540947,0.43014275574217326
3.97,-0.5168642929562284,0.0,0.06724380915427579,0.0,-1.978326457554848,0.0,0.005634733541352047,0.000359355574160194,0.0,6,SolvedWithSlack,3042587,86984,3238247,0.11181734965678909,2.117533579037989e-14,2.4841240175987878e-15,-0.9191098216773704,0.5128297280511582,-0.2520241804294603,-1.2608386089902934,2.514413897253162,1.578398005669274,0.06438525659749122,-0.17853631500970463,-1.55942812536801,-0.005698423959209307,-0.021518032803428542,1.133452070849649,-0.5888806814403758,0.0935383740470691,0.1433414161292484,-0.2624977748026762,1.7890775945086255,-0.05027499514321958
3.975,-0.516857132261763,0.0,0.06724377017345547,0.0,-1.9781824856627486,0.0,0.04712596518025633,0.003236829520240182,0.0,8,SolvedWithSlack,157708,109887,374737,0.2560882422122796,1.58362228729257e-12,6.931230762952101e-13,-0.9189017874379452,0.5121370705236901,-0.2581416868770772,-1.2608816693084752,2.514324324386297,1.5834722890548247,0.030856219938585002,-0.13357680387923235,-1.0240882959572333,-0.00834917797290626,-0.014362685626456415,0.9503471186187579,-0.9417083081668236,-0.8495208912659667,-0.38494697417676244,-0.9048822053368712,0.4108174476034658,0.43535001176087534
3.98,-0.5168488802987248,0.0,0.06724372511484913,0.0,-1.9780218463004557,0.0,0.024012345389083208,0.0015117126337915994,0.0,4,SolvedWithSlack,339511,109918,561029,0.2613766512605802,1.7637003497198566e-12,7.371234427965695e-13,-0.9186262876307371,0.5109325799443386,-0.2646598234701073,-1.2609303228297972,2.514195027493915,1.5928242102569605,0.07145998912063317,-0.21371315998018856,-1.0750263072850192,-0.010544800578231742,-0.03223747185036709,2.461192090685819,-0.9572588519123583,-0.8540717974011941,-0.3865204052963926,-0.919406434152548,0.3948484868226004,0.44434030714298633
3.985,-0.5168458750469133,0.0,0.06724324572846377,0.0,-1.9779352552672305,0.0,0.014538746109712612,0.0008824692768743496,0.0,4,SolvedWithSlack,157157,83367,352996,0.26773534506968505,1.7728053882766062e-12,7.534915616794202e-13,-0.9181374352569338,0.5100594195756776,-0.26854320180254515,-1.2609897716459157,2.513999723799705,1.6093277628962155,0.11629302960306756,-0.15614560891110013,-0.6203568824435887,-0.01283993728578956,-0.04281799185655223,3.8387862812947917,-0.9769128325797432,-0.8630143887894192,-0.38913440147200173,-0.9376007962467258,0.37293985512221095,0.45515008661846457
3.99,-0.51684274179513,0.0,0.06724262311905514,0.0,-1.9778463128770776,0.0,0.020915160827866687,0.001333345891065609,0.0,4,SolvedWithSlack,143421,115288,374918,0.12128508900811615,8.37019342725398e-12,1.2264733499633973e-12,-0.9174101070602528,0.5093421846726012,-0.27091252368434043,-1.2610612649784048,2.5137666195005943,1.632368313446599,0.16527221681492277,-0.1393498651130653,-0.39971235903544994,-0.015144849277440734,-0.04847469010315269,5.102034635890526,-0.2177164239065364,0.3420362917002191,0.04229434762436632,0.08207003728939624,1.9405614241298583,-0.14036618195448747
3.995,-0.5168235533681564,0.0,0.06724241978038276,0.0,-1.9775203512147668,0.0,0.10759345469536763,0.007807270561117529,0.0,6,SolvedWithSlack,138582,88707,340423,0.10566130633097795,8.782308213994838e-12,1.3024227963481794e-12,-0.9166800188661779,0.5096081128989548,-0.2713678005067449,-1.2611380130296324,2.5135909731379793,1.654999263710537,0.13403695970958474,0.1779304360177744,0.09980527064769514,-0.015353701652555207,-0.027409403883958343,4.154889148345642,-0.271846337851288,0.05234183770928724,-0.07483203650946935,-0.009371220282853573,1.6905809012956472,-0.13330056530229495
4.0,-0.5167719096076338,0.0,0.06724319186788139,0.0,-1.9767137814893356,0.0,0.16732264250014123,0.012254424604542982,0.0,6,SolvedWithSlack,136227,94448,338239,0.12360270161470528,4.199307568342192e-12,1.6907475853394915e-12,-0.9160001095484293,0.5107515844174003,-0.2713202392708481,-1.2611865560747497,2.513493036116087,1.6733521565782716,0.12159383102873428,0.21195797851391251,-0.17700385029408364,0.0026640925109293733,-0.01121882811212551,3.39370008008087,0.07910039378077491,0.7954772345582011,-0.03195935823110593,0.2812398514654665,1.9776432258352845,0.024668927292929386
4.005,-0.5167386710314944,0.0,0.06724428320911904,0.0,-1.9761743659708884,0.0,0.07623363156265044,0.0052026384556821785,0.0,6,SolvedWithSlack,141607,96703,346915,0.1097223020133071,4.315083013128884e-12,3.334763021278775e-13,-0.9155872308230278,0.5124463561897434,-0.2733947888083522,-1.2610548335488678,2.513511061669006,1.6900898048758033,0.06248829357485858,0.4230680420992247,-0.5621313493914244,0.035963226204015895,0.011644250601463587,3.311694741512282,-0.6507950168929709,0.050864945265225295,0.15357682490981328,-0.31235291067607185,1.7555568322129136,-0.038222541586904774
4.01,-0.5167264093367226,0.0,0.06724531201559139,0.0,-1.9759453417969264,0.0,0.029709983656117638,0.0017068821140317136,0.0,6,SolvedWithSlack,160293,97274,387933,0.4512941095483821,1.4417755184181757e-12,7.559836274779325e-13,-0.9153698790742546,0.5143365598543301,-0.2749864058421532,-1.2609064281450797,2.5135954908470266,1.7056843033395417,0.03363297383501617,0.3491040868436561,-0.15866832835440445,0.02548862123955843,0.01932789050293435,2.991307022134462,-0.4218241408710864,0.8215907672120175,-0.042123230807193296,-0.8039903847736544,0.38945408504003876,0.7671999862322496
4.015,-0.5167243268569361,0.0,0.06724617984372712,0.0,-1.9758711411994305,0.0,0.007200969535278944,0.00024163456869543383,0.0,6,SolvedWithSlack,147850,99488,373365,0.12213889479305981,1.0757617019407917e-11,1.6188231310998447e-12,-0.9152470032300405,0.516764979553442,-0.27693375969769757,-1.2608235388648277,2.5136207986031582,1.727969701469687,0.01988471540866347,0.5761136111368557,-0.5359940558840317,0.01105216952531387,-0.0031982096401454918,5.398414143606542,0.05625365875373694,0.7987299633423582,-0.032887346424597605,0.25949280240465095,1.954222316688957,0.043878655947617085
4.0200000000000005,-0.5167270120076746,0.0,0.0672469195044742,0.0,-1.9758681953198811,0.0,0.002627341500110928,0.0007886611095281299,0.0,6,SolvedWithSlack,144062,87005,362224,0.12220986468521658,7.993605777301127e-12,1.2568232045373495e-12,-0.9151653346912438,0.5202829710144792,-0.2805117639846995,-1.260768580644317,2.5136501704325633,1.7541091225531595,0.014503231382259377,0.7879817376119904,-0.8299216128924174,0.01076802152539558,0.01084447793733762,5.116581306146088,0.05350872517761726,0.8002894875072822,-0.033175630113306126,0.25730162358379954,1.9553578349634653,0.045298029266354435
4.025,-0.5167317327128702,0.0,0.06724749781199243,0.0,-1.9758936897532895,0.0,0.00617867572528327,0.0010494077601885252,0.0,6,SolvedWithSlack,155363,89078,367714,0.10885367071964178,1.4670676110687335e-12,4.882982039544626e-13,-0.9151011623671825,0.5248468923350774,-0.2854493611526826,-1.2607182656882774,2.513729127172373,1.778910293188182,0.011977370886768968,0.9952035766072568,-1.0880937256152547,0.009518310494457638,0.018405011598295006,4.858577327397775,-0.7380272453121928,-0.030355240212219244,0.17533596852413136,-0.3732322756579958,1.7416587315142684,-0.054415481552004694
4.03,-0.5167369577363983,0.0,0.06724785078138194,0.0,-1.9759286122557416,0.0,0.0073223763995242455,0.0010545601694765322,0.0,6,SolvedWithSlack,149452,84600,361482,0.10932431202304509,1.1873696470487971e-12,4.1471340250787136e-13,-0.9150493334721651,0.5294801732421562,-0.28913204670357256,-1.2606984662024685,2.5138187035562765,1.8014503527209866,0.009527232350693044,0.8816722150491435,-0.5103435000375437,0.0006858153191766784,0.01743418814162976,4.281801470126501,-0.7422503664490676,-0.04718271873833574,0.1802889183040303,-0.3725800448925555,1.7491889923687214,-0.0671126803850367
4.035,-0.5167419545737079,0.0,0.06724795095382458,0.0,-1.9759643409956675,0.0,0.006875345204148448,0.0009682599198236004,0.0,6,SolvedWithSlack,141948,74841,332788,0.11103979943099253,3.733645337344882e-12,1.4507423040654999e-12,-0.9150055943352049,0.5335415199950884,-0.290046893306316,-1.2607134228996368,2.5139010521496967,1.8211401695431055,0.008339251825640588,0.7666549089290403,0.027536342602825753,-0.005056428846483965,0.015755774687896365,3.716282004990083,-0.33091932169024374,0.045379580030306066,-0.006516727835882891,-0.024321767569178827,1.7766367908958804,-0.17461989733181688
4.04,-0.5167465576995248,0.0,0.06724791972162655,0.0,-1.9759941949915858,0.0,0.005268414338790351,0.0008788751881228308,0.0,6,SolvedWithSlack,138692,77346,324273,0.12243372147813465,5.4924953474255744e-12,1.9811652318679762e-12,-0.9149627247568632,0.537201596924562,-0.2904139053763674,-1.2607362802957902,2.5139727425653686,1.8370595134877394,0.008692913226493211,0.7090329697249228,-0.13830551132277497,-0.00423706257398479,0.013429978689890982,2.841089398634902,0.05715515793329205,0.8073084622033563,-0.0342349063590333,0.25789288513903363,1.9589395436501544,0.0503192343610218
4.045,-0.5167507382857534,0.0,0.06724792266826991,0.0,-1.976014797614377,0.0,0.003346280735498492,0.0007884022630230287,0.0,6,SolvedWithSlack,142308,84399,335574,0.11313270877722659,1.2514425427784233e-12,8.399791279201096e-14,-0.9149176151057973,0.541391414525827,-0.29210568494513406,-1.2607449056843778,2.5140491744347955,1.8511869952347948,0.009200009595973599,0.9228693056124692,-0.46670197055292395,-0.00025588810698103765,0.01623125839916686,2.815089735324745,-0.334557336046409,0.04960400092167683,0.010798487284092412,-0.018174549862342418,1.8101233404356254,-0.1900742882798641
4.05,-0.516754457566953,0.0,0.06724796300143113,0.0,-1.976027044256404,0.0,0.001921940116029254,0.0006976870057517124,0.0,6,SolvedWithSlack,145244,73949,333460,0.11339392350026324,1.1975420655119251e-12,4.4327042036940156e-13,-0.9148718612906185,0.5458098824724958,-0.29460546496773077,-1.260747719599657,2.514120318643782,1.8627063554854968,0.009123730600210418,0.8576983930575047,-0.52135791396256,-0.0007346345236473645,0.012998877882571216,1.9748605724043446,-0.7401115113758946,-0.08521775465402767,0.1927696699504475,-0.3596772643537119,1.7820720012593507,-0.1054839452501107
4.055,-0.5167576901326935,0.0,0.06724791205415098,0.0,-1.9760340607504436,0.0,0.001122977497559198,0.0005950529428250166,0.0,6,SolvedWithSlack,150495,73840,330114,0.12185734252798516,4.4244885533117895e-12,7.066630267060781e-13,-0.9148293408172252,0.549702583791288,-0.2954247817252174,-1.2607643688649017,2.514178253241791,1.8711518829891203,0.008179760836691412,0.7264257269575601,0.06589000099954356,-0.004761852527239751,0.01068521832511322,1.5051378190583307,-0.33158140249653045,0.054577821692097295,0.029067533743177276,-0.007019108563406082,1.8443186335006767,-0.20715748229757477
4.0600000000000005,-0.5167605107391888,0.0,0.06724782177197362,0.0,-1.9760363377128929,0.0,3.395624131653072e-05,0.0005437247999574095,0.0,6,SolvedWithSlack,139203,80863,325535,0.11590123730333833,3.3707622060933657e-13,1.7082169012638815e-13,-0.9147869962761579,0.5531552660184396,-0.29524254093632235,-1.2607827904681332,2.5142267692384426,1.8763446721030568,0.00861749083284544,0.6667569223078947,0.017469085929897092,-0.003020714224905588,0.009098794909252958,0.7383728635333471,-0.7298757553464059,-0.09691342330621022,0.19703210341567515,-0.34631889775409247,1.7983134243904475,-0.1236060625195942
4.065,-0.5167630130756202,0.0,0.0672477245619903,0.0,-1.9760341440824358,0.0,0.000631892449498104,0.00047909919728804113,0.0,6,SolvedWithSlack,145815,74040,330695,0.13038556671361912,4.934826852709406e-12,7.500389198611401e-13,-0.9147460984217823,0.556097139927002,-0.293491104498562,-1.2608053967419501,2.514267901690921,1.8787993599487158,0.007949863963451846,0.5367709860562212,0.5641539334605176,-0.005312222159077038,0.007664686445977348,0.3317356588244871,-0.32856420163558936,0.05969137821107484,0.04400326645268163,0.0026905670587340086,1.8732827902806184,-0.22165546341315248
4.07,-0.5167652445376099,0.0,0.06724763282514849,0.0,-1.9760284366873069,0.0,0.0015217543384659711,0.00045788369957448246,0.0,6,SolvedWithSlack,136418,74271,317199,0.12285840586826524,7.602807272633072e-13,2.650518693414483e-13,-0.9147045549114144,0.5586196732278097,-0.290823588197081,-1.2608235149483464,2.5143045252517626,1.8783375082504064,0.008494384814447448,0.4831483305145436,0.5137282645271013,-0.0026144026613880403,0.007108969178016381,-0.3651402797074781,0.06706091793468973,0.8162450323772716,-0.03531229308706522,0.26238913513132023,1.9657344938922439,0.05421301312210689
4.075,-0.5167673280845748,0.0,0.06724765662462943,0.0,-1.976017832502572,0.0,0.002518774716665225,0.0004402064817362613,0.0,6,SolvedWithSlack,139212,73890,329382,0.13567028741031606,1.0516032489249483e-12,3.276406923546915e-13,-0.9146600273946007,0.561705008349023,-0.2894754430229776,-1.2608217364857048,2.514349204886322,1.877449599024885,0.009125819057764075,0.7052702597560015,0.11291767506058147,0.002056544172927434,0.009909908735927338,-0.05699883639320881,-0.3323469477990834,0.06351416532736615,0.05539337726168572,0.005390761132802548,1.8942926725109686,-0.23063948859753727
4.08,-0.516769273209518,0.0,0.06724775524217248,0.0,-1.976003721195658,0.0,0.0029558683560597966,0.00042764867408586133,0.0,6,SolvedWithSlack,136267,73048,313512,0.12042199447168209,1.4352963262354024e-12,3.9832026565989054e-13,-0.9146145322747105,0.5650494072521169,-0.2888019847776654,-1.2608111380420448,2.514393719571275,1.875072024344587,0.00908490186267504,0.6448045213301697,0.1486547177400154,0.002130830673956009,0.008290974569804816,-0.7446430821059318,-0.7258183585286844,-0.11874201248234943,0.20471739060185953,-0.3356620788825869,1.8186175198053383,-0.14764366720045438
4.085,-0.5167710492529533,0.0,0.0672477716548096,0.0,-1.975989024053792,0.0,0.002881492404417283,0.00039224676513537754,0.0,6,SolvedWithSlack,143090,72257,319042,0.11135108914669178,3.786151947515748e-12,6.240008509905692e-13,-0.9145719329776208,0.5678533760536397,-0.28634754759965275,-1.2608122841678124,2.5144288131730432,1.8703239310499091,0.008223981706052163,0.5054860096169171,0.7108050624154045,-0.0015754026142530513,0.0062389947389208476,-1.0813516694203855,-0.5288259074059444,0.19740445714347787,0.12321797996420175,-0.22413121734721933,1.7816174263470685,0.007818746981702946
4.09,-0.5167726479036917,0.0,0.0672477566093835,0.0,-1.9759742456044327,0.0,0.0030382137349228983,0.0003700647956501377,0.0,6,SolvedWithSlack,154702,78668,365350,0.14532124696566037,2.1884716261411086e-12,5.359471547117245e-13,-0.914531475273109,0.5703387242196446,-0.28221571068778273,-1.2608233404591607,2.514455123331925,1.8655979453154312,0.008021761369857654,0.49153888791174216,0.9006471709115166,-0.0025466644945578015,0.004656105788783377,-0.8574954870132211,-0.3419847733030301,0.06790367054762797,0.07856191503605914,0.00815003709717612,1.9293737119974783,-0.2470461198416226
4.095,-0.5167741852066238,0.0,0.06724775454317493,0.0,-1.97595797471942,0.0,0.003415905371403979,0.0003800700115273348,0.0,6,SolvedWithSlack,175902,109957,416597,0.12453066110521491,4.84477735707145e-12,5.87141446573014e-13,-0.9144897636588311,0.5726329402062168,-0.27761450778047236,-1.2608299379431518,2.514479103200716,1.859304521610896,0.008508002026743384,0.4372603645765009,0.9327699957253249,-0.0006014242686257421,0.0048707510994128195,-1.5166223961158918,-0.22650079566443898,-0.08510140718510542,-0.21170212387886533,-0.04643489651843346,1.4006371412756318,-0.013003962868630092
4.1,-0.5167755888489278,0.0,0.06724772851603986,0.0,-1.975937038617335,0.0,0.004896970858977855,0.00038745833990135557,0.0,6,SolvedWithSlack,137259,93236,365630,0.1451900376971086,2.6574298317427747e-12,6.621524075572927e-13,-0.9143741050047712,0.5745107958282047,-0.27584724735975,-1.2608302939333764,2.5144722116034837,1.8523129060767987,0.03250299270517077,0.3348589479027769,-0.019005767211984853,0.00020323948629067512,-0.0048876856314885924,-1.321814499703714,-0.3194168125171548,0.07384909695691777,0.07223549916781508,0.02340671062151317,1.9298147048530365,-0.2468230640850846
4.105,-0.516776720335049,0.0,0.06724769231319941,0.0,-1.9759103431415617,0.0,0.00546302390062859,0.00038454769736615707,0.0,6,SolvedWithSlack,163298,79480,361222,0.14853275356326248,4.626519424166284e-12,6.552391008246561e-13,-0.9142536469499101,0.5760872493347511,-0.2756164502110937,-1.260826104936611,2.514461088079056,1.8438553215678513,0.019790652699709275,0.3008200951216377,0.08773646267843609,0.0011898269402534085,-0.0006887438616098033,-1.9293356165201316,-0.31507089801703436,0.07733262301305599,0.07630774693259898,0.02921308979874073,1.9408507864946452,-0.2525056810575462
4.11,-0.5167776975326426,0.0,0.06724768820229132,0.0,-1.9758814665432538,0.0,0.005982103520152625,0.00037759387682483904,0.0,6,SolvedWithSlack,136858,73800,320987,0.151538078352816,4.760635653213941e-12,6.58439557217616e-13,-0.9141739441950495,0.5774712975872246,-0.27485038307175985,-1.2608181411217325,2.514466913520344,1.832490694580748,0.013974000678567926,0.26019898819306714,0.19508609033329505,0.0018141664147618996,0.002227835924460443,-2.4937857388882465,-0.31091668188994065,0.08055255672635409,0.07981959246089348,0.034584632926901726,1.9507221187171964,-0.25761473319978717
4.115,-0.5167785154577351,0.0,0.06724771350855248,0.0,-1.9758503610203173,0.0,0.00634839229877684,0.0003744166540915975,0.0,6,SolvedWithSlack,138722,75262,321557,0.12182550287898153,4.925169837818874e-12,7.184320412884082e-13,-0.914112840223632,0.5786445857221848,-0.27355006561461925,-1.2608078260526074,2.5144844639638673,1.818429788991887,0.011326605659131938,0.21743351124476593,0.30168264754918295,0.0021919673991187775,0.004233895047304556,-3.0167492574008765,-0.6849385662768088,-0.11770570810254066,0.2071033548942686,-0.2952710901359265,1.8518832618152277,-0.1759899642750799
4.12,-0.5167792056509641,0.0,0.06724773744437165,0.0,-1.9758190891838692,0.0,0.006123354439226935,0.00035319435403594914,0.0,6,SolvedWithSlack,150674,74300,333751,0.1158196961244414,5.023092981858348e-12,7.382652567619954e-13,-0.9140627727087062,0.5793491086071445,-0.27036175089775644,-1.2608075683881739,2.5145051308665165,1.802759876726737,0.009336949146245799,0.09037836764988585,0.8534718815871651,-0.0011674047482469775,0.004036144653262071,-3.2091001642549526,-0.6617403797592402,-0.07844575787829626,0.19689348341155039,-0.28186147361076225,1.8468329992931194,-0.15687972642992964
4.125,-0.5167798121598728,0.0,0.06724773964536915,0.0,-1.9757893336947874,0.0,0.005839487603817436,0.00033793025268913357,0.0,6,SolvedWithSlack,138161,73699,318331,0.11028494468464844,4.9995562628118415e-12,7.457589318353658e-13,-0.9140191057783764,0.5794753397355239,-0.26471098262832776,-1.2608193761248956,2.514524210000187,1.786390658510529,0.008420799309921454,-0.017675916746035514,1.3078631645190195,-0.003009745707549738,0.003654744458543523,-3.3151805023810366,-0.3172924384433815,0.5075961558010564,0.044330225342154576,-0.09649272073291551,1.7645591149543751,0.14467713097841708
4.13,-0.5167804339973471,0.0,0.06724779624656761,0.0,-1.9757602816135131,0.0,0.00581783574915344,0.0003235883644079866,0.0,6,SolvedWithSlack,149663,75713,335454,0.12420654098163961,4.9797940691493726e-12,7.540125750334081e-13,-0.9139773172297901,0.5797466374295991,-0.25872263905970216,-1.2608311062196407,2.5145398144858273,1.772631533683368,0.008327218720471884,0.10164009508209024,1.1268762025646812,-0.0019412899189495086,0.0027559716960970427,-2.389172196318706,-0.7052324048374345,-0.133506636653893,0.21115111966878733,-0.30925958418411853,1.8450675479429384,-0.17728549042918262
4.135,-0.5167811104027691,0.0,0.0672478811846125,0.0,-1.9757323063277052,0.0,0.005398622011678177,0.0003199102351506019,0.0,6,SolvedWithSlack,173157,84520,374678,0.10985578353360748,5.051514839544802e-12,7.606149817108868e-13,-0.9139371256816768,0.5798645542478503,-0.25162470717832497,-1.2608454934606834,2.5145519426984135,1.7599112641955033,0.00788597934912918,-0.027776212285173258,1.6076042520473532,-0.003376585946562538,0.00221930491326538,-2.6434499655399204,-0.3322832814551899,0.4984782653013835,0.04661824277524941,-0.1080531528312069,1.7576925365377196,0.14675992509996788
4.14,-0.5167818551962177,0.0,0.06724796217084462,0.0,-1.9757057517988068,0.0,0.0052968185983637275,0.00031446221854545945,0.0,6,SolvedWithSlack,145745,72347,334692,0.12538639044600258,4.0000945264462295e-12,6.573570897686065e-13,-0.9138972159529308,0.58007794960052,-0.24420790247641486,-1.260857854792242,2.5145601187675934,1.749335416280502,0.008033275970419633,0.08911978214582282,1.4035380741409038,-0.0019313906123316986,0.0012627695625253821,-1.7751395308630393,-0.7183959952791351,-0.14144711222610612,0.2131568637582044,-0.3193081448939367,1.8389901000308877,-0.17542698435634493
4.1450000000000005,-0.5167826719680592,0.0,0.06724804743758284,0.0,-1.9756803900594124,0.0,0.004882310004780379,0.00031590932380441504,0.0,6,SolvedWithSlack,138491,72547,315486,0.15756960475122642,5.070610408227366e-12,7.774995586045351e-13,-0.9138580913727103,0.5801271580970806,-0.23579110326358477,-1.2608712764925556,2.5145652283391624,1.7395242270483144,0.007713827615803751,-0.0423111844467082,1.8630895502723404,-0.0030843730822301676,0.000879014423623013,-2.0824178234471553,-0.3489732549443654,0.0763677130354552,0.10570096014419936,0.015114785957567205,1.9739957118283276,-0.2678683280770849
4.15,-0.5167835924799512,0.0,0.06724807759902487,0.0,-1.975656155581093,0.0,0.004878695018854395,0.00033733011607497146,0.0,6,SolvedWithSlack,143781,75072,323772,0.11428724009416061,5.0397461114389724e-12,7.687612211312173e-13,-0.913817557633411,0.579802223527514,-0.22641819599159416,-1.2608775025546393,2.514575577103099,1.7273259442921207,0.008310792230817394,-0.07989731518155221,1.881861437314299,-0.000180754188962441,0.002760161245186404,-2.669257048900149,-0.6358095587066876,-0.014239841390594896,0.17996058305950696,-0.27105978767126226,1.8285958415065697,-0.11706329434937365
4.155,-0.5167845988215455,0.0,0.06724810103475751,0.0,-1.9756324814249289,0.0,0.004598767606726139,0.00033179788361067686,0.0,6,SolvedWithSlack,149272,72336,326777,0.43983144292888554,3.889333143590632e-12,8.287040758475639e-13,-0.913777266788836,0.57917270553139,-0.21615530528663315,-1.260881872395261,2.514586400729207,1.7139289329715928,0.007925567874020413,-0.1561652368196759,2.1621900977828385,-0.0012627899140024244,0.0018045004659658598,-2.685685080078264,-0.4152398422939423,0.8642352287051299,-0.04727492240461164,-0.8408544974518783,0.34748742137239197,0.7477134529791054
4.16,-0.5167855740554236,0.0,0.06724820953667568,0.0,-1.9756096331154227,0.0,0.004576379201883816,0.0002991201238526996,0.0,6,SolvedWithSlack,135255,74701,313532,0.12686923388032617,5.024536144240509e-12,7.571490363931371e-13,-0.9137388517694964,0.5791861546863386,-0.20725568982910964,-1.2609072697900667,2.51450733310171,1.7093264797895213,0.0075472749836724955,0.10727508620982064,1.534335387487496,-0.007247214677153629,-0.0257216871161119,0.2157236743149158,-0.7479702734804408,-0.15239724571899496,0.21567769759655447,-0.34429047877320257,1.820216552261676,-0.16378682354755922
4.165,-0.516786540908753,0.0,0.06724834028686683,0.0,-1.9755879151038573,0.0,0.00415031905248119,0.0003060924728219558,0.0,6,SolvedWithSlack,151406,80822,338890,0.12725782440401334,3.861577602653417e-12,7.99609051457058e-13,-0.9137017747028815,0.5793127820342736,-0.1981987628137657,-1.260940211816872,2.514411990302614,1.709001413843852,0.0073474893633617725,-0.028562741802769465,1.989335425613387,-0.00613343844542805,-0.015170839275802348,-0.245805817301819,-0.7462559091434622,-0.15512537160090487,0.21633830148682268,-0.34116331001539246,1.8244130557542009,-0.16910648700728256
4.17,-0.5167875630638795,0.0,0.06724833404416504,0.0,-1.9755681042315762,0.0,0.0038621190733375463,0.0003145776239006111,0.0,6,SolvedWithSlack,136869,74410,318081,0.1274719130307896,4.926280945904915e-12,7.601938284591825e-13,-0.9136653241791856,0.5787734492424531,-0.1870052241821847,-1.2609673504591772,2.514358906102305,1.706452720695409,0.0072601781345607835,-0.1600288379473474,2.3988396722589127,-0.004967255888710095,-0.007962243094302155,-0.679617374372588,-0.7451091840215747,-0.15716338481546235,0.21670225215234232,-0.3387641329563066,1.8279164674436528,-0.1735330895132855
4.175,-0.5167886218197467,0.0,0.06724827086642414,0.0,-1.9755492733603577,0.0,0.003715627593255936,0.0003181099305246423,0.0,6,SolvedWithSlack,146817,73820,326366,0.12751848104715935,5.1451065499261205e-12,7.16007403968675e-13,-0.9136291489206322,0.5775900764334637,-0.17389212405056984,-1.2609889068258535,2.5143344548984894,1.7018217261807245,0.0072214580829503125,-0.28709612258919964,2.7662806927961787,-0.0038957156208585175,-0.0031122703688807414,-1.084833903621935,-0.7444974105414262,-0.1585419269926721,0.2167814177801709,-0.3370583752543595,1.830758650100912,-0.17710824214128232
4.18,-0.5167897029253156,0.0,0.0672481926191889,0.0,-1.9755309332916693,0.0,0.0036431834719266674,0.00031869321870641235,0.0,6,SolvedWithSlack,154542,74301,335103,0.28131051836428567,6.635580048569106e-12,7.258201683725043e-13,-0.9135931032380107,0.5757848172563421,-0.1590601710068523,-1.2610055682842605,2.514329034962464,1.6952530052653645,0.007201919279137744,-0.4097064571875327,3.0948203448445626,-0.0029817186510674126,7.769337530890157e-05,-1.4609461803208341,-0.2686797073292671,0.8399204136637156,-0.044234776611221355,-0.16671956507152216,1.5499566353533696,0.4782278812192856
4.1850000000000005,-0.5167907876631697,0.0,0.06724822071546836,0.0,-1.9755119228735007,0.0,0.0039457895213569185,0.000305395453182716,0.0,6,SolvedWithSlack,144884,73690,324944,0.28813324478870794,4.4008913267085115e-12,6.184249129326393e-13,-0.9135563480034676,0.5745383399633479,-0.145770083974792,-1.2610128667703875,2.514325230860743,1.693658163557042,0.007435644034033559,-0.1436628427578026,2.3773659938531133,-0.0005817082800944849,-0.0012621271723929897,0.4156816526546104,-0.2798726224855178,0.8393238645147915,-0.044101506730608725,-0.17879549714708345,1.5361717616244148,0.48982651614080347
4.19,-0.5167918664024006,0.0,0.06724841943671994,0.0,-1.9754916021369273,0.0,0.004119736770370456,0.0002982845029716446,0.0,6,SolvedWithSlack,148861,73989,328861,0.12695660347156384,4.37419978710496e-12,6.327127529457649e-13,-0.9135187776080618,0.5745923292273889,-0.13583697403483969,-1.261011251538143,2.514315358720493,1.7009869175541863,0.007562858855535189,0.11249895179845001,1.7356311043002113,0.0008392082688090783,-0.002370764684667457,2.1411203984417835,-0.7730703725143653,-0.15676570855465446,0.21582622590165854,-0.36713475264290824,1.8004519209069962,-0.14946963909555425
4.195,-0.5167929573619877,0.0,0.06724858340921949,0.0,-1.975471767509385,0.0,0.0038173777605956653,0.00030746665936437587,0.0,6,SolvedWithSlack,137479,81023,324844,0.1434433267691886,2.8208546609675977e-12,7.337979313063099e-13,-0.9134816057015648,0.5747434698126312,-0.1258393150045223,-1.2610102284755516,2.5143109248987723,1.7098351235493234,0.007364501632301065,-0.023873414144755425,2.169015572712411,-0.0001579882642407601,-4.766822149148049e-05,1.5304619009193836,-0.39368476532636354,0.05517968905099835,0.10104978579111076,-0.026266500549845022,1.9294068390473353,-0.24385365550762061
4.2,-0.5167941170234187,0.0,0.06724862712298948,0.0,-1.9754524389738148,0.0,0.003957310477635135,0.0003368274307692396,0.0,6,SolvedWithSlack,147609,73840,328170,0.12635833038932523,4.423102400834267e-12,6.287329366033045e-13,-0.9134425406340474,0.5744953195673347,-0.11508649064550457,-1.2610021113314134,2.5143215553618266,1.71484427499742,0.008045104920532202,-0.06659016958740872,2.1386033665954876,0.0026294483096478533,0.003358882341248362,0.6616399255968999,-0.7558828821696276,-0.15281869132158715,0.21480916166185288,-0.3511569797817638,1.8136168823790038,-0.15993566826595979
4.205,-0.5167953201450338,0.0,0.06724862243640198,0.0,-1.9754331127492337,0.0,0.003755619401883765,0.00033265982940565837,0.0,6,SolvedWithSlack,137350,75622,318672,0.14862498608099411,2.6361135496699717e-12,7.150828865674919e-13,-0.9134037096348891,0.5737762568890923,-0.10321809359279303,-1.2609940420377943,2.514339265791092,1.7166371217865246,0.007619091844287911,-0.19462056333664687,2.524615529496967,0.001023120661960059,0.0036176180624005287,0.16355497240179662,-0.38179241305267486,0.06111064523496623,0.10291663360845268,-0.014415086317277476,1.944071914381428,-0.25266247633769
4.21,-0.5167965355112201,0.0,0.06724859663923091,0.0,-1.9754138975236302,0.0,0.003955129348036243,0.00034825562890392444,0.0,6,SolvedWithSlack,171955,101672,391610,0.1270069186382326,4.714720801268779e-12,6.169637991721657e-13,-0.9133637733557436,0.5726995786934675,-0.09078809065267586,-1.2609815347497089,2.5143639153774924,1.7151395904223423,0.008178384702804792,-0.22898662104545298,2.461070359306498,0.003327969603163718,0.005660897286709238,-0.5973785735837459,-0.24992038835676372,-0.10124847014242257,-0.2159117616849954,-0.06888448296869301,1.3697889673877586,0.001050844192953436
4.215,-0.5167977211552707,0.0,0.06724857007283673,0.0,-1.975391052368697,0.0,0.005136357320404229,0.00037441005153055466,0.0,6,SolvedWithSlack,156306,95481,365971,0.12511855053587312,4.900984999778313e-12,6.174801368167738e-13,-0.9132652234374341,0.5713312653922042,-0.08193618077031473,-1.2609621515439164,2.514360690665188,1.7126674744433135,0.027055583284583257,-0.30326210977709,1.3262860221537758,0.004133130056444819,-0.004183532267319345,-0.42792002896801534,-0.23561610117705437,-0.0885535541585685,-0.21270153591098429,-0.054867549784306115,1.388514754415782,-0.006587276294632682
4.22,-0.5167985830177357,0.0,0.06724852539276237,0.0,-1.97536051199977,0.0,0.006828041485128301,0.0003991549932488981,0.0,6,SolvedWithSlack,139603,78748,327349,0.13906373320109713,2.0321522242738865e-12,4.875544412641375e-13,-0.9130804961788124,0.5696099684535999,-0.07837421427845766,-1.2609404539079867,2.5143223590292623,1.7109169202767855,0.043238023292246394,-0.37134115986899363,0.3177673883603436,0.0043960928919236485,-0.009569705005286304,-0.299939706416413,-0.3271100371746511,0.06736451539212696,0.06537793238827919,0.013106090465867429,1.9081346726605284,-0.23640834644186512
4.225,-0.5167886892193844,0.0,0.0672486148454702,0.0,-1.9751710046096593,0.0,0.04334398083547822,0.0028768890120159443,0.0,6,SolvedWithSlack,151306,102173,363236,0.11763056021195682,1.6484591469634324e-12,4.3502007551765587e-13,-0.9128842577955989,0.5679005677967175,-0.07650112833412856,-1.2609339827385748,2.5142832156731485,1.7072812511540394,0.031906615740328034,-0.35203515927445134,0.381609248000684,0.0029230471041955188,-0.004014162472058495,-0.9775104885565238,-0.6892586608461571,-0.09707553486790771,0.19997195236032658,-0.3028929019544405,1.8344695364675683,-0.15585474695224769
4.23,-0.516781779311479,0.0,0.06724879659882464,0.0,-1.9750267222327973,0.0,0.02108091741998529,0.001220338604874704,0.0,6,SolvedWithSlack,140175,96632,346905,0.11788691952524688,1.3358203432289883e-12,3.696765116245615e-13,-0.912766910138238,0.5658054950504037,-0.07310350541169154,-1.2609196996019427,2.514282426763847,1.701483555547171,0.01910509478329436,-0.4625505213278619,0.8721823982602962,0.002611756743393814,0.0018627633893208565,-1.2780386562645267,-0.6926751352033649,-0.10063317015842665,0.2004077631929197,-0.3045452642525244,1.834888792620574,-0.15856005583109783
4.235,-0.5167798222638991,0.0,0.06724893835685122,0.0,-1.9749586169083597,0.0,0.009691315440772128,0.0004596381897747445,0.0,6,SolvedWithSlack,140566,97274,345933,0.14367731840321724,9.023892744153272e-13,3.1558089474970075e-13,-0.9126914596688583,0.5631778745732087,-0.06738112935933646,-1.2609101035418062,2.514300913570815,1.6942237069388613,0.013008923319922889,-0.566530732853198,1.320078336174973,0.0014106184717676345,0.004620298959045969,-1.5645291842224351,-0.3261036399990863,0.06986604742917496,0.0674291266385583,0.01678744885091537,1.9186667040557552,-0.24425144128546927
4.24,-0.5167803610948757,0.0,0.06724904566758025,0.0,-1.9749275277172516,0.0,0.004492762617131869,0.0003445005682290219,0.0,6,SolvedWithSlack,147659,81565,338419,0.12322079927744542,6.821210263296962e-13,2.4111268537296837e-13,-0.9126334361501937,0.5602803775063219,-0.06099784825963989,-1.2608964759828765,2.5143312698766582,1.6847270285808509,0.010876994153518537,-0.5878107332336718,1.2490504821176573,0.0034018807101986745,0.00682834804916034,-2.114951124216641,0.07893972323130617,0.8172062482403101,-0.03541888177014082,0.2730049005652959,1.9715327884391267,0.047516047890600786
4.245,-0.5167821127355933,0.0,0.06724922243772925,0.0,-1.9749118751079633,0.0,0.002517195559817926,0.00043564918975525207,0.0,6,SolvedWithSlack,139814,73759,320525,0.13693328882442127,3.410605131648481e-13,2.0577983761427276e-13,-0.9125812683559555,0.5581173278051137,-0.05628821890380277,-1.260868536453838,2.514375350729771,1.6756473898898891,0.010210113145601479,-0.3302086094843573,0.7449740287084442,0.006764154198140641,0.009846713915625971,-1.6236816389683126,-0.2984359883219265,0.07093037741279784,0.04500823751818514,0.028673336150017915,1.8920966474771976,-0.23278659100151616
4.25,-0.5167843631458141,0.0,0.0672494289485496,0.0,-1.9749021177955235,0.0,0.0016645419176574362,0.0004882961574041782,0.0,6,SolvedWithSlack,139263,74361,320516,0.1371790822352792,2.75783649851163e-13,1.9134693829414573e-13,-0.9125320774105964,0.5563929898907903,-0.05281878041784247,-1.2608370744601363,2.5144206100870585,1.6659857249485253,0.00964490989717675,-0.3544902099585377,0.6610906705327559,0.005942450495941622,0.008540630502457241,-2.130791380439889,-0.2876938090934404,0.07353037926499023,0.040139759611473314,0.03569166185316785,1.8913217806919478,-0.23320443979997463
4.255,-0.5167867641809323,0.0,0.06724953400969035,0.0,-1.974894419431623,0.0,0.0015280187011284404,0.0004997355273870637,0.0,6,SolvedWithSlack,167296,77356,361252,0.13715234299156906,4.1769122882673315e-12,7.097074664064174e-13,-0.9124846660510494,0.5545548027682389,-0.04979361832491832,-1.26081005249983,2.51445972327499,1.6539431538998015,0.00939776494721775,-0.37630327664246954,0.5689875876669485,0.005030528818154764,0.007369063506754288,-2.5869872368341844,-0.27723911751391567,0.07592028706453557,0.034945764169184906,0.04228347312419307,1.889705161138627,-0.23315898308566738
4.26,-0.5167891416023228,0.0,0.06724958285565986,0.0,-1.9748861654141332,0.0,0.001763359093572552,0.0004919623723153123,0.0,6,SolvedWithSlack,144623,75402,345693,0.2778111997770746,4.822854551078001e-13,1.1089740237224532e-13,-0.9124379888849771,0.5526140179473,-0.04725547124345302,-1.2607875584332522,2.5144934022924224,1.6397650040243998,0.009303119942233663,-0.3959941564205588,0.4681513091592599,0.004140450557045082,0.006340312157181323,-2.995337579516127,-0.24479881674089113,0.8233144009047783,-0.041250547641328184,-0.15564836684737113,1.5473635995559187,0.4722790396210268
4.265,-0.5167913487854643,0.0,0.06724968074502148,0.0,-1.9748765309746925,0.0,0.002030680642032393,0.0004437183459578423,0.0,6,SolvedWithSlack,143671,75723,328310,0.1130861226522328,4.500320472181074e-12,6.735881383918008e-13,-0.9123939304818824,0.5514030642151891,-0.046259458160113946,-1.2607769120637593,2.514508305227396,1.6309296901211938,0.008560346304735589,-0.1409116185962958,0.02660940645092566,0.0009436565024717937,0.0009823954725023828,-0.9767650241867738,-0.5937977291487319,0.053613458564113786,0.15865821097803692,-0.25300212755253165,1.809377962435725,-0.07805588307408569
4.2700000000000005,-0.5167933282513469,0.0,0.06724980556793148,0.0,-1.974866133081915,0.0,0.0020905128230365826,0.0004110974691468676,0.0,6,SolvedWithSlack,162417,74651,345853,0.12792253685223626,4.546869825095001e-12,6.602101135753935e-13,-0.9123525488338197,0.5505450203135936,-0.04496072528484246,-1.2607819455151585,2.5145130592149263,1.6259105519332122,0.008126577758907272,-0.19168089006108796,0.40956796627282627,-0.002106711969918151,0.0009088621907799666,-1.021184387818752,-0.2846428664736653,0.06823721683925216,0.023491031135149443,0.029484795316269907,1.8589782699026882,-0.21746831264880162
4.275,-0.5167952126434893,0.0,0.06724983625785397,0.0,-1.9748543650352313,0.0,0.0025793158237954372,0.0004196861209357358,0.0,6,SolvedWithSlack,139383,75903,323782,0.12852771361686974,8.739675649849232e-13,1.927461554078469e-13,-0.9123100700541883,0.54950579708951,-0.043281547723976535,-1.260788129655874,2.5145179616130586,1.6192491582106552,0.008686094835341118,-0.21853329198120897,0.2883785837611243,-0.0007248955847968711,0.0010344386913486204,-1.532260416817336,-0.27402249690659874,0.07118016325600485,0.019523261472765396,0.03677306949823196,1.8598318000287735,-0.21849711314867856
4.28,-0.5167970705537436,0.0,0.06724982029707062,0.0,-1.9748400670673751,0.0,0.003030588281505579,0.00042504032075570385,0.0,6,SolvedWithSlack,145545,75963,327499,0.11435810967704195,4.804033039429445e-12,6.891444337929487e-13,-0.9122656887079883,0.5483386800928917,-0.04221398974882444,-1.2607885692026168,2.5145236074042145,1.6101825317603005,0.008974758949242366,-0.2432904637304013,0.1653265682274478,0.0002770246799742247,0.0011934655182494357,-1.993958132678109,-0.6475018657205306,-0.04613136958346372,0.1839488701072164,-0.2802099427149816,1.8297297548326712,-0.13465813016754774
4.285,-0.5167988105188713,0.0,0.06724977971504391,0.0,-1.9748248854122465,0.0,0.002986384050824707,0.0003930844021156099,0.0,6,SolvedWithSlack,168137,99448,380268,0.11974656920822059,3.411937135112866e-12,1.8640633741434653e-13,-0.9122231313565267,0.5468647686378723,-0.03996875085781369,-1.2607963382445757,2.514529904677749,1.5998175243490593,0.008269195976953076,-0.32856217261836435,0.6313319017079252,-0.002577639265454965,0.0012725113918371903,-2.1237142130506466,-0.18520170029976743,-0.041884327977601374,-0.203569167653975,-0.003450005290629936,1.4662138410555912,-0.04735138410929399
4.29,-0.5168003742059395,0.0,0.06724971358555766,0.0,-1.9748070857893758,0.0,0.0041264263134584605,0.0004005297965779597,0.0,6,SolvedWithSlack,137821,80743,356534,0.11220018812860304,1.070257424460598e-12,5.656694730682421e-14,-0.9121374148565645,0.5450723808112597,-0.03959371710841385,-1.26080467484626,2.5145114117221894,1.5897345850210591,0.02273333501446307,-0.3782934371010607,-0.2826405584562817,-0.0011481269161592721,-0.006463694594572559,-1.9473467885087297,-0.4185715883127675,0.3042453069262379,0.09363187771288076,-0.1464127541930038,1.7952030100576486,0.030434432693121908
4.295,-0.5168017302808382,0.0,0.06724967842659921,0.0,-1.9747851037523283,0.0,0.004431309221182191,0.0003685879872966386,0.0,6,SolvedWithSlack,135485,72757,317740,0.12437204072151804,1.1128892439474715e-12,1.0494003669508922e-13,-0.9120500047684966,0.5433686106015125,-0.04051300532625457,-1.260812826507268,2.514488679673369,1.5812956750337928,0.014795846826350136,-0.31680516774566914,-0.1205311274819574,-0.0018844837963742144,-0.0034575387809258162,-1.5207952310153412,0.10535424733533041,0.8078923735843518,-0.033355240019131885,0.29891519598333227,1.9899526515442887,0.02338968595042066
4.3,-0.5168029322274467,0.0,0.06724977433338743,0.0,-1.9747609605741392,0.0,0.005148822284198733,0.0003585164159679039,0.0,6,SolvedWithSlack,146557,73639,335444,0.11371586414093411,2.1389557378800252e-12,2.2227905686856772e-13,-0.9119851319784128,0.5425348603174401,-0.04218378096987312,-1.260808265512871,2.514489084752853,1.5747877205528318,0.012054195854020509,-0.06826785456388985,-0.47131929518892923,0.0025123190517214776,0.0020840631443511766,-1.1605454768477141,-0.6384533930824225,-0.024606587204838524,0.17772300221314674,-0.2790399389515407,1.8194538262549458,-0.11779394044951036
4.305,-0.5168040033355711,0.0,0.06724990793045027,0.0,-1.9747351517611111,0.0,0.005060629485868809,0.0003403627362620194,0.0,6,SolvedWithSlack,145084,72998,323611,0.11368147014737377,2.216671433772975e-12,2.3728767431854814e-13,-0.9119325740203456,0.5419474701559684,-0.0429892301881365,-1.2608065365544596,2.5144989407117655,1.5685180096002758,0.009717598124718382,-0.14996046941163108,0.03817354792255018,-0.0008948133497078892,0.0018783770883557946,-1.3139449834926282,-0.6449465168879922,-0.03129331370983145,0.1792157392722762,-0.28284010188129943,1.8189035223579804,-0.1206447206876051
4.3100000000000005,-0.5168049425060078,0.0,0.06724994374206889,0.0,-1.974710380735057,0.0,0.004890241015006446,0.0003307792562967169,0.0,6,SolvedWithSlack,141788,72648,319584,0.44372536733018264,8.260061456185151e-13,2.051066022752679e-13,-0.9118876412949338,0.5409521986287276,-0.041392392273876547,-1.2608177610415472,2.51450743503435,1.5615011575033628,0.00860849975602657,-0.23134809823516417,0.49999385664578494,-0.002984384972416996,0.0015754386416497246,-1.4607943316763707,-0.4033077013755872,0.8384661082738324,-0.043817773681871154,-0.8173287892119976,0.35275095654629873,0.7543331244613105
4.315,-0.5168057894577224,0.0,0.06725003671753768,0.0,-1.9746857804137024,0.0,0.004953062992064623,0.00029601252004271544,0.0,6,SolvedWithSlack,153971,74300,341776,0.11268104405400264,9.86631349536582e-13,1.830670684149576e-13,-0.9118471050582808,0.5405713156111924,-0.04027715141812022,-1.2608535608388682,2.5144259403889313,1.5627767150115646,0.007841431324767523,0.025932684175975065,0.045278989688156024,-0.009479763650191136,-0.026301517536197302,1.3593404356473169,-0.29079816493383187,0.05762492698511723,-0.0016097781868003036,0.0108084971251933,1.8028967048640423,-0.1892904106995763
4.32,-0.5168066757759715,0.0,0.06725015613975452,0.0,-1.9746607988817233,0.0,0.005032051973059791,0.0003384881054271687,0.0,6,SolvedWithSlack,138221,73679,317620,0.11309481511197433,8.677503239620681e-13,2.0871091487187452e-13,-0.9118057411437328,0.5405966780415753,-0.040559691977396124,-1.2608854487517644,2.514328614058516,1.5676029663742337,0.00849947489716737,-0.008747666302244448,-0.1219984102855051,-0.00452803596813177,-0.015444063604724832,0.7115683154367785,-0.2786024152268455,0.06160103955967844,-0.00410264715717179,0.020150635722328565,1.8078245452829846,-0.19226118569035636
4.325,-0.5168077334782286,0.0,0.06725016058765379,0.0,-1.9746355537699536,0.0,0.005052389610278865,0.00036982638087981436,0.0,6,SolvedWithSlack,146827,75754,327659,0.12363083594634076,3.045563827726998e-12,2.2613449504051922e-13,-0.9117620675734424,0.5404555864238278,-0.04165479031082398,-1.2608968802740883,2.514275119789712,1.569356221668277,0.00885945996301464,-0.041132553562583864,-0.2814405048657706,-0.0009773420906252518,-0.007923875696047586,0.11838047533519,0.09496545711303947,0.8071463841937447,-0.033352356920773624,0.28919607250283463,1.9780933751414522,0.031733697465464644
4.33,-0.5168088817489118,0.0,0.06725021159289223,0.0,-1.97460978940262,0.0,0.00524026123570382,0.0003678205896164776,0.0,6,SolvedWithSlack,158098,98235,374788,0.11906866137267083,4.114265074707659e-12,2.922921778746035e-13,-0.9117162700183906,0.5409593868031132,-0.04407767451421114,-1.2608860860423452,2.5142644825145872,1.5706314195346076,0.009324880126615174,0.19428718398243722,-0.6148513504552877,0.00394365295167366,0.0011707083680341974,0.34280513730519535,-0.19287815725061466,-0.035628851066137904,-0.2024167243335404,-0.010410263043544137,1.4630835973824288,-0.04184826286896087
4.335,-0.516809983687641,0.0,0.06725029439431791,0.0,-1.9745816188035388,0.0,0.0060135650070498575,0.0003901857038069712,0.0,6,SolvedWithSlack,140325,78559,325845,0.11257107011786513,8.641977673597724e-13,2.1378767354508776e-13,-0.9116159119653907,0.5417169032044409,-0.049524513824826796,-1.2608663003165783,2.5142531933418977,1.572188879402598,0.0268951366890056,0.12329670263588333,-1.394359174678678,0.003906629301322845,-0.00416568290598977,0.29140742515961654,-0.24964303749585662,0.06799496798602372,-0.017859418729419263,0.0375865459964161,1.801137121885842,-0.1887551014221972
4.34,-0.516810958743991,0.0,0.06725028505110853,0.0,-1.9745507296722107,0.0,0.006175777073225697,0.00040072061823331944,0.0,6,SolvedWithSlack,137310,73880,317169,0.12426748620945578,1.1839420177120653e-12,8.41489421546382e-14,-0.9115127067896834,0.5422621362391737,-0.05671234140487982,-1.2608460722964678,2.514244069238338,1.572003528949202,0.017442635064427444,0.09844359513089897,-1.4656801134384865,0.004080050669760686,-0.00048824491142568805,-0.24847449983821984,0.1068351154290998,0.80687101903798,-0.03277821194763852,0.2992330329669955,1.9882797793512925,0.024451414940785746
4.345,-0.5168118751842306,0.0,0.06725034138471994,0.0,-1.9745187550330148,0.0,0.006569286482980857,0.00038109269974839636,0.0,6,SolvedWithSlack,146727,73930,333410,0.2891482751600422,3.302248148872809e-12,2.0102550266770658e-13,-0.9114390548738365,0.5434567506434248,-0.0646680699140081,-1.260817795008435,2.514263026335559,1.5714801067351005,0.013352885766539115,0.33098242741428524,-1.6716466068736264,0.006515831575790816,0.006180274964994681,-0.012286416439005347,-0.2596758505453571,0.8181636557087891,-0.040278898715488794,-0.17485107905934988,1.5216328448972651,0.4915520677720717
4.3500000000000005,-0.5168126353899641,0.0,0.06725053424621066,0.0,-1.9744859965413168,0.0,0.006466873785554778,0.000339181165815407,0.0,6,SolvedWithSlack,146166,75903,328030,0.11255983028673061,2.81375510407445e-12,1.3031112647277077e-13,-0.911381863834285,0.5457983370181749,-0.07366701796827689,-1.2607976043058737,2.5142809439299056,1.576863247083178,0.010461645720026223,0.5584871030015367,-1.8819345322060717,0.0025758946755434064,0.0020642304841756703,1.7770340322171285,-0.2785878148725135,0.0610173954392757,-0.00683086719244308,0.01829160933297032,1.8009572845876898,-0.18619681781643804
4.355,-0.5168133423563805,0.0,0.06725068709294359,0.0,-1.9744539304041762,0.0,0.006389130456615197,0.00036587899346335144,0.0,6,SolvedWithSlack,141738,73890,321607,0.11333802725149186,1.2576606422953773e-12,2.642092274129926e-13,-0.9113314127123551,0.5484270206476345,-0.08301964657183857,-1.2607856873294487,2.51429371772201,1.5836691262845175,0.009899702732277214,0.5039771183991429,-1.863268039457584,0.0022468420552169775,0.00281693337326722,1.0935703043074272,-0.27254067441910823,0.06435000123465939,-0.0023987138393306018,0.025673291543847933,1.8134084360238698,-0.19263255456427195
4.36,-0.516814157546599,0.0,0.06725071317970664,0.0,-1.974422375371459,0.0,0.006248745177898963,0.0003859583390054187,0.0,6,SolvedWithSlack,148531,73499,350052,0.1234430268167434,4.236878209384898e-12,6.492174419586716e-13,-0.9112827288900895,0.5507872052089984,-0.09224131113334086,-1.2607753009306346,2.5143097525199063,1.5872005826698377,0.009652575552528,0.4508779925884564,-1.8322080629546313,0.0019566172726414185,0.0034093598448125136,0.45711320935092203,0.09129426082969773,0.8113160803429005,-0.03356985387046775,0.2836636233243489,1.9750884290678945,0.03960059800513754
4.365,-0.5168150524735446,0.0,0.0672507711453318,0.0,-1.9743911569044765,0.0,0.0062595510734136705,0.0003747194669022908,0.0,6,SolvedWithSlack,136938,72747,314794,0.11938322262598565,5.040418596361559e-13,1.3217205108162489e-13,-0.911234049466585,0.5536921625229707,-0.10191639486387126,-1.2607579974227412,2.514340280860745,1.590136722455536,0.009786308715945241,0.6667415897591109,-2.0007689615737716,0.004295754115766582,0.007585868429012803,0.6708116530146696,-0.28083120098497244,0.06662039495954336,0.011654195611630835,0.026039419667168724,1.8360973883685474,-0.2029514784641756
4.37,-0.5168160244701322,0.0,0.06725085958931667,0.0,-1.9743605975832477,0.0,0.0059760746617684496,0.0003865072321105481,0.0,6,SolvedWithSlack,138962,72898,316749,0.11091185856418107,3.4728384230168486e-13,1.9347023982874134e-13,-0.9111856726480001,0.5568448449257913,-0.11163085266659757,-1.2607410379828128,2.514374216254626,1.591575658471864,0.009615867477700596,0.6066225723268819,-1.9057017431132754,0.0028295940830270487,0.006289181028005352,0.04138866820905479,-0.47159009182227046,0.26336678469019387,0.1056745454501637,-0.1898973020089025,1.774589737026897,0.037073661565907134
4.375,-0.5168170262287493,0.0,0.06725088239660308,0.0,-1.9743322636294203,0.0,0.005441883100541681,0.00036260823482517905,0.0,6,SolvedWithSlack,143862,73458,322038,0.12614737815920157,5.258016244624741e-13,2.2730428650419299e-13,-0.9111401686888057,0.5598786189830649,-0.119992993407357,-1.2607386523158346,2.514401535583986,1.5925316096107098,0.008832984936122043,0.606954702279818,-1.52238612991688,-0.0008751194002146087,0.004933589524387902,0.2875070719989437,-0.2932196721458088,0.06777023511406266,0.029752626530976045,0.024354321918331853,1.8607978451124598,-0.2144505428706427
4.38,-0.5168180621258556,0.0,0.06725087618499702,0.0,-1.9743056710733595,0.0,0.005283923046908074,0.00037785100397466056,0.0,6,SolvedWithSlack,154652,81053,352326,0.1150900852161653,3.249334828980821e-12,7.455550933566091e-13,-0.9110950669129241,0.562734571750469,-0.12727621514167464,-1.2607422370627541,2.5144249882308674,1.5920534347239235,0.009114728734782676,0.547613114751093,-1.414396455871873,-0.0006190137749990277,0.004528416828057978,-0.34207950010710203,-0.6847613387354493,-0.08197477901600908,0.195653144867481,-0.3080967445149028,1.8196897904570652,-0.13558765592644118
4.385,-0.5168191456490969,0.0,0.06725081698305105,0.0,-1.9742806233014651,0.0,0.004782718116172664,0.00036060733726531305,0.0,6,SolvedWithSlack,146126,75312,338820,0.28529117409521676,4.678006246261468e-12,5.642840795322401e-13,-0.9110519404203272,0.565081405299518,-0.13227217292515706,-1.2607567570674416,2.514445548982925,1.5894347675312226,0.00836721619493371,0.4179979662907824,-0.7323624274439359,-0.004167923110489683,0.00382816961055414,-0.640582328319459,-0.25712905738725134,0.8314732216295021,-0.04202638725710282,-0.16618056726408337,1.53718402093405,0.48499499596186846
4.39,-0.5168201865089239,0.0,0.06725081844647021,0.0,-1.974257136298302,0.0,0.0046946829768742294,0.00033081953626370227,0.0,6,SolvedWithSlack,143902,74321,335023,0.12157958592710398,4.170067069431127e-12,2.5558721805651885e-13,-0.9110108706536446,0.5678570226992351,-0.13687957782339719,-1.2607793469591155,2.5144497426340124,1.5917956415826067,0.008138665933927699,0.6454171757626346,-1.0427322622031625,-0.004655469384178124,-0.0008827474323903242,1.1879896330363402,0.056582144294338346,0.8216313482339769,-0.03570798213647948,0.2489439349877831,1.9452733748336637,0.07319072598068413
4.3950000000000005,-0.5168212700800837,0.0,0.06725096004587426,0.0,-1.9742329918992796,0.0,0.004948480976049603,0.00034457371758963873,0.0,6,SolvedWithSlack,137480,74801,317670,0.1212292288922972,2.2026824808563106e-12,5.699191119035163e-13,-0.9109674796839324,0.5717300935792445,-0.14286502981183954,-1.2607878991354338,2.5144577111583866,1.598503001895603,0.008963490580577216,0.8597716573993043,-1.2959789088907907,-1.0756431631935058e-06,0.002994488429421441,1.4400564244586724,0.04597224206424094,0.8244553925817178,-0.03624593464415532,0.23917347971459416,1.9396676622767552,0.08112634435758048
4.4,-0.5168224586518408,0.0,0.06725116255768675,0.0,-1.974207783158112,0.0,0.00508422304751826,0.0003581504471486622,0.0,6,SolvedWithSlack,134314,74200,313092,0.1268795261248682,4.475189270615857e-12,6.529447121872423e-13,-0.9109213810222243,0.5766562655463445,-0.15003638327428617,-1.2607787589564816,2.5144798353783147,1.6064713089203617,0.009358234963860682,1.0678944721170922,-1.5228228682243636,0.0028586276010211247,0.005209047062851644,1.6923125804334058,-0.7682655431040647,-0.1518000984388749,0.21569519441227594,-0.3661134950539111,1.804733729524841,-0.14521659348584448
4.405,-0.5168236601203604,0.0,0.06725127489167076,0.0,-1.974183969989834,0.0,0.004468645309925513,0.0003521394265984375,0.0,6,SolvedWithSlack,146768,77877,330664,0.14522495104324698,5.145655573161224e-12,7.936325208124373e-13,-0.9108777789387408,0.5814730738991459,-0.15528802209535572,-1.2607798836414195,2.5144998132302008,1.6132908617335142,0.00838390183485303,0.8946548032284508,-0.7466781944634,-0.0019910337636701975,0.003258159561649839,1.152528092712482,-0.3712725338138937,0.06803213193046914,0.09898913102575302,-0.007695923846093362,1.942158449851037,-0.24688241677351985
4.41,-0.5168248717244053,0.0,0.06725123379762049,0.0,-1.9741620616991369,0.0,0.0044023291590793295,0.00037105204181919613,0.0,6,SolvedWithSlack,140846,76315,325666,0.15095865826546329,5.376582833384685e-12,2.651212582804874e-13,-0.91083472551601,0.5857198062234589,-0.1581986092044226,-1.2607867413584106,2.5145185860637977,1.6165301556965213,0.008725075210761704,0.8195400031200809,-0.4763440043838778,-0.0010018656018871384,0.004017468766718986,0.3231644537263141,-0.36740182101891117,0.07383380346707952,0.10843328894020116,7.416343277871079e-05,1.9624447071058095,-0.25662971905128756
4.415,-0.51682615265632,0.0,0.06725115536188145,0.0,-1.9741399669712312,0.0,0.004427280072819382,0.0003823882247322678,0.0,6,SolvedWithSlack,137690,73449,319263,0.13014737278490435,4.8848497139232365e-12,1.0008591178056747e-12,-0.9107905770437144,0.589602343681829,-0.15974648917222964,-1.2607893100224363,2.5145410871666782,1.6157776614387542,0.008881771618482222,0.7481944643115445,-0.202388786230807,-0.0002290349414740256,0.004752990510014552,-0.45518730864610896,-0.7444930427780478,-0.1642580940927148,0.22125053373433737,-0.3388521430767829,1.8298928337964988,-0.17313019593929438
4.42,-0.5168274202865686,0.0,0.06725104594079641,0.0,-1.9741187238702156,0.0,0.004090104146223605,0.00036561658404778087,0.0,6,SolvedWithSlack,156857,74461,340253,0.1204958664930752,5.832666312479485e-12,6.817940309544746e-13,-0.9107484883010765,0.5928437595365211,-0.15875096695048166,-1.2608005735436862,2.5145589594776774,1.6122322807293106,0.008172233001530417,0.5825660818648626,0.4570763326573771,-0.0033814804929996785,0.002872695667220873,-0.872338086376415,0.03850701376057547,0.8360293285934147,-0.03807880535447097,0.22660584428164543,1.9279338638892032,0.10006845488551348
4.425,-0.516828668933184,0.0,0.06725101120601856,0.0,-1.9740973639801722,0.0,0.004481840693198573,0.00036328409858825655,0.0,6,SolvedWithSlack,138351,74140,321216,0.12005134022278083,5.4924880848542675e-12,1.1460606769153614e-12,-0.9107052724403244,0.596433094528056,-0.1577276962118157,-1.2608041703401434,2.5145771773893464,1.609541673403573,0.008892897773416826,0.8069708674012096,0.0426546193966474,0.0008133365993377424,0.004057819739251169,-0.3230862840828568,0.026232260936821072,0.8391512889806276,-0.03859978310273632,0.21501713801745065,1.9208214435644932,0.10972450936528388
4.43,-0.5168299563489309,0.0,0.06725114674568297,0.0,-1.9740740111693178,0.0,0.004766105537181958,0.0003640486343154666,0.0,6,SolvedWithSlack,137319,73829,318352,0.11951090995468377,6.190588923968069e-12,1.234127383620276e-12,-0.9106597067954254,0.6011235069855732,-0.1586469996388359,-1.260792150968525,2.514599018586857,1.6095279110080314,0.00923297419514982,1.0244042645757145,-0.3291827517887038,0.0032893407245174603,0.004513740989641574,0.20330689822834788,0.010857279946946574,0.8433652694617741,-0.039321522751287225,0.2005038095750123,1.9121745592749404,0.1218263922096473
4.4350000000000005,-0.5168312617280004,0.0,0.06725135616120684,0.0,-1.974049792456481,0.0,0.004879928747874673,0.00036507151715191153,0.0,6,SolvedWithSlack,152679,77877,346895,0.11887538997699795,6.732378184413481e-12,1.2855168318726129e-12,-0.9106130735647571,0.6068817114755436,-0.16131132380617677,-1.2607717945009176,2.514621543877074,1.612107937616267,0.00938055218250196,1.235395102578585,-0.6634893167069332,0.0044758029393839795,0.004467270734819341,0.7171109295200814,-0.007607496272493797,0.8487392622366651,-0.040241525504994574,0.1830070445110942,1.9020062396319672,0.1364728450311064
4.44,-0.5168325760775895,0.0,0.06725158638678747,0.0,-1.974025296956625,0.0,0.004903831689128342,0.0003663110296973875,0.0,6,SolvedWithSlack,137239,72887,322740,0.1637944834694545,8.462563982902793e-12,1.1043665981702588e-12,-0.9105660434238791,0.6136772043445559,-0.1655468668237875,-1.2607484603973327,2.514642770466999,1.6172479454599336,0.009424162856783118,1.4405131639279667,-0.9648186443492845,0.004725575658694549,0.004087863731456479,1.2279029022410164,-0.43990730359594754,0.049461720039966184,0.17107074242797218,-0.028787709017255296,1.992269496969284,-0.2784506218980726
4.445,-0.5168339019085704,0.0,0.06725172336184214,0.0,-1.974001596499817,0.0,0.004596665705732033,0.00037740495506050336,0.0,6,SolvedWithSlack,146466,73098,325515,0.12906169853115287,3.169020601490047e-12,1.0808038392476747e-12,-0.9105198516674464,0.6205488000711769,-0.16870045530449013,-1.2607322942114325,2.5146638638731185,1.6205154925077327,0.009137731184921036,1.3308138561303398,-0.4159330585662216,0.0023342065175899207,0.00425983224642831,0.283944839860102,-0.7591256146806585,-0.13499461158069798,0.21940488750295986,-0.3517556581550233,1.8195900327920171,-0.14334703373468957
4.45,-0.5168352018254035,0.0,0.06725168405919235,0.0,-1.9739800616512009,0.0,0.004100906050191393,0.0003672101243690857,0.0,6,SolvedWithSlack,152538,80983,340573,0.11755471985999684,4.88762128715395e-12,9.212387797052912e-13,-0.9104769594775174,0.6266733326996183,-0.16871237038695272,-1.2607377837497942,2.514675881550776,1.6207416741477825,0.008281873805870796,1.155203736117255,0.2633827437459739,-0.0030509957759119683,0.0013183443288600103,-0.10831290324883014,-0.029052373553956113,0.8628004105981243,-0.042239749596620885,0.1565252919359433,1.8808755177599494,0.16675793390724494
4.455,-0.516836473833157,0.0,0.06725164622785026,0.0,-1.9739590144214176,0.0,0.004371365564310351,0.00036422358007476887,0.0,6,SolvedWithSlack,146727,74691,326998,0.11376240274057878,3.6135276356360617e-12,6.646211359040421e-13,-0.9104338776659351,0.6330939072190261,-0.1686245540345285,-1.260745446885388,2.5146824689230294,1.6223175825591019,0.008794241391917822,1.3689509333076793,-0.14017753321800835,-0.0006413099213376296,0.0013077428115944453,0.5875899158396607,-0.7103667940278582,-0.02719169895290921,0.19339608465898392,-0.33010768086642234,1.7986958883929742,-0.07923625907039578
4.46,-0.5168377365433151,0.0,0.06725164243493884,0.0,-1.9739378509944305,0.0,0.004058625290667847,0.00035622883225727334,0.0,6,SolvedWithSlack,145735,72708,323040,0.1512209867336322,2.4370058560840265e-12,5.041800310578992e-13,-0.910392100955409,0.6395285973746051,-0.1676492229932731,-1.2607605752498054,2.5146818839415097,1.6246271484709514,0.00812256267717398,1.2329509879682417,0.41053347630222325,-0.004348793610301255,-0.0009373947413979126,0.3810383389235501,-0.8167145386388948,-0.26245858516227805,0.25707567744717474,-0.37040290633490947,1.8513482761328672,-0.221142033470955
4.465,-0.5168389632811384,0.0,0.06725151447999947,0.0,-1.9739185875150005,0.0,0.003730643831007962,0.0003547394532780693,0.0,6,SolvedWithSlack,139163,72998,316709,0.11236769557341963,1.0184797449852567e-11,3.3190117321169055e-13,-0.9103527623060641,0.6450252436080318,-0.1633468088039146,-1.2607900445948075,2.5146746937286824,1.624508101751215,0.007728227067417344,1.0113819506705173,1.149581524227586,-0.006692634595278587,-0.0017165317385820925,-0.28423671482800583,-0.6591789103482635,0.03223748842740944,0.17978611732748526,-0.2962772679971933,1.7978831291747142,-0.05709517253219854
4.47,-0.5168401746949225,0.0,0.06725133999554095,0.0,-1.9739002060184019,0.0,0.0036687876434898826,0.00034874067072922536,0.0,6,SolvedWithSlack,152899,72587,330835,0.4068780090117215,2.4478238045616488e-12,3.456679387170425e-13,-0.9103144607307688,0.649780419819215,-0.15649508215140506,-1.260824230186462,2.51466284105297,1.6229548197453492,0.007621467885787898,0.9112934439450514,1.5121885030636197,-0.006828102691125198,-0.002727127146975105,-0.3276099436231683,-0.2744843740184402,-0.02005074840882709,0.19921471941120755,-0.10873757802054951,0.023408868876378608,0.6916926153199265
4.4750000000000005,-0.5168414710443459,0.0,0.06725116992414736,0.0,-1.9738804226916553,0.0,0.004200461721400651,0.00039800512291738845,0.0,6,SolvedWithSlack,133231,72457,310456,0.15393895933188087,3.339550858072471e-12,6.093944793228445e-13,-0.9102730658337432,0.6539819951006722,-0.14772410733598318,-1.2608481687211353,2.5145371545870683,1.6288671464996758,0.00860605153537224,0.7936154773685562,1.9096344896309996,-0.003647657120498915,-0.03755208575653298,2.154538207258524,-0.8166085657798807,-0.26863696101011036,0.26169623086419747,-0.3658764360416339,1.8487509354763672,-0.22305152790936333
4.48,-0.5168428194342399,0.0,0.067250981684625,0.0,-1.9738602104331802,0.0,0.0038359467341259725,0.000373591610317568,0.0,6,SolvedWithSlack,149152,74270,329162,0.15336212580969735,8.49074283104656e-13,3.0531133177191805e-13,-0.9102325555262142,0.6573227152917503,-0.13635376987250522,-1.2608715186157053,2.514398710077107,1.637062076528979,0.007840022060431464,0.5855099531365364,2.508139131785737,-0.0051726298676895805,-0.02193737006849233,1.3069344457595837,-0.7978256183666712,-0.2626014870597261,0.2607156138764855,-0.348985579675243,1.8577085748646207,-0.23063536394516682
4.485,-0.5168440777388734,0.0,0.06725079996294123,0.0,-1.9738418890437792,0.0,0.0035821947398601804,0.00035182499730827685,0.0,6,SolvedWithSlack,134233,72627,312390,0.15284545345959957,5.9117155615240335e-12,1.6009615508294495e-12,-0.9101944307183636,0.6596521218870754,-0.12219579711842973,-1.260898488663069,2.514322500502868,1.6411945389533888,0.0075116691230212515,0.38710041859154637,3.0392892549672488,-0.005441896794058813,-0.011356653887222476,0.5171799369300736,-0.7825284120810009,-0.2577647461349301,0.25983727088131925,-0.33499248655709596,1.8656445843977658,-0.2374891775178381
4.49,-0.5168452945400339,0.0,0.06725064455671927,0.0,-1.9738242704951554,0.0,0.0034995976000400573,0.0003402446701127885,0.0,6,SolvedWithSlack,133923,72668,312049,0.10889923333137215,5.8477667153056245e-12,1.8539616456619834e-12,-0.9101572972298573,0.6610164486533548,-0.10556504982976861,-1.2609245141869565,2.51428818015222,1.641546579460037,0.007380569133892118,0.1976397524999431,3.5102904482561463,-0.005003835818120698,-0.004274733515160839,-0.2171215421621297,-0.5217695948986516,0.30859457479074126,0.10878370658779093,-0.23435107251012663,1.7423877333019544,0.10213850351834552
4.495,-0.5168464775572439,0.0,0.06725058169648246,0.0,-1.973806357997382,0.0,0.0036614950489903316,0.00032296173167207723,0.0,6,SolvedWithSlack,134124,84800,324213,0.15274808134231452,8.08597633294994e-12,2.0150435139920653e-12,-0.9101202481686615,0.6621131856538155,-0.08851290732075738,-1.2609445957605099,2.514276784817329,1.6419432190038974,0.00742828351845866,0.23359641788907698,3.3461591635920813,-0.0034067446297015996,-0.001142681012146853,0.269959816933885,-0.7744841601818268,-0.2552403814679447,0.2596717382819347,-0.3270368881725954,1.870427991650892,-0.24156140339356633
