time_s,root_x_m,root_y_m,root_z_m,roll_rad,pitch_rad,yaw_rad,angular_speed_radps,linear_speed_mps,force_x_n,contacts,status,controller_step_ns,plant_step_ns,loop_ns,torque_utilization,dynamics_residual,contact_residual,q_left_hip,q_left_knee,q_left_wheel,q_right_hip,q_right_knee,q_right_wheel,v_left_hip,v_left_knee,v_left_wheel,v_right_hip,v_right_knee,v_right_wheel,tau_left_hip,tau_left_knee,tau_left_wheel,tau_right_hip,tau_right_knee,tau_right_wheel
0.0,0.0,0.0,0.539,0.0,0.0,0.0,0.0,0.0,0.0,4,Solved,157839,92004,465850,0.0603237031023875,1.675526572637444e-12,2.932520800067392e-13,0.4,-0.625,0.0,-0.4,0.625,0.0,0.0,0.0,0.0,0.0,0.0,0.0,0.124501244999939,0.9651775619765984,-0.005990610864068451,-0.12449158274152893,-0.9651792496382,0.005989643747408578
0.005,-1.1881899588827804e-05,0.0,0.5389966827511323,0.0,-6.535191825198387e-05,0.0,0.025990750573702256,0.00424898532615078,0.0,4,Solved,140856,60414,318251,0.06311634079057424,5.186961971048731e-13,7.014571215546717e-14,0.4001892859816583,-0.6252489930267171,0.000981183858566725,-0.40000699753794305,0.6252876619935297,0.000504650969919863,0.06121781068528767,-0.08013274384163634,0.3251980627863871,-0.002190552020000906,0.09439934085222969,0.16502199679877902,0.1737640035560971,1.0098614526491878,-0.03540814629597659,-0.08040528997586391,-0.943165411903366,-0.01045505897015312
0.01,-5.2627591783458184e-05,0.0,0.5389805262556816,0.0,-0.00028836066027233614,0.0,0.056811149345773616,0.010088552096484744,0.0,4,Solved,129935,58551,302411,0.06586564560946993,5.115907697472721e-13,6.753950697324651e-14,0.40063664678499805,-0.6258527174469228,0.003408211566049856,-0.40002880037004795,0.6260128085156837,0.0017072853381742384,0.10716442508008192,-0.14621695925110928,0.5905103380702769,-0.005728056152517883,0.17797390039324093,0.28884605200422075,0.21373572606767155,1.053850329751519,-0.06137098863281074,-0.04801050281822199,-0.935303122897121,-0.020963190151508885
0.015,-0.00012121256999003568,0.0,0.5389467225850242,0.0,-0.0006611364394270727,0.0,0.08622933623863262,0.01629580328058687,0.0,4,Solved,128112,77166,323081,0.06842170133522515,3.339550858072471e-13,6.422076412326838e-14,0.40128016082470086,-0.6267587198333241,0.007006452149228677,-0.40006968305591534,0.6271305363976828,0.003446896416182789,0.14236751484149415,-0.20368163581418186,0.804319829699931,-0.009770673506643849,0.2535275189907882,0.38604008853718397,0.245880648752966,1.0947472213636025,-0.08386020469018671,-0.02424112782273843,-0.9360568180961282,-0.027658732124533115
0.02,-0.0002170662981336326,0.0,0.5388933032901014,0.0,-0.0011777319255884986,0.0,0.11459157367660097,0.022639663461105977,0.0,4,Solved,129795,68950,317830,0.07076816741133846,3.055333763768431e-13,6.004918784441315e-14,0.4020755052651603,-0.6279346218785261,0.011543075881291739,-0.4001306927588436,0.6286068361711716,0.005618710340011733,0.1697818716701828,-0.2557804383344756,0.9748749998283281,-0.013808555420205555,0.3229198548709311,0.465777239189553,0.2717172484342609,1.1322906785814153,-0.10337489413980931,-0.007122118215394983,-0.9427209765298687,-0.03164994243630221
0.025,-0.0003398975973121201,0.0,0.5388199067322564,0.0,-0.001833566837037334,0.0,0.14211672269747733,0.028965817473074022,0.0,4,Solved,126318,57389,295719,0.07291369829466653,1.8046154848239127e-12,2.461876189019385e-13,0.4029898038312044,-0.629359482470495,0.01682337512839975,-0.40021076054951654,0.6304145429219208,0.008154079224307087,0.19132207603774232,-0.30428003934574144,1.10934398242551,-0.017482031592217003,0.3872589407288243,0.5340842687740266,0.29246820767225745,1.1666191727146644,-0.12041249467919643,0.0048092878408037085,-0.9535418623225963,-0.033662650777366236
0.03,-0.0004895768372976346,0.0,0.5387270393715191,0.0,-0.002624854331080258,0.0,0.16892853994787388,0.035188272414711785,0.0,4,Solved,129194,57308,289887,0.07966207358507398,2.738052840012273e-13,1.0265746586135549e-13,0.4039976544106153,-0.6310183057523452,0.022685022812824533,-0.40030729318153435,0.6325305143967344,0.01100825313449439,0.20824634378295356,-0.3500646662777028,1.2137272199713725,-0.020527476850555924,0.4471903628452244,0.5949781435324226,0.30910872201107464,1.198051362756366,-0.13542552509462574,0.012643912915438005,-0.9673745349992994,-0.034176441261890955
0.035,-0.0006660642763133824,0.0,0.5386156346868411,0.0,-0.0035482386681077644,0.0,0.1950917712473414,0.041267493177666814,0.0,4,Solved,128082,57228,288775,0.0875334807965525,4.5352610555937645e-13,1.660910992073994e-13,0.4050786309512334,-0.6328988791217983,0.028992437866889733,-0.4004165703497158,0.6349339430289783,0.014152632602890972,0.22140104807356656,-0.3935227447437607,1.2929376306347236,-0.022748330388300486,0.503089497363683,0.6512095353923856,0.32241533215502705,1.2269677316003706,-0.14880691735413926,0.017203930391323004,-0.9834621142399884,-0.033513318404812954
0.04,-0.0008693677523333325,0.0,0.5384867995840013,0.0,-0.004600575501435671,0.0,0.2206360297924152,0.04719180877050729,0.0,4,Solved,128773,57819,298234,0.09464026189271073,4.078820614594747e-13,1.1950683498351822e-13,0.40621571521427907,-0.6349900622964356,0.035631756298943024,-0.40053403422098616,0.6376054038403324,0.017569905954969264,0.23137380664399432,-0.43478300298973294,1.3509420435045845,-0.023998621371565793,0.5551837603654146,0.7047357642481772,0.3330074148101097,1.253747149246344,-0.16088844521760823,0.019117183774367365,-1.0012932043631209,-0.03189496312975701
0.045,-0.0010995185256373271,0.0,0.5383416755216113,0.0,-0.005778804500297718,0.0,0.24557103978179876,0.052964737335532364,0.0,4,Solved,127501,57168,291611,0.1011443045255836,1.3616607841271389e-12,3.176486851330651e-13,0.40739430719536696,-0.6372809414907955,0.042506553938358775,-0.40065451404369384,0.6405263586034784,0.021250996288404492,0.2385883567917619,-0.4738527105307886,1.3909140424231041,-0.024172582855552634,0.6036269068856085,0.7570142706639182,0.3413805561853064,1.2787361019700096,-0.1719453176934921,0.0188696510803998,-1.0205117217489075,-0.029478915165261958
0.05,-0.0013565580616332579,0.0,0.5381813677169254,0.0,-0.007079879917330402,0.0,0.2698960750565989,0.058597171186444384,0.0,4,Solved,127821,57598,289256,0.10717828755890502,1.1519743492449663e-12,3.227036693420615e-13,0.408601593030887,-0.6397604769054082,0.04953430642700904,-0.40077240671663583,0.6436789290430376,0.025193119618012697,0.2433630429337402,-0.5106948437737899,1.415376235855291,-0.02319718443576551,0.6485417758273456,0.8091813673788556,0.34793262057618013,1.3022359557656908,-0.18220308885013853,0.016842303288137853,-1.0408603890802055,-0.02638117680367448
0.055,-0.001640531234882016,0.0,0.5380069134033774,0.0,-0.008500736448819499,0.0,0.29360563406082385,0.06410288506118979,0.0,4,Solved,136809,57999,298514,0.11285013307645879,1.930681309270099e-12,4.2622502749445346e-13,0.40982613330904305,-0.6424174165946814,0.05664350681727194,-0.40088182387121307,0.6470458190604316,0.029398514976017722,0.24594689342459344,-0.5452685796679158,1.4263239522194153,-0.021026187941804643,0.6900432113960094,0.8621597791446373,0.3529841409015034,1.3245011720961204,-0.19184522622997993,0.01333701426550395,-1.06214636373483,-0.02269008454202661
0.06,-0.0019514831873119623,0.0,0.5378192715603634,0.0,-0.010038275879115724,0.0,0.31669271584878567,0.06949612341676303,0.0,4,Solved,127701,57289,288084,0.11824713051955393,3.2991040455065956e-12,9.307450643536441e-13,0.4110575875761762,-0.6452403426662203,0.06377134202873419,-0.4009767112792943,0.6506103118816406,0.03387357802191248,0.24654194322935963,-0.5775483675156924,1.4253288470501149,-0.017635061376641555,0.7282488831419364,0.9167232167562619,0.3567940612191472,1.3457419006211697,-0.20102012188324167,0.00859511134588712,-1.0842197034211265,-0.018474973869167556
0.065,-0.0022894581818531565,0.0,0.5376193237630311,0.0,-0.011689365407719051,0.0,0.33915062154518766,0.07479041925188615,0.0,4,Solved,129124,74571,311638,0.12343963251050544,2.72330769046647e-13,1.3660947373317356e-13,0.4122865237047581,-0.6482177737286289,0.07086183161473053,-0.4010509445244026,0.6543562985924468,0.038628237708808494,0.24531722320788546,-0.6075311466593377,1.4136239209424488,-0.013016575026715792,0.7632832373183852,0.973535449011955,0.3595720936135023,1.3661292148494575,-0.20984737526785924,0.002810799655409653,-1.106960340412171,-0.01379154552533684
0.07,-0.0026544994800594152,0.0,0.5374078802224814,0.0,-0.013450842129909315,0.0,0.36097385876226284,0.07999810415204818,0.0,4,Solved,130236,66897,306890,0.12848416476063582,7.993605777301127e-13,2.0095036745715333e-13,0.4135042808955835,-0.651338282377451,0.07786434295723946,-0.40109840411506287,0.6582683138910822,0.043675481980437136,0.24241765634036794,-0.6352372439361842,1.392172385609869,-0.007176958891288907,0.7952776926791952,1.0331745996443418,0.3614883831822631,1.385800554268494,-0.21842308009308087,-0.003858800297602709,-1.1302694652737617,-0.008685380891619892
0.075,-0.003046649688413819,0.0,0.5371856877499229,0.0,-0.015319520373528923,0.0,0.38215852843207887,0.08513018710580242,0.0,4,Solved,132119,59011,298123,0.13342609121447135,4.066200192270118e-13,8.372816329149657e-14,0.41470286732293093,-0.6545906070222162,0.08473241007413777,-0.4011130329573962,0.6623315669062632,0.049030978191117805,0.23796987423940075,-0.660708287523567,1.3617230511790896,-0.00013262692299251667,0.8243691107924582,1.0961489164408447,0.362681246620601,1.4048656473507393,-0.22682435506460127,-0.011286189210196439,-1.1540646565680441,-0.003194153673196657
0.08,-0.0034659512661242816,0.0,0.5369534379381181,0.0,-0.017292199989629133,0.0,0.40270240294409315,0.09019641062848933,0.0,4,Solved,123002,57779,287443,0.13830176378995485,2.538837521845189e-12,8.716083410575948e-13,0.41587488069635076,-0.657963748653065,0.09142279584649002,-0.4010888787832739,0.6665319616659405,0.05471275741139705,0.2320860924215699,-0.6840037984593437,1.3228546353800745,0.008092630420419638,0.8506975037015616,1.16290777770968,0.3632632995504402,1.4234114473091442,-0.23511299844292324,-0.01936763619453024,-1.1782762064639583,0.0026507533425423214
0.085,-0.003912447031200054,0.0,0.5367117747563799,0.0,-0.019365674506650922,0.0,0.42260484450845626,0.09520538200566801,0.0,4,Solved,126790,58781,292031,0.14314025225248525,1.8035711032136647e-12,6.188799472894857e-13,0.4170134444426837,-0.6614470494383393,0.09789474874395848,-0.4010201239550015,0.6708561057839013,0.06074094504965071,0.22486679735021162,-0.7051975235090987,1.2760111403731262,0.01746997243306358,0.8744037045134069,1.2338499156037648,0.36332634034616174,1.4415062044452305,-0.24333842882922493,-0.028018568652427342,-1.2028444170764083,0.008823037942658242
0.09,-0.004386180586240034,0.0,0.5364613012267265,0.0,-0.02153673864285662,0.0,0.4418666542114949,0.1001647262159987,0.0,4,Solved,138241,60284,304846,0.1479648206439544,1.862699510847834e-13,2.5229818234606682e-14,0.41811215498855286,-0.6650302535512979,0.10410941476687591,-0.4009011049726552,0.6752913082852967,0.06713752739089815,0.21640268998244583,-0.7243740138729508,1.221530077445849,0.027967387535766813,0.8956273308146332,1.3093299696105747,0.3629453881805447,1.4592035694047987,-0.2515401950947225,-0.037170005418217855,-1.227718196873809,0.015300658973778067
0.095,-0.004887196630795487,0.0,0.5362025851170857,0.0,-0.023802194938649046,0.0,0.46048988043694067,0.10508123005367165,0.0,4,Solved,130206,57959,294617,0.15279402149356858,6.06457075136078e-13,1.9144408280880043e-14,0.41916503710385233,-0.6687035517638504,0.1100293730073008,-0.4007263235988025,0.6798255680604758,0.0739261479373728,0.2067760958527284,-0.7416255206480946,1.1596649146494478,0.039551235917903056,0.9145050285312796,1.3896640813763295,0.36218182446474273,1.4765451364574667,-0.2597498365390666,-0.04676555323375184,-1.2528532153889944,0.022065030400316432
0.1,-0.0054155411516302,0.0,0.5359361637155802,0.0,-0.02615885943318617,0.0,0.47847763500244733,0.10996097020753016,0.0,4,Solved,129424,58631,294006,0.15764271269738242,6.811002216531386e-13,1.3143652832781072e-13,0.4201665053656613,-0.6724576121683286,0.1156182697121609,-0.4004904513794793,0.6844475550101233,0.08113192932485301,0.19606207433928624,-0.7570494479971901,1.090602991754499,0.052187426886815456,0.9311692031266144,1.4751347016755993,0.3610861077927415,1.4935637037655174,-0.2679926115855501,-0.05675918725051666,-1.278211599792996,0.029100577417652453
0.105,-0.005971261494837541,0.0,0.5356625478000222,0.0,-0.028603566408251683,0.0,0.4958338997466225,0.1148094164441639,0.0,4,Solved,159651,62288,338629,0.16252266352750713,1.1465273175303992e-12,3.3888863937292513e-13,0.4211113302679276,-0.6762835990612764,0.12084053063359744,-0.4001883288939806,0.6891465854701351,0.08878131799591268,0.184329232599683,-0.7707461048830858,1.014479709880047,0.06584239492869393,0.9457469523516809,1.5659949739814831,0.35969973707081204,1.5102841528645197,-0.2762885279967621,-0.06711308605488872,-1.3037597621687649,0.03639399985836768
0.11,-0.0065544063293108065,0.0,0.5353822249277559,0.0,-0.031133172274225906,0.0,0.512563380015626,0.11963151970793237,0.0,4,Solved,132431,59543,305457,0.16744330122873477,1.4755751610106572e-12,1.8439416660243069e-13,0.4219946081601199,-0.6801731825258378,0.12566113587183908,-0.3998149611416128,0.6939125939957949,0.09690194877031306,0.17164046067522412,-0.7828170980526598,0.9313899310160519,0.0804837430655649,0.9583595516170106,1.6624724424542847,0.3580571242797812,1.526726304246134,-0.2846536120888491,-0.07779635716780897,-1.3294691576301252,0.0439341258593066
0.115,-0.0071650255137413205,0.0,0.53509566215549,0.0,-0.03374455872083863,0.0,0.5286713444271609,0.12443177654785378,0.0,4,Solved,132550,57478,294707,0.17241206262931277,4.318804851017861e-13,8.028082122087869e-14,0.4228117341806699,-0.6841185402661395,0.13004544428976855,-0.399365509883,0.6987361024898793,0.10552252740812845,0.158053440619238,-0.7933638154288776,0.8413969260736721,0.09608083169745577,0.9691219051679884,1.7647725748246097,0.3561868677069482,1.5429051857524931,-0.2931005064698317,-0.08878349617737678,-1.3553143281434668,0.05171131095205918
0.12,-0.007803169876791278,0.0,0.5348033083134542,0.0,-0.036434635156043484,0.0,0.5441635069623635,0.12921428292807777,0.0,4,Solved,127230,66536,297562,0.17743484207385612,2.33047608988457e-12,1.718278297424547e-13,0.4235583777146606,-0.6881123534494735,0.1339590573736372,-0.3988352838177631,0.7036081879329098,0.11467272903205337,0.14362114811053867,-0.8024864332247335,0.7445395757478722,0.11260511284496691,0.9781424339346236,1.873081696410026,0.35411294067428484,1.5588326369812053,-0.3016392315255554,-0.10005348238362444,-1.3812731074263307,0.05971725879416458
0.125,-0.008468890922594138,0.0,0.5345055958972577,0.0,-0.039200340603300465,0.0,0.5590459160165212,0.13398277406113204,0.0,4,Solved,141276,57809,303343,0.1825162846322684,6.169673752102975e-13,3.282096816548119e-14,0.42423045999171444,-0.6921477979547556,0.1373677144759653,-0.3982197272389349,0.7085204495696638,0.12438311045722783,0.128392231193354,-0.810283041371586,0.6408380453328525,0.13003041729648704,0.985522963346022,1.9875696677610784,0.3518556091175412,1.5745179867577155,-0.31027768387485627,-0.11158887881871851,-1.407325892728601,0.06794472259013383
0.13,-0.009162240469384563,0.0,0.5342029426663836,0.0,-0.04203864507389242,0.0,0.5733248567281135,0.13874065492175758,0.0,4,Solved,130777,58190,291771,0.18765999135588032,2.9008184743162246e-12,4.2270353883822054e-13,0.42482413346133097,-0.6962185319990125,0.1402372128197581,-0.39751440759254375,0.7134649760029708,0.13468503488243158,0.1124113498031548,-0.8168490143852608,0.5302982667541886,0.14833313113566549,0.9913587602463669,2.1083922177610863,0.3494320999959657,1.589968398534976,-0.31902198530499654,-0.12337514932181945,-1.4334552917916235,0.07638726463596252
0.135,-0.009883270229148183,0.0,0.5338957529966651,0.0,-0.04494655050642854,0.0,0.587006771922209,0.14349102418564239,0.0,4,Solved,129796,60614,295297,0.19286881579198742,3.03924246880527e-12,5.329833796530181e-13,0.42533576276656876,-0.7003186811875547,0.14253334722468794,-0.3967150023676565,0.7184343127274466,0.14561060724031114,0.09571948136642178,-0.8222765675003468,0.41291553315882285,0.1674923031142874,0.9957386505962553,2.2356929406259556,0.3468573608779768,1.6051902651146177,-0.3278769868463786,-0.1354001199064105,-1.4596460577143486,0.08503914865908968
0.14,-0.010632031334591122,0.0,0.5335844190404513,0.0,-0.04792109130612026,0.0,0.6000981773097508,0.14823669003137305,0.0,4,Solved,128693,58500,298925,0.19814491053061062,2.757866080865099e-12,1.0304257447302234e-14,0.4257619069809167,-0.7044428214107669,0.1442218651618944,-0.3958172854760998,0.7234214300981561,0.1571926190447968,0.07835413856883562,-0.8266543327157003,0.28867721977435123,0.1874897446889726,0.9987450820380597,2.369605129159037,0.3441443838934153,1.6201886675389137,-0.33684634790203805,-0.14765345614956282,-1.485884368604817,0.09389507427248066
0.145,-0.011408573818285436,0.0,0.5332693217335577,0.0,-0.05095933451187997,0.0,0.6126055999158211,0.15298018415039896,0.0,4,Solved,126178,57989,288525,0.2034898975070384,1.8835974446851367e-12,1.0022538354803601e-13,0.42609930303055044,-0.708585960350432,0.14526843391845798,-0.39481711340257986,0.7284196920533318,0.16946450135147426,0.06034961804288059,-0.8300671738941724,0.15756501158320843,0.20831004132884204,1.0004543306189333,2.510253257432355,0.34130463385017307,1.6349680296798377,-0.34593282576196527,-0.1601263736497036,-1.512158021693905,0.10295012610553449
0.15,-0.012212946049164059,0.0,0.5329508316623691,0.0,-0.05405837967246145,0.0,0.6245355168249903,0.15772377148447142,0.0,4,Solved,127871,57749,293504,0.20890496551412782,2.1685800420826453e-12,2.761679773755077e-14,0.426344850191126,-0.7127435180940952,0.14563861725087315,-0.39371041126581247,0.7334228256735462,0.18246028476270645,0.041737192646913744,-0.8325960108591205,0.019556586002121085,0.22994057504881107,1.0009366406000977,2.657754340987065,0.33834841487924394,1.6495324417592716,-0.3551384413740173,-0.17281120336536385,-1.5384556575836037,0.11219958078491499
0.155,-0.013045194129373942,0.0,0.5326293098193585,0.0,-0.05721535843393063,0.0,0.635894302501915,0.16246945818198968,0.0,4,Solved,134174,58701,297813,0.21439100880224446,1.714010877673644e-12,1.9480250745829153e-13,0.4264955955188198,-0.7169113071854819,0.14529785925010702,-0.39249315891191733,0.7384248916224483,0.19621456556523642,0.022545294889315684,-0.8343177475843754,-0.12537310166337223,0.25237150007656023,1.000256421980582,2.812219074210009,0.33528509845146515,1.6638862651647899,-0.36446471496381555,-0.18570146269359303,-1.5647680369388057,0.12163902705515947
0.16,-0.013905361254066042,0.0,0.5323051082767916,0.0,-0.06042743382276535,0.0,0.6466881572732428,0.16721899399440704,0.0,4,Solved,127601,57639,293474,0.21994852193490463,1.0035368369631925e-11,3.901046152776644e-13,0.426548719966267,-0.721085511975927,0.1442114735707116,-0.3911613768749942,0.7434202549452431,0.2107624775488381,0.0027996222648120185,-0.8353050850958235,-0.2772508841648917,0.2755958019515605,0.9984722407987308,2.9737529677691414,0.3321232424162893,1.6780329200160515,-0.37391248728933785,-0.19879111720357118,-1.591085341593397,0.1312638885407143
0.165,-0.014793487036825877,0.0,0.53197857077907,0.0,-0.06369179927757528,0.0,0.6569230835782388,0.1719738806337897,0.0,4,Solved,127581,57939,288515,0.22557787699494086,1.0483530068146067e-12,2.260761022832014e-13,0.42650152538541347,-0.7252626682244785,0.14234463687036025,-0.38971111262455865,0.7484035570054642,0.22613966829506044,-0.017476637341564863,-0.8356267279856936,-0.43610460009066243,0.2996091659579742,0.9956371982446275,3.14245707936371,0.32887090799008967,1.6919769040064383,-0.38348239089139946,-0.21207504242457834,-1.6174000030632725,0.14106982913090665
0.17,-0.01570960680322967,0.0,0.5316500332517303,0.0,-0.0670056774716727,0.0,0.6666048128454355,0.17673537097124364,0.0,4,Solved,125547,58019,287152,0.23127916482751884,1.54060925732693e-12,3.4494629375103614e-13,0.42635142209432836,-0.7294396424769891,0.13966238503943673,-0.38813842678997407,0.7533696877672912,0.24238227987469613,-0.038262767849640576,-0.835347172870241,-0.6019626827407686,0.32441006912141135,0.991798799599159,3.318428998990205,0.3255356197450414,1.7057221813861292,-0.39317458020678203,-0.22554842907453013,-1.6437043709919754,0.15105233022217351
0.17500000000000002,-0.016653750852662498,0.0,0.5313198242745236,0.0,-0.07036631882341728,0.0,0.6757387693625823,0.18150447308789006,0.0,4,Solved,129204,58601,307260,0.2370523291254077,8.133008155830623e-12,2.969222090420942e-13,0.4260959170248919,-0.7336136115404989,0.13612961139165547,-0.38643937946743373,0.7583137585683408,0.25952693339394806,-0.05954035705644106,-0.8345268796269696,-0.7748537801246436,0.3499996942247432,0.9869991996213944,3.5017634743880004,0.32212455895375586,1.7192731406368478,-0.4029889595131931,-0.2392069195222418,-1.669991758326235,0.1612068285222131
0.18,-0.017625943691208092,0.0,0.5309882654803616,0.0,-0.07377099982438597,0.0,0.68433002039317,0.18628195160838756,0.0,4,Solved,152227,63780,351464,0.2428972189768681,7.941911017717018e-13,3.5100394812914715e-13,0.42573260245179484,-0.7377820422901077,0.13171106608542546,-0.3846100166683735,0.7632310754399789,0.27761071690805744,-0.08129321459236893,-0.8332222681704757,-0.9548065966526333,0.3763819387114709,0.9812752239056077,3.6925531180940867,0.31864469387885247,1.7326349504630685,-0.41292527226067577,-0.25304651563361946,-1.696256357605165,0.17152867747308792
0.185,-0.018626203235378575,0.0,0.5306556719238589,0.0,-0.07721702107652532,0.0,0.6923832163555332,0.19106832724336442,0.0,4,Solved,126770,59643,299095,0.24881347958759947,1.3647994535322824e-12,3.833322548274509e-13,0.42525914505563145,-0.7419426714011771,0.12637135590747153,-0.38264635668963887,0.768117112416572,0.2966711767453237,-0.10350731493730164,-0.83148569583086,-1.141849877218749,0.40356343507965375,0.9746583503213614,3.8908890732800114,0.3151026664469161,1.745812394790359,-0.42298291529891907,-0.2670634114493399,-1.7224926155370113,0.18201299269712537
0.19,-0.019654539987984464,0.0,0.5303223524091437,0.0,-0.0807017050797673,0.0,0.6999025517094916,0.1958638791363204,0.0,4,Solved,129355,59552,305868,0.2548006774171454,9.543740797646194e-12,4.965403088696974e-13,0.42467327546739503,-0.7460934854922062,0.12007494414589855,-0.3805443765658707,0.7729674851510936,0.31674631170900047,-0.12617067594516407,-0.8293656074987211,-1.336012387944003,0.43155351032022937,0.9671748229887471,4.096861530067402,0.3115049991997299,1.758810960479813,-0.4331611516091472,-0.28125403101523494,-1.7486956605881394,0.19265471787598354
0.195,-0.020710956186899627,0.0,0.5299886097676725,0.0,-0.08422239379925177,0.0,0.7068917104362743,0.2006686449902324,0.0,4,Solved,129986,58049,295147,0.2608583186879535,1.6165888072627865e-12,6.314532230433656e-13,0.42397277819194235,-0.7502327015714041,0.11278615001241833,-0.3782999985293959,0.7777779246250666,0.3378745700626737,-0.1492733125416383,-0.8269065381019614,-1.5373230785669556,0.46036421017910895,0.9588456079499076,4.310560309433094,0.3078581253545039,1.7716369517329063,-0.44345914176952095,-0.295615065049784,-1.7748615804943195,0.20344862947313627
0.2,-0.02179544492633193,0.0,0.5296547411207133,0.0,-0.08777644591852495,0.0,0.7133538002142173,0.2054824197819961,0.0,4,Solved,127531,57910,290880,0.26698571539553084,1.406222360778031e-12,5.51392265180084e-13,0.42315548170513434,-0.7543587473933084,0.10446914705080694,-0.37590907627147635,0.7825442504394158,0.3600948494073204,-0.17280720984686623,-0.8241490806104949,-1.7458113119947976,0.49001034887169026,0.9496862836699699,4.532075438635847,0.3041682566412296,1.7842962160494125,-0.4538757161724024,-0.31014319881817975,-1.8009862787362372,0.2143891207740417
0.20500000000000002,-0.022907989251439217,0.0,0.529321038109388,0.0,-0.0913612338285941,0.0,0.7192913141130325,0.21030475828668113,0.0,4,Solved,134874,64381,319062,0.273182126176863,9.823933333485968e-12,6.26110274737357e-13,0.4222192489301703,-0.7584702423035339,0.09508796050332607,-0.3733673812173702,0.7872623441447376,0.38344649893671784,-0.1967662153870553,-0.821130068761614,-1.9615070589481807,0.5205094723918103,0.9397071252526501,4.7614975603585385,0.3004415599664151,1.7967954400687323,-0.46440961450066703,-0.3248353345053191,-1.8270665515464595,0.22547035548716954
0.21,-0.02404856122677314,0.0,0.5289877870804743,0.0,-0.09497414038067684,0.0,0.7247060670787892,0.2151349744627497,0.0,4,Solved,127892,59082,294116,0.27944673870412967,1.1904852104116515e-12,4.354294702579864e-13,0.4211619679539549,-0.7625659783122958,0.08460646323324264,-0.37067058866695524,0.7919281222437644,0.40796932412611403,-0.2211460301368954,-0.8178825328313456,-2.184441249069423,0.5518819267400659,0.9289129408063989,4.998918471718285,0.29668414556271494,1.8091420152468345,-0.47505945579702047,-0.33968857694561444,-1.8531000327858935,0.2366862208165253
0.215,-0.025217120977238872,0.0,0.5286552692700467,0.0,-0.0986125552815085,0.0,0.729599124617779,0.21997214024731024,0.0,4,Solved,127360,57970,294987,0.2833665487772277,1.3234101314818503e-12,4.817535259604711e-13,0.4199815427953819,-0.7666449009851168,0.07298836980835144,-0.3678142635965644,0.7965375083503634,0.4337035940034589,-0.24594419731907105,-0.8144356678704708,-2.4146461501021066,0.5841509254883477,0.9173028990465537,5.244431625893057,0.28816016148537804,1.8172819269379836,-0.48172313292128716,-0.3590828079067936,-1.881376053036353,0.24875037862072702
0.22,-0.026413625911399886,0.0,0.5283237746598698,0.0,-0.1022740278024547,0.0,0.7340331835708925,0.22481484210419458,0.0,4,Solved,127170,67878,302171,0.2816415455297403,1.7074917868509232e-12,6.309119893188608e-13,0.4186773127660871,-0.7707039966318578,0.06021895216349254,-0.3647933327030084,0.8010861472985464,0.46069063190839377,-0.27068750942688824,-0.8101261268997219,-2.6449810701660796,0.6175124680591071,0.9047859982497217,5.4983227316575904,0.2684325457005,1.815690362246307,-0.4787906274005585,-0.38896592519778095,-1.9149757499547952,0.26262235828877845
0.225,-0.0276380589044341,0.0,0.5279936361189987,0.0,-0.10595670555680292,0.0,0.7381694557796363,0.22966181082101997,0.0,4,Solved,127370,58691,293043,0.2797991099316513,1.346100314547627e-12,5.197925423416905e-13,0.4172528648275854,-0.7747342716772033,0.04634742218413507,-0.3616010654644326,0.8055688811335432,0.488973836145104,-0.2942799482618715,-0.8034146796839334,-2.8589790014124645,0.652386628476551,0.8911571463272225,5.761089750043091,0.24836883350783992,1.8136395100472975,-0.47565848688380724,-0.41928650348644214,-1.9485993361959697,0.2766157795453885
0.23,-0.028890424412669466,0.0,0.5276652106750841,0.0,-0.10965927716683585,0.0,0.7420432002077209,0.234513470000498,0.0,4,Solved,125608,58561,290529,0.27783775198956523,1.1886476272270907e-12,1.1002310174035301e-13,0.41571382165262133,-0.7787243123211671,0.03145215637914736,-0.3582298883222367,0.8099801891569801,0.5185974991485884,-0.31676436573153666,-0.7944977164823234,-3.057731463285838,0.6887775006089556,0.8764290119163958,6.032709993314751,0.2278799044293257,1.8110581386641156,-0.4723241783822609,-0.4501314912671115,-1.9823058671929197,0.2907482349398962
0.23500000000000001,-0.03017071289724762,0.0,0.5273388268169702,0.0,-0.11338042934706877,0.0,0.7456542264790204,0.23937006755287102,0.0,4,Solved,133081,60244,303954,0.27575647470659387,1.4502474182076675e-12,8.409939411535561e-14,0.414065612362799,-0.7826636541145607,0.015606254538047747,-0.3546721891098736,0.8143146021923262,0.5496059595842323,-0.33817686871718805,-0.7835610438388209,-3.2422691889594493,0.7266954392495105,0.8606098325326876,6.313212140537815,0.20688453819351907,1.8078860336219071,-0.46878600700120954,-0.48158005330070913,-2.0161537941240666,0.30503250550975053
0.24,-0.03147890125017518,0.0,0.527014788307456,0.0,-0.11711884803297459,0.0,0.7490023413080962,0.24423145939035726,0.0,4,Solved,132080,59763,310336,0.2735545437642035,1.8497425813279733e-12,2.7190749651850865e-13,0.41231350065792977,-0.78654272911356,-0.0011221435394568832,-0.3509202812617764,0.8185666659346577,0.5820438028013128,-0.3585486351055417,-0.770779760809403,-3.4135585418240533,0.7661584441414845,0.843698790394458,6.602658366360648,0.18530843445501757,1.8040672898650854,-0.465042724399146,-0.5137042708188405,-2.0501952405564934,0.3194777750326244
0.245,-0.0328149530580152,0.0,0.5266933772039487,0.0,-0.12087321709934432,0.0,0.752086945701622,0.2490971815968309,0.0,4,Solved,130907,58250,295929,0.2712314622499761,7.948541130842202e-12,3.3478775307571595e-13,0.4104626071582927,-0.7903528144780853,-0.018669539599454582,-0.34696636501760764,0.8227308900176283,0.615955998071722,-0.37790665521958494,-0.7563189116629518,-3.5725029298447324,0.8071922938414892,0.8256842513508352,6.901134734043035,0.16308290046424898,1.799550525394536,-0.46109348582495935,-0.5465710087188531,-2.0844790737935006,0.3340906983348648
0.25,-0.034178818690150777,0.0,0.5263748561688729,0.0,-0.1246422154583559,0.0,0.7549067545223224,0.2539664973651724,0.0,4,Solved,129295,59513,294887,0.26878676462743456,7.313307933575661e-13,1.6278645098566358e-13,0.40851792835632966,-0.794085982575104,-0.036976769959563935,-0.3428024882969358,0.8268016899647685,0.651388000525491,-0.39627437584753866,-0.7403335962760598,-3.7199455138591424,0.8498305922554267,0.8065425213013406,7.208745613859632,0.1401438921003091,1.7942872742321092,-0.45693749986663873,-0.5802423879600773,-2.119049762835391,0.3488756381245889
0.255,-0.03557043524170645,0.0,0.5260594702951952,0.0,-0.12842451310626335,0.0,0.7574596370922536,0.25883843087640535,0.0,4,Solved,141357,74310,325915,0.2662199752877001,1.5211512605084465e-12,1.486033518460772e-13,0.40648435307921443,-0.7977350521850691,-0.05598871341890775,-0.3384205080637716,0.8307733252728019,0.6883858314484804,-0.413672104238319,-0.722969281797771,-3.8566722875944706,0.8941145931183788,0.786237345665903,7.525610071713222,0.11643136081943384,1.7882316954278576,-0.45257395798909017,-0.6147765275714295,-2.1539482563687034,0.3638350253842499
0.26,-0.036989726354898236,0.0,0.5257474485392475,0.0,-0.13221876657867876,0.0,0.7597425160311688,0.26371179094659597,0.0,4,Solved,130507,59612,300638,0.26353072712772163,2.1696464069798083e-12,9.611755835692293e-14,0.40436667722168745,-0.8012935412472055,-0.07565401492497881,-0.33381205256691043,0.8346398355680923,0.7269961443927255,-0.43011731760000793,-0.7043621138883416,-3.9834152431132965,0.9400930342860533,0.7647195777822495,7.851859482694594,0.09188882827744776,1.7813416636426909,-0.44800223611712675,-0.6502287207875241,-2.189215085326849,0.37896989281362964
0.265,-0.03843660193503216,0.0,0.5254390049149705,0.0,-0.13602361388474063,0.0,0.7617512521981473,0.2685851827811979,0.0,4,Solved,129535,59252,295037,0.2607185619808447,1.2890521983166536e-12,2.3551993688641915e-13,0.4021696167968345,-0.8047556203205251,-0.09592482508602802,-0.3289684838364181,0.8383949742183573,0.7672662820292024,-0.44562501901789153,-0.6846389493473024,-4.1008555278735095,0.9878221659018294,0.7419265410786193,8.187636000495703,0.06646295647938577,1.7735769241845851,-0.443221555367436,-0.6866510961109156,-2.224887855424815,0.39427962745665235
0.27,-0.03991095777214187,0.0,0.5251343395385306,0.0,-0.13983766899471173,0.0,0.7634805869117729,0.2734570188020798,0.0,4,Solved,148410,67227,351915,0.2577829605329825,1.3784529073745944e-12,2.139816102086911e-13,0.39989781988289513,-0.8081160675624461,-0.116756554896257,-0.3238808605061849,0.8420321400016203,0.8092443256217838,-0.4602078697786828,-0.6639178384823997,-4.2096264053993435,1.0373656285390578,0.7177817908605592,8.533091090673137,0.04010327678776082,1.7648993001843518,-0.43823103290607024,-0.7240930988787171,-2.2610022359471604,0.4097621534220412
0.275,-0.04141267507711738,0.0,0.5248336395051997,0.0,-0.14365951610699798,0.0,0.7649240960792212,0.2783255255897627,0.0,4,Solved,133812,58761,302041,0.25472337745687007,3.8549961833833635e-12,2.5715540807880188e-14,0.39755587797582187,-0.8113702260082488,-0.13810764491349894,-0.318539900927195,0.8455443069980185,0.8529791376867685,-0.4738763008351717,-0.642308468778268,-4.310316096570634,1.0887944375674368,0.6921946772651982,8.88838422101533,0.012761950835574284,1.755272902320421,-0.4330297416766791,-0.762602015773437,-2.2975932395814262,0.4254141084236168
0.28,-0.04294161993638956,0.0,0.5245370796707356,0.0,-0.14748770365899597,0.0,0.766074134643393,0.2831887458991615,0.0,4,Solved,130186,58611,296590,0.2595475126951567,2.0179413695586845e-12,2.4705237855471296e-13,0.39514833679123723,-0.8145139628565637,-0.15993934824313885,-0.31293594602068736,0.8489239515568653,0.8985203981732478,-0.4866386236213268,-0.6199125359613433,-4.403470486890809,1.1421870792674176,0.6650596606691596,9.253681562412346,-0.015606472883837985,1.7446633283532431,-0.42761658697031746,-0.8022229703533125,-2.334694613500984,0.4412307715817664
0.28500000000000003,-0.04449764268612497,0.0,0.5242448233702802,0.0,-0.15132073810554708,0.0,0.7669218014215704,0.28804453908309596,0.0,4,Solved,128964,59272,309124,0.2689447718025549,2.1671553440683056e-12,2.869093851387561e-13,0.39267970676559466,-0.8175436310905914,-0.18221552654046622,-0.30705892169791543,0.8521629758717232,0.9459186334106341,-0.4985010579469927,-0.5968242733005964,-4.489595661415603,1.1976295912925246,0.6362556340034133,9.629154430144302,-0.045045171212513946,1.7330378929698607,-0.4219903553639157,-0.8429991248754193,-2.372339029854481,0.4572061120643433
0.29,-0.04608057720493695,0.0,0.5239570230693502,0.0,-0.15515707755306785,0.0,0.7674569109670863,0.29289057889201,0.0,4,Solved,128713,59202,296640,0.2784311021576946,1.0942358130705543e-12,3.3689717682250375e-13,0.39015447344384013,-0.8204560337101884,-0.20490245833945875,-0.30089830073482565,0.8552526276713723,0.9952252364807802,-0.5094677521799739,-0.5731309684800091,-4.569160324175267,1.2552156895036453,0.605645078935445,10.014977450792287,-0.07559528397618942,1.7203652964962934,-0.41614968627250504,-0.8849720078094785,-2.4105588375516196,0.4733328736680808
0.295,-0.04769024012123533,0.0,0.5236738209689504,0.0,-0.15899512526825096,0.0,0.7676679712747089,0.29772434801330994,0.0,4,Solved,129384,58200,290368,0.28189059823831575,9.349118701429404e-13,1.7967571874777377e-13,0.38757710778220705,-0.8232483905201462,-0.22796865900799573,-0.29444306385625413,0.8581834151330053,1.0464924773244264,-0.5195407997588917,-0.5489134696826881,-4.64259806149641,1.315046944659065,0.573073037039588,10.411326348238521,-0.095705238580463,1.7128568296203406,-0.41201712426678094,-0.9155973713882598,-2.438293758801796,0.47921401700513677
0.3,-0.04932641718266028,0.0,0.523395319510197,0.0,-0.16283400978827262,0.0,0.7678568186295307,0.3025285478070094,0.0,4,Solved,128212,59072,290479,0.2817685213987439,1.4319851603437395e-12,1.1148026946017353e-13,0.38495042306246563,-0.8259190229798448,-0.25138736229124775,-0.2876861459478491,0.8609445621299123,1.099726229071981,-0.5292713921772944,-0.5244834501053579,-4.711179882083088,1.3757422125190912,0.5382332189069893,10.802737141887228,-0.11000434328985692,1.7080841335685168,-0.4088420387252456,-0.9399319612092469,-2.459991015189985,0.4790064863778647
0.305,-0.05098885075889158,0.0,0.5231215491515482,0.0,-0.16667444652414448,0.0,0.7682780966568484,0.3072875899834217,0.0,4,Solved,153670,60935,322619,0.2816126380860308,1.3327811343155832e-12,1.120215031846783e-13,0.3822751102487494,-0.8284674335872773,-0.2751367557002572,-0.28062555375104453,0.8635244424735158,1.1548765002650907,-0.5389996816224785,-0.5000270914237717,-4.775717831125398,1.4365285717439034,0.501038032733543,11.180835846340225,-0.1251623683232383,1.702514116344009,-0.4055316590021393,-0.9652479948358735,-2.4820793629305133,0.4787414847462524
0.31,-0.052677256831393675,0.0,0.5228525057968854,0.0,-0.17051780566856115,0.0,0.7689703964440177,0.31199578126887184,0.0,4,SolvedWithSlack,156626,69913,369127,0.37002720485584745,1.3286598774155052e-12,8.651412919391532e-14,0.3795511165775556,-0.8308935766091354,-0.2991973863958717,-0.2732605003864849,0.8659114281920616,1.211880175283828,-0.5487468877207489,-0.47557200407916506,-4.836465609348971,1.4975158792748877,0.4615341701046425,11.546754227650602,-1.079139284634613,1.1896441445643073,-0.2514700742847498,-1.92950761178692,-2.9854369358473574,0.6290462482549406
0.315,-0.05439147300323543,0.0,0.5225882620862096,0.0,-0.1743636610645089,0.0,0.7692151203577813,0.3167255375162822,0.0,4,Solved,128673,60515,299656,0.2812886714108876,1.135477308753505e-12,1.0658141036401503e-13,0.37679228222802474,-0.8331790185734935,-0.3233797856361831,-0.26558234936997577,0.8680997822568787,1.2708108759143648,-0.553771468123527,-0.4451261573587759,-4.837381190945305,1.5613545839646576,0.42139449642230625,11.944464291016963,-0.15849996877372707,1.6885299733024182,-0.3984055567770326,-1.0191820699630307,-2.527593179298008,0.4781907413985089
0.32,-0.056131287597040586,0.0,0.5223288760489913,0.0,-0.17821221575616258,0.0,0.7701952638679215,0.32135010743091125,0.0,4,SolvedWithSlack,151937,60194,322028,0.3491096097729675,5.9614535530272406e-12,1.9053786326495015e-12,0.37399590219224377,-0.8353342009429721,-0.3477438135602426,-0.2575893773880892,0.8700706379643922,1.331552535562205,-0.5630984782021972,-0.4217983253341421,-4.896338242027828,1.6235950075608405,0.3760025294819057,12.284264646233977,-1.184069733892535,1.1186255366964983,-0.19305318885555495,-2.0456245235460933,-3.034280921628682,0.5934863366140447
0.325,-0.057896384217763074,0.0,0.5220742813573513,0.0,-0.18207170614322724,0.0,0.7733472160876096,0.3258984394301477,0.0,4,Solved,130286,59061,294977,0.28070716733207024,1.0849313853599647e-12,8.129608097817709e-14,0.3711755190045908,-0.8373318304337338,-0.3719605359813797,-0.24929636579984796,0.8718116180566605,1.3938591192624528,-0.5648014540325322,-0.38509926785657705,-4.809583380520581,1.6822869360452488,0.32942494244403936,12.579027165527787,-0.19484190108662347,1.6715964038079494,-0.39094491195687414,-1.0766098118034337,-2.574068148031263,0.4772021844645194
0.33,-0.05968655777153712,0.0,0.5218244442617991,0.0,-0.18594529890024797,0.0,0.7753793349311358,0.3303908198417161,0.0,4,SolvedWithSlack,139112,58490,301399,0.3534518549599478,1.0593886878851322e-12,1.147137940193943e-13,0.3683227636530435,-0.8391914791326182,-0.3961947485300756,-0.2406950121441081,0.873309420601432,1.4577222381564252,-0.5745668235096103,-0.36325116537954794,-4.871492184993457,1.7457862340061245,0.2796524476930211,12.90204694917708,-1.3014243940253791,1.0555324785861415,-0.1689839110947283,-2.1833775128317243,-3.1158779370785012,0.6008681534319112
0.335,-0.06150135516257935,0.0,0.5215792036979477,0.0,-0.18983246331765444,0.0,0.7791433347484853,0.33481645479614974,0.0,4,Solved,133663,59712,301860,0.280061371581747,1.0853123955101296e-12,1.1129985821867194e-13,0.3654455104108588,-0.8408970283317762,-0.42025834055446465,-0.23178970254745823,0.8745572305110849,1.5230553461768717,-0.5761301882005998,-0.32674556757914486,-4.775136743724764,1.8049637410430652,0.22925306108479815,13.176238858297113,-0.234588382935889,1.6515114272472047,-0.38321577558874187,-1.1378801459715748,-2.62192200252463,0.4761043316889699
0.34,-0.06334055217875106,0.0,0.5213385157619876,0.0,-0.19373658477506683,0.0,0.7816646700167095,0.3391778711355306,0.0,4,Solved,126659,59042,290659,0.27973988146147427,1.0370732050901665e-12,1.1840528557627295e-13,0.3625341088589634,-0.8424687460920912,-0.4443303745216649,-0.222570776187736,0.8755416708680855,1.589862168915129,-0.5865820084042019,-0.3061366172313742,-4.840296923893559,1.8698881785986456,0.17530298718585682,13.485367046534543,-0.25587365082217506,1.6401988171753483,-0.3792493337082179,-1.170065199347594,-2.6465188384113048,0.47555779848450624
0.34500000000000003,-0.06520339057529881,0.0,0.5211021052042368,0.0,-0.19765183231427919,0.0,0.7840125912240331,0.3434531181991808,0.0,4,Solved,129405,58600,291581,0.2793810537084323,1.0664247263036941e-12,1.0033640585049852e-13,0.35956831094481656,-0.8439356046731,-0.4687132827927801,-0.2130266086508808,0.8762522120734466,1.6581992600842637,-0.5977083370205786,-0.2849493719880251,-4.900613599716544,1.935083299922518,0.11988260436172217,13.789241066348332,-0.2779140594018388,1.6282119128405421,-0.37514476693553817,-1.2031226231135213,-2.671397862735799,0.4749477913043349
0.35000000000000003,-0.06708943558511228,0.0,0.5208698991622625,0.0,-0.20157968157070844,0.0,0.786645200846606,0.3476414103151988,0.0,4,Solved,128152,58640,290028,0.27897853361800656,1.0718648191243574e-12,9.145462165349727e-14,0.35654546935471926,-0.8452953353024915,-0.49338526666974997,-0.20315482580726696,0.8766799635003818,1.728037297190423,-0.6092870557216048,-0.26338264125922783,-4.956838340991646,2.0008685570613025,0.06250477593122616,14.086930418984434,-0.3006383874276881,1.615585768244526,-0.37093025341286845,-1.23700079512713,-2.6964984559234666,0.47426350715061116
0.355,-0.06899824691890144,0.0,0.5206418401405565,0.0,-0.2055215062632302,0.0,0.7895473792821275,0.35174023712878466,0.0,4,Solved,132470,59422,307340,0.27852492028418185,1.0056400157054668e-12,6.619704784327496e-14,0.353463687666866,-0.8465465015737649,-0.5183274349233791,-0.192951868849512,0.8768141220102825,1.7993437728535562,-0.6212075272391562,-0.2415828926697654,-5.009465578219324,2.0674347785660343,0.0028471218141000038,14.37794440405769,-0.3240288749707301,1.6023190262801803,-0.3666093145717755,-1.2716776512360548,-2.72178896419866,0.4734923644831091
0.36,-0.0709293707035011,0.0,0.5204178763548594,0.0,-0.20947863840669612,0.0,0.7927151393529268,0.35574573273005744,0.0,4,Solved,127330,58620,290218,0.27801417483007834,9.94260229703059e-13,7.329553630697205e-14,0.35032141079004303,-0.8476882607209006,-0.5435228670589791,-0.18241346263592287,0.8766425987580905,1.8720842680494356,-0.6334251167746114,-0.21965229020608387,-5.0588355607268465,2.1348983177509155,-0.059310310033406706,14.6619481749838,-0.34807098710330614,1.5884150390561067,-0.36218489938668136,-1.3071375566446313,-2.7472458289809034,0.47262409721113313
0.365,-0.07288233471441023,0.0,0.5201979560886258,0.0,-0.2134524155411074,0.0,0.7961526146673282,0.359653084661524,0.0,2,Solved,127441,108004,339271,0.2774406586521272,1.1304290836733344e-12,9.07121600057792e-14,0.34711717976343365,-0.8487201795621112,-0.5689560664516807,-0.17153489868227617,0.8761524070550605,1.9462227922134394,-0.6459349476667212,-0.19766090306066736,-5.105202531285498,2.203328686197815,-0.1241242048195478,14.938628389675001,-0.37275101775311004,1.573879442932681,-0.35765960389986734,-1.3433673258673475,-2.7728483507553805,0.47164911970861617
0.37,-0.0748579916198423,0.0,0.52004532150974,0.0,-0.21808040911487928,0.0,1.0338729367844337,0.3502346646940128,0.0,6,SolvedWithSlack,143751,93356,351113,0.3735564137416196,8.67037569236006e-13,7.494005416219807e-14,0.34219962381855673,-0.8486262156553326,-0.5937298720179822,-0.16304516653792145,0.8766464535173625,2.0032236415324514,-1.085245880163731,0.08375412165091814,-4.919563046510111,1.564929412777842,-0.028097370327670707,10.088640775274223,-1.7527793425684663,0.7629052882161211,-0.08697457972532562,-2.707949228885941,-3.343573196368937,0.6350459033607533
0.375,-0.07684521319509978,0.0,0.5199152555322389,0.0,-0.2232035086676884,0.0,1.0732223515121608,0.3506983049910117,0.0,6,SolvedWithSlack,139975,85472,332528,0.40566338518493067,8.031044589994509e-13,9.37860900052101e-14,0.33656074776255146,-0.8480654565440934,-0.6178781006109235,-0.15551077228970192,0.8748364727822829,2.04920955759594,-1.264331280794897,0.2240015987706343,-4.689383174149386,1.3254240574855425,-0.2275679356535385,7.642692940190858,-1.7701721232646395,0.7813258614044799,-0.12632471474410104,-2.7510129581050675,-3.4015116428658962,0.6896277548143821
0.38,-0.07885064398158266,0.0,0.5198230893432177,0.0,-0.2288739622642671,0.0,1.1319395677040753,0.35065616827930796,0.0,4,Solved,127732,95270,329903,0.2723653273736849,1.1899370377932428e-12,7.993605777301127e-14,0.3298293822216089,-0.8466399312279657,-0.6410424223521451,-0.14935448524684433,0.8730396344281972,2.082047792807289,-1.3652560105273894,0.2961260697957678,-4.622873521904902,1.2169098849879476,-0.5358725742013195,6.146712225940961,-0.3287383464017113,1.5620562554230264,-0.35925965351555206,-1.322287545987951,-2.6921868816155263,0.4630210565352644
0.385,-0.08087536007382562,0.0,0.5197425288007462,0.0,-0.2347968562385149,0.0,1.2096516883634207,0.3513707524101184,0.0,4,SolvedWithSlack,146957,78048,354991,0.3761703549690067,1.6491807919294388e-12,9.627021402280889e-14,0.32252648076974805,-0.844748936366652,-0.6640663905310827,-0.1436926304280952,0.8707943267359222,2.104188895970069,-1.4872186670862546,0.40643941644340437,-4.617844548363612,1.1331053762982009,-0.43168058737017817,3.8098867480393492,-1.7136832138373101,0.7791231141846251,-0.09837800759862876,-2.7017853356401047,-3.3250710520335467,0.6394896034473113
0.39,-0.08292613487589047,0.0,0.5196671596341953,0.0,-0.24076851596918852,0.0,1.1859986591715,0.3577680799293699,0.0,4,Solved,127701,59112,294776,0.266503439170523,1.6358026044827056e-12,6.9111383282916e-14,0.3152381586256138,-0.8426952452399169,-0.6869839828484982,-0.1375747138544998,0.8686519887187113,2.124460712364955,-1.4401239184590877,0.4134455964530433,-4.561450390896672,1.279357235344363,-0.42829141904583173,4.257346811865213,-0.29329154030277793,1.5632173986644837,-0.3637980947636167,-1.2982574832827891,-2.650585996470988,0.45305584658988907
0.395,-0.08500254234702297,0.0,0.5195817584406978,0.0,-0.2466515005201755,0.0,1.1710725355777207,0.3634731277762747,0.0,4,SolvedWithSlack,141898,58561,304315,0.3987529561786766,1.5314237091173409e-12,3.1125102495366264e-13,0.30811685346716744,-0.8406565062892759,-0.7101289330216553,-0.13079763743660225,0.866483704930947,2.1476826219583565,-1.4150530523495246,0.40419712864829227,-4.672827002878422,1.4036921243614697,-0.43794215629053,4.918250178069543,-1.6906304461124049,0.8079249063562912,-0.13939244576893003,-2.7046329928557986,-3.349064573423229,0.6778800255037503
0.4,-0.08710387198123608,0.0,0.5194879037627496,0.0,-0.2524716566271821,0.0,1.1595977241488191,0.369001965390724,0.0,4,SolvedWithSlack,146136,59733,310527,0.399152657785061,2.0938806244430452e-12,5.172251515972448e-14,0.3011231580936291,-0.8386336772982118,-0.7335529586089277,-0.12343910469403144,0.8642618842210523,2.174641825028993,-1.3885869437686282,0.40481100456475816,-4.692994104743083,1.515951885492952,-0.44943441596352696,5.7105476010583285,-1.6923332232365318,0.8065831751078465,-0.13963239293653973,-2.715923284786983,-3.3547469449658545,0.6785595182346037
0.405,-0.08923035889063344,0.0,0.5193868021518946,0.0,-0.2582421717509416,0.0,1.1507583825888217,0.37440917213432134,0.0,4,Solved,128643,58611,291190,0.2661688895976269,2.333688797762079e-12,1.2255474413080947e-13,0.2942505594112691,-0.8366080976939065,-0.7570848957878336,-0.11554422092378165,0.8619683435899964,2.205583085560352,-1.3657282752668483,0.40539720582816563,-4.715334944026169,1.6203944692242236,-0.4654408983101638,6.505099971548344,-0.28372818807265504,1.5666850089148936,-0.3666269660920909,-1.317340084169542,-2.6601929374686506,0.4524871123159657
0.41000000000000003,-0.09138169419080998,0.0,0.5192791216475819,0.0,-0.26397857545735054,0.0,1.1454501784301625,0.37953215967459064,0.0,4,Solved,129304,58791,291671,0.2666388436322248,2.1694868124200184e-12,1.3192225090108423e-13,0.28745838676034347,-0.8346046287684485,-0.7809927978621413,-0.10715184236778337,0.8595778655006265,2.240246244446326,-1.3542442836176658,0.397931195393001,-4.824488615278012,1.7167095624407567,-0.4866269871324071,7.215470846133666,-0.2866707380578083,1.5639859038875743,-0.3666013878383022,-1.3308990670259973,-2.668776689772134,0.4532860341747821
0.41500000000000004,-0.09355736828709237,0.0,0.519165201272748,0.0,-0.26969512460908995,0.0,1.1420642538749728,0.38451095038459604,0.0,4,Solved,135215,59212,298805,0.2671962222952491,2.665867526729926e-12,1.951702688351986e-13,0.28071356656896423,-0.8326312338579754,-0.8054242983679024,-0.0982916664611676,0.8570789261257752,2.2783972206099747,-1.3459900119374633,0.3928371796649854,-4.926514376826586,1.8086730082616338,-0.5087938005262828,7.903331846588969,-0.29170344273803017,1.560081271537314,-0.36622258426988,-1.347002857546756,-2.679232598851579,0.4542335779019234
0.42,-0.0957572600512072,0.0,0.5190453965715593,0.0,-0.2753984988778831,0.0,1.1398973989112542,0.3894058743395043,0.0,4,Solved,127611,77546,309534,0.26777021384316557,2.6645352591003757e-12,2.1996293675385914e-13,0.2740023003906143,-0.8306768532587426,-0.8303480649709638,-0.08898104769075112,0.8544636854390126,2.3199034105159155,-1.340238145210744,0.38985466254798595,-5.02274096816697,1.8976583047970006,-0.5328827189914981,8.562772412335818,-0.2986061519471172,1.555010401441042,-0.36550939176504194,-1.3653327017815324,-2.69122002567464,0.45520936353338143
0.425,-0.09797990365101061,0.0,0.5189393669498407,0.0,-0.2813522092951982,0.0,1.2093293917694206,0.39003158241942476,0.0,4,Solved,127951,58720,295007,0.267051943762938,2.7540192348851633e-12,2.7229607457712746e-13,0.2666284286482461,-0.8282811590455227,-0.8553162847671881,-0.08030230998407131,0.851961777962338,2.355238244510328,-1.481615733338332,0.484462966933056,-5.026189646827243,1.7586957961808944,-0.5229040812457028,7.1184127745653,-0.29157531617529037,1.5486308266392468,-0.36592357962938843,-1.3673866043017424,-2.6780315981564033,0.4539883043969946
0.43,-0.10022600353633673,0.0,0.5188317001303906,0.0,-0.28737355337230724,0.0,1.2014039915789936,0.395235196197333,0.0,4,Solved,127972,59181,291581,0.2674728166322037,2.8360647164049624e-12,3.0868363420921696e-13,0.2592726962024845,-0.8258904818819635,-0.8807526457724396,-0.07119066566072764,0.849176789434485,2.3927452776572427,-1.4652567225648274,0.4745747256946278,-5.126835556903172,1.8636417302018862,-0.5774817913330755,7.759092480229129,-0.2953665399728848,1.5463506850800588,-0.36591655362371,-1.3830522652702402,-2.6892532150768327,0.4547037882747462
0.435,-0.10249615176396998,0.0,0.5187149352854479,0.0,-0.2933655581913709,0.0,1.1967606016855301,0.4002752149323515,0.0,4,Solved,128172,79681,319053,0.2679938401851793,2.843947299879801e-12,3.739925036327918e-13,0.25198045122553925,-0.823535977249024,-0.906671504886033,-0.06157967513337556,0.846159623829128,2.433473598818592,-1.454722565798467,0.4689423454069431,-5.220768805896287,1.9606447369394102,-0.6195951149599531,8.402583170222202,-0.3011494748242425,1.5423861180922522,-0.36550331292577437,-1.4009210821026417,-2.7013684364364163,0.4555895283148048
0.44,-0.10478971168641195,0.0,0.51859885471157,0.0,-0.2994581842600515,0.0,1.2701452660936712,0.40065257705587837,0.0,4,SolvedWithSlack,144733,58932,307902,0.41043501313940417,3.856970298699025e-12,3.51538242959748e-13,0.2443302647276239,-0.8209381785114896,-0.9327954448399228,-0.052115085193790725,0.8431057468434225,2.472035032288336,-1.6027215510800668,0.5681920489026181,-5.213671060170295,1.8140407998053019,-0.6027935908460915,6.913807722852673,-1.8127121315115062,0.7167699096462317,-0.12266549404463213,-2.9223620159048065,-3.440126960660857,0.6977395223369871
0.445,-0.10710607136736248,0.0,0.5184915122990391,0.0,-0.30577410581153225,0.0,1.2588930148994615,0.406173335664017,0.0,4,SolvedWithSlack,140144,58751,302271,0.4121001894028666,4.4427916297840673e-13,1.4478696019892823e-13,0.23640652953316835,-0.8181046466415212,-0.9588796173240661,-0.04269906617148413,0.8398983995818937,2.508717450075263,-1.5739044456103086,0.5662149392307755,-5.218992804147814,1.9280782239007817,-0.6647050126152381,7.621056690840927,-1.8297679731552072,0.7072601225232124,-0.12073241466497273,-2.9515773967692462,-3.4574086431996403,0.7005703219848731
0.45,-0.10944744454764162,0.0,0.5183737792162469,0.0,-0.31204428132575385,0.0,1.2512347886628732,0.41157635896082273,0.0,4,Solved,135586,63250,305066,0.26839918465008133,6.770140004164205e-13,2.2157276013956562e-13,0.2286075957503716,-0.8152710703541783,-0.9849930180712655,-0.03274109194213953,0.8364283764187284,2.5489603415459516,-1.5512614571886105,0.5674253565319729,-5.225068797661836,2.033255977199807,-0.7122261915421304,8.332672000379496,-0.3039127893439155,1.5289708698960671,-0.3656668218302262,-1.4379277639014487,-2.711618523242344,0.45627861390513824
0.455,-0.11181369748975477,0.0,0.5182472793557371,0.0,-0.31828918535203354,0.0,1.2480839501171181,0.4166396436622434,0.0,4,SolvedWithSlack,148971,70574,326156,0.41668495659066973,2.4789059693830495e-12,5.032085859113522e-13,0.22087942737168648,-0.8124533946445461,-1.0114271957687828,-0.022284260036717685,0.8327370380072593,2.5925072669028735,-1.5427780891738085,0.5615228427232131,-5.326611361809699,2.1295840874594503,-0.754676381134703,8.95931426547323,-1.8815651412195,0.6764007390422396,-0.11392858884962151,-3.0281522604666047,-3.499476238831228,0.7083644262041385
0.46,-0.1142038803527021,0.0,0.5181222733014011,0.0,-0.3246556797002565,0.0,1.2885179724306062,0.4191568210388347,0.0,4,Solved,127110,59752,291781,0.2688377441450907,2.1150858842133857e-12,3.658323644017969e-13,0.2128394713901065,-0.8093756661042889,-1.037817590231536,-0.01190552304688797,0.8290727801516343,2.634912428374066,-1.6171799142483465,0.628358550627704,-5.268737948208511,2.092120121365587,-0.7481104926737276,8.51831067360266,-0.31105039235642395,1.516145078383102,-0.36510337663552794,-1.4687036039332606,-2.721754641143497,0.45702416504665416
0.465,-0.11661828695532166,0.0,0.5179935267864768,0.0,-0.3310797801954267,0.0,1.2831593864701374,0.42431774995339033,0.0,4,Solved,137940,73228,316228,0.26929281312604303,1.7216729410404008e-12,1.6764367671839864e-13,0.20479440314953545,-0.8062649063717,-1.0644876347784171,-0.0011326902056258536,0.8251403134134858,2.6792344927694205,-1.60482271577499,0.6188518929160812,-5.375856766412347,2.1951835820273042,-0.8097796698383336,9.097759058212542,-0.31855586533897684,1.5104658619261904,-0.36463686141904295,-1.4892940659085905,-2.735244490005715,0.45779778231427315
0.47000000000000003,-0.11905561016064675,0.0,0.5178661363163922,0.0,-0.3376556927773994,0.0,1.3215173565278786,0.42676989963946105,0.0,4,Solved,132660,59282,301409,0.26902974022954856,6.378619854530143e-12,2.9943963975043175e-12,0.19635785523887553,-0.8028968492349681,-1.0913955522690468,0.009479716539826419,0.8210893979675591,2.7205926978005586,-1.6821551606984702,0.670294568745452,-5.423030344936731,2.1659635910586332,-0.8367129184664908,8.510758661322331,-0.3173672620043115,1.5051854388156336,-0.3650701523222757,-1.5000199666533929,-2.7336569392803485,0.4573505583902326
0.47500000000000003,-0.1215167485129132,0.0,0.5177308821985164,0.0,-0.3442518892817568,0.0,1.3181413216030087,0.4317852680063914,0.0,4,SolvedWithSlack,146106,70944,322719,0.4239983428038418,2.263185648088898e-12,1.8751666885918894e-13,0.18797555363024415,-0.799564550838391,-1.1188104953743074,0.020611740792232925,0.8167441707529585,2.7649609773207002,-1.6736698928283216,0.664555624389944,-5.521717443185473,2.2660287085985202,-0.8891404130458743,9.115803804548296,-1.9706002627415558,0.6127649870014459,-0.10211567356601824,-3.1667143294350635,-3.5568559719937256,0.720797182766531
0.48,-0.12400141762695412,0.0,0.517595085414765,0.0,-0.3509713872359505,0.0,1.359580481302027,0.4341844091020486,0.0,4,Solved,130797,60855,303113,0.269467350453379,6.323830348264892e-13,3.285705041378151e-13,0.17927078890876222,-0.7959587129216505,-1.1461452555608629,0.03167652066382683,0.812383916105364,2.807975764744509,-1.7508973498759866,0.7350709666141819,-5.454189815446939,2.2297250093150307,-0.8888175709873719,8.632473493181314,-0.32398353569241584,1.492773360569707,-0.36492256067337914,-1.5319716745215146,-2.744227729574356,0.45809449577074424
0.485,-0.1265100574842362,0.0,0.5174541344306063,0.0,-0.3577522461003667,0.0,1.3547459889068878,0.4393084582099277,0.0,4,SolvedWithSlack,144483,59072,308883,0.36951207819014753,4.014566457044566e-13,2.5743296383495817e-13,0.1705531943892514,-0.7923116818449308,-1.1737404840842307,0.04314160967238614,0.8077392020329082,2.852857500708091,-1.7398782017966827,0.7264825579928423,-5.5606108290903995,2.3342463750051015,-0.9534545677925419,9.207978328780904,1.3238370560354,2.377774521551365,-0.6281705329232508,0.1020615051110777,-1.9440704806402214,0.1952871241939027
0.49,-0.1290422997031435,0.0,0.5173025147504774,0.0,-0.3645268487223353,0.0,1.355744166494135,0.4439316579000572,0.0,4,Solved,130657,77606,313232,0.27041180649546187,9.396927680427325e-13,2.1514734438454752e-13,0.16183843266651948,-0.7887232634923315,-1.202155589688551,0.05509742154758,0.8028035168474663,2.9004073060602735,-1.7461236735763814,0.7127632064332297,-5.761926065796713,2.428467013089848,-1.0081073469268356,9.712066115908941,-0.34000242031186434,1.4798514418446373,-0.36398062102067563,-1.576057863030297,-2.77147335848425,0.45970007104228516
0.495,-0.1315962777419227,0.0,0.5171523078296089,0.0,-0.3714908607089522,0.0,1.4009810755638559,0.44584029461849545,0.0,4,Solved,134454,59042,305717,0.2700204017875816,5.476097979563635e-12,4.5180525987120745e-13,0.15264070643977068,-0.7848399962169533,-1.2309211199259311,0.06682887072441392,0.7977768810043769,2.9443222007117247,-1.8374066581264137,0.7764520571122799,-5.787610537310807,2.387907117841282,-1.028666171206749,9.02217761716701,-0.33808588006831775,1.4744881243598909,-0.3645727047731116,-1.5869270489628524,-2.768132695051201,0.45903468303888867
0.5,-0.13417352504692237,0.0,0.5169939382139784,0.0,-0.37849185298165433,0.0,1.4000222017886126,0.4506539004325579,0.0,4,SolvedWithSlack,146256,71034,328821,0.43420642876451787,6.6654802427072644e-12,5.251910017989303e-13,0.14346473766525927,-0.7809584853808258,-1.2601166087950868,0.07906192690802412,0.7924809753902324,2.991208838469378,-1.8345095027529001,0.7766459048319864,-5.872585975177755,2.485427650914162,-1.0789281106826814,9.612372475057905,-2.097313657040693,0.5259781420638517,-0.08582069741190118,-3.3606003988074575,-3.639844779257762,0.7381509288996804
0.505,-0.13677360897550941,0.0,0.5168343533020335,0.0,-0.3856346288198744,0.0,1.4460434466242624,0.4526557578745772,0.0,4,Solved,132410,59182,296440,0.2703025966515238,5.325343213356795e-13,4.318767565791859e-14,0.1339190333684967,-0.7767519919995327,-1.289125789441611,0.09119978667497107,0.7871683693137771,3.036331803810489,-1.9218185378423118,0.8585888323205406,-5.780493185697979,2.44264692295487,-1.079082402675193,9.033333940626056,-0.3445912065443253,1.4610900302794074,-0.36452670392150965,-1.6206220270332432,-2.7774244079554977,0.45951441430759044
0.51,-0.1393970545267005,0.0,0.516668959686221,0.0,-0.39285309310697925,0.0,1.4429616236927245,0.45761177081445353,0.0,4,SolvedWithSlack,145434,59823,309545,0.3782523470334125,2.3230342693309662e-12,2.473576898864849e-13,0.12433581315291632,-0.7724760066108874,-1.3183271983675149,0.10372708713794249,0.7815660737046438,3.0831546971055763,-1.9143953397503355,0.8537092732933496,-5.878583166837024,2.54658530379804,-1.1463451645737097,9.5866601213723,1.4062917989649246,2.3989191973861717,-0.6430289899568012,0.1155267738213438,-1.9297770081704195,0.1813520459036906
0.515,-0.142043491690411,0.0,0.5164921488099161,0.0,-0.4000740426584143,0.0,1.4457275042243594,0.4620313944511123,0.0,4,SolvedWithSlack,146396,67568,333720,0.4407260914723291,4.20218432404587e-12,4.62685445512534e-13,0.11473663181925652,-0.7682444796530659,-1.3483347266077974,0.11674648197231656,0.775648862164052,3.1325034263077716,-1.9245797022150934,0.8423228374774903,-6.0806926198396525,2.641553677117794,-1.2069718378695258,10.058725952938504,-2.180807082963709,0.469127192498989,-0.07525163216113696,-3.4868220243056953,-3.6944082396133577,0.7492343555029595
0.52,-0.14471289658657027,0.0,0.5163049003486643,0.0,-0.40730767818993235,0.0,1.4469058572678093,0.46676122371636825,0.0,4,Solved,130747,60535,300748,0.27172429359291217,6.615152869926533e-12,1.5839551892327108e-12,0.1051387002331164,-0.7639828176241443,-1.3786068841201273,0.13023701595055553,0.769471052911395,3.184656994919443,-1.9166729769603035,0.8590144059734661,-6.037839043735537,2.7360380446398915,-1.2552955480592936,10.672971383730221,-0.37252299401945893,1.436498475114583,-0.3624618011192079,-1.6936332797724125,-2.8191971801518463,0.46193129910795067
0.525,-0.1474059887438268,0.0,0.5161081238714892,0.0,-0.4145523339589381,0.0,1.450858492544949,0.47123266966821187,0.0,4,SolvedWithSlack,143190,70272,316959,0.3152334912908093,1.1719968619697383e-11,9.658940314238862e-13,0.09554028591960277,-0.7596746220795334,-1.4090439724625692,0.14418993105289163,0.7630285104827724,3.2395062009138087,-1.9224022732302861,0.8638507817717953,-6.11933177407541,2.826953648133584,-1.3108221953517931,11.164413115422642,-2.217084817512998,0.36423974832648937,0.10808715939791891,-3.508078161548386,-3.5409912332389633,0.5358969351943758
0.53,-0.15012025625917874,0.0,0.515909877459118,0.0,-0.4220048202286414,0.0,1.5176856217537962,0.4717466063942641,0.0,4,Solved,139994,60855,306980,0.2710281381179738,1.0231815394945443e-12,2.872979631973749e-13,0.08553327017486667,-0.7548755312540115,-1.437992633127557,0.15784162679756986,0.7565626116512971,3.2901115111966788,-2.0154742258380214,0.996023689602207,-5.60072282355248,2.720643455080949,-1.3019065809693764,9.8882951663859,-0.3806661578427885,1.4220987347220537,-0.3628784110286944,-1.7320373581451782,-2.827215755120729,0.4607478348005555
0.535,-0.1528560007318915,0.0,0.5157046728295525,0.0,-0.429610756807287,0.0,1.5219705993921555,0.4761220772236153,0.0,4,SolvedWithSlack,139754,58110,307180,0.38921223501470037,1.2672085603071537e-12,4.658773367083313e-13,0.07545046280724352,-0.7499048801925107,-1.4663651988781485,0.1717447825287176,0.7498468135512395,3.341052875079961,-2.01830048077287,0.9936484897051407,-5.721848671378597,2.8202253335614937,-1.3699219252945187,10.387501958267109,1.5034526239784796,2.428519242353472,-0.6616607995249906,0.13599259987953546,-1.9189937862107351,0.16256667041415734
0.54,-0.15561354135757,0.0,0.5154879084339847,0.0,-0.43723710526095994,0.0,1.528144083341256,0.48012705448032617,0.0,4,SolvedWithSlack,141207,58530,303012,0.45460584502217377,8.212319713152283e-13,1.917077607771489e-13,0.06530076823984639,-0.7449699788025873,-1.4956896839417644,0.186126209592417,0.7427925950767537,3.3942039782780524,-2.0387262630626273,0.9835615429789573,-5.957027463830143,2.9133519640135717,-1.4374518388146604,10.791511555978776,-2.372297426181519,0.34649902295848944,-0.05130352372192651,-3.7559544119297144,-3.8163273503225392,0.7728299365376954
0.545,-0.1583926708265018,0.0,0.5152601511751514,0.0,-0.44489061706633737,0.0,1.5317842948762346,0.48449995593464334,0.0,4,Solved,135867,59142,298664,0.2724888382203892,1.29485311362032e-12,2.985667268973202e-13,0.05511072025796391,-0.7399910044543101,-1.525366657801717,0.20096721938528062,0.735439813180958,3.449818830684435,-2.037844252479765,1.003931622920396,-5.921748061041565,3.0051728897200496,-1.4937425322596465,11.337427149423732,-0.4174329292216987,1.389479164298439,-0.3606694180090044,-1.817175602876538,-2.87364707963812,0.4632310249746617
0.55,-0.1611940908340196,0.0,0.5150220484263958,0.0,-0.45256659622556167,0.0,1.53806526665984,0.48858774512228975,0.0,4,SolvedWithSlack,142389,57719,303343,0.39598407438889005,2.1234125568980744e-12,9.703071679467712e-13,0.044883334735361095,-0.7349519910923347,-1.5552834431548512,0.21626241789076595,0.7277721070444189,3.5077635610100764,-2.0512481010084422,1.0109050869702563,-6.022929848259961,3.0950677172262178,-1.5604559814188754,11.753182703742478,1.561319197222398,2.4441367709521904,-0.673172926461113,0.14522368550563616,-1.9209459425052793,0.1498961290381795
0.555,-0.16401606516943693,0.0,0.5147736748162182,0.0,-0.46028736717245705,0.0,1.5488057127157422,0.49208805636960673,0.0,4,SolvedWithSlack,139884,58911,301990,0.4651465650625401,1.5270887346642255e-12,4.2763015350999467e-13,0.03454013850823877,-0.729909687743946,-1.586082303095631,0.23199820383388273,0.7197500411304995,3.5674452429142964,-2.0810830010692896,1.0077359164718347,-6.247909820262228,3.181902205591204,-1.6336918507626987,12.057037506435735,-2.526682294159229,0.2502498065421409,-0.031124573873747285,-3.959747205244416,-3.9158866285947544,0.7907491606063182
0.56,-0.16685820303939133,0.0,0.514515097304708,0.0,-0.4680551335079916,0.0,1.5559527031270026,0.49600856313618813,0.0,4,SolvedWithSlack,144944,69181,317891,0.400830094295004,6.105560501623586e-12,2.2457868897873823e-12,0.02411878264601204,-0.7247861937784418,-1.6171327887137175,0.24816196370422025,0.7113945741230296,3.6290769640783114,-2.086558122648749,1.0358354248235915,-6.185997047991248,3.267301372808124,-1.6976292203373595,12.498901987219526,1.604394621228841,2.4561239838667146,-0.6814111603015067,0.1544531932947192,-1.920202308001444,0.13916900770479637
0.5650000000000001,-0.16972055767989877,0.0,0.5142465734616838,0.0,-0.47586830722043516,0.0,1.5681323081421312,0.4992631254899497,0.0,4,Solved,135646,57889,301920,0.2727264533507681,6.9684258363622575e-12,2.6141588893580092e-12,0.013586126118992766,-0.7196110030634482,-1.6487407582931977,0.2647546099368585,0.7026577638605045,3.6922599652213113,-2.1207154770064838,1.0354386916931235,-6.4087651862831665,3.3527623898465353,-1.7805253504283578,12.72766299216898,-0.4803414278809406,1.335164813711351,-0.35493245450846306,-1.9476840670475808,-2.940224315794103,0.4636349706963058
0.5700000000000001,-0.17260128479624792,0.0,0.5139679538102088,0.0,-0.4837452008349778,0.0,1.5798618768174215,0.5024907288187113,0.0,4,SolvedWithSlack,151616,58720,319413,0.35578495303713903,5.709654971042255e-12,2.060462911401828e-12,0.002913508959607383,-0.7143799268414498,-1.68098468042787,0.28176555118703156,0.6935252721409891,3.756778054682288,-2.144133877874006,1.0536809220329277,-6.474737978658373,3.4356515092693396,-1.858183758009088,13.016837311354237,-2.6464225630404314,0.10062145553174837,0.14808123363868966,-4.089284630646913,-3.80759102895471,0.6048344201631364
0.5750000000000001,-0.17550051591273377,0.0,0.5136782232576284,0.0,-0.4917021634467389,0.0,1.6006320581873679,0.5052679769606117,0.0,4,SolvedWithSlack,144573,59132,307200,0.3037993481462296,6.224354365258478e-12,2.2041257707883233e-12,-0.007806228670329099,-0.7088959442446887,-1.711923559573929,0.2990322330333565,0.6841010321268288,3.8216356411755306,-2.1441490373026824,1.124945089550351,-6.000998641384839,3.466171467279723,-1.90392086204492,12.939783261264687,-2.6767445656647553,0.04874038001423121,0.2268147346779137,-4.118798893896321,-3.737392959530584,0.5164588918485903
0.58,-0.17841757398060534,0.0,0.5133750496184184,0.0,-0.49978808836617344,0.0,1.6291024101870009,0.5075542020712033,0.0,4,SolvedWithSlack,148070,62899,349991,0.48294591178322094,9.605649609056854e-12,3.394950987001266e-12,-0.01851445675658718,-0.7030169666688558,-1.7400493560108625,0.3163864981487393,0.6744761669682933,3.885491380817196,-2.140573993640398,1.2092053832372238,-5.3799743987397965,3.4749988896013373,-1.9397786457028399,12.660459298400733,-2.8250091206028958,0.07083160691055328,0.006566274157033267,-4.348585677358758,-4.097532130454011,0.8210080500314756
0.585,-0.18135274610584273,0.0,0.5130588892047706,0.0,-0.5079786748603926,0.0,1.6412420500480909,0.5108762982380386,0.0,4,Solved,128773,58611,294647,0.2712281045385353,7.562839243746566e-13,2.287336986483979e-13,-0.02925267906295184,-0.6969018513060231,-1.7669429726620323,0.3340205631607812,0.6645172874384655,3.94975921842052,-2.1528033234802595,1.232572909977914,-5.377412724025421,3.561802545756479,-2.027504359927368,12.977597850547522,-0.545494005301466,1.2822423538330359,-0.3522279605517083,-2.087127247001799,-3.0051600060361743,0.46108777771550996
0.59,-0.1843063263968471,0.0,0.5127320875091848,0.0,-0.5162176963875628,0.0,1.6528123138972894,0.5139116679978314,0.0,4,SolvedWithSlack,142830,59072,306028,0.3503157841086205,2.0431407570185045e-12,3.206324095117452e-13,-0.04010511569240824,-0.690714449740379,-1.7943086198099294,0.3520935621391417,0.6540781258224144,4.015239182174411,-2.183063305309408,1.241663930498966,-5.534130660439306,3.650028701041346,-2.128346833456836,13.173620089810333,1.9129117360162564,2.5273485783504137,-0.5955368329846549,0.3900803521939016,-1.653632809389877,-0.0936798387765261
0.595,-0.18727511006914038,0.0,0.5123933566622012,0.0,-0.5245545053119458,0.0,1.67937193249692,0.5154950676547875,0.0,4,Solved,130857,59282,301339,0.2699918097160518,5.7696070143720135e-12,1.2326806242413113e-12,-0.05114536840605399,-0.6844129777418066,-1.8218771280075985,0.37047469966483537,0.6431993356389034,4.08035078965524,-2.225812443708632,1.2737090220287441,-5.49860767330108,3.6941755313580806,-2.206965835734689,12.926658959926657,-0.5847770787805284,1.2486172459577025,-0.35036539323789573,-2.163890103251648,-3.039249783086738,0.458986076517288
0.6,-0.19025741376353922,0.0,0.5120416983914649,0.0,-0.5330078744435642,0.0,1.695990486934766,0.5177394288984195,0.0,4,SolvedWithSlack,140836,58691,303884,0.32497846337016745,6.443734434924409e-13,1.9106938253798944e-13,-0.06238791049396133,-0.6779923059446304,-1.8498020996591904,0.3891990187497867,0.6318719948361916,4.145568994091221,-2.263965268383147,1.291609126245763,-5.640806323386786,3.779325481280557,-2.305658420805192,13.118206001731258,2.0522361048107105,2.5609516701473973,-0.5524633877292846,0.5084080216786915,-1.513210954661802,-0.20080845243793544
0.605,-0.19325267844830615,0.0,0.5116769473040081,0.0,-0.5415742087210006,0.0,1.7278384039850267,0.5186179547043481,0.0,4,SolvedWithSlack,139884,58751,302551,0.4333226933281985,6.8525277017930864e-12,4.583555757164959e-13,-0.07383986249671394,-0.6713698897938809,-1.8773950155018448,0.4081622999517441,0.6201490342652572,4.209904190140539,-2.308959224467842,1.3470235025625619,-5.437596357325097,3.802442584488938,-2.3705671562487187,12.705926502883939,1.865007661001496,2.544884280215361,-0.7366485786579374,0.24612940586555396,-1.8732546803133625,0.06926198873372096
0.61,-0.19625844229072784,0.0,0.5112979489723237,0.0,-0.550285075510553,0.0,1.7492736807298714,0.5199878990074095,0.0,4,SolvedWithSlack,148841,59232,312751,0.5067786694426626,4.192202140984591e-13,9.159339953157541e-14,-0.08556490459275236,-0.6646244882437612,-1.9055625925367337,0.42744975192488394,0.6079528839054087,4.273752968094929,-2.369532771008891,1.3514746603578256,-5.760136519104387,3.894809686107298,-2.485847007096085,12.811221327698053,-3.256988673799422,-0.19491139439251673,0.05778605187036018,-4.8957584458861,-4.349249488976101,0.8615237380525265
0.615,-0.19927676107481268,0.0,0.5109069323576841,0.0,-0.5590665038839626,0.0,1.7597121786026375,0.5224300859816362,0.0,4,SolvedWithSlack,139143,59162,305767,0.3442395009269602,6.390415611962337e-12,2.894351425197783e-13,-0.09748549393993002,-0.6577317523658328,-1.9341895813785621,0.44715785542150693,0.5952458389025047,4.33855524669677,-2.393464104556044,1.396077882135871,-5.703509943492144,3.974043823535644,-2.581151149815679,13.05232704263929,-3.221887838019698,-0.2791919535478457,0.28314709440277186,-4.819656359454164,-4.036555150924402,0.5852071515758324
0.62,-0.20230851201064481,0.0,0.5105022359049134,0.0,-0.5679293920417471,0.0,1.7836768659799276,0.5240189406088854,0.0,4,SolvedWithSlack,143210,58581,305888,0.44564415429678433,5.853955852941554e-12,4.847233725513433e-13,-0.1094697863937063,-0.6504444157339219,-1.9608080173280484,0.46704541432482904,0.5822020377444693,4.402830967740812,-2.399405660500266,1.497622043629639,-5.0763174014953965,3.9812824331299232,-2.628821146632091,12.725077091470146,1.9574242927088632,2.5735929649148948,-0.7575950623045333,0.27892486093453295,-1.848302216829139,0.04199258640938497
0.625,-0.20535127031735012,0.0,0.5100828414384503,0.0,-0.5769103393665307,0.0,1.8032513039049378,0.5253201402135097,0.0,4,SolvedWithSlack,142650,59422,314614,0.3742609106801657,5.044021502756411e-12,8.245071292378725e-13,-0.1216449516679799,-0.6429759679206316,-1.9873599258674233,0.48726160318936707,0.5686156218869758,4.466527095619212,-2.4597582771486386,1.4926928648018896,-5.460602991841198,4.084884968625714,-2.776328455428017,12.75090137838878,-3.379947314495008,-0.36217739387482206,0.27073888342776303,-5.0263475190518685,-4.15711744698762,0.6362435481562817
0.63,-0.20840387325141072,0.0,0.5096495659923792,0.0,-0.585992483692426,0.0,1.8259731983288805,0.52658720828617,0.0,4,SolvedWithSlack,142720,59472,306389,0.34724381432244206,7.071939138856312e-12,7.630007736736388e-13,-0.13397558901976458,-0.635218769101429,-2.013010585424656,0.5077330129908383,0.5545670633606024,4.5295354126652665,-2.470433694098827,1.5898367270613745,-4.915249508242543,4.102087238543795,-2.8340373905969134,12.501704689114131,-3.4252005681049837,-0.4079044554024584,0.3177586554885227,-5.0813167682760705,-4.120167631130901,0.5903144843481515
0.635,-0.21146679629356366,0.0,0.509199187686828,0.0,-0.5951982900800524,0.0,1.8515757595598066,0.5277517098687319,0.0,4,SolvedWithSlack,141918,58921,308592,0.46103640452005934,6.216451473134911e-12,7.405742685762107e-13,-0.14634656765924073,-0.6269603036548501,-2.0357355459748527,0.5282608342280567,0.5402413900916225,4.591003158751072,-2.4771271839483253,1.692454872509241,-4.303665388353468,4.109280572825063,-2.8873470582741847,12.15695734293967,2.062838493440839,2.6096225344972144,-0.7837618876841008,0.32173640556823113,-1.811250937262383,0.010507211786842718
0.64,-0.2145387336480339,0.0,0.5087328802937455,0.0,-0.6045146221650358,0.0,1.869855996281068,0.5287548264004973,0.0,4,SolvedWithSlack,143000,58881,316248,0.46497292137055285,4.9728542553547616e-12,5.078160114635466e-13,-0.15892733348749558,-0.6185462075807378,-2.0587099679846443,0.5491502633956848,0.5252904197700695,4.651806317851353,-2.5432256979266654,1.6784114477037908,-4.781831176752091,4.223974177069317,-3.0587680342300425,12.16603540723121,2.089682272198663,2.6122250325538197,-0.7904539663299398,0.32840067564084824,-1.8048242883682057,0.00012289514034974358
0.645,-0.21761728891724244,0.0,0.5082535246819819,0.0,-0.6139138257065181,0.0,1.8865043934818964,0.5294174724178552,0.0,4,SolvedWithSlack,141788,59502,306689,0.5294810451236571,1.2744972498978504e-12,6.82509604388315e-13,-0.17185224997923973,-0.6101713094652056,-2.0839646291276863,0.5706082395924601,0.5094839916580366,4.712660909068968,-2.613378851589647,1.6741509817450098,-5.224357952957834,4.337425104503852,-3.230629477916618,12.174844767930916,-3.7936939629003597,-0.5306352703168453,0.11446697408769772,-5.57506446993952,-4.648472240143328,0.9001177767102171
0.65,-0.22070298817358563,0.0,0.5077608111497721,0.0,-0.6233728138433595,0.0,1.893687169537542,0.5311432111171587,0.0,4,SolvedWithSlack,142549,61386,324914,0.4726249045810471,1.1297629498585593e-12,3.9573899712763705e-13,-0.18500121468935757,-0.6016569036986233,-2.110023663495624,0.5925386966447892,0.4929517612656525,4.773993660339121,-2.6399710491088726,1.7213270629297472,-5.204123612352759,4.419930057583699,-3.360314269724026,12.319956479457353,2.1429410556981896,2.618143335040324,-0.8034623377877801,0.3417676861522293,-1.7865273094440417,-0.022797730944582206
0.655,-0.22379618532403645,0.0,0.5072548034877301,0.0,-0.632877308435068,0.0,1.9072235541634697,0.5318172452092136,0.0,4,SolvedWithSlack,140836,62778,308302,0.47591250122462553,5.928246641192806e-13,1.0758061108617767e-13,-0.19839681099829223,-0.5930715175351314,-2.137363189859662,0.6149979769025812,0.47555208620740635,4.835386315797421,-2.705848159532976,1.7156946783953393,-5.6375236807877736,4.540592034513632,-3.5607482871990284,12.252913990715056,2.167236687970745,2.6186821445193815,-0.8090512520818633,0.3457183631578208,-1.7785011667583224,-0.036076448440438336
0.66,-0.22689245304689343,0.0,0.506733961291769,0.0,-0.6424345958780517,0.0,1.8971891579425015,0.5334758931345824,0.0,4,SolvedWithSlack,144864,64883,327188,0.5338575790891478,2.205569060720336e-12,7.427392034742297e-14,-0.2120022769879961,-0.5846134848624855,-2.1668502231703703,0.6380846352506964,0.45686819431662334,4.895857792614534,-2.7142939531737853,1.6596924327226323,-6.075912122252269,4.673029146491187,-3.8912251131230073,11.915677003962491,-4.0515061014141915,-0.6953424496985735,0.144250701257806,-5.896568631378616,-4.801715602564474,0.9075578844515513
0.665,-0.22999317145160708,0.0,0.506196300021975,0.0,-0.6519862132428672,0.0,1.9160406547014723,0.5340183833133312,0.0,4,SolvedWithSlack,144853,59723,317209,0.5321212265730043,1.8181158626981457e-12,2.9265478929119126e-13,-0.22573519049280577,-0.5760519662218092,-2.1968782117213634,0.6616805254141843,0.4371676429685494,4.956097559744807,-2.7647820672132983,1.7442477595924977,-5.962113810757589,4.751866572982216,-3.981899384783807,12.115977639560992,-4.116684041256231,-0.7399136238846844,0.15098921884776342,-5.98033105726587,-4.829187488784334,0.9046060851741072
0.67,-0.23310109128284873,0.0,0.5056486224186899,0.0,-0.6615937272405519,0.0,1.9242801410153465,0.5352930819125482,0.0,4,SolvedWithSlack,145926,67037,317209,0.48632318911121564,3.233635581523231e-12,1.5462076063954555e-12,-0.2396513505066156,-0.5671357772983492,-2.226421619433811,0.6856852964506478,0.41685346992095157,5.016892302369754,-2.7933648564949873,1.807093153364743,-5.874772357481581,4.8351369689010575,-4.123142844342765,12.174854386201426,2.2427176407484377,2.62511270312352,-0.8267494214890666,0.3599670392030687,-1.7407184807214295,-0.08543726714006515
0.675,-0.23621320081882471,0.0,0.5050893190183768,0.0,-0.6712516853354019,0.0,1.937677772052202,0.5352230053448158,0.0,4,SolvedWithSlack,145635,63631,320195,0.48938941273024283,4.89563944938709e-12,1.5077383785921938e-12,-0.2538068947312781,-0.5581204341100022,-2.257066669241791,0.7102659285942865,0.395489077957098,5.077184981507721,-2.85601209065778,1.8010551477305938,-6.292617168259704,4.971116553223975,-4.375882640405855,11.980417579444563,2.267588215317559,2.62465911730688,-0.8319620016414128,0.3644738212615164,-1.7257314883241084,-0.10774380623996306
0.68,-0.23932426183005032,0.0,0.5045158244620893,0.0,-0.6809547218442137,0.0,1.9256737967376383,0.5363187336263685,0.0,4,SolvedWithSlack,146827,62177,318181,0.43916639218592124,6.16751094639767e-12,1.9374502002733607e-12,-0.268141583526957,-0.5492476135855423,-2.2897782019223603,0.7355330251075156,0.3726044279105781,5.135810049137812,-2.856532065583275,1.7404560700527663,-6.7132012553613984,5.11071845767016,-4.741507908519782,11.476963958545937,-4.298530204616882,-0.9230995150886099,0.3275448322946249,-6.190722127521284,-4.731211416231138,0.7465828667160661
0.685,-0.24243534455689392,0.0,0.503924287344632,0.0,-0.6906488439439418,0.0,1.9454366075870826,0.5358959055569714,0.0,4,SolvedWithSlack,144623,71876,321067,0.49845008712903643,9.078992696123267e-12,1.854405518031399e-12,-0.28249781243848926,-0.5401350707643783,-2.321549514243006,0.7612037488135198,0.3486069971618094,5.1927426349310695,-2.8771571264499216,1.8727055952185927,-6.12355588607577,5.151532389176261,-4.8467383064008,11.306565097133754,2.3385878465620036,2.642973331607702,-0.8473651481193619,0.39278077171665954,-1.6717407604523937,-0.16780998648234605
0.6900000000000001,-0.24554693040934938,0.0,0.5033159084291551,0.0,-0.7003510277134366,0.0,1.9399992849658951,0.5366280918052976,0.0,4,SolvedWithSlack,153370,65073,325004,0.4883665715160843,8.100187187665142e-13,1.3061773884714967e-13,-0.29683734582264054,-0.531024213179781,-2.3535752948640942,0.7873968191008656,0.32317580226283127,5.247313150748214,-2.888215648006246,1.8139841721537322,-6.572128657856648,5.298819789489389,-5.211900737168013,10.792800596399276,-4.448844634979228,-0.962054835362956,0.18592513123920276,-6.415988178221912,-4.98476925764804,0.8302231715773433
0.6950000000000001,-0.24865084949401933,0.0,0.5026870600667314,0.0,-0.7100313366529978,0.0,1.922728365750352,0.5366828522781868,0.0,4,SolvedWithSlack,144683,75703,324002,0.37015444438309414,1.5629719740672954e-12,2.6606494785141876e-13,-0.31147478889607666,-0.521785187902981,-2.3853781636692726,0.8139017575345718,0.2963621088373979,5.30210513385831,-2.8946156003329246,1.8371388275519058,-6.356964235085423,5.306954187895308,-5.562455069552001,11.064178898322833,2.555734111995438,2.649855811205287,-0.62926255545126,0.6091002522899287,-1.2885504118182618,-0.4162587784171868
0.7000000000000001,-0.25175300760589114,0.0,0.5020423279476561,0.0,-0.71973834364546,0.0,1.9550562158922253,0.5351171852527519,0.0,4,SolvedWithSlack,138913,71575,313012,0.3857741670865504,3.886890809212673e-12,2.913225216616411e-13,-0.3260628192992362,-0.5123228655100389,-2.416485639892719,0.8408714101370907,0.2679916974411024,5.354701472376232,-2.9310923853248623,1.9259337542783663,-6.129033042454505,5.449811257940588,-5.761838511703984,10.179496560033812,2.5836717919473178,2.659670017698447,-0.6558160840471357,0.6149901849801508,-1.2641844636816915,-0.4418896871132795
0.705,-0.25484922168434726,0.0,0.5013859912351221,0.0,-0.7295851358443439,0.0,1.976991138920696,0.5330563302681307,0.0,2,SolvedWithSlack,147789,61826,316598,0.4010105700989946,2.0943247136528953e-12,2.883804306463844e-13,-0.34079380935059544,-0.5025169106395465,-2.44663853310031,0.8684953980486595,0.23838244074311404,5.403146225904315,-2.953539245216691,1.9814338868408923,-5.965157197064163,5.5741742760247135,-6.037926018637313,9.367833255554167,-4.3971089956597815,-0.9467305414408291,0.16405935181765072,-6.416169121583914,-4.820270346636132,0.638890892794485
0.71,-0.25794036775819773,0.0,0.5007138464584915,0.0,-0.7394650062375246,0.0,1.9712007954369233,0.5337166121683267,0.0,4,SolvedWithSlack,143561,80833,328350,0.5555313986537488,1.9255708139098715e-12,3.136380044566067e-13,-0.3554869543093382,-0.49257187525860524,-2.476303330673031,0.8964273778132086,0.20737821000956275,5.448660872881903,-2.8897804741856477,1.949366725420656,-5.927696977154243,5.547887635023301,-6.446517700246297,9.187571960251221,2.873066589881092,2.8886433760277166,-0.9444033777113728,0.844815367154879,-1.1015526753283258,-0.5676636538498526
0.715,-0.2610294032910895,0.0,0.5000149202696902,0.0,-0.7491716364664095,0.0,1.944403566069421,0.5354144717987102,0.0,4,SolvedWithSlack,129625,63931,297031,0.16419582530069865,2.5153212845907547e-12,5.471179065352771e-13,-0.3698080055804335,-0.4832163162581814,-2.5076771187263285,0.9245767532255161,0.17418944243336718,5.4893553231034025,-2.8889271679053423,1.8590104898561257,-6.478171589113153,5.689358818445446,-6.7591711193703246,7.737822048233959,-0.8031311536553596,0.8156966183940355,-0.10255458651316943,-2.6271332048111784,-2.4972696662467104,-0.08259866590664543
0.72,-0.26411526404691166,0.0,0.49929315751525977,0.0,-0.7588844926166975,0.0,1.9239123346096076,0.5379449452220284,0.0,4,SolvedWithSlack,6081938,76935,6266736,0.30674564492361384,7.327471962526033e-15,6.106226635438361e-15,-0.3839478032970951,-0.4739476628461742,-2.538353601678802,0.9529754389318358,0.13958291755708627,5.525135664038115,-2.772574309990472,1.8336465255753607,-5.91717890051435,5.666282656831963,-7.049965041127603,6.752293554908236,-3.3380083761936428,-0.5321900761898183,0.28276340448583676,-4.907930318777821,-3.2930155761068813,0.28316625954977626
0.725,-0.26720581650140834,0.0,0.49852682098326057,0.0,-0.7685687775781288,0.0,1.940822247746834,0.5409186762048795,0.0,4,SolvedWithSlack,6451326,73579,6641355,0.3634376292937593,1.4210854715202004e-14,5.9396931817445875e-15,-0.39760997197471404,-0.46468009677292776,-2.565643626802849,0.9810954939165337,0.10414532523034939,5.557170158707678,-2.702592125613999,1.8626857794416622,-5.1602533956052286,5.598915006860801,-7.1091504447831575,6.133773220157331,-4.177934963508716,-1.0153703021180713,0.4259214291438865,-5.8150020687001485,-4.157016255909859,0.5440561096294181
0.73,-0.27030833850333275,0.0,0.49771102048041643,0.0,-0.7782905306764697,0.0,1.9443253040044624,0.54585075611993,0.0,2,SolvedWithSlack,6941862,78548,7152179,0.13260957218018776,1.2323475573339238e-14,9.658940314238862e-15,-0.41074342655993723,-0.4553982243229614,-2.589044294531465,1.0089783393909895,0.0678305018837365,5.586862810255558,-2.585242781538032,1.863048041798743,-4.364672215142438,5.587863786309283,-7.303416798851616,5.605586466525635,-0.466901345097825,0.9085959732815176,-0.11336787361411788,-1.9319003987521972,-2.121753154883004,0.019656334226640926
0.735,-0.2734286672909749,0.0,0.49684218947984304,0.0,-0.7879926417438732,0.0,1.9308215093759233,0.5537008675373252,0.0,2,SolvedWithSlack,7628950,68299,7830991,0.1124418443124479,2.708944180085382e-14,1.1546319456101628e-14,-0.4231035112521363,-0.44654535234374065,-2.6094887507806495,1.0368619990152044,0.03038908612848746,5.612728631793949,-2.379200922196327,1.6889542207679573,-3.911012271222264,5.546437892682709,-7.646621855132448,4.9591787662797,-0.14555372055912086,0.9682659447846613,0.11182380804244962,-1.4019058224826195,-1.7990695089991664,0.021702476338738508
0.74,-0.27657148864778336,0.0,0.4959018081329616,0.0,-0.7976485294324908,0.0,1.9364109724839347,0.5624816716377997,0.0,2,SolvedWithSlack,7783782,60544,7967409,0.32862032701822425,1.4210854715202004e-14,1.0436096431476471e-14,-0.43442607763019303,-0.4382518921568027,-2.6254649664175815,1.0647354931328015,-0.008352503925274882,5.635045571507874,-2.181656858717697,1.6293851121607799,-2.7302166958026906,5.581043963367824,-7.833141510623872,4.192813815553688,1.303350646296941,1.9753542565920033,-0.45080062192161485,0.2371410538827715,0.41850418052646693,-0.5586545559309812
0.745,-0.279749713001072,0.0,0.49488458483570025,0.0,-0.8073672238469938,0.0,1.9517871719158355,0.5751304278325553,0.0,2,SolvedWithSlack,6760519,59853,6941411,0.459758071286821,2.842170943040401e-14,3.552713678800501e-15,-0.4449490919124434,-0.4306712100934232,-2.6389081264403313,1.0923795652473907,-0.045687898562287325,5.648247624131032,-2.0540684453849325,1.441815741464103,-2.657089489403744,5.496125226958927,-7.226717235702401,1.6429137515503232,0.5165469615786592,1.5800077298649384,-0.032990452029404024,-0.773197842606843,0.9093077619947877,-0.7815887211875957
0.75,-0.28297708207407113,0.0,0.4937927228803686,0.0,-0.8171674886942812,0.0,1.9642778128925615,0.588261755153157,0.0,2,SolvedWithSlack,141267,55364,308663,0.6360607621326857,5.449418694070118e-12,2.579603197716551e-13,-0.4546963915541526,-0.4235546399361444,-2.6490289506778018,1.1190181604294522,-0.0788853997485277,5.647371549184599,-1.8811919086638713,1.4107044046887713,-1.6111321270537875,5.218102420350237,-6.25528159878661,-1.3425002281563452,1.7841506766406585,2.3679857076658926,-0.27701448614535523,0.1550146945855132,1.6450396947126493,-1.0813032956255657
0.755,-0.28625309325770293,0.0,0.49263759252328926,0.0,-0.8269686845997953,0.0,1.9540803270276026,0.6018581954677279,0.0,2,SolvedWithSlack,139513,55775,301629,0.667076407998751,1.1728396032140154e-12,3.426148253993233e-13,-0.46356339523853723,-0.4166326900787133,-2.6547941174835006,1.1443320582474272,-0.10667713503692948,5.629198488487397,-1.7030606789598914,1.36730958400749,-0.8528681119543468,4.961619084581922,-5.102586198365381,-5.106017322945368,1.8489997234339062,2.5991189909949868,-0.3575775334528466,-0.12469042441461015,1.6081276083917533,-1.1340298935978768
0.76,-0.2895787841585598,0.0,0.49143705149792893,0.0,-0.8366473841883634,0.0,1.9205969043829134,0.615363429074909,0.0,2,SolvedWithSlack,150253,55124,315326,0.3780682189230215,2.248444900250953e-12,2.412514632510465e-13,-0.4715472332725336,-0.4098847978623218,-2.657271154074452,1.168235802196118,-0.12883616545213325,5.592931276924196,-1.527472272953017,1.3385329328541917,-0.2598235446436365,4.662113186206544,-3.9938622405616364,-8.63140649880209,-0.9949335148775703,1.335122438624998,-0.621008153437762,-3.131064779610946,-0.15906196135777667,-0.6427159721691366
0.765,-0.2929545583620706,0.0,0.49020395373601244,0.0,-0.8461271608124528,0.0,1.879430488557529,0.629059869456996,0.0,2,SolvedWithSlack,159041,55535,320906,0.3851353003838992,1.5245143002305176e-12,3.128608483393691e-13,-0.4788913007643211,-0.40397514467443235,-2.661806089735618,1.1900924601525753,-0.14697955201921875,5.545896767110404,-1.430561927258274,1.0813236051199853,-1.3181204920517695,4.180315978260486,-3.390752141179889,-9.905837844294252,-0.8847812001465286,1.4105234937484141,-0.6547300106526286,-3.0351911857075113,0.05671249728687684,-0.5506578274132753
0.77,-0.29638527907767837,0.0,0.4889438333874381,0.0,-0.8554191373915011,0.0,1.8455529467751368,0.643266909556202,0.0,2,SolvedWithSlack,164921,55405,326426,0.3710874499465692,1.8909318555415666e-12,2.324807013565078e-13,-0.48577066975241917,-0.399291932469843,-2.671352570725233,1.2095238659771512,-0.16194958210776694,5.493822317893633,-1.3403290932737844,0.843705603619005,-2.284739911807267,3.693099229431987,-2.7351091449223386,-10.742604134314405,-1.1353502459976914,1.2772894868485427,-0.6308486649091677,-3.3205348034671354,-0.1243962719677779,-0.43768963969756775
0.775,-0.2998755437435014,0.0,0.48765774752729985,0.0,-0.8645626985413454,0.0,1.8182432428165598,0.6577281517041482,0.0,2,SolvedWithSlack,164090,55264,324724,0.8794120825213432,7.620570841027074e-13,3.559375016948252e-13,-0.49220095374181577,-0.39574483476114497,-2.685378650647476,1.226508495528224,-0.17390252431738482,5.439039739810163,-1.2507976271360486,0.6231366301118237,-3.135536348528457,3.2022005775222855,-2.1655128394367837,-11.095102178031182,5.381855711721776,4.702506534813546,-1.4950005402862834,3.158066865446694,3.1578357030960893,-1.3871531789065885
0.78,-0.3034339066868682,0.0,0.48635249912984435,0.0,-0.8735786404018785,0.0,1.792779271775312,0.6738055211339905,0.0,2,SolvedWithSlack,156034,55224,315646,0.31375889342605506,2.8062328111490035e-12,3.4962449355658226e-13,-0.49822229157592374,-0.39329182982623623,-2.704221066094006,1.2424608113487658,-0.18113123611423448,5.371692774357402,-1.1737042427199111,0.40539184038832965,-4.172750703608284,3.1820524304442936,-0.9768702250267758,-14.989302851202412,-1.54771520069202,1.055585822081139,-0.5333901188242935,-3.790503523619564,-0.39350655875218443,-0.3020069398741396
0.785,-0.3070624623471999,0.0,0.4850298884636142,0.0,-0.8824690524820042,0.0,1.7691703009918558,0.6885741559123009,0.0,2,SolvedWithSlack,158910,58751,323611,0.8550007609020787,8.707923271344953e-12,1.3345990979019007e-12,-0.5038011130459146,-0.3917445443693833,-2.7265000240749213,1.2568232635442558,-0.1847688233694117,5.298440117808095,-1.077907442736849,0.24762233259369498,-4.6340194160258825,2.669074884322467,-0.563962131181109,-14.435769777177892,5.648901068371066,4.830171881662145,-1.4428435583440242,3.3460272493239014,3.0265271970054517,-1.4535012935335336
0.79,-0.3107464324432453,0.0,0.4837138538317065,0.0,-0.8909492668467712,0.0,1.5493390488258325,0.7010450314106178,0.0,2,SolvedWithSlack,154703,59161,320225,0.8469840478385711,1.0691114222938319e-12,2.088884620832232e-13,-0.5080868891486703,-0.39122274066500395,-2.7515273204707573,1.2686884388622877,-0.1837004187494325,5.215393081730932,-0.581138862695863,-0.02910506234533794,-5.239348857216202,1.9330514813386968,0.8639387190186867,-17.936916743539612,5.512880593051332,4.741239166467157,-1.4268221608333302,3.2263227029238446,2.9431337745897332,-1.4398728813255708
0.795,-0.3144362422853536,0.0,0.4825603573982895,0.0,-0.8974602842247442,0.0,1.1591503666815883,0.7122701101153686,0.0,2,SolvedWithSlack,161104,58711,325024,0.3167484933581443,9.775513731824503e-13,5.057241451035264e-14,-0.509181180260278,-0.3922794486478977,-2.77929788034074,1.2754936117314013,-0.17503861614221197,5.116533963716627,-0.005451917420743982,-0.3226540051248631,-5.751555781809106,1.0297386463057185,2.2684398559821597,-20.96084190426149,-1.7313436531704518,0.8924741994633305,-0.5384724387088453,-3.9262453990361674,-0.4738632249932908,-0.30896506634989984
0.8,-0.31815942733367253,0.0,0.4814895446212901,0.0,-0.9028232251129187,0.0,1.0544053001780382,0.7266174253476742,0.0,2,SolvedWithSlack,170252,61095,343859,0.8235149618563465,3.781674401864163e-12,7.455425166114082e-13,-0.5087189902112847,-0.39439757122439906,-2.8090046198630247,1.2786976390771159,-0.16270469966594184,5.015034967479663,0.13934791961722487,-0.4835471448416328,-6.060792480814894,0.4179599834440437,2.578465843830499,-19.888503893296335,4.958885028642915,4.4077014515653925,-1.3852849756867034,2.733334762892827,2.717758104109826,-1.3999754351557891
0.805,-0.32194268416747546,0.0,0.48042723475997284,0.0,-0.9077975682533207,0.0,0.9429428847217515,0.7418763702392619,0.0,2,SolvedWithSlack,167867,63821,380299,0.8285762972448897,5.5871973714261e-13,2.0827783941967937e-13,-0.507205603580935,-0.3974327495263461,-2.840738515829218,1.279629494032071,-0.14699105833075135,4.907233121475006,0.39796869403795454,-0.6839847161515958,-6.527438373328949,0.05503405249658367,3.4935797276027176,-22.63727816484221,4.368834258656233,4.105716796798515,-1.2655573925152834,2.1447114755191263,2.414301697659737,-1.4085797053163125
0.81,-0.325786534976962,0.0,0.4793876664961873,0.0,-0.912275930526149,0.0,0.8731441986772448,0.7575374274554573,0.0,2,SolvedWithSlack,146166,55465,311227,0.3023533732034439,6.516676087642281e-12,2.902678097882472e-13,-0.5047154085374032,-0.40126203563495,-2.874133959942418,1.279194114629353,-0.12746531537887998,4.786388540250281,0.5554511583466962,-0.8171587656573777,-6.773499468565922,-0.16614404056479506,4.159642636924292,-25.154777151084197,-2.188934391537935,0.653963521092886,-0.5140007344458546,-4.411668242156704,-0.8818946258615072,-0.5070944281580402
0.8150000000000001,-0.3296992412494944,0.0,0.47832586911697683,0.0,-0.9166378678210905,0.0,0.8792645467228891,0.7730830989177416,0.0,2,SolvedWithSlack,139524,56096,301129,0.5008314521479567,8.620880719056738e-13,2.0861090632706691e-13,-0.5017754837865717,-0.4056951810707301,-2.9086661590536846,1.2770249056925644,-0.10671630738083403,4.66244884260754,0.6098712482924448,-0.9318396354396631,-6.989227463267623,-0.6096564009807119,4.144911613099786,-24.559293007951062,0.4838273185568476,1.9087426838005432,-0.6313102909621332,-1.6112414406862097,0.23839658479553238,-0.8514134686515262
0.8200000000000001,-0.33368312145512385,0.0,0.47721208589331454,0.0,-0.9210975172125059,0.0,0.9007020303079646,0.7885792666145123,0.0,2,SolvedWithSlack,136478,55524,298584,0.46908890018028143,1.89131918827376e-12,2.739475313262574e-13,-0.4984801705587126,-0.41050590738509024,-2.9427098291439875,1.2733279698458226,-0.08577355297896096,4.537878144036114,0.6923932781852573,-0.9826375705647358,-6.689065577830726,-0.8262931645032475,4.216966799776513,-25.14489505239428,0.2707785630133337,1.7015085998530126,-0.5709369757614261,-1.736168276687125,0.006413901529754296,-0.7974511303064784
0.8250000000000001,-0.33773656780834577,0.0,0.4760367557796897,0.0,-0.9256716680381556,0.0,0.9245685377734403,0.804257086241678,0.0,2,SolvedWithSlack,132120,55966,292763,0.43982099850009154,2.3090418466154006e-12,4.23938661953116e-13,-0.49474500192752163,-0.4156001261321334,-2.9750983799076014,1.268614098672148,-0.06474079161355095,4.410992571703559,0.7838884719979339,-1.043134613325688,-6.338170191094063,-1.020413176579803,4.19995528118403,-25.52854680711006,0.07692328428555417,1.5206386797010711,-0.5195048785083992,-1.8644863673838352,-0.22035400219812107,-0.7476956974501556
0.8300000000000001,-0.3418584859349059,0.0,0.4747913479275319,0.0,-0.9303695047027196,0.0,0.9496995616878317,0.8202256352632767,0.0,4,SolvedWithSlack,136077,93486,335664,0.6427455309241914,8.768097359279636e-12,1.4040990592434355e-12,-0.49052884360942645,-0.4210196974431774,-3.005628780632064,1.2629989323292143,-0.04403183494309726,4.2827006280670465,0.8830899369397687,-1.1110997568559888,-5.953216256240078,-1.191060826853343,4.104216935167875,-25.74315858669689,0.7820969118447376,2.2123845933096367,-0.9959553550004387,-1.3001774928371677,0.8867903555298974,-1.0926674025711254
0.835,-0.3460391572563795,0.0,0.4735755694557278,0.0,-0.9363459563866212,0.0,1.5470123745926996,0.7902668425166413,0.0,2,SolvedWithSlack,133081,72046,311909,0.3667560938135278,2.7426949600339867e-12,9.936458464216305e-13,-0.4883578717946338,-0.4257532553549548,-3.037722189952088,1.258206881333247,-0.026910551402429747,4.181860889568702,-0.013725797323535655,-0.7579420248003985,-6.75485375945903,-0.6384565682413585,2.743417908300282,-15.158850041862387,-0.22776712862122328,1.3155489041295851,-0.4716270453507005,-2.2598794782307605,-0.7415511176202934,-0.6234853594829972
0.84,-0.35025250898099347,0.0,0.4725452686764641,0.0,-0.9463562239179377,0.0,2.249116079534799,0.7543653933869967,0.0,2,SolvedWithSlack,130857,66055,302852,0.31710327819731043,2.468691917556498e-12,6.957767695325856e-13,-0.49081690777955805,-0.427482108888731,-3.0725099266774953,1.2574821121555284,-0.017104014040453676,4.129672151502412,-0.7653309406811953,-0.08140666848229586,-7.1105022321449765,0.12826959711390878,1.556333914974247,-8.031929665085741,-0.26529363848974896,1.2710220558052956,-0.47485953497733163,-2.328966846488444,-0.8890994840543298,-0.5390755729354277
0.845,-0.354469719795539,0.0,0.47157023508625273,0.0,-0.9588427641693981,0.0,2.631516470243397,0.7335663237229798,0.0,2,SolvedWithSlack,138702,67818,312230,0.7473058592759982,1.8935553481774695e-12,1.6507971716493607e-12,-0.4961607328069892,-0.4260773614566196,-3.109463404597651,1.2595547976651438,-0.011259554877294844,4.1002403672565935,-1.2459090828753032,0.516025250531981,-7.5839210246176485,0.5714771739456653,0.9630766898373565,-4.8233486190507,4.801315423519963,3.9447254056418877,-1.2696263450893794,2.7634632170670037,1.6562231023622298,-1.270419960769197
0.85,-0.35865622436448474,0.0,0.47062550920672575,0.0,-0.9724679800590431,0.0,2.7308698861592324,0.7148305032670903,0.0,2,SolvedWithSlack,137169,69842,321367,0.6047652388330429,1.1842909773391298e-11,1.7899015603006774e-12,-0.5022489920082471,-0.42082240302461593,-3.1550412342776246,1.2623015462556835,-0.0067507938886965345,4.079506688073438,-1.157828711224833,1.4048372750516949,-10.107020754242328,0.44826405112058976,0.9598881570923935,-3.8386704784246284,0.7606582842648658,2.059951126151223,-1.028100906016173,-1.3248754735346122,0.718776066449918,-0.9374173175729674
0.855,-0.3627741692786634,0.0,0.4697483986895863,0.0,-0.9862384734758781,0.0,2.7817966227846904,0.700697067985074,0.0,2,SolvedWithSlack,138221,58720,311378,0.6613822130447697,3.2524756997140534e-13,1.6532168731409634e-13,-0.5087145132012847,-0.41184850202962026,-3.2118189186601716,1.2638768065330828,-0.0009365322879538427,4.06118891058853,-1.3843938009958796,2.0534257045337494,-12.160170471525003,0.23696851413310346,1.2853122971510105,-3.642153363094237,3.6511966093946375,3.249711343048208,-1.1243497621761085,1.7229802764337427,1.050807126919425,-1.0505240454326914
0.86,-0.3668358341806656,0.0,0.46886719440377156,0.0,-1.0001735847681938,0.0,2.778530434644407,0.6891267378071816,0.0,2,SolvedWithSlack,132110,56176,294977,0.5570630183479033,3.296918293926865e-12,1.1157741397482823e-12,-0.5153651309656454,-0.3993360332262398,-3.2780216772411572,1.2646651760437868,0.005617166457008905,4.04230258728981,-1.295567130738305,2.8016147560730644,-13.9354255691931,0.11140647241612958,1.3196506570222084,-3.9119747365220587,0.8485584446880479,2.001750274289086,-0.8774440423677003,-1.0534369934199113,0.8561304486942661,-0.9470071311914356
0.865,-0.37084386498708233,0.0,0.46795143351184115,0.0,-1.014218950336573,0.0,2.8428261070274257,0.6805705121749344,0.0,2,SolvedWithSlack,144463,56908,307370,0.31205631838235093,9.450218385609332e-13,7.693845560652335e-13,-0.5224948326859281,-0.38343526461492666,-3.3511048693460177,1.2648849371535873,0.01287317424976099,4.021199188887295,-1.5109443233517619,3.431556562702173,-15.05347018448391,-0.0015875711386222936,1.5385848177323576,-4.446573727949952,-3.18322208122664,-0.6596431310356777,-0.2684506197079779,-4.992901094117615,-2.702152890890891,0.07902320653658501
0.87,-0.3748111500740721,0.0,0.4669553770645888,0.0,-1.0284565715702425,0.0,2.83719173109762,0.6758987650421069,0.0,2,SolvedWithSlack,150514,63810,332749,0.32355113051389617,2.558839854664968e-13,2.349231920106831e-13,-0.5307148510770086,-0.36595556004470386,-3.4251087880052054,1.264741999789793,0.02072240605631427,3.9995266752166736,-1.7328856751725323,3.5374406913733054,-14.635956064343842,-0.04365110330002374,1.5869842393757527,-4.275814551906863,-3.3994506001732656,-0.8079196980348281,-0.10223127230341116,-5.176818088222339,-2.9216185725745407,0.15610760822462302
0.875,-0.3787377279629575,0.0,0.46589270967254,0.0,-1.0425643414417178,0.0,2.8110771251790685,0.6729916279890051,0.0,2,SolvedWithSlack,142319,59733,326767,0.28638518037274957,1.3358203432289883e-12,5.684341886080801e-13,-0.5400044631410346,-0.3480001187461428,-3.4953975172603458,1.2644508996531074,0.028729282895169895,3.9786461075373976,-1.941497356052216,3.6247586073975415,-13.684026712248766,-0.06598933746789365,1.6090447723622292,-4.118546430864256,-1.6699243302536289,-0.15499454295961684,-0.48685480663367425,-3.5017323137064356,-2.905958484598315,0.13620554421235884
0.88,-0.3826221464097206,0.0,0.46478054545881364,0.0,-1.0564098239073374,0.0,2.7322989086788447,0.6698349596896704,0.0,2,SolvedWithSlack,150504,57158,328471,0.5359420880780608,3.304023721284466e-12,5.506706202140776e-13,-0.5497633251806789,-0.3297085197319516,-3.564711314492093,1.264120688376021,0.03639654817897841,3.9587223805098994,-1.9588670386786862,3.6809112667459676,-13.973889133531696,-0.06555721539796791,1.4835555764202688,-3.900268973959832,1.8525633414198197,1.9262176032128189,-0.9111015497327033,0.13824521011921975,-0.013993558124530736,-0.6859673814580197
0.885,-0.38646159737773456,0.0,0.46363242298426477,0.0,-1.0699914566794952,0.0,2.7186399697819246,0.6652608313783325,0.0,2,SolvedWithSlack,144142,56146,315135,0.510355436236704,6.124878382252064e-12,3.1086244689504383e-13,-0.559451933097794,-0.31002356616142124,-3.6380589968406625,1.2637789571714535,0.04363855648302529,3.9378763571483644,-1.9235192095352593,4.108463974408996,-15.113223674972108,-0.0694012391096306,1.4254845624749803,-4.34573690978539,1.4402931607563483,1.5627459592588888,-0.8676042416023968,-0.3991161572058069,-1.3491049228139775,-0.32198818791429934
0.89,-0.39025642645216785,0.0,0.46244635400287876,0.0,-1.0834281763514078,0.0,2.6548634888775187,0.6604303328775032,0.0,2,SolvedWithSlack,156495,58310,326296,0.2518447922234578,1.2718714970105793e-12,3.241851231905457e-13,-0.5686618741878217,-0.2884859074626796,-3.716497480933272,1.263467765642076,0.05022099170606787,3.9159349918158144,-1.7875091328736887,4.441363258967606,-16.052924224574845,-0.05773968629307241,1.2455716516471007,-4.417574060932188,-1.5121851675698124,-0.009251716243461328,-0.42813614677987827,-3.3505398110808784,-2.8519783949384943,0.13200124945949926
0.895,-0.39400635926687294,0.0,0.4612499487485085,0.0,-1.0964738426525562,0.0,2.5796868056181275,0.6575316070555873,0.0,2,SolvedWithSlack,149091,55736,315516,0.41945244751679445,1.5916157281026244e-12,3.4861002973229915e-13,-0.5776185776487012,-0.26592822630160196,-3.7958472968541526,1.2631994890806402,0.05613177948805539,3.894498951653148,-1.7939314291035653,4.557490296852412,-15.749003134355245,-0.05094003047970152,1.1406380085411343,-4.205650620607161,0.6512891909875906,1.1424064546785218,-0.7130691607785505,-1.0287805555249938,-0.9180157014050783,-0.4141746940049579
0.9,-0.3977208669033913,0.0,0.4600245505618085,0.0,-1.109298529852301,0.0,2.5648250151268743,0.6545843664211438,0.0,2,SolvedWithSlack,4870069,58139,5043386,0.265951891641289,1.1546319456101628e-14,7.105427357601002e-15,-0.5865046417084991,-0.24229171440137645,-3.875800203820924,1.2629469980301158,0.061696534153956546,3.872698117327764,-1.7657687255815193,4.840618812741182,-16.142896327569236,-0.04988005115128006,1.0947840078595887,-4.463989717552104,-1.0642784111600485,0.18642784215323716,-0.4521182157901913,-2.733982172968801,-1.873414715137292,-0.1259542441444848
0.905,-0.4014059709677279,0.0,0.4587491014599151,0.0,-1.1221206190080428,0.0,2.564035441370645,0.652891792372559,0.0,2,SolvedWithSlack,5247782,60414,5423154,0.25752731516512317,1.0658141036401503e-14,7.993605777301127e-15,-0.5954497103671023,-0.2176959539364259,-3.955476239818517,1.262703615684302,0.06712163904991263,3.85018785498237,-1.804426308575317,4.970437912035305,-15.799440581205934,-0.047649425686653014,1.0783902195337625,-4.5313813558238305,-1.1958552334911186,0.057314444590034375,-0.43779643578070937,-2.860118174378605,-2.0359742587221037,-0.06984558619038347
0.91,-0.4050648892325208,0.0,0.4574170871144011,0.0,-1.134884256999603,0.0,2.513863725134979,0.6542026283672437,0.0,2,SolvedWithSlack,5322082,59152,5500109,0.3002492429561675,9.769962616701378e-15,4.440892098500626e-15,-0.6044941464688081,-0.19258678835286053,-4.033535814381632,1.2623504501923837,0.07225502378179191,3.8273683799948524,-1.8039993111405253,5.055739914788743,-15.503732931848148,-0.10337626487453289,0.9683761154205632,-4.601718194761667,-0.6934786965217552,0.2401501766737963,-0.5104237130254847,-2.336445136438631,-1.8735671038240167,-0.10665315168525207
0.915,-0.40869704357737574,0.0,0.45602649714114746,0.0,-1.1475080661639163,0.0,2.5298725665930006,0.6524593155533541,0.0,2,SolvedWithSlack,5682263,59032,5864246,0.33104040167425747,1.9539925233402755e-14,1.3433698597964394e-14,-0.6135029835498527,-0.16707772164115275,-4.110590890686284,1.2619474405194526,0.07716575227339179,3.8043134174763336,-1.7993715849744913,5.132025353519828,-15.35188269794827,-0.0675057507288544,0.9859340788413398,-4.621575611448514,-0.881482449231292,0.10344469988530833,-0.5627686828462377,-2.6647032364810936,-2.5550653325340944,0.09412408401078892
0.92,-0.4123112772784018,0.0,0.45461731180547343,0.0,-1.1600880500127217,0.0,2.4998098019116495,0.6512809734919998,0.0,2,SolvedWithSlack,5702080,57017,5882922,0.34711892520657656,6.217248937900877e-15,1.3100631690576847e-14,-0.6223364207074116,-0.14132797408632247,-4.18758747963229,1.2616998182595827,0.08190355041164459,3.781745407889872,-1.7442519118343307,5.161917387247267,-15.429156981971062,-0.03924092647979835,0.9195894009684192,-4.449274115064839,-0.7733645414543533,0.10171000073447294,-0.5901021728511802,-2.5546177955715716,-2.5113171104674987,0.09316655355211792
0.925,-0.41590636577648954,0.0,0.4532023430051858,0.0,-1.172458600188552,0.0,2.4566627982203975,0.6507431378096938,0.0,2,SolvedWithSlack,5997449,64301,6185644,0.357023578594878,1.4210854715202004e-14,8.881784197001252e-15,-0.6308346712918966,-0.11549001919396948,-4.2652101803981655,1.26156142563857,0.08627147808761482,3.7599443572968467,-1.6695341021994061,5.171601595653047,-15.585053817057647,-0.021101255790749885,0.8417134837265206,-4.3083660722482335,-0.7053722906609614,0.06735987861549819,-0.6069400836112926,-2.4813449975257496,-2.485713294041143,0.09824087487856864
0.93,-0.4194844773082476,0.0,0.45177945555449506,0.0,-1.1846090875547415,0.0,2.4123598716060166,0.6508425876785545,0.0,2,SolvedWithSlack,5928197,58250,6118226,0.3599635725424506,1.4210854715202004e-14,1.5765166949677223e-14,-0.6389055135044401,-0.08968499302197643,-4.343732298446728,1.2614926707464063,0.09023665748474655,3.7387731347352955,-1.5771066630613075,5.1543367928992225,-15.780488448475323,-0.009607474210196122,0.7599314466376823,-4.1920126962516875,-0.6727131349229711,0.0023986107934889753,-0.611938073322166,-2.4382998013678034,-2.4747016648366458,0.1084932522682771
0.935,-0.4230485057917378,0.0,0.4503474206196442,0.0,-1.1965395148356963,0.0,2.3687430682010993,0.6515721656164064,0.0,2,MaxIterations,8166235,57578,8341326,0.0,58.229836770666665,6.02951836956397,-0.6464648412829388,-0.06406824647869969,-4.423232601060254,1.2614675601377183,0.0937929992011617,3.718129941261182,-1.4684384552087064,5.103213586382192,-15.976586333546527,-0.0024761643587981564,0.6783916675280844,-4.0932855633179805,0.0,0.0,0.0,0.0,0.0,0.0
0.9400000000000001,-0.42660996249028815,0.0,0.4488575761591919,0.0,-1.2085153955535923,0.0,2.4299987668591583,0.65759762362112,0.0,2,MaxIterations,8111070,56366,8280340,0.0,58.29154920288755,6.0533481438309895,-0.6535984219406616,-0.0388122601318924,-4.497286208805822,1.2614567246347825,0.09821115077277448,3.700173289568336,-1.4005940984989114,5.013918431617622,-14.06448442867938,-0.002046357549825828,1.0166574317126493,-3.27075988627763,0.0,0.0,0.0,0.0,0.0,0.0
0.9450000000000001,-0.43018211894933006,0.0,0.4472358776070232,0.0,-1.220927400217438,0.0,2.517499863926455,0.6655983213763133,0.0,2,MaxIterations,8398143,58831,8575487,0.0,58.438829211672186,6.077457389866149,-0.6604304914155068,-0.014057177985812198,-4.562442485035669,1.2614466528339179,0.10424526613697677,3.6860323968446633,-1.345258726171504,4.906964902617781,-12.369419898108507,-0.0020231959632399155,1.3309210743651079,-2.5449819924478003,0.0,0.0,0.0,0.0,0.0,0.0
0.9500000000000001,-0.43376416263240614,0.0,0.44547974717121186,0.0,-1.2337819397945589,0.0,2.606820635841478,0.6742649699472646,0.0,2,MaxIterations,8344541,61396,8533529,0.0,58.57681383310769,6.051484965299324,-0.6670216503639416,0.010119055452294043,-4.6197025732553145,1.2614361988121705,0.11179640256283514,3.6752666105087104,-1.3017239086539822,4.785736849350774,-10.864118786832655,-0.002148487847666203,1.6277488351807377,-1.9023174372714067,0.0,0.0,0.0,0.0,0.0,0.0
0.9550000000000001,-0.4373550993162833,0.0,0.44358718703819994,0.0,-1.247090591964302,0.0,2.698704777292171,0.6835046019145181,0.0,2,MaxIterations,8319804,60614,8517788,0.0,58.70886887846529,5.985743371606748,-0.673427926378141,0.033654018878617034,-4.669946190323008,1.2614248617325483,0.12078987601666896,3.6674899834432484,-1.2689736421020827,4.6531612582236015,-9.526091653581858,-0.0023576164318520314,1.9110373986576066,-1.333297546797039,0.0,0.0,0.0,0.0,0.0,0.0
0.96,-0.44095273080263353,0.0,0.4415519725622748,0.0,-1.260843783223459,0.0,2.7701053766392643,0.6956096604232386,0.0,2,MaxIterations,8151567,57939,8331186,0.0,58.77426010802386,5.868300133986937,-0.6796730051955563,0.056510100597186176,-4.713994551927122,1.2614067022982054,0.13104793966558473,3.6622057208043985,-1.2334845911141386,4.517062618182592,-8.356125931497852,-0.005055582003221236,2.1286286709239692,-0.8999752548506137,0.0,0.0,0.0,0.0,0.0,0.0
0.965,-0.44455454682473816,0.0,0.4393661584756624,0.0,-1.2750281578169005,0.0,2.8808303406421505,0.7047776467319176,0.0,2,MaxIterations,8218574,58761,8403462,0.0,58.933562366298446,5.7584874443495035,-0.6858184911747336,0.07864375064902625,-4.752513350248534,1.2613876510440245,0.14258236063731394,3.6591977796592534,-1.226702497237933,4.3659417021830045,-7.286479422604903,-0.0032547051257595387,2.4222285762181617,-0.4138378166678577,0.0,0.0,0.0,0.0,0.0,0.0
0.97,-0.44816269321770547,0.0,0.43704461630669306,0.0,-1.2897562995302698,0.0,2.9885680046686476,0.7149253778820674,0.0,2,MaxIterations,8327329,59292,8509924,0.0,59.077989812116996,5.62675877697529,-0.6919426134879839,0.10001051099049556,-4.786061592987248,1.2613726022418545,0.15551465227238886,3.658386955158968,-1.224165717692268,4.211232822481388,-6.340501550029945,-0.0029916934882576202,2.6933987085017175,-0.003503135005617747,0.0,0.0,0.0,0.0,0.0,0.0
0.975,-0.4517740258299743,0.0,0.4345804391060644,0.0,-1.3050189034885846,0.0,3.095073864313624,0.7259615663588239,0.0,2,MaxIterations,8236397,58540,8424061,0.0,59.210796692690906,5.479697605098357,-0.698067560388123,0.12059619068038813,-4.815210918741698,1.2613562601060526,0.16975087672711456,3.6594359703638246,-1.226144279618596,4.054166346405622,-5.503004376549321,-0.003525841790241443,2.947866225355976,0.34443220383581424,0.0,0.0,0.0,0.0,0.0,0.0
0.98,-0.4553845197078044,0.0,0.4319638183278235,0.0,-1.320786404852601,0.0,3.1746727481137955,0.7406014995068851,0.0,2,MaxIterations,8377884,62397,8573654,0.0,59.25585996110101,5.30248355086883,-0.7041824283161803,0.14040682368624388,-4.84049658621523,1.2613313113930558,0.18509595254191247,3.66191958428838,-1.2171518114118702,3.902562002537716,-4.7759273754885845,-0.006472350840402672,3.132197853842914,0.5737559658171472,0.0,0.0,0.0,0.0,0.0,0.0
0.985,-0.4589901308843967,0.0,0.4291842058848581,0.0,-1.3370279586098264,0.0,3.2964265141646516,0.7519468361020406,0.0,2,MaxIterations,8398143,59101,8588492,0.0,59.41129848597835,5.147855549313402,-0.7103294661301015,0.15943109497247895,-4.862344641027411,1.2613020039681426,0.20156022317962619,3.665699019847645,-1.2374691408139231,3.7399887623423393,-4.110141404103832,-0.005685687280488067,3.396302658265923,0.8684449890710922,0.0,0.0,0.0,0.0,0.0,0.0
0.99,-0.46259169799100464,0.0,0.4262523049276394,0.0,-1.353859783662931,0.0,3.412403171927825,0.7646662285310104,0.0,2,MaxIterations,8244783,59913,8426517,0.0,59.539636320426816,5.155807481219167,-0.716577354532063,0.17764879414464835,-4.881107376304323,1.2612725613910885,0.2192718762796659,3.670770870706041,-1.2577316618973042,3.5795342616939654,-3.5240332037995192,-0.006130525187855126,3.6370526983346685,1.1048934449692664,0.0,0.0,0.0,0.0,0.0,0.0
0.995,-0.4661825159428511,0.0,0.4231507606842244,0.0,-1.3711862464788929,0.0,3.5038892331213876,0.7808552879077345,0.0,2,MaxIterations,8123073,57038,8295669,0.0,59.58158610110084,5.411608892630327,-0.722864654282496,0.19509886003520122,-4.89719465454951,1.2612330349442766,0.23791229679526713,3.67664601889408,-1.266647877322779,3.426815676185518,-3.015520445225236,-0.008008894238264891,3.8176736801400377,1.2519769790870752,0.0,0.0,0.0,0.0,0.0,0.0
1.0,-0.4697613608835612,0.0,0.4198821721643504,0.0,-1.389080119772416,0.0,3.6275711276311347,0.7946956744722319,8.0,2,MaxIterations,8143181,57869,8325676,0.0,59.70345464196186,5.701890837907253,-0.729293956434024,0.2117537850678964,-4.910863932517936,1.2611932243905255,0.25772780513944077,3.683496792963442,-1.2982961982263157,3.267703024840868,-2.5541478170959064,-0.008076061372190675,4.056467746034819,1.4420076979617238,0.0,0.0,0.0,0.0,0.0,0.0
1.0050000000000001,-0.4733061289740503,0.0,0.4164351045966438,0.0,-1.4074667307876039,0.0,3.7226020731471112,0.8074205261838421,8.0,2,MaxIterations,8389476,59021,8567803,0.0,59.70207635304962,5.911727053957653,-0.7358491298624009,0.22768813904835314,-4.922507582979522,1.2611468715151906,0.27844413462147655,3.6907731525215492,-1.3350843858722563,3.1268738899838597,-2.176873109892439,-0.008741674618065173,4.251725803215502,1.5110438174701901,0.0,0.0,0.0,0.0,0.0,0.0
1.01,-0.47679097234254386,0.0,0.4128138291298945,0.0,-1.42641576264634,0.0,3.8129191399348805,0.82061641261387,8.0,2,MaxIterations,8232310,61416,8418371,0.0,59.66889216967674,6.1039973157837455,-0.742650323928974,0.2429013670000798,-4.932372109974189,1.2611011450666587,0.3003087952309762,3.698515382478858,-1.3709474737049958,2.9894680609615487,-1.8454490049671817,-0.009848111381032067,4.4319019256614265,1.551759255705847,0.0,0.0,0.0,0.0,0.0,0.0
1.0150000000000001,-0.4802106638804143,0.0,0.4090082387029121,0.0,-1.4458774466082467,0.0,3.9432709060835576,0.8312748085060682,8.0,2,MaxIterations,8163880,59082,8346695,0.0,59.73172492976902,6.34742284830583,-0.7497005837568542,0.25740981006486113,-4.94067787542173,1.2610542175691213,0.3232634580078099,3.7066030477324197,-1.4349811064077893,2.8441005511019077,-1.5440622837395366,-0.009267581911351632,4.691613986380586,1.6544313951229563,0.0,0.0,0.0,0.0,0.0,0.0
1.02,-0.4835613401705836,0.0,0.40501408594900046,0.0,-1.4658514390858435,0.0,4.041950401509275,0.8464872150698723,8.0,2,MaxIterations,8075152,55074,8245495,0.0,59.67926608688557,6.54201457793685,-0.7569613909292854,0.2712469010787765,-4.947629262771343,1.2610028767920336,0.34712511268436247,3.714823268107314,-1.4802757653243517,2.7101244134451266,-1.2866025113593023,-0.010016721080346328,4.878390735624182,1.6828395508177467,0.0,0.0,0.0,0.0,0.0,0.0
1.025,-0.4868393231119362,0.0,0.4008281242781406,0.0,-1.4863537235382038,0.0,4.14187140698979,0.862959251043797,8.0,2,MaxIterations,8568995,60204,8747402,0.0,59.60520996764193,6.735645559293894,-0.764475121380783,0.284414553338322,-4.953379595660498,1.2609494690217937,0.3719757563266087,3.723217865982207,-1.5279396157110545,2.5790132265731724,-1.0601698221956715,-0.010645440823377608,5.062305382510101,1.7031401326540532,0.0,0.0,0.0,0.0,0.0,0.0
1.03,-0.4900405377035379,0.0,0.3964466422735412,0.0,-1.5073928308624431,0.0,4.241867305850199,0.8807729836491662,8.0,2,MaxIterations,8059322,55575,8231878,0.0,59.50344738075942,6.927877421206649,-0.7722558704770326,0.29692693970756057,-4.95807462929916,1.260894471553581,0.3978077325933894,3.7317553887443924,-1.5770028971690833,2.451248013578605,-0.8613632835697878,-0.011139942678218604,5.24082622621628,1.714783568536196,0.0,0.0,0.0,0.0,0.0,0.0
1.035,-0.4931602401258429,0.0,0.3918639479231633,0.0,-1.528943052461938,0.0,4.345051158277374,0.8996546838329268,8.0,2,SolvedWithSlack,368676,58230,535953,0.7433310369880899,2.2943925639992073e-12,4.480860127387132e-13,-0.7802934787601119,0.30880815817772955,-4.961848527434889,1.2608378706453929,0.42453994549714746,3.740352804046454,-1.6297309041445058,2.326126554239792,-0.6865517884031633,-0.011380013959161692,5.421350251163367,1.7266421823854419,-2.27793610794897,-2.5658239770401856,-1.1546673087235988,-4.6744365147224824,-5.27984092498937,1.2636627628797528
1.04,-0.49621260110319443,0.0,0.38716558780170524,0.0,-1.5505901520894536,0.0,4.257651924257194,0.9051384832910889,8.0,2,MaxIterations,7966717,69341,8154151,0.0,58.65352730822007,5.718698348959688,-0.787354788661054,0.316820948625963,-4.9770785992741695,1.2608343965203046,0.4508639758497499,3.752633215868056,-1.26283577272044,1.1350162356289362,-4.5690018709257565,0.003842049315729171,5.071188276353446,3.0320496177065244,0.0,0.0,0.0,0.0,0.0,0.0
1.045,-0.49920529318997375,0.0,0.3823887251831113,0.0,-1.5721299258720636,0.0,4.367562473114291,0.9167175451756517,8.0,2,MaxIterations,7960727,64050,8140906,0.0,58.53614336397632,5.945275612286392,-0.7939957113978583,0.32229466950112434,-4.998275558181326,1.2608378205947608,0.47745752050527185,3.7669467047323404,-1.3697246508990817,1.0689616890968732,-4.028819591656303,-0.0014617376901068294,5.463384853591232,2.771973089793479,0.0,0.0,0.0,0.0,0.0,0.0
1.05,-0.5021146774324727,0.0,0.3774154660843003,0.0,-1.5943735303840558,0.0,4.500515558247527,0.9359561671317057,8.0,0,MaxIterations,7997136,59503,8178748,0.0,58.44468580820621,6.259439440426849,-0.8011298879427652,0.3274584067512984,-5.016965322543793,1.2608156677689564,0.505636299546791,3.7803308199635324,-1.4634227075583233,1.0092576500580102,-3.5517712493988594,-0.006265519569626121,5.739276712415585,2.6222179070084115,0.0,0.0,0.0,0.0,0.0,0.0
1.055,-0.5049324299462256,0.0,0.3722357092363619,0.0,-1.6172369718119064,0.0,4.619309480565806,0.9577527406963868,8.0,2,MaxIterations,7995522,84209,8195950,0.0,58.27890309392214,6.59875193966083,-0.808678561043724,0.33234422767997357,-5.033435889163948,1.2607732686145925,0.5349061076545126,3.7930575227476715,-1.523043817586475,0.9616432672252399,-3.1299141938302726,-0.009690531920334573,5.87260928533137,2.4596415685951114,0.0,0.0,0.0,0.0,0.0,0.0
1.06,-0.5076522675725154,0.0,0.36683109633717875,0.0,-1.6403494757109325,0.0,4.665276676518226,0.9870811431081056,8.0,2,MaxIterations,7949385,56678,8121721,0.0,57.887396977900224,6.70618102781539,-0.8163735312441917,0.33704437833371015,-5.047946560171856,1.2607179288734003,0.5643170552668842,3.804756312678095,-1.5826635044501078,0.9149947835065253,-2.754686612814528,-0.012159572938159143,5.987718479805133,2.341586811905639,0.0,0.0,0.0,0.0,0.0,0.0
1.065,-0.5102697403100016,0.0,0.3612137461732557,0.0,-1.6641227147130084,0.0,4.810033291738398,1.0091824708569,8.0,0,MaxIterations,7954204,53842,8120859,0.0,57.67276157926824,7.030867827560149,-0.8246123530019721,0.34143225514446496,-5.060696539641894,1.2606382323160972,0.5950375173151885,3.8164979823549623,-1.6879137464122207,0.8536544814134317,-2.4188093461464524,-0.019491279671092755,6.239372045772498,2.346433341159569,0.0,0.0,0.0,0.0,0.0,0.0
1.07,-0.5127793394838456,0.0,0.35537991207296593,0.0,-1.6884501659762339,0.0,4.870551382123858,1.038815013756912,8.0,2,MaxIterations,7990893,61626,8169070,0.0,57.25270789412843,7.276236894066537,-0.8331641158602254,0.3455793579776315,-5.071878035956192,1.2605285422292634,0.6263593175070062,3.8277623309171145,-1.698778703948644,0.82141216376261,-2.118833417970158,-0.01957271013789611,6.196192289615833,2.126174215950978,0.0,0.0,0.0,0.0,0.0,0.0
1.075,-0.5151782764276729,0.0,0.3493232803169931,0.0,-1.7130653849161925,0.0,4.979100025985016,1.0644650430845868,8.0,2,MaxIterations,8044224,62178,8230205,0.0,56.94788226575523,7.470618569981945,-0.8419957470484668,0.3494966375535925,-5.081665253361821,1.2602688191687694,0.6583877039037282,3.8386036060087783,-1.8071555173006442,0.7595426626527852,-1.8538784823632914,-0.07255005278452768,6.530189478549462,2.1850990742359495,0.0,0.0,0.0,0.0,0.0,0.0
1.08,-0.5174578761495611,0.0,0.3430574516762938,0.0,-1.7383185107197723,0.0,5.094931830171288,1.0900120515019762,8.0,2,MaxIterations,8011282,52118,8184580,0.0,56.599836099083745,7.74176813231269,-0.8512886489311006,0.35313149357416146,-5.0902140033904475,1.2597627232462543,0.691797401143027,3.849527980542577,-1.8902218905566877,0.7061613053222983,-1.617192947748938,-0.1197884549018753,6.773829977517806,2.1781370240826785,0.0,0.0,0.0,0.0,0.0,0.0
1.085,-0.5196168746994244,0.0,0.33657152178367117,0.0,-1.7639644690871568,0.0,5.130268823181966,1.1246801091345888,8.0,2,MaxIterations,7936150,63059,8121059,0.0,55.97485333680699,7.86856155584235,-0.8607925593147171,0.35656460551831304,-5.097641793417989,1.2592333145586536,0.7254471291584823,3.859821346701433,-1.9115826707263137,0.6725802032991073,-1.401494393351355,-0.10442462638852237,6.725478276082799,1.9965602542198777,0.0,0.0,0.0,0.0,0.0,0.0
1.09,-0.5216512770281381,0.0,0.32986689300005256,0.0,-1.7899751141175448,0.0,5.245927755940025,1.150333240396089,8.0,0,MaxIterations,8444410,53862,8617166,0.0,55.60927096959605,8.131544580366162,-0.8706118962282899,0.35976894454031433,-5.104082869884364,1.258433721651345,0.7600630975473358,3.86994937132488,-1.995457329789568,0.6208421540417497,-1.2153026979693147,-0.194239204799072,7.04003323658021,2.034856762454309,0.0,0.0,0.0,0.0,0.0,0.0
1.095,-0.5235527968982685,0.0,0.3229535495134637,0.0,-1.8164678420528426,0.0,5.31914113508446,1.180994119117608,8.0,2,MaxIterations,8111972,60024,8288877,0.0,54.99347329963906,8.359035708679174,-0.8807393234632678,0.36275032647991057,-5.1096425424338685,1.2573289943202697,0.7956612324715728,3.879913993255486,-2.027323933180982,0.5852599615746272,-1.0430498689492216,-0.20619228033419962,7.062512041756691,1.9043307226935513,0.0,0.0,0.0,0.0,0.0,0.0
1.1,-0.5253231559645082,0.0,0.31582264270380805,0.0,-1.8432526208266347,0.0,5.393974602951876,1.211410889823602,8.0,2,MaxIterations,7950547,55696,8137710,0.0,54.517584518410786,8.500829904029485,-0.8910956753212474,0.3655381073007998,-5.114409551903213,1.2559691447062657,0.8319087395861473,3.8895408941514686,-2.0978770074876203,0.5400211699620291,-0.8955864035832712,-0.3124478886303519,7.359583376666155,1.930654172695455,0.0,0.0,0.0,0.0,0.0,0.0
1.105,-0.5269561041497378,0.0,0.3084811046233895,0.0,-1.8703862479435334,0.0,5.444206912132427,1.2450772562848496,8.0,2,MaxIterations,8095401,63320,8285469,0.0,53.84595498996215,8.636646961665459,-0.901659335036763,0.36814332246053927,-5.11846516990761,1.2543601520013434,0.8687109503042123,3.8988048075757336,-2.130070225561068,0.5066258963298133,-0.758394911367373,-0.34866654741361164,7.418462358795287,1.8328503333096449,0.0,0.0,0.0,0.0,0.0,0.0
1.11,-0.5284471999674555,0.0,0.300932336311567,0.0,-1.8978567159746087,0.0,5.524804489895356,1.2744751304498738,8.0,2,MaxIterations,8323311,59122,8512007,0.0,53.29580364399452,8.818117071273155,-0.912490268180726,0.37055783039570533,-5.121901013220522,1.2522653806809638,0.9066341838889803,3.9080261306515998,-2.18818216113214,0.46782333765926687,-0.6411598660138882,-0.4622324952943533,7.682227535925709,1.8448466392056198,0.0,0.0,0.0,0.0,0.0,0.0
1.115,-0.5297949850421954,0.0,0.29317626656550805,0.0,-1.9256204975893585,0.0,5.567939020918494,1.3091406483713905,8.0,0,MaxIterations,7946840,55014,8149083,0.0,52.54181287002058,8.930809346773785,-0.9234914431048082,0.37281233117365514,-5.12476483542935,1.2499082574761995,0.9449778236362822,3.9168664724716655,-2.214768496316872,0.4383076510653568,-0.5305055358845142,-0.5001704187479133,7.717728478922725,1.7480213677836969,0.0,0.0,0.0,0.0,0.0,0.0
1.12,-0.5309951862841569,0.0,0.28521716407656755,0.0,-1.953671391486168,0.0,5.636341148812539,1.3397042378303559,8.0,2,MaxIterations,8076095,60625,8257918,0.0,51.822987907461574,9.105610348488293,-0.9347072165898805,0.3749045449809236,-5.127131930467661,1.24707142476577,0.9842246512370966,3.9256080598404077,-2.2521721773473926,0.4075473226527762,-0.43416761808952664,-0.5787725760584108,7.849339754505309,1.705999890098366,0.0,0.0,0.0,0.0,0.0,0.0
1.125,-0.5320482159795057,0.0,0.277054035270612,0.0,-1.981960392949649,0.0,5.67643361443129,1.3746204222141496,8.0,0,MaxIterations,8088558,56527,8259761,0.0,51.10536068099043,9.170923658109132,-0.9460800394156742,0.3768544537221247,-5.12904297424096,1.2439021790926184,1.023919758717927,3.934063484776117,-2.2895370660428527,0.37851982954056745,-0.34904191725440203,-0.6733548878439725,8.002906953649187,1.6844405497493298,0.0,0.0,0.0,0.0,0.0,0.0
1.1300000000000001,-0.5329464946892138,0.0,0.2686958428142348,0.0,-2.010521777386835,0.0,5.734644892567401,1.4060228938318537,8.0,2,MaxIterations,8341766,69862,8530523,0.0,50.30511349198796,9.538038589650142,-0.9576503905016971,0.37866210450344834,-5.130561682647236,1.2401812547930522,1.0645264717907945,3.9425006928467825,-2.3219826783218394,0.3518812478840205,-0.2718970077581056,-0.7555965914509011,8.112878154759503,1.6482415628425962,0.0,0.0,0.0,0.0,0.0,0.0
1.135,-0.5336922229735637,0.0,0.26014048670777423,0.0,-2.0393011016961964,0.0,5.769939858962705,1.441494443843231,8.0,2,MaxIterations,8125798,62097,8310126,0.0,49.51066211159882,9.926473733343231,-0.9693682200399409,0.3803443244134991,-5.13171731632363,1.2360711809240836,1.105580577966085,3.9507396066504126,-2.3541824198436676,0.32697528851527996,-0.2037194255389154,-0.8502879996046073,8.236606334009648,1.6300133072759457,0.0,0.0,0.0,0.0,0.0,0.0
1.1400000000000001,-0.5342802104030713,0.0,0.2513948386237024,0.0,-2.068306663310394,0.0,5.8206777244263534,1.4731843871923678,8.0,2,MaxIterations,8268097,67007,8462334,0.0,48.748631353545335,10.44598531186696,-0.9812599862705553,0.38190574110216874,-5.132562463419173,1.23137738758079,1.1474531844413358,3.9590135929277728,-2.393385439253052,0.3028647594574088,-0.14649012597509134,-0.9935485651249301,8.454676775797557,1.6665401367964674,0.0,0.0,0.0,0.0,0.0,0.0
1.145,-0.5347094882383749,0.0,0.24246131676469687,0.0,-2.0975203094813817,0.0,5.859664882326629,1.5070068117098463,8.0,2,MaxIterations,8146378,61696,8334423,0.0,47.863027968562065,10.872904234142647,-0.9932927634868873,0.38335825402467055,-5.133120721257539,1.2262316571482947,1.1897773626461345,3.967196414485382,-2.4212811157756358,0.28187052278540686,-0.09200001511501985,-1.088550678905498,8.54827185758479,1.6551853193110946,0.0,0.0,0.0,0.0,0.0,0.0
1.1500000000000001,-0.5349782573571196,0.0,0.23334374291153898,0.0,-2.1269296639522413,0.0,5.896621507016883,1.5408284753490258,0.0,2,MaxIterations,8364018,56456,8536413,0.0,46.94329840393478,11.308597302775812,-1.0054707032028354,0.3847091899009652,-5.133427834515769,1.2205643384739358,1.2326369962686927,3.9753890277543946,-2.4482362538722473,0.2624604775580604,-0.043517673426336625,-1.1859461235118571,8.633550853182705,1.6521170623222925,0.0,0.0,0.0,0.0,0.0,0.0
1.155,-0.5351015899192682,0.0,0.22405372526145295,0.0,-2.156467929296689,0.0,5.907463895808877,1.573629771560504,0.0,2,MaxIterations,8362535,60705,8539410,0.0,46.121323360809114,11.730228232162833,-1.0176544313111486,0.3859412113126683,-5.1334717425532705,1.214190401902466,1.2760919609220098,3.9838343298628267,-2.4266851056199843,0.2361322499342969,0.014805786834270604,-1.3173708953621812,8.6931277664244,1.6963912374867043,0.0,0.0,0.0,0.0,0.0,0.0
1.16,-0.5351068538757922,0.0,0.21460330243786063,0.0,-2.1860270830036255,0.0,5.914067944332654,1.6037409326715957,0.0,2,MaxIterations,8112533,53411,8277104,0.0,45.40384711436413,12.284858340721831,-1.029748605270534,0.3870512726888403,-5.133256258690937,1.2069881970823626,1.3201309232603216,3.9927108534360563,-2.413123193992659,0.21296611929718626,0.0614395219264187,-1.5189158888391079,8.874576530534789,1.8240036573447254,0.0,0.0,0.0,0.0,0.0,0.0
1.165,-0.5349905861524055,0.0,0.20499993588256635,0.0,-2.2156038561016445,0.0,5.914268776377505,1.6359027923961453,0.0,2,MaxIterations,8135787,55655,8302893,0.0,44.541854490691314,12.699497374658602,-1.0417544339351588,0.3880520692877299,-5.132810754827313,1.198957817842943,1.3646750392478166,4.002031235561803,-2.391341141573181,0.19180398600504367,0.10811717185385271,-1.6478542953778303,8.898172212033243,1.8737876421668633,0.0,0.0,0.0,0.0,0.0,0.0
1.17,-0.5347562939769147,0.0,0.19524401593930482,0.0,-2.245176559446682,0.0,5.914273493336967,1.6654234098847767,0.0,2,MaxIterations,8318482,58050,8488613,0.0,43.78370377959817,13.289473455970636,-1.0536696160263614,0.38895799590229935,-5.132163486103416,1.1900808777225755,1.4096653242177584,4.011850898367549,-2.377225488265398,0.17439447378171022,0.14324970129444742,-1.857406417376061,9.05644342396568,2.0207859647636934,0.0,0.0,0.0,0.0,0.0,0.0
1.175,-0.5343985814767985,0.0,0.18534590980352345,0.0,-2.2747402306389786,0.0,5.911369307536404,1.6950627273403434,0.0,2,MaxIterations,8221479,56627,8398273,0.0,42.96810339915063,13.86075695727382,-1.0655098530444007,0.3897833340572173,-5.13135099282049,1.1802073451640283,1.4552943262783822,4.022355668118937,-2.3618535273101635,0.1591358755413079,0.17481615841246329,-2.0517411550806672,9.167385477466324,2.153714641982709,0.0,0.0,0.0,0.0,0.0,0.0
1.18,-0.5339230723420278,0.0,0.17530399554362391,0.0,-2.30428251305418,0.0,5.906035617393198,1.7257759510128206,0.0,2,MaxIterations,8134825,61987,8312571,0.0,42.056576518014786,14.33577771748072,-1.0772549953666573,0.39053350919435886,-5.130374872995619,1.1695951957941073,1.5010083491000856,4.033277958230737,-2.3427329112740827,0.14510620547393385,0.20572330839695438,-2.2008960779413194,9.179473488480843,2.243069477081728,0.0,0.0,0.0,0.0,0.0,0.0
1.185,-0.5333260886894272,0.0,0.1651277562923938,0.0,-2.333788877331743,0.0,5.897849386583677,1.754018433768712,0.0,2,MaxIterations,8125768,57038,8293395,0.0,41.21911878942608,14.981919643323236,-1.0889287566569368,0.3912283522411872,-5.129282295969059,1.1579206382592198,1.547285230619273,4.045032512447312,-2.3294038755343593,0.1350974708819247,0.22665488276771406,-2.4226079594237673,9.300374366176378,2.421340306237358,0.0,0.0,0.0,0.0,0.0,0.0
1.19,-0.5326059334001167,0.0,0.1548245879982729,0.0,-2.363248781627175,0.0,5.8878227762695925,1.78198356243171,0.0,2,MaxIterations,8391741,59622,8569557,0.0,40.329724063978546,15.623711872077896,-1.1005362059810906,0.391878296127768,-5.128094521308087,1.145161727648429,1.5940627931603268,4.057663792863435,-2.316292449130074,0.12682407615577398,0.2443540031882778,-2.637690740350807,9.389137213824782,2.5967662251399184,0.0,0.0,0.0,0.0,0.0,0.0
1.195,-0.5317637443816179,0.0,0.1443989824527649,0.0,-2.392652922061349,0.0,5.875905074895162,1.8094042294553694,0.0,2,MaxIterations,8105049,57268,8286131,0.0,39.39894268836466,16.27720990644605,-1.1120804426390742,0.3924924156245569,-5.126829183382814,1.1313239137943778,1.6412268179049307,4.0711959005065745,-2.304026929582116,0.12041131171864752,0.25836370225093447,-2.8548529070715394,9.460236488487718,2.781312332569714,0.0,0.0,0.0,0.0,0.0,0.0
1.2,-0.5308000611458841,0.0,0.13385654297266866,0.0,-2.421991462713482,0.0,5.861963155598846,1.8360830564082122,0.0,2,MaxIterations,8203375,66024,8395377,0.0,38.430319738907215,16.953282697777965,-1.1235669407836204,0.393080258491279,-5.125505578570315,1.1163790367375663,1.6887160887550265,4.085697783010126,-2.2930000413655276,0.11593494956581941,0.26841932913958017,-3.0796993235041956,9.522082479212791,2.982308902327509,0.0,0.0,0.0,0.0,0.0,0.0
1.205,-0.5297150711134001,0.0,0.12320375594394238,0.0,-2.451253802226157,0.0,5.845834911944818,1.8618590350397173,0.0,2,MaxIterations,8175001,59312,8355753,0.0,37.422629222901826,17.659340466238827,-1.1350027437001426,0.3936516365775196,-5.124143999996035,1.1002768296881238,1.7364996613489425,4.101266752250625,-2.2834844457531243,0.11343432062237843,0.2743551007824481,-3.315996941138418,9.579411622526242,3.2045321816564734,0.0,0.0,0.0,0.0,0.0,0.0
1.21,-0.52850875660049,0.0,0.11244788181913451,0.0,-2.480428494602732,0.0,5.827347819361321,1.88658563968979,0.0,2,MaxIterations,8465901,71796,8663053,0.0,37.11750060403187,18.40055863380887,-1.146396075784516,0.3942164841376068,-5.122765437661817,1.082951498619881,1.7845633583409575,4.1180196319491476,-2.2756985498051687,0.11292574232598979,0.27604261931173363,-3.566497678072898,9.6348152202643,3.4514252320998287,0.0,0.0,0.0,0.0,0.0,0.0
1.215,-0.5271809778777671,0.0,0.10159693136275737,0.0,-2.5095032031266262,0.0,5.806319297285366,1.9101158323567184,0.0,2,MaxIterations,8213704,72156,8405897,0.0,37.448724157408904,19.180710072767184,-1.1577561916032124,0.3947847801005197,-5.121391521891585,1.0643251017946724,1.8329020993102783,4.136088416110308,-2.269843836805658,0.11441474096519863,0.2733495035853044,-3.833473045512491,9.689696936857919,3.725822993620366,0.0,0.0,0.0,0.0,0.0,0.0
1.22,-0.5257315157577735,0.0,0.09065970622088328,0.0,-2.5384646275855345,0.0,5.782548475997811,1.9322910034464786,0.0,2,MaxIterations,8131158,62588,8304807,0.0,37.808340458045635,20.0027074341969,-1.1690933609147123,0.3953665261032127,-5.120044634222725,1.0443088440555166,1.8815158393799059,4.155618620315195,-2.2661266162931826,0.11790647011215112,0.26611028517112395,-4.119064220585606,9.744859450169644,4.030387197347507,0.0,0.0,0.0,0.0,0.0,0.0
1.225,-0.5241600891314692,0.0,0.0796458924931597,0.0,-2.567298377719058,0.0,5.755804167027267,1.9529318076851552,0.0,2,MaxIterations,8120047,69210,8298554,0.0,38.20048602063356,20.8689384613792,-1.1804189365874473,0.395971771458523,-5.118748141782925,1.0228029827178469,1.9304076969038437,4.176769265280258,-2.264771940288115,0.12341445998094182,0.2541040255038614,-4.425519351379406,9.800857966005367,4.367872882356726,0.0,0.0,0.0,0.0,0.0,0.0
1.23,-0.5225539848336297,0.0,0.06950878886634211,0.0,-2.5926332274906616,0.0,3.5391445065528995,1.4584643804279824,0.0,2,SolvedWithSlack,7114207,73960,7308745,0.7116305877393234,1.4210854715202004e-14,7.105427357601002e-15,-1.1888277734173067,0.39785041220697637,-5.120845740821914,0.9940392382065129,1.9817593828144178,4.19577532212115,-0.886960369021784,0.7256044789665456,-1.355872451269164,-7.443454784809509,10.89283392918333,2.8317854858064946,-3.5201546884935553,-1.6876971317923986,-0.6026189056824726,-3.7507827456989773,-5.588572034756959,1.2097719991568499
1.235,-0.5212974876130028,0.0,0.06474720637159558,0.0,-2.5992042713167947,0.0,0.155974319481114,0.6378083062241705,0.0,2,SolvedWithSlack,162367,65834,356203,0.6607059612103728,3.666400516522117e-12,1.6234899470081965e-12,-1.1899158387929458,0.40224854227204454,-5.138705840287023,0.9494827990757103,2.033156287705203,4.214523791145253,0.09918349735751147,0.9307744741670565,-4.8619072528743885,-9.629565306431317,9.759234984499114,4.458213363236943,-2.9713232107533925,-1.9356729794696252,-0.596742736760203,-3.240955939795705,-4.988745064430553,1.1232001340576339
1.24,-0.5202088156223201,0.0,0.06341815013150327,0.0,-2.5945767370863373,0.0,1.4862926791034712,0.28930559715434834,0.0,2,SolvedWithSlack,139804,65273,317079,0.6629309472479428,6.281197784119286e-12,2.070121851716067e-12,-1.1879281714916428,0.4060529435706041,-5.170572727785763,0.8985940232583076,2.07739547330079,4.242476045213514,0.5398748761211946,0.621422065369414,-7.261364662877905,-10.409379015942188,8.17527472196568,6.391724567787318,-2.7206298042160664,-1.7486485592752787,-0.554349283692139,-3.037279604695311,-4.983600753980631,1.1269826103215026
1.245,-0.519181421631028,0.0,0.06377294722462225,0.0,-2.584635489539566,0.0,2.2397302785695103,0.2539065339340702,0.0,2,SolvedWithSlack,140325,64622,310867,0.7139104265247901,2.723155034800584e-12,5.438302591072876e-13,-1.1847293330653093,0.40802368231125347,-5.211719518035507,0.8463264884509794,2.1124247714795383,4.28091249709377,0.6800897198071656,0.22980807199286757,-8.80336829977762,-10.413535603965453,6.191311673089842,8.564136511132064,-3.5136207510050323,-1.4280943026815203,-0.5407233885110193,-4.129364443581912,-6.397152825366944,1.2136477250921431
1.25,-0.5181873738003304,0.0,0.0648503569355827,0.0,-2.572409421401289,0.0,2.5411309424534276,0.27871114473303554,0.0,2,SolvedWithSlack,140435,68650,320996,0.5541426251352993,1.6555645743210334e-12,4.980460488468452e-13,-1.1817816732803024,0.40874642638752534,-5.2588702421347335,0.7954684167748407,2.1354421985420213,4.330622936502492,0.5175037680076414,0.08099192089899168,-9.80700894191639,-9.976854083167687,3.5299346030917755,10.853796769649014,-1.7987121705072562,-1.2004493043504056,-0.4406216758470295,-2.0863590399263185,-3.9623968960560525,0.9420424627300088
1.2550000000000001,-0.5172205764532224,0.0,0.06614117787533619,0.0,-2.5593932773013095,0.0,2.6256339007614087,0.2797585304348229,0.0,2,SolvedWithSlack,139634,70293,315897,0.4433944674649568,1.4173488685625061e-13,8.615330671091215e-14,-1.1792708263291831,0.40813541372414247,-5.309518871273498,0.7470697342337654,2.1473489723396875,4.389683564023957,0.48602545292445165,-0.25910131235446404,-10.324047869329048,-9.465617521614133,1.6082909288816158,12.4408702661661,-1.384237093928446,-0.5467253538061013,-0.3238591883648391,-2.725494095577216,-4.1068394113095135,0.7537705946904265
1.26,-0.5162731942803088,0.0,0.06739111669257224,0.0,-2.5461933071464804,0.0,2.64768230377986,0.266025003994536,0.0,2,SolvedWithSlack,150063,70293,325886,0.2980396496120031,4.2454928461665986e-13,2.2026824808563106e-13,-1.1771330654904046,0.40674067742614056,-5.361130428044983,0.701044650112714,2.1497044871578,4.4542572071854964,0.3867248608449637,-0.2932947302986112,-10.315717615294433,-9.02583861238587,-0.28742303381071743,13.225272670486634,-0.8008271524191902,-0.8495833040230045,-0.35589518336629106,-0.8858635844157307,-1.7654913574254738,0.5066674043404052
1.2650000000000001,-0.5153359090729109,0.0,0.0684867144048296,0.0,-2.5329927103575915,0.0,2.6307144287436897,0.2486700497810486,0.0,2,SolvedWithSlack,148250,62488,316858,0.24400600578028037,2.1032064978498966e-12,1.3855583347321954e-13,-1.1751460821918214,0.40434753334156043,-5.413108836510087,0.6570360946137175,2.145008027464845,4.520819890499453,0.40325803614772476,-0.600451476099063,-10.444658791222377,-8.652159917674359,-1.370801322283827,13.369273102972617,-1.0432718928494598,-0.1776477763660399,-0.2638790487641016,-1.1642052858471161,-2.0098501128305153,0.4148102098264766
1.27,-0.5144062669376632,0.0,0.06939025650812854,0.0,-2.519888657027707,0.0,2.616801142894218,0.2362278197470427,0.0,2,SolvedWithSlack,1835156,58100,1999096,0.17240383074795454,1.7763568394002505e-15,1.7763568394002505e-15,-1.173534345288221,0.40170612663555055,-5.46456659645422,0.614786762224847,2.134784237160344,4.586992432187598,0.26923267234265097,-0.4806322081847734,-10.193410211755113,-8.318223711105293,-2.4878056744297377,13.146276805529402,-0.3923013047206204,-0.5059054861047263,-0.2930865122715227,-0.33604751936249005,-0.4020348331228697,0.1845836704749315
1.2750000000000001,-0.5134745497563863,0.0,0.0701009350584104,0.0,-2.5067907331535837,0.0,2.6244399380332473,0.2322793147164187,0.0,2,SolvedWithSlack,2220253,58000,2388982,0.17059710269896788,7.105427357601002e-15,6.938893903907228e-16,-1.1721182236078367,0.39879999953238343,-5.515324456954018,0.5736447174900009,2.121068898424598,4.650016057217744,0.29259853793973406,-0.6468686322966064,-10.12492774334297,-8.172268650101307,-2.906298866307068,12.254233242625128,-0.34819975785749263,-0.4813965875279831,-0.2900150745882454,-0.25793872985895205,-0.11828812068722093,0.11635390629825723
1.28,-0.5125324192001474,0.0,0.07063498333166876,0.0,-2.49359400976159,0.0,2.6518897308105416,0.23596791416625051,0.0,2,MaxIterations,8087626,61957,8270732,0.0,52.344602076636804,9.970073321741062,-1.1705703258679563,0.3951185497543346,-5.565741328559387,0.5330105430004939,2.105803435118492,4.708129071961017,0.3211007746623808,-0.7945783102016172,-10.057072295193912,-8.100471867212688,-3.1440393329040353,11.214128411847483,0.0,0.0,0.0,0.0,0.0,0.0
1.285,-0.5115734987985694,0.0,0.07101479534254174,0.0,-2.4802030997708866,0.0,2.698166974088091,0.24519495098440877,0.0,2,MaxIterations,8037552,57518,8217010,0.0,52.363862928717346,10.181065490348935,-1.1690285170175692,0.3913594413747677,-5.612868603011301,0.49265737571547036,2.0895648122552823,4.760155395979919,0.30093323121881194,-0.7239044126105394,-9.020315038813763,-8.054580593357322,-3.3096842159387116,9.883256802679792,0.0,0.0,0.0,0.0,0.0,0.0
1.29,-0.5105925695185646,0.0,0.07126308614014072,0.0,-2.4665338784489665,0.0,2.759450455672493,0.25767758172091315,0.0,2,SolvedWithSlack,620271,56707,783410,0.0356415354742515,2.0961010704922955e-13,4.3076653355456074e-14,-1.1675634311589118,0.3879417398826302,-5.655155461154828,0.4524506879641738,2.0726500547968687,4.805903553288473,0.28881711051153197,-0.6570798441044403,-8.096197339038996,-8.035911217397299,-3.4257446945649628,8.67643226813959,-0.570264567588024,-0.5531992641789811,-0.05304539080878302,-0.29457966757478515,0.28588177898909345,-0.0010834300142325364
1.295,-0.5095849516690689,0.0,0.07140019651873132,0.0,-2.452510223480736,0.0,2.8370151500308802,0.2722527241932697,0.0,2,SolvedWithSlack,6690567,62548,6868383,0.07445033813610041,7.105427357601002e-15,3.552713678800501e-15,-1.166075845825116,0.3842303663692809,-5.693562191679981,0.41198780038980415,2.055856028542955,4.845884667674399,0.30377719954822535,-0.7982394695120135,-7.41447961152552,-8.132757419045722,-3.31029015031664,7.5582754886774985,-0.5889157213500522,-0.5740716429032344,-0.1265655748313707,-0.3508786411991867,0.18082508228953348,0.022338348229042997
1.3,-0.5085466475569506,0.0,0.07144313147566261,0.0,-2.4380646176494447,0.0,2.9249789796766983,0.2875425837110456,0.0,2,SolvedWithSlack,6391392,58040,6565080,0.10397157796602678,8.881784197001252e-16,1.7763568394002505e-15,-1.164485465858654,0.3798059950308816,-5.7295354802688845,0.3710263981516748,2.0395823333252503,4.880854212553479,0.32797149645689705,-0.9416476570034094,-7.0530525345440305,-8.233862230352024,-3.2148837038621916,6.630873013787485,-0.6003438021311648,-0.5714318993105975,-0.17675168254224552,-0.3877858567066902,0.0926535785500082,0.04296943561673361
1.305,-0.507475669598309,0.0,0.07140527195472907,0.0,-2.423155488011556,0.0,3.020686468593618,0.30300113233256737,0.0,2,SolvedWithSlack,6538099,57458,6709082,0.11044906819829493,1.4210854715202004e-14,1.3322676295501878e-15,-1.162761744939231,0.3746963127123189,-5.7643315390355045,0.32955457250741976,2.023722087396636,4.911691007969231,0.35626792290179987,-1.0744717177638654,-6.898534390291457,-8.336269479425264,-3.1414449375354314,5.869462227129837,-0.63260489236258,-0.5749476478481125,-0.18776341593710139,-0.4216411268605052,0.04316184338894838,0.053203986253883964
1.31,-0.506370344992321,0.0,0.0712967796732575,0.0,-2.407745843800954,0.0,3.123702035186326,0.3184753017932854,0.0,2,SolvedWithSlack,6265815,68008,6454051,0.04932380245403166,1.4210854715202004e-14,1.7763568394002505e-15,-1.1608976340815493,0.36895513475519653,-5.798503547198849,0.28754968026496647,2.0082090568131465,4.939068764282078,0.3842301430738741,-1.1964689720783854,-6.79278260208801,-8.445440127630285,-3.0752629036201764,5.222638860068124,-0.7891808392645066,-0.6785223862533546,-0.060485971224915384,-0.491195541288767,0.08928935823362306,0.03612130050335828
1.315,-0.5052288403598261,0.0,0.0711256591983737,0.0,-2.3917971831676805,0.0,3.234813216348718,0.33401565524422044,0.0,2,SolvedWithSlack,5171178,57388,5348182,0.1817201523071176,3.552713678800501e-15,1.7763568394002505e-15,-1.1589234515245919,0.36253043936449963,-5.830796960578566,0.2449078105813282,1.9931654592775205,4.963225754650049,0.4023573135157066,-1.342918384931087,-6.24335400183203,-8.584597780627659,-2.963639957081712,4.580559397307963,-0.5485964872512213,-0.42916916830439444,-0.3089242589220999,-0.4076228150259696,-0.1152286339970395,0.10257671733419013
1.32,-0.5040500015346344,0.0,0.07089823030999891,0.0,-2.3752795801968123,0.0,3.349686461585691,0.3491840345009113,0.0,2,SolvedWithSlack,6702781,58551,6872922,0.08921316446620947,2.842170943040401e-14,5.329070518200751e-15,-1.1568228127727258,0.3556939610242385,-5.863176676262193,0.20171508242113317,1.9783181126532057,4.98513068542595,0.432424961382606,-1.3830129918920728,-6.6252161497375015,-8.675514894056128,-2.972670932318617,4.253175530089155,0.364269469748295,0.2926772153340937,-0.13895602871208723,-0.270003091572984,-0.28315531755502854,0.1516623795925561
1.325,-0.502831511547978,0.0,0.07061839627187047,0.0,-2.35814285209845,0.0,3.481847806819281,0.3655112378185907,0.0,2,MaxIterations,8170172,64802,8352366,0.0,49.34550576675608,7.708760348233286,-1.1545536507510288,0.3494120573290505,-5.895770358954196,0.1581287566206658,1.9631173188895243,5.006105419915625,0.4693267526657455,-1.1730978317758567,-6.450613395511095,-8.745874050564842,-3.0847072693883075,4.157911588386749,0.0,0.0,0.0,0.0,0.0,0.0
1.33,-0.5015716775961145,0.0,0.07028842407496873,0.0,-2.34034955065021,0.0,3.608169989741245,0.3807967365085312,0.0,2,SolvedWithSlack,2377731,56737,2545578,0.08725928798827669,3.552713678800501e-15,1.9984014443252818e-15,-1.1521349466669586,0.34382773505534275,-5.926021220449834,0.11418349987727049,1.9476889675914089,5.025049741543409,0.4944577827343872,-1.0798645904900284,-5.792801856850449,-8.818283791856663,-3.0859036130309776,3.5524352641175114,-1.0902769526081793,-0.7570715188920507,0.14834078958007035,-0.6701332955763394,0.014057371525565356,0.012445953808525268
1.335,-0.5002722999088618,0.0,0.06991022114299558,0.0,-2.3219165640283457,0.0,3.7402162845164533,0.39636838569238764,0.0,0,SolvedWithSlack,2763830,56797,2930365,0.08361083223367378,1.4210854715202004e-14,1.7763568394002505e-15,-1.1496643752502658,0.3379885769307545,-5.951331642547197,0.06955570811710529,1.9326196189794465,5.041154393349672,0.4946075868602884,-1.2254373805157157,-4.591796588041442,-8.996847252657926,-2.9669470983613286,3.0089995872991375,-1.02544750089316,-0.6692573594415278,0.14213841479724543,-0.6207222297808448,-0.06879639544362146,0.04429632926727729
1.34,-0.49893204994730567,0.0,0.06948349376537605,0.0,-2.302808850087914,0.0,3.8760564895662197,0.4120285037368885,0.0,2,MaxIterations,8065094,62287,8237279,0.0,48.015663409517096,6.4084363719341315,-1.147226258736066,0.33155311180356056,-5.971084604142078,0.02417034205273244,1.9179320142092071,5.055104438910384,0.4614923757978508,-1.3307188991180392,-3.5351004953887006,-9.092276124817678,-2.9340161754223746,2.654133380504038,0.0,0.0,0.0,0.0,0.0,0.0
1.345,-0.4975441535913288,0.0,0.06894691900448527,0.0,-2.2833464011493563,0.0,3.9577996993158338,0.43311645497123896,0.0,2,SolvedWithSlack,5283119,67107,5460885,0.05751178846197469,1.4210854715202004e-14,1.7763568394002505e-15,-1.144844160136201,0.3252041853638619,-5.987650429583939,-0.02139533157214226,1.90316340046564,5.067077245752321,0.5089129511837217,-1.225571327747477,-3.174382272493848,-9.169083419123522,-2.947345741925758,2.223434963617927,-0.762829611592896,-0.4696381579865841,-0.048883509293297225,-0.4960479902615601,-0.1729747827669288,0.09777004038535697
1.35,-0.49612149236559266,0.0,0.06839400588161608,0.0,-2.2630333027054372,0.0,4.130284455869385,0.44488370934301236,0.0,2,MaxIterations,8114877,66827,8292783,0.0,47.36527702771451,7.4093260585989675,-1.1421457771087284,0.3190055421498044,-6.0028487467390095,-0.06769768163885553,1.8883820485244625,5.077971106708442,0.5590885853844115,-1.2490902844576066,-2.9523232223573217,-9.317571618945125,-2.965131381308454,2.1512356365288867,0.0,0.0,0.0,0.0,0.0,0.0
1.355,-0.49466245018669697,0.0,0.06781220956854207,0.0,-2.2419103859613414,0.0,4.2855659078742985,0.4583838536859962,0.0,0,MaxIterations,8102595,56387,8277555,0.0,46.986847753069185,7.840090024493189,-1.1391450126423974,0.3130811256846828,-6.016690913394979,-0.11455975178468976,1.8735026467841815,5.087599668543618,0.6276545744450608,-1.1427574565670975,-2.649905605537995,-9.406698331704858,-2.9848370536750632,1.7816863284006417,0.0,0.0,0.0,0.0,0.0,0.0
1.36,-0.49316713269655715,0.0,0.0671791844896615,0.0,-2.2200834681907526,0.0,4.38806276125943,0.4779929761918767,0.0,8,MaxIterations,8036519,93326,8245935,0.0,46.93143396854341,8.16688706685675,-1.1358932659230223,0.3076595042854418,-6.029098968274285,-0.1616559820831857,1.8584273988811701,5.0955216517031605,0.6330366021976858,-1.0507667840809443,-2.3697214980008274,-9.370363494139013,-3.0564343346132565,1.460290801792111,0.0,0.0,0.0,0.0,0.0,0.0
1.365,-0.49171372810526415,0.0,0.06647993911999242,0.0,-2.1990349155971955,0.0,3.7285952264847637,0.4073905810631453,0.0,8,SolvedWithSlack,5700668,102403,5913980,0.16228365800218478,7.105427357601002e-15,1.1102230246251565e-15,-1.132252121268285,0.30904030184096815,-6.041017009254006,-0.20588342017789926,1.8433391809347386,5.100450769767777,0.7955948100445588,2.0734973539299224,-1.7659155713147623,-8.03469048457141,-2.952667195071165,0.457023511680522,0.12810280820265635,-0.20478790732743501,-0.2758822186037141,0.1604086161727683,0.34511832680494553,-0.0017308402049007322
1.37,-0.4907127021531523,0.0,0.06599052117537278,0.0,-2.184249426068358,0.0,2.5558849496677496,0.2763544655168117,0.0,10,SolvedWithSlack,146085,111701,375870,0.14401543234025144,3.2578384434600594e-12,1.3957723865587468e-12,-1.1277587015297164,0.3288967971302326,-6.042835162662996,-0.24171378352505937,1.8297234008928864,5.0997164301762705,0.9640632101961728,4.95468905633479,0.3865225170535016,-6.728679722317203,-2.569813219035264,-0.46566220105602907,0.3225535768136104,-0.10274053154990795,-0.24482623497842743,0.455178148430744,0.9303288825359523,-0.1783828812588934
1.375,-0.48997480403963123,0.0,0.0656217350045797,0.0,-2.173170304150199,0.0,2.056417671442926,0.2207646088033398,0.0,6,SolvedWithSlack,4189683,123403,4421491,0.1453641726105575,7.105427357601002e-15,1.7763568394002505e-15,-1.1224384566107966,0.35779289239975554,-6.037133082095517,-0.27390493010448524,1.8188534576847224,5.093999799210541,1.1388387918028178,6.151276281661239,1.5464394052427175,-6.354381607555902,-1.8853001118773574,-1.5476876490250506,0.03873752915075419,-0.10080235712491391,-0.24711909343794777,0.2302333963946341,0.5576076094915281,-0.05551128885247092
1.3800000000000001,-0.4893053100813392,0.0,0.06545924673785444,0.0,-2.1629982475756284,0.0,2.047783461750793,0.17796307001582184,0.0,2,MaxIterations,8103927,98436,8329243,0.0,50.29284132703971,5.647797714444617,-1.1162033601041808,0.3895604806955962,-6.027314665731121,-0.3060175954872698,1.8112327901889445,5.085124834951789,1.3181250257856705,6.395749760169901,2.2005968396417463,-6.493394800964572,-1.303209892866455,-1.8948701993772983,0.0,0.0,0.0,0.0,0.0,0.0
1.385,-0.4886079880500271,0.0,0.06549727810768546,0.0,-2.1523583771715256,0.0,2.1960151126663905,0.17040491715396205,0.0,2,SolvedWithSlack,4450566,67738,4641677,0.2776699580173202,3.552713678800501e-14,3.1086244689504383e-15,-1.109138273738345,0.4212135731246452,-6.015370870775471,-0.3390913836834386,1.8053222957059032,5.075772455676571,1.4777684703676977,6.248871245962898,2.345678028117751,-6.703243444234143,-1.113706547168114,-1.842811607779818,0.1733944955772026,0.0020732535686071307,-0.21871875079871184,0.3194358149928057,0.03412453749207889,0.47203892862944435
1.3900000000000001,-0.48785505424033376,0.0,0.06564265456734263,0.0,-2.1408730731088577,0.0,2.3586961273269282,0.1745923873006299,0.0,2,SolvedWithSlack,3867885,65273,4047646,0.2913458158495386,1.4210854715202004e-14,2.6645352591003757e-15,-1.1011852841907523,0.4516797481186153,-6.006842184982445,-0.372925915326623,1.7999008608484866,5.071789417949709,1.66313530518383,5.9901363486880115,1.2962100246346224,-6.802485364236165,-1.0708379596280415,-0.12206756873929336,0.2243213342932448,-0.018277556779400937,-0.2198803559290025,0.37027529495107264,0.12677489331637676,0.49528788694421566
1.395,-0.4870538428568468,0.0,0.06583681883794741,0.0,-2.1286735630009415,0.0,2.4911518005111914,0.1811831173978494,0.0,2,SolvedWithSlack,3100616,64372,3272311,0.26865324662948836,2.1316282072803006e-14,1.7763568394002505e-15,-1.092327664299229,0.48080797542703163,-6.003222437506956,-0.4071478602919567,1.794697271650358,5.07613762761962,1.8420509780070178,5.717057774190429,0.3570337772163197,-6.868708829247074,-1.0244715210747042,1.5086203455045795,0.44901653903160116,0.7976413084520815,-0.03136692359825238,0.9955423768349119,2.136377267058391,-0.4567105192701302
1.4000000000000001,-0.4862156358505708,0.0,0.06604573126297031,0.0,-2.115943848156487,0.0,2.5754249156263267,0.18644769302367875,0.0,2,SolvedWithSlack,138652,56446,302301,0.27268881892009533,2.6858515411731787e-12,7.394085344003543e-13,-1.0830403458089377,0.5097997828467997,-6.002189793790475,-0.4425099301120826,1.7928768658273513,5.077822483540648,1.8672917635977218,5.851279807100126,0.1103303365883718,-7.20332453955813,0.06814161717249706,-0.41199882899844453,0.3957217903678787,0.8105902124795501,-0.0342105284347107,0.9772845843606173,2.188809197098492,-0.4635709921641621
1.405,-0.4853519397829597,0.0,0.06625034449908045,0.0,-2.1028652272975754,0.0,2.641605796839603,0.19147483948665975,0.0,2,SolvedWithSlack,134153,59823,301188,0.08997249077134671,1.7584695502907193e-12,1.2654322034677534e-12,-1.0736628240516959,0.539483900167063,-6.002324825335033,-0.47948031830217036,1.7964383891284037,5.070506789972872,1.8809474492686395,5.992592017348247,-0.11502399953776132,-7.5174735027545445,1.1337235781684738,-2.134856081809654,0.2691098372059887,0.5351572915713535,-0.10038943671112352,0.7174091428951365,1.3788709531259633,0.1529532343112894
1.41,-0.484462022728931,0.0,0.06644227798910375,0.0,-2.08942529974628,0.0,2.721658921500274,0.1980389567924428,0.0,2,SolvedWithSlack,139514,57219,302411,0.2830681228442049,2.6787461138155777e-12,5.10480546722647e-13,-1.0640735257887337,0.569477296328304,-6.0041157980895274,-0.5175622724456862,1.803796207822526,5.061801862647905,1.9424458630996997,6.002381885757563,-0.5144060150338318,-7.680952464145731,1.6927863209984562,-1.4854669418668414,0.09049443353897987,0.6351171859677253,0.012670767975089592,0.7292337164321329,2.1565634434254566,-0.4812158088351483
1.415,-0.4835449333120179,0.0,0.0666178367518425,0.0,-2.0756103471286225,0.0,2.787501962821057,0.20378528783849156,0.0,2,SolvedWithSlack,143682,59512,317740,0.3117044440325849,6.0893512454640586e-12,1.411759598113349e-12,-1.0543606074675553,0.5997380669071881,-6.006602265716235,-0.5569115970056913,1.815289706915137,5.049360331613795,1.9430511954078131,6.084370518773151,-0.4864290689521915,-7.992823482927699,2.694714241187032,-3.1297092513002287,0.26889521801400235,0.862280139407987,-0.0420988017018131,0.9075060328350256,2.372052320681496,-0.5298975548553944
1.42,-0.4826059143529595,0.0,0.0667748210558539,0.0,-2.06150048702321,0.0,2.8442713932416983,0.20889169078486405,0.0,2,SolvedWithSlack,2484683,68850,2672258,0.1958164196516525,5.329070518200751e-15,1.7763568394002505e-15,-1.044677802509524,0.6306840719347092,-6.009600091745068,-0.5977884334198925,1.8318844537603445,5.028761906586493,1.93274624320408,6.25767936006197,-0.6722793117234875,-8.294129820333318,3.7262695696324872,-4.752573447594271,-1.0181687507266481,-0.5298970755905467,0.3197850153859042,-0.29815567223132766,1.3887875169443293,-0.33288791340780927
1.425,-0.48164287233449454,0.0,0.0669130922220513,0.0,-2.047063169072271,0.0,2.919335827306628,0.21534614913071898,0.0,2,SolvedWithSlack,2981992,62107,3183343,0.1969156453204533,7.105427357601002e-15,1.7763568394002505e-15,-1.0348660782204315,0.6607344128746684,-6.009246228526248,-0.6401339662467426,1.8524123217568669,5.002654980636385,1.9822523528420413,5.8465108471126666,0.5473167990149153,-8.583407159351973,4.352379810566938,-5.520820076283957,-0.7212374868674619,-0.5858040461287956,0.1606014729223028,-0.14279144663111304,1.2379028896623334,-0.3347565970447706
1.43,-0.4806518242531481,0.0,0.06703307022250563,0.0,-2.03223672033026,0.0,2.995394306299428,0.22175089426693384,0.0,6,SolvedWithSlack,3084867,96833,3292799,0.21280845774289267,3.552713678800501e-15,1.7763568394002505e-15,-1.0246247004996827,0.688523228851501,-6.004925591205884,-0.6837240953258096,1.8756201078586494,4.973031856670054,2.0919677657678055,5.36758180524319,1.0669472927793433,-8.806025982808517,4.8294554780291445,-6.182539270575065,-0.5799487992456192,-0.5795974198040547,0.0744792632652468,-0.06096082093870734,1.3753658648425957,-0.3617743781629175
1.435,-0.4799080693914624,0.0,0.06711514829395956,0.0,-2.0211005051342545,0.0,1.541769466026125,0.11294634262115483,0.0,6,SolvedWithSlack,3529747,93516,3732009,0.37904109643446765,2.1316282072803006e-14,1.7985612998927536e-14,-1.0168371792564068,0.7108062669034724,-6.002987227962143,-0.7223221176576972,1.9037388381878937,4.936635862011771,1.2781929555309748,3.9354251719402797,0.05135585369689111,-7.164269531276492,6.092089437431241,-7.892367840542694,0.4619096125794387,0.8383267231360713,-0.026496093975036158,1.0274158157635491,3.044296153125753,-0.644369863938595
1.44,-0.4796121804500026,0.0,0.06715018885436523,0.0,-2.0166321495921653,0.0,0.5560468860724754,0.0400499710547522,0.0,6,MaxIterations,8231778,97094,8443138,0.0,45.51834031228146,5.601407015395688,-1.012004370025871,0.7294624185196871,-6.005406305657694,-0.7562156309008973,1.9390703238689277,4.890931696273548,0.8015852678546385,3.64011207385808,-0.7729131077363633,-6.605835052718562,7.668068655835451,-9.890848005830227,0.0,0.0,0.0,0.0,0.0,0.0
1.445,-0.4795318405000606,0.0,0.06716106458983108,0.0,-2.0153773508671975,0.0,0.0971780138479249,0.0063711673323752094,0.0,6,SolvedWithSlack,4350107,94128,4557659,0.3070477854937222,7.105427357601002e-15,3.552713678800501e-15,-1.0085140935906172,0.746230579299391,-6.010265117414212,-0.7875990856374978,1.9771092328844393,4.843640742846602,0.6507756004258447,3.1886719448932794,-1.070869981249389,-6.103954916859324,7.553034848426022,-9.1555336056388,0.07295764193134442,0.10043581770601562,0.17691218044386764,0.5948749319153678,2.2250183568732056,-0.5219812353393277
1.45,-0.47954528969119703,0.0,0.06716037009385294,0.0,-2.0155249935695316,0.0,0.08856555379366052,0.007024809604849604,0.0,6,MaxIterations,8069712,93206,8270742,0.0,45.12369397359068,5.727346992470322,-1.0054543670971718,0.7613454777716785,-6.014181793459671,-0.818256322207758,2.017435669867026,4.794742397603157,0.5973522107856631,2.9264766287570394,-0.5834793198642761,-6.169526520497292,8.387494362696158,-10.165049285796048,0.0,0.0,0.0,0.0,0.0,0.0
1.455,-0.4795897855405376,0.0,0.06715495573611371,0.0,-2.0161416876269085,0.0,0.13358301773027323,0.010209778604350352,0.0,6,SolvedWithSlack,4117227,99368,4324448,0.31005443096860136,1.4210854715202004e-14,4.440892098500626e-15,-1.0023932294036484,0.7752769057516223,-6.017383159740628,-0.8486650340663899,2.0585075701013626,4.746798918672023,0.6272870523785817,2.7005555649049775,-0.6692660575790925,-6.036123490492848,8.098687514163267,-9.212434067217263,0.025763899150737055,0.03670402772839484,0.19936182203485334,0.5385858768220755,2.213238158769979,-0.5270925326466223
1.46,-0.47963402295033936,0.0,0.06714844848657908,0.0,-2.0167582565657773,0.0,0.11036417467172513,0.008295648542998661,0.0,2,SolvedWithSlack,4098722,89929,4302858,0.2762043527846556,7.105427357601002e-15,8.881784197001252e-16,-0.9991518661955743,0.7882605149156661,-6.018774391202945,-0.8795503185070589,2.1011352134969727,4.698037232228603,0.6648432534762674,2.5317239100465168,-0.023207557174121873,-6.27334883271985,8.799014688339492,-10.093776271589407,-0.13977671944581696,-0.3704698819698342,0.013581619487135693,0.2729147625844323,1.8884799120970885,-0.4695473997339145
1.465,-0.479662393846198,0.0,0.06714279130695998,0.0,-2.017147750491127,0.0,0.051645649391266125,0.0038529540870240685,0.0,2,SolvedWithSlack,3472890,61306,3648491,0.3724393954318691,1.4210854715202004e-14,4.440892098500626e-15,-0.9954933723108133,0.799881657397158,-6.01893820332869,-0.9116044554222847,2.1466845762180626,4.645791162171342,0.7777780111952852,2.191155236229919,-0.035681332179279934,-6.504686302069189,9.30824842870072,-10.67283924800904,-0.007828477022220273,0.39635836422752163,0.10288988370447873,0.5216941353044161,3.0174604644061347,-0.6331469722341775
1.47,-0.4796675379883031,0.0,0.0671389793596007,0.0,-2.017197551278735,0.0,0.016183532015606586,0.001550463663280421,0.0,2,SolvedWithSlack,3552550,63550,3733041,0.26385001876543407,5.8699318556165334e-15,1.7763568394002505e-15,-0.9916565081075401,0.8111247445180751,-6.018334344381177,-0.9452084485818752,2.196103043405871,4.589330037205627,0.7607269159266338,2.286232759132703,0.22148686085063127,-6.860397668982553,10.255077675543639,-11.686793220110555,-0.27617998428723894,-0.6881519151044806,-0.25380816789980454,0.021257328626837147,1.8429392580281676,-0.4485450319012379
1.475,-0.4796496963225903,0.0,0.06713717921136761,0.0,-2.0169083290688516,0.0,0.08645592763036324,0.006648218720591964,0.0,2,SolvedWithSlack,138702,66986,318272,0.3426120686880891,1.577580188167299e-11,1.036060126580196e-12,-0.987355259085236,0.821124165213566,-6.020064628033178,-0.9801724922766494,2.2485900155560277,4.52987881678733,0.9252186320785684,1.8122112036485518,-0.7110678163703316,-7.0791678829018085,10.653559269502935,-12.019012397070899,0.12293610244586507,0.16500626263925383,0.16839641311127126,0.5742871223175441,2.469909910901479,-0.5824405167697514
1.48,-0.4796072404900525,0.0,0.06713741380188896,0.0,-2.016251883789743,0.0,0.16186245802064939,0.012253862919555185,0.0,2,SolvedWithSlack,141487,73189,325545,0.36082717366677786,5.208278253121534e-12,9.957035196350716e-13,-0.9826194002690932,0.8300608596244156,-6.021914781874032,-1.0162597199345558,2.3035388557606127,4.467724652522673,0.961918395143029,1.77114475380028,-0.15061470201947855,-7.306731509424806,11.206225027197359,-12.69336332283424,-0.1320893943936277,0.2054181078093982,0.1600202226712386,0.3446735059679027,2.8431748996801103,-0.6134061952335224
1.485,-0.47953952635969516,0.0,0.06713974978724416,0.0,-2.015220061554072,0.0,0.23557747731406234,0.017755809328883893,0.0,2,SolvedWithSlack,184439,87625,428399,0.12783102771238727,5.030642569181509e-12,1.7297274723659939e-12,-0.9778329754631601,0.8390029472707584,-6.0211944807927775,-1.0536579997939821,2.361678139108068,4.402195022527886,0.954501950365419,1.7998265520968064,0.3337073524530842,-7.591353668669086,11.899550509488854,-13.368358005428245,-0.23595997703792115,1.1109242342280257,-0.06528831184635642,-0.8559697158500053,0.404422021242131,-0.21731274711105836
1.49,-0.47943332780264386,0.0,0.06714503892529558,0.0,-2.0136101903292007,0.0,0.3934307874770995,0.029456737134183626,0.0,2,SolvedWithSlack,141427,64361,345102,0.32051384033545705,8.192557743313955e-12,8.361089598452054e-13,-0.9733960685815671,0.8499462411387196,-6.0204389682610255,-1.0921472980407514,2.420330509239408,4.336976036562771,0.8436937527026581,2.443499496906441,0.0341296171799845,-7.7697445870456665,11.621378145747416,-12.834826521831431,-0.20407089157930958,-0.01077213140829103,0.22601788281487073,0.26086348205930265,2.4098567170393457,-0.5448735285702769
1.495,-0.47928067875421754,0.0,0.06715344614464368,0.0,-2.0113043629480307,0.0,0.4935055677785122,0.036992863290505724,0.0,2,SolvedWithSlack,148260,65324,325996,0.3625973883773163,7.451486562080706e-12,9.955695286736722e-13,-0.9690783423079458,0.8618123182425501,-6.018089543793975,-1.1316549058242529,2.479841190485619,4.271526805792103,0.876917793657159,2.327216112516449,0.7500860118062684,-7.9870861456603786,12.083505318001345,-13.252234975343029,-0.05703017226182582,0.16295781108252136,0.1765086259791329,0.3870891035453652,2.592404535793541,-0.6164155602414377
1.5,-0.47909702429845913,0.0,0.06716340182383954,0.0,-2.008537746705473,0.0,0.6322771813123335,0.04734376644506878,0.0,2,SolvedWithSlack,137790,67367,312770,0.2487185390404111,3.439026841078885e-12,1.0006995232458848e-12,-0.9645222754958643,0.8734476385183615,-6.012829828851691,-1.1712365976599906,2.5378331920143995,4.202150044774184,0.9666110506646971,2.3610369429147675,1.2871096177385666,-7.549707931418506,10.014300418916667,-14.71388581730207,-0.18276449368216446,0.003224277550944288,0.22541832981229945,0.25501125634580535,2.2767531964929106,-0.42282151636869886
1.5050000000000001,-0.47882103732535486,0.0,0.06717634069940405,0.0,-2.004349737216517,0.0,0.9660329341991523,0.07217403264917484,0.0,2,SolvedWithSlack,133523,68329,307751,0.2682356281847135,4.625633209798252e-12,5.782041512247815e-13,-0.9591603301462691,0.8853760460270524,-6.004094560857466,-1.2057350648672225,2.5737655545210476,4.123615289917757,1.1381349577464714,2.3973653808864714,2.036724227098758,-6.5310732645894,5.545266468823174,-16.285175395010718,-0.2288236796119421,-0.0024691207905680494,0.2318581504829023,0.2321232125821581,2.4418848486992935,-0.45600056791401294
1.51,-0.4784459662305777,0.0,0.06719324863365954,0.0,-1.9986709462719618,0.0,1.2423804045451516,0.09281663365552464,0.0,6,SolvedWithSlack,140867,92955,340303,0.14331746386495128,2.7782220968219917e-12,7.891465259035613e-13,-0.9530534463121874,0.8974049352628413,-5.991889718383198,-1.2364181436812989,2.5921940796116267,4.038600309863292,1.2736578649145986,2.4081267729285964,2.6965580029091245,-5.916697860694682,2.614505273032194,-17.41519608676906,-0.6262980169376193,0.5674642286254971,0.09825718549906895,-0.38046110391337745,1.8986584976594947,0.24363968857041718
1.5150000000000001,-0.47799877140988645,0.0,0.06721279869757686,0.0,-1.9919249738521583,0.0,1.249215004585363,0.09306839558120863,0.0,6,SolvedWithSlack,133893,104026,356523,0.2654554576101104,7.148059921746608e-12,3.992361996552063e-13,-0.9470349057278691,0.9101198213567486,-5.978583326439978,-1.264333783521368,2.5993118415602883,3.956142118283052,1.0561891147089764,2.4333990945817363,2.4492583546348605,-5.16547096384557,0.7537621187099,-15.975706878071486,-0.3446629786877634,-0.03557272039308192,0.25764424503196875,0.09722186877930704,2.194590128506635,-0.45127427793718766
1.52,-0.4777391995225047,0.0,0.06722120508322285,0.0,-1.9879863338343307,0.0,0.5429235476790211,0.04083437963604554,0.0,6,SolvedWithSlack,146948,104998,361643,0.25820916375384256,4.142464149481384e-12,2.0928259125696513e-12,-0.9427844164271642,0.9203251859544795,-5.966207314498251,-1.283223809084611,2.599184820150691,3.8752175235036166,0.7378582867713439,1.8273238566556336,2.5350152679990474,-2.9720239754670823,-0.4608461536803543,-16.27672100118692,-0.3785715902015864,-0.05864500089858569,0.2703251130482789,0.06252880663019025,2.1059490354387758,-0.4389555783815323
1.5250000000000001,-0.4776351189362111,0.0,0.06721936191647564,0.0,-1.9863974894377057,0.0,0.20294401539091264,0.01579833470405933,0.0,6,SolvedWithSlack,152628,105329,365360,0.15131285689724902,1.9967756152529986e-12,1.503019930737537e-12,-0.9396634797163876,0.9283474787668093,-5.952523264482,-1.2934922766532662,2.594629422671809,3.793770872029802,0.5624324938614848,1.48112661483041,2.8892023430824456,-1.5227503006693097,-1.1545547574873183,-16.27410824801686,-0.21378761207901256,-0.003362593504671635,0.25723185672532334,0.17276317170178412,1.530885925033577,-0.23775670122946446
1.53,-0.4776012667648344,0.0,0.06721469870540515,0.0,-1.985870080617603,0.0,0.05872653879347757,0.005000847024353465,0.0,6,SolvedWithSlack,143721,103616,354880,0.15345794311345237,2.1556570399639505e-12,1.4208356713396597e-12,-0.9371144958226049,0.9350953995011893,-5.936954790412067,-1.2981081887895312,2.587678057317146,3.714798705391076,0.48224646247326264,1.2745683184976557,3.269343508261309,-0.5792255244585106,-1.5095987998725051,-15.473759256118928,-0.2282160482855488,-0.0056912484546577935,0.26087850329286905,0.16480451008692093,1.5493696126106047,-0.2297643865312375
1.5350000000000001,-0.477593861973892,0.0,0.06721059779014338,0.0,-1.985740794854643,0.0,0.012730448761356894,0.0014195360629546787,0.0,2,SolvedWithSlack,140476,88517,339742,0.15509341509378086,1.4708234630234074e-12,5.233591338082988e-13,-0.9348346644534882,0.941036825622348,-5.91937055253242,-1.2991045564809494,2.5796813370981813,3.639870429120299,0.4424384671032184,1.1366571070801548,3.681145636307119,0.016068781016194036,-1.6353357728591618,-14.666398303473656,-0.23962236098793754,-0.006629321256627074,0.26365880565942745,0.1588846875551139,1.5760007834269394,-0.2253607964991194
1.54,-0.4775912962471934,0.0,0.06720826715302466,0.0,-1.9856831200710148,0.0,0.018603375951804457,0.0014761973770116101,0.0,2,SolvedWithSlack,136228,66315,316548,0.2417354830012433,1.1092644915406313e-12,1.5229484340295585e-13,-0.9326802895459859,0.946410783415125,-5.899725647981528,-1.297872639377725,2.5715081214538276,3.568870696188658,0.4274150328734769,1.0419121714996042,4.095415062985638,0.3735787294666866,-1.6205463108536518,-13.894170978804876,-0.4024345657499887,-0.048628168011998096,0.27941217886086617,0.05298120863627227,2.131051459426891,-0.4109503211021136
1.545,-0.4775764656590159,0.0,0.06720801336493859,0.0,-1.9854424148202026,0.0,0.0705132842553708,0.005140204650049153,0.0,2,SolvedWithSlack,145495,66736,318011,0.24983142698105293,2.451566727401655e-12,8.200107259881406e-13,-0.9305902556968855,0.9514430110496721,-5.877849087188935,-1.2953696438288143,2.563696710547586,3.499669749287786,0.4136901642740331,0.985688101661795,4.557595468663736,0.5682541525638095,-1.5163572228202462,-13.805000294273514,-0.028017022208305015,0.21761603212280997,0.20848820139648583,0.19579234084575364,0.24252463668396684,0.42471342586779
1.55,-0.477536199735443,0.0,0.06720984546234833,0.0,-1.9848193943181618,0.0,0.16648424262587005,0.012160842422242257,0.0,2,SolvedWithSlack,147819,66356,319563,0.26443104683950336,6.141392949743363e-12,1.188271703256305e-12,-0.9284571830465465,0.9565743627873379,-5.8545346753254135,-1.29221092017013,2.5564311049948443,3.43946701446268,0.4362120256859047,1.0541127275993778,4.731706131311421,0.662519014715471,-1.4055474681862687,-10.905349148167828,-0.048417250604087,0.21743024539080058,0.21180335435621966,0.18000040998379926,0.22381454531807476,0.44953277962715565
1.555,-0.47745978222381696,0.0,0.06721366270187283,0.0,-1.9836519517682547,0.0,0.2793044158656686,0.020523698404445654,0.0,2,SolvedWithSlack,151196,65594,322710,0.27704772412171624,8.730904887954694e-12,1.204425448264601e-12,-0.9262005116816961,0.962073058573761,-5.83034406926117,-1.2888036264209866,2.549812316760703,3.393119838788262,0.4621285399836438,1.130526858136356,4.907257539265012,0.6867775615348699,-1.2670344580600663,-8.217877995229019,-0.0658212158789428,0.21789903092357493,0.2148773970721637,0.16644975817666577,0.2035576011294713,0.47098113100691763
1.56,-0.4773441794812333,0.0,0.06721911562368839,0.0,-1.9818981715662622,0.0,0.3991325360758584,0.02947358163164761,0.0,6,SolvedWithSlack,131729,75342,317389,0.2007136939141555,9.158451774737841e-12,1.1528833443463782e-12,-0.9238076069400334,0.9679703120555871,-5.805281541200652,-1.2854139011507957,2.543917225553657,3.3595802891535387,0.4900862939071712,1.2121509022978554,5.080611852889257,0.667663404165182,-1.1201112606260386,-5.737906899623913,-0.8741226556273982,0.4412152889430365,0.18083485682148542,-0.6055463763005628,1.7373369548418325,0.34121327965406434
1.565,-0.47718904072435,0.0,0.06722576410212318,0.0,-1.97955745423794,0.0,0.5129751982190994,0.03806726665757803,0.0,6,SolvedWithSlack,147979,104697,359879,0.2967333862980392,8.245015781227494e-12,1.3627154960005328e-12,-0.921768721263444,0.9749810283949613,-5.779719392466259,-1.2821788770426223,2.5388601239667636,3.3363322510462976,0.33479151875003826,1.461401074605838,5.081423505946345,0.6643043051583245,-0.9376636190392174,-3.972395857026246,-0.0925058253359052,0.21843330376683767,0.220945754940523,0.14516509681638276,0.1573682210457708,0.5044467567066666
1.57,-0.47708195472978004,0.0,0.0672313965671316,0.0,-1.9779214303941222,0.0,0.22919838106176876,0.01641047344044381,0.0,6,SolvedWithSlack,139533,100299,345984,0.1706470186105078,5.3525517351715735e-12,8.441858323493534e-13,-0.9204197952189739,0.9813982391529102,-5.754658842787249,-1.278281072930021,2.534589416298804,3.3226407831728673,0.234355071121037,1.1866607881516522,4.9844711796748085,0.8356684348130274,-0.8013704562054528,-1.9429996340787983,-0.5710502772668261,-0.0023054893797188475,0.29009993163786324,-0.1367869803848706,2.0013710789379946,-0.21118492075387604
1.575,-0.4770397812153772,0.0,0.06723536099226002,0.0,-1.9772435555201076,0.0,0.0864587558873384,0.005649255515722359,0.0,6,SolvedWithSlack,133983,97765,338439,0.20473293897588524,2.2239987629291136e-12,8.587436317597508e-13,-0.9195308598288701,0.9867175619613962,-5.728934899980611,-1.2741078752070472,2.531047526633646,3.3111234143230885,0.14445492882040706,0.9941542716062248,5.256759146089794,0.824215476466893,-0.6509849196652938,-2.5366284525859575,-0.8158778367897058,0.4724420719974789,0.1789487035585849,-0.5492204054530138,1.7218603840974918,0.3480459962590049
1.58,-0.47702909264119037,0.0,0.06723839684781234,0.0,-1.9770365132553738,0.0,0.018431011986241905,0.0005710604722351529,0.0,6,SolvedWithSlack,150094,105259,361894,0.18620945883210333,7.425171588693047e-12,1.823000084222315e-12,-0.9190524727743663,0.9918674649561346,-5.703037237170178,-1.2702117455944406,2.5281721857542894,3.3025287811775312,0.07068825040331628,1.0525930005661979,5.132470562161389,0.7442657799224799,-0.5281990563710866,-1.194768252254831,-0.39170785120870216,-0.029496683390482135,0.2939577963503544,0.06565575993974071,1.9680891127485831,-0.31655608001457564
1.585,-0.47703250298337807,0.0,0.06724074467056086,0.0,-1.9770416384112055,0.0,0.010426854686494716,0.0015288434690063867,0.0,6,SolvedWithSlack,142500,95520,351854,0.20319102706426442,6.856737400084967e-12,1.6794066137748587e-12,-0.9187686287732023,0.9966867138745374,-5.6763776366496375,-1.2667038771834032,2.5258163729705214,3.2933825378903463,0.04845629305464314,0.9085202296083825,5.462198759862268,0.6712783151382359,-0.43547750952087827,-2.238430050080022,-0.446769171879666,-0.07137441864490936,0.3087063639653727,0.017604553154153685,2.0515409348636013,-0.3454247460092495
1.59,-0.47704137660452656,0.0,0.06724244646775686,0.0,-1.977128853048792,0.0,0.02046151701332278,0.0022196518945472,0.0,6,SolvedWithSlack,135536,73779,314965,0.2052917737620008,1.2692160686945794e-12,1.7474910407599964e-13,-0.918583308515608,1.0008149682132472,-5.647973926863857,-1.2636086946791374,2.523880889450259,3.2790174680734525,0.029844746765321683,0.772762803140785,5.82208514078352,0.5838270100004531,-0.35688275810713405,-3.2821446866799135,-0.42378076843602996,-0.059953728294527185,0.3060220593692124,0.036581962423949226,2.0484539378763964,-0.34899601539540137
1.595,-0.4770516395737275,0.0,0.06724369736968391,0.0,-1.9772372929593511,0.0,0.021744428764522834,0.0022676711015171464,0.0,6,SolvedWithSlack,144633,74290,324233,0.19767147874436702,4.874323167314287e-12,8.393286066166183e-13,-0.9184719078423388,1.004305398240272,-5.6179069198035085,-1.2609482893491166,2.522294935511503,3.2597023195083135,0.018427701007588986,0.6484165752016822,6.136125866406877,0.49782492454866567,-0.2923842425934147,-4.237354075886114,-0.7396002676695239,0.5019134069852599,0.1764398453652221,-0.476301687637672,1.7156133434098093,0.3360415138654239
1.6,-0.4770613669029327,0.0,0.06724473670159654,0.0,-1.9773389587838073,0.0,0.019097847013601003,0.0020361674090633225,0.0,6,SolvedWithSlack,179669,80132,380709,0.36752394886180684,8.739675649849232e-13,4.4227815854114283e-13,-0.9183979247742267,1.0077868624134365,-5.587835215604363,-1.258776888878447,2.521007586264279,3.242919778357151,0.012944106868779448,0.7272405729863298,5.936257322181941,0.3920432470683929,-0.23591287188010196,-2.790946883185064,-0.1438721512122586,0.1646511625808299,0.2511496733731428,0.0678355353204501,-0.1592565719053221,0.6247907130650716
1.605,-0.4770700500270486,0.0,0.06724552445198283,0.0,-1.9774225769918392,0.0,0.015068242071161515,0.0017591108465685513,0.0,6,SolvedWithSlack,137530,73028,325675,0.17175931461580413,2.1929091645064176e-12,7.934625179117916e-13,-0.9183360694940186,1.0112773531494457,-5.5578552837762505,-1.2568976830056773,2.5198387473823898,3.2358628419433213,0.01207270442580801,0.6787587358566008,6.034268626616501,0.36414777866901227,-0.23080093135317412,-0.5229462538075806,-0.4664232296202382,0.020044853617601104,0.291990834846867,-0.03068747092163084,1.9883632754135931,-0.24239016333158042
1.61,-0.47707764478872255,0.0,0.06724601407057933,0.0,-1.9774877049471196,0.0,0.011778900582802364,0.001471839626381568,0.0,6,SolvedWithSlack,134444,72217,320345,0.20401922358591876,3.835594976187956e-12,1.8170985549570418e-12,-0.9182815309601259,1.014373906348425,-5.52696920791188,-1.255346262582856,2.518842295175587,3.2305703158342634,0.010322366086847893,0.5800473099806069,6.268895340438265,0.2751671305521574,-0.17999213235755207,-1.4040710192770829,-0.737526894457156,0.5065067196392928,0.18074448898567058,-0.46972505066533066,1.7089861882467097,0.3468326800960619
1.615,-0.4770839098110446,0.0,0.06724653484850075,0.0,-1.9775369232769018,0.0,0.008573084083945231,0.0011997479963162558,0.0,6,SolvedWithSlack,133252,72547,322790,0.19774287227255744,2.8786017564722958e-12,8.840428389333965e-13,-0.9182334319072619,1.0175030067708901,-5.496222078000415,-1.2542807813342751,2.5180746262780014,3.2271681320257852,0.009263800039098255,0.6556060628012046,6.0728799233670845,0.17218378768616718,-0.13753810543049297,-0.2161769766626183,-0.4043085954643596,-0.03963408509095595,0.30698854789914687,0.05627058289602467,2.0343521099569313,-0.3361628828633476
1.62,-0.47708910883518363,0.0,0.06724702251133496,0.0,-1.9775720143988011,0.0,0.006076227055001073,0.0009994501974549311,0.0,6,SolvedWithSlack,132119,72297,310056,0.20100115206686256,2.4109613769667003e-12,8.131342821293686e-13,-0.9181874290082266,1.0204165520658928,-5.464996603690442,-1.253648154916233,2.5174743522472793,3.222309420140001,0.009175857871903875,0.5347552053919213,6.355609690270886,0.09668779320866569,-0.10923219140112903,-1.4581842622461454,-0.38665914488566755,-0.030162652784549337,0.30453962527853623,0.0706619999042401,2.036584879884648,-0.34170195851366636
1.625,-0.47709359117239286,0.0,0.06724731557350071,0.0,-1.9775959499677846,0.0,0.003972120905369314,0.0008445466684875064,0.0,6,SolvedWithSlack,135947,71755,312099,0.1549735410149177,2.2408743076382847e-12,8.246875404793741e-13,-0.9181414997690932,1.0227500417800128,-5.432476731639381,-1.2533762967947601,2.516997916538034,3.211560736344144,0.00919768163718905,0.42192859772444535,6.599210795478013,0.02671187937776917,-0.08665380033898251,-2.594760350885152,-0.5027724835294826,0.15577494752293128,0.26345501972536006,-0.1140713970944238,1.917810378268911,-0.10336952461759649
1.6300000000000001,-0.47709742970276764,0.0,0.06724752276148863,0.0,-1.9776101601889207,0.0,0.0021268097207014364,0.000713836183453195,0.0,6,SolvedWithSlack,158319,72356,335684,0.36549116313441976,2.1795941246963374e-12,8.106119941952983e-13,-0.9180958051028825,1.0247266880104142,-5.399266017643658,-1.2534684294743275,2.5166242957953546,3.197921254847684,0.009111995131335333,0.37774479662838584,6.669810253327859,-0.04814316248502614,-0.06743115283543764,-2.8137274860277928,-0.13311941685233425,0.17961227907680222,0.25303758262284826,0.07730619698888809,-0.1662054125262737,0.6213349773285136
1.635,-0.47710085767383925,0.0,0.0672475946445087,0.0,-1.977614866063294,0.0,0.00015162031905789072,0.0006714466507173332,0.0,6,SolvedWithSlack,133061,72207,311148,0.20024929770834654,2.2528631118777158e-12,9.032236764072721e-13,-0.9180457822640822,1.026508659174651,-5.365832647759275,-1.253748140326306,2.5162127209560494,3.190677858948807,0.0104481224344044,0.34233953283298885,6.697640404006336,-0.06214219092183294,-0.09010547604457395,-0.5691087505729893,-0.37776850695077746,-0.018770419457098227,0.30352383027911695,0.07867014258398393,2.0391605524805017,-0.3404238061041891
1.6400000000000001,-0.4771039717000648,0.0,0.0672475548455397,0.0,-1.9776126880466316,0.0,0.0006999337749347287,0.0005919069842784389,0.0,6,SolvedWithSlack,130447,71735,306719,0.20427722216328026,2.292389703199205e-12,9.067755227243346e-13,-0.9179957914769089,1.027915045737943,-5.331726035505757,-1.2542675888184827,2.5158459135926816,3.1841365250170792,0.009773547327814075,0.24110754176549382,6.900849645453792,-0.13108990505862408,-0.06333183855693095,-1.784337633602922,-0.36533399586539494,-0.012064431438835826,0.3015503139707836,0.08882233539890505,2.044148398969195,-0.34727127767757643
1.645,-0.47710666942802676,0.0,0.06724756314923597,0.0,-1.9776071137648892,0.0,0.0013893833708409089,0.00052963952587181,0.0,6,SolvedWithSlack,145986,72608,323091,0.28111524060910287,2.2719621453354235e-12,9.111131987760146e-13,-0.917947821073413,1.028834177242796,-5.29668719116914,-1.2551161472426318,2.515589999345081,3.171813708723519,0.009507644677287375,0.14615712418075294,7.076577188664044,-0.1949119374312513,-0.04391207930290377,-2.902395235587257,-0.03990339786248881,0.26343900749688337,0.22534587740265155,0.19567393328133367,0.13218218083055677,0.4778959090354749
1.6500000000000001,-0.47710918244516465,0.0,0.06724751013495461,0.0,-1.9775967868013307,0.0,0.002554872713332306,0.0005454645356675636,0.0,6,SolvedWithSlack,139163,71955,319964,0.2002249999170909,1.068305166551653e-12,6.618984874084965e-13,-0.9178967700157491,1.0295673094350015,-5.26162509507977,-1.256113143785217,2.515310764482478,3.1627062215996067,0.010559700583267394,0.14686001144784658,6.971501493477446,-0.20318189203487666,-0.06217447928478906,-1.125008299972396,-0.4356951621493186,0.9875468939809192,0.04430698725083005,-0.2052891212640199,1.9412787018699653,0.3403824998590545
1.655,-0.47711141923746636,0.0,0.06724756347208498,0.0,-1.977581990644325,0.0,0.0031544526375579325,0.000445238672914515,0.0,6,SolvedWithSlack,143030,72056,320575,0.20232080290726834,1.4111975477071326e-12,7.667373680408929e-13,-0.9178475529950925,1.0310317588221243,-5.228945328676218,-1.2573381107300574,2.5150978276770273,3.160583301158488,0.009481160568048992,0.3884670073695206,6.256806518134541,-0.27242552840705997,-0.0313332354476952,0.02459139607387123,-0.3775612294531607,-0.011331143544797273,0.3037438736659181,0.07867933083098452,2.049523972965702,-0.34394536494235617
1.6600000000000001,-0.4771133124745594,0.0,0.0672477805666464,0.0,-1.9775658480679463,0.0,0.00323252530336611,0.0004219427668050756,0.0,6,SolvedWithSlack,146226,72958,324083,0.20696150916391415,2.7244849516250284e-12,7.778768948418779e-13,-0.9178005806743668,1.0326699641272774,-5.196897289325589,-1.2588913971770432,2.5149819198238994,3.1567718673388554,0.00935375457447857,0.28769981670717204,6.507994059370116,-0.3357086163658735,-0.018364144030912306,-1.2687517370706265,-0.36579420295098586,-0.004621216457146376,0.30186261000810444,0.08816238319625876,2.056442392791615,-0.35183456557865406
1.665,-0.47711514060795696,0.0,0.06724789892621127,0.0,-1.977549351315689,0.0,0.0033570690220344054,0.0004185119496155798,0.0,6,SolvedWithSlack,129995,74911,309664,0.19641101380982565,2.683188235005872e-12,1.008617668551981e-12,-0.91775446784657,1.033824242516835,-5.163687776008896,-1.2607078620965104,2.514915272856165,3.146822029356765,0.008771618316688127,0.19347519469473512,6.728173426448252,-0.35332578500924744,-0.012549870428757774,-2.444298544929945,-0.7455344774242717,0.4998946549812857,0.19361968268664045,-0.4794873047287585,1.7252093563097368,0.3338987234767036
1.67,-0.47711694761112994,0.0,0.06724739039359379,0.0,-1.9775392137711436,0.0,0.0014171985261761078,0.0004275399064197776,0.0,6,SolvedWithSlack,138512,75353,318722,0.16858147164188075,5.546899071000909e-12,1.6720817438975466e-12,-0.9177187862521784,1.035015781680463,-5.130552527296342,-1.2620421024188162,2.5148422307682514,3.138611254106563,0.006364915871174311,0.26767767184946295,6.562611403964515,-0.21516771932631673,-0.015304032961286665,-1.1278864604170071,-0.22758463654184904,0.04305292032672581,0.28658850179119727,0.17803638387233156,1.51570501391052,-0.16498100076953187
1.675,-0.47711875226381906,0.0,0.06724646237840302,0.0,-1.9775327353283065,0.0,0.0013894135525167907,0.00046727657052959105,0.0,6,SolvedWithSlack,139955,73189,323762,0.28869301067536624,2.888355990469657e-12,1.0369474376381582e-12,-0.9176853325726698,1.0361197426214581,-5.097235019188229,-1.2628006020408187,2.5147325003469145,3.131381930470809,0.0069204388886974465,0.19004877457603483,6.728664692332166,-0.11458207957470408,-0.025091539836468398,-1.6513078649332502,-0.05024459724320973,0.2689726223942452,0.22776650057693948,0.18547131330418817,0.1285894119224702,0.4907781181481226
1.68,-0.4771206651313447,0.0,0.0672455526171963,0.0,-1.9775224108156766,0.0,0.002607319450523764,0.0005066225557615095,0.0,6,SolvedWithSlack,140285,74280,319143,0.1634089097134188,3.0770925184336775e-12,1.117139367123876e-12,-0.9176455424014237,1.0370632115677427,-5.06372829310079,-1.2631479087052946,2.5145316115629504,3.1283726919038948,0.008521048726981917,0.1877918245713716,6.6842331883647255,-0.04344267977279856,-0.04815148444489203,0.07340344175130908,-0.4835363688497185,0.12298155717746947,0.27779514651281195,-0.07601676781581887,1.9719472793998452,-0.16621926801976608
1.685,-0.4771224825724045,0.0,0.06724488079381481,0.0,-1.9775088182881186,0.0,0.00265046710343112,0.0004393863317756472,0.0,6,SolvedWithSlack,148681,72377,324733,0.2939886037322058,2.671640074255109e-12,1.0365265503547993e-12,-0.917606128829202,1.0378586230645617,-5.029913432502489,-1.2632416608668717,2.514352284124871,3.126772010091459,0.0075932041016378545,0.14016212021777158,6.814000425069865,-0.004558729426222451,-0.02846180804032755,-0.5748356462566182,-0.05740577496174862,0.2693710344712826,0.2288950656422536,0.17901267081500233,0.11933550388118386,0.49978062634474985
1.69,-0.4771241746981906,0.0,0.06724447176811604,0.0,-1.9774925847852323,0.0,0.0037700508707480852,0.0004519752493303268,0.0,6,SolvedWithSlack,137911,79811,321457,0.2061592925278065,3.701927653310122e-12,1.402980813122734e-12,-0.9175630222023357,1.0385564380600216,-4.995973223487975,-1.2631648583892736,2.5141578259828425,3.1288764885694413,0.009160199863252174,0.13914108082448748,6.771856095624605,0.026472140812577684,-0.04438880994537148,1.0617276668080686,-0.7811026539863465,0.48960179545782534,0.20133128891222074,-0.5100437753694039,1.7220483572969798,0.35047079729727104
1.695,-0.47712570228725437,0.0,0.06724433443404468,0.0,-1.9774737327743086,0.0,0.0036075490023200806,0.0003561651872901683,0.0,6,SolvedWithSlack,140826,74070,319253,0.1710220410109251,4.04298816647497e-12,1.4804390352507468e-12,-0.9175225984274059,1.039462031873324,-4.962481306201902,-1.2630034205840113,2.5140141012229837,3.1372033039624307,0.007549515852569612,0.2085673449190498,6.651783053282072,0.03537208316210039,-0.019721976450739205,2.0519890680214172,-0.24900752370319887,0.039682267475713656,0.29073746971857267,0.16145920250841828,1.515433181450897,-0.15268755823495606
1.7,-0.47712704350299484,0.0,0.06724436951233945,0.0,-1.977455369786933,0.0,0.003780866034144482,0.0003570224972650711,0.0,6,SolvedWithSlack,154462,72206,330184,0.3661495931939342,2.44781860840792e-12,1.014414897568261e-12,-0.9174827495511857,1.04027849929724,-4.928669717199107,-1.2627977765546297,2.513930100639457,3.144942958910904,0.00819966179215263,0.1335627952636759,6.833825688057887,0.04410712545590142,-0.014904249439054131,1.2231528719231466,-0.13734163001319144,0.2091414026803706,0.25211176298791094,0.08039254838444605,-0.12187256723266221,0.6224543084296881
1.705,-0.47712850411557955,0.0,0.06724445922205828,0.0,-1.977433900687699,0.0,0.00469172718977571,0.000404796079508823,0.0,6,SolvedWithSlack,132360,78307,319504,0.2085995686793126,2.33690922239331e-12,1.0020465360249808e-12,-0.917436946798719,1.0408859950138079,-4.894370066119852,-1.2625535968672514,2.513791091340885,3.1566956842700784,0.009648187167310454,0.11357065536711577,6.877260063862915,0.051074821136356044,-0.03488388655702595,3.0764604534377025,-0.491311033291587,0.9731167271535632,0.05759561852961371,-0.2540008159387125,1.952665562422369,0.3546192667548314
1.71,-0.47712985677597514,0.0,0.06724471593288263,0.0,-1.9774106428304499,0.0,0.004497328426583307,0.00031738323403631856,0.0,6,SolvedWithSlack,143330,74992,323380,0.1722517466297857,4.89563944938709e-12,1.6748043923930922e-12,-0.9173936672071408,1.0420983198971527,-4.861742978940228,-1.262311035607138,2.5137097871406238,3.1745018155198506,0.008161875406269302,0.3269882222166417,6.300041931140794,0.046745598256725515,-0.005699827692987084,3.8711171485630715,-0.25881758205526834,0.038963906051774355,0.2928279692706357,0.1541397986029496,1.5136799734731752,-0.1456096611551496
1.715,-0.47713106874522204,0.0,0.06724505330254558,0.0,-1.9773887370350078,0.0,0.004328170284676727,0.00033509242575066475,0.0,6,SolvedWithSlack,137740,72247,314133,0.197792698715843,5.3930193644191604e-12,1.7686433914643196e-12,-0.9173515396040293,1.0434965771547278,-4.829537240449068,-1.2620841957467088,2.513687560507027,3.1908115834622617,0.008565141466841555,0.24856012715928943,6.532345874680835,0.044261156049890345,-0.0036263787442434954,2.869734122834466,-0.38766777005341113,-0.00226722074100027,0.30766041417715084,0.07149843065924111,2.0570208689208056,-0.3362475878169331
1.72,-0.4771323729352458,0.0,0.06724526279017486,0.0,-1.9773680827259021,0.0,0.003981503030378604,0.00033960107144104853,0.0,6,SolvedWithSlack,159310,72827,343719,0.36597525914947565,2.369660765545944e-12,9.592877707464975e-13,-0.9173098487514059,1.0444771065515124,-4.7960864070458,-1.2618797824715486,2.513703856075301,3.2004765086096474,0.008229919160034023,0.16160794415115393,6.792138524960619,0.038707292317668646,0.007199756373931818,1.329734856360729,-0.13627136640671875,0.21312713916389553,0.25280863627089095,0.08184392628686908,-0.12448373710904584,0.6221579405541086
1.725,-0.4771337735104661,0.0,0.06724541272442841,0.0,-1.9773460373240623,0.0,0.004813187392372575,0.0003988618761351391,0.0,6,SolvedWithSlack,134955,72978,312871,0.20991289367693264,5.226158915350165e-12,2.8466118351389014e-13,-0.917263510785168,1.045224045084352,-4.761928421950613,-1.2616825572976764,2.5136547442745596,3.212680133854315,0.00978663515078227,0.1413581023920725,6.857579872215686,0.039479905278451126,-0.019401099259497224,3.15648101219019,-0.6573076577339837,0.7030411623918998,0.14137923487226725,-0.39911981089832727,1.8224698872145726,0.35685191925078547
1.73,-0.4771351108358917,0.0,0.0672456232238901,0.0,-1.9773226602491067,0.0,0.004434718592896367,0.0003254088108751609,0.0,6,SolvedWithSlack,133201,72517,310066,0.1972125189274652,4.077973202176732e-12,2.4475733939599564e-13,-0.9172200181646083,1.0463123178452438,-4.728490437559945,-1.2615135693336736,2.5136274614397722,3.2308365303136504,0.008145078103149139,0.2676847339454372,6.579066607570366,0.030354697134713133,0.002353175946305445,3.935275046527988,-0.3813082593574177,0.007475923343193254,0.30602705706377176,0.07916694074082493,2.06202240147944,-0.3352612821766908
1.735,-0.4771362993425102,0.0,0.0672458422733614,0.0,-1.9773019341194815,0.0,0.003974700359659075,0.00032657890154182194,0.0,6,SolvedWithSlack,132931,72738,309735,0.20501018181070088,6.3806737671257e-12,7.122080702970379e-13,-0.9171797228948998,1.0473986925127092,-4.694808654494329,-1.2613785455711173,2.513666740821034,3.2454895870810176,0.008020705462143434,0.18412444295437685,6.8380604860965475,0.024944944742094025,0.010984081101566897,2.2837387298000102,-0.48535097739307,0.9737417437555547,0.06055369994220515,-0.24731180947790748,1.9565951028727304,0.3485173090781915
1.74,-0.4771374401668238,0.0,0.0672460677213873,0.0,-1.9772820251356529,0.0,0.004039097554223744,0.00028446839190348326,0.0,6,SolvedWithSlack,134364,73549,318271,0.17834021690083898,7.212008767965017e-12,7.190914530497139e-13,-0.9171412035280841,1.0489202238394424,-4.662187529817345,-1.2612670356913518,2.513759755229017,3.2594352165864318,0.0075476090095465765,0.383256231056648,6.323251581377359,0.020657522264725878,0.022684542289691214,3.113168781647065,-0.3459873983004593,0.018620479090049658,0.3031783687314263,0.10267695534846794,1.9407229632347742,-0.29603670350839517
1.745,-0.4771385529821057,0.0,0.067246300194965,0.0,-1.9772621663095018,0.0,0.0038972946067045685,0.00031889799847516003,0.0,6,SolvedWithSlack,131789,74721,310597,0.1720530540021366,1.3912426766182762e-11,6.952112496794172e-13,-0.9171021792923088,1.0505851299012727,-4.6297159157689896,-1.2611730219293107,2.5138640478362553,3.270597491924146,0.007939759293912047,0.2999197781141906,6.604890042213367,0.017631212940463246,0.019756733932153357,1.6658931949699782,-0.2364955678315134,0.04884312724808976,0.2924901918036322,0.17185436740832244,1.5020272839869402,-0.14923907257708327
1.75,-0.4771398448994843,0.0,0.06724636791102845,0.0,-1.9772423239871708,0.0,0.004053303103853941,0.0003646608576515935,0.0,6,SolvedWithSlack,150404,74922,333229,0.30527370556907646,6.750155989720952e-13,2.645661467681748e-13,-0.9170602985032674,1.0518675445139203,-4.596013135881464,-1.2610873079728906,2.5139325022911976,3.2764622900750955,0.008600295737809831,0.2278983512506298,6.828405649563609,0.016736049638797237,0.01023017440110399,0.8562510099529915,-0.06900372936046212,0.2748402754842905,0.2342328326230904,0.16769006082280577,0.07860218076128156,0.51896529946743
1.7550000000000001,-0.4771412986099512,0.0,0.06724638427097612,0.0,-1.9772197543428298,0.0,0.004875930384565736,0.0004215741993129004,0.0,6,SolvedWithSlack,144904,73879,324674,0.17274719124546994,7.706103116733587e-12,4.938272013532696e-13,-0.9170126389482347,1.05298874426641,-4.561782495191012,-1.2609944983345505,2.5138969357585257,3.2853585049317444,0.009996125519407432,0.22182137335029917,6.858220989733217,0.019371037860897396,-0.016880189648182137,2.3741624717141696,-0.23975574826211543,0.04890898545088984,0.2936702251172989,0.16936759102438848,1.499595060640136,-0.14536658505635186
1.76,-0.4771428249958754,0.0,0.06724638475391248,0.0,-1.9771957362847048,0.0,0.0046346904782929976,0.0004168268567924548,0.0,6,SolvedWithSlack,138171,73830,325474,0.20201050472052692,5.8632478212861106e-12,4.3920422854171193e-13,-0.9169643861607125,1.0538909417713775,-4.5268538682647135,-1.260909393348316,2.513828942249322,3.294615375388935,0.009475583344415053,0.15314545335020727,7.068380630758773,0.015567411914130597,-0.011600795947575857,1.5148638209177958,-0.4832423492046194,0.9731636511366568,0.06403935189076691,-0.24439678623025682,1.9607315255251272,0.3434178580248958
1.7650000000000001,-0.47714416563696654,0.0,0.06724647782826204,0.0,-1.9771733444474349,0.0,0.00439559007294646,0.00033164409653383477,0.0,6,SolvedWithSlack,143281,73850,324163,0.2037263167586482,3.0652494431571142e-12,3.6137759451548845e-13,-0.9169211696587583,1.0552332057326883,-4.492989396570744,-1.2608480519800378,2.513834850001988,3.3049049346168426,0.008222474498536358,0.3442221676209011,6.5837053600941475,0.01029745514932019,0.008289901189175913,2.405964779217427,-0.489924255157097,0.9718484524355628,0.06573461539868256,-0.24951661822490082,1.9610481672525282,0.3463347384897019
1.77,-0.4771452325398552,0.0,0.06724675966451353,0.0,-1.9771517846525901,0.0,0.004263575140413906,0.0002808463826365988,0.0,6,SolvedWithSlack,140225,76384,323140,0.19597111134939948,7.061823348308849e-12,3.83700016204358e-13,-0.9168819304485177,1.057506962770539,-4.4613626654123015,-1.2608086570665742,2.5139127259041714,3.3193800890660494,0.007659967796827398,0.5275012553258861,6.159980555303267,0.006430447095580369,0.019487619765993173,3.208664977703727,-0.37750952161352874,0.0075606951939921115,0.31129014754889345,0.08163289160003538,2.0555064543356294,-0.3331508892939791
1.7750000000000001,-0.47714631239735494,0.0,0.0672469719184983,0.0,-1.9771315268864014,0.0,0.0038873435131652184,0.0003191743658275937,0.0,6,SolvedWithSlack,133052,73369,312260,0.20568456232854473,3.4620119271355776e-12,4.656275365277907e-13,-0.9168429482574639,1.059880859137913,-4.429516212769954,-1.2607853489445533,2.5140064376964517,3.330593331471891,0.007869346383190073,0.4400423873775803,6.504486076069103,0.0036269316011970027,0.01826846158103578,1.621195503053728,-0.7819020983928666,0.4863128814828432,0.21513247228675758,-0.5072495592553209,1.723826617116966,0.34966375595852606
1.78,-0.4771474509962369,0.0,0.06724704337680835,0.0,-1.9771127492550873,0.0,0.0036896573339211935,0.0003016016778624025,0.0,6,SolvedWithSlack,139684,75603,320065,0.17447193047595788,4.654054919228656e-12,3.4566446927009054e-13,-0.9168055103416668,1.0622304477920461,-4.39685204492962,-1.2607815890126928,2.5141013850269,3.341383746065639,0.007286192248919103,0.48952730966973,6.551770971508491,-0.0009066463274419029,0.01916668362604085,2.503151585588011,-0.23641238303365697,0.05371072795954446,0.2966022818091284,0.17300574749542602,1.4893889658683057,-0.14174976648467955
1.7850000000000001,-0.47714863485137293,0.0,0.06724705673686014,0.0,-1.9770938692346154,0.0,0.003874419396310328,0.00035456477189343174,0.0,6,SolvedWithSlack,138462,72857,315166,0.20549147084947839,4.592909386147426e-12,1.3429188316926854e-12,-0.9167658140954867,1.0644545556583411,-4.36328058752286,-1.260778937868057,2.5141580019540126,3.351227789212876,0.008273860065714995,0.4153655299537839,6.8194630612010805,0.0013336122737799053,0.006892656721815681,1.6255546512006631,-0.7837728963655026,0.4843261013388916,0.21847857713395932,-0.5084195005849645,1.724202356990191,0.34933550044411327
1.79,-0.4771498624454979,0.0,0.06724703209015553,0.0,-1.9770748053002034,0.0,0.003726039952237164,0.00032084832006105295,0.0,6,SolvedWithSlack,144153,81083,329632,0.2074726207683599,5.292471322304593e-12,4.1614975354598016e-13,-0.9167271694614707,1.066678937469808,-4.329068821640787,-1.2607844285653131,2.5142060394207806,3.36203813823497,0.007444781954943287,0.4642210117168056,6.857813192326988,-0.0024732187713723875,0.010980475090481879,2.506791824887455,-0.7908586432074173,0.48191356351473474,0.2210178295339047,-0.5138536378824757,1.7235646714683495,0.35270345530621183
1.795,-0.47715093442122214,0.0,0.06724706848360876,0.0,-1.9770566282824862,0.0,0.0035836934794284993,0.00029223003078844253,0.0,6,SolvedWithSlack,138302,73499,317048,0.20923032950937423,2.6982892211053196e-12,6.214403991400275e-13,-0.9166913202658105,1.069139551520102,-4.294635323685913,-1.2608040435481012,2.5142662540712384,3.3770093502292684,0.0070245258662727595,0.5104373769977048,6.906020568420997,-0.004700257789259568,0.01247627491715967,3.307452237390531,-0.7975391258102396,0.4795942398280049,0.2236661365294795,-0.5189376659891876,1.7232128109605962,0.35569156016593617
1.8,-0.4771519314199339,0.0,0.06724712916240759,0.0,-1.977039015091712,0.0,0.0034858845231472745,0.00027804085133164257,0.0,6,SolvedWithSlack,140085,76064,321918,0.19410571882028585,2.601481510716657e-12,6.602253466159169e-13,-0.9166569379216174,1.071824173772607,-4.25993260211853,-1.260831136611662,2.514328873616822,3.395760317792884,0.006796722055438657,0.5543196435213177,6.963491432322664,-0.005762203881400134,0.012390391175952418,4.034664444492826,-0.3696763826212155,0.017201461194150884,0.3149173966884347,0.09075008552316925,2.056219619086857,-0.32997972199448594
1.805,-0.47715300814379413,0.0,0.06724712374651837,0.0,-1.9770218214701942,0.0,0.003415450232301145,0.00032169804901841697,0.0,6,SolvedWithSlack,155554,76104,337527,0.3644650237904899,2.60769332285359e-12,6.6358724071236e-13,-0.916621022147858,1.0743427129137313,-4.224208918063484,-1.2608525195745577,2.5143812834598633,3.410861397924527,0.007386540165184082,0.47031076111346287,7.261993379147387,-0.0033574245914538827,0.009446935659114605,2.3676449222197067,-0.13318308609533897,0.24287968825165845,0.2580709401548234,0.09146209170468228,-0.13483663787511926,0.6195905404438328
1.81,-0.47715433463259965,0.0,0.06724704238975905,0.0,-1.9770019437979658,0.0,0.004455564937921303,0.00040301886978329096,0.0,6,SolvedWithSlack,139374,76114,321628,0.17020142386743037,5.862324514716022e-13,1.187973330818437e-13,-0.9165773373935825,1.0766237204613862,-4.187556625080442,-1.260842552187272,2.514315389480619,3.427830654438596,0.009414392697851425,0.4468923253328106,7.3752654410026155,0.004904074311784237,-0.025868659979969698,4.055406484413138,-0.49527045473979253,0.15910116789664575,0.2893424205746316,-0.08965287396761046,1.9557954631483367,-0.12251776919498755
1.815,-0.47715574159389657,0.0,0.06724696946284578,0.0,-1.976980377998457,0.0,0.0040482486374156055,0.0003763270659993363,0.0,6,SolvedWithSlack,139033,73028,317159,0.19621241985354712,3.1632554280941408e-12,1.079230455003355e-12,-0.9165338344114201,1.0787317785712884,-4.150068037541282,-1.2608276267374905,2.514230128297013,3.4451892112511744,0.008339590375970898,0.4048083739333903,7.577216738512345,0.0018979691731442253,-0.01190894423990945,3.09554993823561,-0.3530343389332497,0.028208417878574463,0.31388387249099425,0.10490242742360191,2.0583792516655195,-0.3335611137510301
1.82,-0.47715708804776474,0.0,0.06724687186582717,0.0,-1.9769612314632221,0.0,0.003727309978248278,0.0003689429072763059,0.0,6,SolvedWithSlack,139273,72868,317540,0.3619180803282865,3.1041845157854394e-12,1.0520941756686497e-12,-0.9164929412803079,1.0805242677061855,-4.111426362380928,-1.2608210869923833,2.51419799644046,3.455859722178085,0.008104476770061689,0.3278497290047419,7.826297987075142,0.0010072236305467765,-0.0031908398949416967,1.515231211735222,-1.0118018116984393,0.8637431929901563,0.1526708880032063,-1.634701738213106,0.36204569254359814,0.615260736558087
1.825,-0.47715823927055345,0.0,0.06724691716975738,0.0,-1.97694258486324,0.0,0.003742540349753394,0.0002733203535640803,0.0,6,SolvedWithSlack,133532,86002,323891,0.17837624234109037,3.0788689987233065e-12,1.0495493363293917e-12,-0.9164561724854425,1.0826088981014224,-4.072845209294423,-1.2608567876925203,2.514129989106766,3.4687879639574795,0.006943019867441949,0.4755148228849468,7.646288781568814,-0.01173108383450273,-0.019539807021619955,3.275357974083939,-0.23214632491961928,0.062142812334470054,0.3032396119798536,0.17758836212113596,1.4666436593125125,-0.1305519424174846
1.83,-0.4771592978891005,0.0,0.06724703960736729,0.0,-1.9769236265243204,0.0,0.003845928858712771,0.0003288914563278058,0.0,6,SolvedWithSlack,140596,114587,366021,0.17808526625624385,5.4498627832799684e-12,1.8322184047736556e-12,-0.9164181492409662,1.0847703184265658,-4.033948666445123,-1.2608931268564245,2.514039800338655,3.4823818616655746,0.007951751182221906,0.4037275173004573,7.865639945760783,-0.004638956887735768,-0.016958288360659986,2.360461558392413,-0.224614824258046,0.06533665280165063,0.3027449526356145,0.18320819197778757,1.4638811422101718,-0.13272609905933433
1.835,-0.4771606009261997,0.0,0.06724699647328794,0.0,-1.9769040312380495,0.0,0.003966957400875498,0.0003748407533608112,0.0,6,SolvedWithSlack,138642,72517,322539,0.20015382432079115,4.511946372076636e-12,1.8834014209323513e-12,-0.9163766784933552,1.0865807466822477,-3.994009390266336,-1.2609009655183032,2.5139634327559746,3.4916548892692725,0.008476926537865652,0.3345230113369467,8.067263407660784,0.00021186892053122464,-0.014127252204073328,1.5289750442053827,-0.33500565671165883,0.03909848833567306,0.3133878179289241,0.1203611272563439,2.061936988157943,-0.34026150134534494
1.84,-0.4771619827618931,0.0,0.06724688769899212,0.0,-1.9768846701253642,0.0,0.003779964302606531,0.00037601891515858383,0.0,6,SolvedWithSlack,134033,74942,313122,0.17721283171535737,5.9401372709544376e-12,1.2304489024894671e-12,-0.9163352737996795,1.0880327145962938,-3.9530083871512316,-1.2608968841046433,2.51393319237672,3.494909359034274,0.008192948586493902,0.2611293290625861,8.28651904388177,0.0012122011992487928,-0.0013606256794841064,0.08545793691503772,-0.2077773759456239,0.07146153350612233,0.3012618139161075,0.1958701861536592,1.4584851404129244,-0.13903289601399213
1.845,-0.4771633931103714,0.0,0.06724676923047342,0.0,-1.9768651450780794,0.0,0.004039544917163052,0.00039307816132240166,0.0,6,SolvedWithSlack,131488,80252,316177,0.20548872219926537,2.962071787263037e-12,9.946670223581755e-13,-0.9162925536908411,1.0891419990302598,-3.911070857653318,-1.2608807944563476,2.5139203729433643,3.4934277268780827,0.00872930520416518,0.1958177232162576,8.453317815335572,0.004340694276268969,-0.0031628587963629393,-0.5418552480202464,-0.3171678993558224,0.04744440327778967,0.31098527496948775,0.13495108772647754,2.065891934149155,-0.3493308277387511
1.85,-0.47716481606639893,0.0,0.06724667028326839,0.0,-1.9768450445191725,0.0,0.003964918286967874,0.00038308670497943245,0.0,6,SolvedWithSlack,131378,74932,311268,0.17644309907742362,1.1661782650662644e-12,8.473703509703778e-13,-0.9162499107878292,1.0899129291274199,-3.8682425713382362,-1.260860323330456,2.5139346818837534,3.486863406439115,0.008437134776380823,0.12653779743791777,8.63877456541394,0.003969632457783901,0.0063019399069568155,-1.8091879052555764,-0.19464457691170917,0.07581719201598786,0.2999532684316201,0.20577357881346325,1.4544964292239597,-0.14452089948156766
1.855,-0.47716623478745024,0.0,0.06724659922226345,0.0,-1.9768244603076741,0.0,0.004261900346988276,0.00039489695426683265,0.0,6,SolvedWithSlack,130476,72267,307290,0.21005769802464985,1.8895973872883194e-12,8.941294427945723e-13,-0.9162060163256239,1.0903573997489113,-3.8246257271766684,-1.2608337055511434,2.5139520718508463,3.4764309311513486,0.00895761970869619,0.06390443109327805,8.778674988389986,0.006047757842559745,0.0019041476434297432,-2.2646101260528653,-0.30340717747029455,0.05354117487500706,0.30889933428006167,0.1462991894746976,2.0694808820220376,-0.35709808664190473
1.86,-0.4771676516816755,0.0,0.06724655965223941,0.0,-1.976803239283383,0.0,0.004187221219755743,0.0003825814681235349,0.0,6,SolvedWithSlack,142820,81293,331877,0.1765110728505847,3.240074875066057e-12,2.022522051898454e-12,-0.9161622862635923,1.0904774984630026,-3.7802510547722314,-1.2608073513955267,2.5139861467028926,3.4617035151204933,0.008648044001672428,-0.0025000679582448705,8.937736721276249,0.004825862145737263,0.009581806683235416,-3.383654285689911,-0.33937821637586957,0.0985660074133815,0.300068823845994,0.09207644427578436,2.040220509638161,-0.29653078571138375
1.865,-0.4771690144214803,0.0,0.06724654955082313,0.0,-1.9767824218044698,0.0,0.004160580364271456,0.0003689037864417785,0.0,6,SolvedWithSlack,139884,75443,321748,0.1753635882440921,3.389288849575678e-12,1.9976222282239164e-12,-0.9161195562541596,1.0903018167225744,-3.735175228785496,-1.2607864396336332,2.5140491987770885,3.442346317095865,0.008501765593748545,-0.05687391423989749,9.065862215375079,0.003811152883144394,0.014255838456635563,-4.185254842201281,-0.17997973043029317,0.07950972712799409,0.29811810001495653,0.2169364759949178,1.4509177516685616,-0.1521215987945606
1.87,-0.477170382420932,0.0,0.06724656889282149,0.0,-1.9767607040789847,0.0,0.004498842177882405,0.0003873808282565202,0.0,6,SolvedWithSlack,132400,73328,311589,0.17880595447354464,1.7432983725006515e-12,8.851584829688841e-13,-0.9160749713413219,1.0898352128313138,-3.689513498111514,-1.2607611651772783,2.514094476876556,3.4206905768598013,0.00913095821779084,-0.11754474263204986,9.17602590571323,0.005704070623234437,0.006088346619497618,-4.424421261140608,-0.4724743068730675,0.9689188982545356,0.08448436670387728,-0.22932468221462057,1.9940373945990566,0.30397012260502587
1.875,-0.47717162484829523,0.0,0.06724674062833425,0.0,-1.9767377307953733,0.0,0.004622662738505367,0.00031357265333139243,0.0,6,SolvedWithSlack,133161,71876,310346,0.18260287820113055,1.7414130265551548e-12,8.898419924085327e-13,-0.9160320263945733,1.0897176688853867,-3.6450000567470076,-1.260739119843284,2.5141644116350808,3.4026583303983604,0.008308710387597338,0.03858098388037805,8.727707338774096,0.003606907322639928,0.018244292211200445,-3.080883457141923,-0.4787048248285843,0.9684039563276358,0.08498799605663537,-0.2348865355666888,1.9910743188263325,0.31042489294192194
1.8800000000000001,-0.47717260804145545,0.0,0.06724712863625215,0.0,-1.9767146394351855,0.0,0.00460251707239956,0.00026773438030285566,0.0,6,SolvedWithSlack,134284,74812,319063,0.20836407697602824,3.282707439211663e-12,2.069152574973865e-12,-0.9159918097197327,1.0903680904081074,-3.6025669368531523,-1.2607263551473342,2.514275564131932,3.3909844644712637,0.007904113640576315,0.19058737250015345,8.332308702968799,0.0019026991987414448,0.02422402139641988,-1.8552297474153174,-0.3052719967147874,0.05266395899357963,0.3094133201891427,0.14423175758169507,2.0669206268657967,-0.354218930859248
1.885,-0.47717363293954357,0.0,0.06724744374903556,0.0,-1.9766924601663194,0.0,0.004303733380673008,0.0003165899675541293,0.0,6,SolvedWithSlack,134644,72337,310857,0.2113188084751695,2.8421709430404007e-12,2.11581707015851e-12,-0.9159512191040178,1.0911067978863214,-3.5602013358816706,-1.2607192152086082,2.514381161680909,3.3781978758477056,0.008232997819946464,0.1192526509746625,8.564405456588457,0.0011659185941878894,0.01926875198840395,-3.008542159336718,-0.2968748692077843,0.05596280997024867,0.3082209777107598,0.15116874954085596,2.068970732380382,-0.35924197440778816
1.8900000000000001,-0.4771748597366795,0.0,0.06724753793857417,0.0,-1.9766715046351628,0.0,0.004138365202274039,0.0003537576152762081,0.0,6,SolvedWithSlack,132932,90120,326967,0.17542272046843502,2.200015844520923e-12,6.548916682384831e-13,-0.9159094213339695,1.091492187802635,-3.516741738567711,-1.2607144663652685,2.514466254859256,3.3599575830505297,0.008430384950374112,0.048994332417859957,8.7746649888368,0.0008451730139271018,0.015675835296970118,-4.059018691625576,-0.1788125091002163,0.08098403427970573,0.29821862479633954,0.21763533735743174,1.4495626832390085,-0.150829641818239
1.895,-0.4771762175001237,0.0,0.06724752923850637,0.0,-1.9766501574341022,0.0,0.004396404519543339,0.00039249609959061537,0.0,6,SolvedWithSlack,131418,79901,322429,0.2148155477325845,2.5996967888238445e-12,6.793880660550507e-13,-0.9158649524096746,1.091541053394877,-3.472370468574546,-1.2607028489175534,2.514503441464198,3.3389181382327027,0.009129911132941962,-0.016343851741924417,8.939062393082168,0.0031187743708720036,0.002773374749111933,-4.302754831210323,-0.2873826881931382,0.05988363555463774,0.3066635896450378,0.15922907353278754,2.0719370553690717,-0.3651864311453936
1.9000000000000001,-0.47717763712779704,0.0,0.06724748113185032,0.0,-1.9766283742366428,0.0,0.004287189559104432,0.0003918461949032962,0.0,6,SolvedWithSlack,132750,95680,333871,0.17495578210925297,2.1028715346326907e-12,6.540103745025783e-13,-0.9158201143501259,1.0912517405519784,-3.427135031837231,-1.2606911327023806,2.5145253822785216,3.314572506444166,0.008891576426651756,-0.08556804614124253,9.117293561072351,0.001912704059144058,0.005308841604320187,-5.233170101231694,-0.17251045252264433,0.08195492155700268,0.29742482958573,0.22251060950480606,1.4477699040467593,-0.1545764762560929
1.905,-0.4771790705234646,0.0,0.06724742528764543,0.0,-1.9766062846399874,0.0,0.00455171064972131,0.000407684678484303,0.0,6,SolvedWithSlack,138211,76184,318251,0.21802583248417418,2.0321522242738865e-12,7.096918007916056e-13,-0.9157722518060901,1.0906255501208904,-3.3811323784233185,-1.260676049546661,2.514523629446956,3.2880107343963387,0.009981588696581027,-0.15169202945533217,9.254812303834823,0.003594992952968805,-0.0035104435630754893,-5.362452336386504,-0.28093025662482424,0.06201792448112253,0.3052445096371211,0.16488895649013716,2.0751050458364015,-0.3706439152230961
1.9100000000000001,-0.4771805045214742,0.0,0.06724737868357587,0.0,-1.9765836960891006,0.0,0.004449694628373167,0.00039619333943986975,0.0,6,SolvedWithSlack,154282,74991,332669,0.22053111773901607,5.531589292520622e-12,2.09067919226813e-12,-0.9157245209928914,1.0896608760812665,-3.33439756439383,-1.2606632356825307,2.5145230326558328,3.258661726254254,0.009330820761152093,-0.22052464359017424,9.406929636657868,0.001987372087902027,0.0018306801914005624,-6.195903232283321,-0.2766053582793818,0.06296317398569844,0.304273612257059,0.1686009336321186,2.077338972657591,-0.3749029001563273
1.915,-0.477181895088926,0.0,0.06724734635009104,0.0,-1.97656162237969,0.0,0.0044061453978393485,0.0003871342972089579,0.0,6,SolvedWithSlack,157287,99989,377102,0.1740683649589934,2.918551381672149e-12,9.476915779904616e-13,-0.9156787210044223,1.0883501699268,-3.286943878233211,-1.260656129287388,2.5145429597827835,3.225365366763713,0.009080006793995104,-0.2899583369671445,9.545331711979928,0.0011235142474350476,0.005209162053337517,-6.956948369331746,-0.1651306587119442,0.08143013673473753,0.29591622043028876,0.22842920016951115,1.4476139306340037,-0.16133726171200638
1.92,-0.4771832827936399,0.0,0.06724733086666168,0.0,-1.9765385901959256,0.0,0.004783531843840248,0.0004020032931682825,0.0,6,SolvedWithSlack,134073,93998,342457,0.17401107868456048,5.5422333389287814e-12,1.1977883962455138e-12,-0.9156269312735862,1.0866941860513484,-3.2389038823713987,-1.2606441943639874,2.514542040270901,3.190679761126748,0.011129656212153352,-0.35866996243277177,9.649012113414903,0.0030582719913016796,-0.003200995089692927,-6.92338274526098,-0.16687567358493954,0.0798521206759388,0.2958188337637528,0.22723504497205,1.4489730989798435,-0.161770343374381
1.925,-0.4771846735112618,0.0,0.06724733157994423,0.0,-1.9765136885929073,0.0,0.005098447477743388,0.0004092550492828648,0.0,6,SolvedWithSlack,134113,80823,328400,0.22362200713670888,3.9879199965700344e-12,8.589691458116278e-13,-0.9155665011118077,1.0846935740535297,-3.190364676843101,-1.2606260160153415,2.5145104571452306,3.156167871847004,0.012653893790636112,-0.4277232208907752,9.746348883866487,0.0039061572385550797,-0.008010496495942135,-6.8879942921612916,-0.27655951663527756,0.06093939093933061,0.30276372949839153,0.16951847499086542,2.0820280436184597,-0.38015741213240506
1.93,-0.47718601234476604,0.0,0.06724734676516478,0.0,-1.976488444092027,0.0,0.004970572576271174,0.00039112306883911524,0.0,6,SolvedWithSlack,132390,74090,311158,0.2259829096463123,3.0211382941832037e-12,9.703314540754349e-13,-0.9155099412896479,1.0823475929078736,-3.1412926011113296,-1.2606134499499664,2.514495906921549,3.1196194385142646,0.01063290610060005,-0.49713907423524906,9.858783072169079,0.0017343203252966422,1.866131214230669e-05,-7.580631200119433,-0.27484240754329664,0.06008847795258548,0.3018999169526356,0.17119494978325112,2.084511882425486,-0.3841709463987309
1.935,-0.47718728446731906,0.0,0.06724737472524002,0.0,-1.9764637848144577,0.0,0.004920528552455186,0.00037931440713992774,0.0,6,SolvedWithSlack,142399,96613,343699,0.1730539958998829,4.803268893738277e-12,1.4484732857589222e-12,-0.9154597295291141,1.079647468039714,-3.0916904483789303,-1.2606087268640067,2.5145121977318388,3.079788454455517,0.009747503854997916,-0.5687962206683037,9.960659482476265,0.0005267903911214383,0.00509586680215751,-8.213724593870149,-0.16529825806151527,0.075364813127591,0.2941917930298009,0.22909436265719074,1.4531950163508305,-0.16891399022083814
1.94,-0.47718854395470395,0.0,0.06724740975553598,0.0,-1.9764382669515341,0.0,0.005262626084261994,0.00039467621592734133,0.0,6,SolvedWithSlack,139814,78278,333731,0.2284665799343458,6.465938895416912e-13,1.6561058080455382e-13,-0.9154059438011899,1.0765869822142524,-3.0416707281616353,-1.2606004216919462,2.5145138393220376,3.039187649343576,0.011307365389318735,-0.6409086724869245,10.032361801864171,0.002263262017868915,-0.002347802758834251,-8.058848504419524,-0.2780348513523853,0.055899937512578435,0.30088664557517225,0.16933700143832528,2.0884973041741657,-0.38839318588838784
1.945,-0.477189794364354,0.0,0.06724745068247776,0.0,-1.9764121019876866,0.0,0.005160541076888727,0.0003836134597186151,0.0,6,SolvedWithSlack,154872,72867,336445,0.3540599194926514,2.629010358576343e-12,6.045858258474368e-13,-0.9153534951825006,1.0731614342568383,-2.9912442654693114,-1.2605940695753381,2.5145219559255616,2.99710563238815,0.010078193920938741,-0.7147838745845893,10.119837283076489,0.0007308984301014237,0.003883944407269981,-8.645872941157736,-0.11266128235901361,0.21338944913204227,0.2647054351923329,0.09801442779174252,-0.1888944073309876,0.6019018631375074
1.95,-0.4771910904586146,0.0,0.06724749379473698,0.0,-1.976384295837458,0.0,0.005905441828674605,0.0004325794154958555,0.0,6,SolvedWithSlack,130837,82937,327188,0.17991808147184027,2.6578898047519846e-12,5.927272561656594e-13,-0.9153002950625371,1.0694750438848974,-2.940671119331568,-1.2605749757635272,2.514440949952567,2.9623795276611435,0.010893118010461576,-0.752382391445224,10.111750485968924,0.005324415949938045,-0.02753121562793095,-5.849003080344375,-0.5351217040974217,0.840981815606628,0.11115644048093798,-0.28601736982322423,1.918511683861445,0.30586073850212847
1.955,-0.4771922876823571,0.0,0.06724764137678928,0.0,-1.9763557456644765,0.0,0.005438744831322395,0.00034095145105688714,0.0,6,SolvedWithSlack,139624,81354,354680,0.21926673027093335,2.7924329515371937e-12,2.878669524974953e-13,-0.9152520179350603,1.0660476079244328,-2.891320565388768,-1.2605702951906235,2.5143736389321503,2.9378748148129588,0.00901248877545224,-0.6410207689163139,9.71501615394351,-0.0015977285333412322,-0.0055819983265174115,-4.291742276543369,-0.3093850064196358,0.03986658311445102,0.3025654473168338,0.14328177608468085,2.081435163536803,-0.3727534414605867
1.96,-0.47719333691180743,0.0,0.06724784902105768,0.0,-1.9763302235225753,0.0,0.004909945232398374,0.00034013609671206506,0.0,6,SolvedWithSlack,165413,80732,363166,0.357994637021229,3.881159282848046e-12,1.1138312494551883e-12,-0.9152077074468372,1.0625981231367247,-2.8423468184804137,-1.26058381972446,2.5143697712965176,2.9136721823206777,0.008791445990753701,-0.7225645328951564,9.846334763571328,-0.0032487251061465677,0.001985234634043911,-5.19336136010765,-0.12197822423875031,0.21110017512610318,0.2613508887366688,0.09307407754764353,-0.17067110246426276,0.6085908829360893
1.965,-0.4771945749973295,0.0,0.067247939212865,0.0,-1.9763043284613753,0.0,0.005455628701201962,0.0004101518578079814,0.0,6,SolvedWithSlack,153540,91152,368957,0.17388939177602492,1.0324185950594256e-11,9.983472382124603e-13,-0.9151594555628623,1.0588609618918776,-2.7930712238077815,-1.2605840047408818,2.514282931737934,2.895250663730853,0.010064418713437133,-0.7640400874158101,9.861048994622223,0.0016205399723858032,-0.028255907221538812,-2.7116467506808157,-0.21438752582718149,0.05016771628530908,0.29561196601924233,0.19206384861220263,1.476347435844533,-0.15813453842886985
1.97,-0.47719595206940596,0.0,0.0672479665783363,0.0,-1.9762776949662386,0.0,0.005140443444357484,0.0004100202589576873,0.0,6,SolvedWithSlack,139453,89299,352836,0.21848116022018296,6.364471449860076e-12,2.8957392039785645e-13,-0.9151105124337849,1.0547966786153729,-2.7434679788897482,-1.2605800320484117,2.5141644450677108,2.88068599831797,0.009648455220744033,-0.8454743138280371,9.959214124267156,0.00032843451320175286,-0.02093404227452185,-3.0423101970908077,-0.33165831806121915,0.025890751354993878,0.3031734963976128,0.12666943090494576,2.0843326877010777,-0.371417972374311
1.975,-0.4771973050113532,0.0,0.06724797666641534,0.0,-1.9762535857676307,0.0,0.004610617695484082,0.0003822161218797212,0.0,6,SolvedWithSlack,141858,76715,344561,0.17299018029452717,4.455102953215828e-12,3.042011087472929e-13,-0.9150645889364718,1.0503078768812344,-2.693335058972038,-1.2605881990940246,2.514109503273439,2.8624039538601767,0.008954826296911151,-0.9327249948534232,10.070089319242156,-0.0026618061307820047,-0.005260104880339268,-4.051727629188949,-0.21479971565913178,0.04406227356283765,0.2940833065006962,0.1927418456120676,1.4815300302502934,-0.1663662916282766
1.98,-0.4771986472722483,0.0,0.06724798107360853,0.0,-1.976230712619665,0.0,0.004607607519014322,0.0003889003872990379,0.0,6,SolvedWithSlack,135105,83257,337648,0.18895003689743695,7.126743639673805e-12,7.149836278586008e-13,-0.9150190708108844,1.0453897425570846,-2.642764272950319,-1.2605986124569262,2.514082540226665,2.841466460188249,0.009180499241979601,-1.0176000887556422,10.14266159336309,-0.0017195083445717596,-0.005406636299426346,-4.274339271529086,-0.758936992484152,0.4816268390039696,0.20734893862750903,-0.4835402599877676,1.7327640440696293,0.3212150627256428
1.985,-0.4771998795913939,0.0,0.06724803419147851,0.0,-1.9762085598681374,0.0,0.004259950205676094,0.00032469741957504104,0.0,6,SolvedWithSlack,139012,79711,351734,0.21703638489692686,1.8687273950490635e-12,2.600419879428273e-13,-0.9149775396684344,1.0403822509207958,-2.5924765961816703,-1.2606275631090427,2.514093631101284,2.824534901685766,0.007846856483297695,-0.9908810785829819,10.002740217797477,-0.008019852110462931,0.006350516147974008,-2.8153675969319774,-0.3629754571346815,-0.0017821187083321144,0.3064638780540847,0.09923967505148878,2.0770548421621733,-0.3689618543247757
1.99,-0.47720100196000514,0.0,0.06724811646335518,0.0,-1.976187918235845,0.0,0.00407779990181105,0.0003311719176226566,0.0,6,SolvedWithSlack,139995,74721,322990,0.19036972616244938,1.904448820866378e-12,1.087005485622683e-12,-0.914937621283356,1.0351367744314042,-2.5421143559298858,-1.2606639427558624,2.514140145236081,2.8073438341550934,0.008060554186781482,-1.0879504054337437,10.117305793604972,-0.006700531390170526,0.010955254602176868,-3.8387473774959147,-0.7604529176422138,0.48252570653936894,0.20151450274775848,-0.48473942754255045,1.7307838501754185,0.3236285344761639
1.995,-0.47720209673572445,0.0,0.0672481966177679,0.0,-1.9761679988166088,0.0,0.003909350866852989,0.00029537016899155815,0.0,6,SolvedWithSlack,133792,82556,322960,0.19491351486573125,2.245761765229052e-12,8.696793285523086e-13,-0.9148998210435795,1.0297729903904826,-2.4920143397705266,-1.2607061748828352,2.514208229533777,2.7924794393022063,0.007292988083252818,-1.062645425200537,9.957277601889526,-0.009317418339248915,0.014886337520087141,-2.415913752787411,-0.7662494793796535,0.4828946561761318,0.19865718814930297,-0.49030541744700357,1.7256689083128431,0.3313529752717431
2.0,-0.4772030530588251,0.0,0.06724832727747942,0.0,-1.9761489479576846,0.0,0.0037471269022877917,0.0002701237810254429,0.0,6,SolvedWithSlack,144623,73800,326937,0.2877311747952127,2.5917200581801097e-12,8.817391261572993e-13,-0.9148647106155624,1.0245340829862664,-2.442699326611578,-1.2607557814555506,2.514286385882557,2.784369627388449,0.00687487102073016,-1.0378415928313929,9.80215793162079,-0.010122434344032092,0.015826746273541848,-1.1112637351381014,-0.062123846435068575,0.25417540522109683,0.2299281048269914,0.183548285146036,0.11890206266758785,0.4891429971518616
2.005,-0.4772041419130439,0.0,0.0672484255427051,0.0,-1.9761280645543082,0.0,0.00456308518670821,0.0003601174991835807,0.0,6,SolvedWithSlack,138843,73770,318762,0.20414534746229362,2.7071678232459817e-12,3.8258285428582894e-13,-0.9148234526099508,1.0192297334748641,-2.393931460538862,-1.2607760995541208,2.51426074078221,2.78392685785717,0.008944650890644487,-1.076001326591545,9.722210007253683,-0.0006838143521892711,-0.016927687315409577,0.5709447191673984,-0.7819499553157269,0.48270659364067087,0.19381568987337316,-0.5041649052041509,1.7166571392169583,0.3470470906858992
2.0100000000000002,-0.47720531979455155,0.0,0.06724850175013183,0.0,-1.976106248006074,0.0,0.004073151519540014,0.0003121594467153428,0.0,6,SolvedWithSlack,132250,82195,323091,0.20966689770268834,2.6716406864579767e-12,5.574429806642911e-13,-0.9147834797743194,1.0139268580245255,-2.345782678808512,-1.260791759214119,2.5142169834093795,2.790020982622066,0.007504769570122507,-1.0502759105390556,9.569962495396483,-0.004468994748722681,-0.0041692161358400145,1.6348164734563413,-0.4099276701395402,-0.025886920151643115,0.304274183241914,0.06185857875734498,2.075280193047817,-0.3564337260945702
2.015,-0.4772064218757234,0.0,0.0672485668532097,0.0,-1.9760870163300097,0.0,0.0037488856347295276,0.0003199852567303955,0.0,6,SolvedWithSlack,142769,72276,320104,0.17147129495563604,4.654054919228656e-12,7.868150575518484e-13,-0.9147454749230798,1.008357639992952,-2.297490044998748,-1.2608090684219675,2.5142158463729385,2.7938543439376717,0.0076559017859904625,-1.156250924772489,9.71525141812543,-0.0028144995219691925,0.002074030133514956,0.20786040495393376,-0.2756696954083763,0.003971796942967343,0.29150120142458125,0.14637204545441385,1.517583008542085,-0.1675461335334839
2.02,-0.47720765215543054,0.0,0.06724856214846084,0.0,-1.976067893750809,0.0,0.003919718990161222,0.00035363636542451,0.0,6,SolvedWithSlack,132019,72177,308162,0.17110091468160704,1.018381900035373e-12,3.6751157672654244e-13,-0.9147051287806849,1.0022767394351597,-2.248639845533725,-1.2608125239631471,2.514209174612363,2.7929064859820136,0.00828283304217278,-1.256091701336154,9.805023133264665,0.0005222997002830226,-0.0031861271970826917,-0.44491260171865743,-0.2787442945876201,-0.0009907420787992338,0.29087155495873196,0.14478720774382786,1.5210207901799404,-0.17206204700995198
2.025,-0.47720897738466894,0.0,0.06724852803227711,0.0,-1.976047802260643,0.0,0.004074018582479866,0.00037140203439634233,0.0,6,SolvedWithSlack,140555,72758,322019,0.17075375303354767,6.139089236967266e-12,1.260297421978862e-12,-0.914662753125319,0.9956926311500864,-2.199384214342845,-1.260803470567949,2.514184412906992,2.7888560946706504,0.008575577662801937,-1.357262680335697,9.880479292385415,0.0025265410952513894,-0.0058591819631414604,-1.0446996362376888,-0.28273652984428455,-0.00650846612886391,0.29028138015703103,0.14256653106623704,1.5247622495330162,-0.1766131164389242
2.0300000000000002,-0.477210337086447,0.0,0.06724848981803379,0.0,-1.9760271189587024,0.0,0.004173527944288839,0.0003779751620118042,0.0,6,SolvedWithSlack,132831,73108,318622,0.17043058726508228,2.2224999618458696e-12,3.46750406166052e-13,-0.9146194296121594,0.9885984206893237,-2.1497910809850183,-1.2607873792169357,2.51415156259629,2.781950854074145,0.008712285726734303,-1.4598307452495456,9.94281418213679,0.00358230755566899,-0.006876227145526815,-1.5971415183243698,-0.2876539302046397,-0.012598669100001125,0.2897319983506399,0.13970410473956166,1.528777745577604,-0.1812032962205716
2.035,-0.47721170371022165,0.0,0.06724845897593028,0.0,-1.9760060322077955,0.0,0.004243753307619692,0.0003794511773661408,0.0,6,SolvedWithSlack,141588,74551,319784,0.22584810069000597,2.6716406864579767e-12,7.8445583362452e-13,-0.9145756678228343,0.9809871179578202,-2.099922835288485,-1.2607680840020221,2.514116901370017,2.772412463857153,0.008774737161588915,-1.563790007390078,9.99308123661637,0.003981188050832399,-0.0068717553950935414,-2.10715786686562,-0.4415036311254737,-0.059599315834928904,0.30266470578646537,0.04056173014627066,2.0954029125048614,-0.38394177117301015
2.04,-0.4772130275824489,0.0,0.06724844219563555,0.0,-1.9759854100675711,0.0,0.004016758937113045,0.0003567270250248471,0.0,6,SolvedWithSlack,138522,72618,315956,0.2304758566600643,2.8563817977556027e-12,9.42801392511683e-13,-0.9145335536983501,0.9728225063740409,-2.049715871971817,-1.2607550237537495,2.514114509140793,2.7584250636113468,0.008249763576069404,-1.678962295075533,10.07200546346588,0.0018479137411423893,0.003185982343149839,-3.2416833819749415,-0.4483898348652299,-0.0679331116293291,0.3022829247665665,0.036167697240550876,2.101020294045485,-0.39180895632210927
2.045,-0.47721428242370295,0.0,0.06724843936575915,0.0,-1.9759657265036232,0.0,0.003902352935428133,0.00034288864768200006,0.0,6,SolvedWithSlack,142309,72818,326978,0.2557124437512263,4.922062757373169e-12,1.0044465259539948e-12,-0.9144930484047658,0.9640756779416372,-1.9991575039146732,-1.2607499117452932,2.514150682237709,2.739032909444644,0.008031991679092784,-1.796201917787561,10.136673449806938,0.0005834512246220225,0.009521272782809453,-4.287908528999744,-0.05164603233733339,0.21721102049766905,0.2192726933480522,0.20807801058919917,0.21648467531865218,0.43471115437708474
2.05,-0.4772155971818304,0.0,0.06724845124464014,0.0,-1.975943912811697,0.0,0.004756428743238129,0.00039580035664704997,0.0,6,SolvedWithSlack,144362,71956,319353,0.1694365697157359,8.679425188622217e-13,5.926925616961398e-13,-0.9144478958319818,0.9549675174597296,-1.9490461064949198,-1.2607298276959067,2.514114836661858,2.7231656878433137,0.00952546956430942,-1.8381145753051311,9.94808976805093,0.005824525174520195,-0.01659148747293136,-2.454913659460582,-0.3216981732031529,-0.0432877612441358,0.288042168516751,0.11704113031032833,1.5480574664606008,-0.19642638558893513
2.055,-0.4772169839505408,0.0,0.06724847378995441,0.0,-1.9759201730720344,0.0,0.004625052115563432,0.00038786999428117714,0.0,6,SolvedWithSlack,151436,74079,330505,0.23351444329689341,1.1084466677857563e-12,6.875611191503594e-13,-0.9144017644504604,0.9454509001844439,-1.8992283870576694,-1.2607059015558257,2.5140478086697904,2.7094871167168577,0.009074476500218422,-1.9466058395495538,9.9728541855626,0.004149708282378265,-0.011483911776763934,-2.916181898857221,-0.49930109924317695,-0.10397907806342097,0.3041991971084025,-0.003031189105041267,2.1046153700348116,-0.3969745536047188
2.06,-0.47721829182278375,0.0,0.06724849523086898,0.0,-1.9758984008496356,0.0,0.00416362527076278,0.0003543244031330041,0.0,6,SolvedWithSlack,141948,73388,327869,0.16535995231035933,7.87281351222191e-12,1.749989042565403e-12,-0.9143590648671719,0.9353477310207239,-1.8491654807825355,-1.260697061492566,2.514032329191064,2.691608038225195,0.008272782420386754,-2.069837060496189,10.037452003376902,0.0004407644117880676,0.0017012239430913624,-4.000315272100029,-0.5533562413123014,-0.01013049889590435,0.2776737759290101,-0.09031491966508058,2.046296189963797,-0.28111191892761084
2.065,-0.47721950038540545,0.0,0.06724852669572993,0.0,-1.9758784157660603,0.0,0.003912431142939526,0.00032868063914613216,0.0,6,SolvedWithSlack,146016,74340,325164,0.2412844962890648,4.7221671017894096e-12,7.975287097394812e-13,-0.9143192543112489,0.9247094397738596,-1.7990550307868591,-1.2607035259542616,2.5140676518688343,2.6698328218018155,0.007806514506604507,-2.1659260684004615,10.01144079725428,-0.002224314304384071,0.010051768594226542,-4.583159620630696,-0.5269394910951094,-0.128932106864943,0.3046404244048444,-0.023108965826467875,2.1128566187983813,-0.41018364369141014
2.07,-0.47722065974818095,0.0,0.06724855925025076,0.0,-1.9758592241483879,0.0,0.003803174563741325,0.0003235152139441189,0.0,6,SolvedWithSlack,132991,72647,309956,0.18699070113252478,7.106863275798087e-13,3.019806626980426e-13,-0.914280637481734,0.9134961938818932,-1.748846892464183,-1.2607177101272482,2.5141328249222052,2.643998631163799,0.007687050383274353,-2.293541901746789,10.060249713670274,-0.003103558861235404,0.014673292623619844,-5.541960827729906,-0.7271707899202107,0.5410899690345812,0.12796156545299914,-0.447284929720474,1.7503210707766248,0.3178841919252921
2.075,-0.47722172306247695,0.0,0.06724864279666844,0.0,-1.9758403179827242,0.0,0.003762184492391955,0.0002810425073368945,0.0,6,SolvedWithSlack,141868,72877,319854,0.16659504682595883,5.092593013955593e-13,7.377431998634165e-14,-0.9142441342292574,0.902219805238459,-1.7000358499617558,-1.2607418376563497,2.514217087021803,2.621164339489694,0.00709099475320352,-2.228994891936839,9.569461400863787,-0.005758998117043805,0.017809041483477075,-3.939434304023773,-0.3666264885890775,-0.08524971199951412,0.28321157960413,0.08610128798271255,1.5784186916408702,-0.2198030015748187
2.08,-0.4772227708831475,0.0,0.06724875061373148,0.0,-1.9758209825933,0.0,0.003969329246271881,0.00031946537819106576,0.0,6,SolvedWithSlack,140505,72497,317199,0.20639569381368292,2.3118729153281947e-12,9.5767838104166e-13,-0.9142060416388833,0.8907412019770771,-1.6521366344089021,-1.2607598285096973,2.5142758547463324,2.6003000791639588,0.007889078744011922,-2.339811916596422,9.585624071379934,-0.002335162047579393,0.008296274576677885,-4.322098335013999,-0.39138266246636927,0.9995933785436399,-0.015377528016384118,-0.16795709457931268,1.8980527916646237,0.35087267948326095
2.085,-0.47722383867949936,0.0,0.06724891220851585,0.0,-1.9758007577748933,0.0,0.00407211312086135,0.0002807278316580348,0.0,6,SolvedWithSlack,146166,72547,322800,0.23099942630499484,1.1787903986260062e-11,6.402101071500965e-13,-0.9141673147210508,0.87965539265841,-1.6069614264472263,-1.2607693534349205,2.51434043031818,2.583561107895089,0.007667717278467057,-2.134238013556073,8.679646231664773,-0.001646055232703445,0.015302295022318882,-2.7212306981114716,-0.05479738203670359,0.17971961085101465,0.2026417457454656,0.21653501551888774,0.3400379057234313,0.3926990247184912
2.09,-0.47722497038965805,0.0,0.06724911712256555,0.0,-1.9757786929389574,0.0,0.004693745690063176,0.0003612089765872967,0.0,6,SolvedWithSlack,150705,73329,328700,0.16297096260074467,3.1990521343061573e-12,7.23643367450677e-13,-0.9141238125768227,0.8689010655663567,-1.5640246984468948,-1.2607584488309442,2.5143232214516633,2.5746834038916933,0.00921673713181164,-2.1614164631743042,8.526968010552508,0.004237714305339624,-0.014021058515735438,-1.1655978845457486,-0.405084384045755,-0.10238570677953474,0.27705063642126593,0.05191021688855501,1.6061649526961272,-0.21953601715546148
2.095,-0.4772262910747681,0.0,0.06724918052404322,0.0,-1.9757558301179883,0.0,0.004387570712014625,0.0003719293958069117,0.0,6,SolvedWithSlack,141979,72457,318762,0.162741014500874,3.2457925236428764e-12,5.350719867180942e-13,-0.9140794264444319,0.8577739541189154,-1.5211260169644627,-1.2607416754758938,2.514260821313047,2.5668831221587896,0.008703881534707752,-2.267810933648474,8.612750227488222,0.0028171644223905137,-0.011483822490619628,-1.813627606294357,-0.41526525844443574,-0.11247601333173513,0.2766597246514858,0.04542657547400257,1.609517400653282,-0.22519125242879212
2.1,-0.4772276148493277,0.0,0.06724916556175738,0.0,-1.9757347418852365,0.0,0.004130608972935923,0.0003693908099017762,0.0,6,SolvedWithSlack,139473,72808,316477,0.23243802976296943,3.205213872092827e-12,3.9412917374193057e-13,-0.914036748675216,0.8461119570601814,-1.4778519571100872,-1.26073118036217,2.5142104212493988,2.555988539484484,0.008450357060672448,-2.375125411596918,8.680898354744164,0.0016731582029978153,-0.009179259132931956,-2.413656482188423,-0.6627284329902561,-0.22145108505661654,0.3050147390807174,-0.14231798788240926,2.077326673721747,-0.395144650597048
2.105,-0.47722889184639045,0.0,0.06724911117830822,0.0,-1.9757153441617816,0.0,0.003693512996510374,0.0003430961707212579,0.0,6,SolvedWithSlack,149783,72918,329843,0.19779200928102908,2.744915406083237e-12,2.7317037520901977e-13,-0.913997192747742,0.8338235401206856,-1.4340088031625489,-1.260734681029193,2.5141966415252046,2.5405542811266844,0.007639163072210263,-2.512443088232295,8.824093290414567,-0.0020003733840616546,0.0009294428923295429,-3.5199446351109245,-0.6850196397045291,-0.1661472716851515,0.2866310702023356,-0.18189761034958174,2.04782664644701,-0.33624641577774944
2.11,-0.47723008348405666,0.0,0.06724904175833425,0.0,-1.9756976650506226,0.0,0.0034585475185393497,0.00032318223922481025,0.0,6,SolvedWithSlack,131588,72377,308342,0.1622956208803122,2.0161650127192843e-12,1.1057821325266559e-13,-0.9139603845230186,0.8209056881986699,-1.3896957965373395,-1.2607517838574243,2.514221770687227,2.5205364223619324,0.007222805589519422,-2.6305957940449867,8.88633051097561,-0.004146293690261873,0.007330172107352904,-4.31449465030926,-0.44854263221782165,-0.14712834387741203,0.27590255549653075,0.02516799831296468,1.6179176519579106,-0.24487623170460093
2.115,-0.4772312749938892,0.0,0.06724897213879338,0.0,-1.9756798259999873,0.0,0.003685221718128642,0.00034081973302183563,0.0,6,SolvedWithSlack,134605,72387,310296,0.25749164812903186,1.4992451724538114e-12,1.8030021919912542e-13,-0.9139225513996384,0.8074221015724038,-1.345221514559377,-1.2607661318501964,2.5142443684049876,2.497718040979949,0.007744024563767069,-2.7402788216990674,8.899242807742885,-0.002106106884273071,0.0029413102846627508,-4.723220555872742,-0.6513635373489056,-0.2053681689778009,0.2881660894045708,-0.11650292413928981,2.130482189413086,-0.4377358018193541
2.12,-0.47723247718934114,0.0,0.06724890894717221,0.0,-1.9756616452022535,0.0,0.003560059512666833,0.0003273960215116702,0.0,6,SolvedWithSlack,131037,78659,313673,0.26267147741390967,6.277200981230635e-13,1.8357537712176963e-13,-0.9138850996394648,0.7933479218966057,-1.3005920995721532,-1.2607797055093264,2.5142790157355446,2.4710340381965463,0.007366750022137776,-2.864048815689324,8.941917218693746,-0.002985503346699445,0.009186376714170177,-5.731154239846047,-0.6683833410956657,-0.2184476113926422,0.2876537015665779,-0.12789533611402149,2.135722703638578,-0.4465415116036464
2.125,-0.47723362833848076,0.0,0.06724885713850877,0.0,-1.9756441490439538,0.0,0.0034713406465981286,0.0003168623956761607,0.0,6,SolvedWithSlack,144282,72477,320926,0.1911857380873632,9.007941493975205e-12,8.180678356950466e-13,-0.9138488679668622,0.7786537257579197,-1.2557935766436499,-1.2607955614716226,2.5143370833947776,2.439539702589442,0.007190953675819748,-2.9881500663434424,8.970010261784902,-0.0032007107204364373,0.012958790149384532,-6.663509094383694,-0.0670846262076959,0.11223633746106343,0.19482501756115345,0.2329537340772614,0.44392119487491666,0.3250157547485174
2.13,-0.4772348784594914,0.0,0.0672488166690563,0.0,-1.9756243410919772,0.0,0.004380248492125473,0.0003824324567737795,0.0,6,SolvedWithSlack,157157,73659,336255,0.1939826148719882,5.114686452145634e-12,8.681944052568724e-13,-0.9138070839136697,0.7636661922421001,-1.2118190753407978,-1.260789596321925,2.5143192671508534,2.4115594043454047,0.00893897549237913,-3.002917903854565,8.680969974065285,0.0035789233593534063,-0.012928678381077544,-4.9075896581484795,-0.08054161552521648,0.10587549700239077,0.19279556620136426,0.2218368151427035,0.44964475836578743,0.3297704452823799
2.1350000000000002,-0.47723631104643605,0.0,0.0672487970144567,0.0,-1.975600734202222,0.0,0.004882667195850538,0.0004183919815718712,0.0,6,SolvedWithSlack,134874,81053,326266,0.16051594892918983,2.1160850849355484e-12,7.629452625224076e-13,-0.9137600314043792,0.748616388000577,-1.169249896137023,-1.2607606938441653,2.5142051509827343,2.3919017079522567,0.009640530739457701,-3.013910740645141,8.405070321184434,0.0069003307827187905,-0.028301178602034783,-3.3024420046360157,-0.5483586790409629,-0.20923564088306357,0.2728771131796227,-0.05037024282938627,1.6317288246579333,-0.2572625925680093
2.14,-0.4772377328318998,0.0,0.06724878957558189,0.0,-1.9755775711452745,0.0,0.004373499941831934,0.0003820286520693528,0.0,6,SolvedWithSlack,141448,74040,322369,0.16030364203261868,2.0325963134837366e-12,4.1300296516055823e-13,-0.9137153017360723,0.733220811089157,-1.1271870534297401,-1.2607379002918468,2.5140976117318865,2.373801283082637,0.008591494916035341,-3.1220193749578002,8.416259013618573,0.003187294277767331,-0.017500835210299822,-3.8243470328268234,-0.5662086713275687,-0.223222771583918,0.27251619145545175,-0.06278419423456706,1.6318003839506423,-0.2623469412555402
2.145,-0.4772390473199467,0.0,0.06724877910170804,0.0,-1.9755569105369037,0.0,0.00400628170454579,0.00035658275085644834,0.0,6,SolvedWithSlack,140305,73879,319885,0.23758947532228067,2.309152868917863e-12,2.5512925105886097e-13,-0.9136740452136791,0.7172841521966009,-1.0851005451815705,-1.2607302366219844,2.5140335464433057,2.353202625289294,0.008078399097372017,-3.23024789859261,8.416821052365107,0.0005888421059700422,-0.010055077389411264,-4.309507993717827,-0.937868001706814,-0.40135094549184747,0.315893101690253,-0.3655440804095082,2.0271019891734463,-0.40390210804787713
2.15,-0.4772402529853564,0.0,0.0672487528345858,0.0,-1.975538556202956,0.0,0.0034231453051209266,0.0003149344231654887,0.0,6,SolvedWithSlack,146216,79650,331466,0.1801163540320798,5.897504706808832e-13,1.7186252421197423e-13,-0.9136374595715195,0.7006441841663952,-1.0425872472688766,-1.260745138784099,2.5140223402567043,2.3288921976966943,0.006929104624001487,-3.3925618785313585,8.556759420547573,-0.004924633602719224,0.0022036621557053456,-5.2174668042995345,-0.10827907760582639,0.06311722628961693,0.18934822801806694,0.21198106944031317,0.48616405702117205,0.30619780185453566
2.1550000000000002,-0.47724148840013086,0.0,0.06724872092089383,0.0,-1.9755196410633065,0.0,0.004162712800022688,0.0003703866102295835,0.0,6,SolvedWithSlack,141868,73239,320124,0.23165641018811353,5.672129432809925e-13,2.432498646953718e-13,-0.9135973049261459,0.6836733955125917,-1.0007634199626814,-1.260750812075207,2.5139739015148708,2.307576273055966,0.008586005527909226,-3.3943802593239734,8.24000638534853,0.0009617125767793693,-0.016380313136583363,-3.6480063126004256,-1.0207484862021305,-0.4465198513068336,0.3180188250129776,-0.43579344313070983,1.9955709507002308,-0.393815897319793
2.16,-0.4772427473681092,0.0,0.06724869311076744,0.0,-1.9755002747143773,0.0,0.003511452460396716,0.0003221757166966072,0.0,6,SolvedWithSlack,146217,72808,332317,0.17654468033167145,2.3447910280083306e-12,6.865619184281968e-13,-0.9135597407138598,0.6661952636004312,-0.9590963024905274,-1.2607658117960978,2.5139390355277373,2.286500608721237,0.006964218876876707,-3.5624821851856794,8.392420740207559,-0.005166941348290637,-0.0016026370002675872,-4.580036221969344,-0.13033074323553737,0.04148085765819613,0.1871525987160092,0.19892214116403975,0.4985052634848638,0.30012595656384145
2.165,-0.47724398891949077,0.0,0.06724866277500106,0.0,-1.9754813386965002,0.0,0.004131578880120307,0.00036884178045611647,0.0,6,SolvedWithSlack,131258,74942,319484,0.22390933148678693,5.123013124830322e-12,1.4199752484955752e-12,-0.9135198126891466,0.6483917829917275,-0.9181269323357452,-1.2607727753363436,2.5138785291741637,2.26813926219075,0.008501642327580822,-3.5586772795584785,8.064957743425072,0.0007070135651117496,-0.017980886510057765,-3.087179232369056,-1.105224186898266,-0.48928172626581373,0.31890851387955227,-0.508471156659936,1.9575937050145205,-0.38064586352753776
2.17,-0.47724523424508786,0.0,0.06724863843978275,0.0,-1.9754623829168578,0.0,0.0033956419640558794,0.0003139051707613691,0.0,6,SolvedWithSlack,140565,73369,318101,0.17292195642122735,2.4655185501425943e-12,2.1049828546892968e-13,-0.9134831707043589,0.6300776211744122,-0.8773067552153441,-1.26078998441685,2.5138382362631466,2.2498509383839242,0.006727694794318242,-3.731566775228469,8.226705948411974,-0.005709436648361196,-0.002395729310915894,-4.024820788822217,-0.1543435593627387,0.02042676309060404,0.18450777835578824,0.183918863621784,0.5108950863149819,0.2939673259160865
2.1750000000000003,-0.47724645144179867,0.0,0.06724861165359658,0.0,-1.975444072586768,0.0,0.00401006579445539,0.0003603596469382491,0.0,6,SolvedWithSlack,136137,72858,312310,0.2135355820298114,4.46931380793103e-12,1.1597667270990542e-12,-0.9134443320002423,0.6114471666143443,-0.8371999437298014,-1.2607990768887447,2.5137774804218305,2.2340522347919087,0.00829528205024327,-3.7216298597836137,7.88815451558011,0.00035919317327542965,-0.01760143075757887,-2.602229433434905,-1.1883881249425585,-0.5263061632579801,0.3177664949368842,-0.5816311157961002,1.9123713998097582,-0.3630104894506794
2.18,-0.4772476686668098,0.0,0.0672485914117191,0.0,-1.9754257988644555,0.0,0.003244340265147257,0.00030255319741932015,0.0,6,SolvedWithSlack,138882,72577,318752,0.16017014318069733,6.360653903953937e-12,1.445427111335107e-12,-0.9134089878173762,0.5923105207900722,-0.797252453530564,-1.2608184439841466,2.5137389287469927,2.218236705420308,0.00644004010439186,-3.8970317353566353,8.053672728693325,-0.006185303924056577,-0.0020736352691963548,-3.524134149237076,-1.1348750741468236,-0.37432754206681246,0.27228924340718547,-0.5667765488673496,1.8704180392629717,-0.2699313735637371
2.185,-0.4772486788800514,0.0,0.06724855563329848,0.0,-1.9754112935374748,0.0,0.0027345546769539744,0.0002592533841663962,0.0,6,SolvedWithSlack,144392,73188,327759,0.12058302352466564,4.460209979129104e-12,1.020961093445294e-12,-0.9133795084981782,0.5724782497376428,-0.7570449909620373,-1.2608593439641365,2.513758873241363,2.1990504988992754,0.005617493001957957,-4.011923852249477,8.03264912282426,-0.009170365924803112,0.007374193151666643,-4.038620733892609,-1.0124100830700438,-0.13626626728837737,0.20499113999193158,-0.5087446614565811,1.8205027521795798,-0.13931204721742912
2.19,-0.4772495944607087,0.0,0.06724854960862296,0.0,-1.9753980714143482,0.0,0.0026186365740957836,0.00023939971497083417,0.0,6,SolvedWithSlack,135155,74381,312009,0.11806457199048637,8.757449504607208e-13,2.374073160282819e-13,-0.9133521868892058,0.5523471982159459,-0.7176962957646864,-1.26090616620359,2.5138131798001524,2.178796502740752,0.005387327982281486,-4.034988882707553,7.7640000606926325,-0.009343656338569914,0.012727324562555504,-4.058458051420093,-0.2323469083170677,0.8470769575862989,-0.0512381861382638,0.04335413821297101,1.8890331518477819,0.15179303500343808
2.195,-0.47725052308737365,0.0,0.06724868616470708,0.0,-1.975383332189253,0.0,0.00323972874174847,0.0002501971341047888,0.0,6,SolvedWithSlack,137329,72777,312661,0.16529546759643735,4.171329948121638e-12,1.5849543899548735e-12,-0.9133215134864261,0.5331811348296919,-0.6824713366298562,-1.260932307313789,2.5138959958015152,2.161455962620214,0.006529092700648713,-3.698554636053432,6.58181851044387,-0.0028279956857029977,0.018559756386252086,-3.0883387457804106,-0.7479400520827061,-0.22760179647877593,0.22425995210170438,-0.2236290503924792,1.728388561128671,-0.28100229491394346
2.2,-0.47725153057733954,0.0,0.06724889364330776,0.0,-1.9753667899524125,0.0,0.0032757922701621535,0.00027085041717311484,0.0,4,SolvedWithSlack,154231,88437,358166,0.2626087720491808,1.5447643164634428e-12,8.192647948934706e-13,-0.9132884473765064,0.5145268551263384,-0.6497273307907346,-1.2609425001507322,2.513976118865594,2.144202741879929,0.006657919667605497,-3.751740654414344,6.52680283126971,-0.0015717612589100348,0.014512275287189803,-3.6832011124029096,-0.4297437420000522,0.8215527458719198,-0.05128673839944345,-0.24341800923791782,1.5597989521334392,0.4464349124836074
2.205,-0.47725385388348507,0.0,0.06724907886105025,0.0,-1.975369924805547,0.0,0.009074258982055106,0.0010548999201807688,0.0,4,SolvedWithSlack,138051,76704,320205,0.11205894693570277,1.0438871989038034e-12,1.226696246434455e-13,-0.912984588624811,0.4987436711070356,-0.6236174914039837,-1.2609420835070262,2.5140496261548066,2.1316777072446573,0.13182878994703878,-2.463370474501002,3.9441313401858755,0.001403562456448332,0.014896382445199505,-1.7449432413011032,-0.8004468736867852,-0.09687381057377166,0.18614252526635683,-0.38503162203544533,1.7929431509712443,-0.1364495312526508
2.21,-0.47725938534862217,0.0,0.06724923219101674,0.0,-1.9754255726590557,0.0,0.00664528736056028,0.000793753735035295,0.0,4,SolvedWithSlack,144383,86222,335153,0.12618981224026812,5.852263118555356e-13,3.1818297996366596e-14,-0.9115889585869947,0.48982510106404287,-0.6094257454729064,-1.2609424426815874,2.514117439514363,2.1222221042725575,0.35618612793387106,-1.400085090890108,2.3167065565182043,-0.0016355009639725576,0.012104992088392622,-1.9888299812821366,0.12082954676673657,0.7891733670006622,-0.03143932829771967,0.3264417424348454,2.01903699584429,-0.021018901962015557
2.215,-0.47725266951946815,0.0,0.06724937900888298,0.0,-1.9752975623299898,0.0,0.054533036087155595,0.003816986389297507,0.0,4,SolvedWithSlack,134073,86824,333169,0.12657343470648266,2.342008531552864e-12,1.5723099875360272e-13,-0.9097101389563981,0.48559026352869433,-0.5997663329270888,-1.2609502647771287,2.5141729714540455,2.112712939487291,0.3788227758909373,-0.5191278148459939,1.7648131977175325,-0.001970328537436754,0.010073736466726007,-1.848241328858084,0.14696741414652265,0.7870202896817888,-0.03006733654171739,0.3459412368669603,2.0251749553037226,-0.029095990941275972
2.22,-0.4772187153606862,0.0,0.06724984419437338,0.0,-1.9747565824744373,0.0,0.14665033190036458,0.01072897804194112,0.0,4,SolvedWithSlack,154172,118744,386510,0.25731592651958296,5.968558980384842e-13,6.215037165469006e-14,-0.9078804862392155,0.4849803766373148,-0.5913535360303552,-1.2609663590250224,2.5142127702957415,2.1037370496774828,0.35272697656517893,0.11947696460410952,1.6632234501837047,-0.004170231148472429,0.0064737303367496815,-1.7622899883390013,-0.8503348491747028,-0.6159174314092604,-0.34037929225063723,-0.8095908637949631,0.5633635068841201,0.43743707508329105
2.225,-0.47716252174139845,0.0,0.06725055035496463,0.0,-1.9738809714080854,0.0,0.18392060593794546,0.013541445995224784,0.0,4,SolvedWithSlack,146586,95551,377302,0.12479292983307114,7.531752999057062e-13,4.804490139065365e-14,-0.905981459251733,0.48591121454564845,-0.5834083939706839,-1.261001873133897,2.514172839658803,2.1000541727307858,0.3951154273327807,0.21963463915682063,1.5531199192179599,-0.008919701705858986,-0.016283010025725377,-0.0766315218202015,0.13014621123327452,0.7882817971417404,-0.030476247518928606,0.32910002192838006,1.9966868773291382,-0.009517168250717856
2.23,-0.4770865987120991,0.0,0.06725154464609027,0.0,-1.972710761124318,0.0,0.279366944195093,0.02072124379918767,0.0,4,SolvedWithSlack,134925,84009,325835,0.29813314674728847,2.5357375074329206e-12,9.29700760821106e-13,-0.9041583859595103,0.4884731309564962,-0.5757363225904565,-1.2610498572410997,2.5141069635349194,2.099577527327773,0.3453805031383677,0.7024674463333412,1.5127291694556289,-0.009953433556147893,-0.011379482635296983,-0.10774069612588129,-0.27042121282548914,0.7942972481623526,-0.03853268119856597,-0.18921844309013003,1.4693740589569226,0.5068263494703904
2.235,-0.47697381690297047,0.0,0.06725329601954501,0.0,-1.970992829010068,0.0,0.385086766901197,0.028679154285985144,0.0,8,SolvedWithSlack,134383,87946,327128,0.12262390635681208,3.983674501384371e-12,6.67021993194794e-13,-0.902752373207701,0.4935444182371334,-0.5685543848705736,-1.261112012059614,2.5140420185501964,2.104269851879137,0.23963857495536436,1.2176354298380745,1.3816928201817116,-0.01379271991817706,-0.013912725474765889,1.6113422230584489,0.09060877175592486,0.7925459113857314,-0.032114525520664156,0.2951076657457119,1.9619825017089934,0.018832226715964046
2.24,-0.4768417534716469,0.0,0.06725550249695597,0.0,-1.9689867303214166,0.0,0.33026809215450126,0.02439904362217928,0.0,8,SolvedWithSlack,146497,96983,349731,0.12239741282124787,5.165645688975928e-12,3.6215475063272606e-13,-0.9017902486140337,0.500442776848568,-0.5626944942648117,-1.2608880863028564,2.5140133581732886,2.112309867767169,0.14636983909276338,1.408462844391302,0.9218764121823819,0.12527234149777675,0.003602876284013917,1.6532321501592055,0.08499423458604516,0.7949269517514987,-0.032618044649160044,0.2903922724431065,1.958358605139966,0.02225809674860013
2.245,-0.476777508686658,0.0,0.06725711202035557,0.0,-1.9679790159243844,0.0,0.13288481289430368,0.00938212310166869,0.0,6,SolvedWithSlack,131128,87285,325084,0.1064921654772137,3.853337002885989e-12,1.346540066948787e-13,-0.901295541083561,0.5077151553312091,-0.5597728081383043,-1.2598445527251303,2.5140779768112798,2.120812170670181,0.07428284103936768,1.4927357724245127,0.3805128980532073,0.2504443711167098,0.017524210769221976,1.720339470014085,-0.564757859267353,0.20374540421109827,0.11392336194008462,-0.26672126815072894,1.7038746476354192,0.055966568363782304
2.25,-0.4767585296513505,0.0,0.06725824294899159,0.0,-1.967643332007679,0.0,0.03269585733374426,0.0018503828975413202,0.0,6,SolvedWithSlack,147028,83749,335884,0.12306674458152358,9.473810624882617e-13,8.494372305844094e-14,-0.90104010869105,0.5148993898643203,-0.557477150058489,-1.2585925239978037,2.5141777983599156,2.129777600264202,0.039087452548516505,1.404888206365167,0.5170098414057182,0.2428103065188702,0.02087812994286009,1.8341628294028842,-0.2673150477737074,0.2828387082086501,0.08124825870165209,0.06817608444323217,1.9690679133043774,-0.18796618793817846
2.255,-0.4767614913230471,0.0,0.06725905082524682,0.0,-1.9676363651372195,0.0,0.014392927322012854,0.0017326546277808897,0.0,6,SolvedWithSlack,137721,93286,341415,0.11003890255380937,6.387779194483301e-12,2.0760580754508595e-12,-0.9008983752999369,0.5218342775596838,-0.554770106083548,-1.257422503946781,2.5142871375634828,2.1366731710373896,0.02282755905969258,1.3780586249439877,0.5611025819694018,0.22408569794884292,0.022114371362325167,1.0832944525874413,-0.7452717731521918,-0.07641641958895964,0.18706613434147593,-0.36975927165171185,1.7382951392453998,-0.07682133611863724
2.2600000000000002,-0.4767739338057701,0.0,0.06725962259182419,0.0,-1.9677727748042915,0.0,0.03323514722655257,0.00309515653084521,0.0,6,SolvedWithSlack,141497,95090,343990,0.12142579269340291,1.8616219676914625e-12,9.726082786376544e-13,-0.9008107165172721,0.5282900579343262,-0.5505935884382621,-1.2565455266464431,2.5143913503746176,2.1411260995005166,0.014832029473734677,1.235415083752709,1.0136893150078528,0.14090378499650644,0.019886717177743405,0.7650781724037649,0.08358910389772171,0.8063638677380546,-0.03447236608580634,0.28652795756785937,1.9428126830944465,0.03861250334470912
2.265,-0.47678942951895825,0.0,0.0672600498438594,0.0,-1.9679556705781898,0.0,0.03749230756675805,0.003413600830560483,0.0,6,SolvedWithSlack,141638,94148,341315,0.12328992003398179,2.1212523488535493e-12,3.500793405164515e-13,-0.9007455448792602,0.5350498198356914,-0.5467903053159159,-1.2559260460383095,2.514486548710174,2.145258774697076,0.012135834693256442,1.4295380943075497,0.5990145870795942,0.11160266115926824,0.018369908539351894,0.8652575092302119,-0.3387040075862732,0.06265252988863523,0.03804221514188297,-0.0026816384628148143,1.8422312561215302,-0.20959286405776903
2.27,-0.4768049407055254,0.0,0.06726031802249931,0.0,-1.968137835288991,0.0,0.03518446613287517,0.003221542330142382,0.0,6,SolvedWithSlack,147388,82726,336094,0.12114911187961766,2.1485738635189526e-12,3.8545555636204654e-13,-0.9006896755418223,0.5419801134215944,-0.5439613126557521,-1.2555559006815542,2.514565078524847,2.147285414468078,0.010704451856436772,1.3575344323379424,0.5449160477978924,0.04856488143041152,0.014094286705094765,0.1092505772870141,0.07689300851725125,0.8129202278409745,-0.03540537633878773,0.279103115628922,1.9383857900738826,0.04917801206421203
2.275,-0.4768190596826429,0.0,0.06726048421048304,0.0,-1.9682990736979917,0.0,0.03008752021274438,0.0028396946631804045,0.0,6,SolvedWithSlack,151075,72897,328912,0.13748685763865295,2.1088049910209622e-12,2.799670217878969e-13,-0.9006370513799997,0.5493588195591514,-0.5423416148184619,-1.255422739707725,2.51463315315549,2.148433225759891,0.010452128729854682,1.553650706914667,0.18211278795423103,0.011944038635729931,0.013222640046838296,0.30680358522111517,-0.36193235422496645,0.06766340589291997,0.07470955246672897,-0.003635250102277044,1.8989240792757327,-0.23372765798571002
2.2800000000000002,-0.4768313175603194,0.0,0.06726059484107814,0.0,-1.968432660413606,0.0,0.024482729963132804,0.0024014303264209493,0.0,6,SolvedWithSlack,139333,75402,332377,0.10996893942928555,4.390821040090032e-12,1.6162071680980716e-12,-0.900585994879219,0.5568917212486448,-0.5410758463269466,-1.2555590885974866,2.514691382334451,2.147588362099919,0.010102080569676613,1.4753576103944237,0.29891456274597583,-0.05335564562048354,0.01069469881181771,-0.47492957303437533,-0.6774051637897457,-0.0036892033908294025,0.1741012852481112,-0.3155136033187052,1.7595030308685689,-0.05955668959856968
2.285,-0.4768416180860999,0.0,0.06726068144900635,0.0,-1.9685389647867906,0.0,0.019185828116943568,0.0019791369521433787,0.0,6,SolvedWithSlack,153831,90732,399364,0.15014886045767553,1.3531842197935811e-12,1.7889162373663225e-13,-0.9005372772886605,0.5639364973482229,-0.5382123717458879,-1.2561098610877723,2.5147402142348128,2.1448664433942515,0.00956727718415507,1.365015280420776,0.7487327647257901,-0.14785642647959568,0.009165915867178076,-0.5889278844387005,-0.3663879177303496,0.07552697723586799,0.10433678512508937,0.00509415538725181,1.947435727715963,-0.2552530627780484
2.29,-0.47685017761472465,0.0,0.0672607585659184,0.0,-1.9686205361079219,0.0,0.014491302469264536,0.001627297192577539,0.0,6,SolvedWithSlack,150384,75683,366873,0.11121042031350244,9.410602830279756e-13,1.7552626019323725e-13,-0.9004887751228396,0.5705368125052306,-0.5339848900657631,-1.2570377581129604,2.5147832557937004,2.139605319425835,0.00977579468971407,1.2902318469450942,0.9076808063536373,-0.21056324378964153,0.008258285152608059,-1.3500565916196097,-0.6710624570504965,-0.021922536118969063,0.18117899395137932,-0.3042238001189276,1.779366725016039,-0.0822638268626891
2.295,-0.4768572870731976,0.0,0.06726081420806031,0.0,-1.968680896782389,0.0,0.01056320229942733,0.0013258202052121042,0.0,6,SolvedWithSlack,147709,77215,344060,0.44243400535176497,1.1652900866465643e-12,3.3516939224043085e-13,-0.9004408150462092,0.5766449579092062,-0.5281902410931901,-1.2583642432971667,2.514821319743339,2.1325525801724643,0.00950006189892978,1.176225171063136,1.320418729957406,-0.30161011755998335,0.0071883667284170245,-1.4492247375072826,-0.4058611840397666,0.8678974169439748,-0.047860437983675085,-0.8306136238433391,0.3307610628604054,0.7521378090980004
2.3000000000000003,-0.47686310759586603,0.0,0.06726106729209477,0.0,-1.968721876677277,0.0,0.006639732372696481,0.0010883914537679093,0.0,6,SolvedWithSlack,158329,79540,367424,0.1387461596915921,1.9811348888900726e-12,1.7674750552032492e-13,-0.9003916461932318,0.5831821902550579,-0.5230791850605757,-1.2602690857548213,2.5147871246076017,2.133576595879568,0.010003957781030645,1.3937185501847726,0.8304059458206744,-0.4340490581055678,-0.014759644606305779,1.269668195584916,-0.821508150782827,-0.22370732858347564,0.23586847147570658,-0.3942783526646479,1.799193712835567,-0.17163077714448977
2.305,-0.4768680284893914,0.0,0.06726087410393292,0.0,-1.9687541121152123,0.0,0.006750407328330005,0.0008933546021050271,0.0,6,SolvedWithSlack,133913,72808,314584,0.11802647236735031,4.3209462428401495e-12,8.596318101794509e-13,-0.9003520215806899,0.5895631480704072,-0.5170279694390364,-1.2619485704612357,2.514688322828292,2.1379237316839133,0.006891682682295782,1.198597066996522,1.4545869292965128,-0.27345273146436927,-0.0221909068108288,0.6121656426937805,0.013177451263664675,0.840748807215539,-0.039755893974643935,0.2032406732243933,1.888423557877605,0.12538398027694092
2.31,-0.4768723964914682,0.0,0.06725987835005166,0.0,-1.9687842094945265,0.0,0.0052759617999826305,0.0007841907009202589,0.0,6,SolvedWithSlack,145986,72467,321828,0.11989761884326616,5.142561588039205e-12,1.761071634762775e-13,-0.9003168741160437,0.596171421049396,-0.511201794261857,-1.2629270044095715,2.514585209230181,2.1422519758538656,0.007184413273103635,1.4026751467016676,0.9792473739984849,-0.15011628509370115,-0.019135337066584997,1.0285292765369056,0.02290769711840729,0.3145958215780819,0.10204941418743695,0.26257497206030406,1.054551653235186,0.20382595203355247
2.315,-0.476876305586563,0.0,0.06725886512468451,0.0,-1.9688039360666219,0.0,0.00303800321924978,0.0007236960455097777,0.0,6,SolvedWithSlack,155704,74320,335924,0.12799122963826384,5.1896171950469045e-12,1.0306339115473406e-12,-0.9002773437764389,0.6031867777679012,-0.5059847160818965,-1.2634104509631974,2.514450857772041,2.1493040116997744,0.008330245330782084,1.403284923456839,1.0847057077106628,-0.06569351189946154,-0.030687933520717758,1.6564865133776057,0.01301798987279873,0.30036310834473173,0.10680577298608936,0.2545210081300025,1.0140432845123564,0.21758509038504853
2.32,-0.47687981195124957,0.0,0.06725800819466539,0.0,-1.9688129703528405,0.0,0.0010343741511643955,0.0006659452075713159,0.0,6,SolvedWithSlack,132139,72717,308844,0.15031928809837494,5.9679480048075886e-12,1.15544379619692e-12,-0.9002332104178817,0.6101875849482051,-0.5002193435459039,-1.2635640795414378,2.514281511704691,2.1594489982799,0.009120652443611254,1.3980257348818572,1.1970519180990247,-0.010677974464032671,-0.035165678414509884,2.268749897383116,-0.8672312211397292,-0.27789409010884136,0.2555427897672374,-0.42017029351720436,1.807122393727773,-0.192737706359269
2.325,-0.47688279198927364,0.0,0.06725736579562316,0.0,-1.9688156785751134,0.0,0.00036317806357494525,0.000549778424100259,0.0,6,SolvedWithSlack,131027,72437,307040,0.15006436559938532,6.672224306846132e-12,1.2488413081435112e-12,-0.9001924617050653,0.6165172924548236,-0.4922212093992316,-1.2635323766616586,2.5141488520598485,2.1682720580821515,0.00767400940912228,1.178709828140484,1.858480051204833,0.015964368836490668,-0.021321485412865087,1.4397069291395426,-0.8425497067668348,-0.27126666797209376,0.25510942151895505,-0.3983953122918232,1.8179513430656882,-0.20149770401080555
2.33,-0.47688522383289755,0.0,0.06725690336856699,0.0,-1.9688154857284872,0.0,0.00032683611745278393,0.0004650943062508537,0.0,6,SolvedWithSlack,137811,74460,316738,0.1341692672963409,7.950973213155521e-12,1.0090782376348528e-12,-0.9001558106104425,0.6217758788311235,-0.48112904821342684,-1.2634009087343552,2.5140745357894554,2.173103765379376,0.007169727811580211,0.9678672471259375,2.4498177759903768,0.03197514043080116,-0.010998129897923568,0.661409064880761,-0.7687684079247742,-0.16509218372391166,0.2280877544037795,-0.35517255554524346,1.8075832703564685,-0.15256260437804958
2.335,-0.4768872891805736,0.0,0.06725662755646646,0.0,-1.9688115108587199,0.0,0.001105866097303597,0.0004116600338934405,0.0,6,SolvedWithSlack,150043,74701,329202,0.14960268262499554,2.1293289479439787e-12,3.9468428525424315e-14,-0.9001201432798658,0.6261172749603022,-0.46757744277975477,-1.263211540414373,2.514043224355274,2.174779478481048,0.007126712620516619,0.802513455433131,2.877707017137925,0.04095397848496409,-0.0034629507781219976,0.12497371927901225,-0.805070999656039,-0.26090903703489093,0.2543245604624924,-0.3646402863344286,1.8348563655607897,-0.21544022366321175
2.34,-0.476889100271217,0.0,0.06725650226575683,0.0,-1.968804030036623,0.0,0.0017328688468539462,0.00037632608803768447,0.0,6,SolvedWithSlack,131940,71856,312139,0.1407651182137405,1.1148415524075972e-11,4.2296548208309304e-13,-0.900084506853491,0.6295376379653697,-0.4517222785083335,-1.262994505741697,2.5140424533554273,2.1732863089339385,0.007134727001482172,0.6058816502244558,3.359480569037057,0.044488687787366664,0.001780723354389143,-0.5712776371756683,-0.7608107150381552,-0.20174645478146988,0.23930070096335881,-0.33721984761969237,1.8314316438649871,-0.19078075819438198
2.345,-0.4768907312108072,0.0,0.0672564787293188,0.0,-1.96879372772845,0.0,0.002266932744129482,0.0003536788430579873,0.0,6,SolvedWithSlack,138461,84039,335013,0.11528322811148786,3.275602011854062e-12,1.121411991045207e-12,-0.9000484931313784,0.6320585278484102,-0.4337859530543373,-1.2627695275888777,2.5140627201513763,2.1687781594521445,0.007242585843312487,0.4370374785449618,3.7335221027657215,0.044959226960073845,0.005354894852302439,-1.114171415246927,-0.01983681174634122,0.8679288834503879,-0.04331840482476751,0.15556830220043333,1.8445316497838058,0.18689001191611382
2.35,-0.4768922678881417,0.0,0.06725663901107341,0.0,-1.9687794102947824,0.0,0.003313054074665821,0.0003534700255091384,0.0,6,SolvedWithSlack,147549,73579,328170,0.15016582473605777,1.6981338133375524e-12,3.5072639237299086e-13,-0.9000084167895621,0.6349593973228769,-0.4173602600351134,-1.2625322196280857,2.5141058801310225,2.165614165145566,0.008426026990236939,0.6745802993555888,2.996648566422727,0.04854341154962119,0.010423517008086773,-0.3233370088941405,-0.7867431121175963,-0.257181953726983,0.2552819020512982,-0.3465670797919494,1.8451035769684632,-0.2236050835374131
2.355,-0.4768937336369742,0.0,0.06725690152216529,0.0,-1.9687623282703253,0.0,0.0033596893963556912,0.00033945885816517754,0.0,6,SolvedWithSlack,132079,73910,311358,0.10778029686392668,5.826450433232822e-13,4.304161194124134e-13,-0.8999680002336973,0.6377498294037822,-0.40094429557827305,-1.2623059023209375,2.514157342197748,2.161927631185055,0.007905653968869226,0.48120366321943836,3.4672496900505014,0.043065413688823224,0.010166489858497427,-1.0035299824677424,-0.4852808063560476,0.33291925300634734,0.09891653403114603,-0.21199705895329268,1.7244847498228268,0.11423225138521581
2.36,-0.47689510919809763,0.0,0.06725711850579254,0.0,-1.9687449322522876,0.0,0.003599482064543682,0.0003314822607342612,0.0,6,SolvedWithSlack,133602,81975,321477,0.28148263425983927,4.300558288111908e-12,4.355257474109031e-13,-0.8999281266057269,0.640261477726814,-0.384135555864345,-1.2621012605269726,2.514207063977486,2.158527530976709,0.008012119827331524,0.5162186800203747,3.2937336950979574,0.03940922019504296,0.009725492988111704,-0.47187805836848806,-0.24679013202820213,0.890223235591229,-0.048960236361295,-0.13772570101754153,1.5671742874514536,0.4785204782417267
2.365,-0.4768964292020843,0.0,0.06725741624874802,0.0,-1.9687257201927395,0.0,0.004012304240190923,0.0003255320669029217,0.0,6,SolvedWithSlack,132992,73359,312551,0.1526721965672371,6.892264536872972e-13,5.555660098632842e-13,-0.8998871373577547,0.6435786706194884,-0.3698572239820499,-1.2619126828009573,2.51425195302272,2.1613688822096875,0.00829855354672369,0.7604361839954976,2.5739295953789325,0.036469165655971476,0.008432893695871503,1.2372696911494037,-0.7998875493996724,-0.26554027612058334,0.25954273416430307,-0.35464132300695433,1.8410662015485044,-0.2209117981928262
2.37,-0.47689770942013693,0.0,0.06725768343709178,0.0,-1.9687062272202238,0.0,0.0037459993831853917,0.0003251203807840531,0.0,6,SolvedWithSlack,166515,74520,351955,0.40554664292521586,4.282793776909465e-12,8.303531473519143e-13,-0.8998471391742981,0.6467724362848531,-0.3553773032143008,-1.261750554268205,2.514290403901981,2.165031240477476,0.007840543538973467,0.5585140505974687,3.102880792501551,0.029885424959261022,0.00722607830359208,0.4076985728282571,-0.268783087636549,-0.021701442320852915,0.1997600792500276,-0.10083334332751048,0.008645889458203992,0.6894292929728669
2.375,-0.47689908741635173,0.0,0.0672577725580025,0.0,-1.9686859186112287,0.0,0.004375264087857444,0.00039684708964590634,0.0,6,SolvedWithSlack,134925,79550,321016,0.4408298802419204,8.455458555545192e-13,6.858463449943564e-13,-0.8998035310951925,0.6492513017225153,-0.3391216619502217,-1.2616030404486775,2.5142244597826817,2.174105634557753,0.009162063897284578,0.4544449803463115,3.3462275003734683,0.02898853299565466,-0.02461941484675528,2.7211930539189693,-0.43256775262234093,0.9272933865501019,-0.05414632072296031,-0.8298096724513209,0.42255582316920837,0.7494107964112646
2.38,-0.47690049526501144,0.0,0.06725789037947989,0.0,-1.9686636739628423,0.0,0.004412533208389016,0.0003541909150594647,0.0,6,SolvedWithSlack,148611,73850,328691,0.12066631530603467,1.6120381108596671e-12,1.2695140078067269e-12,-0.8997600090057443,0.6523103107605903,-0.3246819501724875,-1.2614893825826698,2.514073084672435,2.194687492556586,0.0084679415799968,0.7154081267760856,2.593263468775977,0.018992738010866254,-0.033288726968852454,5.013857718035635,-0.7319228314395656,-0.05399876677446001,0.20513273602025892,-0.3424515276756092,1.7692457819408631,-0.069477937181068
2.3850000000000002,-0.4769017639009838,0.0,0.06725806089772884,0.0,-1.9686430655702527,0.0,0.003888560495645463,0.0003332322423051019,0.0,6,SolvedWithSlack,133823,73899,313081,0.1562326986760646,3.055333763768431e-13,2.586646175029017e-13,-0.8997197578008579,0.6555203891855308,-0.31075055194537293,-1.2614063924035435,2.5139597697693454,2.217641947617229,0.007835955504447255,0.5936237220743946,2.91024231779999,0.01513920669352165,-0.016511998080106182,4.317709337055855,-0.8227944178671658,-0.27795522861051314,0.2655955877493098,-0.3694466580318553,1.8305570633645982,-0.2141894374586571
2.39,-0.476902996450762,0.0,0.06725810329570585,0.0,-1.9686248821039027,0.0,0.0034940068797618606,0.0003278114135694645,0.0,6,SolvedWithSlack,132671,72487,319504,0.14766934367093523,3.481659405224491e-13,2.757941444664347e-13,-0.899681832637947,0.6578760488043667,-0.29463285233398195,-1.2613414266608622,2.5139120568687945,2.235819633520205,0.007453081034464806,0.3903926160810752,3.4247530403535937,0.011694702455664821,-0.005537205164672977,3.195901882227544,-0.4440938919247229,-0.02525218271025509,0.19919613715512366,-0.02556153914729924,1.8599798806465273,-0.25103788424058987
2.395,-0.47690425244134854,0.0,0.06725809269967371,0.0,-1.9686070794164576,0.0,0.003665479184566142,0.00034425932114238826,0.0,6,SolvedWithSlack,147028,72687,324202,0.1503962426433251,8.832046205498045e-12,2.170486013142181e-12,-0.8996426349147657,0.6595248605133516,-0.27688463632394106,-1.2612800117114848,2.5139066558928946,2.24834002715966,0.008040012674542659,0.2898326891903841,3.629725933128948,0.01254287884273684,0.0014794118342448663,2.0584929808767263,-0.4297466706807951,-0.022228239647429593,0.19865465634958623,-0.013496359974348508,1.862823325061176,-0.25567361249365267
2.4,-0.4769055633057595,0.0,0.06725809940207043,0.0,-1.9685881374251852,0.0,0.0038616879981091387,0.0003556680168426919,0.0,6,SolvedWithSlack,131479,74270,308824,0.14884164977472555,4.405364961712621e-13,3.4985165806022955e-13,-0.8996013895672488,0.6606849076172804,-0.2581871193287464,-1.2612165660502244,2.513928215714696,2.2554658111569714,0.008358342180504987,0.19391267246178828,3.809852091592375,0.012692461523698876,0.005916436468448272,1.0174007998375216,-0.07158029670864391,0.8926567071006064,-0.046395613314810236,0.09629151035313507,1.7930743585772932,0.2530308046170334
2.4050000000000002,-0.4769068803821563,0.0,0.06725820626930891,0.0,-1.9685675381259762,0.0,0.004319448768461771,0.000350719561856062,0.0,6,SolvedWithSlack,153820,72698,329552,0.15110158671522284,7.763515524894515e-12,1.1862177906607485e-12,-0.8995581342389601,0.662431324237459,-0.24151601307313716,-1.2611484527762447,2.5139756809385947,2.2629399610475702,0.008811714983303064,0.45162175713904007,3.0284234156914165,0.014067504060166313,0.011421745906206383,1.8014611938784277,-0.42215206578433995,-0.018298499927332623,0.19830660568451075,-0.007175821650983728,1.8655698186386376,-0.2568726974158788
2.41,-0.4769081957700811,0.0,0.06725837198528209,0.0,-1.9685458320625726,0.0,0.004295396459232102,0.0003590525892082011,0.0,6,SolvedWithSlack,131498,73058,314023,0.150569074626458,8.075276558550115e-12,5.764815708131366e-13,-0.8995141336372326,0.6643854919229497,-0.22564353197178366,-1.2610825044084921,2.5140324644862613,2.2688307585123204,0.008793329848158917,0.35078562300678884,3.268222314314589,0.012597595277429601,0.01126798804999757,0.777047964181816,-0.07202166773725732,0.8955125397384953,-0.04653892209891683,0.09449461182421628,1.7926409232059708,0.2559674268649786
2.415,-0.4769095131072275,0.0,0.06725853960112843,0.0,-1.9685236749020414,0.0,0.00456359935981188,0.00035553035424703536,0.0,6,SolvedWithSlack,156185,72426,336356,0.15364856845788025,2.8919089345436078e-12,1.130236529367501e-12,-0.8994693091603903,0.6669032465116969,-0.21152003494242433,-1.2610183807377728,2.5140970337911526,2.2751946014313815,0.009060860467257485,0.604127081205482,2.5396289687765523,0.012868370754689508,0.013720082282373149,1.591301695635666,0.021355333552011434,0.25309616361675286,0.1293800632345523,0.2610029361054385,0.8387859844874003,0.2612025663783964
2.42,-0.47691091460506274,0.0,0.06725871674633627,0.0,-1.968499414978591,0.0,0.005054108821164703,0.0004119663420837003,0.0,6,SolvedWithSlack,146827,73158,324302,0.18381575502666186,2.8954616482224083e-13,1.8040430260768403e-13,-0.899420406540674,0.6699125504694612,-0.19875111374619225,-1.26094747069959,2.514104533759402,2.285383499712734,0.010145616887837588,0.6004069852362871,2.5627961400038335,0.014777431105936172,-0.005386934954131726,2.3255636011721452,-0.4925220034687974,-0.033965052440914204,0.20367524332681133,-0.05748720705511913,2.016538718289828,-0.31248678354532516
2.4250000000000003,-0.4769123718206156,0.0,0.06725878979846495,0.0,-1.968475251674659,0.0,0.0045820548763624794,0.00039201565278938646,0.0,6,SolvedWithSlack,132059,72537,317290,0.1516127698646395,3.538502824085299e-12,1.4070550280465e-12,-0.8993727568184064,0.6725745089946995,-0.185000827408743,-1.260887960164076,2.5141039108640646,2.2931661908428937,0.009212737272675615,0.48755584477029507,2.8702929564182855,0.010175131512398232,0.002862233250255657,1.0613386992754283,-0.40901419585719867,-0.020546705962100453,0.20098639372622662,0.005190350336097202,1.8558987008530137,-0.25774170876988717
2.43,-0.47691375748585507,0.0,0.06725880234320009,0.0,-1.968453147928991,0.0,0.004361234676131489,0.00038458686603168036,0.0,6,SolvedWithSlack,131508,74871,309564,0.155142097873278,1.464217256950337e-12,3.427336539574277e-13,-0.8993273228694071,0.6746984730947707,-0.1698456239880764,-1.2608449461123463,2.5141250606562067,2.295565557474532,0.009021339505407821,0.383444558693956,3.134204576906111,0.007630399621026326,0.004999382381522043,0.10569535916944756,-0.7478749637527852,-0.2545727657892314,0.26374156638457263,-0.30129247271305587,1.8725546107826185,-0.24661945991151862
2.435,-0.4769150931072549,0.0,0.06725875621228387,0.0,-1.968432425224773,0.0,0.003975704494254466,0.0003657701365350807,0.0,6,SolvedWithSlack,141828,81143,326758,0.15454203337339115,8.499872197663277e-13,4.898449267737304e-13,-0.899284810659258,0.6760424804152707,-0.15272031631096986,-1.2608235058004222,2.5141563682385115,2.2935942741548336,0.008231601726177434,0.1932577401784684,3.611772319567391,0.00234137982215538,0.0069361896924796706,-0.7158944359753411,-0.7346532403784272,-0.2500825856366034,0.26272145673476494,-0.28912664950545347,1.87955069825739,-0.25285407198149923
2.44,-0.4769163608823136,0.0,0.06725865357067992,0.0,-1.968413275723742,0.0,0.003757988495412048,0.00035447706254613696,0.0,6,SolvedWithSlack,146457,74601,330995,0.43969128364418014,2.2737367544323206e-12,5.354791046338625e-13,-0.8992448321266743,0.6764604966029201,-0.13337531028445093,-1.2608223231581488,2.514194413837362,2.2877046692799134,0.00787131252995176,0.011369997935054672,4.0340635145663715,-0.0009544486479919409,0.00794936308082066,-1.4750383313566107,-0.41196536395349287,0.9518117683345825,-0.05586780039802294,-0.8764548162347303,0.34121964336529137,0.7474751821951062
2.445,-0.47691756655168244,0.0,0.06725865054020777,0.0,-1.9683933819622643,0.0,0.00417908110283655,0.00033242146644139577,0.0,6,SolvedWithSlack,148381,75503,334351,0.4446817899291964,9.063887330075763e-13,5.128406380117134e-13,-0.8992050891128046,0.6773855812470221,-0.11581096919104468,-1.2608459315468472,2.5141629174300975,2.288496206716009,0.007974988747135757,0.2992792058684265,3.17790411369832,-0.006861538263139574,-0.014417853326322729,1.2099491655962722,-0.4141021520797928,0.9521290160967462,-0.055763778947429586,-0.8716579328636445,0.35975038937783677,0.7559590428796338
2.45,-0.4769187076366311,0.0,0.06725882274711813,0.0,-1.9683718104425787,0.0,0.004367355296650719,0.00031931301839018607,0.0,6,SolvedWithSlack,133402,73879,314174,0.180940402413696,3.943512183468556e-12,6.327646739912041e-13,-0.8991652240425771,0.6797171428495482,-0.1022552756744925,-1.260891058229039,2.5140487433042007,2.301989515515354,0.007967520687836616,0.5762154800168824,2.4112550144991616,-0.010167203638601196,-0.027488266282566596,3.656655084058684,-0.1192727806806357,0.9129330262484044,-0.04864058198304996,0.04329026209480255,1.7545829216170201,0.30759868410328317
2.455,-0.4769198669159433,0.0,0.0672590427358863,0.0,-1.968349770560411,0.0,0.004437301967221636,0.00033088992713766645,0.0,6,SolvedWithSlack,148350,83558,343889,0.1883196167549454,9.512509482969861e-13,5.563813298969933e-13,-0.8991238728544773,0.6833552108671763,-0.0921998367525163,-1.26092126531768,2.51396579267201,2.3224089112573734,0.008441936460024115,0.8272694075970862,1.7540806755225409,-0.003600718559229163,-0.010316647821023392,4.357517387596477,-0.1333928048138145,0.9182522173286035,-0.04926302414452929,0.029078847076346608,1.7477679373722834,0.3201433484834072
2.46,-0.4769210887875393,0.0,0.06725926551345424,0.0,-1.968327410655974,0.0,0.004492912052856582,0.00034078696963947335,0.0,6,SolvedWithSlack,141477,79480,353838,0.29176958241878787,6.278172426377182e-12,5.981951045619383e-13,-0.8990808213023177,0.6882259796414036,-0.0852270485854928,-1.2609254705015964,2.5139489935812604,2.3462207406764573,0.008710216808426837,1.0708115038512156,1.1637129189285782,0.0007622497583818461,0.0005884738666199207,5.021737364344384,-0.27586491756771236,0.9377244604236663,-0.05317480189112243,-0.15116960928816464,1.588824945746151,0.49600829011193937
2.465,-0.4769223241469175,0.0,0.06725947828472188,0.0,-1.9683050436975091,0.0,0.004449271296322538,0.0003394313495187347,0.0,6,SolvedWithSlack,148170,82055,349300,0.2131060266268312,9.637086372657439e-13,5.696207394656483e-13,-0.8990377066780822,0.6943092443119953,-0.08106249629433343,-1.260917355079501,2.513968368726998,2.3749316107381677,0.008589310644440483,1.3125864026707823,0.6205602113402964,0.002117036143395412,0.00568221550386723,6.204656106493699,-0.1806217233426734,0.9357609604350973,-0.0515324068040412,-0.018512968676900735,1.7234431945699435,0.36228024526561303
2.47,-0.4769235601585191,0.0,0.06725967587647196,0.0,-1.968282731046881,0.0,0.0044822709039758395,0.000344574684727678,0.0,6,SolvedWithSlack,143541,82716,354149,0.22810496209430497,2.610966998162212e-12,5.506289868506542e-13,-0.8989941523959014,0.701569522479818,-0.07941868925030778,-1.2609007563576669,2.514010171699984,2.4077992309772855,0.008783384888877269,1.5438186159266993,0.14151130732167966,0.00399060734307591,0.009805265596412016,6.809776855442708,-0.2085988107196618,0.9476157887768102,-0.0530485915822331,-0.047229386488355646,1.7098971204616251,0.38777843556031844
2.475,-0.4769248104196203,0.0,0.06725986249371481,0.0,-1.9682602497543074,0.0,0.004502223698692978,0.00034779997345646017,0.0,6,SolvedWithSlack,141277,85612,349590,0.13474477246378075,2.9558577807620168e-12,1.6161516569468404e-12,-0.898950028242592,0.709972247816672,-0.08003256498170015,-1.2608782060727257,2.5140659153325777,2.443745645431865,0.008855003611031401,1.7704901974187126,-0.2923152274528809,0.004776652499777411,0.011815623321845959,7.432386387193205,-0.5019533890748059,-0.08640571776777639,0.2290661131884273,-0.055220081248531866,1.7627733411055613,-0.22395225755548082
2.48,-0.4769260992707639,0.0,0.0672599369306824,0.0,-1.9682385461562302,0.0,0.0041965748514244255,0.0003699632852903983,0.0,6,SolvedWithSlack,157978,75091,367363,0.1725492904337946,2.0972003291724163e-12,1.6680962167114899e-12,-0.8989060182645285,0.7182753703217012,-0.07935452169903234,-1.2608576459152805,2.5141109045488705,2.4762855834929844,0.00876447197079367,1.5883776788047874,0.41062412864111236,0.0036697855510421104,0.007360773698267544,5.912765173465157,-0.8430410183219893,-0.3159842544527167,0.29333379373745083,-0.36009011573215954,1.8741001407749738,-0.24861561235400617
2.485,-0.47692740258683863,0.0,0.06725981757292035,0.0,-1.9682191384050731,0.0,0.003656301787627144,0.00036300456078741,0.0,6,SolvedWithSlack,137390,74100,320805,0.17025657361924418,2.962408096607305e-12,4.574118861455645e-13,-0.8988648905986181,0.7254226656348731,-0.07463070007952102,-1.26085315404567,2.5141459304797444,2.5014340152835013,0.007937712510254795,1.3248639702673706,1.287933686059535,-0.000696854785167501,0.00676234645030563,4.461083505885933,-0.800874647725725,-0.2966572290073362,0.2894361751527151,-0.32553406581800254,1.8846021133499784,-0.2565518257120888
2.49,-0.47692866245213056,0.0,0.06725959004149892,0.0,-1.9682017642075478,0.0,0.003391023116625316,0.000356514014062572,0.0,6,SolvedWithSlack,137149,75573,319303,0.16829788491965164,7.887024366937112e-13,4.891087534986127e-13,-0.8988263231183288,0.7313041040324433,-0.06584793919380608,-1.2608641742485125,2.514178346228075,2.519679767209409,0.007590662928902962,1.078492474124313,2.057568082003272,-0.0030335938286241903,0.006304810716315694,3.1264767553439565,-0.7654589865164158,-0.28050303979858293,0.2861064043634078,-0.2962193123149051,1.8940575427357076,-0.2640657772166731
2.495,-0.4769299032800182,0.0,0.0672593339609397,0.0,-1.968185056788981,0.0,0.003326350187999139,0.0003527976497032262,0.0,6,SolvedWithSlack,139995,73209,319193,0.16662561826344513,2.3898244494446885e-12,1.1110591613405774e-12,-0.8987887550230302,0.7359997278901863,-0.05350448165482581,-1.2608824144666073,2.514209014727856,2.531579798611165,0.007469129969698608,0.8473830547784511,2.732714617481316,-0.0039483318650085555,0.006030411110110822,1.899583568624147,-0.7358639492917662,-0.2670970211567252,0.2832635510478567,-0.27145243565824767,1.9026523075522594,-0.2711734729953914
2.5,-0.4769311342166304,0.0,0.06725908989417209,0.0,-1.9681683581775073,0.0,0.0033568586409883526,0.00034999512482203153,0.0,6,SolvedWithSlack,133452,74070,321216,0.28658501832067834,1.9128656991718174e-12,7.455043526949368e-13,-0.8987514512137357,0.7395809085073739,-0.03803774171216686,-1.2609023217890554,2.5142388335175085,2.5376465546234783,0.007453734981527958,0.6299019197315987,3.324883553918943,-0.003946276833463352,0.005927807128323686,0.7718029537647524,-0.25100106685474866,0.986958137192305,-0.057048522359424876,-0.17151400037536121,1.5462334471194419,0.48719453114515315
2.505,-0.476932342370835,0.0,0.0672589941868639,0.0,-1.9681498291834478,0.0,0.003999605634431107,0.0003379797221723486,0.0,6,SolvedWithSlack,132550,73078,316498,0.10859214005457825,1.7809365093768292e-12,3.6365355171597e-13,-0.8987121622419418,0.7435618427875048,-0.023808891003463006,-1.260911629979841,2.514269895043377,2.546224377839162,0.008071660322981034,0.9055407008881808,2.538001768673327,-0.0006589285655321629,0.006273007045810715,2.32231476932448,-0.6111090268292452,0.21767120411345073,0.15398563844046217,-0.2903365841051724,1.737474240873252,0.0886951370402914
2.5100000000000002,-0.47693351862207173,0.0,0.06725904470263681,0.0,-1.9681295896162323,0.0,0.003995362443686044,0.00033167256127465596,0.0,6,SolvedWithSlack,140556,75402,322169,0.2759613186545561,1.6899537325087977e-12,1.0257905636024134e-12,-0.8986724800149891,0.7479896829194664,-0.010780638357770142,-1.2609155272696388,2.5142998191750663,2.557967457776876,0.00786619416530386,0.8723829318317841,2.6490703434725695,-0.0008402143918506357,0.005771864116129897,2.365250846038936,-0.24298606278528942,0.9951524031353541,-0.05757198955172576,-0.11024963751831104,1.6583838417829257,0.46913424171274537
2.515,-0.47693468056296756,0.0,0.06725915120232787,0.0,-1.9681087921959246,0.0,0.004318334569186759,0.0003272878681005314,0.0,6,SolvedWithSlack,134444,75613,324062,0.17104282228495818,3.3467534299447266e-12,4.113376306236205e-13,-0.8986317780570576,0.753161586071706,0.0002764892820675,-1.2609109844422621,2.5143341649420696,2.5738266020037224,0.008289323010164064,1.1409194425564932,1.930380754323724,0.0018992703776423124,0.007397104535110399,3.690106660140114,-0.7500390209654897,-0.27450823112488454,0.2907727978844289,-0.27723995389425377,1.9069143875761418,-0.27130937648018044
2.52,-0.47693585050019555,0.0,0.06725924958651151,0.0,-1.9680881397166134,0.0,0.003916817410812622,0.00033318452727379357,0.0,6,SolvedWithSlack,148350,73518,327218,0.16914592882404011,5.477521214380943e-12,5.3284460177494e-13,-0.8985918041907623,0.7581612697971553,0.012068542152312893,-1.2609080516560767,2.514364149961958,2.588262880557474,0.007836894248869405,0.9071699069433541,2.633295584397598,-0.00016865651155336092,0.005202264293943085,2.370614446943348,-0.7183914767612347,-0.25972794826864354,0.2875480790008682,-0.2510115217114558,1.9150974000061478,-0.2783141943536822
2.525,-0.4769370463731514,0.0,0.06725919811809714,0.0,-1.9680694676534212,0.0,0.003646511173502348,0.0003395613529757173,0.0,6,SolvedWithSlack,168839,78568,358618,0.1676446757466871,7.135125823509725e-12,5.432286565021371e-13,-0.8985531788097226,0.7620360404855593,0.027109333943190334,-1.2609121768588687,2.514386176010263,2.596433405155778,0.007663782013001541,0.6879516414031785,3.24883217730456,-0.0011846514489321225,0.003970924139437475,1.1602439415793788,-0.6921070098252882,-0.24756519536669694,0.2848088079529854,-0.22896779014075563,1.922660868522702,-0.28499594876936807
2.5300000000000002,-0.47693826137381257,0.0,0.06725908364327716,0.0,-1.9680515407237007,0.0,0.0035617117279061476,0.0003436358990652073,0.0,6,SolvedWithSlack,180591,111751,431805,0.38767808741417115,9.308109838457312e-13,5.690205251429603e-13,-0.8985149906408715,0.7648538657368453,0.044994746911846614,-1.2609191359957512,2.514404174101537,2.598855678392062,0.007622424709564859,0.48171401791174623,3.7877656441715697,-0.0014854274663491523,0.0034160103912203375,0.049752602131580254,-0.2105346618513912,0.006104011266101467,0.2204078454563293,-0.022579736830343755,-0.07298616770382282,0.6590527486040909
2.535,-0.476939599031722,0.0,0.06725893837850011,0.0,-1.9680309344099143,0.0,0.004606796166549618,0.00042025728552546715,0.0,6,SolvedWithSlack,149813,85171,358728,0.2743557065416639,1.0800249583553523e-12,5.374849870731779e-13,-0.8984660389498331,0.7669503813428215,0.0646337698845424,-1.260908142519843,2.5143201508530604,2.6057053574922873,0.010934741412332503,0.37841916848550305,4.01760144865938,0.004179396109372223,-0.028118677255451238,2.2206105532346982,-0.234473367790128,1.0137693088975057,-0.058976882104275374,-0.10069850266837335,1.6727003706569201,0.4664047011208286
2.54,-0.4769409699409081,0.0,0.06725891734818626,0.0,-1.96800699516333,0.0,0.004797591288836306,0.0003740749841700217,0.0,6,SolvedWithSlack,156135,90131,364018,0.13276754885626474,1.1937117960769683e-12,5.223148302757608e-13,-0.8984157258650893,0.7697315722703056,0.08206663039722033,-1.2608859267601105,2.5142306253344677,2.6208679777270385,0.009627372927848354,0.6729880623038653,3.1455112084302055,0.004577543621873746,-0.012070196771140344,3.5536687691594615,-0.6632589467699359,-0.0204426094596833,0.22570483305565006,-0.266278168487627,1.8290852104662756,-0.094638385064595
2.545,-0.47694219446135006,0.0,0.06725902165649758,0.0,-1.9679842778439156,0.0,0.0043177447189710625,0.0003440308357872183,0.0,6,SolvedWithSlack,142569,90361,354630,0.27482828648948204,5.657741221694417e-13,3.175237850427948e-14,-0.8983713404186587,0.7727403023977294,0.09876265899639207,-1.26087315930594,2.5141932335348534,2.6364803257357314,0.008490596926510694,0.5547952116865332,3.4635121318298516,0.0013882295746946098,-0.0048236036154409075,2.84445887290111,-0.2364453546457902,1.0214512491786216,-0.059496390642868886,-0.10097558556542588,1.6790779721044051,0.46720808703211947
2.5500000000000003,-0.47694335328336007,0.0,0.0672591627530574,0.0,-1.9679623290719581,0.0,0.004523565225042842,0.0003261341349358933,0.0,6,SolvedWithSlack,149402,76916,350993,0.1708850891718002,1.3500311979441904e-12,5.403455460850637e-13,-0.8983287414169732,0.7763844901368997,0.11359453512060905,-1.2608619243007766,2.51419356093906,2.654542267095708,0.00854500919971563,0.8432199919771768,2.6471507950771196,0.002730396044778028,0.0027744791915055205,4.105488411188766,-0.7083298132262688,-0.25085700861198956,0.29050465159206035,-0.23868588582322647,1.9194139664630117,-0.27692543237852557
2.555,-0.47694449324258087,0.0,0.06725930981238826,0.0,-1.9679407662861266,0.0,0.004086205154652657,0.0003285375435266609,0.0,6,SolvedWithSlack,142580,73669,324393,0.10929240711207619,7.083372240274445e-13,1.1926570842035744e-13,-0.8982878578516601,0.7799519736629053,0.1287155096997125,-1.2608575690330999,2.5142108516899655,2.670835759159883,0.007982186382568124,0.6281611296456555,3.266256715282534,-0.00019168337214154512,0.003858004084152852,2.7136204926058856,-0.612062471172731,0.21066652518908,0.1657656202248564,-0.2853652126585669,1.748678513793219,0.08130242553606613
2.56,-0.4769456386650195,0.0,0.06725934556050954,0.0,-1.967920888356605,0.0,0.0039521789789366156,0.0003260756198361703,0.0,6,SolvedWithSlack,142669,72347,324203,0.1691840816802751,7.217338096686853e-12,3.417092997448634e-13,-0.8982485590077165,0.7830066063150231,0.1452648567783591,-1.2608621572402459,2.514234145306804,2.6842790047460006,0.007796318170771749,0.5995479577947789,3.3378241448675365,-0.001314332784822411,0.005068569125098299,2.6722010092059763,-0.6759877800867432,-0.23558496144097654,0.28761293885646766,-0.21097575420668352,1.9294089076677718,-0.2855494850532789
2.565,-0.47694679165194775,0.0,0.06725933433427288,0.0,-1.967901693111173,0.0,0.0037499721165621903,0.00033277451846825827,0.0,6,SolvedWithSlack,143461,74270,322689,0.13886975777075714,7.128298227237216e-12,3.354122535270676e-13,-0.8982099833186765,0.7854013387353861,0.16357701267170804,-1.2608718657508358,2.514259671530785,2.6937446839179167,0.007670805029291225,0.39963553227477966,3.8707652622123527,-0.002265518985748585,0.0051404566131725265,1.391814452483515,-0.36505202828555683,-0.052925599062244255,0.23607858821028713,0.05487456867793483,1.7150197913117062,-0.22623546875726774
2.57,-0.4769480166959703,0.0,0.06725927271344397,0.0,-1.967882398815201,0.0,0.00398214898757887,0.0003593475013094062,0.0,6,SolvedWithSlack,154331,73539,343759,0.17509342698721198,7.0674607851568416e-12,3.099300330267063e-13,-0.8981694382306676,0.7870322358940156,0.18377731416928028,-1.2608745295297674,2.5142729414057414,2.6978027870415664,0.008334942979262197,0.27789380068574576,4.148648723233388,0.00046201668442829094,0.0013000077216914056,0.4385181921026264,-0.6400021094379396,-0.21951966840405648,0.2836388703821503,-0.18029025537340365,1.9421048871186835,-0.29765882587826037
2.575,-0.4769492859166731,0.0,0.06725920006516871,0.0,-1.967862728185131,0.0,0.003854491965561334,0.00035498194765696287,0.0,6,SolvedWithSlack,143140,72637,320426,0.2555656922839099,7.005507211433335e-12,2.851895152325423e-13,-0.8981288937484956,0.7878764982866825,0.2058287361087507,-1.2608758000989368,2.5142860383139007,2.6966645458193246,0.007993296253177356,0.09713611111828796,4.578129768690498,-0.0006394291307628571,0.0033953607702005006,-0.6561961161649228,-0.33696845683891125,0.8743450601739322,-0.015145497992465007,-0.18010037781415866,1.656948860332064,0.4344616768826468
2.58,-0.4769504988871698,0.0,0.06725921524493361,0.0,-1.9678424821624587,0.0,0.004239004757564324,0.00033525413835845344,0.0,6,SolvedWithSlack,143621,72667,320305,0.17400265571869405,6.8527427121632556e-12,3.0932114508663844e-13,-0.898088325193601,0.7891063968381735,0.226390890184514,-1.2608734391280665,2.5143150120881366,2.6979296830303734,0.008179537721395002,0.34372529169207866,3.81340454222166,0.0010952370635877945,0.007028139646656884,0.8375291999267754,-0.6401483120465825,-0.21808866609507738,0.28397710235960066,-0.18048076338199712,1.9415583839042772,-0.2958045147217799
2.585,-0.47695168037239977,0.0,0.06725929294170337,0.0,-1.967821758578463,0.0,0.004004565415090885,0.00033758572458781493,0.0,6,SolvedWithSlack,143350,76945,333690,0.11924139864132192,1.8047785488306545e-12,1.0352829704629585e-13,-0.898048198264547,0.7902722027513134,0.2468703811859723,-1.2608721397192484,2.5143476259146835,2.6986746668115167,0.00794498399036396,0.16048052901111054,4.277177928277715,-0.00020683913383643152,0.006240808723547331,-0.29385106194282595,-0.5880198766430885,0.08179223519910744,0.20271037769024727,-0.22147404915259913,1.8271061926813048,-0.05759469763834678
2.59,-0.47695287588715163,0.0,0.06725930129123878,0.0,-1.9678020500542117,0.0,0.003931511864317027,0.00033702860938121136,0.0,6,SolvedWithSlack,138241,73849,317981,0.17864909666096007,1.7763568394002505e-12,1.0758061108617767e-13,-0.898008719382042,0.7908909669634524,0.26856731531804945,-1.260874451257103,2.514378492010454,2.696565203836728,0.007870258915191632,0.09958017234232777,4.37924790419997,-0.0005978808164121305,0.006096212893798258,-0.5042245321708098,-0.6198444658568057,-0.20902846811989162,0.2815956209401233,-0.1627058227727768,1.9498144099767936,-0.3037034643236321
2.595,-0.47695408069649514,0.0,0.06725928284662491,0.0,-1.967782715060441,0.0,0.00381633522591323,0.00034231353531077483,0.0,6,SolvedWithSlack,145685,73449,324483,0.14728525790904345,6.890710846099207e-12,2.956908264246938e-13,-0.8979694712493236,0.7908768218836371,0.29165942067604284,-1.2608785793036046,2.514407162541232,2.6909372564791187,0.007839646566348783,-0.07013188546296184,4.771863050110152,-0.0009309112985139328,0.005542236511812112,-1.5251054114422777,-0.5950087678057403,-0.09472602669398077,0.25038493844537385,-0.17316378916303019,1.910358352780261,-0.21793001914301918
2.6,-0.4769553041908075,0.0,0.06725923431601798,0.0,-1.967763694281077,0.0,0.0038098871625063314,0.0003444532457641201,0.0,6,SolvedWithSlack,133643,81163,321056,0.250633024591161,1.8474111129762605e-12,1.0369483049998962e-13,-0.8979302308670685,0.7901671635987684,0.31622175011938436,-1.2608829453730173,2.514434500387723,2.681407281645204,0.007853587369422377,-0.18912865267178627,5.00262840366453,-0.0008186825781167058,0.0054208395434854695,-2.150781753139298,-0.33118598400224625,0.8703049947323844,-0.01356865197224466,-0.1744558273798357,1.662175016332433,0.42607614180497366
2.605,-0.47695650301267145,0.0,0.06725928033580539,0.0,-1.9677434585149918,0.0,0.004245730357311913,0.0003319051777578541,0.0,6,SolvedWithSlack,135947,73990,320215,0.26308680645867427,1.7337242752546445e-12,1.0352829704629585e-13,-0.8978900693537192,0.7899850844831182,0.3387975271340829,-1.2608802421131164,2.514467818384559,2.6755787287304686,0.008125845752889788,0.06382111130642024,4.202229472287032,0.001292256144927579,0.007226585340723325,-0.5321839399020145,-0.2074268602655298,1.0361683659387502,-0.06006054318679833,-0.07429517915889086,1.7043988526551226,0.4472475709797462
2.61,-0.47695766133699713,0.0,0.06725949802962561,0.0,-1.9677210927975841,0.0,0.004605363409671592,0.0003252115357258516,0.0,6,SolvedWithSlack,137449,73980,317941,0.1382823685264718,1.8616219676914625e-12,1.081912337497215e-13,-0.8978483735259287,0.7912234909396438,0.35709475447383826,-1.2608666085321387,2.514508459654477,2.677562037377048,0.008453626394545923,0.36845468098747813,3.311059500401777,0.003504581504490982,0.008503746402987476,0.9938731448066097,-0.35119437790015184,-0.04381138231344606,0.23508002649500204,0.06530745475042299,1.716934783092185,-0.22644453609904308
2.615,-0.47695887835920187,0.0,0.06725970183603486,0.0,-1.9676982723238838,0.0,0.004487840798964048,0.00035670321081231036,0.0,6,SolvedWithSlack,139894,80241,326446,0.1760935564200755,1.9255708139098715e-12,1.2184697695261093e-13,-0.8978049454585318,0.7927101051351162,0.37464114555262906,-1.260846876630043,2.5145275158118046,2.679749079376625,0.008802661037176106,0.2506180403588826,3.6365532644131995,0.004148201775264416,0.0011956393131473677,0.07980554151730543,-0.6205105866010524,-0.20669198808527764,0.28171159836581905,-0.16430480164946376,1.9473866447899701,-0.2993590459141283
2.62,-0.47696016980849226,0.0,0.06725974650944348,0.0,-1.9676770383771012,0.0,0.004065116767226422,0.00035905113600008716,0.0,6,SolvedWithSlack,142199,73980,322079,0.17976471593897989,2.0037305148434825e-12,1.2262413306984854e-13,-0.8977625340526084,0.7934377836646976,0.3942456687596113,-1.260834670317413,2.514533400724899,2.6769133289998606,0.008316100231572813,0.07647604144714373,4.103442707323195,0.0014522331725522024,0.0012034168310496043,-0.9831684606926305,-0.6070411165725627,-0.201321415049243,0.28015033273113443,-0.15233617042296269,1.9534154474123733,-0.3056000170962658
2.625,-0.4769614561812406,0.0,0.0672596945152774,0.0,-1.967657479812298,0.0,0.0038383006609934065,0.00035850437150623495,0.0,6,SolvedWithSlack,141888,73720,320465,0.13894949647858648,2.0392576516314875e-12,1.2617684674864904e-13,-0.8977216284918117,0.7933229773314958,0.4160147193504187,-1.2608325205736957,2.514540213175262,2.6690303412167937,0.008111742423765389,-0.08829890364745546,4.514513272864636,-0.00014145235626971515,0.0014910998910500667,-1.9580971242521634,-0.3241121750951721,-0.039027261411157976,0.2336800395798291,0.08783226732761404,1.7160944609569573,-0.23621414401359703
2.63,-0.47696278173981577,0.0,0.06725961547183273,0.0,-1.9676376852856445,0.0,0.004086551540039367,0.00037936807179244427,0.0,6,SolvedWithSlack,147869,72487,331516,0.14042760723076628,6.7710292589615205e-12,2.718970881776528e-13,-0.8976791507714033,0.7925890840143297,0.43917289631581874,-1.2608267334553485,2.51453489420706,2.657284019938339,0.008694282422940725,-0.18518682373747564,4.706811880132271,0.0018874824506098626,-0.002439393991670696,-2.60038745462922,-0.3193751361000303,-0.03827573400559886,0.23320499026043034,0.09185671439562917,1.7171142963891026,-0.23872693229230266
2.6350000000000002,-0.47696416958943794,0.0,0.06725954977809664,0.0,-1.967616598452999,0.0,0.004290122372686382,0.0003921181132645998,0.0,6,SolvedWithSlack,143502,72827,321017,0.14187945235109756,6.879829596962042e-12,2.765994898401569e-13,-0.8976347227664423,0.7913843331081791,0.46322473963175254,-1.2608134060229657,2.514516221518558,2.642509262500299,0.008985839202915805,-0.27758770518410425,4.87684718546519,0.003085299464512895,-0.004386815425757061,-3.1825422728902066,-0.315580193157314,-0.03783933200232248,0.23272184776048005,0.0951434899498045,1.718450171084378,-0.24119506899686585
2.64,-0.47696558386312826,0.0,0.06725949966330422,0.0,-1.9675947528840385,0.0,0.004414399429281526,0.000397788014963204,0.0,6,SolvedWithSlack,133182,71946,308442,0.18894783734710707,1.1086703395744476e-12,3.6733810437894476e-13,-0.8975892870677454,0.7897300231934141,0.4880664499810804,-1.260795960806516,2.514491840989349,2.624988566920469,0.009141305258431928,-0.36586949970381016,5.02709187270906,0.0036880547102279763,-0.005071068436280883,-3.710516540650244,-0.5834838821089529,-0.1932777044573764,0.27645502913344533,-0.13088412163488944,1.9683503324161715,-0.321211323490082
2.645,-0.4769669695977942,0.0,0.06725945095516941,0.0,-1.967573273665456,0.0,0.004180098015873647,0.0003798362531563028,0.0,6,SolvedWithSlack,138051,74501,315556,0.19182480807663535,9.803362571315406e-13,3.0700962605489934e-13,-0.8975454292518366,0.7874718092554496,0.5141086002882389,-1.2607860730048508,2.5144809828171866,2.6041879392662435,0.008583755130582103,-0.5080024716803935,5.324854943782524,0.0010025497413362976,-0.00048517061799171893,-4.449017082284789,-0.5803835372913215,-0.19315988773716955,0.275749055601998,-0.12735479599211375,1.9729431458391753,-0.3261021737302801
2.65,-0.476968296861766,0.0,0.06725939161429709,0.0,-1.9675528468080767,0.0,0.004040657642624439,0.0003686879798626341,0.0,6,SolvedWithSlack,143290,72687,326927,0.19449107787797665,7.434949164612127e-12,2.3873611421088015e-13,-0.8975033170876994,0.784521643343459,0.5415358654687603,-1.2607861722242326,2.5144882906964066,2.579880520685042,0.008341922934250652,-0.6439132454962834,5.5885824170950835,-0.000578990788370994,0.0025862323326475978,-5.1263549220886215,-0.5794042746685638,-0.19412658298800284,0.27519503518143795,-0.1255979942036544,1.977147535746755,-0.3306348323925603
2.6550000000000002,-0.4769695981673766,0.0,0.06725933145582265,0.0,-1.9675327999256087,0.0,0.003996835334253921,0.00036391184329767786,0.0,6,SolvedWithSlack,152147,72136,328030,0.17238842961487608,7.698742961989664e-12,2.2671101107540892e-13,-0.8974619401272202,0.7809090507989446,0.570191474589535,-1.2607917149647745,2.5145076424458335,2.552359577227086,0.00824375107174051,-0.7741359788249065,5.8226841872051684,-0.001375146114743803,0.004604593065538683,-5.74667331071638,0.04777624985456291,0.21302087577660844,0.1630913163733218,0.2895452985665747,0.609868751386059,0.29306033034528933
2.66,-0.4769710022479174,0.0,0.06725929254876373,0.0,-1.9675102974702259,0.0,0.0049293989068734,0.00042650821008514213,0.0,6,SolvedWithSlack,146287,71906,321357,0.24751646961977952,7.91900222288143e-12,2.5041080320420406e-13,-0.8974150439532098,0.777111357323449,0.5986785193436834,-1.2607771507136791,2.514463403260159,2.5283069584968048,0.009950329900368074,-0.7499589244194487,5.617116859732448,0.005238892993345033,-0.016419601707706195,-4.206783941894627,-0.2879221461918169,0.9036339601183204,-0.026096731156507874,-0.13852126999643,1.6735940382484422,0.42077799835362517
2.665,-0.47697242887744207,0.0,0.06725938056697373,0.0,-1.9674851652314505,0.0,0.004975638808567486,0.00037969775698530855,0.0,6,SolvedWithSlack,131268,72547,313883,0.18297286237292903,6.759029354899395e-13,6.458202028714055e-14,-0.8973681622410552,0.7741949669141068,0.6240807190216325,-1.2607567136506141,2.5144176986169007,2.512877094366,0.009082144659603894,-0.4740453167824008,4.736118298659591,0.0033693060949275444,-0.005104167631880415,-2.365261031579601,-0.6099815685420255,-0.20344792570919326,0.27527207225777217,-0.15585477065197118,1.9573350755372116,-0.31105386603397933
2.67,-0.47697372313638325,0.0,0.0672595261913601,0.0,-1.9674618813864941,0.0,0.004401310258448058,0.0003597303129354127,0.0,6,SolvedWithSlack,130526,71945,306108,0.21416157077427364,2.3836835283397306e-12,5.573319583618286e-14,-0.8973246747214066,0.7714026501013561,0.6487464130393262,-1.2607511913174292,2.514407617967774,2.4985486376040105,0.008499949563769673,-0.6138837427780336,5.05978880358897,-0.0001818349566221841,-0.00023138183011249687,-3.1874329001698647,-0.4460496729424619,-0.06882991367124858,0.2361348901682186,0.0017589671528743106,2.055996782409392,-0.36407467031626517
2.6750000000000003,-0.476975017510679,0.0,0.06725958336004406,0.0,-1.967440692841583,0.0,0.0041803496803396985,0.0003603587989226867,0.0,6,SolvedWithSlack,139514,73519,323922,0.17283967040953396,2.2617602235541767e-12,6.483702463810914e-14,-0.897282168166416,0.7680771387200628,0.6744939730126607,-1.2607537197643457,2.5144208750566146,2.479826476503209,0.00850667085756028,-0.698726230070907,5.207304831016757,-0.0006551465556148785,0.004310223222624388,-4.102483939117601,0.04198769647548911,0.21615158727960898,0.15946177916603252,0.28346904529888584,0.6312628400940634,0.2938274396962077
2.68,-0.47697643475065077,0.0,0.06725961316175819,0.0,-1.9674178239337692,0.0,0.004922751067440053,0.0004231774146561686,0.0,6,SolvedWithSlack,140185,73950,325184,0.21267027627643648,2.0230969677292876e-12,6.150635556423367e-14,-0.8972346687259998,0.7646463868409361,0.7000820851954074,-1.2607393006474894,2.51437722319529,2.463533298546894,0.010000160622643367,-0.6778733891851978,5.0602626486967806,0.004793945722231423,-0.01605723253523943,-2.7144740021676537,-0.4545723673064513,-0.07118683069325712,0.23520272428822156,-0.0056902232544682185,2.0537270367187133,-0.361539469669942
2.685,-0.47697791979436943,0.0,0.06725963496560909,0.0,-1.9673939069675863,0.0,0.0045610118361723555,0.00039851540375246256,0.0,6,SolvedWithSlack,162747,73849,342577,0.3855706132666309,8.610875901204906e-12,4.192375613332189e-13,-0.8971874325445125,0.7610091207437752,0.7258286555428946,-1.2607248761641203,2.5143331338439046,2.447088214463024,0.009168451366806208,-0.7600406441874274,5.206724496693225,0.0017962983918173342,-0.004630448792098684,-3.658665628862047,-0.20145328187381828,-0.007478912093711543,0.2232862786115105,-0.01769298896041316,-0.08922822896762905,0.6554700425532725
2.69,-0.47697942222660206,0.0,0.06725961110784377,0.0,-1.9673700482837955,0.0,0.005009523284288961,0.00044605826091385594,0.0,6,SolvedWithSlack,141167,73900,320486,0.18279754424143713,1.791268522399747e-12,1.0539832895339885e-13,-0.8971385658394485,0.7570378692822829,0.752130637874459,-1.2607103591830657,2.5142231708771834,2.436596561109213,0.010062985778670415,-0.8166922947598468,5.295104315083105,0.0033816242391877353,-0.03173235501151413,-1.093042704743463,0.016985195035732092,0.2091069305027835,0.15948275296108114,0.2625364926054014,0.6170421352024349,0.3107558252104431
2.695,-0.47698104329657764,0.0,0.06725956583569684,0.0,-1.9673440086336969,0.0,0.005309377176465303,0.0004641708184894923,0.0,6,SolvedWithSlack,143541,78037,333720,0.14050999238222125,5.5598858850203214e-12,9.658489286135108e-13,-0.8970866756665434,0.7530230300371455,0.7781533548610797,-1.2606860612486608,2.5140492716841,2.4346515073467754,0.010536757312192488,-0.7939731635785245,5.146695798376278,0.00561545152076117,-0.036264716191776666,0.06427914636175575,-0.3792780506671849,-0.05972531010149468,0.23005476393732335,0.04313133486816198,1.7399203992422343,-0.23886698704977613
2.7,-0.47698262593768237,0.0,0.06725956851020261,0.0,-1.9673187864727197,0.0,0.004789076476338607,0.00042201877287745667,0.0,6,SolvedWithSlack,134604,73499,314324,0.26653303271873513,3.961518613149195e-12,2.3936408410918375e-13,-0.8970371013493732,0.7488343094779804,0.8042625292079573,-1.2606700561716375,2.513921247719538,2.4325292345312883,0.009599112305013063,-0.8665151015196616,5.2703973113815294,0.0018180269608034242,-0.019385675208589394,-0.7394143332702966,-0.23213903835106375,0.9808943353813248,-0.05368060239942418,-0.09896887412953001,1.6625018940291847,0.4531061556218497
2.705,-0.47698403440201337,0.0,0.06725969082667621,0.0,-1.9672953069122399,0.0,0.004693484443972239,0.00036392676297677067,0.0,6,SolvedWithSlack,135947,73458,314314,0.14038616025767703,3.168482837212494e-12,1.5648593532091581e-13,-0.8969915674408656,0.7453938842913729,0.8278665982764958,-1.2606690557717768,2.5138771009828025,2.433756065385858,0.008862150493105797,-0.5710886648432507,4.3682171005298756,-0.0006969675925100859,-0.002912331914309706,0.8780084372690027,-0.37995515896869136,-0.05105873674564809,0.22574967887681463,0.03940386566950463,1.7560031830230263,-0.23865647243805097
2.71,-0.4769853537870573,0.0,0.06725987872851005,0.0,-1.9672725484001747,0.0,0.004431244820730832,0.0003649000247430234,0.0,6,SolvedWithSlack,149352,73839,328901,0.2602742901157727,1.2451512043654134e-11,1.847008657129834e-12,-0.8969472379320209,0.7423014215165523,0.8502901942149996,-1.26067659064456,2.5138773377132453,2.435426762489249,0.00886816401549173,-0.6495909221778414,4.559864766797056,-0.0019304742552137039,0.0017444377828119938,-0.015941125801007705,-0.20900101999659715,0.9829374595995763,-0.05585992527157928,-0.07720857154022327,1.6686980949349397,0.4424662931968135
2.715,-0.47698665290966064,0.0,0.06726006542481323,0.0,-1.9672502089207575,0.0,0.004535914153218341,0.00034353037070271656,0.0,6,SolvedWithSlack,135155,73629,315135,0.16363016294128815,2.666379270155339e-12,1.1329825966299722e-13,-0.8969037334109536,0.7399115490338081,0.870573834311773,-1.2606875909952828,2.513911537055922,2.4399175475727333,0.008622293579981118,-0.36530697383634775,3.7338928998487,-0.0023062333749005407,0.00958123493845315,1.4855835562010293,-0.6769842654088647,-0.22712798053709257,0.27309888704092894,-0.22166869206041598,1.9190682012640334,-0.27817127700018984
2.72,-0.4769878977167542,0.0,0.06726023683813187,0.0,-1.9672288411762289,0.0,0.0040263461400369,0.00034042243541303256,0.0,6,SolvedWithSlack,137179,73769,316338,0.25237724093333613,2.8649409233860723e-12,7.356667358626723e-13,-0.896862204983365,0.7376435099211498,0.8905428785894703,-1.2607102270462902,2.5139663820181606,2.4440217820738277,0.008138799798399118,-0.511602477127469,4.161068208772369,-0.005710508170515126,0.011685946711307276,0.3930395732394268,-0.1968591016931871,0.9756143003935499,-0.05495124959105918,-0.0631503711194179,1.675847193901708,0.4290413095866714
2.725,-0.4769891293870429,0.0,0.06726036360629063,0.0,-1.9672082252526069,0.0,0.004284427062824459,0.00033417654597147294,0.0,6,SolvedWithSlack,145935,74320,327498,0.1605904881249451,3.137435623801199e-12,6.611447500581846e-13,-0.8968208843085325,0.7359118328834114,0.908997127467861,-1.2607325042604913,2.51403369315746,2.4502776505866817,0.008335703003136893,-0.23775019087879914,3.389117247801292,-0.0036719882613831718,0.014301602785906899,1.8027686810679455,-0.6819496130397688,-0.22813111621095195,0.27235293626050566,-0.2281805461690809,1.9132149529888354,-0.2730038298124067
2.73,-0.4769903530700357,0.0,0.06726047873445958,0.0,-1.9671877206917805,0.0,0.00389211124521009,0.0003394532214525767,0.0,6,SolvedWithSlack,161906,73539,341174,0.3924172225388027,2.0037305148434825e-12,1.359849732818219e-12,-0.8967802701068592,0.7342703505382746,0.9273468030200743,-1.260757343721901,2.514101252293044,2.455910275012676,0.008008670951858804,-0.38778508882389856,3.8506335364988704,-0.005628948441107514,0.01299056954911014,0.6914251168373811,-0.22302032289599133,-0.0025649206924296536,0.21530395971919572,-0.04057404923089719,-0.054823776268351526,0.6671092783159646
2.735,-0.4769917210545344,0.0,0.06726042117960952,0.0,-1.9671667291109602,0.0,0.004521397253940688,0.00041881896100018985,0.0,6,SolvedWithSlack,136087,75863,317900,0.16147594550157163,3.021735639485712e-12,5.537618974482683e-13,-0.8967353614264423,0.7321280150676991,0.9472537715869286,-1.2607702794444167,2.5140613391804396,2.4659267011392516,0.009468268774425954,-0.45513357288103656,4.065719977126895,-0.0009182473041858815,-0.019781557574111958,2.8484836893993655,-0.7041572984156199,-0.2392201107691791,0.27450910735267176,-0.24465095839830148,1.9079413986862017,-0.27019145787792737
2.74,-0.47699316381331675,0.0,0.06726028718347468,0.0,-1.9671452969102392,0.0,0.003989750675300001,0.00038675124861770944,0.0,6,SolvedWithSlack,149913,74511,337708,0.11272005896146371,1.0271745259915477e-11,1.1430908303244891e-12,-0.8966915866019911,0.7294187143797546,0.9688053926688809,-1.2607848890646869,2.5140012142579713,2.4765160780767483,0.008387194358799708,-0.5988667733253468,4.467813244822726,-0.003994867391109013,-0.007544183284251776,1.6471847418326884,-0.6020893742055032,0.09264235491897126,0.18380499178816537,-0.2414207120916837,1.8035209433834194,-0.03725306639160668
2.745,-0.4769944793948271,0.0,0.06726018292299019,0.0,-1.9671262195856403,0.0,0.003759346413251597,0.00035437735350963835,0.0,6,SolvedWithSlack,135536,73349,316739,0.16362726525344048,3.9408615259972635e-12,8.368306048112117e-13,-0.8966511093396589,0.7263470713562662,0.9912876019878468,-1.2608076097538332,2.513989317896079,2.4838528332522496,0.00794751131677344,-0.6245230910530888,4.515222215422971,-0.0047732873165510226,0.0005480887308313045,1.3511348727926187,-0.6990407843444202,-0.23967932967199926,0.27302759856660114,-0.2396491428760969,1.914628925264848,-0.2781663509308488
2.75,-0.47699573122489974,0.0,0.06726010664806722,0.0,-1.9671080248719985,0.0,0.00355390782486397,0.0003422314185882702,0.0,6,SolvedWithSlack,142349,72608,320836,0.16741284022458722,2.676187335001999e-12,1.2295789386662648e-12,-0.8966122077187845,0.7228131354323429,1.014940760236196,-1.2608335252369294,2.5140072426806843,2.487311306985142,0.007694325569040132,-0.7608253747571152,4.869429674207555,-0.005328043378847923,0.0053058065980103415,0.26721347915401245,-0.696402406595462,-0.24087843404861276,0.27239707833246896,-0.23632182823247325,1.9202700008469413,-0.28460182838179826
2.755,-0.47699696132333824,0.0,0.0672600138048943,0.0,-1.9670905622609518,0.0,0.00346753846669452,0.0003371518964109904,0.0,6,SolvedWithSlack,134734,81654,327268,0.14773980476866588,2.4300561562995426e-12,5.722089468918057e-13,-0.8965741051581777,0.718614392716432,1.0402549434524728,-1.2608597213922659,2.514043161857552,2.485613531797758,0.007583660078739054,-0.8915857480202409,5.1875439869596605,-0.005104685209794762,0.008230340673400673,-0.7299686533486919,-0.38983829367132705,-0.05691247856885906,0.22114469978737045,0.03198518663384913,1.7754468975958815,-0.251157668106732
2.7600000000000002,-0.47699821558245015,0.0,0.06725994029090339,0.0,-1.9670723650368818,0.0,0.003796499972685123,0.0003540607865049346,0.0,6,SolvedWithSlack,149703,83407,343659,0.2691650794668676,2.6218660696834806e-12,1.6409096303959814e-12,-0.8965341229494737,0.7139619621236546,1.066533506518661,-1.2608738416634664,2.5140804238074708,2.4795751612788695,0.008212578003278759,-0.9560220334465288,5.300013404626317,-0.0014861392798492163,0.007017532717366458,-1.5147912687863996,-0.22538161580810068,0.9570732624129792,-0.05430496741290625,-0.10001009685093959,1.6334567516790623,0.45758063509367486
2.765,-0.4769994614270418,0.0,0.06726000517281504,0.0,-1.9670517923692097,0.0,0.004334560547470175,0.0003365701075243891,0.0,6,SolvedWithSlack,137339,75012,325665,0.13996212483754972,1.1439738045737613e-12,4.876654635666e-13,-0.8964927774137421,0.7100045691620818,1.0904887844711257,-1.2608728601553472,2.514127135584422,2.4771597318475,0.008304233100442959,-0.683506087592622,4.464519474504271,0.0011474977659279063,0.010501858143215304,0.1803054949207163,-0.663715113697447,-0.12553416511690543,0.2379356122238345,-0.24166083249824127,1.8751498664977473,-0.19714682100183778
2.77,-0.47700064838725975,0.0,0.067260145064222,0.0,-1.96703069148248,0.0,0.004052582016503509,0.0003308347785571794,0.0,6,SolvedWithSlack,143251,82806,333240,0.14922040787984472,1.4352963262354024e-12,6.593892099004961e-13,-0.8964524359928381,0.7063032565208741,1.113564177104985,-1.260871987972571,2.5141789707807964,2.4759508812855353,0.007946052735055676,-0.7775534259595016,4.712301065172182,-0.00037497832414982334,0.010234821890149551,-0.513259518423276,-0.3902405038820812,-0.0472717047558287,0.21570618492424498,0.02862308214945741,1.7959841780087613,-0.253674693395736
2.775,-0.47700187394384,0.0,0.06726019669976789,0.0,-1.9670104666923927,0.0,0.004093331671117163,0.00035121703434326724,0.0,6,SolvedWithSlack,138632,74511,326487,0.16667742812100492,5.704766324663581e-12,5.549380399649806e-13,-0.8964111622406165,0.7022194714154042,1.1375815180489166,-1.260867829145112,2.5142208856430357,2.4709033908495766,0.008415395091101873,-0.842484309786382,4.862569238224244,0.0015145347324984238,0.007330379571865282,-1.3284740157809638,-0.7006072508074701,-0.24204285242759785,0.26742792165404977,-0.2445842126112074,1.9162101790289983,-0.28335162780570833
2.7800000000000002,-0.47700312961100544,0.0,0.06726019430869587,0.0,-1.9669906198158862,0.0,0.0038476312107039194,0.0003460769418535638,0.0,6,SolvedWithSlack,147097,76955,332398,0.16946606690442423,4.440892098500626e-12,2.0732374150789212e-12,-0.8963705245521392,0.6976309899506912,1.16284439343103,-1.260866343153558,2.514259595641898,2.4617355975123525,0.007979651570831747,-0.9671226921424894,5.175217210162278,-0.000386215761037795,0.007949401029370308,-2.1582702145943045,-0.7024615304973695,-0.24493105831216852,0.26706876937348034,-0.24511722716060658,1.9199604043188154,-0.2880923137375212
2.785,-0.4770043548744627,0.0,0.06726014119143153,0.0,-1.9669719020992227,0.0,0.0036930395210941444,0.0003409235756130196,0.0,6,SolvedWithSlack,145335,84089,338549,0.1719135720698606,5.76239056471195e-12,2.084998840246044e-13,-0.8963313081954227,0.6924324402470601,1.1895800803808194,-1.260871824756111,2.5143002188763934,2.4486310063590353,0.0077739589781169035,-1.0874002648814654,5.458211910472109,-0.0014743367006362224,0.008198721298671299,-2.918228064212482,-0.7060452470151183,-0.24844032417984754,0.26674647859182427,-0.24719057407787556,1.923020475974547,-0.29225307251876304
2.79,-0.47700556384321674,0.0,0.06726006673384777,0.0,-1.9669536274053194,0.0,0.003638575365702195,0.00033829592133557387,0.0,6,SolvedWithSlack,146687,74681,330675,0.17402030761988624,5.846323425373612e-12,1.8673951274195133e-13,-0.8962927684753051,0.6866446843621916,1.2176512202259806,-1.2608809561667498,2.5143413507796755,2.431925388354137,0.007675336625408637,-1.2036343514085432,5.715137533727648,-0.001992649269300334,0.00821767831589051,-3.6127709937421626,-0.7112377517152967,-0.25249863912069126,0.2664447544346235,-0.2507091516634577,1.9253812369164074,-0.2958345229538066
2.795,-0.4770067618267149,0.0,0.06725998707542821,0.0,-1.966935471655423,0.0,0.003630281283840697,0.00033649316374560794,0.0,6,SolvedWithSlack,135466,77215,324382,0.17578469298073476,4.397393141969375e-12,7.418440861606257e-13,-0.8962545612058822,0.6802870208598266,1.246937069464755,-1.2608914994224198,2.5143821160719066,2.4119334988006345,0.007625728060951053,-1.3161320671974848,5.949149004639602,-0.0021388880456917245,0.00809295920024404,-4.245958003176651,-0.7179197195053032,-0.2570305912535117,0.2661457085882849,-0.25558062761353534,1.9270280299206506,-0.2988339780672491
2.8000000000000003,-0.47700795091310616,0.0,0.06725991064451656,0.0,-1.9669172930000598,0.0,0.0036409487169351486,0.0003348968630763538,0.0,6,SolvedWithSlack,137550,99068,346585,0.1633628425046087,2.0463630789890885e-12,5.43315392675936e-13,-0.8962165324810565,0.6733772803536193,1.2773314682355628,-1.2609020678696956,2.514421965551996,2.3889508672565642,0.007597372439037751,-1.425176946291214,6.163009597003603,-0.0020652057981693107,0.00787747122219612,-4.821495078613695,-0.39361694722508467,-0.0587768641003647,0.21190891996247857,0.03120934889631391,1.8160494481191665,-0.2777168322578348
2.805,-0.47700917237876594,0.0,0.06725986411756232,0.0,-1.9668981053230457,0.0,0.00400590444471154,0.0003533036572903379,0.0,6,SolvedWithSlack,148661,73579,331887,0.16540658338163455,3.602451670303708e-12,1.5482268245214925e-12,-0.8961762755167575,0.6661217037619879,1.308203326874341,-1.260901788359365,2.514453051663257,2.3634935731699303,0.008288973317865211,-1.4681440795180285,6.18246550130717,0.0012662385511493636,0.0052863949588666,-5.2644190354857106,-0.39366222915704074,-0.05627520927431834,0.20974272909564148,0.030895368804807585,1.8250724991223248,-0.2811911917487787
2.81,-0.4770104525692031,0.0,0.06725986525961958,0.0,-1.966877264745187,0.0,0.004254587661222742,0.000364699670094128,0.0,6,SolvedWithSlack,155774,73670,337307,0.12960243475012795,1.7124079931818414e-12,1.2234657731369225e-12,-0.8961337220220194,0.6586591873563354,1.3391618376419372,-1.2608890015178706,2.5144750700279044,2.335938200901505,0.008628510728998185,-1.5085090428416617,6.198451622409872,0.003271885163775706,0.003916634708948427,-5.669037710590448,0.048734336290920166,0.22041739508378,0.13702987290934887,0.3004410575452365,0.8347104686995582,0.22032413907521753
2.815,-0.4770118392588187,0.0,0.06725990234405127,0.0,-1.9668538215312223,0.0,0.0050281459110305075,0.0004156818804246339,0.0,6,SolvedWithSlack,193606,77306,382352,0.13189091250740004,4.9355488758270785e-12,4.418687638008123e-13,-0.8960861170604565,0.6512544863144876,1.3694975471011814,-1.2608555027398425,2.5144401742495126,2.311624760896753,0.009971480155668278,-1.4628172379218638,5.983536341943657,0.008525473886385464,-0.01311774912561269,-4.342672233153787,0.04099563058542943,0.22560023218598985,0.134369377929146,0.29225752673746147,0.8450714864404401,0.22421455126258008
2.82,-0.47701336168443187,0.0,0.06725997441457651,0.0,-1.9668272723809903,0.0,0.005444564908647405,0.0004424279426557198,0.0,6,SolvedWithSlack,147128,73309,332438,0.16275748489499156,1.9499625280998845e-12,1.9071549894889017e-13,-0.8960343959669648,0.644077138708395,1.3988169379339277,-1.2608049675142419,2.5143430986250865,2.293600404972152,0.010529960099527747,-1.4174990434081542,5.787740735338885,0.010866092808005878,-0.022866740409096756,-3.1293593606469297,-0.4200563703746778,-0.045265148829175816,0.2023786984740807,0.00459399741354749,1.8506669921512868,-0.27668772432148564
2.825,-0.47701485739581706,0.0,0.06726006099842537,0.0,-1.9668013216311435,0.0,0.0049337267971634865,0.0004050580052731743,0.0,6,SolvedWithSlack,140215,73629,321538,0.39745638396042643,5.968558980384842e-13,5.727918139797339e-13,-0.89598499217783,0.636874903502409,1.4278955504728346,-1.2607631684645402,2.5142653894464972,2.276167774281398,0.009551335345088998,-1.4555598048178249,5.8345207982278025,0.0068590780528712085,-0.011278031978915679,-3.7162887839175234,-0.2687237693891067,-0.05882803925996366,0.20810396272700493,-0.08880103442382092,-0.027832657406457018,0.6756758527327249
2.83,-0.4770163338934385,0.0,0.06726009250175051,0.0,-1.9667763672024987,0.0,0.0051086457305235715,0.00043660548221853264,0.0,6,SolvedWithSlack,142770,73850,328961,0.15262417268316036,6.963318810448982e-12,7.905551213660544e-13,-0.8959357732982318,0.6294743064555015,1.4572681880570941,-1.2607327758535716,2.514135245245269,2.265715170882245,0.009975019216761308,-1.4962480121821917,5.901086227537502,0.005459260888878788,-0.03427904008068189,-1.0434113949543216,-0.8046900780703975,-0.2760772201024437,0.2594610935613726,-0.3403081026933323,1.8705382378422095,-0.25537836546164877
2.835,-0.47701776768663595,0.0,0.06726006518368882,0.0,-1.9667529519660274,0.0,0.004288930325689316,0.00037886497547762643,0.0,6,SolvedWithSlack,148321,72277,326988,0.16127367067447,3.864519815266476e-12,1.5574208589441696e-12,-0.8958910336063699,0.6216815408579189,1.4874613115294173,-1.260728799150413,2.514022510655388,2.2583137534746647,0.008421405429635577,-1.599542930234137,6.127946620483305,-0.0018383727561893293,-0.01577406571724274,-1.7618083008923633,-0.4570830444785935,-0.04916790792017084,0.19907983549021688,-0.026137725620612867,1.8594866550887301,-0.274165240146599
2.84,-0.47701906899976215,0.0,0.06726006258418689,0.0,-1.9667323770276923,0.0,0.004091758968314456,0.00035824286352589325,0.0,6,SolvedWithSlack,146346,74811,329562,0.1506120736957807,6.821210263296962e-13,1.1707301794672276e-13,-0.8958489876293945,0.6135852926444078,1.5181601111376355,-1.2607399450651604,2.513979463422438,2.247339589451534,0.0084080928742083,-1.6321893970475714,6.148261184143778,-0.002387066984326693,-0.004477718768398543,-2.4735573033031817,-0.8078520410141873,-0.2738758412878058,0.2553280573167061,-0.3449366758153887,1.8700994713417298,-0.25604052528282717
2.845,-0.4770203172869805,0.0,0.06726007421588623,0.0,-1.966712880168901,0.0,0.0037398618169525,0.0003346891200149035,0.0,6,SolvedWithSlack,140806,77527,329222,0.15070188611008867,5.108220098300234e-12,1.625953829009762e-13,-0.8958092439134453,0.605132391450521,1.5495063215174982,-1.260763532492375,2.513982212954673,2.233210977415679,0.0077132049539064985,-1.7289747422015513,6.3479933461373275,-0.005947864028222706,0.0033819079344362523,-3.0522547902456285,-0.8149352204292333,-0.27555264172851784,0.2538955487607092,-0.3511210284532715,1.8687693929593487,-0.2561932063871507
2.85,-0.4770214953944447,0.0,0.06726005638616205,0.0,-1.966694896500997,0.0,0.0035242222190861785,0.00032100560760918017,0.0,6,SolvedWithSlack,146617,72116,323271,0.1684325253147784,3.709033080667723e-12,6.467604229953849e-13,-0.8957717972677327,0.5962056311912957,1.5817952210817539,-1.2607986979489565,2.514014010177259,2.2163671739253705,0.007374998088724543,-1.8224086602282024,6.529382289846367,-0.00752771493153915,0.007999008779654688,-3.5721822142287327,-0.4587924154926162,-0.037213673212102394,0.19120264699880235,-0.027491344403377256,1.8895928002202307,-0.2863352930351233
2.855,-0.4770226751564937,0.0,0.0672600521127638,0.0,-1.9666766468176782,0.0,0.0037832295639842113,0.0003323247540699424,0.0,6,SolvedWithSlack,146667,74692,325495,0.32573771485464337,3.2143122117014205e-12,2.692499001533122e-13,-0.8957330867568698,0.5870291810828678,1.614368463463036,-1.260826206687663,2.5140619045388086,2.1967793999010268,0.00793630788656451,-1.8437263739258745,6.506166152736294,-0.004264313624211997,0.010441384836099995,-4.1394046172100305,-0.3083718277982245,0.8648288713841735,-0.04825301144558506,-0.3717780039363656,1.143285395071755,0.5537541152528938
2.86,-0.477023844335666,0.0,0.06726018000049198,0.0,-1.9666562928893754,0.0,0.004266310193051965,0.0003162538188154452,0.0,6,SolvedWithSlack,134935,78768,318311,0.14117269328525095,1.1581846592889633e-12,3.8710701311117646e-13,-0.8956932200762677,0.5785273384620264,1.6446196808828928,-1.2608470440376698,2.5140914180670024,2.183162323120742,0.007986382775767575,-1.6061577077032918,5.757752174506471,-0.004097321979188486,0.0031601716691783714,-1.8120527784777287,-0.8127995706293899,-0.2431595484055511,0.2399935785849266,-0.364981440969254,1.8356058305299565,-0.21977870900838828
2.865,-0.47702495930824224,0.0,0.06726035016515965,0.0,-1.9666358802802784,0.0,0.0038676304794582226,0.0003106967811107274,0.0,6,SolvedWithSlack,134935,72958,312350,0.11141197134482662,1.2141062313662556e-12,1.5898393712632242e-13,-0.8956549155434426,0.5702355350488324,1.6740452562383221,-1.2608709444765607,2.514116496208978,2.1725324575181055,0.007493691774335595,-1.6926749767971196,5.967974510590086,-0.005101436508982463,0.0060335200062207,-2.3278043639808415,-0.6182593049424536,0.08429570262042646,0.15310369036437455,-0.26108894455781895,1.782591541517226,-0.052020882456070436
2.87,-0.47702607213939563,0.0,0.06726042482252563,0.0,-1.9666169896648744,0.0,0.0037693136563823953,0.00031132946970686867,0.0,6,SolvedWithSlack,137529,72587,314183,0.10800144672863342,1.2714979877663027e-12,2.1683002615624503e-13,-0.8956174334812436,0.5617995155944853,1.7036756368991266,-1.2608930612944906,2.5141522307265305,2.1612120477698262,0.007499426221269347,-1.6835747092953008,5.900016164469436,-0.0039841945908915734,0.00771149556640942,-2.222949177566002,-0.403685723172851,0.42859620238454577,0.06246256941961342,-0.14330842970465532,1.7280231476581347,0.12186127371257656
2.875,-0.47702719221635087,0.0,0.06726052846908963,0.0,-1.9665975904238182,0.0,0.003977226061990935,0.00031352086733329575,0.0,6,SolvedWithSlack,141828,78990,325084,0.13288051211335428,2.2491997915285728e-12,1.3145040611561853e-13,-0.8955790117911832,0.5536985640257175,1.7321750758508312,-1.260905304718685,2.5141934544001057,2.1521760364663747,0.007782215834171504,-1.5784302491946132,5.57194439936369,-0.0015514142523230523,0.008454494089737434,-1.539658185944822,-0.8020626683150733,-0.2069354224184127,0.22589687059270225,-0.3689792511482977,1.8117270516475112,-0.19043918610367397
2.88,-0.4770283144555972,0.0,0.06726061637593539,0.0,-1.9665783661209422,0.0,0.003700431126723295,0.00031319997265910436,0.0,6,SolvedWithSlack,131839,72637,308523,0.11914618584598254,4.3325184795526746e-12,2.1735738209294198e-13,-0.8955412819347401,0.5455797219909945,1.7606390357045896,-1.2609167493016749,2.514233812961748,2.1431342078355335,0.0074235757987368735,-1.6535856109105262,5.7714396880650405,-0.0026832213855795518,0.007804702525351798,-1.9810180562018418,0.038776122406682156,0.8187278313601537,-0.03786133121955698,0.24260013171051104,1.9063389735357206,0.0785984044450872
2.8850000000000002,-0.47702947047509126,0.0,0.06726073068899963,0.0,-1.9665583624240295,0.0,0.004306935121518915,0.0003291553452769618,0.0,6,SolvedWithSlack,137930,73209,314614,0.15146490417184336,8.78941364135244e-12,1.5018208257432541e-12,-0.8955005093381108,0.5379471631599084,1.7876719983753284,-1.2609108454778009,2.5142823433840085,2.1348012677757193,0.008538904421046788,-1.4427166295202178,5.172558293374769,0.0033754802202560913,0.010707540793146174,-1.464311659703476,-0.4041984214614036,0.059049670380164176,0.10915114218457228,-0.023894189405230217,1.9359570130801633,-0.2574903370921337
2.89,-0.4770306904144938,0.0,0.06726090963211034,0.0,-1.9665365396021883,0.0,0.0043169763746474235,0.00034368655866868955,0.0,6,SolvedWithSlack,129564,80642,313873,0.14806574321283422,9.350742402602918e-12,7.349676423018536e-13,-0.89545767659964,0.5307015856055484,1.8131633443026216,-1.2608923696071659,2.514334344767024,2.1254321710319233,0.008583492733709286,-1.453298455470079,5.051249154918119,0.0038453007650280156,0.010183450559415882,-2.1370408026928587,-0.38265625736378683,0.06141157314871082,0.09169002292885844,-0.013531644527883073,1.9190935832174714,-0.25171176346181817
2.895,-0.47703194955353767,0.0,0.06726100821611539,0.0,-1.966515077944288,0.0,0.0042865781643629045,0.0003553822079567084,0.0,6,SolvedWithSlack,139493,74470,333921,0.12111427083168279,1.6876087231129651e-12,3.454493635590694e-13,-0.8954144808272227,0.5234001885045173,1.8379206760518334,-1.2608723724978543,2.5143824996685704,2.1129707163998854,0.008670332818229563,-1.4648501818135284,4.888032067916508,0.004050721645936653,0.009279691357225285,-2.720521029980393,0.08222917291898345,0.805638218333704,-0.03513417761511954,0.2849369347870894,1.9378283333069246,0.038881319387503166
2.9,-0.47703323746214443,0.0,0.06726114621577753,0.0,-1.9664924989409172,0.0,0.004715001138762649,0.0003613177613256588,0.0,6,SolvedWithSlack,139203,74030,318872,0.13239134027661437,1.7315333481629655e-12,2.567052473367859e-13,-0.8953690475366598,0.5166781488009564,1.8608958486678862,-1.2608414024985857,2.514434097619769,2.10077227691979,0.009306896790621197,-1.2648710594476513,4.4070676471637595,0.007359750570798283,0.010820599787567305,-2.25888263829432,-0.32650747654570494,0.06531001012990778,0.04167161739304398,0.008450579855149389,1.857345266309417,-0.2250652784702444
2.9050000000000002,-0.4770345546062473,0.0,0.06726130849466734,0.0,-1.9664689433971432,0.0,0.0046435845039359165,0.0003739542300506212,0.0,6,SolvedWithSlack,134434,75623,314574,0.12215732127008062,1.4111767310254208e-12,4.731770530952417e-13,-0.895322891248295,0.510289058778017,1.8821279173829488,-1.2608092703788538,2.514478587219021,2.0880215828756965,0.00919289265228298,-1.286314503652743,4.1437349891580455,0.005820802949734554,0.007769110910139236,-2.737117295015379,0.10741046774177278,0.7986134251625837,-0.033424715298325504,0.30837038877256295,1.95451714032129,0.017950967770110734
2.91,-0.4770358964308665,0.0,0.0672614548699144,0.0,-1.9664450597592307,0.0,0.0049135495733995125,0.0003771658830381224,0.0,6,SolvedWithSlack,129835,74681,316007,0.11873379947138062,1.11279986215416e-11,5.886582454123213e-13,-0.8952754268390969,0.5044387952270903,1.901658183731163,-1.260773410834786,2.5145223803665813,2.075541922416305,0.009652319220094758,-1.0932032589834753,3.7535517798924345,0.007874330616503864,0.00924109624316895,-2.3406134336350566,-0.2750757070616856,0.07237697199830712,-0.0025915344410180063,0.0293257206581649,1.805885887835954,-0.20184745910134705
2.915,-0.477037264596095,0.0,0.06726159783940903,0.0,-1.9664206693330937,0.0,0.004802648899932857,0.000391497121418748,0.0,8,SolvedWithSlack,148260,124686,378154,0.4444026773040024,4.773491915068066e-12,7.898126597183364e-13,-0.895227632520126,0.4988850790193407,1.9193785607283786,-1.260741541965363,2.5145557036334867,2.0626572886203345,0.009510003466902603,-1.1222351582544299,3.4099218660771133,0.0054334596616171,0.005176963058244639,-2.728518534840809,-0.3744973032602321,0.8174261884425935,-0.04164838536401094,-0.7848227859282986,0.32388755521745205,0.755484551416804
2.92,-0.4770381155906515,0.0,0.06726175451323482,0.0,-1.9663912071507486,0.0,0.006512085594191613,0.000328985879234679,0.0,8,SolvedWithSlack,145786,108294,367505,0.12241993599921201,4.8476742862324e-12,6.318279233141766e-13,-0.8950474340313,0.4953854690325871,1.9315134665460962,-1.2607451595064574,2.5144983359054844,2.0577626942051905,0.03573654444130727,-0.44873132961797657,1.917962267977247,-0.004253366018775889,-0.02087198216915662,0.14811507037406713,0.13398311046072353,0.790485371454676,-0.03064900757854122,0.32812980931624897,1.9587189759873922,0.0060923175995064305
2.9250000000000003,-0.4770334078760793,0.0,0.06726197304819814,0.0,-1.9662805215704484,0.0,0.05742093495148262,0.0039452534079983176,0.0,8,SolvedWithSlack,133292,95411,339081,0.29948365573983715,6.842526545369765e-12,5.350120845480644e-13,-0.8948099423561492,0.49451232788325955,1.939019744376499,-1.2607645418713553,2.5144221076155677,2.0586494302280296,0.04970252133073213,-0.006437848461234928,1.304685340454586,-0.003831606445324978,-0.012123574578810383,0.1941432344653251,-0.24471550073976667,0.7947460902923685,-0.037540907196343454,-0.17166666305881217,1.4456228143467305,0.5091222147577231
2.93,-0.47702312901060084,0.0,0.06726222372944567,0.0,-1.966085593938203,0.0,0.029143495078321577,0.0017802337598651265,0.0,8,SolvedWithSlack,152047,126740,396829,0.1081138829406879,4.963140648258684e-12,5.45036238364105e-13,-0.8946326058169941,0.4951093210428541,1.9449126329459183,-1.2607741195068478,2.5143766943001715,2.065040377252603,0.028067095770200952,0.1885716427064423,1.1287499294345058,-0.001070704554292026,-0.007548252424874058,1.9737184963220842,-0.5964115603645498,0.0750027241537312,0.1469877740184804,-0.2723175413895763,1.7298221270510064,-0.02688081748267818
2.935,-0.47701937338305245,0.0,0.06726237691929025,0.0,-1.965988046303362,0.0,0.014343336079986653,0.0007497328817420039,0.0,8,SolvedWithSlack,132179,90210,335254,0.12169487389794184,8.320455435750773e-12,5.46148711108238e-13,-0.8945227790707508,0.4964013177843359,1.9508498486256078,-1.2607826105941777,2.514352047862778,2.0742370371511263,0.01835125094916339,0.29719112546117293,1.2433891263386303,-0.002170141728715718,-0.003527566286336928,1.751785318580043,0.1254997799371047,0.7907885923318655,-0.030602175779399318,0.319200423395116,1.9471179823670695,0.015321902572157419
2.94,-0.47701890903620436,0.0,0.06726244856889936,0.0,-1.96593883178515,0.0,0.0076267895523091465,0.0003891161238539738,0.0,6,SolvedWithSlack,132570,84720,322379,0.10818535701728058,8.235190307459561e-12,4.687084054211255e-13,-0.8944450572557517,0.4983555003864779,1.9568073904436578,-1.260776324266653,2.514355156647366,2.082814248126876,0.014102018296386081,0.4528836409496909,1.1577263808402039,0.00314372140659147,0.002926941630746709,1.6912517985264919,-0.6165599000227951,0.050632416699120136,0.15341698721595048,-0.2856781582240298,1.7309657122764892,-0.03546384031738462
2.945,-0.47702002014517,0.0,0.06726247457393345,0.0,-1.9659125259342984,0.0,0.003933932501499959,0.00038764852779668606,0.0,6,SolvedWithSlack,141487,97094,342096,0.26626465394770177,8.37019342725398e-12,1.1651345375161305e-12,-0.8943850337274748,0.5005265309455574,1.9638595938332783,-1.260772628162386,2.5143675642200782,2.09056154229137,0.010903848962938383,0.41874724845713984,1.579725780946726,-0.0006847136814170757,0.0021689355148164437,1.457881371741608,-0.9521713451525653,-0.8588946995442409,-0.38702987272525213,-0.9106081240413438,0.36160564751666835,0.452649911711093
2.95,-0.4770212928598557,0.0,0.06726226048354872,0.0,-1.9658912702721258,0.0,0.005209145309190119,0.00039978528486581057,0.0,2,SolvedWithSlack,141748,85802,332488,0.30817856539187266,4.845901306049228e-12,7.819404845843536e-13,-0.8941488216349568,0.501177638513652,1.9668367699579798,-1.2608028524368327,2.5142972672711226,2.1021761330413917,0.0702987041847943,-0.05773762769104816,-0.03642155489602644,-0.009098751633276836,-0.023182994228669325,2.879924019724447,-0.2590962880161621,0.7979132100103402,-0.03776751519053653,-0.1861621380699295,1.4300163277300875,0.5239035611661835
2.955,-0.4770220354447048,0.0,0.06726198635931666,0.0,-1.965862192616448,0.0,0.005947847214951605,0.00038870292011866615,0.0,6,SolvedWithSlack,133131,90882,328571,0.107313565248915,6.117772954894463e-12,1.9941017322902977e-12,-0.8939243819846424,0.501598925373516,1.9667491714689862,-1.2608428237553384,2.5142038752821336,2.121239078020525,0.0205360426378045,0.20889590130031896,-0.011802671642987034,-0.009344952173658324,-0.017689236705354567,4.401065022745854,-0.6206972410537142,0.060258451891803,0.15164601004568853,-0.29179879327602626,1.71701704398264,-0.020480777917097813
2.96,-0.47701641990216403,0.0,0.0672618437597434,0.0,-1.965739098863285,0.0,0.018963235100690604,0.0011170967511676634,0.0,6,SolvedWithSlack,131178,88186,333009,0.3121336822227731,4.980904577678302e-12,2.003993501632946e-12,-0.8938433271319665,0.5025205138274474,1.9684293355260443,-1.2608797183395766,2.514144913361967,2.1418716239154123,0.013965494729340343,0.16838052533276082,0.5589962740501367,-0.006293922674998271,-0.008480788431718896,3.9483746769492343,-0.27008768009248724,0.7994169338348341,-0.038351333431979336,-0.1942912393021735,1.4206072303572728,0.5306272597787143
2.965,-0.4770144880231241,0.0,0.06726183186061868,0.0,-1.965671061304918,0.0,0.010810953642792687,0.0005304992925008696,0.0,6,SolvedWithSlack,146336,83748,367103,0.1194143915496286,4.533262654149439e-12,2.814415367424772e-13,-0.8937827444343753,0.5038384981491908,1.9711158092264216,-1.2608996258905525,2.5141145559600004,2.166016980979288,0.011162232956794523,0.32695344075658395,0.5228241187660954,-0.0026790096311118607,-0.00472464801621438,5.394523586656138,0.09131260250155857,0.7944122272624621,-0.031474185825954286,0.28549786442692854,1.9106302647940576,0.04765249594753631
2.97,-0.4770145159785303,0.0,0.06726197538824126,0.0,-1.965629912721448,0.0,0.006909681052656665,0.0003539096448662342,0.0,6,SolvedWithSlack,140115,82657,350372,0.10633099687014452,4.931166586175095e-12,8.481386166298011e-13,-0.8937285376333984,0.5059417464342832,1.973692366285095,-1.2608927574150044,2.5141167124146464,2.1919684794113823,0.010677843151489168,0.48288824754526677,0.5101251878476702,0.0036462606008720536,0.00333244836302672,5.057814079989889,-0.6223066475734342,0.08177851007490892,0.14631314163488207,-0.29750740977324047,1.7012959499223124,0.0013206300525440398
2.975,-0.47701554235520327,0.0,0.06726211035799892,0.0,-1.965603307601348,0.0,0.0043771805655747915,0.0003550971491687514,0.0,6,SolvedWithSlack,151406,103285,378826,0.10574059320559982,4.991999244075496e-12,1.0886291867961972e-12,-0.8936798565898153,0.5082490646499893,1.9777427405650079,-1.2608821331262239,2.514134867416307,2.2158315752342967,0.00924423636747346,0.44709978354527097,1.0028020974879952,0.0012131338372834242,0.0037453711480749485,4.588464911466797,-0.2816698824499082,0.050922337388021766,-0.04389859544173688,-0.004194684800192817,1.6918494912895972,-0.13941099521790312
2.98,-0.477017050102342,0.0,0.06726212411437157,0.0,-1.9655846300049413,0.0,0.0034879802204335906,0.0004056530513102503,0.0,6,SolvedWithSlack,162237,95481,380028,0.10772656432529397,4.984233623161558e-12,1.1426415369442111e-12,-0.8936331881061503,0.5102570447295398,1.9820838963988459,-1.2608720309165622,2.514148276881688,2.2360280303063838,0.009375911784223047,0.3717324591931092,0.7818118739680672,0.0024433420513873217,0.002078350399114427,3.68557528427539,-0.660441272994767,0.006393221917948784,0.1661388355529224,-0.3151334096198964,1.7236250292047035,-0.04421169089886462
2.985,-0.47701876267279625,0.0,0.06726207223394905,0.0,-1.9655691911258681,0.0,0.0028252538876737737,0.0004004148970223648,0.0,6,SolvedWithSlack,139694,77286,348608,0.10797462444294859,1.8607858309760417e-12,5.322131624296844e-13,-0.8935890461144106,0.511957235059638,1.9875823920237157,-1.2608682751674962,2.5141610785301673,2.2529615056128716,0.00854202694866929,0.31878070207462805,1.3041025738606984,-0.00022507895489125605,0.002803232758949086,3.1939807238934885,-0.667532288476556,-0.006837945042356275,0.1696358669090729,-0.31798638068648283,1.7275939910871774,-0.05256253098197399
2.99,-0.47702045187911507,0.0,0.06726198221991024,0.0,-1.9655559952103667,0.0,0.0025643974577306793,0.00038767492693165704,0.0,6,SolvedWithSlack,139013,77817,326918,0.10817089326265777,2.4868995751603507e-13,4.183401400899983e-13,-0.8935477169261639,0.5133797540543654,1.995560968026189,-1.260874865211662,2.5141760849118455,2.2674934286965955,0.008120097152537599,0.26158252656194764,1.7833197228088535,-0.001925117285384218,0.003089094212615321,2.721018669353527,-0.27903425459104386,0.05555723173131388,-0.025163057440192843,0.008026723715788628,1.7307342922025244,-0.16008596336452158
2.995,-0.47702214787686914,0.0,0.0672618904118484,0.0,-1.9655421120982415,0.0,0.002985286124151019,0.00040807473414972313,0.0,6,SolvedWithSlack,147269,75893,331486,0.12052966752899595,1.8403056856186595e-12,7.752397356876328e-13,-0.8935049009603836,0.5144777296509807,2.003765803719711,-1.2608769115172886,2.5141879882968667,2.2786913370283677,0.008791533030736858,0.19198703268959677,1.5496841092879403,0.0004580125694538746,0.002001321114461306,1.929680813663569,0.10934510627554832,0.7979627599532124,-0.031984347546085534,0.3013102188908952,1.9284746804639352,0.03704930709710179
3.0,-0.47702386213242737,0.0,0.06726190985129035,0.0,-1.9655251228273,0.0,0.0036904504032631265,0.00040880370952770255,0.0,6,SolvedWithSlack,141387,75182,322780,0.10815880768490041,2.4082963029144784e-12,3.822268022923847e-13,-0.8934584976395304,0.5159121203498012,2.011164554727754,-1.2608595159264124,2.514214427654892,2.2882131402629193,0.009540730800597282,0.3496570971078704,1.4347618474338397,0.005182513881474052,0.007125600780596602,1.887595158913215,-0.5970473990228995,0.07886612383622597,0.14840771386856202,-0.27118652120059145,1.7305409229584066,-0.02223468603260739
3.005,-0.4770254892685001,0.0,0.06726199970622439,0.0,-1.965506827264874,0.0,0.003536537373357248,0.0003855590992234141,0.0,6,SolvedWithSlack,138732,74912,319353,0.10967719483718766,3.677544380131792e-13,3.126712213794014e-13,-0.8934134535391046,0.5175547498534235,2.0195790140302443,-1.2608442444606898,2.514245995085731,2.296907175841629,0.008732139242043144,0.3142771239069541,1.8425253734441662,0.0018043385135746936,0.005799442273985702,1.6429296471756154,-0.27568859519161076,0.05936934746611405,-0.014383694140578052,0.016667679332650034,1.7548351173950025,-0.17234342081514714
3.0100000000000002,-0.4770270574151623,0.0,0.06726201366459494,0.0,-1.9654886459459484,0.0,0.0037621484274758888,0.0003994720982323247,0.0,6,SolvedWithSlack,146096,75553,332859,0.10953037344562555,1.9255708139098715e-12,1.5548647439023178e-12,-0.8933685438509105,0.5189185217038019,2.028180433707123,-1.2608331982083942,2.5142680273827755,2.30290431994046,0.009110468435687476,0.24541309835217834,1.6419279178385682,0.0024158116378288964,0.003622675992329981,0.9140966287185124,-0.6586241963881277,-0.026283145338141346,0.17571137213122176,-0.3039359165719773,1.7524859751300088,-0.07902725178138016
3.015,-0.47702858415612753,0.0,0.06726198078202482,0.0,-1.9654701976367404,0.0,0.0035871076058089767,0.000379455553680591,0.0,6,SolvedWithSlack,139614,74841,320255,0.11084183549580369,1.6404659424070023e-12,2.726599057211593e-13,-0.8933252159871014,0.5199622013917798,2.037811178123863,-1.2608310227913662,2.514285429118554,2.306442558067274,0.008433490975288935,0.18420247192805145,2.1090551270432996,-0.0006971153368937453,0.003370007806531668,0.5747752587312245,-0.26957489725828543,0.06332605905087263,-0.007215691889758458,0.025721900899828044,1.773469367932859,-0.1822970152721395
3.02,-0.47703006219295735,0.0,0.0672619266200713,0.0,-1.9654515329041327,0.0,0.003892358146577449,0.0003933327793484555,0.0,6,SolvedWithSlack,135686,76976,317900,0.10774752288678335,6.0609295360336546e-12,1.6117133059471815e-12,-0.8932812918874413,0.5206877935017084,2.0477483872639253,-1.2608296509923629,2.5142988292086663,2.307324722861987,0.008966832882494117,0.11939635353961893,1.9095360071851788,0.0008288110920101722,0.0023097594563351313,-0.07977118512211306,-0.41696276116636494,0.31374134826597405,0.08916123633401257,-0.15537960484607105,1.7239603661885337,0.07020523069876324
3.025,-0.47703151989864473,0.0,0.06726190867218747,0.0,-1.965431642926827,0.0,0.00400047625790539,0.00037758594819076337,0.0,6,SolvedWithSlack,146236,73398,326357,0.10998482646715085,1.6096015682404634e-12,2.6489348095657533e-13,-0.8932372530186891,0.5213750451152377,2.0579002544265665,-1.2608274815105092,2.514313238948615,2.3077370116165454,0.008725958617974762,0.14923735388375617,2.1081979248865665,0.00020586879471706408,0.003166329664039488,0.18674534749123553,-0.660792687308962,-0.037829811212449285,0.17896981846420054,-0.3023607626935266,1.7597572234744137,-0.08948997945388132
3.0300000000000002,-0.4770328886231641,0.0,0.06726189943428158,0.0,-1.9654121569566778,0.0,0.0038007920983532005,0.0003614091841688472,0.0,6,SolvedWithSlack,139954,72907,320716,0.11010407789642147,1.617816942262983e-12,2.702107065660417e-13,-0.8931952010729116,0.5219309752046646,2.0697581173893016,-1.2608337103195513,2.514328142247918,2.3077536347537406,0.008245228621039477,0.08579363524267261,2.5411435058781833,-0.002055234111546401,0.002852250218848672,-0.11464906216782927,-0.6654372115418451,-0.04552729882285571,0.1809270908549892,-0.3042971341188119,1.7616652463427436,-0.09432439249891615
3.035,-0.4770341972980248,0.0,0.06726184832782633,0.0,-1.9653935572715946,0.0,0.003681118819529854,0.0003524862556457747,0.0,6,SolvedWithSlack,136347,73298,313582,0.12084844920454874,1.0604006279828215e-12,2.796056652506205e-13,-0.8931547791486987,0.5221635312942381,2.0836679003390017,-1.2608481262519298,2.5143414247612648,2.3063070550156857,0.007999352806379211,0.020350700030267378,2.9370841869705417,-0.003316179824856529,0.002528983320332391,-0.4016233650695207,0.11523260082297254,0.8011032428295892,-0.032719300583400876,0.30632281126264926,1.9335751872727798,0.03493359172537136
3.04,-0.4770355136491689,0.0,0.06726188383699808,0.0,-1.9653733054963287,0.0,0.004383477499378754,0.00036590895646824924,0.0,6,SolvedWithSlack,149492,73950,327689,0.11007235588937621,1.748568304038578e-12,1.3966153462815757e-13,-0.8931109259549744,0.5227289608629766,2.0976172417119043,-1.2608452704426605,2.5143669065006202,2.3048562255539062,0.009175658746464919,0.17448987514084144,2.6953782422243435,0.0027917433669706073,0.006527036230594409,-0.21866260434359108,-0.6722087936839051,-0.053263105077048734,0.1829617323775659,-0.30890663515711625,1.7611576942300193,-0.09653894326471364
3.045,-0.47703683571561106,0.0,0.06726197933420557,0.0,-1.9653517798923121,0.0,0.004128990572200752,0.00035745093745583875,0.0,6,SolvedWithSlack,137810,73499,315596,0.11659273467736192,1.6080469369513026e-12,2.764295140445655e-13,-0.8930674193717028,0.5233920165132473,2.1122736538434457,-1.2608408900480426,2.5143929860190215,2.3028963042823745,0.008453907056814432,0.10470908277759823,3.0832386935049554,-0.00022942996128382323,0.004433771445326517,-0.5033485836761041,-0.2804112586427049,0.064626930176228,0.012242737975968337,0.026816256613968584,1.8041770769279286,-0.19820764895151527
3.0500000000000003,-0.4770381623506278,0.0,0.06726199269586966,0.0,-1.9653308656807051,0.0,0.004286613266249255,0.00037836814926336666,0.0,6,SolvedWithSlack,133492,73218,310697,0.11066087672213391,7.865708084864309e-12,5.93870472817646e-13,-0.8930235006823909,0.5237215932030987,2.1270074203127347,-1.260837054376956,2.514409521014659,2.2985582462320453,0.008954860945446291,0.0403985387216584,2.8593791980288827,0.0013286460076061828,0.002686838880645221,-1.1017468090298863,-0.6620180744372949,-0.05256926439945789,0.18300883019006917,-0.29890708923810844,1.7705740275541426,-0.1043077538430517
3.055,-0.47703949877360374,0.0,0.06726197112988452,0.0,-1.965309967284423,0.0,0.004053764767209365,0.0003657308181866058,0.0,6,SolvedWithSlack,147829,96823,356303,0.12077791154675344,2.2488196201042587e-12,1.141088145011033e-13,-0.8929806677133267,0.5237242798378402,2.1424489320639517,-1.2608382710525767,2.514421169160103,2.292382714038461,0.008364215070070522,-0.026016925661191567,3.2358064458294233,-0.0011357767524979205,0.0021068043457323524,-1.320719864832687,-0.19441730431455354,-0.046037373524040186,-0.20532244962948085,-0.012325658595087531,1.4239756021977523,-0.035644109725220655
3.06,-0.47704070364075735,0.0,0.06726192096105421,0.0,-1.9652865489845006,0.0,0.005341417486690643,0.00038692628997540177,0.0,6,SolvedWithSlack,140615,87174,337768,0.11111079692978394,1.5829559247045604e-12,2.686902892019838e-13,-0.8928810757273401,0.5231208622771528,2.1555332896939152,-1.2608378101499305,2.514408117789148,2.285874853061947,0.02707337925772691,-0.1820676424248758,2.2196342254702084,0.0007684294047258586,-0.0052353780498414935,-1.2887750205895594,-0.6389475721114369,-0.03281607545264246,0.1781636686827439,-0.2815281141876613,1.777772750876543,-0.10301516837940494
3.065,-0.4770417042735963,0.0,0.06726186431328632,0.0,-1.9652591726358188,0.0,0.0053562248677300785,0.00036835450391290716,0.0,6,SolvedWithSlack,134144,73959,317460,0.11107461047714595,9.168330157571791e-13,7.503896050538306e-14,-0.8927800216467346,0.5220941035341549,2.1679631848673115,-1.2608408203280606,2.514391195882301,2.2788493459511145,0.016697185403139195,-0.22218390708479885,2.65726583089499,-0.0013773496274900585,-0.002327577518218628,-1.4799103281652772,-0.6443247607540148,-0.038239345834711724,0.17929382971130103,-0.28487211615951047,1.7771937676343352,-0.10513100258408752
3.0700000000000003,-0.47704256094350733,0.0,0.06726180502992783,0.0,-1.9652322884075375,0.0,0.005414953134335808,0.00035076529726847243,0.0,6,SolvedWithSlack,146367,80111,333640,0.11888585009716197,1.5809571750883695e-12,2.56790790888195e-13,-0.892712368852621,0.5208392065286626,2.182456280433956,-1.2608517879123735,2.5143853186359575,2.270906597387501,0.011909675364037104,-0.2708118620749829,3.0540410233337876,-0.00262525879816503,-0.0005180378107534525,-1.6583122727075308,-0.2619676744735967,0.07099245835383866,0.006871194069769548,0.040479720864356195,1.8093774860167091,-0.20210594516517535
3.075,-0.4770433462416831,0.0,0.06726177191342249,0.0,-1.9652038590058036,0.0,0.005898701379291025,0.00036597293657203737,0.0,6,SolvedWithSlack,137520,74260,318001,0.11889147246064723,1.5782955018589065e-12,2.2532057599930488e-13,-0.8926573204779777,0.5193302173827716,2.197042226104947,-1.2608560752877302,2.5143849165380536,2.261132384974223,0.01055469611276908,-0.322416297881416,2.8296171542756214,0.00016835449794426574,0.0002103625723174159,-2.145367343010023,-0.24960485285322548,0.07452116550747712,0.0010765998921177244,0.04835315523602955,1.8082844985639939,-0.2021155031831003
3.08,-0.477044165915915,0.0,0.06726178149732108,0.0,-1.965173459338082,0.0,0.00616307443951443,0.0003768602626021151,0.0,6,SolvedWithSlack,138862,73649,319253,0.11161958683188195,2.0463630789890885e-12,5.556619075454405e-13,-0.8926064355236327,0.5175650881856773,2.2105256298172695,-1.2608492509939297,2.5143879500571904,2.249078208617458,0.009988062602446869,-0.3732566320494285,2.6116300831538286,0.0020400851077157023,0.0008627513583653628,-2.5813285363676464,-0.6205869567870124,-0.019289513399838514,0.17397231309932087,-0.26692264760137596,1.7859133893101111,-0.10606756129788428
3.085,-0.47704497740988383,0.0,0.06726180117416006,0.0,-1.9651435132949278,0.0,0.005808477572792541,0.00035632492927499244,0.0,6,SolvedWithSlack,135395,82175,323571,0.11148881833811185,1.1439738045737613e-12,2.0070468724486812e-13,-0.8925600446294493,0.5155664212735099,2.224784875465521,-1.260845982697287,2.5143959716610644,2.23597346279219,0.008912614585638546,-0.4175314769482496,3.0066046888979168,-0.00014045261122351587,0.002000356830975795,-2.6461811025267643,-0.6247227986660645,-0.0211202257726719,0.17404784313136007,-0.2700080103293621,1.7838210934097896,-0.105736019657371
3.09,-0.47704575899962515,0.0,0.06726180728714964,0.0,-1.965115579904805,0.0,0.005450669543731553,0.0003416720681527875,0.0,6,SolvedWithSlack,155183,97434,360130,0.2514598895689288,1.617008610343973e-12,1.1300465771468815e-13,-0.8925171812292464,0.5133422847299098,2.2409025361844557,-1.2608510624848484,2.5144076677626543,2.2225735723161275,0.008396801760310275,-0.46308041401819033,3.3633635266350446,-0.0015000230768972035,0.002505537371738262,-2.7014380468057984,-0.8176620178894224,-0.6490006729160328,-0.3396905875042482,-0.7666690888316914,0.5360237565271245,0.42748181226717896
3.095,-0.477046389902005,0.0,0.0672617211919885,0.0,-1.9650855179638818,0.0,0.006631379836431965,0.0003932350935786197,0.0,6,SolvedWithSlack,137009,82226,326276,0.4477830364542561,1.4482928745174206e-12,1.7846835120849391e-13,-0.8923930732123946,0.5099173781620236,2.252839959729747,-1.260873216261013,2.5143528517119704,2.2143593280583374,0.03468657873623166,-0.8293051191605009,1.7614955948649018,-0.006114447132290539,-0.01857713462822026,-0.9608070660626813,-0.3741572362593682,0.8218076839378157,-0.04144386433909685,-0.7798622091973116,0.3340504747521237,0.7612311619722354
3.1,-0.4770436323502561,0.0,0.06726165367048888,0.0,-1.9650042104683985,0.0,0.028347727067651117,0.0017717193380694834,0.0,6,SolvedWithSlack,141276,98827,355682,0.10902906387525714,4.874323167314287e-12,8.323873274679316e-13,-0.8923309288087315,0.5065438219358993,2.2613301331567226,-1.2609180226498726,2.5142102637595807,2.2177292242853266,0.0023801722972749072,-0.5829894097452778,1.6587477199560485,-0.01003281953279249,-0.03361769298114883,1.7283511682722419,-0.6339018355661692,0.01735510797446715,0.1630022267190591,-0.288112898616198,1.7444650220041142,-0.06082495594021816
3.105,-0.4770397011447975,0.0,0.06726176891130488,0.0,-1.9649065724515211,0.0,0.01461718027841113,0.0007738020238587179,0.0,6,SolvedWithSlack,132290,97594,339160,0.10795611829036564,2.7498003873915877e-12,4.427561832789917e-13,-0.892308791238219,0.5034922554157112,2.2710933333229693,-1.260955479867251,2.514093495635433,2.2253715884655842,0.005450879008482267,-0.6269701448980076,2.1412421565530586,-0.006055007164923629,-0.017464804402753786,1.3986058579164784,-0.2607952564250511,0.06349018519862737,-0.036875208045638125,0.01945785088518492,1.7272978926458502,-0.16058426087238212
3.11,-0.4770390087997202,0.0,0.06726188360745677,0.0,-1.9648568980405918,0.0,0.007496687063161944,0.0003671920658227733,0.0,8,SolvedWithSlack,148421,93927,350322,0.2440985590341675,4.932046157609511e-12,5.485056853160586e-13,-0.8922742515541858,0.5001687945396628,2.2810040527874262,-1.2609680696615542,2.514034254630761,2.2304139851237195,0.007644011965016769,-0.6884683909449051,1.8799755380629135,-0.0005307495384967077,-0.008598015482647485,0.7567858720164259,-0.17841905394153204,0.7971557800829482,-0.03702374872029041,-0.07801685606231884,1.5383464560954394,0.41496755035808475
3.115,-0.47704003072008233,0.0,0.06726206583219173,0.0,-1.9648308689923975,0.0,0.00401637569425339,0.00035609771910809543,0.0,8,SolvedWithSlack,140255,154292,412539,0.10569157009984906,8.043343768804334e-12,1.0865243370273246e-12,-0.8922328065649465,0.4974235740926892,2.289680423154511,-1.2609606067046444,2.514013311880033,2.2383540895117835,0.008915845193966801,-0.3955958469355806,1.4986779766115559,0.00263785685153997,-0.0017223526094007928,2.1220673696743537,-0.23478724147784172,0.06706691620978456,-0.0638758979641865,0.02699384334603697,1.691065121597585,-0.14264380620197997
3.12,-0.4770411065356057,0.0,0.06726233182013722,0.0,-1.9648066070147883,0.0,0.0061443474824365955,0.0003129957374895388,0.0,4,SolvedWithSlack,148430,109717,379847,0.10891531491347176,4.801492390431484e-12,4.3886180552240104e-13,-0.8919348137991908,0.4957961024687879,2.2948358886793074,-1.260942185263077,2.5140105397716836,2.2469381486332582,0.08554642850951147,-0.28477689302236686,0.7956471450585548,0.00422743744424215,0.00012537660321992612,1.4558512609882885,-0.5688574770917119,0.08787611880810715,0.14437523314500644,-0.24826511041340338,1.742645038615548,-0.03451928766679522
3.125,-0.477036649650045,0.0,0.06726252612212316,0.0,-1.9647027193727284,0.0,0.05175010393516288,0.0035707833995982465,0.0,8,SolvedWithSlack,146397,97544,350743,0.12200927129167011,4.749977788247923e-12,4.307884534401112e-13,-0.8914053015331797,0.49508473279907844,2.2987063664940317,-1.2609412518523473,2.514010695158395,2.2534393145301723,0.12439111857874784,-0.03218259130087966,0.7617401723986859,-0.004486097952369463,-0.0020398119606729204,1.1885189454204779,0.14080105460406558,0.7896235067217829,-0.02990363035876739,0.3319655569166401,1.9521483406667217,0.008421782319672222
3.13,-0.47701240583622195,0.0,0.06726276325846525,0.0,-1.964305231372843,0.0,0.06477896019980214,0.004459791518179893,0.0,8,SolvedWithSlack,133642,98957,346484,0.10647079925378417,1.6271428648906294e-12,7.557213860774625e-13,-0.8909426889721989,0.49572530661001446,2.302714898941557,-1.2609234219888363,2.5140273080773845,2.259209066685476,0.06966807071759032,0.19632103029551798,0.8318815674821072,0.010151121330118215,0.00835727841596139,1.1426201852127744,-0.32627424917326703,0.43151825603609534,0.05740745402380256,-0.10133691310586496,1.7035327880605466,0.1240080535830664
3.1350000000000002,-0.47700093952133255,0.0,0.06726312390265048,0.0,-1.96409026580104,0.0,0.03145784201092291,0.0019162663569774676,0.0,6,SolvedWithSlack,146787,78248,336466,0.12145377750814354,2.696741267793623e-12,5.211248099712407e-13,-0.8907006903863157,0.49693709059376934,2.3077186198063186,-1.260870825746348,2.5140801090116356,2.2659827560483876,0.037438342449463535,0.2699450716974468,1.111369367628449,0.010336406407493524,0.011458326867738221,1.4893301914005062,0.13363939553456927,0.7907501071088765,-0.030366994506816458,0.3254462905380558,1.9432604401302966,0.014727043153235586
3.14,-0.4769970574842222,0.0,0.06726348005718429,0.0,-1.9639862884603063,0.0,0.015293868301440156,0.0007258133964406974,0.0,6,SolvedWithSlack,147919,80732,334401,0.10605029427894962,4.5980994188938654e-12,3.382849556032852e-13,-0.8905606445756367,0.4987481431685005,2.313310799180806,-1.2608107424758483,2.514150311760245,2.273234757227656,0.023155383449605233,0.4229895422158376,1.1217550582626987,0.012727371771776115,0.015279627999882852,1.4241992837509552,-0.35892880488501866,0.40004643242977656,0.06535636122082904,-0.12486725932710714,1.6968047084631939,0.11813850240832638
3.145,-0.4769968221740665,0.0,0.06726378482865225,0.0,-1.963936373079221,0.0,0.007165960651018972,0.00036373779786834023,0.0,6,SolvedWithSlack,134675,75833,323972,0.2685196302962311,1.0913936421275139e-11,6.778727594324893e-13,-0.890469858552055,0.5010165120761984,2.3197139285502466,-1.2607610537874043,2.5142184696544434,2.2812145328912727,0.015578217840305832,0.47366026002958567,1.3821233599853442,0.008142497622387663,0.012509079622768779,1.7059255232310657,-0.2043677617520278,0.7978968974261644,-0.0373321445540426,-0.11483771643793006,1.4920490190602167,0.45648337150359286
3.15,-0.4769982143803768,0.0,0.06726399920877718,0.0,-1.963912559165943,0.0,0.0035953178128315414,0.00041153726928414106,0.0,6,SolvedWithSlack,133763,74431,313633,0.30904957653221515,6.885159109515371e-12,4.3137417466213024e-13,-0.8904032572159031,0.5038255452207533,2.3264721045746604,-1.2607298508433236,2.514268941280229,2.2939843578091743,0.012156002621688304,0.620068251488181,1.3316143554973174,0.0050270884107142385,0.008574645339346676,3.099089111966351,-0.26330860049583826,0.8006030125184678,-0.038730978760063595,-0.18558611304062406,1.420747993626218,0.5253842801047658
3.1550000000000002,-0.4770002693865098,0.0,0.06726418569033027,0.0,-1.963899460648288,0.0,0.0021555908226328743,0.0004635031122130366,0.0,6,SolvedWithSlack,149011,90121,344761,0.1062902718055031,4.830141325935082e-12,6.914468997365475e-13,-0.8903482110577573,0.5073574344676711,2.3329721313442193,-1.2607148206632997,2.5142993819879482,2.3139883605751024,0.010418992694954143,0.763427186482368,1.2793813859508296,0.0017859964906089924,0.004580895307308117,4.580406867439891,-0.2957941626396501,0.049698424547443554,-0.03257370921048741,-0.00964008547802397,1.7006443488880496,-0.14418405788742295
3.16,-0.47700258731371964,0.0,0.06726426357985314,0.0,-1.9638904235391388,0.0,0.001659421971778341,0.0005008902986246574,0.0,6,SolvedWithSlack,131188,74040,315696,0.11741496330055406,3.815614491031738e-12,8.28059842916673e-13,-0.8902976752125158,0.5109177098709278,2.3388183830170393,-1.260710801966146,2.5143111600402115,2.334043354519752,0.009941035990850784,0.6782474524876589,1.0985866703270708,0.00021037426950479114,0.0010924329660966495,3.6443688612899567,-0.25042435721952433,0.23147608532449043,0.04928549772418588,0.06087990263382081,1.878639412808865,-0.16346233626120318
3.165,-0.4770049799933587,0.0,0.06726422129007789,0.0,-1.9638822026800644,0.0,0.0016836136426572161,0.0004996494806864812,0.0,6,SolvedWithSlack,142880,73960,320265,0.10784520519968105,4.811708385175421e-12,8.859857292264905e-13,-0.8902489347843096,0.5142773662336861,2.3448121841585525,-1.2607111734937426,2.5143209976508136,2.3495092841978904,0.009647629071409626,0.6675998577000046,1.2630987582202886,-0.00023583534594401055,0.002464584240500966,2.7381996937432653,-0.6851184012353663,-0.03195814513409237,0.1765215781749972,-0.3290787609909922,1.7255232831948968,-0.06003907078225057
3.17,-0.47700724576799675,0.0,0.06726411492378036,0.0,-1.963874024051366,0.0,0.001582295953525044,0.000464252577632678,0.0,6,SolvedWithSlack,142429,78459,324162,0.30512298641059005,2.4057492109541556e-12,2.649794446363263e-13,-0.8902039340033487,0.5174241869948488,2.3527753742923614,-1.2607269466806748,2.514330039253788,2.3617734746269594,0.008661341149236737,0.6035771583317857,1.8044246129246926,-0.004774639480187296,0.0014115701967193283,2.2690509052342223,-0.25708636643389193,0.8075782727737313,-0.03961187644040283,-0.1765126988070816,1.4344348623955046,0.518709076898003
3.1750000000000003,-0.47700931455864676,0.0,0.06726402537815555,0.0,-1.9638644607458942,0.0,0.0022151293023476813,0.00043677341403096343,0.0,6,SolvedWithSlack,137340,73629,319884,0.1057003250251403,3.680611371237319e-12,9.117151478221786e-13,-0.8901603140488376,0.5208678174118421,2.36148592948614,-1.2607488295182934,2.5143327563785887,2.377785001676564,0.008758909465233439,0.7450137811077819,1.7019461690968227,-0.00408696884439818,4.985833748564052e-06,3.802293186133456,-0.5723545861711283,0.1571392664333376,0.12878030587690892,-0.26566363184746594,1.6912052004022449,0.038977598504838916
3.18,-0.47701122054727263,0.0,0.06726398575502333,0.0,-1.9638526666216773,0.0,0.0023872586356590074,0.0004145362686775641,0.0,6,SolvedWithSlack,139744,72707,316147,0.11829096896091694,1.6662278338573418e-12,9.536815781530095e-14,-0.8901177406813225,0.5245265577918261,2.3711084544691863,-1.260773737089339,2.514331717345362,2.3960472833109394,0.008386152190664107,0.7226327426669853,2.0675434157688453,-0.005419668102134582,-0.00033173778296484067,3.5556773271657827,0.0775622571730699,0.803862378893783,-0.03359402907074503,0.2710618123300735,1.892655503374671,0.06779562979320566
3.185,-0.4770130344047491,0.0,0.06726397869175287,0.0,-1.9638386735650069,0.0,0.0031482736414800683,0.0004169889104843108,0.0,6,SolvedWithSlack,128663,72717,304745,0.11168578367504503,3.090860900556436e-12,2.8625192494136087e-13,-0.8900727593526114,0.528547002029935,2.381112885342627,-1.2607832302387074,2.51434235062071,2.4134522760149064,0.00931754437963151,0.8580037785291998,1.9579621206317168,0.00014276569793751192,0.0035263207788393466,3.432346358588357,-0.341225198179252,0.04725445341159662,0.028900557295612778,-0.017238601945674316,1.7869725388007205,-0.18419330781439497
3.19,-0.47701481327998063,0.0,0.0672640006455088,0.0,-1.9638220331729788,0.0,0.003370442978466737,0.0004221494664883523,0.0,6,SolvedWithSlack,136528,73459,319354,0.2761725072917071,3.169020739708862e-12,2.1691849705351984e-13,-0.8900263487250516,0.5325917723148192,2.390787364745799,-1.26078288165032,2.5143531356155697,2.427661769715083,0.009261893053260065,0.7765132016686378,1.9202457713546803,2.3681192908829806e-05,0.0014019448088525945,2.461869353745967,-0.2242125099552038,0.8153170968836454,-0.04007242227402671,-0.12733917997520228,1.4917450215724242,0.46949326239590206
3.1950000000000003,-0.4770165013475064,0.0,0.06726400907214249,0.0,-1.963804160931546,0.0,0.0037362377070219556,0.0004019468305164562,0.0,6,SolvedWithSlack,129635,87525,334101,0.12289794536410166,9.372058684675721e-12,1.5198710345831756e-12,-0.889980418150071,0.5368857287796206,2.400043822515052,-1.2607819323108163,2.5143580500469342,2.4440392411548,0.009150335247520998,0.9131744667041861,1.8068612215357547,0.00028221428248029564,0.000698177235509783,3.798483322875739,-0.3428683556453589,0.19292517695007175,0.12061155617569293,0.01901123860802396,1.958044878215572,-0.20892650711897282
3.2,-0.47701808717004657,0.0,0.06726404484903123,0.0,-1.9637853548564024,0.0,0.0037330432731477177,0.0003951943100781421,0.0,6,SolvedWithSlack,147329,75292,334822,0.12153311503797165,1.405102400214252e-12,1.422239062631725e-13,-0.8899350237524787,0.5413935152131161,2.410090574991438,-1.2607806312842458,2.514368038685165,2.4597058289924525,0.009041731203968414,0.8935671701726633,2.1394648984310933,0.00025118674763600386,0.0027489023124711897,2.704992704350062,-0.36018576517298106,0.05066039168520664,0.06185691124460044,-0.017032954407050212,1.8373975312554203,-0.2066062955645518
3.205,-0.47701964791133866,0.0,0.06726400952816179,0.0,-1.963766578196359,0.0,0.0037836117893610276,0.00040199675303793426,0.0,6,SolvedWithSlack,138311,76355,319504,0.11812228654986909,8.689937658346025e-12,1.5470478882853548e-12,-0.8898897181992845,0.5456308852939382,2.420969928244324,-1.2607803139400535,2.5143781518810484,2.4702514599826895,0.009069851900694514,0.8169121876628389,2.1994237610583354,-4.2063229118049376e-05,0.0016358382356221526,1.7256579044490923,0.07223754910073431,0.8132889540321716,-0.03498472236646359,0.2628762310238866,1.8899565847979054,0.08052825497806139
3.21,-0.4770211916355544,0.0,0.06726401032647816,0.0,-1.9637462389556735,0.0,0.0043057433961776375,0.00040170584453197005,0.0,6,SolvedWithSlack,145244,75213,324242,0.1178199038413383,1.1679632084258306e-12,1.873553395759231e-13,-0.88984242776233,0.5501136010497193,2.43159192111613,-1.260769084801964,2.514396829187157,2.4791638817993635,0.00966431199516992,0.9492352693327436,2.0760963963956445,0.003538901797040797,0.004906267682529353,1.818623704132407,0.06402836325598417,0.8159564882479731,-0.03548654454605554,0.255054310399885,1.8851184614614127,0.08760482017984578
3.215,-0.477022704939943,0.0,0.06726413466301709,0.0,-1.9637235072770702,0.0,0.004677644961011305,0.0004000876651967121,0.0,6,SolvedWithSlack,143141,73048,319614,0.1299937530756143,1.2375658466975032e-12,1.8726686867864828e-13,-0.889793164287579,0.5552510766569901,2.4416304913145854,-1.2607448886693897,2.514427249253437,2.4885764942256228,0.009954836615172465,1.0792608923718388,1.9636526351527928,0.005537636915488467,0.006710247249967832,1.923261265250202,-0.7917109947059007,-0.18156975896588348,0.2209893802285443,-0.38539216280043176,1.7566967087500134,-0.13120491696162417
3.22,-0.4770241522277888,0.0,0.06726419048068392,0.0,-1.9637016731830597,0.0,0.00405414558456719,0.00038222349545790745,0.0,6,SolvedWithSlack,143982,75753,323261,0.1318453535096966,2.4240748297543746e-12,8.266720641358916e-13,-0.8897475675011988,0.5603008618442675,2.453241581531556,-1.2607391313460403,2.5144494280881298,2.496206633717679,0.008682033955071103,0.9635496861208132,2.552679125121383,-0.0013785236915322332,0.003113517933248369,1.27054361006867,-0.7880147292012575,-0.1903734972924631,0.22413710096648418,-0.3789900556707413,1.7650930488109426,-0.14190411129043737
3.225,-0.47702551515314084,0.0,0.06726406351442878,0.0,-1.9636828138337632,0.0,0.0036284766392485628,0.0003714882741831839,0.0,6,SolvedWithSlack,138301,72768,318752,0.13332559794696697,3.4558189643263404e-12,1.2283507544452732e-12,-0.8897061876898346,0.5647625578968003,2.4676410679258693,-1.2607595067006563,2.5144577293142314,2.50066560673894,0.008061022467045575,0.8447707592226514,3.090310507334744,-0.005550902486956263,0.0008317287756253452,0.6482212498492228,-0.7832898868941613,-0.1970783015198477,0.22665351650984383,-0.3721673082557262,1.7729759194814407,-0.1515026055181492
3.23,-0.4770268322773087,0.0,0.06726385346650064,0.0,-1.9636652801681458,0.0,0.003448090128863681,0.00036525358419150795,0.0,6,SolvedWithSlack,159171,96482,359489,0.12904721991623638,1.3713474800169934e-12,3.976662749094473e-13,-0.8896668787061884,0.5686245142484756,2.4845848029619035,-1.2607940119494412,2.5144576296468997,2.5021078315171454,0.007754928899683816,0.7241228437201879,3.580744443297777,-0.007564062865398782,-0.0004883352106613641,0.05710023568683449,-0.26678904799161807,-0.1233203461434863,-0.21938027385760187,-0.0870085201802447,1.2973150385879508,0.03051531415677572
3.235,-0.4770279545255879,0.0,0.06726363698906833,0.0,-1.9636430189647252,0.0,0.005464037641228715,0.0003917458767002919,0.0,6,SolvedWithSlack,141918,78167,324292,0.1307922080553677,1.4268616493525343e-12,9.11555077203396e-15,-0.8895371922309527,0.5715391596546884,2.4990579277291642,-1.2608217938380937,2.514426140586563,2.502631984562463,0.037434628405507354,0.4912206766174887,2.4545084742162615,-0.004375104281537657,-0.009512119860278482,0.13597665055951721,-0.7421921638287287,-0.17411527377511987,0.22234675369412507,-0.3387944088582809,1.7892360456975156,-0.1574892533469613
3.24,-0.47702874124661954,0.0,0.06726343861259292,0.0,-1.9636140736793672,0.0,0.005700119869797153,0.00038167557242339454,0.0,6,SolvedWithSlack,137349,84399,330274,0.1320982642262215,1.2794224084040423e-12,7.749356711883593e-14,-0.8894034435514876,0.5737552898076478,2.513019155229311,-1.2608476253023126,2.5143900810028565,2.501621133266836,0.021280591304145606,0.4090979896505462,3.0092818297897077,-0.005551567671329679,-0.005857214838457088,-0.4198078894317423,-0.7421074609469501,-0.18138161610816506,0.22456704918457654,-0.3362494506823356,1.7941547160202531,-0.16491502513407139
3.245,-0.4770246718360832,0.0,0.06726324512077403,0.0,-1.9635158980609004,0.0,0.019130137800318206,0.001148398137487313,0.0,6,SolvedWithSlack,135166,94248,333590,0.1101038727629296,1.2647660696529783e-12,2.48170841515849e-13,-0.8893165883973124,0.575613589383587,2.529544981700614,-1.2608841319016548,2.5143626058944695,2.4978995493832215,0.014721874872210458,0.3263793460337217,3.5064743101251703,-0.006428869330290038,-0.0037919166071252166,-0.9475162918725963,-0.6125263897990946,0.027786637412934665,0.1701709530683611,-0.26463736125096526,1.7616619642068736,-0.05987151288178236
3.25,-0.477022577854421,0.0,0.06726314258989659,0.0,-1.9634472077624519,0.0,0.010876066957437319,0.0005638917189052256,0.0,6,SolvedWithSlack,166835,96242,368586,0.16201187862471814,1.6029859731259144e-12,2.8904938338680797e-13,-0.8892545172004966,0.5770628719926287,2.5480325488093802,-1.2609084340771408,2.5143536343930957,2.49281986047658,0.011217004463686793,0.2658097163511558,3.8201002938559245,-0.003980408253531661,-0.000702393035482599,-1.0602059217576607,-0.3706373103426141,0.09714485764363485,0.1540500989685116,0.01652445449064784,2.002595716115229,-0.2754201936620208
3.255,-0.4770224300960635,0.0,0.06726313063471602,0.0,-1.9634063233153471,0.0,0.006775096857764079,0.00036018067236569723,0.0,6,SolvedWithSlack,158158,95190,359829,0.26063279605474915,6.820837297749627e-13,2.894750411597258e-13,-0.8892024525811136,0.5782652768752484,2.5678608236703426,-1.260916232331569,2.5143638663622716,2.4849976761297556,0.009998899628641394,0.22378925118296167,4.05922137752798,-0.00018479898454204188,0.0036105566410697277,-1.8889428917855198,-0.8379583631233294,-0.8015498160395492,-0.3573398136315418,-0.7790607995289363,0.4110806994924158,0.4430757532930735
3.2600000000000002,-0.4770228223744787,0.0,0.06726306826603037,0.0,-1.9633719158101754,0.0,0.00767249262866447,0.0004221582800073054,0.0,6,SolvedWithSlack,150294,77497,333801,0.1555577776169698,8.284145938675103e-13,2.7223113086699557e-13,-0.8889756683911965,0.5778741368338396,2.582629342869743,-1.260928564315874,2.5143090780114217,2.480609925705324,0.06772101822233356,-0.2745065443490008,2.24485381537991,-0.0038527708683821866,-0.019210659216407983,-0.22580174423930932,-0.34721502914218166,0.12363650275768696,0.1477552630276997,0.030665810900850764,2.0024783827346195,-0.26444822194884865
3.265,-0.47701991990145026,0.0,0.06726294935185997,0.0,-1.9632881080579347,0.0,0.02820271475138662,0.0017750909497054298,0.0,6,SolvedWithSlack,146596,74771,331616,0.15462030520949527,9.456874622457501e-13,1.537275081536782e-13,-0.8887295374671969,0.5766691130984438,2.595028012241685,-1.260943123812429,2.5142455191946076,2.4768142951813497,0.03962024361226766,-0.2265015118335819,2.6328892904005876,-0.0018918840294690372,-0.00854142338423372,-1.1012818542912315,-0.3446484641880084,0.08281147370957692,0.12623735001222627,0.02511399294751756,1.9626088417656342,-0.26285451885614197
3.27,-0.4770158199974723,0.0,0.06726298281084832,0.0,-1.963185660994016,0.0,0.016456410522863882,0.0008853885743965342,0.0,6,SolvedWithSlack,139624,74691,321117,0.11809035338898301,1.068478779137856e-12,1.3915799935981799e-13,-0.8885855657013697,0.5754730219048007,2.60904854280356,-1.2609396030416444,2.5142300216017177,2.4689529986319516,0.023238695598089037,-0.24876385721852123,2.91361939821984,0.0020934933961291122,-4.1364543235161396e-05,-1.875797551819129,0.08447697526469522,0.8261738613931398,-0.03626673219787546,0.26557287048259687,1.8894456542237281,0.09170348173695148
3.275,-0.4770144071752512,0.0,0.06726318521020877,0.0,-1.9631210988864742,0.0,0.011133588892325552,0.0004945313965265026,0.0,6,SolvedWithSlack,152027,73609,331155,0.15894389406669499,7.958078640513122e-13,1.2695400286588665e-13,-0.8884924350107165,0.5746996411263862,2.623142953014305,-1.2609119117640355,2.514252246042743,2.4611022502175643,0.016263051175255182,-0.09274369376356154,2.7575898730823227,0.007410677975500465,0.006892696824049247,-1.3739675132999716,-0.33794598467313175,0.12527430883173551,0.14683002678800341,0.03888769796821226,2.0080478806631348,-0.27020461991338146
3.2800000000000002,-0.47701430893149166,0.0,0.0672634715159111,0.0,-1.9630752320209126,0.0,0.008048385532764287,0.00037047183132934226,0.0,6,SolvedWithSlack,164290,101080,370881,0.2556350981611053,8.810729923425242e-13,1.2323475573339238e-13,-0.8884238423342101,0.5741917667393512,2.6379845079927553,-1.2608761746407933,2.5142953502857703,2.4518714104884074,0.012414305258214227,-0.10787861767615294,3.103673296356165,0.006919981041617917,0.009549620185131698,-2.1499385157578135,-0.8251224558302942,-0.7935845322370387,-0.35556145324396715,-0.7680783716596749,0.426691825495558,0.434579666873879
3.285,-0.4770144348107115,0.0,0.06726356644791161,0.0,-1.9630338655725912,0.0,0.009045282690541246,0.00045731335835910166,0.0,6,SolvedWithSlack,152428,76034,340784,0.1526492603940434,1.0373923942097463e-12,1.5798473640415978e-13,-0.8882037681312159,0.5722107498602755,2.6483223601166506,-1.2608637054867131,2.51426601023156,2.4461850846709035,0.0639597783559823,-0.5835721504493903,1.4035252027720968,-0.00016836772158548255,-0.01464515996846508,-0.48460519443672007,-0.32474668585276856,0.14710001576167175,0.1411836487471293,0.0459271905610735,2.0063028357259878,-0.25950374266987375
3.29,-0.4770039668473495,0.0,0.067263519609324,0.0,-1.9628372308315845,0.0,0.04429194188446066,0.002958607636885336,0.0,6,SolvedWithSlack,139934,76425,321457,0.1243084231099873,3.971885320641633e-12,1.4264145420384011e-12,-0.8879429207175275,0.5696272427432038,2.6566847621112335,-1.2608775430239616,2.5142127352628605,2.441195626302944,0.04107615844931327,-0.5075443159819135,1.8678937802049684,-0.0007054836500945652,-0.005432090033018535,-1.3161491315650662,-0.6803414149774641,-0.13060181141615823,0.2113243192869784,-0.2881781056826861,1.8139529445696674,-0.16550570882351232
3.295,-0.4769967144142881,0.0,0.06726360081205976,0.0,-1.9626881862639804,0.0,0.022087504396623325,0.0012966717630276284,0.0,6,SolvedWithSlack,144794,75753,326837,0.12482787868420567,3.017606997612887e-12,1.0629275237761249e-12,-0.8877955753542623,0.5669007865598467,2.667957895803165,-1.260878508529289,2.5142068092220535,2.4333498180365467,0.02348360115145799,-0.5707834863407093,2.5020179306348775,-8.104597607633073e-05,0.001071814074969116,-1.7327269438318325,-0.6860015372890665,-0.13647010846942223,0.21220739376314962,-0.2917000610521817,1.8137745624494113,-0.16846400207514908
3.3000000000000003,-0.4769944329675125,0.0,0.06726367891163852,0.0,-1.9626145311505074,0.0,0.010864133603815725,0.0005333875707871014,0.0,6,SolvedWithSlack,134995,72497,311649,0.1250899621129631,2.2024049251001543e-12,7.381872890732666e-13,-0.8877055094369445,0.5638480893174406,2.6821874697047945,-1.2608801126213163,2.514222756594301,2.423505880903229,0.015189632481725843,-0.637170541680138,3.066456137923296,-0.0005439872394167506,0.004288932361517321,-2.120923863308924,-0.6909585430020487,-0.14078279812863756,0.21265293559203727,-0.2949143182182453,1.813460761329162,-0.17059358456286183
3.305,-0.4769945812861493,0.0,0.06726372942006374,0.0,-1.9625782557318223,0.0,0.005386555096752654,0.0003289305495106581,0.0,6,SolvedWithSlack,140636,72677,316678,0.118904468808334,1.7391643680753077e-12,5.509481759702339e-13,-0.8876425030849651,0.560457673278872,2.699055567993897,-1.2608849165401284,2.5142489778450834,2.4118149438005703,0.01126410791663165,-0.7054206186129267,3.570925046810001,-0.001230820729391734,0.005712723476921936,-2.4779388254422643,0.09486897321639315,0.8192901418422242,-0.03562125089533871,0.2803077016179781,1.902471500933344,0.0727657108763407
3.31,-0.4769958946803093,0.0,0.06726386940436711,0.0,-1.9625576203816102,0.0,0.003644411834273301,0.00038140906800342465,0.0,6,SolvedWithSlack,142078,76565,325284,0.148445397628929,1.2780852765015283e-12,3.8596903451093567e-13,-0.887588078673803,0.5574034824431288,2.716288889444621,-1.260872017364176,2.514291439808241,2.400965502914586,0.01069322257781326,-0.5480085621852127,3.366589915854015,0.004706600981934976,0.009972009830464755,-1.9718897652143705,-0.32568780280294457,0.0776953147701352,0.09878005573244264,0.030064004253558898,1.9275916811368201,-0.2523571759691793
3.315,-0.47699774328073263,0.0,0.06726409222777695,0.0,-1.9625423265380593,0.0,0.0027132981500858806,0.0004303152602905313,0.0,6,SolvedWithSlack,146056,72788,322620,0.4439469360713424,1.1426398215004555e-12,1.3639089857520048e-13,-0.8875372748800235,0.5545636058431137,2.7334763800473305,-1.2608481556498263,2.51434008848784,2.3891364359337306,0.00988811225720073,-0.581197202336523,3.4832447286498804,0.0047557175138133265,0.00954775768191503,-2.618994062545037,-0.3718782451396273,0.8495971848862739,-0.0449256779794284,-0.7951709883501623,0.3169319149546448,0.754709791321282
3.3200000000000003,-0.47699971765383004,0.0,0.06726431620664561,0.0,-1.9625290915473077,0.0,0.0026868581771336687,0.0004232406655896596,0.0,6,SolvedWithSlack,134363,77476,333209,0.11027294348819178,5.9614535530272406e-12,1.0085881922751935e-12,-0.8874898966484052,0.5521488861623935,2.750221855965759,-1.2608440778738994,2.514312118402311,2.3845807781667148,0.009242024421116662,-0.4178284656785581,3.262766173958185,-0.0015318653967131683,-0.01425630243155453,0.1886551044680187,-0.6421915046189474,-0.021756577473891533,0.1796344511390755,-0.2810486175353925,1.7643670958110684,-0.08697124563170397
3.325,-0.47700163179566774,0.0,0.06726450604769989,0.0,-1.9625167833506463,0.0,0.0022687482854015072,0.00041115829633617365,0.0,6,SolvedWithSlack,140255,73609,324283,0.13751844636109015,8.08597633294994e-12,1.4285180624013326e-12,-0.8874463406123727,0.5499262328230218,2.7677307976651444,-1.2608557687218434,2.5142628936447853,2.3846109660306123,0.008438913430189886,-0.4625129443225004,3.655512602323893,-0.0027601037082151053,-0.007286390938341511,-0.11171170354372151,-0.3409205996760225,0.06475023885836156,0.08571269748992799,0.010328251810648344,1.8890145229082265,-0.23378135881385326
3.33,-0.47700352074124347,0.0,0.06726456161505864,0.0,-1.9625051862768248,0.0,0.0024284855130129496,0.000417435356870188,0.0,6,SolvedWithSlack,128553,72617,305216,0.13876425607549386,4.89563944938709e-12,7.185185606217726e-13,-0.8874032210735231,0.5474820417006291,2.7861217039766855,-1.2608624730920721,2.5142440264388197,2.381720066492359,0.008723656817946608,-0.5062183726472038,3.693039451454391,-0.0005017871730510784,-0.001720014424666568,-0.8784059103924116,-0.3296210691247306,0.06799530330047338,0.0813786425424094,0.018329751207248553,1.8905232864759525,-0.23589923532833956
3.335,-0.47700538675346915,0.0,0.06726457431769106,0.0,-1.962492084573198,0.0,0.0027529234418802104,0.00041871804552799565,0.0,6,SolvedWithSlack,130317,72878,306629,0.11921493813025748,6.0751403907488566e-12,1.1941350686051067e-12,-0.8873590057304472,0.5448224949453323,2.8046498865910374,-1.260859849464752,2.514247238630788,2.37520802176058,0.008908913531311713,-0.5488772358701827,3.7140331110046,0.0011189767760796379,0.002012265835835186,-1.5751650195410087,0.10330416436723443,0.8117031239911308,-0.0345737042565399,0.29078034199990493,1.9074390100841196,0.060292466306517245
3.34,-0.47700719027369026,0.0,0.06726465599739721,0.0,-1.9624762077437936,0.0,0.003497901665841215,0.00041443875583058317,0.0,6,SolvedWithSlack,137109,74441,322219,0.11842967764117648,7.30437932361383e-12,1.3617006827670863e-12,-0.8873122345238882,0.542533384748628,2.8225798170929632,-1.260840004455276,2.514274574460364,2.3684825603303565,0.009590610797800568,-0.39741057896918325,3.50360721135088,0.0055660994840443685,0.007374514482790191,-1.197260127132028,-0.6897764905833098,-0.11120636435903802,0.20133045199000002,-0.30617461066204604,1.7840168767248794,-0.1382193313592854
3.345,-0.4770088838307414,0.0,0.06726475599293781,0.0,-1.9624589695261268,0.0,0.0033002079758080167,0.00039197250000709853,0.0,6,SolvedWithSlack,148401,74330,328551,0.11849446503837267,1.2279050175558466e-12,8.171241461241152e-14,-0.8872674527665727,0.5403468166213622,2.8413986721111373,-1.2608255732503388,2.5143080649776963,2.36147352286625,0.008627947171236638,-0.46412613423858884,3.93111077114883,0.0013235493542895437,0.006261730366081535,-1.5331782230719928,-0.6921987062741618,-0.11339531283178027,0.20144059056523353,-0.3074558153531605,1.7842892919217632,-0.13992887886696292
3.35,-0.4770104497495642,0.0,0.06726472398623053,0.0,-1.9624429585092058,0.0,0.003165010648882785,0.00037664505835670884,0.0,6,SolvedWithSlack,128793,74070,308342,0.13751999401475484,3.087745129448552e-12,4.3629119414467787e-13,-0.8872258459726342,0.5378206661840688,2.8622229238645587,-1.2608277595593183,2.5143363392956775,2.3528756764799907,0.008161838877139907,-0.5327722079501934,4.315247722845592,-0.001432560551523332,0.005270710277496459,-1.8392262399103956,-0.3150075010168928,0.06928539596102873,0.06842232787645366,0.025581863478814113,1.8792836998321814,-0.23378398982508325
3.355,-0.477011969725459,0.0,0.06726465915640333,0.0,-1.9624261964714258,0.0,0.0035280159030028624,0.0003873543163639265,0.0,6,SolvedWithSlack,145876,80993,332208,0.1375000710105077,1.1866091739804414e-12,6.605826996519681e-14,-0.8871831642223434,0.5350088589340927,2.883534808889326,-1.2608292269086592,2.514362829430279,2.341885195735055,0.008731892677961805,-0.5817970631571191,4.2287564131358435,0.000368858591258142,0.0053164190210865745,-2.4286974324835975,-0.30317868842274903,0.07216569446298887,0.061927133899340764,0.03289546138339842,1.876914932225598,-0.2337501207178631
3.36,-0.4770134959155108,0.0,0.06726461958525567,0.0,-1.9624075379268269,0.0,0.0038521021539933095,0.0003949962585073692,0.0,6,SolvedWithSlack,146897,74120,331165,0.1370975160926234,1.1448617329642446e-12,5.057065877167588e-14,-0.8871384842438729,0.5319556935620283,2.9043803312706937,-1.26082342646991,2.5143893348696107,2.328135309411244,0.009043786791818982,-0.6295722810844618,4.131119126848564,0.0016066753272596128,0.005290858014842223,-2.95633056217844,-0.2915281297609058,0.07485009851919222,0.05484635951984726,0.03976463248597303,1.8733249683353368,-0.23306577735745979
3.365,-0.47701500988506607,0.0,0.06726459860197369,0.0,-1.9623875435443463,0.0,0.004087460738431851,0.0003985982406886576,0.0,6,SolvedWithSlack,146908,76675,329513,0.12090875644393881,1.1652938956146656e-12,5.10702591327572e-14,-0.887092645306177,0.5286667210012669,2.9247005445326812,-1.2608128276183934,2.514415443598026,2.3119242166856404,0.009234116266910062,-0.6763188268972303,4.021280782120194,0.0023960391619043367,0.005177681304655822,-3.4257444892721134,0.129890223294069,0.804013819616219,-0.033322480631600045,0.31933986631544303,1.934540103103021,0.029926415603823767
3.37,-0.4770165017497795,0.0,0.06726467482258966,0.0,-1.9623655514595992,0.0,0.004637945509960617,0.0003955027279773425,0.0,6,SolvedWithSlack,137209,80492,324032,0.13066124832284048,1.5063505998114124e-12,1.3524452825014466e-12,-0.8870444448644074,0.5257369486374975,2.944113376436728,-1.2607886280284497,2.514452042743355,2.2962331014747277,0.009854005168864562,-0.5259594957357058,3.793289580034954,0.006190296855852807,0.008461381883508867,-2.9531311565138725,-0.270467701477221,0.07613964842239862,0.03451028842100046,0.04744203442603887,1.8481528901210065,-0.22212412214882882
3.375,-0.4770179785681826,0.0,0.06726480955405917,0.0,-1.9623421469647038,0.0,0.00464120482453347,0.00040093093729532217,0.0,6,SolvedWithSlack,139613,74250,319974,0.11183619315574997,1.2804340920880009e-12,1.7247314687551807e-13,-0.8869956307009942,0.5229520193546073,2.9626322278443054,-1.2607618046932323,2.5144871196543144,2.2801608449061868,0.009716258427583653,-0.5773337867030764,3.646581068066833,0.004831227257605676,0.006170683483126071,-3.382088061674634,-0.639685134610728,-0.0581185769186751,0.18488632003141184,-0.2736183737993247,1.7893790904919995,-0.12644132231543767
3.38,-0.4770194061179756,0.0,0.0672648411715942,0.0,-1.962320027698187,0.0,0.004247623106423305,0.0003829052497481542,0.0,6,SolvedWithSlack,137801,74491,316959,0.12967979383996492,3.907985046680551e-13,2.0103862151399365e-13,-0.8869499958088594,0.5199160738492841,2.9820156630425103,-1.2607524989063448,2.514512690857107,2.2630693223479,0.008820374585669068,-0.6273381090999568,4.02461001900012,0.0001348788839892793,0.004459424362923446,-3.4411421590198517,-0.26235476522043677,0.07800607679600124,0.026521061083264963,0.051277216898071,1.841932447311261,-0.22045564952794036
3.3850000000000002,-0.4770207990009977,0.0,0.06726481536191443,0.0,-1.962298618499823,0.0,0.004368938945929623,0.00039376297806917684,0.0,6,SolvedWithSlack,135947,75122,322329,0.12180097881950935,1.4850304169906592e-12,5.569433803032098e-13,-0.8869045109698369,0.5166218415888564,3.0015400815129505,-1.2607499786422058,2.5145308553624863,2.244744652509925,0.009239962555236734,-0.6794285286781204,3.828308412084633,0.0007115257382124021,0.0031672255218843028,-3.8084114630043957,0.14506369113614354,0.7986945778309964,-0.03231560067013364,0.33539133408246674,1.9488156611121497,0.012811429200067333
3.39,-0.4770222218021259,0.0,0.0672648739706504,0.0,-1.9622753978128558,0.0,0.004854088052801796,0.00039561799050277823,0.0,6,SolvedWithSlack,129806,73930,308312,0.12276142388090655,1.8882667337511493e-12,7.722156247780276e-13,-0.8868561559379144,0.5136776642014917,3.020072015221814,-1.2607342204288796,2.5145570179350494,2.2271159614659184,0.009897325122907625,-0.528689316606143,3.6278327183854673,0.004515848917455968,0.006345427161728975,-3.343693760546796,-0.24057894591186563,0.08032613701633035,0.005351121582184676,0.059041219196525635,1.8160578943974928,-0.20869442059754112
3.395,-0.4770236602284192,0.0,0.06726498583853618,0.0,-1.9622509901340783,0.0,0.004837513127573563,0.00040567962601512027,0.0,6,SolvedWithSlack,130146,73109,306439,0.12146134467722064,1.568167817822541e-11,2.2711192007386675e-12,-0.8868068673291671,0.5108654300400846,3.037509827190897,-1.2607156205086105,2.5145797632935936,2.209384277711068,0.009836513592477475,-0.5844987227308172,3.397786220541049,0.003215226263582627,0.0035198806075766014,-3.676167803511858,-0.2286953858893831,0.08341050411085693,-0.002820091220371662,0.06540966861412888,1.8105045136758062,-0.20648428595127508
3.4,-0.4770251214304533,0.0,0.06726501776294218,0.0,-1.9622269632280602,0.0,0.004791963823247573,0.00041388510736738523,0.0,6,SolvedWithSlack,132140,72998,308954,0.11164939549624253,2.1014284015688895e-12,3.0625502134284943e-13,-0.8867576904878312,0.507780345017412,3.05379074852867,-1.2607026373915262,2.514591372248929,2.1901266998943107,0.00983413346249786,-0.6382409843507668,3.16554639868154,0.0022080800247395722,0.0016450234322545265,-3.963787047594701,-0.5934393678936989,-0.0007245044606628671,0.16839323386365734,-0.24588994870004607,1.7863903279398805,-0.10498270090636957
3.4050000000000002,-0.4770265409823095,0.0,0.06726499258830389,0.0,-1.962204019214424,0.0,0.004416375463555555,0.00039213413522188445,0.0,6,SolvedWithSlack,129675,73379,312670,0.11136839011422543,1.610089839232387e-11,2.026447152442268e-12,-0.886711438464719,0.5044974185830524,3.0708049115171088,-1.2607056533711793,2.514597827407007,2.170575821034346,0.008946336680396558,-0.6691520277697176,3.555243125099055,-0.002205719239124874,0.0010505784632763972,-3.875228906322354,-0.5968433174155989,0.0010773000232851095,0.1673625921441109,-0.24932786908677523,1.781894241827607,-0.10153661752636557
3.41,-0.4770278755584835,0.0,0.06726492086514893,0.0,-1.962182759079089,0.0,0.004164772296196001,0.0003764201032000532,0.0,6,SolvedWithSlack,129615,73268,306249,0.11108812858362525,1.541440064686397e-12,1.4913493617124685e-13,-0.886668166362742,0.5010538401163942,3.0896328508779276,-1.2607251753500013,2.5146011124343772,2.1514857834846106,0.008500795944549274,-0.7020184791989457,3.9007079679432617,-0.004818172247258167,0.0004049303014332599,-3.780747581935908,-0.5989171865876519,0.004472738590045877,0.1659232871116569,-0.25192943463412193,1.777410057338004,-0.09753682506868334
3.415,-0.4770291661372595,0.0,0.06726483084041845,0.0,-1.9621623588203156,0.0,0.0040346806134267475,0.0003672849168330913,0.0,8,SolvedWithSlack,137670,95490,340643,0.11080552175409929,2.0026758029700886e-12,4.960942409908825e-13,-0.8866264259445054,0.49744247517092505,3.110064604519758,-1.2607534003120073,2.51460125659276,2.132889842278927,0.008266650571821132,-0.7359807190338788,4.205610636905743,-0.0060354690500373604,-0.00020360985534624137,-3.6791517545887467,-0.5996278151207032,0.009512220694469137,0.16406250477742548,-0.2536742506020503,1.7728883480655886,-0.09293752087475515
3.42,-0.47703022121041067,0.0,0.06726475784071692,0.0,-1.9621399214335664,0.0,0.00645191173293241,0.0003356376104368458,0.0,4,SolvedWithSlack,143270,93407,342116,0.28732371388498035,2.7000623958883807e-12,1.896298222614501e-12,-0.8864499297407499,0.49394376978160426,3.1308962448604696,-1.260785223536617,2.514598068751167,2.1148224538951244,0.09625759964406626,-0.5843617988978228,3.815575459659623,-0.006673349791522678,-0.0010711972458935706,-3.572356799236577,-0.21092893382575503,0.7953366566867835,-0.03792251881323438,-0.13836666084669064,1.4545562491323814,0.48845031360446656
3.4250000000000003,-0.4770200625154578,0.0,0.0672648743283123,0.0,-1.9619563355489618,0.0,0.07821431744670863,0.0055973716599744825,0.0,8,SolvedWithSlack,155934,133733,400968,0.10923987074234358,3.218758592993254e-12,4.613006482877269e-13,-0.8858834527056585,0.4928635968043673,3.146370992450662,-1.260835982784232,2.514564824763664,2.103102970534633,0.11756239648632912,0.02342368766630877,2.6934640893398227,-0.013787891923864606,-0.01126907008478948,-1.562725254841859,-0.5706548663216656,0.05958946026908239,0.15139336151961214,-0.24493855656792696,1.7478379318774973,-0.05321675300174993
3.43,-0.4769953424753045,0.0,0.06726510214547743,0.0,-1.9615555708030707,0.0,0.06162070703042197,0.004289388134741724,0.0,4,SolvedWithSlack,147058,97324,365851,0.2536049281100025,7.862819849197372e-12,7.184053699149651e-13,-0.8851940621503608,0.4934050973041894,3.159287432038807,-1.2608756806193124,2.514531770760638,2.0954940417766665,0.14602512505246898,0.1586724257110737,2.5492287256302846,-0.0050599912631823655,-0.00433922914022118,-1.4984281707397205,-0.9102293370796126,-0.8327350324989542,-0.3809717516859839,-0.8685784046361896,0.39958588980903553,0.4311283777870043
3.435,-0.47697580103305776,0.0,0.06726519364192159,0.0,-1.9612295473565224,0.0,0.08495267764738042,0.006103436433577278,0.0,6,SolvedWithSlack,137450,88187,335744,0.10796602804365882,3.652189661806915e-12,5.358864393900653e-13,-0.8841923867145028,0.4934814464647252,3.1683867488518374,-1.2609234949771522,2.5144280382150224,2.0929699907910715,0.23842209779663123,-0.04715333943024705,1.481414916173215,-0.013114701944922586,-0.03078321824513043,0.12940872646961182,-0.4741485812972251,0.1984598048978804,0.11670885925098506,-0.18694720907640142,1.727456448698541,0.013447854235472803
3.44,-0.47693092187553643,0.0,0.06726507865254884,0.0,-1.9605291039943622,0.0,0.1857793518954979,0.013762939872581082,0.0,6,SolvedWithSlack,133853,112943,356223,0.10827394884804475,3.623767952376511e-13,9.55290534176978e-14,-0.8830275251749946,0.4939366617560456,3.1762660565759964,-1.2609995577894237,2.5142884522102986,2.0937302357459946,0.21007449697292152,0.13997571639802706,1.7232098578269723,-0.011500985649029835,-0.023111895397826366,0.18709047217725433,-0.5728902522260592,0.06827733674693709,0.14966858175363978,-0.2502417793635785,1.732383181568716,-0.03758440744298745
3.4450000000000003,-0.4768922822318139,0.0,0.06726525332970319,0.0,-1.9599150683341358,0.0,0.089604111433544,0.006326344200945395,0.0,6,SolvedWithSlack,137760,106521,354089,0.10815548902358939,4.583000645652646e-12,9.861278460476797e-13,-0.8822249643577003,0.4945488491542415,3.1865054285147925,-1.2610143977916073,2.51422806680399,2.094583641755461,0.12974396061351784,0.11672761667758515,2.2502932545334335,0.0010784966994889142,-0.006431949362993655,0.1545246705687928,-0.58603283748638,0.05157413928750683,0.15379873431767344,-0.25864212816007875,1.7304878243774302,-0.04356073289979716
3.45,-0.47687573916383014,0.0,0.06726553460586636,0.0,-1.9596246960900132,0.0,0.04151705404593997,0.002675472379832659,0.0,6,SolvedWithSlack,141317,74060,320696,0.12059650117215365,3.325340003357269e-12,6.066813718064168e-13,-0.8817733210917985,0.4951257041270791,3.1991378759244626,-1.260995088416331,2.514220331570707,2.0951247413049825,0.06760907710367733,0.11427531799341871,2.701304520154841,0.004988894564268203,0.0008667138901087518,0.07557606133426757,0.14771698567083122,0.7912729150423813,-0.030692554050779836,0.3368806171878986,1.9295440187544584,0.014547979516968946
3.455,-0.4768699296520151,0.0,0.06726585503426277,0.0,-1.9594915202057492,0.0,0.0190970079108599,0.0009777652074898467,0.0,6,SolvedWithSlack,143992,73819,327819,0.0972517051436127,5.5351279115711804e-12,1.2322365350314612e-12,-0.8815359075335637,0.4961674085794565,3.212400087606653,-1.2609491689986814,2.5142475139053575,2.095850855211067,0.0371444761217585,0.26906108273098006,2.6198306645652756,0.011295574003235474,0.007813871678307093,0.18843675230175203,-0.10142474154067879,0.19312681460105524,-0.1563316006557312,0.08028006695459876,1.5560272822978032,-0.01843253289855354
3.46,-0.47686912107559193,0.0,0.06726618259916191,0.0,-1.9594301988618452,0.0,0.008769919218456703,0.00041428177480996105,0.0,6,SolvedWithSlack,135546,91522,337297,0.1080559033843911,5.023537141823908e-12,1.7858770018364112e-12,-0.8813971467746807,0.4973101087080095,3.2234078080023116,-1.2608919614585945,2.5142720846220463,2.0967250606527004,0.022920545446205427,0.20182116515204065,1.9329662438343178,0.01130821364424002,0.0031647656917006576,0.16562072172114278,-0.5737071341427848,0.065244929656126,0.15073095492802963,-0.25088950335644283,1.7288944541502576,-0.03729245242603465
3.465,-0.476870465804621,0.0,0.06726636952262692,0.0,-1.9594028548446518,0.0,0.003737856410627106,0.0004247599691713056,0.0,6,SolvedWithSlack,151606,85321,355592,0.45154880396000274,8.334665347562711e-12,4.267974862415258e-13,-0.8813084246785214,0.4982549764516966,3.2344747260937075,-1.2608503793236987,2.5142892318905026,2.097297094026292,0.015080570198117087,0.1795824949675447,2.393147025236873,0.006470636799281521,0.0034926595924960682,0.0811180812005054,-0.355748796344356,0.8168972503930101,-0.040648288493557665,-0.7574986906488956,0.3256622238567437,0.7676329667320047
3.47,-0.4768725566896092,0.0,0.06726652751561392,0.0,-1.9593901912363214,0.0,0.0020368692180278056,0.00046750341819653304,0.0,6,SolvedWithSlack,151315,80673,357365,0.11888582834112774,5.471179065352771e-13,3.4698784644182634e-13,-0.8812445972718667,0.49959864913866875,3.246178638038898,-1.2608417608453046,2.5142335046408832,2.105704369654693,0.011563003236952826,0.3275669164125988,2.306647631805588,-0.0010823229428124426,-0.019418920818800194,2.7114620353302654,0.12218315959015175,0.7937768348409723,-0.031434884535319646,0.31221249493017345,1.9021732534580438,0.0378803762403421
3.475,-0.47687489495018887,0.0,0.06726674978193105,0.0,-1.9593809849377368,0.0,0.00184456081476353,0.0005010326537898906,0.0,6,SolvedWithSlack,140675,80402,348869,0.10657502647002472,2.560181233679515e-12,1.0791961400045957e-12,-0.881189009635399,0.5016533098294575,3.257550521084152,-1.260831779874327,2.51417724870761,2.1190043075034297,0.010898871113257163,0.4660849228583059,2.2531652428473863,0.0037456367606268745,-0.006548968158977576,2.626087573593712,-0.26039954133060955,0.061285188554598746,-0.0342672122507337,0.01908048668904591,1.7052004235203955,-0.15077333400937593
3.48,-0.47687732187534576,0.0,0.06726690384642671,0.0,-1.9593717015531746,0.0,0.001866277330877366,0.000509381274701905,0.0,6,SolvedWithSlack,157648,115037,392522,0.1180978514699986,5.900887417586986e-13,4.281389695895421e-13,-0.8811364811314465,0.5037304973649127,3.2680557726806234,-1.2608140397630827,2.514153452260597,2.1299370365476324,0.010303028731246892,0.3821856351378067,2.0036400818513345,0.0033940529643421025,-0.003700857451369096,1.9034550820492724,-0.19171661066405402,-0.021888980438569808,-0.2007663474989976,-0.008227244246867885,1.4201449745323766,-0.03040134776211928
3.485,-0.47687964254953846,0.0,0.06726691044279057,0.0,-1.9593601964938885,0.0,0.0027132051086041723,0.0004911269964455914,0.0,6,SolvedWithSlack,146266,81464,353067,0.11976513693970567,3.3916541450351723e-12,8.309328160434337e-13,-0.881057976143949,0.5051613028994949,3.275514619498226,-1.26079848344005,2.5141252787989083,2.138700506871183,0.019091521289726136,0.22386504436461135,1.1637148784054008,0.002900986495693288,-0.006672744593807417,1.655652781478795,0.13755918253466012,0.7947104976832416,-0.030968014591039518,0.3248360409763709,1.9162421910352907,0.029272908913208502
3.49,-0.47688173526486377,0.0,0.06726693132578826,0.0,-1.9593441953293875,0.0,0.0034788491835811295,0.0004660181228199278,0.0,6,SolvedWithSlack,141447,75753,325896,0.11964076312290374,2.902566245691035e-12,1.443711144556714e-13,-0.8809780057601613,0.5067512642983548,3.281551472517605,-1.2607747305854002,2.5141209991501428,2.1469353623643985,0.014418717846058233,0.3795397022611056,1.2350140676595143,0.005776132901400986,0.0024387801249950002,1.6408256202814084,0.13455249847580064,0.7955118887590938,-0.03119239569876263,0.3221951058843957,1.9142522099664598,0.03164442789905944
3.495,-0.4768836402207295,0.0,0.06726706972747652,0.0,-1.9593247082594254,0.0,0.004161216479681066,0.0004422978053087599,0.0,6,SolvedWithSlack,144984,76946,328801,0.10785626674995766,7.574385563202668e-12,6.6579272477163e-13,-0.8809129053728812,0.5090960411222324,3.287911157427372,-1.260740846920812,2.514150718250883,2.1551139070541656,0.01231242338287156,0.5276837315101882,1.2952249001363423,0.00729590829939764,0.007883460204705341,1.6319944098832637,-0.6424036294970389,-0.010621858905666545,0.17144796365060833,-0.2968088775798205,1.7257002679993225,-0.05845637843824069
3.5,-0.4768853264846494,0.0,0.0672671577433936,0.0,-1.9593040979887066,0.0,0.003996353505233231,0.00040767915438565355,0.0,6,SolvedWithSlack,133292,76104,315816,0.10895734417678546,5.82245373147145e-12,7.352312118499849e-13,-0.8808588220627113,0.5115993497619,3.296134754662536,-1.2607251926415932,2.5141865111082846,2.1623067700316785,0.010045457940276167,0.48190168604885264,1.8690939123138512,0.0007042836162251471,0.006675318909922594,1.3140085494326237,-0.2562570121974691,0.06609729360657574,-0.01549179626006525,0.03201643778344134,1.7433175068285673,-0.16924664315200172
3.505,-0.47688687088599985,0.0,0.06726711222548945,0.0,-1.9592834947114055,0.0,0.004266732861516838,0.0004159169197950094,0.0,6,SolvedWithSlack,142870,75342,324684,0.11962159997040672,7.676520589922291e-12,1.6063539387545234e-12,-0.8808089446539067,0.5137795229680152,3.30505118942276,-1.2607232227525953,2.5142138660529096,2.1668643158474477,0.009938760049066188,0.4057816480748776,1.7284413025982157,0.00021332407172889255,0.004773844973438737,0.6525706923049194,0.134275954335001,0.7983218108167772,-0.03176494674688072,0.3213033049611064,1.9139455995265076,0.03435618190410651
3.5100000000000002,-0.4768883807112677,0.0,0.06726711012996149,0.0,-1.959260560241256,0.0,0.004817520680347532,0.0004132417156500677,0.0,6,SolvedWithSlack,145775,74260,327178,0.10853746106685903,5.9472426983120386e-12,4.4422798772814076e-13,-0.8807582231011821,0.5162317902021741,3.3137087974986965,-1.260712028432652,2.514249744163308,2.1704228836903066,0.01025733796404595,0.5463867577293047,1.7330436094110246,0.003387004927319877,0.00848713537651721,0.7495009061292289,-0.6580040011270771,-0.04110326837230808,0.18014758573424405,-0.30295622325266225,1.7365993770697445,-0.0772870782453048
3.515,-0.47688980416204807,0.0,0.06726712680754597,0.0,-1.9592372118648071,0.0,0.0044643615614985595,0.00039319405347304866,0.0,6,SolvedWithSlack,133913,73309,313311,0.10871911276706943,1.4876924409715866e-12,5.240456506239166e-13,-0.8807107829902802,0.5187885438288625,3.3240462865774947,-1.2607127642604314,2.5142853352438235,2.173273537175936,0.009087898049886158,0.4874554291531968,2.2822149051533054,-0.0021680145817673285,0.0062745034939231895,0.45474489089849796,-0.6676032604862107,-0.05611364265596563,0.184234644050501,-0.3076021864557824,1.7395058042731109,-0.08527952532246977
3.52,-0.47689113037530373,0.0,0.06726702576924541,0.0,-1.9592158793774797,0.0,0.004160626097849111,0.00038070741791129247,0.0,6,SolvedWithSlack,143651,74741,325856,0.11041308595634217,4.119754884457372e-12,1.6234791289093664e-12,-0.8806672583180859,0.5210292344762105,3.336984542914264,-1.260734461044745,2.514311333148234,2.1746591894831884,0.008503891984216484,0.4215006715892433,2.783755651049534,-0.0055117741678216495,0.004543432569962103,0.1629005687694177,-0.675185699776353,-0.06878253880903334,0.18770224612578168,-0.3109652186201104,1.7424693505299638,-0.09250852290786994
3.525,-0.4768924085717143,0.0,0.06726687011438434,0.0,-1.9591956021491415,0.0,0.003998373518998693,0.0003733252619063675,0.0,6,SolvedWithSlack,139474,74240,321337,0.11668494149335984,4.476419235288631e-13,1.9478244971810055e-13,-0.880625731571459,0.5229226151421931,3.352296264420003,-1.2607674457419817,2.5143299731751094,2.1746019254439752,0.008199913083747385,0.34978385558846437,3.2412258530844,-0.0071150846906728685,0.003235810900326408,-0.12356160199864183,-0.2817275775248122,0.06661822780243576,0.025150789089741943,0.030897896818268475,1.8028415652192458,-0.1983644005387117
3.5300000000000002,-0.47689371308522366,0.0,0.0672667210703246,0.0,-1.9591748707776313,0.0,0.004293986607998275,0.00039194037096458866,0.0,6,SolvedWithSlack,135947,73228,315406,0.1189938240074836,5.613287612504791e-13,1.9654969925925192e-13,-0.8805821982418338,0.5244441213461181,3.368071636886426,-1.260792668124603,2.5143435867992974,2.172113773703894,0.008967993068727679,0.2744070858485823,3.099954760494197,-0.003798131427606527,0.002452456436880508,-0.7381567694541766,-0.2724856157950187,0.07024631813794852,0.025630289840429477,0.038941888247954644,1.8101551597798542,-0.2022895008127221
3.535,-0.4768950882285518,0.0,0.0672666175201391,0.0,-1.9591526636533096,0.0,0.004522255969374305,0.00040369153488988425,0.0,6,SolvedWithSlack,139594,85302,339421,0.2944819309580347,6.836454145842108e-13,5.845548654501154e-13,-0.8805360932426095,0.5256015102142471,3.383198618209613,-1.2608039190970217,2.5143550108867436,2.166704525405948,0.009352331486978253,0.20323006267554636,2.9777022106033826,-0.001337710731553542,0.002209385373255722,-1.3027931128575017,-0.21201123294424626,0.8123296547944666,-0.03978899649738033,-0.1370209724353647,1.444276400363052,0.500619282628659
3.54,-0.47689643932078024,0.0,0.06726661838472273,0.0,-1.9591294269441442,0.0,0.0047254446363715055,0.0003792196092400953,0.0,6,SolvedWithSlack,157177,99177,366172,0.2657926215648033,1.6626700016786344e-12,1.638501617370891e-13,-0.880490032899429,0.5270296223340002,3.3976143528361122,-1.260808313703119,2.514360235218454,2.1658764233030543,0.009139962370421743,0.34022573061444017,2.8219905761038717,-0.0006194276997337308,0.00030358447089387356,0.5659232941686554,-0.9021044432404658,-0.842137801857187,-0.3749267231981808,-0.8517625420653056,0.3669646754658755,0.4518474566601657
3.545,-0.4768974105328943,0.0,0.06726657323007583,0.0,-1.9591015889498953,0.0,0.006440281511993323,0.00040071796894084654,0.0,6,SolvedWithSlack,140084,83528,331205,0.11842203683788877,2.637857597284632e-12,9.517901874631085e-14,-0.880326204831476,0.527246002822245,3.4063809535608116,-1.2608333788645405,2.5142851173197442,2.1732647959567757,0.047754762318535114,-0.15003143086409648,1.0687725859957962,-0.007517515231038598,-0.023624496957019514,2.064971041172846,0.11854188796721384,0.803891965698135,-0.03251212815325242,0.3031262055193445,1.8947525894062203,0.055898791776054835
3.5500000000000003,-0.4768944689099458,0.0,0.06726645259987381,0.0,-1.9590152696806327,0.0,0.030703690977941626,0.0019257865778408998,0.0,6,SolvedWithSlack,150394,98216,357506,0.10837045408881643,2.3405002979107192e-12,9.054213000007916e-14,-0.8801720299670078,0.5271733441396249,3.4118895234309163,-1.2608559044338914,2.514205355357788,2.1836476009071863,0.0226468477404562,0.06640737463002948,1.126132633853714,-0.0021896499203103077,-0.011062769960195713,2.0856915956274884,-0.6194722140506095,0.008623784140489484,0.16926271648131852,-0.27639665527314433,1.733927265421063,-0.05654474218055711
3.555,-0.4768901103971971,0.0,0.06726648627375334,0.0,-1.9589073596990312,0.0,0.01657573035751337,0.000900389825140301,0.0,6,SolvedWithSlack,139042,96793,345061,0.11095181226647506,1.8718628264167286e-12,1.2811046135334427e-12,-0.8800840335223209,0.527388045262744,3.4193534607993854,-1.2608651911582476,2.5141719731722496,2.1930119205994707,0.014987110469926146,0.02715078965836878,1.727524995169119,-0.0017561560307116344,-0.004246534395782757,1.7348666148172327,-0.2786650036741951,0.06233495772478259,0.013810791861603416,0.025847219959303377,1.775228996263601,-0.18211341340502868
3.56,-0.47688896770622013,0.0,0.06726652206677121,0.0,-1.9588479316110146,0.0,0.009453547642046409,0.0004615066980101496,0.0,6,SolvedWithSlack,145895,98246,356123,0.11139291869743587,1.5850697219609716e-12,1.1956681592761214e-12,-0.8800182738506614,0.5273300138722272,3.427957489129755,-1.260864462502541,2.5141620449207096,2.199418200903589,0.012199660931494796,-0.03689408996673622,1.7162996305821903,0.0011713820334284164,-0.000710946918687989,0.9888661864335717,-0.26879190428675437,0.06637324082648044,0.01331826448384893,0.034266716579648804,1.7822866991589739,-0.18637056116407613
3.565,-0.4768895171801149,0.0,0.0672665635042092,0.0,-1.9588122355675717,0.0,0.00592937182216565,0.0003827143586176533,0.0,6,SolvedWithSlack,144122,96092,349971,0.11174945543124574,1.2137937139763966e-12,6.222556514111008e-13,-0.8799616007749459,0.526966102876958,3.436503785987921,-1.260853422049802,2.5141657136148985,2.202270225584162,0.010885559147496077,-0.09629974861928556,1.7046845969361322,0.0027486619112028795,0.0015483107185050265,0.30090354976184563,-0.259443413067673,0.07006438964992712,0.012286561099416976,0.041986903491574856,1.787991286899932,-0.18992295521762992
3.5700000000000003,-0.47689088882220804,0.0,0.06726660172230817,0.0,-1.9587880890195386,0.0,0.004273100179435454,0.0004111787151657038,0.0,6,SolvedWithSlack,144864,78899,330334,0.1101383120620281,1.4281908988778014e-12,2.1497506465933958e-13,-0.8799091761709488,0.526315998201077,3.4449868001634285,-1.2608371104876042,2.5141781002905845,2.201852754084559,0.010277226525302741,-0.15218545686776003,1.6914336587211338,0.0035090844610101935,0.002998621175236683,-0.3309002004387981,-0.6330638985498126,-0.04393976855450939,0.18272458636363942,-0.2759041782043416,1.7622129929924495,-0.1002207698928765
3.575,-0.47689257566992305,0.0,0.06726661384208484,0.0,-1.9587700148026912,0.0,0.003227330723435215,0.00040978669713434893,0.0,6,SolvedWithSlack,137039,73740,317039,0.11583738833405394,6.750155989720952e-13,2.3586300555884787e-13,-0.8798617123788377,0.5254223566564158,3.4551852435174983,-1.2608294086230603,2.5141972664808927,2.199392191063478,0.009086719225969967,-0.19691653880837331,2.263159131106212,0.0003948595804307655,0.004260922239587204,-0.5958707891965865,-0.25691768146902993,0.07297543247982363,0.01620677859090311,0.04680958762495196,1.7998069063951834,-0.1969235601678917
3.58,-0.47689436133767876,0.0,0.06726660742524225,0.0,-1.958754396714101,0.0,0.0031613753664236598,0.0004267379141365827,0.0,6,SolvedWithSlack,150795,73128,330775,0.11685751385975865,1.1866063687193673e-12,2.4396077605987054e-13,-0.8798151730553893,0.5242712071331671,3.4663234309791306,-1.2608230521187924,2.514219486178565,2.1946932844616374,0.0094223193065374,-0.2521247879429128,2.2049124937562947,0.0017587234626126834,0.004543822249204501,-1.1609362267928818,-0.24754552685958367,0.07615254463186533,0.013200906489143321,0.05358629539670485,1.801907173073778,-0.1986577735615897
3.585,-0.4768962084648857,0.0,0.06726661790767288,0.0,-1.958738068035596,0.0,0.0033458127786913034,0.00043489547018487734,0.0,6,SolvedWithSlack,146276,72617,322719,0.44795229665449887,2.0818902157770935e-12,1.328659404720156e-13,-0.8797674558948688,0.5228512023154444,3.477160663858458,-1.2608115885935705,2.5142427489560877,2.187327664952115,0.009606900528238187,-0.30497110549484885,2.1434807127036293,0.0025752888546676763,0.004707528375922304,-1.6737968863934554,-0.3520488366476489,0.8309080916987743,-0.04222489854915916,-0.7686409774343708,0.31272760374662223,0.761518904312648
3.59,-0.4768979658041385,0.0,0.06726671580471345,0.0,-1.9587204532976703,0.0,0.003637469918729424,0.00039973224282285734,0.0,6,SolvedWithSlack,143040,72467,318823,0.10901523384413539,2.4158453015843406e-12,1.4471757125988916e-13,-0.879721183081804,0.5218126282239386,3.487678917931223,-1.2608195545033616,2.514194647505676,2.187390466257691,0.009057437271102343,-0.14337803012263023,2.0775722695615846,-0.0040134666732936026,-0.01775793736088773,1.0982557971857343,-0.6517065761152746,-0.045094119758643816,0.18212504957995834,-0.2934187785857744,1.7442437415061662,-0.08684371471809926
3.595,-0.47689957691871365,0.0,0.06726682880257993,0.0,-1.9587030294462022,0.0,0.0033272443790938176,0.0003820535494879788,0.0,6,SolvedWithSlack,147989,75553,327468,0.3021976869710593,2.4433788644317856e-12,8.278218605398124e-13,-0.8796781004885846,0.5209517779729593,3.499665928947699,-1.2608424994833698,2.514134065861297,2.1917929549040323,0.008391346139484845,-0.1918217748038259,2.6026587991674948,-0.004842354427678093,-0.008847049848688924,0.740008587508759,-0.22524347880231899,0.8106450239253805,-0.039707456733156316,-0.1506799287153417,1.4258187662052428,0.5137360678508008
3.6,-0.47690111273451274,0.0,0.06726690879185449,0.0,-1.9586857393229118,0.0,0.0036201529070462113,0.0003710319919998158,0.0,6,SolvedWithSlack,141187,72978,319293,0.454855378423382,2.1009860592917514e-12,7.698484937981366e-13,-0.879635501792843,0.5204419381897009,3.512329554127334,-1.260859245202015,2.5141029552807854,2.2006815331152754,0.008591290136606216,-0.04240942709394871,2.4873144936887726,-0.002453508318978401,-0.00474033512604941,2.4448575056274726,-0.36980960625795434,0.8296922756640138,-0.0425700541627973,-0.7619014930616395,0.3409543413651188,0.7732541433197493
3.605,-0.47690256825871924,0.0,0.06726708444638878,0.0,-1.9586667112140508,0.0,0.0039061594011272883,0.0003576504919859148,0.0,6,SolvedWithSlack,142409,74411,319955,0.11011600410187468,2.9416469260468148e-12,1.7705281685209684e-13,-0.879592764959171,0.520687143105483,3.5244254463093023,-1.26088360567627,2.5140234745974777,2.220187789933217,0.008519497328157563,0.1096211707137092,2.3749133965445437,-0.006219499162239754,-0.022112452282361673,4.8384329086315745,-0.7079940972266754,-0.06740843828012277,0.18719720697318695,-0.3415408130072753,1.7067913589856765,-0.0638885731552851
3.61,-0.47690396776025146,0.0,0.06726719183408125,0.0,-1.9586481414986072,0.0,0.0035239545679192665,0.00035664868690787595,0.0,6,SolvedWithSlack,150404,75623,329973,0.11672938219375452,2.8421709430404007e-12,1.6014967130217883e-13,-0.8795518539536683,0.5210480347657286,3.5378193210534996,-1.2609135618973821,2.5139479263288624,2.242359271558156,0.00801008352129266,0.04683654799078325,2.8738107215531676,-0.00578001965065147,-0.011048521566403572,4.173431962537728,0.092279539819423,0.8036547405306174,-0.03349416505702649,0.2805429007191996,1.8676701151000723,0.07438351950130614
3.615,-0.47690539119395237,0.0,0.0672672481628745,0.0,-1.9586293356193107,0.0,0.004030260733962449,0.00037520595837126704,0.0,6,SolvedWithSlack,140075,73088,317269,0.11160989669514917,2.6147972675971687e-12,1.2856382625159313e-13,-0.8795080454429819,0.5217043319048508,3.5517885198764167,-1.2609193385146131,2.5139289173274073,2.262824987180527,0.009159720928902701,0.18731170730836127,2.7419584628167937,0.0015115956650879952,0.0003453115957332254,4.040559440858957,-0.7104394617227143,-0.07695395116198592,0.1897368243817536,-0.34141165917390504,1.7125594622636167,-0.07189737020049843
3.62,-0.4769068203416154,0.0,0.06726730321576979,0.0,-1.9586097004520926,0.0,0.0037498032158177546,0.0003688901853387982,0.0,6,SolvedWithSlack,141868,72547,321698,0.11267949126972104,2.4584778657299466e-12,1.3994361225400098e-13,-0.8794648449804678,0.5224325790161368,3.5669078639368004,-1.2609181514388859,2.51394013882574,2.281132982660443,0.00837157237702366,0.11750835849679636,3.2048341967499034,-0.0004856955674930448,0.0032963972994131036,3.4172698431477806,-0.7113693449384089,-0.08389739085083962,0.19155513515852576,-0.33999626614855577,1.7175831975658125,-0.07892921564539522
3.625,-0.47690818634569987,0.0,0.06726723010220909,0.0,-1.9585916742319054,0.0,0.003537394275739938,0.00036210330223836635,0.0,6,SolvedWithSlack,145405,79110,342116,0.1899314488226219,2.3021584638627246e-12,1.3283818489639998e-13,-0.8794242157482869,0.5227992828955417,3.584205520533309,-1.2609243957786798,2.5139620982259623,2.2964331840127876,0.007998321093872749,0.043602557815799234,3.623021354377375,-0.0016653893298487145,0.004981798420219345,2.829806754942081,-0.09168920088260912,0.8092753027614489,-0.03757672001283991,0.03576828420439987,1.6164426081012255,0.3228834629984572
3.63,-0.47690952993745667,0.0,0.06726720543199487,0.0,-1.9585725911613105,0.0,0.004080093950300116,0.00036462530299707327,0.0,6,SolvedWithSlack,143271,73729,330244,0.2761074404084,2.2382096176443156e-12,1.2145839889399213e-13,-0.8793816043021012,0.5234252153838789,3.6016205507862904,-1.2609200281578299,2.5139940540632515,2.313105708592698,0.008798981800292503,0.17944186606594048,3.392567516822481,0.0023207855861343747,0.00713653985709475,3.6586232331847555,-0.2038050718214473,0.8125573840175345,-0.03983174327739783,-0.109781611364625,1.467226850073685,0.46938264869428004
3.6350000000000002,-0.4769108643497086,0.0,0.06726732343191275,0.0,-1.9585510978656095,0.0,0.004402095199970375,0.00036126777846125344,0.0,6,SolvedWithSlack,139243,77045,339501,0.10992475161862778,6.542856534341723e-13,2.4988333884728986e-13,-0.8793370759856258,0.5247288650444942,3.6179237779861424,-1.2609044462958587,2.5140277910464275,2.3351576902466045,0.008966418947573876,0.3147299419451943,3.1754021154475502,0.0035450310655157796,0.0064593689174244,4.893442655643183,-0.34334904053652116,0.0418653683652751,0.030336746650503177,-0.021132255114962188,1.7587960258980444,-0.17168670490292537
3.64,-0.4769122156438083,0.0,0.06726742323772326,0.0,-1.9585290953298222,0.0,0.004366158042376069,0.00038051676055236573,0.0,6,SolvedWithSlack,150895,73990,330775,0.1148151730934422,1.1723955140041653e-12,2.3742412116195544e-13,-0.8792915273152108,0.5260601808596871,3.6334019507874764,-1.2608859223002777,2.514057307623388,2.356395594865784,0.009180711015760923,0.23437401627411322,3.0445427322397647,0.0037557682415591,0.005571115650460794,3.8316448314746565,-0.7231952038541521,-0.0959562909646329,0.19518579425885174,-0.34807775064682234,1.7161517516774678,-0.08092966780587868
3.645,-0.476913570215748,0.0,0.06726739907675382,0.0,-1.9585083396374074,0.0,0.0039765530305094195,0.0003703125707782025,0.0,6,SolvedWithSlack,147308,96643,349009,0.12522149082158074,1.5495764393858025e-12,5.234793176191188e-13,-0.8792482375859304,0.5269955160004048,3.649962355950701,-1.260877799383201,2.514083883287628,2.373575124289905,0.008385776417797046,0.15520470953293128,3.4838336161112413,0.00039265285983383256,0.0051306321312388735,3.180951882846616,-0.24393565357556685,-0.08208214670678587,-0.21287653439668724,-0.06139311280174131,1.333170606704143,0.00895206200727966
3.65,-0.47691491305982464,0.0,0.06726729828259986,0.0,-1.9584871925531946,0.0,0.004519562644702012,0.0004019745190273147,0.0,6,SolvedWithSlack,145104,78078,331977,0.4553332653137473,1.2505552149377763e-12,2.3889241465953814e-13,-0.8791908071979982,0.5272306861861051,3.664158698572012,-1.2608716719731308,2.5140847178183083,2.3886032359679077,0.01332899060009129,-0.023073589340408124,2.426017185577544,0.001670793160056053,-0.002607329780971953,2.8928506984994993,-0.37269464147396214,0.8339681929308758,-0.043142610011436155,-0.7637016165132489,0.3440436105807776,0.7740665510333704
3.6550000000000002,-0.4769162132312518,0.0,0.06726727473227005,0.0,-1.958463414630972,0.0,0.004854254755679983,0.00037524866830613933,0.0,6,SolvedWithSlack,149522,74420,330455,0.11383951285963002,1.2363443602225743e-12,2.1916844695438892e-13,-0.8791323404229963,0.5275871831394618,3.6759136422610608,-1.2608782789693513,2.514017206168194,2.4101186645009176,0.01084976736939913,0.133529925663314,2.30232739774111,-0.003044920952514018,-0.01961066588152533,5.2105909788790274,-0.7229899464980445,-0.08795907064033819,0.19352717186137103,-0.34976122446006014,1.7095508664694274,-0.07207489855773977
3.66,-0.4769174013777586,0.0,0.06726729154479129,0.0,-1.9584402702532908,0.0,0.004405596138981123,0.00035679821203443197,0.0,6,SolvedWithSlack,135636,73428,313963,0.11483621694757289,2.8162271099125766e-12,1.3112999049233118e-12,-0.8790840289409394,0.5280502722763736,3.6889899392660253,-1.260897024468302,2.513950404574714,2.433854169631031,0.009053816310366251,0.06481284470666523,2.8161769189875945,-0.004092826970713174,-0.009733592331110404,4.44802525382453,-0.7227963522682659,-0.09457424229940435,0.1952215688108739,-0.3473460801640762,1.715518782139788,-0.07987390164699866
3.665,-0.47691853460980566,0.0,0.06726720474229628,0.0,-1.958419210679273,0.0,0.004114341370076686,0.00034790368148219516,0.0,6,SolvedWithSlack,137610,75302,317229,0.10609584640511542,3.1607899891178404e-12,1.3221718401460947e-13,-0.8790414896550761,0.528154305250034,3.7044824635114577,-1.2609185523287405,2.5139224641494105,2.453913110817176,0.008228363747040309,-0.008922088987936968,3.2797451942197453,-0.004367278635019329,-0.0031972908032186238,3.7304430033393774,-0.6069964405802774,0.07134592286077455,0.15248482772029898,-0.2771949498596075,1.6975335424818467,-0.005881554872882418
3.67,-0.4769196437908502,0.0,0.06726709897157468,0.0,-1.9583987532179812,0.0,0.004102213253128882,0.00034359578298869095,0.0,6,SolvedWithSlack,145435,79891,338049,0.11600851092266852,1.2079226507921703e-12,2.3884090235085087e-13,-0.8790009605461069,0.5280009981601758,3.721795716037609,-1.2609370893562493,2.5139209225332,2.4713530556301984,0.008045194018795335,-0.04543158139012132,3.5799349653032912,-0.0032831746104568086,0.0013359922525449242,3.3314092795576,-0.7221253091823778,-0.10284551352615294,0.19721446856853647,-0.3438043079062079,1.7235522565878114,-0.09035097197203872
3.6750000000000003,-0.4769207438441378,0.0,0.06726700032178595,0.0,-1.958378511678988,0.0,0.0039977414378298695,0.00033927961600828827,0.0,6,SolvedWithSlack,138942,74511,320154,0.11266875414372332,2.032411131752676e-12,1.0778570283488317e-12,-0.8789616159290923,0.5275337015657154,3.740871686181624,-1.2609534584653714,2.51393557672647,2.486038156279506,0.007778644170917045,-0.12572331803695405,3.966176884040246,-0.003228852367675657,0.0038264969947026653,2.6828630759759147,-0.3320452390388663,0.050919881256534905,0.04406304536487507,-0.003935338133927255,1.7955584168806635,-0.19153688204432964
3.68,-0.476921884723062,0.0,0.06726692020668558,0.0,-1.9583578182492243,0.0,0.00427754285010828,0.000357100211338384,0.0,6,SolvedWithSlack,142890,73939,322209,0.4532724429664347,3.82982534574694e-12,6.690898648933213e-13,-0.8789202366496924,0.5266911017636511,3.7602022902434804,-1.2609585174233569,2.513960058577157,2.496632802813985,0.008534417217830095,-0.19658877320152884,3.801886049310683,0.0002687933413509717,0.005516725435156418,1.7558199176783784,-0.3693674896878113,0.8344961539062772,-0.043597575809081315,-0.7646135448783269,0.33675390969195895,0.770563153042939
3.685,-0.47692305096947163,0.0,0.06726696896859813,0.0,-1.9583350399572146,0.0,0.0047404784351256935,0.00034590393195453595,0.0,6,SolvedWithSlack,137019,81303,324643,0.11541799774738519,9.895518107184975e-13,3.572403298472606e-13,-0.8788769306062174,0.5261527950601014,3.778355802121885,-1.2609652721283169,2.5139279151537104,2.5127176267295015,0.008717999310321632,-0.048520177241592216,3.5201635461933,-0.0023048535116572916,-0.013198585600033936,4.15742015285234,-0.728513885816205,-0.10026423214003102,0.1962105961705548,-0.35071436051971033,1.7147699737011026,-0.08250937280221887
3.69,-0.4769241782645494,0.0,0.06726705788242555,0.0,-1.958312409504399,0.0,0.004289862765747427,0.0003377845436026386,0.0,6,SolvedWithSlack,137550,76424,319834,0.11569483322950565,9.061263024634503e-13,2.556985114095245e-13,-0.8788355798208419,0.5256708107206917,3.7971304874238005,-1.2609776756545612,2.51388778335674,2.5313503172640286,0.008041418262608836,-0.12855075440003497,3.9055927808525888,-0.0025459005471375465,-0.005035518228104291,3.4485932546706595,-0.7255531126045331,-0.102588295788491,0.1966812164901596,-0.34682359614210156,1.7200848258166084,-0.08830415248867422
3.6950000000000003,-0.47692530108710685,0.0,0.06726703629029923,0.0,-1.9582920516440014,0.0,0.003958918593916978,0.00033479733786241227,0.0,6,SolvedWithSlack,144483,79530,343108,0.15124502275270146,6.615719257141439e-13,2.7004413245476644e-13,-0.8787963698909501,0.5247820429643811,3.8177090498056176,-1.2609902264805035,2.5138795748065363,2.5465824603016882,0.007740750964560979,-0.21073451610800376,4.250518467026748,-0.002456946176132369,0.00030355293791797095,2.7871370967544733,-0.04382311694604186,0.8097560919232824,-0.03708737345196797,0.10104503844531966,1.682885072942227,0.2571165386795925
3.7,-0.47692645917445364,0.0,0.06726707398854466,0.0,-1.9582709479171505,0.0,0.004483572444836473,0.0003449623688982059,0.0,6,SolvedWithSlack,142018,93197,364899,0.11506412046606462,5.621437560235365e-13,2.871844370655203e-13,-0.8787541889531707,0.5241454864591661,3.8379889937413667,-1.2609843529947895,2.513900185476716,2.562262597325654,0.008802660635788138,-0.07166546522853356,3.9304066411136573,0.00324623324040653,0.006249013942841975,3.3596943104645205,-0.7232213776460179,-0.09932935192133403,0.19560900479230986,-0.3459355231726832,1.7188559538729642,-0.08639510983718035
3.705,-0.4769276441585326,0.0,0.0672671618283857,0.0,-1.9582491178786054,0.0,0.004179387672777154,0.00034122300883783144,0.0,6,SolvedWithSlack,145655,75372,331536,0.11681697865174834,2.6147972675971687e-12,1.5470957848151556e-13,-0.8787123384175684,0.5235379637392469,3.8586607665886548,-1.2609744528238709,2.513933736155002,2.5770690164612664,0.008146569642119622,-0.1549158145273523,4.265202590023306,0.0012480991531705493,0.006932294177819381,2.7046168494354084,0.09460385891679207,0.8056156333577416,-0.03423306323167241,0.28307277111727147,1.8690716584279734,0.07313532043140777
3.71,-0.4769288572512661,0.0,0.06726725740871294,0.0,-1.9582270877443675,0.0,0.004663485580720523,0.0003567818304385382,0.0,6,SolvedWithSlack,136428,75492,319213,0.11437615024871299,1.0062331501879684e-11,1.8641754806481003e-12,-0.8786678465249089,0.5231764111993499,3.879016239021773,-1.2609506465771374,2.5139832022375987,2.5904510417889712,0.009293755119118249,-0.017195532641562476,3.945756106215794,0.006737408793938523,0.011518046023385761,2.657593685567045,-0.7144033297905255,-0.09513846810051432,0.19443945542281207,-0.3391425280579369,1.7231419259919036,-0.08858565538185013
3.715,-0.47693009795379876,0.0,0.06726737253508097,0.0,-1.9582045321435277,0.0,0.0042952144635186,0.0003512879717655179,0.0,6,SolvedWithSlack,139353,80692,328360,0.11240528542987174,2.7711166694643907e-12,1.7357444352813188e-12,-0.878624214331841,0.5228389436139305,3.899736276138358,-1.2609282847502594,2.5140347342621676,2.601919573221126,0.008432245679044846,-0.10121306382155443,4.271203356694559,0.0031420178562896065,0.009553151802960123,2.059453976012751,-0.3215775133348594,0.05347787663100756,0.03722365390480628,0.0021633633169755506,1.7911348801783151,-0.19108898523078197
3.72,-0.4769313470323956,0.0,0.0672673836422104,0.0,-1.9581831275654202,0.0,0.0043388703290720984,0.00036871837730949975,0.0,6,SolvedWithSlack,154011,74090,333500,0.11781133669825672,3.176126028847648e-12,1.741384814124558e-13,-0.878580516394634,0.5221104087484374,3.92038334687531,-1.260909947698383,2.514077744763922,2.609526474260938,0.008898603956871753,-0.1748277844654465,4.038312700603502,0.0039391287268007984,0.00804977537592606,1.1751291481491815,0.11137658383569354,0.804307521213033,-0.03374145609996142,0.2988797216151159,1.8849813871721075,0.0589381245421238
3.725,-0.4769326611433383,0.0,0.06726745924967402,0.0,-1.9581600658706872,0.0,0.00483119780190669,0.00037864397246880867,0.0,6,SolvedWithSlack,155764,75984,341124,0.11235734157921137,2.644551612775073e-12,1.03476432795419e-12,-0.8785333236808388,0.521659691634622,3.939653896139113,-1.2608773536388223,2.5141291942502106,2.615568130423301,0.0097237338311035,-0.033701113357489626,3.7351134170315583,0.007942686053570269,0.0114946476776293,1.2292507557205465,-0.2987660859975624,0.05977914129086864,0.027456659210095463,0.016835890560285997,1.7890227301253359,-0.19100748068465934
3.73,-0.47693401279638836,0.0,0.06726757767274735,0.0,-1.9581358770835153,0.0,0.004772584788407617,0.000389360081929411,0.0,6,SolvedWithSlack,147028,87275,345002,0.11401758784567656,3.581135388230905e-12,1.9934054407144686e-13,-0.8784851000062467,0.5212782389637557,3.9576807750212746,-1.2608421804460739,2.514177621909483,2.619269698785622,0.009604075436482005,-0.10421876197630436,3.522019836638272,0.006448073630870937,0.008630491174557865,0.4258438910621547,-0.2843333236463419,0.06468460086022548,0.023774092215793435,0.02753433790567094,1.7931815649701912,-0.19382989933765016
3.735,-0.4769353879698221,0.0,0.06726760839047446,0.0,-1.958112266269399,0.0,0.004699969305721183,0.000397630938906093,0.0,6,SolvedWithSlack,149011,73549,329743,0.11898971243490607,4.789443147634742e-12,1.6096568522527832e-12,-0.8784371504127577,0.5205564725313274,3.97467343663057,-1.26081368395097,2.5142148739316976,2.6191745091331575,0.009583330704450664,-0.1706662792396437,3.3191740755938324,0.005216833597316883,0.006766340815106969,-0.3051207910980458,0.13154796168875324,0.8026292639335766,-0.03298813005064161,0.3175333833789689,1.903835398958497,0.04246237713916194
3.74,-0.4769367795668025,0.0,0.06726767866407402,0.0,-1.9580878399937023,0.0,0.005053052722552032,0.0003988078678280884,0.0,6,SolvedWithSlack,143020,73649,325274,0.10809569856397377,3.617226960669906e-12,1.1222689444423395e-12,-0.8783874428864201,0.5201457005011038,3.990560544807484,-1.2607789394781086,2.514259814183146,2.6180975177251926,0.010132107629201487,-0.02329924893765837,3.0857073143974674,0.007880599324341613,0.01017999814426521,-0.15794311531291275,-0.5617264174539369,0.07990399242767558,0.14966486437104898,-0.23854446989036748,1.7295311770235804,-0.03140129183122101
3.745,-0.47693813871798457,0.0,0.0672677725652356,0.0,-1.9580634092847493,0.0,0.004685739481463467,0.0003837278020818384,0.0,6,SolvedWithSlack,147388,79811,331036,0.10938416613689428,2.8859122800902262e-12,8.02857780257682e-13,-0.8783398980077932,0.519924942353596,4.006854844727401,-1.2607555790570817,2.51430333875132,2.6169313751395205,0.009185494678560209,-0.058315680758178674,3.3698610972127008,0.0027740689078573203,0.0077909285895939075,-0.28150850959189877,-0.6590967140098968,-0.062040341346678414,0.18595308243272027,-0.2962866263499169,1.7476790088279133,-0.09748447739639701
3.75,-0.47693942913204657,0.0,0.06726774823911408,0.0,-1.9580412143922803,0.0,0.0042896583172931406,0.0003729557025209487,0.0,6,SolvedWithSlack,144362,72777,327058,0.11682055458492269,4.980904577678302e-12,2.0399464452716676e-13,-0.8782960436109083,0.5194168664745679,4.024776348256663,-1.2607553864657453,2.5143354236634794,2.6145075090827175,0.008554330997904203,-0.1306926741732202,3.7218807828943388,-0.001523373037973738,0.005589699350665046,-0.6153323175624482,-0.27193777029125177,0.06960764663073138,0.021921095640168003,0.03775813714282917,1.8001147308770382,-0.19859494279436857
3.755,-0.4769407333957379,0.0,0.06726766902316851,0.0,-1.9580195557482967,0.0,0.004417527569265318,0.0003901453092358733,0.0,6,SolvedWithSlack,132530,72918,308853,0.1097593614769638,8.813041442456981e-13,4.713953023500334e-13,-0.8782513918873478,0.5185640084662168,4.042669490975799,-1.260760205829071,2.514357414696747,2.609483572743627,0.00912472127951676,-0.19664016216446686,3.48652702683888,-0.0006248706104800582,0.0037352407606786944,-1.2550983512631775,-0.6452005699671641,-0.05505390417249334,0.18403123141861502,-0.2844309147714993,1.7561497836314208,-0.10254766545519839
3.7600000000000002,-0.4769420542042871,0.0,0.0672675738466428,0.0,-1.9579979418536482,0.0,0.0042126223039936446,0.0003792474623305021,0.0,6,SolvedWithSlack,132180,96452,333149,0.1098070974315467,6.225686536623229e-12,4.210750671751473e-13,-0.878207681582092,0.5173751061247439,4.061114181695,-1.2607719075786825,2.5143739367212317,2.6024494333091566,0.008543201566676846,-0.265404600638509,3.81875847321124,-0.003283251215254951,0.0030333657059943447,-1.5042025320710792,-0.6467207343723302,-0.05700303178583363,0.18427084847144565,-0.28491606983804457,1.756913558904747,-0.10441110498303623
3.765,-0.47694332443794835,0.0,0.06726745368509167,0.0,-1.9579773952216883,0.0,0.0040552025531448935,0.00036900141284197067,0.0,6,SolvedWithSlack,146025,75232,326347,0.10983790380691569,7.140954494389007e-12,6.570753056239775e-13,-0.878165902969629,0.5158368146553629,4.081110520966764,-1.2607928542518183,2.514387312190726,2.594232479624315,0.008257670945161454,-0.3359660252706487,4.114989893470674,-0.004644332154931213,0.002453929880059266,-1.7326848627308844,-0.6474908440884439,-0.05759848090795427,0.184119650327074,-0.28505334003553695,1.757406460910651,-0.10557810301496108
3.77,-0.47694456834489574,0.0,0.06726733028227572,0.0,-1.957957372015496,0.0,0.003978342441999576,0.0003624823462810544,0.0,6,SolvedWithSlack,131428,73549,308482,0.11972458681200587,6.551453823888664e-12,6.106228803842706e-13,-0.8781250846093737,0.5139423614687267,4.102486022013708,-1.2608176801773343,2.5143981726813247,2.5849369158863476,0.008114176990003065,-0.40759903611936316,4.377690444137465,-0.005078382178106109,0.0020009638899801765,-1.9401868086354397,0.14199533775939996,0.8004013369381187,-0.03291943229892526,0.3294266240331836,1.915593388992094,0.029327302785996597
3.775,-0.4769458483857955,0.0,0.06726731910088161,0.0,-1.9579357163622242,0.0,0.004646006718646651,0.0003768064425795952,0.0,6,SolvedWithSlack,133733,73429,320436,0.10959529969838565,5.7340798775840085e-12,1.6302681860730361e-13,-0.8780801359145627,0.512346295649614,4.123258649687548,-1.2608207591415703,2.514420822764641,2.576076615157245,0.009447608446160856,-0.2601835710148184,4.0103804964681,0.0019409864186948108,0.005938489011554928,-1.6640274364641279,-0.6396222315159679,-0.045442978253509986,0.18055986716178468,-0.28167689107880667,1.7535247951741704,-0.09846252525316593
3.7800000000000002,-0.4769471553719219,0.0,0.06726738591899842,0.0,-1.9579128572379492,0.0,0.0044053040901435485,0.0003689087131065755,0.0,6,SolvedWithSlack,153480,91182,348528,0.11994796916752834,6.053716555820543e-13,1.7369580166542997e-13,-0.8780352960077048,0.5108372104077705,4.144095857484422,-1.2608190975528142,2.5144439388878275,2.567180184960099,0.008719110528018756,-0.32968998015902795,4.268087017915425,-0.0005924483558531954,0.00384314301325925,-1.8531042656398609,-0.18078288258285777,-0.03632230751076075,-0.20391154758479818,0.001082260537563079,1.4162167726929056,-0.037074775581607544
3.785,-0.47694850281157936,0.0,0.06726736888856807,0.0,-1.9578901749044342,0.0,0.0047013069914628785,0.0004072677833866812,0.0,6,SolvedWithSlack,143962,80572,328080,0.2939482554660282,1.9895196601282805e-12,4.891495195002982e-13,-0.8779883897323028,0.5087786917203049,4.162062134941234,-1.260816174146017,2.5144375090170255,2.5580213881219285,0.009717088729082916,-0.46464029449143035,3.159916256700629,0.0012297446508050202,-0.004151806667468069,-1.8174134432609736,-0.20671143094260747,0.8054175029954461,-0.03921028227770955,-0.1350162721442355,1.4355242479799324,0.499712034292248
3.79,-0.4769498942233393,0.0,0.06726740119212189,0.0,-1.957865998946887,0.0,0.004896370909871532,0.0003902564326905162,0.0,6,SolvedWithSlack,135857,73238,318381,0.300798406434342,2.0179413695586845e-12,5.817181588860243e-13,-0.8779403806168486,0.5069385048659398,4.177037867945633,-1.260807315638492,2.514421940190255,2.554579114126694,0.00954011543034576,-0.30383106795606796,2.8886090266228037,0.0020378208499084926,-0.002605858236229243,0.03767822718470043,-0.21896546742476153,0.8048820658500021,-0.03922682015132831,-0.14741842038605935,1.4203324048201684,0.5113572909383814
3.795,-0.4769512175380601,0.0,0.06726755461962891,0.0,-1.9578413340800622,0.0,0.0049442451240538435,0.00037440029457158863,0.0,6,SolvedWithSlack,143050,74190,321097,0.10785910627129475,3.932525312333457e-12,1.2962408924011015e-12,-0.8778930586221648,0.5058973240840141,4.190728266254548,-1.2607965416719016,2.5144101396392893,2.5599567435042325,0.009424921073558249,-0.14472868664614275,2.640709023052143,0.0021803144990536045,-0.002284750452136046,1.7429279990097175,-0.25546733243875164,0.06490833734600521,-0.02156359907623534,0.02927872952783404,1.725745700340716,-0.16172171103920158
3.8000000000000003,-0.47695255630692723,0.0,0.06726768774857818,0.0,-1.9578170181497028,0.0,0.00479210235427809,0.00039058623935949024,0.0,6,SolvedWithSlack,142079,75453,321307,0.1193374518244639,3.242305729456163e-12,1.0222378499236129e-12,-0.8778454096565544,0.5049789326518205,4.203046526789191,-1.2607859855448633,2.514395038134073,2.5664030704960394,0.009583233976272738,-0.20910958561227616,2.3498249126742357,0.002047521903294026,-0.003374692003890341,0.9973933213291244,0.1394749385348527,0.7967038855772623,-0.03179379271640509,0.3264247193317592,1.9093992291914224,0.03135705569178354
3.805,-0.4769539570948672,0.0,0.06726780492633162,0.0,-1.957792522852499,0.0,0.005016633456423436,0.00039721199892447804,0.0,6,SolvedWithSlack,135937,75583,324193,0.10773490575341466,4.796163466380676e-12,9.916812769588832e-13,-0.8777957581046434,0.5044125911860483,4.214269490804153,-1.260764600071286,2.5143952400800464,2.571353428656567,0.010116379294330418,-0.04964948404384271,2.1763627284728764,0.005519851318046554,0.001983855571735745,0.9849333025427003,-0.23359898204592894,0.071315287982814,-0.031174826396828503,0.043204588042798524,1.7237584920546345,-0.16150249853379955
3.81,-0.4769553936289949,0.0,0.06726792187304396,0.0,-1.9577676463356282,0.0,0.004900581457211005,0.0004096775977013028,0.0,6,SolvedWithSlack,155023,87726,378024,0.10789809415037033,9.774402712296167e-13,2.8851137516376635e-13,-0.8777455572778274,0.5039750842785026,4.224304398706364,-1.2607422874324767,2.514397297513863,2.5742363420527954,0.009999992242972244,-0.11226998034441918,1.8981173271228706,0.0038043354521319264,-0.0004472724590122069,0.31400055147820455,-0.21939717752303411,0.07600128961677144,-0.03561509494815851,0.05325702301637719,1.7263695064059252,-0.16332812194696156
3.815,-0.4769568571457433,0.0,0.06726793321343555,0.0,-1.9577434349297704,0.0,0.004816464778358128,0.0004191552136044028,0.0,6,SolvedWithSlack,160233,90351,379678,0.12045644749837348,1.385889666916107e-12,1.687865367959336e-13,-0.8776956363429442,0.5032365902798951,4.232991237451185,-1.2607271469029537,2.5143909787740593,2.573955064044491,0.009975884023877345,-0.17088139032788904,1.6340467438254207,0.0025505893257118896,-0.0016841002366472539,-0.29431259623689876,0.15826264325730827,0.7951515253220277,-0.031054945218716407,0.34368800720963155,1.9273031599739756,0.016155943578009146
3.8200000000000003,-0.47695833077416994,0.0,0.06726797426290104,0.0,-1.9577186491364391,0.0,0.0050887501582038775,0.00041645948617473794,0.0,6,SolvedWithSlack,144172,85692,346314,0.10878973533833344,9.539036062989691e-13,2.1534626933105637e-13,-0.8776444538610468,0.5028737892857797,4.240848909543825,-1.260705446347966,2.514399681073864,2.5726858269508117,0.010377697312854537,-0.00741058280760374,1.5308357358202282,0.0053325408722569535,0.0036682599828881386,-0.22811215140937707,-0.5832771092749159,0.03024709045374885,0.16072580212580914,-0.2513054141355655,1.740635765413335,-0.060511903779316326
3.825,-0.47695975290864934,0.0,0.06726803110757372,0.0,-1.9576942547528862,0.0,0.004652325305437921,0.0003958767937205402,0.0,6,SolvedWithSlack,145665,76975,346044,0.10795778517572974,2.0634338964049814e-12,2.182457073141454e-13,-0.8775961715883492,0.5027168483880812,4.249855804561965,-1.2606967426639617,2.5144146487219983,2.570917582006519,0.009282016666354042,-0.047688542446774645,1.9751182621702326,-0.00034146626117462784,0.0025733084008123693,-0.43426276024683175,-0.5072094937857962,0.139837256728489,0.13267979884170655,-0.20478496216433592,1.7273245628116758,-0.011159758390365898
3.83,-0.4769610956166032,0.0,0.06726799248332627,0.0,-1.957671862284577,0.0,0.004400309623174038,0.0003848430982129166,0.0,6,SolvedWithSlack,142409,98866,356784,0.1564251472732495,2.7711166694643907e-13,5.894384542363008e-14,-0.8775510690881162,0.5024383963807362,4.2606985599445215,-1.260707602449351,2.514425497688424,2.5686939066355072,0.008883399612625627,-0.06128265762663279,2.2926335690385353,-0.0031859742592341327,0.0019094797672443327,-0.4513673447738708,-0.44124163114582016,-0.32019839821181173,-0.2659227503645241,-0.3120690017219854,1.0434468367539464,0.1384941344475905
3.835,-0.4769623557113666,0.0,0.06726786883416754,0.0,-1.9576479319340945,0.0,0.005198074870561674,0.00041174274526857563,0.0,6,SolvedWithSlack,142308,84740,334602,0.10815378764001288,2.0412725329488346e-12,1.5378974135837886e-13,-0.8774667056922921,0.5014250055129214,4.268608648768597,-1.2607300927279539,2.514392952030492,2.5678998448179393,0.021901197710053142,-0.294811438032838,1.1257065474317642,-0.005222545369188692,-0.011236073889673556,0.03011513958879676,-0.4949012036424787,0.15182756286349675,0.12974654660537918,-0.19561790213450425,1.730460602240206,-0.009562918852338148
3.84,-0.4769634741594716,0.0,0.06726770200533158,0.0,-1.9576215132477228,0.0,0.005207748724849147,0.0003932008644657481,0.0,6,SolvedWithSlack,130496,74851,317299,0.10727781508206305,2.179144403072231e-12,6.64107657755153e-13,-0.8773812867708513,0.49998144465808064,4.275441964302374,-1.2607575904162875,2.5143527413579685,2.5678878426403484,0.01461873415899862,-0.28584937338933447,1.5215313146233345,-0.005574013482043467,-0.006194187945848549,-0.023526178156420996,-0.202100875418893,0.08084314068594667,-0.04802600489398143,0.06203353647008004,1.7164450413130088,-0.15896344334088172
3.845,-0.4769645523580836,0.0,0.06726758861977164,0.0,-1.9575946139707638,0.0,0.00554175580173621,0.0004005787515516621,0.0,6,SolvedWithSlack,136788,74420,318422,0.10724078327393055,3.0411229090532288e-12,9.918868840424339e-13,-0.8773166155618175,0.4984084585970374,4.2822214489537,-1.2607767305031172,2.514325482494497,2.566080065127913,0.012076489551061343,-0.3337396357433629,1.2495021976236527,-0.002775517986893717,-0.004949750809735112,-0.5789773078132451,-0.18797338494868737,0.08541521646182149,-0.054400700903797006,0.07110842508960812,1.7158525323828888,-0.15916651253892658
3.85,-0.4769656353142018,0.0,0.06726751307124333,0.0,-1.9575659963370924,0.0,0.005822688831910364,0.0004074208818232124,0.0,6,SolvedWithSlack,135135,82506,323671,0.12144226220443792,4.526157226791838e-12,9.718359472200844e-13,-0.8772599202003937,0.49659913185833254,4.287662549092013,-1.2607839300994337,2.5143044128410197,2.5616651488120707,0.010965706400282991,-0.38041579336877324,0.9845806136615207,-0.0006508547780765273,-0.003727833825091515,-1.0784594763359796,0.1736873345548664,0.7923253313917464,-0.03024113856601688,0.35877512260806166,1.9430761952710067,0.0011625781186431453
3.855,-0.4769667164965191,0.0,0.06726754786745796,0.0,-1.9575357490755647,0.0,0.0062115053773690344,0.0003983868754576127,0.0,6,SolvedWithSlack,149903,97635,354500,0.11154294742650521,1.8003385105217737e-12,3.822076119139317e-13,-0.877205537507252,0.49522039340288276,4.292452895510722,-1.2607715474830257,2.5143091680670744,2.5565757700880427,0.010841606308873165,-0.20655138790323516,0.9406153106226312,0.004254409940919456,0.0035986690479925393,-0.9792209102788613,-0.12654354727955336,0.02719209381581326,-0.18962301062505885,0.05428538813920795,1.4922396815155883,-0.06450162841584102
3.86,-0.47696783410139243,0.0,0.06726764232103083,0.0,-1.9575043536136603,0.0,0.0062808197233951285,0.00041949386818927465,0.0,6,SolvedWithSlack,140405,82196,328581,0.2228258033512947,2.3527863343523666e-12,4.476800942215982e-13,-0.8771498283398458,0.4939197096838703,4.294989259035066,-1.2607515139822312,2.514309694887287,2.551244366216796,0.011281345856986763,-0.29497786412655874,0.22887091838742776,0.003807529122798193,-0.0018497689017765826,-1.121869088161571,-0.1046465710249076,0.7955356115498468,-0.035272486745922954,-0.012627521170679468,1.555928470539921,0.378803865697201
3.865,-0.47696896592983884,0.0,0.06726773171163303,0.0,-1.9574731699027539,0.0,0.006196165625225828,0.00039848805380020345,0.0,6,SolvedWithSlack,136487,94359,349069,0.10849533593805455,3.5274005599524736e-12,5.373925241096227e-13,-0.8770959879982845,0.4929758511756544,4.296180519217257,-1.2607331677285982,2.514309874523057,2.549827250646987,0.010505242605449579,-0.11864254479567986,0.2439733120024008,0.0035357371625332245,0.0010225981636260107,0.2557334126951379,-0.5299612848613907,0.09591987508393315,0.14331116293989019,-0.21863437519394643,1.7359253750088728,-0.03454567239210992
3.87,-0.47697004442265456,0.0,0.0672678319831233,0.0,-1.957443808561122,0.0,0.005604229647563325,0.00037818963401636303,0.0,6,SolvedWithSlack,138933,74831,326938,0.12105600485829791,1.1576517461641733e-11,9.853948864155639e-13,-0.877047066002989,0.49234247313874685,4.298986307821388,-1.2607283193940217,2.514317659467893,2.550613391142175,0.009412221028744236,-0.13241915961535547,0.7649667844699346,-0.0005085001038516332,0.0018322549978269083,0.09383453619067166,0.17025537001208174,0.7909708070148718,-0.02997921055190668,0.3554009015737463,1.9368960777327666,0.004099533733373471
3.875,-0.4769711546842476,0.0,0.0672679273241894,0.0,-1.9574156211343114,0.0,0.0057540566772277075,0.0003863092027771811,0.0,6,SolvedWithSlack,138912,74250,317930,0.10829459565354581,2.8039792549202366e-12,1.842104616689347e-13,-0.8769976121420306,0.49218612089349734,4.3027335227818755,-1.26071773932976,2.5143411441286383,2.551051519961433,0.010144629778608052,0.03568306340371231,0.7390541152701057,0.0036073216368110554,0.006296190786336669,0.08332247704855059,-0.540071940328182,0.08659766909043218,0.1454202796685514,-0.22633324265691407,1.732713530456733,-0.03550797532773608
3.88,-0.4769723142814667,0.0,0.06726802679775218,0.0,-1.9573880207735712,0.0,0.0052772226093424236,0.00037856645504865435,0.0,6,SolvedWithSlack,141166,74430,327238,0.10826568266973423,2.6632030183364522e-12,5.548006769495617e-13,-0.8769498081694782,0.4922973701904786,4.307866920024457,-1.2607135244246095,2.514367406624071,2.5510122078157824,0.009257513285024815,0.01296793898481926,1.2114649497789478,-0.0007528290709680961,0.004609131184147968,-0.06642056694592084,-0.5490777259758719,0.07672180369797715,0.14779489977571036,-0.23198160570210036,1.7322509227157477,-0.03908581447074817
3.8850000000000002,-0.47697345769619265,0.0,0.06726801754207623,0.0,-1.9573629270581026,0.0,0.0048726288871209535,0.00037299804571935195,0.0,6,SolvedWithSlack,137450,73950,320406,0.10824623786583443,2.990940837213102e-12,1.9419360607157563e-13,-0.8769049899305765,0.4922802547759921,4.315231680173915,-1.2607261644488172,2.5143862188962682,2.5502355161221018,0.00880974306012708,-0.014618812454802156,1.6408895812700037,-0.003505539631920248,0.0032466383706393678,-0.21243595495550172,-0.556731241933894,0.0683143311735114,0.149796133221765,-0.2367410788181631,1.7319398058533508,-0.0422456226867211
3.89,-0.4769746092667499,0.0,0.06726795147577629,0.0,-1.9573393756668704,0.0,0.0046166426651733415,0.0003701236435717935,0.0,6,SolvedWithSlack,136438,76765,317790,0.12076373651843053,3.542055605913555e-12,2.904721694040247e-13,-0.8768617195816174,0.49211275214871164,4.324622221789621,-1.2607485573719797,2.5143991293182566,2.5487433045762455,0.008571723213151763,-0.04631296342519292,2.030408399494968,-0.004968229714905862,0.0021823083138262484,-0.3536657345529883,0.16576843757139964,0.7916132892541916,-0.03053009550333724,0.35202293949313024,1.9322197842948885,0.006840111279114536
3.895,-0.47697582939653177,0.0,0.06726794740423546,0.0,-1.9573151678401985,0.0,0.005068935051192252,0.0003869870909629618,0.0,6,SolvedWithSlack,138422,80422,323441,0.10813314889859005,2.624567165276524e-12,5.324182485879725e-13,-0.8768150220962286,0.4923622831264741,4.334268049346541,-1.2607538354568342,2.5144211000437773,2.5471102703555304,0.009742306683004343,0.11377101971957732,1.863520220859846,0.001198659615064491,0.005634086359032221,-0.3094246113001752,-0.5647046536486894,0.06052431703363004,0.15168685435079216,-0.24272849532186713,1.7301303823774408,-0.04340314440914414
3.9,-0.4769771008777921,0.0,0.06726799002016265,0.0,-1.9572904465935077,0.0,0.004760995822221756,0.0003805570255760524,0.0,6,SolvedWithSlack,149713,97745,352836,0.11400610155541072,2.551514490617219e-12,5.480743130353621e-13,-0.876768676156672,0.4928177603046955,4.3447043199105275,-1.260757045729306,2.5144420265094682,2.5451488842958647,0.009022990905452685,0.07575473590790642,2.230904872214635,-0.0016891407465837215,0.0033272665983042483,-0.4454011893965211,-0.14740082835805604,0.01269070247246408,-0.1938103726441982,0.034552410884271634,1.4680908837610993,-0.054915043027809
3.9050000000000002,-0.4769784105270559,0.0,0.06726794501066322,0.0,-1.9572661066728487,0.0,0.005026609512665054,0.0004157334301523324,0.0,6,SolvedWithSlack,138942,81264,324884,0.10695442322035541,2.5464075140884267e-12,5.005924964899118e-13,-0.8767163178705065,0.49287404985871774,4.353210567750144,-1.2607606662840176,2.514435001568865,2.5424226875568503,0.01136108540924932,-0.030648646957527916,1.3609464311604176,-0.00018088682151935732,-0.004038672843440529,-0.609017046540253,-0.37808356932713305,0.30956935767172733,0.08883093945200986,-0.12495560366051339,1.7112707715256865,0.06030307606872275
3.91,-0.47697975387812996,0.0,0.06726788872060904,0.0,-1.957241146563924,0.0,0.004908882353219433,0.00040052917531746345,0.0,6,SolvedWithSlack,147458,87305,340563,0.09886772517465901,2.525091251768136e-12,1.8029311181198693e-13,-0.8766637957533355,0.49282943692723874,4.360739414166304,-1.2607639118641694,2.514421922560621,2.5401374907576013,0.010065406023351924,0.005139367860859247,1.5986314665595638,-0.0009081704506772495,-0.0018150855938577723,-0.3593273690979513,-0.06961337222558675,0.21753708411805456,-0.15073489172780907,0.11006450207207556,1.5818836027945442,-0.029708085049623967
3.915,-0.47698110373137176,0.0,0.06726786097921572,0.0,-1.9572160745242573,0.0,0.005130639353259138,0.00041880285268694787,0.0,6,SolvedWithSlack,141758,75362,322810,0.10855851952516728,2.8306246148727843e-12,1.8559666555706315e-13,-0.8766124315213749,0.49276423068758995,4.366822862388216,-1.2607618159581138,2.514404782318,2.538089171390346,0.01038022103311062,-0.024594293902676503,0.9711638523336612,0.0011663252821257724,-0.004291718729843517,-0.44186196240848796,-0.5397945144352136,0.08148639093791377,0.14677884005676725,-0.2245311952900605,1.7369363124026764,-0.041079966846936544
3.92,-0.47698245634366465,0.0,0.06726782587616074,0.0,-1.957191198752183,0.0,0.004802967363378496,0.0003965552092248735,0.0,6,SolvedWithSlack,144202,75162,324603,0.10851290314763744,3.3790747850773976e-12,2.1383984389249593e-13,-0.8765639733486231,0.49256837761308064,4.373027731971351,-1.2607644834879512,2.51439017575736,2.5355459733219656,0.009336905956409309,-0.04920289772843135,1.4143029859004552,-0.0014925342376319397,-0.002137955806132878,-0.5515964194462798,-0.5476735446010437,0.0733161932020737,0.14869275938012014,-0.2295550140550791,1.736206450362199,-0.04384955887904958
3.9250000000000003,-0.4769837281301209,0.0,0.06726776906164823,0.0,-1.9571680273263896,0.0,0.004542735223603099,0.00037951292002311643,0.0,6,SolvedWithSlack,151376,103135,363587,0.1128755822026214,2.632116679297264e-12,5.443250580666455e-13,-0.8765189576906288,0.49223632064305733,4.381322834891956,-1.2607770689321778,2.514383671205557,2.532459574987933,0.008830615821916833,-0.07812941206437803,1.8161716608523455,-0.0030630972891466943,-0.000825693913945921,-0.6594941839441353,-0.13809916861275823,0.020448424374386945,-0.19188848974445635,0.04347051529612951,1.4790368651605732,-0.05936271775266785
3.93,-0.47698504653294677,0.0,0.06726769996722178,0.0,-1.957144522906988,0.0,0.004866078698204198,0.00041340246174850884,0.0,6,SolvedWithSlack,136538,79850,322950,0.2988477034818495,6.274091308968268e-12,4.80396911215885e-13,-0.8764716001416362,0.49155888179944685,4.387904700641457,-1.2607848116394007,2.5143637384271464,2.5286965326617956,0.009799300854975114,-0.17273159197579374,0.995189655087905,-0.0006756937742787904,-0.005711690827347911,-0.8121535908455443,-0.20274300739850265,0.7968087867789643,-0.03739484475496424,-0.1401445869328865,1.419496485431452,0.5080410959191441
3.935,-0.4769864126521667,0.0,0.06726770129030095,0.0,-1.957119590195192,0.0,0.005035900542702743,0.00039563696062979337,0.0,6,SolvedWithSlack,138982,74962,319424,0.10768565969073815,2.8155256019453997e-12,5.848921433420955e-13,-0.876423241787759,0.4912118429489286,4.392589933453645,-1.2607852730089044,2.51434250583606,2.5300723009227695,0.009605736832033033,-0.0010374200249319357,0.8992642611862427,0.000227302506041231,-0.0034775481974918176,0.9743709872521498,-0.5507865105705243,0.08399590942364665,0.14583980452828182,-0.235698315127155,1.7229705550518104,-0.029380271443554
3.94,-0.47698770999525486,0.0,0.0672677578119051,0.0,-1.9570953847246548,0.0,0.00465809732337945,0.0003767241924176399,0.0,6,SolvedWithSlack,146557,106952,359399,0.2606052739325095,7.90167933503694e-12,6.044022209211472e-13,-0.8763774418555657,0.4911325338470824,4.398436198400646,-1.2607907462895072,2.5143307724502435,2.534296267260399,0.00892985022829898,-0.026001159770794462,1.3427062414196216,-0.0018308725896996215,-0.0016956196774156145,0.761293812571482,-0.91099759942053,-0.8271767943194915,-0.37940571511719723,-0.8691439858921592,0.3832788773475264,0.4430289656852661
3.9450000000000003,-0.4769887119576714,0.0,0.06726764536913385,0.0,-1.9570686738768421,0.0,0.006131173345022641,0.00040427949270071677,0.0,8,SolvedWithSlack,138461,113635,361773,0.10760822740893802,2.1316282072803006e-12,1.3289345210214243e-13,-0.8762350788463744,0.48974492592438856,4.400501697741768,-1.2608202175573187,2.5142538052887398,2.542317555169673,0.04086863716706854,-0.44190859158877943,-0.18399559888238148,-0.008191568546617532,-0.0230871940250548,2.147493716218249,-0.5301473832477247,0.11330526560434928,0.13851461729248776,-0.22172285095506156,1.7217316385430084,-0.018425434350348862
3.95,-0.4769853230982189,0.0,0.06726740942603232,0.0,-1.9569788559511843,0.0,0.044005204759966554,0.003009326833642606,0.0,8,SolvedWithSlack,141637,126208,374056,0.107409917758083,3.179678431555043e-12,6.207562675691891e-13,-0.875966593929227,0.48839116862058485,4.4003341935491616,-1.2608658140306748,2.5141626804349264,2.5521463297985862,0.06074150842205708,-0.16273082983101397,0.0749582476994929,-0.009707998557440764,-0.015502022974448292,1.8477723837737923,-0.5289324415222079,0.11456575968571514,0.13805724505594988,-0.22248502767129802,1.718558684129328,-0.01529902194235011
3.955,-0.47697744393634145,0.0,0.0672672955738471,0.0,-1.9568234298064706,0.0,0.024241080947375333,0.0014837797562064355,0.0,8,SolvedWithSlack,150795,109897,367774,0.10737909187335984,2.3234747459355276e-12,1.226736285930884e-13,-0.8757147706659562,0.4879999908754749,4.401203766106944,-1.260898802874794,2.5141152975791297,2.5606353511023694,0.04266583625090305,-0.024438487447960344,0.24852811638818129,-0.004919639069105942,-0.006133561614571436,1.600194359908175,-0.5313412574053901,0.11050075383211318,0.13900783070946343,-0.2245167087185148,1.7180654699737574,-0.016445380293441364
3.96,-0.4769741670865393,0.0,0.06726729610693392,0.0,-1.9567350174192757,0.0,0.014247332419446937,0.000753373229962597,0.0,8,SolvedWithSlack,144683,110038,371121,0.10736252643972767,2.3092638912203256e-12,1.118176040371867e-13,-0.8755583202833798,0.4882312192525367,4.403103108097158,-1.2609151238875456,2.5141020116991735,2.5679298829608217,0.025041949149339698,0.08832907393339247,0.47333893354805456,-0.002373467928570375,-0.0007412319396957179,1.3673150860568293,-0.5381852978613529,0.10200064786392078,0.14111013026720415,-0.2292650394492987,1.7178004230356427,-0.019189340467957283
3.9650000000000003,-0.476973122504339,0.0,0.06726733172692416,0.0,-1.9566795094669476,0.0,0.009474157762073708,0.00046046770128221074,0.0,6,SolvedWithSlack,148190,86674,364349,0.4541644261296736,2.2026824808563106e-12,2.483834143865996e-13,-0.8754615175368092,0.4889210765950854,4.40623290342859,-1.26092273355302,2.514108032507449,2.5740903808576894,0.016434750079047582,0.16742170767227066,0.7301031776807939,-0.0010598317533935737,0.002266184645246516,1.1446909863924157,-0.3462044427251867,0.8145040557039097,-0.03999689576200409,-0.7451158685804365,0.3272354985484194,0.7720795244204451
3.97,-0.4769731141753964,0.0,0.06726744833759819,0.0,-1.9566382816528,0.0,0.007686791696356126,0.00036725572196196946,0.0,6,SolvedWithSlack,149833,107143,388904,0.27422640237115625,2.2595258997171186e-12,1.5406190320872704e-13,-0.8753919624955799,0.49028058806295866,4.409627168938071,-1.2609337058043162,2.5140607194050175,2.5872863335715452,0.012605900422563399,0.3406766542489354,0.645634407983964,-0.0028905763041855836,-0.01611788757877806,3.601129157005954,-0.9463249255211601,-0.846084792697476,-0.38397278042593497,-0.9045075190048028,0.3421617488927046,0.4661848840309656
3.975,-0.4769732789201023,0.0,0.0672674837717556,0.0,-1.9565989939967863,0.0,0.008356588320220265,0.0004410038185133059,0.0,6,SolvedWithSlack,145525,91462,352957,0.31922854292501823,2.820854793575904e-12,5.645822893397823e-13,-0.875219282580508,0.49067268302898287,4.408364663543291,-1.2609610568836374,2.5139347112916934,2.60885821495675,0.04856078854048957,-0.09314866764839932,-0.829284748235773,-0.0069433666544579066,-0.030198916463158615,4.773538432755779,-0.23809694519185662,0.797286537000588,-0.037461867907354736,-0.1758996811812279,1.3765471228487691,0.542688522972531
3.98,-0.47696872161672116,0.0,0.06726737545468789,0.0,-1.956489868904413,0.0,0.027025334634088894,0.0016605088391348894,0.0,6,SolvedWithSlack,153750,127721,403392,0.10444742605221916,2.849276526622253e-12,6.048288362118723e-13,-0.8750996460630658,0.4910001953145907,4.404445401012915,-1.2609880896194445,2.5138229286842204,2.6367659297130723,0.01714003485524839,0.14328824046451988,-0.7516119029743024,-0.0030869719150546007,-0.016631711214284722,6.103021218947289,-0.5132408764546469,0.18674189922129825,0.11983953761306641,-0.22597344504129657,1.6711588168355065,0.0491955043763905
3.985,-0.47696512480114694,0.0,0.06726744577184585,0.0,-1.9563946718284961,0.0,0.01467955197491305,0.0007632861359319857,0.0,6,SolvedWithSlack,136768,89078,336345,0.11808614126137025,2.2168933355715126e-12,1.3155356795233053e-13,-0.8750289352411238,0.4917103224405738,4.402315238195352,-1.2609942899411295,2.513775945383515,2.6658327061466345,0.012585614489171984,0.14149013469405752,-0.21658251215432486,-0.0002633171783824441,-0.0053146687095090885,5.6255673024936845,0.12991109427355707,0.7924059740091945,-0.030564383683720105,0.31630650832195223,1.889378260181924,0.04117562940610223
3.99,-0.4769643917885636,0.0,0.0672676243016892,0.0,-1.9563411123617875,0.0,0.008700597515803921,0.00039346216296349786,0.0,6,SolvedWithSlack,142148,75262,322800,0.10541168553393893,2.5570645266214604e-12,5.509457365153458e-13,-0.8749693984553217,0.49290963374173613,4.401372258757061,-1.2609738222775453,2.5137841822388682,2.692563108522674,0.011558712014417775,0.30527744535654205,-0.1708145865744098,0.006509907375918953,0.005558386427763021,5.164916759828265,-0.5909914852589013,0.07539942758451379,0.14812584637242682,-0.27292416669426023,1.6865869685430228,-0.002319015968867968
3.995,-0.47696512388933027,0.0,0.0672678336466169,0.0,-1.9563088200903274,0.0,0.005173540971344114,0.0003487361618910398,0.0,6,SolvedWithSlack,136178,84400,327038,0.1056823697639123,4.665821814638039e-12,3.4381559285787816e-13,-0.874917447253509,0.4943386710823931,4.40221109263667,-1.2609482885612846,2.513818818608846,2.7166409624947483,0.009782629082262033,0.2727700659583854,0.38550276993690924,0.004240372016793477,0.007629085605383378,4.5901338649813885,-0.5996516465469689,0.06046543161881524,0.1519744672276776,-0.2768683084352438,1.690917916222597,-0.011335214515687475
4.0,-0.4769665025181234,0.0,0.06726793054065373,0.0,-1.9562888339345146,0.0,0.003399060664736941,0.00037467277921425025,0.0,6,SolvedWithSlack,140755,74591,323681,0.4584898339223087,7.964739727713153e-12,5.269178241515751e-13,-0.8748714084923154,0.4955911632666387,4.405692186128354,-1.2609327725367276,2.51385981557271,2.737914835142799,0.008908176055749556,0.23553630546209245,0.8959689597330772,0.0024174001185279146,0.008457933932605488,4.038486995200626,-0.36061914581686894,0.8180284541217451,-0.04083289128667294,-0.7435574592167206,0.3464958936897682,0.7794327176679248
4.005,-0.47696816247095863,0.0,0.06726804310087275,0.0,-1.9562727883669,0.0,0.003232957132900309,0.00039734441752534584,0.0,6,SolvedWithSlack,134624,74120,314063,0.10385288207207571,4.2506623221250095e-13,1.2338741139927834e-13,-0.8748259167570963,0.49727314457403404,4.409860183706884,-1.2609296717614813,2.513843798391987,2.764673762027469,0.009187545403601291,0.4032007973024175,0.793097118735816,-0.0004559991646955828,-0.009846178981049726,6.196941414740941,-0.5602594509617463,0.1458986754191917,0.13024006503357888,-0.25893993504507234,1.6616461131532114,0.043165956569852865
4.01,-0.47696991020324736,0.0,0.067268168440478,0.0,-1.9562577744183471,0.0,0.002805702637259978,0.0003986952247479736,0.0,6,SolvedWithSlack,141087,107072,353879,0.28317590884726074,2.1960187519330066e-12,1.7971735211119721e-13,-0.8747818391895444,0.499234090945868,4.415051267647453,-1.2609324773891575,2.5138173639333607,2.7940396074553666,0.008625230238267364,0.3846483812471954,1.19573700387858,-0.0006070375046456877,-0.0026673308829290162,5.663911398643889,-0.9651341866508072,-0.8608010241039763,-0.38558452336273163,-0.918865328081074,0.31253318187985024,0.48139904504034325
4.015,-0.47697133717537943,0.0,0.0672680828567422,0.0,-1.9562392194500573,0.0,0.00473073499067175,0.00038183153178431045,0.0,6,SolvedWithSlack,141667,95471,343689,0.1016071632741914,1.359133586759678e-12,1.900482809319426e-13,-0.8746232673354338,0.4998173783413797,4.416348292942962,-1.260950957910774,2.5137463112123064,2.8253279928264403,0.046470825555403474,-0.058663731100890515,-0.3418680974109416,-0.005471408906674217,-0.020673657986167694,6.640065913117309,-0.2432870149955474,0.05612835648236936,-0.07011216589752803,0.011963435675404128,1.6257146123870625,-0.10833442476484498
4.0200000000000005,-0.4769721884600214,0.0,0.06726787401789036,0.0,-1.9562109807880426,0.0,0.006024947437532367,0.0003981250215730452,0.0,6,SolvedWithSlack,135286,76595,320044,0.10594798667948513,2.5792701308091637e-12,1.0907018154317563e-12,-0.8744295665554793,0.499404471214325,4.414090377502421,-1.2609655375318574,2.5136727559816214,2.855195645271271,0.033575512002888525,-0.09820085085707324,-0.5220180400523223,-0.001428139028433771,-0.011182946131720327,5.543690544303147,-0.5924937807919701,0.06440283994751313,0.1519533480653966,-0.2698495034072272,1.695167786871762,-0.012838980846386058
4.025,-0.47696772948974125,0.0,0.06726770863410525,0.0,-1.9561042107131672,0.0,0.02086478813912878,0.0012431381910868317,0.0,6,SolvedWithSlack,136297,95581,369728,0.10483791075110108,1.0711965169052373e-12,3.1517843890327413e-13,-0.8743102811768768,0.49901578377059064,4.413312680214286,-1.2609804337777428,2.513639816125599,2.8808846980270872,0.01947405055345977,-0.08835722572479365,0.08132652622912769,-0.0019491396941224899,-0.002334010342329806,4.87607420505895,-0.4730829968308511,0.23101501346097705,0.10939645239461161,-0.19600352845097152,1.6774065720176172,0.06005934329764282
4.03,-0.4769653139693819,0.0,0.06726767865425365,0.0,-1.9560285674185498,0.0,0.012094671967166334,0.000614465854669594,0.0,6,SolvedWithSlack,146096,82235,341065,0.10616827528343263,5.016431714466307e-12,8.032532972102047e-13,-0.8742321179254624,0.498627124503153,4.4149979947868445,-1.2609821524534668,2.5136519741049423,2.9041739955807127,0.013652937993568749,-0.07087581139268206,0.5015210068777033,0.0005151094012405208,0.0050579666079166525,4.516526727272465,-0.6022280277372234,0.048496499846196764,0.15565867554321203,-0.27471251168794075,1.698692404534922,-0.022284300429623094
4.035,-0.47696490185607426,0.0,0.06726771796182673,0.0,-1.9559831416567968,0.0,0.007463700812570776,0.0003735941180959327,0.0,6,SolvedWithSlack,140957,82485,342206,0.10384374326005333,3.236833544251194e-13,9.432732372971486e-14,-0.8741737097833862,0.49817193947792276,4.419061955980268,-1.260979025490629,2.5136889129330635,2.924907438574386,0.010664477544791835,-0.1046198284271402,1.0128950141197322,0.000656892839750326,0.008638006219979946,3.9081312322407684,-0.3541400516875385,0.39454997023665395,0.06752289781791468,-0.12164549089866417,1.6614998921608533,0.12971801704124983
4.04,-0.4769655075096733,0.0,0.0672677956674161,0.0,-1.955952809461328,0.0,0.005383701458852624,0.00033525358473007305,0.0,6,SolvedWithSlack,159792,82306,360280,0.11817949215119715,1.591615790978937e-12,1.608682262919936e-13,-0.8741234132248716,0.4978277228180051,4.424740618656104,-1.2609689737226724,2.513741086541679,2.9443423574215033,0.00974927738078935,-0.04522933971154592,1.2144710607055724,0.002753851326776343,0.011360952558264461,3.8727127800440817,0.13318535923123775,0.7951609027927359,-0.031358249725936885,0.3193439237213769,1.8908718744191544,0.04075529572734358
4.045,-0.47696666795077264,0.0,0.06726798062878567,0.0,-1.9559280414842453,0.0,0.004806155812351059,0.00036592957545476687,0.0,6,SolvedWithSlack,141758,84390,353107,0.10439217386253939,1.573852654524602e-12,1.4284562167019357e-13,-0.8740732587486406,0.49810330073403225,4.430486647353322,-1.260938651163597,2.5138123415157434,2.9626963799214043,0.010183926299388664,0.12165937337570037,1.106814531526514,0.007907149233274624,0.01580720071064648,3.540103948553816,-0.2299721294465737,0.06690036216174516,-0.05512661127694346,0.03278939293206133,1.6702747818006303,-0.13391888133817578
4.05,-0.4769681373643658,0.0,0.06726817725986241,0.0,-1.9559053479279676,0.0,0.004355175984800344,0.00039975705684337315,0.0,6,SolvedWithSlack,135857,78097,325294,0.1069905822173651,3.1458313059541665e-13,9.330036743193659e-14,-0.8740229469682727,0.49852326657412827,4.435177271066811,-1.2609010631367263,2.5138776438487964,2.977654375848444,0.009999326767499293,0.05930615713975973,0.8297242485070778,0.007224820280366683,0.011460976618390748,2.6386701971455477,-0.589709264771952,0.04615013620228786,0.1563136662927769,-0.26294913749015636,1.7118493154778416,-0.033812070537200076
4.055,-0.4769696864592805,0.0,0.067268256705921,0.0,-1.9558851618681123,0.0,0.003822418358938623,0.0003886034574678255,0.0,6,SolvedWithSlack,152257,74531,338239,0.10546264511359536,1.4348521321241216e-12,1.2884351241583409e-13,-0.8739761681284975,0.49870748047577174,4.440773070509272,-1.2608760173715379,2.5139332891664985,2.9894137639374128,0.009023931903831625,0.02163561181402607,1.3051673927047756,0.0036978798572431543,0.010864289041572519,2.167207813295464,-0.21757514114894375,0.07277714351432618,-0.05177002388072466,0.045590963907680436,1.6874023218175258,-0.14358618362436082
4.0600000000000005,-0.47697124462411883,0.0,0.06726827101959,0.0,-1.9558659841220811,0.0,0.003917235665347565,0.0004068647415037748,0.0,6,SolvedWithSlack,133783,73719,313292,0.3063510573586231,4.590820433492907e-12,1.8039779633585793e-13,-0.873929572987204,0.4986391091769613,4.4464304802052235,-1.260856279694002,2.513978433826931,2.997826264703632,0.009472417974245929,-0.03678563237881176,1.0198219463756402,0.004056885893255605,0.007978469183229529,1.3706664678727274,-0.21428343465146055,0.8014269863330606,-0.03818729405843974,-0.14972447261232216,1.4024789543374068,0.5207967975096592
4.065,-0.4769728135477232,0.0,0.06726833550948481,0.0,-1.9558452787620046,0.0,0.004305873676612588,0.0003987672760050701,0.0,6,SolvedWithSlack,137109,73519,313913,0.11874955440368522,6.039613253960852e-13,3.358229560862687e-13,-0.8738816203310417,0.49896755490624334,4.451179455992794,-1.2608331836121414,2.5140204276807325,3.009343217330518,0.00965102839184357,0.13352129257554854,0.9043720546499058,0.004875846834202409,0.008489357968214034,2.902924084119824,0.1432917006485831,0.7951313606519053,-0.03111967420465411,0.32843062473214113,1.8999928704589635,0.0334331888250746
4.07,-0.4769743555423064,0.0,0.06726851793492712,0.0,-1.95582269649549,0.0,0.004649767316456416,0.00040399725809602845,0.0,6,SolvedWithSlack,144803,78008,327138,0.1052045043588599,1.3522514848274215e-12,1.3298558218174938e-13,-0.873831563414889,0.5001320983730605,4.455450245778003,-1.2607993656704433,2.5140739622656176,3.023039722623018,0.010204763145957382,0.2987109992975454,0.8214807877381235,0.007790849021053066,0.011907384031185086,2.6334437273360347,-0.21974827258323637,0.07153975744776547,-0.05255034225652172,0.04315566802664843,1.6832720697417585,-0.1407240936203818
4.075,-0.47697592254484983,0.0,0.06726866784900712,0.0,-1.9557995118517877,0.0,0.004581727398819555,0.0004176659175293963,0.0,6,SolvedWithSlack,138201,73388,315907,0.1074809470154803,1.2139169877645431e-12,1.1463646387721698e-13,-0.8737810037566379,0.5014350807553426,4.458818584827291,-1.260767674332386,2.5141184639995626,3.0336455690112425,0.010063690726219298,0.23552809724746407,0.578720500381606,0.005437982523415837,0.007182398444091294,1.7917244528690301,-0.5875756374746877,0.03851065102390051,0.15874473700782277,-0.25960004077955157,1.7196951522476849,-0.04181010607515634
4.08,-0.47697744042807894,0.0,0.06726868289580129,0.0,-1.955777673171762,0.0,0.004200170553144176,0.0003976488178091722,0.0,6,SolvedWithSlack,136237,73438,313512,0.10648643101089394,8.299962279967321e-13,4.3682013035001106e-13,-0.8737338522084974,0.5024826414792928,4.463245488506546,-1.260755705024613,2.5141521751229168,3.041323536872043,0.009102746597283481,0.19193302378225913,1.0825264556781147,0.0006280016807032201,0.006443473213949581,1.3708067679436842,-0.21212331565705708,0.07601121622523771,-0.04510233506991554,0.053736832271969286,1.7037828961743031,-0.15183286646374616
4.085,-0.47697891684228977,0.0,0.06726862822545837,0.0,-1.9557564897433406,0.0,0.004323117613371349,0.0004121865156830651,0.0,6,SolvedWithSlack,135917,85401,327659,0.11983852311537839,1.0320630577752793e-12,1.008848091152288e-13,-0.8736868879158397,0.5032620130329954,4.467918493085931,-1.2607525858241646,2.5141758646904138,3.0458933502906573,0.009543415749578801,0.1322059941713803,0.8395302908759583,0.0006239488187298798,0.0037891443674687862,0.6201652009478934,0.16123079070372187,0.7959358788472449,-0.0309450846723846,0.344585007250468,1.9174163698460542,0.020546968346361574
4.09,-0.476980431238227,0.0,0.06726863529745199,0.0,-1.955733547117931,0.0,0.004792621550624766,0.00041657351118127526,0.0,6,SolvedWithSlack,140645,75042,322860,0.10753102873537156,9.041651735541734e-13,9.823145428574583e-14,-0.8736369219555857,0.5044218497655797,4.471876670428333,-1.2607368090758202,2.5142102800721933,3.048739118711906,0.0102331173773425,0.29800383628376464,0.7604604785696767,0.004586802653507236,0.008599624699982593,0.5358655958502779,-0.5255160709367276,0.11350847036198224,0.14004834352417184,-0.21847559852711157,1.720496459765945,-0.015407045270360855
4.095,-0.47698190244466576,0.0,0.06726869000078442,0.0,-1.9557101067395484,0.0,0.004529264752427944,0.0003985479037040937,0.0,6,SolvedWithSlack,139684,74741,319504,0.10784513217523119,7.847052017611003e-13,8.972194158159922e-14,-0.8735886568377011,0.50583529011698,4.476981638149643,-1.2607272500198627,2.5142488846218702,3.050790113638241,0.009352647149374347,0.27222845136174273,1.1884477097391317,0.0003573909041672689,0.007157622476394568,0.32945500611852263,-0.2091730299700459,0.07952406022375114,-0.0353753490421832,0.06150842223956834,1.725522114803699,-0.16304389430310767
4.1,-0.4769833436225459,0.0,0.06726866297454194,0.0,-1.9556874706916183,0.0,0.004577625445930787,0.00041367410124847705,0.0,6,SolvedWithSlack,142399,82837,337818,0.10825764263546755,4.250376526933839e-12,2.087752171663071e-13,-0.8735407662794619,0.5070155574596317,4.48224733236952,-1.2607259265242081,2.514274482112373,3.0503541547824997,0.009695312314951056,0.21228431056436364,0.9661772498904028,0.00021740081983086663,0.003975464854655364,-0.35500483399877647,-0.19789583556540674,0.08353104183166993,-0.03616080273709302,0.07072807372397992,1.7321222821674809,-0.16674115825116265
4.105,-0.4769848316062015,0.0,0.0672685961470176,0.0,-1.9556642731302867,0.0,0.004677729304460889,0.0004257771300224146,0.0,6,SolvedWithSlack,133673,74581,314133,0.16642962905172126,3.268496584496461e-13,5.5389883218265323e-14,-0.8734916613978067,0.507906966619644,4.486465218039084,-1.2607247281962908,2.514288622547355,3.046673628713519,0.009887637086896037,0.15592296457376786,0.7647886315006756,0.0002607218803137026,0.002200144895361223,-0.9810585312713166,-0.028310721830453467,0.801553511119944,-0.034952376464230904,0.08885955628973824,1.6523104292333861,0.28293036938792615
4.11,-0.47698631549180764,0.0,0.06726859664111036,0.0,-1.9556399255137524,0.0,0.005020974001682768,0.0004167990346569158,0.0,6,SolvedWithSlack,157468,99197,361743,0.11484070790318845,2.5286419394140773e-12,9.064586646394257e-13,-0.873441183215953,0.5091892718986404,4.490020165999198,-1.2607157963220017,2.514309109853697,3.04469979909572,0.010203660888799206,0.3229793921170092,0.6760376576410401,0.0026266997312933294,0.005088328465226624,-0.017914463078890663,-0.14914671384688322,-0.003101335320433149,-0.19522920343542036,0.03041911288657155,1.4451011722683305,-0.04368383601360486
4.115,-0.476987703578168,0.0,0.06726863747977029,0.0,-1.9556129686223447,0.0,0.005719040452184248,0.0004270252391948945,0.0,6,SolvedWithSlack,146938,87234,340733,0.10915845488876305,1.945332609105839e-12,4.548116169702382e-13,-0.8733547527235723,0.5104473949660407,4.491190084411248,-1.2607054832631115,2.5143118442400807,3.0438536654657526,0.021875842954342136,0.20501739672298439,-0.05004634665865221,0.0016967040252412018,-0.0020020526374682464,-0.26610937895512593,-0.5690953636917194,0.027868330462056837,0.1630526404682151,-0.2392358787248075,1.7465352782202088,-0.0657790703315959
4.12,-0.47698891619192796,0.0,0.06726858852731586,0.0,-1.955584827572088,0.0,0.005420794058694309,0.0004037023862006365,0.0,6,SolvedWithSlack,145885,74100,326507,0.12016349196313866,2.507326806208466e-12,6.043100048147565e-13,-0.8732694122403599,0.5113650498079996,4.492695791400714,-1.2607101511659795,2.5143087678629716,3.041636437660482,0.014604940300775426,0.16817870627131806,0.5271583986678103,-0.0024199287675671136,0.00015813374431517706,-0.5574645780220975,0.1680456833070482,0.7985189281858041,-0.03113497558456582,0.3495111788490054,1.9226158714102186,0.018996739944269342
4.125,-0.4769900615457582,0.0,0.06726858801042791,0.0,-1.9555565395123296,0.0,0.005920117769744939,0.00040184493532190055,0.0,6,SolvedWithSlack,137630,73779,316698,0.12007076905448434,2.3518964553659316e-12,5.390960030812741e-13,-0.8732030476935678,0.5127197662258584,4.495169844115258,-1.2607069527349366,2.5143270937042703,3.038947091640773,0.012601783896058155,0.3385654204673252,0.4737556010922803,0.002398140004528295,0.005634411723969061,-0.5256680906871689,0.16570172620379095,0.7991815743059273,-0.031287110208398035,0.34739100411660484,1.9211323048717495,0.020898559742126874
4.13,-0.4769912024716983,0.0,0.06726872224951408,0.0,-1.9555256079935424,0.0,0.00632602110966469,0.0004041958574616832,0.0,6,SolvedWithSlack,144082,83828,334111,0.10966192887747529,2.9802825081316226e-12,6.754596881819452e-13,-0.8731429523697891,0.5149086265296607,4.497386310744568,-1.2606854626926083,2.5143654856179327,3.0364187254593777,0.011729090586065723,0.5031955809433238,0.4234225777564918,0.005352552081946648,0.00878631523406243,-0.4930812734130578,-0.2079110240141189,0.08357952814695302,-0.020259838370262268,0.0701238267266417,1.7545908620396047,-0.1763953047759915
4.135,-0.4769923467785105,0.0,0.06726883061176979,0.0,-1.9554942736509537,0.0,0.0061662664339636325,0.00041601637173310416,0.0,6,SolvedWithSlack,132911,74050,313682,0.11027704248442455,2.6787461138155777e-12,4.185996167749284e-13,-0.8730871719063804,0.5172465522373956,4.499213002771157,-1.2606668179334173,2.514396451853912,3.031987529288075,0.010862908089388284,0.44395831149871323,0.32812980870328023,0.0027576028388309115,0.0047168929574709275,-1.138781044169483,-0.2006536360395176,0.08683604130255568,-0.017464486105375876,0.07760548328411475,1.7644326797507928,-0.1815674349351406
4.14,-0.47699351623452635,0.0,0.06726882068749457,0.0,-1.955464039854582,0.0,0.0059742362895901955,0.00042482754920586646,0.0,6,SolvedWithSlack,145325,73950,324713,0.12044468509795553,5.9543481256696396e-12,1.6892459653305991e-12,-0.873034134403408,0.5192953137891638,4.500626220109049,-1.260658570538439,2.5144124648914827,3.0244819047844547,0.010477688243265141,0.3871006448113373,0.25351702179767943,0.001003808784095255,0.0023560249081712526,-1.733874797375941,0.17239517847394023,0.8012767103417262,-0.031432270456878283,0.3526157447785434,1.9271149615672885,0.018174328071780155
4.1450000000000005,-0.476994722680337,0.0,0.06726883734498716,0.0,-1.9554337622062818,0.0,0.006149110752612453,0.0004216949888640657,0.0,6,SolvedWithSlack,136619,81043,323440,0.293969651679273,1.4281908988778014e-12,5.117854924574505e-13,-0.872980661879821,0.5217202343391402,4.501807593798548,-1.26064361814854,2.514437839959042,3.0162671752686947,0.010812602946245005,0.5496782944226394,0.22490609771039882,0.004107880244180358,0.006574665147367426,-1.5846609569295913,-0.18895385947821516,0.8122403950256439,-0.03898688767006204,-0.12270275008695652,1.4374855804844955,0.49974840785476415
4.15,-0.4769959320920676,0.0,0.06726895723939633,0.0,-1.9554029501094423,0.0,0.006136070293402474,0.00040810768113529037,0.0,6,SolvedWithSlack,137159,77837,338390,0.11903999861372716,5.186961971048731e-12,2.2028255955430787e-13,-0.8729275891455772,0.5249543236572655,4.502773658152674,-1.2606281263471437,2.514466002150902,3.0136879695320213,0.010505090390336562,0.7109783922241496,0.17256265362187406,0.0024347301703737194,0.004945355990632801,0.17168530467035548,0.14555216877343044,0.8050407620797333,-0.03247918944773029,0.3278137398270517,1.9046399778196346,0.04026133029382464
4.155,-0.47699715630478134,0.0,0.06726911530708556,0.0,-1.9553724563822033,0.0,0.006079591739963254,0.0004115576503992129,0.0,6,SolvedWithSlack,138412,74341,318571,0.10831139289681707,1.99314176274612e-12,9.441926407394163e-13,-0.8728742317884663,0.528976021118531,4.5035538903160734,-1.260610308905161,2.5144966763363428,3.014635346145016,0.010761893907954997,0.8660430748184245,0.1451579186642875,0.004178136107593108,0.006765527709981594,0.2007036182401137,-0.5929243130595896,0.02886047029859673,0.16480111779392986,-0.25874728641603145,1.7329822863490731,-0.04870530006225561
4.16,-0.476998400174281,0.0,0.0672691948989216,0.0,-1.9553439790123728,0.0,0.005366006613921562,0.0003998693115073246,0.0,6,SolvedWithSlack,145886,76374,338299,0.1144805309510964,3.090860900556436e-12,2.9317867578093626e-13,-0.8728243836048015,0.5331153527314019,4.505975075763409,-1.260611936947008,2.5145200895633715,3.0147778017589006,0.00955619789728826,0.8022402527218313,0.7024183412211595,-0.002909225160681898,0.003453023838349589,-0.08196094801233067,-0.6670844320087427,-0.08485993638859889,0.19461690261686387,-0.30047913728640735,1.7512846132350486,-0.10420471557181422
4.165,-0.4769996090254439,0.0,0.06726910572999682,0.0,-1.955319053243595,0.0,0.004761208646108843,0.0003910854666121574,0.0,6,SolvedWithSlack,143661,73078,321397,0.11670499807120122,1.7834622667578515e-12,3.2210865918980147e-13,-0.8727790438804455,0.536837572613043,4.511281395369353,-1.2606426899792493,2.514529316987819,3.0130280974662167,0.008811239091886927,0.7058209012850781,1.292145401976116,-0.007895458787296562,0.0009182220786893992,-0.5219849742850177,-0.6713777912103992,-0.09758222346301704,0.19839849672104207,-0.3006141442865948,1.7566410587341943,-0.11355104729938645
4.17,-0.477000812514046,0.0,0.06726891924287295,0.0,-1.9552964138870594,0.0,0.004398239654329936,0.00038597035818952065,0.0,6,SolvedWithSlack,143661,73118,319895,0.12894854955433407,4.050093593832571e-12,1.0499925581775038e-12,-0.8727362451793614,0.5400653622587426,4.519389954188734,-1.2606899831998095,2.5145287728735415,3.009124782961682,0.00842626897658057,0.6053159501039228,1.833701619173528,-0.010182745335086712,-0.0006854627723310185,-0.9467594259382152,-0.2756762874588439,0.08060683890178866,0.056502647058811,0.050326407128975625,1.8518658203179243,-0.21921253424236792
4.175,-0.47700206941693707,0.0,0.06726871776642078,0.0,-1.9552742348918584,0.0,0.004513026598938011,0.00040178485567994045,0.0,6,SolvedWithSlack,142249,74802,319984,0.11838860783564234,1.1013412404281553e-12,1.0583283381604414e-12,-0.8726920858069622,0.542903101103822,4.528623395164976,-1.2607310028164578,2.5145235614903374,3.0021537750869647,0.009043966113972794,0.5425697404868018,1.8550263179969497,-0.006943765403905783,-0.0011811564004848172,-1.681831929653033,0.13811738851842034,0.8134058046276113,-0.03414421339984273,0.3178623494857313,1.8942177253702774,0.054970838097644636
4.18,-0.4770034187045071,0.0,0.06726863775235783,0.0,-1.955250162962331,0.0,0.0050509395702489366,0.00041059749159169526,0.0,6,SolvedWithSlack,141327,75833,330344,0.29276423025327336,1.3500311979441904e-12,1.9952876156859034e-13,-0.872643582385511,0.5460800056233013,4.537268151181468,-1.2607438416982246,2.5145306984385947,2.9945755622891186,0.010045736471886236,0.6969213797075012,1.647376277020837,-3.810709766056291e-05,0.002901274020868025,-1.408991867928393,-0.1950483654393108,0.8272432701858576,-0.04132775765597438,-0.11985948027621651,1.4487865656797156,0.49769919143056474
4.1850000000000005,-0.47700478761583986,0.0,0.06726872010523968,0.0,-1.9552240433453156,0.0,0.0052914606420527,0.0004021663518269402,0.0,6,SolvedWithSlack,151897,72868,328741,0.2980274262341463,4.604316927725449e-12,1.510640570967503e-12,-0.8725932341296619,0.5500324727257037,4.544858261551526,-1.2607390801416327,2.5145419880147637,2.9928139450942037,0.010076647878468943,0.8524479137740406,1.434377246362538,0.001466726050426712,0.0017801948030777013,0.3273178347225164,-0.20945271111305097,0.8307195251297137,-0.041971163184350534,-0.1309032083332703,1.441196347345107,0.5066466245980487
4.19,-0.47700612393852776,0.0,0.06726886984077808,0.0,-1.955197422224073,0.0,0.005330305591040255,0.00039438424570654334,0.0,6,SolvedWithSlack,133072,75743,315115,0.13307194157934887,9.080763918589696e-12,1.017963491278806e-12,-0.8725429866809186,0.5547559354532003,4.551434194959866,-1.2607298905898179,2.5145467791272913,2.999287870506978,0.010031935715412854,1.0057425637679025,1.2381091030646119,0.001996137043201289,0.00039785509880680157,1.9169405570171965,-0.34348071368330657,0.0714345934521492,0.09678815244618907,0.01228477233520967,1.8843458513130584,-0.2262223006848931
4.195,-0.4770074664427938,0.0,0.06726896267042197,0.0,-1.9551719226728688,0.0,0.004902477115452096,0.00039947544815695615,0.0,6,SolvedWithSlack,130196,74260,320916,0.13972163237361937,2.9931689958731504e-12,1.0496603586318543e-12,-0.8724942483427349,0.5595756944439818,4.558269366739752,-1.2607256515496967,2.5145446412877708,3.005673649964499,0.009602178339145744,0.9361449055402473,1.4500418109204944,0.00019042147533482242,-0.0008369069141416536,0.8656644990379045,-0.33710344957802496,0.07853114769462077,0.10698916294697217,0.02247035164835202,1.9077491314123463,-0.2375267750351529
4.2,-0.47700884186060033,0.0,0.06726892775742001,0.0,-1.955148322700287,0.0,0.004626744642791772,0.0004044854445599535,0.0,6,SolvedWithSlack,151747,73038,329653,0.44915966967278786,3.4420521988209885e-12,4.757305660518796e-13,-0.8724468898400424,0.5640587606166773,4.566208764635065,-1.2607279946836434,2.5145401230658893,3.0070134470999315,0.009406818454465983,0.870291171333823,1.6765730655935274,-0.0008219814497670471,-0.0008813675976510536,-0.11644466037750784,-0.36360414275651254,0.8625645125633014,-0.04639739979070963,-0.783088930880845,0.31525642570263,0.7635714384437393
4.205,-0.4770102005581095,0.0,0.06726893057863645,0.0,-1.9551242260897364,0.0,0.005000588517466004,0.0003938233256193222,0.0,6,SolvedWithSlack,130516,72728,307561,0.14317311543619335,1.3223200312495464e-11,1.3583457275645472e-12,-0.8723988693436822,0.5688942308686485,4.573873306923295,-1.2607458957578763,2.514472409904692,3.0139858620038447,0.00968449104811981,1.031180091272437,1.4400365825443724,-0.0051892841050022506,-0.0207298652532837,2.3674363714322944,-0.3742248954672315,0.07581810939420952,0.1323257750087706,0.002814303792689661,1.9313711641694056,-0.2433942962415287
4.21,-0.4770115371222076,0.0,0.06726895719746435,0.0,-1.9551001358145692,0.0,0.004615877984555656,0.0003941627314545518,0.0,6,SolvedWithSlack,148831,73309,326677,0.1360071951675256,2.599656601098843e-12,4.929390229335695e-14,-0.8723519585213237,0.573848042803868,4.582021870813527,-1.260769584606474,2.5143958769643597,3.02233178219811,0.009232008087927995,0.9638058930683508,1.7517542364206367,-0.004386660852240666,-0.012071846460506148,1.2195623872811627,-0.7560301455111731,-0.20047485846277066,0.2312122317847935,-0.3474416639323206,1.7687385290527196,-0.1526371391586725
4.215,-0.4770128682006905,0.0,0.067268841185806,0.0,-1.9550786869116088,0.0,0.004071271047559041,0.00038415808913762806,0.0,6,SolvedWithSlack,134514,72827,312310,0.13698859381106396,1.9682033780554775e-12,4.918617596549879e-13,-0.8723086749788695,0.5782400362037365,4.592572723699102,-1.2607992369776118,2.5143486609962067,3.0262072081286093,0.008360184706384858,0.8214623748246836,2.3408420970774664,-0.00670648836246514,-0.007867959883002564,0.48905504324896154,-0.7472553206941087,-0.20387340859361713,0.23288060947880873,-0.3376191302338807,1.7771407345860475,-0.1620289422547658
4.22,-0.47701416035696903,0.0,0.06726862623859536,0.0,-1.9550592887974747,0.0,0.0037845646981908595,0.0003766208761565053,0.0,6,SolvedWithSlack,135256,72977,312581,0.13769298918989087,6.941530683590713e-13,1.887379141862766e-13,-0.872268165077231,0.5819178654424535,4.605905624452664,-1.2608352951804314,2.5143190842040433,3.0265570056182702,0.007969438139881872,0.6783274716297333,2.8761615210479166,-0.007382552356834627,-0.004741119476530283,-0.19967505836852165,-0.7386211264319514,-0.20598148556963108,0.2340780816228145,-0.32825778263079114,1.7847669316131478,-0.170320299265245
4.225,-0.47701543346044717,0.0,0.06726838310685755,0.0,-1.9550407378696864,0.0,0.0036770105181754527,0.0003712217685171184,0.0,6,SolvedWithSlack,142218,73138,320976,0.10404174729053953,8.4668383415476e-13,2.4763524564264117e-13,-0.8722288548660557,0.5848791103308724,4.621762379050793,-1.2608714098792606,2.5143027346342133,3.023589936857158,0.0078078972373512735,0.5349079446886368,3.3612199574566812,-0.007024006046801874,-0.0023827950496118156,-0.8466755020747248,-0.35675163357393075,0.4305209590855753,0.067188763474081,-0.12610542459290588,1.6646679566486324,0.16025427710143286
4.23,-0.4770167091956835,0.0,0.0672682225977129,0.0,-1.9550212173055277,0.0,0.004109762083634589,0.0003715317070884307,0.0,6,SolvedWithSlack,148921,72897,326797,0.11441816423473841,1.786858855323814e-12,6.578747963059683e-13,-0.8721874345173946,0.5876700538606862,4.63835139015596,-1.2608928167612752,2.5143009479732745,3.0209975564497413,0.008530858628301562,0.5736630175964254,3.2894473676990352,-0.0026771198840016865,0.0007727361529351183,-0.3076101994801974,0.07284244780593818,0.8402840357199881,-0.038824005313304155,0.24709713745236592,1.8306906277558146,0.13229491529011117
4.235,-0.477018028845583,0.0,0.06726825721004878,0.0,-1.954998778073314,0.0,0.0047506541120671385,0.0003818275001815388,0.0,6,SolvedWithSlack,136497,93336,336085,0.14097224247272744,1.4382800506140825e-12,4.389821839367869e-13,-0.8721411400713645,0.591005803662473,4.653613128448975,-1.2608854006539858,2.51431961816322,3.020654225858351,0.009641089458653787,0.7293232444148726,2.8991876978190927,0.003843669447571931,0.00538402050919492,0.08457527603747003,-0.7475765199091207,-0.22050671368150962,0.23965281220363663,-0.33120509976010837,1.7895779270341279,-0.17801608622829418
4.24,-0.47701935681898316,0.0,0.0672683229553825,0.0,-1.954975951514047,0.0,0.0043201047899088865,0.0003725279663864006,0.0,6,SolvedWithSlack,168288,76404,355972,0.1413021754990848,1.7525564333098487e-12,7.375992178149104e-13,-0.8720962962671263,0.5942003302795396,4.669620300379926,-1.26087694310006,2.5143412464484847,3.0189280144643575,0.008621655301793527,0.5786564885661256,3.3958870648374844,0.0004539860611220974,0.0037201131148155227,-0.6215000335081282,-0.7373613281927511,-0.22047769015809643,0.24021369834844417,-0.32089675077500873,1.796824025190591,-0.18542778985800595
4.245,-0.47702063716335197,0.0,0.06726825273655976,0.0,-1.9549554503326472,0.0,0.003989008641880979,0.00036627189265961885,0.0,6,SolvedWithSlack,153660,77106,338911,0.14147997757592595,9.023892744153272e-13,7.303151139392838e-13,-0.8720547083657576,0.596642684958569,4.687963725397501,-1.2608811497711783,2.514356714396467,3.013818161255808,0.008160663279138787,0.42841773247164305,3.844125860470462,-0.0015582599107146356,0.002745058753995373,-1.2793458955821764,-0.728159282689669,-0.22002746253877378,0.2405159618790741,-0.31163611661358626,1.8033999147551607,-0.19204718759535672
4.25,-0.4770218964159091,0.0,0.06726812462924155,0.0,-1.9549359746801263,0.0,0.0038500252924153658,0.0003629073808701052,0.0,6,SolvedWithSlack,162276,92685,363707,0.11612734141337394,1.3997691894473974e-12,9.156345386757136e-13,-0.8720145603127663,0.5983361449709632,4.708412028427646,-1.2608922503383495,2.5143688201854664,3.005559285065132,0.007962401531906187,0.2789750928482017,4.247502763905724,-0.0025592165994337704,0.002250523695885016,-1.8910953827392796,0.07709606510831381,0.30413529508289094,0.10659531501878007,0.3056215617722076,0.9964700478249495,0.19741648040273568
4.255,-0.4770232644011546,0.0,0.06726803173068127,0.0,-1.954914105180653,0.0,0.004836799044276184,0.00042349503431342203,0.0,6,SolvedWithSlack,139814,80613,337547,0.14230791431801637,2.8919089345436078e-12,9.415998796641345e-13,-0.8719678082042016,0.5997427307110744,4.729495552946395,-1.2608791919932727,2.5143394625419457,2.998419358905668,0.010060457209661046,0.2830288965133268,4.196407342296455,0.005486215433443087,-0.0103928440482986,-1.1294262589319592,-0.7287431627372618,-0.22327521004493026,0.24192345434062784,-0.3103054833222506,1.8049689247701,-0.1948546806266804
4.26,-0.47702469637656225,0.0,0.06726797988378976,0.0,-1.9548906269246888,0.0,0.004430347275325476,0.00039546336040499494,0.0,6,SolvedWithSlack,140405,75072,323942,0.11382023020246668,3.140598892059643e-12,1.0146265880424388e-12,-0.8719215684742713,0.6007093418009678,4.751602564192934,-1.2608645836807963,2.5143041964025183,2.9908531150368645,0.008830914268406041,0.1335908065764951,4.565996382617752,0.0014483940728196305,-0.005101848246457201,-1.7601138500403701,0.06866973322599443,0.8480092825546456,-0.04002006538719415,0.23893384248257113,1.8211236832394668,0.14539215892760288
4.265,-0.4770260572048575,0.0,0.06726802160335559,0.0,-1.954867527876216,0.0,0.004867665604977203,0.0003869255446912435,0.0,6,SolvedWithSlack,139173,74741,326317,0.14245268587232154,3.296918293926865e-12,1.0686709763646496e-12,-0.8718742642340475,0.6018802920672277,4.7727671033615495,-1.260842607054274,2.5143031053709706,2.983849994006021,0.009791317483670972,0.3012845906139198,4.017826238961536,0.006040735707373688,0.0025236865913729105,-1.1698328850898134,-0.725204309150199,-0.22238204808293485,0.24216956598294662,-0.3069409773675252,1.8073839756071122,-0.1964114418453556
4.2700000000000005,-0.47702739491878954,0.0,0.06726812909676212,0.0,-1.9548441549642523,0.0,0.004428268653950809,0.00037161759450508,0.0,6,SolvedWithSlack,145695,76385,331225,0.1592261015405382,3.595346242946107e-12,1.1614949995721047e-12,-0.8718287389892272,0.6029360277240198,4.794029259694286,-1.2608270455090818,2.5143169533421106,2.9760709700274295,0.008751007266416894,0.15115370098250597,4.403219059510512,0.001417002547581923,0.002902012857710576,-1.8038336027812383,-0.35120324738420367,0.04655344942785078,0.1725535818800556,0.04024387911668762,1.925365839481045,-0.2706843726189149
4.275,-0.4770287087100144,0.0,0.06726814667065087,0.0,-1.9548223489335885,0.0,0.004384343502374474,0.00037696136658283487,0.0,6,SolvedWithSlack,141136,74541,324714,0.14197482298059297,3.879563337250147e-12,1.2456766304222433e-12,-0.8717842865360835,0.6034841764144439,4.816431776287943,-1.2608185633412556,2.5143361450607884,2.964566956829053,0.00896764639725844,0.08208881222120927,4.529866795978708,0.0018611341651629243,0.00439094747716272,-2.62032141518266,-0.7074700430394237,-0.21834866525085042,0.24135719906700806,-0.29025097770102426,1.8194944063646885,-0.20722731471461625
4.28,-0.4770300201035828,0.0,0.06726812712063955,0.0,-1.9548010201401693,0.0,0.004154345709245657,0.0003696329788580213,0.0,6,SolvedWithSlack,139573,76585,337708,0.1623931011236003,3.787192781601334e-12,1.2248597318700871e-12,-0.8717412341844414,0.6034520037710461,4.840080507931702,-1.2608187116435978,2.5143576058705013,2.949882148631228,0.008426126600590347,-0.06529590936068742,4.858104962657507,-0.0010939753130096027,0.004220044068851971,-3.1402646743375473,-0.33921022456723643,0.04585151029623702,0.17276666335895585,0.05105204439675941,1.9256246741912504,-0.2760682719101205
4.285,-0.47703132590736375,0.0,0.06726808590893832,0.0,-1.9547799523577343,0.0,0.004302618439439172,0.0003778746274734327,0.0,6,SolvedWithSlack,162908,74891,347667,0.11452962986411752,9.663381206337363e-13,7.000878826310397e-13,-0.8716976411716217,0.6029257964440172,4.864603016697637,-1.2608189518499724,2.5143816116815825,2.932065469915311,0.008874860573368015,-0.13167375500666026,4.933916757453099,0.0005717971039032384,0.005145741198688631,-3.835186505067649,0.08272903184873176,0.8485482416693174,-0.03997618317985713,0.2515447296200476,1.8324740778258803,0.13475110723312717
4.29,-0.47703267737205207,0.0,0.06726816717394819,0.0,-1.9547566717653944,0.0,0.004930066359872646,0.00038628350864429196,0.0,6,SolvedWithSlack,141958,73128,322128,0.16263982605840208,3.396394276933279e-12,1.090204464790183e-12,-0.871649866840769,0.6028054601164036,4.887408068403708,-1.2608004253437237,2.5144186517528735,2.91523413674291,0.009908240116821357,0.04772913406729198,4.320245695519554,0.005448517734678419,0.008602759945967256,-3.0647012682382546,-0.33389354300456053,0.05432235734419916,0.17053251389666435,0.054123094754572484,1.9346089928955492,-0.27648770429928354
4.295,-0.47703405370703317,0.0,0.06726832006625487,0.0,-1.9547320531548464,0.0,0.004833212873715771,0.0003902940615517453,0.0,6,SolvedWithSlack,151967,76485,333350,0.11466628493436032,9.023892744153272e-13,6.67291990875962e-13,-0.8716012656112764,0.6028526286748368,4.909366412900539,-1.260776546677979,2.514458171285275,2.8977745666273655,0.009627483913373909,-0.01596884446724828,4.437246233367726,0.004352806545872341,0.007492304442892433,-3.766288477616572,0.08613989953665968,0.848193742945844,-0.03974804651404926,0.25446582257415373,1.834660558949765,0.13254168074342476
4.3,-0.4770354449147718,0.0,0.06726847951981325,0.0,-1.954706997725212,0.0,0.005190765905876994,0.00039632605384713255,0.0,6,SolvedWithSlack,167537,75883,350111,0.3891831514003727,9.947598300641403e-13,6.825586103265113e-13,-0.8715509154991231,0.6033178112548255,4.929807571117083,-1.2607453252859644,2.5145018353102038,2.881252654529604,0.010299735933085665,0.16562912527464763,3.862911411951492,0.007250826947971292,0.009333476507165797,-3.0072055615357938,-0.2964004072327265,0.8831101938935174,-0.04829944670543894,-0.5614649273734286,0.7005645206721464,0.6616113573806336
4.305,-0.4770368159576241,0.0,0.06726873567345704,0.0,-1.9546803641153656,0.0,0.005373740374965572,0.0003855216626056712,0.0,6,SolvedWithSlack,138923,74020,321117,0.1562032041282105,3.936406756110955e-12,1.2575990596119802e-12,-0.8714999086097575,0.6047223135595584,4.947453266688605,-1.260725701395434,2.514497371724441,2.873683891846035,0.010129775791556208,0.3574746554572915,3.313698841298187,0.0018715591600809462,-0.006814628359584495,-0.5520795112510927,-0.35600613008029247,0.05271004772280702,0.17142243165404064,0.034845992995625547,1.9290017628823444,-0.26554544701795785
4.3100000000000005,-0.4770381616779553,0.0,0.06726892296407307,0.0,-1.9546547663933818,0.0,0.004897567550432771,0.0003904522535438008,0.0,6,SolvedWithSlack,139283,73759,320775,0.1136270047196722,4.384048679639818e-12,1.3688778843085059e-12,-0.8714509944104397,0.6063036078625943,4.964673495805688,-1.2607210046255264,2.5144746269149363,2.8681545329375733,0.00960807453051974,0.28888425076814045,3.5276721645441165,0.0004157175792103839,-0.0031928171464919923,-1.4620755097801834,0.06734510756131291,0.851763716862169,-0.04020171015022627,0.23559920655028652,1.8180320755147552,0.1512256946356892
4.315,-0.47703954879196814,0.0,0.06726903738168519,0.0,-1.954629986794049,0.0,0.005076385100637298,0.0003998414521800211,0.0,6,SolvedWithSlack,145715,76705,328932,0.15679046055381612,4.909850304102292e-12,1.5210723305902896e-12,-0.8714010943713151,0.6082926766663916,4.980798368062323,-1.2607088421065766,2.514474952337648,2.862655786741421,0.01017607025351468,0.4701727781677597,3.0295970717105125,0.0035598307798668832,0.001879453240080469,-0.8669542818357949,-0.3514293786208673,0.0507258037365772,0.17262151508927476,0.03940904170325462,1.9255501413056455,-0.2665437829414874
4.32,-0.477040962437875,0.0,0.06726912460857411,0.0,-1.9546053020673906,0.0,0.004779518899602262,0.0004044686270565305,0.0,6,SolvedWithSlack,136518,73609,316508,0.11354507150042402,5.4214410738495644e-12,1.6859959608983566e-12,-0.8713518247288082,0.6104285868133743,4.99668562750854,-1.2606980786897455,2.5144852809618956,2.855634841630808,0.009690615296012216,0.398615539114942,3.2723836478479,0.0013366450134519564,0.0021976336396094033,-1.7495617572316273,0.065843068897392,0.8544884543692586,-0.040472300295929076,0.23305134378435505,1.8167211440067843,0.15472095450384177
4.325,-0.4770423891703801,0.0,0.06726917676406703,0.0,-1.9545808283546948,0.0,0.005043339884204021,0.00040949844195849313,0.0,6,SolvedWithSlack,133832,73269,314123,0.15694191009502156,6.0822458181064576e-12,1.841602391416952e-12,-0.8713015471391471,0.6129678018101627,5.011585358858111,-1.2606831849909197,2.5145056548075733,2.848822919970197,0.010246618534359077,0.580334253445,2.791213804878463,0.003881956505389553,0.005076001483342809,-1.1134709384056019,-0.34880720098354046,0.0459976134242111,0.17473465445155148,0.04280199741809174,1.918411309643784,-0.26680124716153664
4.33,-0.47704382569145043,0.0,0.06726922323077505,0.0,-1.954556159539609,0.0,0.004792952262271916,0.00041211901073408193,0.0,6,SolvedWithSlack,166966,83278,364198,0.11332067404792873,6.615152869926533e-12,1.970640664539225e-12,-0.8712518962928218,0.6156416806549248,5.026364855912603,-1.2606721507696037,2.5145267495672914,2.840644773583608,0.009768801303501108,0.5045041040987562,3.0617007680734853,0.0012324964723241848,0.0037442464942997675,-1.971195402943877,0.06166380105935476,0.8581961604596072,-0.040902130322509306,0.22767858183224382,1.8131307847668596,0.16104836570154257
4.335,-0.47704526581559104,0.0,0.06726924720751476,0.0,-1.9545315753710162,0.0,0.005067498304631403,0.00041472236340836744,0.0,6,SolvedWithSlack,138512,74020,323731,0.11291701139182228,7.098321930243401e-12,2.0525126737114263e-12,-0.8712013168367819,0.6187113994669432,5.040249377444154,-1.2606587513955956,2.5145518305472905,2.8328624961618587,0.01029689158694724,0.686524034197959,2.5931275632745567,0.0034718973087048714,0.005664749765340426,-1.2897378179251024,0.051743606044393764,0.861281640239021,-0.04131334054908345,0.21784478681643824,1.8066721822691565,0.17024468383059427
4.34,-0.4770467149368683,0.0,0.06726936003653383,0.0,-1.9545055615655684,0.0,0.0052711222894433465,0.0004159923997520263,0.0,6,SolvedWithSlack,140806,73679,320395,0.14777403557089716,7.652545264136279e-12,2.164358969825031e-12,-0.8711490554730997,0.6226850212696008,5.0519195047734025,-1.260637903023129,2.514582603400356,2.828370503522052,0.010534061522082604,0.8663955194678518,2.16686403438918,0.004513886121728845,0.006351925129873431,-0.6467202174494316,-0.7325105787643973,-0.23850790994018442,0.2512158604705252,-0.3066602832217843,1.81863208043423,-0.2060497866126455
4.345,-0.4770481265198953,0.0,0.0672693867013952,0.0,-1.9544809397312843,0.0,0.004601419026942966,0.0004031109248323649,0.0,6,SolvedWithSlack,145735,74560,326947,0.11229484164571922,7.908340649009915e-12,2.171027246866686e-12,-0.8711007813321977,0.6264960444115028,5.0645258381134814,-1.2606400904062105,2.514602420300837,2.8230048817167384,0.009196061641710484,0.6930266206081017,2.7493630181103113,-0.003266886872030557,0.002588558607374738,-1.3469401757138681,0.04177505048804958,0.8672472542443668,-0.04212687581082994,0.20589090009058253,1.7967174663315075,0.18381988482921596
4.3500000000000005,-0.477049513955546,0.0,0.06726934447222624,0.0,-1.9544574354658124,0.0,0.0048912186007640645,0.00040823454925205963,0.0,6,SolvedWithSlack,156496,73850,336666,0.11508383198480825,5.050195150030923e-12,1.705718899458475e-13,-0.8710522380519464,0.6305076574770825,5.076905131894683,-1.260645949195253,2.514619584739373,2.8183927465808094,0.009974699726975093,0.8747573752212602,2.299404402181373,3.438555680268258e-05,0.0038557939851286763,-0.6494470589572456,0.02902267470202652,0.8715556407930798,-0.04272036881291419,0.1931845132148427,1.7888082307970525,0.19564251437417401
4.355,-0.47705093427132683,0.0,0.06726941287966355,0.0,-1.954432124379998,0.0,0.0051490238527328895,0.0004119330523242031,0.0,6,SolvedWithSlack,146637,73770,325305,0.15217747488976838,1.234512777492016e-12,6.148206943557e-14,-0.8710012229537286,0.6354218149060973,5.087156772275894,-1.2606395742471843,2.51464034059053,2.8171724192713006,0.010322486491140113,1.0543663514207866,1.889674525732423,0.001961252436671589,0.004256676271587761,0.01660061202249602,-0.747435375034254,-0.25565636095167693,0.2587017073126062,-0.31301065149708235,1.8238259250156788,-0.2132095005377922
4.36,-0.47705232985152446,0.0,0.06726940753224114,0.0,-1.9544080298297561,0.0,0.004504339569572181,0.00040122137378999434,0.0,6,SolvedWithSlack,155233,88928,350832,0.15232333431446107,7.027267656667391e-12,1.7852663791728673e-12,-0.8709537905400069,0.6401351502868715,5.0985348970036535,-1.260651798745343,2.5146497083023425,2.8148510138547564,0.009049749162621662,0.8685526361365651,2.5240843531883206,-0.00492589063010717,0.0005238358657882327,-0.773198115369532,-0.3583104881164446,0.008644761634319209,0.1897188293061421,0.042272123938588396,1.862482530992594,-0.2589496683345838
4.365,-0.477053711471935,0.0,0.06726924992665874,0.0,-1.954386093417007,0.0,0.004389432476918941,0.0004115624878558944,0.0,6,SolvedWithSlack,152157,74080,333350,0.15193193072241318,2.1316282072803006e-12,3.737533156680117e-13,-0.8709079955452586,0.64418219588497,5.112191866846706,-1.2606755203132636,2.51464497732794,2.808366692321051,0.00921579474057194,0.7701860940269766,2.864704525842434,-0.004561669524523522,-0.0017168631843436596,-1.6333797233357619,-0.7158148627873457,-0.24765248288651312,0.2582842822281024,-0.28399939681421815,1.838940370549974,-0.22754415312287243
4.37,-0.47705509617922415,0.0,0.06726903615132139,0.0,-1.9543649206251705,0.0,0.004099012165337783,0.0004022349466721468,0.0,6,SolvedWithSlack,134854,73619,314053,0.12748149291890984,5.4853899200679734e-12,1.2544444649709163e-12,-0.8708640317812294,0.6474938521442741,5.1281445093162965,-1.260708408861701,2.514633647751126,2.7981739235776213,0.008571642560993997,0.5907619203708071,3.4001669335762497,-0.007610530218601133,-0.002540964030751257,-2.2987809982743608,0.021052224378068585,0.88344877048102,-0.04419045832125415,0.17833320507052822,1.7734670924552305,0.21671853796214674
4.375,-0.4770564675449243,0.0,0.06726889872173925,0.0,-1.9543430537488145,0.0,0.004653833111233576,0.00040246863563870547,0.0,6,SolvedWithSlack,140836,81775,328411,0.15335434708505088,4.604316927725449e-12,9.693738867166957e-13,-0.8708177289036684,0.6510198649193252,5.143515930404953,-1.2607280397309213,2.514631069387984,2.7894544264412353,0.00961815426973889,0.7811104524280721,2.8640362098625065,-0.0017857836905714236,0.0005986791485566344,-1.3870892190347848,-0.7154248535996245,-0.2507746462433319,0.2607023900445865,-0.28126142005349564,1.8423537391665081,-0.23097725416875545
4.38,-0.47705783463208956,0.0,0.06726883233742798,0.0,-1.9543204603955466,0.0,0.004312129208083473,0.00039333134852061397,0.0,6,SolvedWithSlack,138121,73729,318451,0.152977337623252,3.659295089164516e-12,6.848705630391194e-13,-0.8707724606950977,0.6543773235790838,5.159487305166571,-1.260747016947453,2.514628598543565,2.780388486590736,0.00876020940113183,0.5987633693199497,3.4067571098835203,-0.004879080339686794,-0.0010849139727363536,-2.0868728956046256,-0.7007106869196883,-0.24611345084688172,0.2600614739595284,-0.2678924264819634,1.848648532771385,-0.23701166427437084
4.385,-0.47705916328946363,0.0,0.06726866184536584,0.0,-1.9542998110070688,0.0,0.004038943280281875,0.00038717325226399934,0.0,6,SolvedWithSlack,143571,97754,347847,0.14035399285830605,3.062439191126032e-12,4.947101756025418e-13,-0.8707299199824206,0.6568355680466264,5.177998796212619,-1.2607758460916563,2.5146205880008665,2.767986582485278,0.008376715007239417,0.42059956152137956,3.892372126087693,-0.006177062592509884,-0.0018539730505355853,-2.7330969505198457,0.0676289590313966,0.24994964025047786,0.1303870921108148,0.30062996615085547,0.8205852895279389,0.23860178785912028
4.39,-0.4770605307268153,0.0,0.06726849574196007,0.0,-1.9542764213410522,0.0,0.005291394735328815,0.00044094167285150317,0.0,6,SolvedWithSlack,151797,96432,354810,0.1459592913536518,2.7995383788947947e-12,5.567213356982847e-13,-0.8706616720620666,0.6588743827734714,5.197451148245751,-1.260780425555497,2.514558133434441,2.7574194104020124,0.017023332217658747,0.39934214736001894,3.8888615326721756,0.002022744895555724,-0.018398481125167274,-1.7137853042994884,0.05856628347455364,0.24678587868148846,0.13164769967087428,0.2925071937533147,0.8037720581016425,0.24813079530120805
4.3950000000000005,-0.4770618827105305,0.0,0.06726839922781884,0.0,-1.9542462531785867,0.0,0.006502199628614209,0.00046817970968119444,0.0,6,SolvedWithSlack,133943,89689,328230,0.14848793522229548,8.531734346783892e-13,5.084273148375555e-13,-0.8705549944628366,0.660809877427614,5.216891485287794,-1.260755412942555,2.5144353539712174,2.7517516263876867,0.024126855822642894,0.3791079332650038,3.8871918462944537,0.0065983719550293364,-0.027860743802404643,-0.7596383052182113,-0.35421451533798265,-0.010369456744026062,0.1985200647559153,0.04812903701586836,1.8248973098806518,-0.2524294898779023
4.4,-0.47706305580074476,0.0,0.06726833893444872,0.0,-1.9542135291533986,0.0,0.006393477912891537,0.0004345522873408712,0.0,6,SolvedWithSlack,133462,72717,309995,0.15382133723360716,1.5118869697849924e-12,5.78419403138117e-13,-0.8704541376057062,0.662436710532846,5.237007052239284,-1.2607314422618212,2.514331145335824,2.7454604237235,0.0174324579248653,0.28997710988641456,4.110301156230544,0.0037371816005317103,-0.016692796767078643,-1.579221220779719,-0.693809607745607,-0.24497102791633535,0.26149627329713215,-0.2590185190609328,1.8524143183133674,-0.2408977195060177
4.405,-0.4770640405907236,0.0,0.06726826138704958,0.0,-1.9541828145246263,0.0,0.005978715759369432,0.00039703259874518675,0.0,6,SolvedWithSlack,143711,73249,321247,0.14718001912206313,1.3837833379835819e-12,6.258834283528527e-13,-0.8703838373567893,0.6633827702410939,5.258822346710921,-1.260730051480896,2.514275271619564,2.735438057583508,0.012333489388045817,0.12180764425675793,4.525533821703743,-0.001670396711689739,-0.007968296154942203,-2.2780814079172234,-0.0008426219915146915,0.8971896388762528,-0.04601318612107522,0.1502801335418834,1.7472009613187405,0.25020603250750734
4.41,-0.47706489014470665,0.0,0.06726827259260812,0.0,-1.9541517185010882,0.0,0.0064690843148462445,0.0003778854148575843,0.0,6,SolvedWithSlack,134694,72738,314885,0.15148330264503815,1.7718534972566147e-12,7.237591602426985e-13,-0.8703258055014274,0.6646391334204822,5.279355669840888,-1.2607280731036379,2.5142636354555834,2.727202641036735,0.01124110362473421,0.336954971600815,3.836467372420301,0.001579104548752791,0.0008207019925628913,-1.241583011353256,-0.008222914681403348,0.8990792108726076,-0.046150836017473496,0.14284174143477701,1.7420275704597272,0.25752161449656485
4.415,-0.4770657155149683,0.0,0.06726847010907809,0.0,-1.954118408586098,0.0,0.006743236680312034,0.00036925835999295734,0.0,6,SolvedWithSlack,134784,72728,313903,0.14700454761846662,3.211653165635653e-12,7.733518686547924e-13,-0.8702712196638545,0.6669592188384776,5.296639096112128,-1.2607140395561194,2.5142838858686014,2.723897339406375,0.010756469449938631,0.5481055543356248,3.2117644602547593,0.0034778577790637276,0.0057928901373586125,-0.28794611302381334,-0.35357337292822855,-0.01083573579314534,0.20007128394741425,0.04917520726586074,1.8195526091478194,-0.24990773095139324
4.42,-0.47706657850234835,0.0,0.06726864875678074,0.0,-1.9540856134227842,0.0,0.006372142445990511,0.0003811037611929073,0.0,6,SolvedWithSlack,141537,72977,319122,0.15679001123231578,3.161915174132446e-12,1.0404611200387492e-12,-0.8702197797710786,0.6693937571787933,5.313580649818035,-1.2607023803426425,2.5143077997945005,2.719826657482705,0.010048484413734982,0.4463089500653753,3.501709820910255,0.0016567447355360892,0.004220186419941369,-1.1523989197198035,-0.01473477965899389,0.9036520360404154,-0.04661024772170558,0.1347430596333692,1.7363874168126687,0.26654301909493683
4.425,-0.4770675038133511,0.0,0.06726878736894193,0.0,-1.9540538512533172,0.0,0.00639213439939691,0.00037755207755863705,0.0,6,SolvedWithSlack,134865,87615,327158,0.14609763001325016,4.867217739956686e-12,1.4396001751793008e-12,-0.8701689875877339,0.6722600581571629,5.329263394392677,-1.26068924692721,2.514339161255082,2.717031018161183,0.010218243775285045,0.6573060715394597,2.90111075587778,0.0031472774858668563,0.00733153601973548,-0.17773233446026046,-0.35322398756485496,-0.013432518871781929,0.20195534021775163,0.050411192089095835,1.8127851109805682,-0.24836597102252525
4.43,-0.4770684953251955,0.0,0.06726891190329576,0.0,-1.9540229446086168,0.0,0.005982488779523372,0.00038985073977283307,0.0,6,SolvedWithSlack,145094,71976,320967,0.2829094856953119,1.7906648386301072e-12,3.8254642509283343e-13,-0.8701186277792244,0.6752252281431238,5.344759696178083,-1.2606799296666578,2.514366579797155,2.7134930813885223,0.009912844033670253,0.5505915104391644,3.226587539547253,0.0011108175395708323,0.004442669783663076,-1.0481488726134631,-0.17581171824238553,0.924457172806142,-0.05094983068948427,-0.07707645441110271,1.5351736630813964,0.4809461256820302
4.4350000000000005,-0.47706953863603063,0.0,0.06726899799643375,0.0,-1.9539933444595372,0.0,0.00592609256055719,0.00037912261501246887,0.0,6,SolvedWithSlack,132941,81283,317870,0.15806340567873373,2.1032064978498966e-12,6.66654231817887e-13,-0.8700691834303097,0.6786315390163221,5.359083117241802,-1.2606753553357104,2.514391842965046,2.7133876212918033,0.009874758623533585,0.7677027053442794,2.6314067083527464,0.0007702940201862579,0.00525947573246702,0.6394029600421652,-0.7115580996213613,-0.25539026505841456,0.26870778965384734,-0.26984820818133903,1.8510069214432172,-0.2371655786011283
4.44,-0.4770705907893151,0.0,0.06726904678280708,0.0,-1.9539656333957505,0.0,0.005209328611098933,0.00037487094502817466,0.0,6,SolvedWithSlack,132911,90160,327749,0.1446978197213016,3.339550858072471e-12,8.377552124239074e-13,-0.870023081054051,0.6818886544268491,5.37402110849922,-1.2606883577855683,2.5144127908047045,2.7138000312365405,0.00887875964331629,0.5744277330179125,3.2167176473114605,-0.004479982313168852,0.0035728862234547538,-0.2755846218924962,-0.34966634292491855,-0.01926619409675301,0.20546079850454008,0.05464269022852196,1.7980651461041335,-0.2459862935262127
4.445,-0.47707171142338756,0.0,0.06726895762407557,0.0,-1.9539403774252424,0.0,0.005022761183419338,0.00039257209833320144,0.0,6,SolvedWithSlack,163259,93286,360451,0.39719268868016344,5.7980287238024175e-12,1.6694449642140619e-12,-0.869977699103553,0.6844348239802538,5.391026368989965,-1.2607076069916558,2.5144224865801057,2.709832758876786,0.00917843544787231,0.46611400699427374,3.5194505919079795,-0.003430034091770667,0.001055716773104366,-1.126321830696729,-0.22724095549510342,-0.024383465188995083,0.21217509924000796,-0.053948830951337075,-0.07812988280503157,0.6752275707562778
4.45,-0.4770728568874843,0.0,0.06726880591936558,0.0,-1.9539115188250074,0.0,0.006492927556554653,0.0004559269576782517,0.0,6,SolvedWithSlack,136107,80412,330424,0.18909887933313843,4.710898338089464e-12,1.3689605005140493e-12,-0.8698784513482484,0.6863789977153231,5.409522377993317,-1.2607122541606326,2.514332278012649,2.711284308240086,0.026530104199592622,0.3381828638925673,3.8145659837978996,0.00038475884674297166,-0.02875594980723426,1.2031064246595804,-0.05995670902709982,0.9227531053028825,-0.049068338750504176,0.08351130337227962,1.6948341851615603,0.3214680948663353
4.455,-0.47707386203232666,0.0,0.06726872929137123,0.0,-1.9538779081717261,0.0,0.006667801706359603,0.000417498567706524,0.0,6,SolvedWithSlack,134895,96332,338119,0.13783712289481512,7.183587058534613e-12,1.8570717880139753e-12,-0.8697754681860348,0.6887854264766522,5.426575123950825,-1.2607069458144997,2.514237903315913,2.7201382909136838,0.017568015063207373,0.5748957593597096,3.150228337243597,0.001452856814077903,-0.013217239719344777,2.1349802977545784,-0.3729368550719596,-0.030602711621902368,0.2101877678753827,0.036536694966043684,1.7806310116285846,-0.23432310892118569
4.46,-0.47707475622599466,0.0,0.06726875262807916,0.0,-1.9538448587130435,0.0,0.006551004856386458,0.0004031487629198067,0.0,6,SolvedWithSlack,135827,77326,317590,0.10540458657872188,8.853362487570848e-12,2.327103787447271e-12,-0.8696943301566074,0.6913280324047283,5.443306883555555,-1.260705269517983,2.5141882902795034,2.727612673829251,0.015081442772524739,0.4649639984932725,3.472319302080482,-0.00028496081364866327,-0.007944664951374934,1.082815949226969,-0.4883817871228572,0.28786927971419696,0.1245201986914473,-0.20542544123330067,1.6864733852595502,0.11603066820013676
4.465,-0.4770755402750646,0.0,0.06726873829868625,0.0,-1.9538126310208843,0.0,0.006377093001366463,0.0003814257388672072,0.0,6,SolvedWithSlack,172636,101392,390437,0.3967183125833173,3.007379455379902e-12,2.2282176104226892e-13,-0.8696304917675809,0.6936705167355928,5.460615166285006,-1.260714976179694,2.514167967880359,2.7337535747501094,0.011583341981380812,0.47039167922200414,3.4545069551292364,-0.002845042553935962,-0.0018774412547122145,1.3212734264403838,-0.23082658939935596,-0.015596270934665903,0.2121319153962982,-0.05137424692471356,-0.07568795091405674,0.6744211313916394
4.47,-0.47707621527187316,0.0,0.06726868225030934,0.0,-1.9537771225922196,0.0,0.0078037953635120665,0.0004536220423120758,0.0,6,SolvedWithSlack,138261,82917,331225,0.21075931671108236,2.1884716261411086e-12,1.3374544527433585e-12,-0.8695257555732803,0.6956492257183823,5.478787691059073,-1.2607178635264402,2.5140727522049953,2.7466732716423787,0.026800572160068502,0.3467757653337195,3.7500165397254337,0.0006280058469522229,-0.028633235926542037,3.397318804141536,-0.09124896749465689,0.9349239689307214,-0.05058875476941685,0.0489046837903436,1.6677050516740923,0.35829083840884
4.4750000000000005,-0.47707339090729334,0.0,0.06726862129568068,0.0,-1.953687409354439,0.0,0.030778231608837844,0.0018984009918730992,0.0,6,SolvedWithSlack,135907,93957,334522,0.13142170346628884,1.895812766871925e-12,1.3962511702381164e-12,-0.8694720478647867,0.698279957236979,5.495516501920549,-1.2607211558794098,2.513978458378581,2.766178164947132,0.003620834121240698,0.6350527059073974,3.082702892868407,-0.0007509919074191835,-0.01281784839498161,4.224362405331064,-0.3918788885431729,-0.04168776336129332,0.21547588311165497,0.02247079377789826,1.7615637480802668,-0.223416895892691
4.48,-0.4770693158434417,0.0,0.06726866813467455,0.0,-1.9535812813416635,0.0,0.015944333901496015,0.0008381182885456649,0.0,6,SolvedWithSlack,141718,103456,351274,0.29266268121666605,1.1453948900452815e-11,7.967619619630995e-13,-0.8694430978398263,0.7010227866811959,5.511945586446459,-1.2607232148614727,2.5139388690925015,2.7835509916271928,0.006867383966336324,0.4932756126086932,3.416974955019672,-0.00032423527533257247,-0.0051400191788947055,2.991411094845639,-0.19438972115831812,0.9516385981486809,-0.05356711259336962,-0.08821766458264624,1.5401636723252998,0.49752655806833224
4.485,-0.4770686514866163,0.0,0.06726878972971875,0.0,-1.953527005826503,0.0,0.008186334959306133,0.00038832768320338666,0.0,6,SolvedWithSlack,159090,97565,363406,0.19116561215259395,9.436905291627131e-12,3.1508129438861943e-13,-0.8694033790531535,0.7041651835902035,5.526997452380442,-1.2607209690257826,2.51394105644077,2.802551615863051,0.008482742881279709,0.7188720288427954,2.7488369188435393,0.0008258750214928018,0.003457418135511075,4.319292129434166,0.00011269665862210619,0.21559908091742014,0.14957350898706764,0.24112144083593826,0.629973431034568,0.3249815406594097
4.49,-0.47706977819743507,0.0,0.06726894532018296,0.0,-1.9534968767873024,0.0,0.005077931226368144,0.0004368420194684697,0.0,6,SolvedWithSlack,137740,78759,322630,0.17895724470385382,1.5774048733874224e-12,1.5415099752225103e-13,-0.8693317626924673,0.7076147752897535,5.541149167298992,-1.2607030761418108,2.513904615271118,2.8259324625646154,0.01815597513462731,0.6712527526551206,2.8828181945829128,0.005017337313408318,-0.013312431619258993,4.906067240873336,-0.47785956885164543,-0.06053352180865304,0.22231125759683512,-0.03749161679639267,1.9866090241017897,-0.3042273159965515
4.495,-0.4770717234107583,0.0,0.06726898302640151,0.0,-1.9534784745377864,0.0,0.0027719463787975133,0.0004694665197008456,0.0,6,SolvedWithSlack,165623,98616,370730,0.39512854198562697,1.2931877790833823e-12,1.082870445857e-13,-0.8692581389396683,0.7105938106578586,5.556731205185218,-1.2606930330850419,2.5138741210091826,2.845647864725472,0.012961591479582755,0.5456489944981573,3.2666836866484483,0.00026317410942056974,-0.0019628727279819526,3.322740149094236,-0.230008301045487,-0.005467142631950167,0.21365116590802213,-0.04392191405808343,-0.07901554862947069,0.6717185213755659
