tick,time_seconds,dominant_signal,hard_constraints,finite_support,invariant_root,viability_transfer,viability_effectors,joint_position,actuator_effort,solver_5ms,solver_20ms,preference_clipping,style_clipping
0,0.0,solver_5ms,0.0040535763150931214,0.0,9.466242954365875e-06,5.979666311997597e-05,0.0,0.0,0.21761225700517697,0.7091242,0.17728105,0.0,0.0
1,0.005,solver_5ms,0.03850374527686655,0.0,8.938717768994307e-06,3.2510327833665195e-05,0.0,0.0,0.22337121322049586,0.7324242,0.18310605,0.0,0.0
2,0.01,solver_5ms,0.012438618651787817,0.0,1.5849763287006334e-05,4.0851093534041697e-05,0.0,0.0,0.21579034785861265,0.7203474,0.18008685,0.0,0.0
3,0.015,solver_5ms,0.026047231060401244,0.0,7.001497481904918e-06,3.350188514767083e-05,0.0,0.0,0.20981695363456432,0.7005899999999999,0.17514749999999998,0.0,0.0
4,0.02,solver_5ms,0.015523937690886669,0.0,2.859575354101433e-06,7.64202037006231e-06,0.0,0.0,0.2052364712953405,0.7283386000000001,0.18208465000000001,0.0,0.0
5,0.025,solver_5ms,0.029030239146495364,0.0,5.989288874892461e-06,1.1818396124692224e-05,0.0,0.0,0.20180557510926972,0.7073288,0.1768322,0.0,0.0
6,0.03,solver_5ms,0.018454762740023806,0.0,3.942538901586179e-06,2.0221973783692176e-05,0.0,0.0,0.19932227809400002,0.705233,0.17630825,0.0,0.0
7,0.035,solver_5ms,0.011957971447015875,0.0,9.310036536926676e-07,9.661415147746252e-06,0.0,0.0,0.19762737447904888,0.711106,0.1777765,0.0,0.0
8,0.04,solver_5ms,0.013431450375460166,0.0,8.721977791351169e-06,1.019776928892586e-05,0.0,0.0,0.1965565352457551,0.7032672,0.1758168,0.0,0.0
9,0.045,solver_5ms,0.021057440509355093,0.0,3.428028838101914e-06,1.8764180263878875e-05,0.0,0.0,0.1959923171987426,0.7302881999999999,0.18257204999999999,0.0,0.0
10,0.05,solver_5ms,0.09802090433276046,0.0,7.367925124111959e-06,1.4448906555958608e-05,0.0,0.0,0.19584255729785102,0.7162096,0.1790524,0.0,0.0
11,0.055,solver_5ms,0.019098870855231254,0.0,3.2063248119975664e-06,1.1431014004371924e-05,0.0,0.0,0.196020509959812,0.7088338,0.17720845,0.0,0.0
12,0.06,solver_5ms,0.00635027207015432,0.0,7.425102867880098e-06,1.9837170504225823e-05,0.0,0.0,0.19646119554080949,0.7070162,0.17675405,0.0,0.0
13,0.065,solver_5ms,0.03985491589954503,0.0,1.657266887433964e-05,2.1129221206713903e-05,0.0,0.0,0.1971114702480566,0.7263928,0.1815982,0.0,0.0
14,0.07,solver_5ms,0.004341242898272938,0.0,3.879211357721953e-06,1.7903280798518824e-05,0.0,0.0,0.19794189255149472,0.7341956000000001,0.18354890000000001,0.0,0.0
15,0.075,solver_5ms,0.07056449240896376,0.0,3.5698438812034937e-06,1.5432842736761706e-05,0.0,0.0,0.19890664532983623,0.7372012,0.1843003,0.0,0.0
16,0.08,solver_5ms,0.031824914318440145,0.0,4.5784002554353316e-06,2.3134125583347136e-05,0.0,0.0,0.1999856592166735,0.7188486,0.17971215,0.0,0.0
17,0.085,solver_5ms,0.011754541784370076,0.0,1.9841108371733586e-05,3.309315879365045e-05,0.0,0.0,0.20115086757677814,0.7135345999999999,0.17838364999999998,0.0,0.0
18,0.09,solver_5ms,0.005053942485865048,0.0,1.8649775393696662e-05,3.636419261374797e-05,0.0,0.0,0.20239706384958128,0.7074891999999999,0.17687229999999998,0.0,0.0
19,0.095,solver_5ms,0.07261288233039186,0.0,1.1822287538794424e-05,3.7496489520141905e-05,0.0,0.0,0.20369699208196504,0.7032152,0.1758038,0.0,0.0
20,0.1,solver_5ms,0.04683079696601866,0.0,5.058764119855944e-06,1.648593520513322e-05,0.0,0.0,0.2050575454653745,0.711651,0.17791275,0.0,0.0
21,0.105,solver_5ms,0.011559267212914191,0.0,6.955201019769086e-06,3.6228233280740414e-05,0.0,0.0,0.20645155109892147,0.7166444000000001,0.17916110000000002,0.0,0.0
22,0.11,solver_5ms,0.06423926599691943,0.0,5.638148668831751e-06,1.9002625363958943e-05,0.0,0.0,0.20788590060917447,0.7377544,0.1844386,0.0,0.0
23,0.115,solver_5ms,0.02832809256267388,0.0,6.221314715768359e-06,3.236025714931854e-05,0.0,0.0,0.20934691081535536,0.7160171999999999,0.17900429999999998,0.0,0.0
24,0.12,solver_5ms,0.009599194030797398,0.0,1.2723658879142208e-05,3.4192528599332004e-05,0.0,0.0,0.21083738678687616,0.7283184,0.1820796,0.0,0.0
25,0.125,solver_5ms,0.006195314660589757,0.0,8.733412708472504e-06,2.106005863709664e-05,0.0,0.0,0.21235198765738464,0.7149894,0.17874735,0.0,0.0
26,0.13,solver_5ms,0.017874021100011683,0.0,6.148755061259945e-06,3.5057913782860583e-05,0.0,0.0,0.2138829659841958,0.687355,0.17183875,0.0,0.0
27,0.135,solver_5ms,0.023332895728381264,0.0,2.8217332521605605e-06,2.827394762346101e-05,0.0,0.0,0.2154354842231317,0.7017884,0.1754471,0.0,0.0
28,0.14,solver_5ms,0.021938893957472602,0.0,1.0655033559563254e-05,4.550984630919066e-05,0.0,0.0,0.21700292248196085,0.7494184,0.1873546,0.0,0.0
29,0.145,solver_5ms,0.018744385757500603,0.0,1.2199480225271175e-05,5.1851427026909956e-05,0.0,0.0,0.21859466617055948,0.7358428,0.1839607,0.0,0.0
30,0.15,solver_5ms,0.05257941204823979,0.0,8.523650801408396e-06,3.77001680019439e-05,0.0,0.0,0.22019490587018428,0.7516506000000001,0.18791265000000001,0.0,0.0
31,0.155,solver_5ms,0.013656491674405311,0.0,1.4504016649965612e-05,4.649400456224912e-05,0.0,0.0,0.22181558368413523,0.7447275999999999,0.18618189999999998,0.0,0.0
32,0.16,solver_5ms,0.02109813278944328,0.0,3.3222799529200447e-06,1.2176927969038125e-05,0.0,0.0,0.22345484301883795,0.7379526,0.18448815,0.0,0.0
33,0.165,solver_5ms,0.013337737290758812,0.0,1.6133712019763177e-05,5.078124991654608e-05,0.0,0.0,0.22509838161236156,0.7229783999999999,0.18074459999999998,0.0,0.0
34,0.17,solver_5ms,0.041712768387492695,0.0,1.428890451819568e-05,4.68845639942058e-05,0.0,0.0,0.22675902519159213,0.7387022,0.18467555,0.0,0.0
35,0.17500000000000002,solver_5ms,0.004706648192389674,0.0,2.9098012041953235e-05,5.486177926549915e-05,0.0,0.0,0.22844126904463996,0.6916972,0.1729243,0.0,0.0
36,0.18,solver_5ms,0.018045393825050215,0.0,2.965038199244466e-06,6.167029730888955e-05,0.0,0.0,0.2301325897207703,0.69955,0.1748875,0.0,0.0
37,0.185,solver_5ms,0.0812746952854812,0.0,1.7518100253087667e-06,6.801352756540189e-05,0.0,0.0,0.23184571821443123,0.695775,0.17394375,0.0,0.0
38,0.19,solver_5ms,0.013988316337502568,0.0,5.2039395807733574e-06,3.0190803665101167e-05,0.0,0.0,0.23358105279307143,0.6774743999999999,0.16936859999999998,0.0,0.0
39,0.195,solver_5ms,0.0369012285002723,0.0,1.6365169850398747e-05,6.611740028731209e-05,0.0,0.0,0.23531533003632293,0.7028224000000001,0.17570560000000002,0.0,0.0
40,0.2,solver_5ms,0.009325978878038654,0.0,1.332782917640949e-05,2.071288481413244e-05,0.0,0.0,0.23708847809914987,0.698376,0.174594,0.0,0.0
41,0.20500000000000002,solver_5ms,0.017909916212306524,0.0,2.778050713049257e-05,5.343902803871852e-05,0.0,0.0,0.2388607876944416,0.7091,0.177275,0.0,0.0
42,0.21,solver_5ms,0.025370911033400882,0.0,2.0665015420901063e-05,5.602919181734372e-05,0.0,0.0,0.24066352707662148,0.7128152,0.1782038,0.0,0.0
43,0.215,solver_5ms,0.03301175877795659,0.0,1.0918799889751243e-05,4.7657402039018804e-05,0.0,0.0,0.2424852382529709,0.6949314,0.17373285,0.0,0.0
44,0.22,solver_5ms,0.009174662093415498,0.0,2.4141772930592236e-05,6.534824687808137e-05,0.0,0.0,0.24431578620032468,0.7361252,0.1840313,0.0,0.0
45,0.225,solver_5ms,0.007873528689921958,0.0,9.582999552688317e-06,6.507685849151862e-05,0.0,0.0,0.2461775360096987,0.9967278,0.24918195,0.0,0.0
46,0.23,solver_5ms,0.005339146659510963,0.0,2.7082813916713882e-05,7.338271020956647e-05,0.0,0.0,0.24807003394922822,0.8212780000000001,0.20531950000000002,0.0,0.0
47,0.23500000000000001,solver_5ms,0.019973681928786395,0.0,2.9464803494197942e-05,7.386341259949006e-05,0.0,0.0,0.24995629388741203,0.7806114,0.19515285,0.0,0.0
48,0.24,solver_5ms,0.016017190931872857,0.0,4.884892222750627e-05,7.06935124516663e-05,0.0,0.0,0.2518858990457285,0.8870446,0.22176115,0.0,0.0
49,0.245,solver_5ms,0.0035923691105166355,0.0,5.0963311388852644e-05,6.165994459227934e-05,0.0,0.0,0.2538542672136164,0.6849706,0.17124265,0.0,0.0
50,0.25,solver_5ms,0.008809178733693024,0.0,1.695013332500323e-05,6.264677793325787e-05,0.0,0.0,0.25584356067649294,0.679338,0.1698345,0.0,0.0
51,0.255,solver_5ms,0.002763081083378971,0.0,4.652946493690323e-05,6.152312934924014e-05,0.0,0.0,0.2578461280509355,0.7189488,0.1797372,0.0,0.0
52,0.26,solver_5ms,0.005749045683955956,0.0,1.9428340572171197e-05,4.553409043178618e-05,0.0,0.0,0.2598898314435346,0.7110337999999999,0.17775844999999998,0.0,0.0
53,0.265,solver_5ms,0.04951670055973814,0.0,2.122101350778393e-05,7.685977718131314e-05,0.0,0.0,0.26195236968558105,0.6871888,0.1717972,0.0,0.0
54,0.27,solver_5ms,0.004769257558323581,0.0,5.838739300261254e-06,4.704497071955095e-05,0.0,0.0,0.26405606422003824,0.6940598,0.17351495,0.0,0.0
55,0.275,solver_5ms,0.009593187052028829,0.0,2.06949320748429e-05,4.7650656182604014e-05,0.0,0.0,0.26618995530164646,0.7345604,0.1836401,0.0,0.0
56,0.28,solver_5ms,0.027787351271953836,0.0,5.39684788845122e-05,0.0001184678975702941,0.0,0.0,0.26832807231924,0.7033514,0.17583785,0.0,0.0
57,0.28500000000000003,solver_5ms,0.014242026308286526,0.0,1.8751898145248614e-05,3.588445777367819e-05,0.0,0.0,0.27054945204170355,0.7088436,0.1772109,0.0,0.0
58,0.29,preference_clipping,0.028824310418975457,0.0,1.1321624707788339e-08,1.6443539999945278e-08,0.0,0.0,0.28179632369775903,0.7716906,0.19292265,1.0,1.0
59,0.295,preference_clipping,0.030641861411499077,0.0,1.0393966468745939e-13,6.835602962670142e-15,0.0,0.0,0.2842541723117731,0.6823736,0.1705934,1.0,1.0
60,0.3,solver_5ms,0.005979595291139006,0.0,2.6682470005562847e-05,6.115826234180368e-05,0.0,0.0,0.2785355361731191,0.683113,0.17077825,0.0,0.0
61,0.305,preference_clipping,0.015597660814846426,0.0,8.18754209262809e-09,9.655909487133837e-09,0.0,0.0,0.28189624384271583,0.7583272,0.1895818,1.0,1.0
62,0.31,solver_5ms,0.021992889454036657,0.0,4.1405621333032985e-05,5.683983737807805e-05,0.0,0.0,0.26839548551295067,0.6935627999999999,0.17339069999999998,0.0,0.0
63,0.315,solver_5ms,0.06284207321183288,0.0,1.463076918826967e-05,8.627187984277553e-05,0.0,0.0,0.2639089590509277,0.7253508,0.1813377,0.0,0.0
64,0.32,solver_5ms,0.016439084577109242,0.0,2.1906768664627032e-05,6.49216126338117e-05,0.0,0.0,0.2594093860901427,0.7020388,0.1755097,0.0,0.0
65,0.325,solver_5ms,0.009354043115170768,0.0,1.5623346558523777e-05,5.7400278881701186e-05,0.0,0.0,0.254918915092443,0.6887236,0.1721809,0.0,0.0
66,0.33,solver_5ms,0.0023018268823123134,0.0,1.421724403636096e-05,5.804273134940639e-05,0.0,0.0,0.2504258951716921,0.698997,0.17474925,0.0,0.0
67,0.335,solver_5ms,0.00902061250132244,0.0,1.6039685071906213e-05,5.6326687238871526e-05,0.0,0.0,0.24593959190108997,0.6770858000000001,0.16927145000000002,0.0,0.0
68,0.34,solver_5ms,0.022984696090855294,0.0,1.045764791230753e-05,2.1656005477144844e-05,0.0,0.0,0.24145515464151174,0.6787086,0.16967715,0.0,0.0
69,0.34500000000000003,solver_5ms,0.017960008643052444,0.0,2.04680643372425e-05,6.404286616151616e-05,0.0,0.0,0.2369662067704959,0.778914,0.1947285,0.0,0.0
70,0.35000000000000003,solver_5ms,0.032832823959605406,0.0,2.9638901554084767e-05,4.6879978565261635e-05,0.0,0.0,0.23246332312187298,0.8499804,0.2124951,0.0,0.0
71,0.355,solver_5ms,0.004496314431889914,0.0,1.167081202888189e-05,1.6093433472527732e-05,0.0,0.0,0.22799294705891016,0.6954062,0.17385155,0.0,0.0
72,0.36,solver_5ms,0.07195107820092903,0.0,5.6111061707988695e-06,2.582154553772565e-05,0.0,0.0,0.22350746437638694,0.695811,0.17395275,0.0,0.0
73,0.365,solver_5ms,0.11773529130787441,0.0,5.562098555664421e-06,1.8483198238471407e-05,0.0,0.0,0.21902649741428262,0.8663134,0.21657835,0.0,0.0
74,0.37,solver_5ms,0.03429694792056459,0.0,1.5722047696257415e-05,2.740217390893086e-05,0.0,0.0,0.21454607121266295,0.9061203999999999,0.22653009999999998,0.0,0.0
75,0.375,solver_5ms,0.028668993221070416,0.0,4.179017605121203e-06,2.509972290876212e-05,0.0,0.0,0.2100635835462792,1.0223562,0.25558905,0.0,0.0
76,0.38,solver_5ms,0.02357621797441367,0.0,1.3347794161783894e-05,3.2650239482165185e-05,0.0,0.0,0.20558406845518282,0.9796074,0.24490185,0.0,0.0
77,0.385,solver_5ms,0.01709503001396523,0.0,5.8608884438643935e-06,1.4504769166943967e-05,0.0,0.0,0.20111281279328497,1.0017974,0.25044935,0.0,0.0
78,0.39,solver_5ms,0.024885337714108946,0.0,1.3605081632264238e-05,3.408390268430497e-05,0.0,0.0,0.19662802339278268,1.0112574,0.25281435,0.0,0.0
79,0.395,solver_5ms,0.03817767344664949,0.0,4.6554933887331645e-06,1.1657535489209622e-05,0.0,0.0,0.19216669219913163,1.0254922,0.25637305,0.0,0.0
80,0.4,solver_5ms,0.007005581878494205,0.0,3.348682772194168e-06,1.4384084466249384e-05,0.0,0.0,0.18769536877534568,1.0318441999999999,0.25796104999999997,0.0,0.0
81,0.405,solver_5ms,0.013593407692871762,0.0,5.319437829737719e-06,1.9149670540617056e-05,0.0,0.0,0.18322240515860294,1.0171462,0.25428655,0.0,0.0
82,0.41000000000000003,solver_5ms,0.022962570657859144,0.0,1.5399965543507865e-06,8.173923404377572e-06,0.0,0.0,0.18191660804348778,1.061442,0.2653605,0.0,0.0
83,0.41500000000000004,solver_5ms,0.031871129975609425,0.0,1.7313861703895114e-06,1.2873834832039834e-05,0.0,0.0,0.18636807089886473,1.081546,0.2703865,0.0,0.0
84,0.42,solver_5ms,0.021762147433494056,0.0,9.869430766282233e-06,1.4353298601481367e-05,0.0,0.0,0.19081193557182966,1.0028032,0.2507008,0.0,0.0
85,0.425,solver_5ms,0.040697671892676174,0.0,4.607584099829598e-06,5.215300842477958e-06,0.0,0.0,0.19525234917408163,0.7052708,0.1763177,0.0,0.0
86,0.43,solver_5ms,0.01711443799179424,0.0,3.3732220112750893e-06,1.5751294560267063e-05,0.0,0.0,0.1996749919674564,0.732262,0.1830655,0.0,0.0
87,0.435,solver_5ms,0.025288817340120978,0.0,6.0827461464341625e-06,1.6798801177049868e-05,0.0,0.0,0.2040909336207695,0.710032,0.177508,0.0,0.0
88,0.44,solver_5ms,0.007481499772997446,0.0,1.1349867400848646e-05,3.242808496545784e-05,0.0,0.0,0.2084873508544788,0.6829105999999999,0.17072764999999998,0.0,0.0
89,0.445,solver_5ms,0.03755735063226684,0.0,1.8488038239526335e-05,2.0204487629639675e-05,0.0,0.0,0.21288597519516292,0.7625032,0.1906258,0.0,0.0
90,0.45,solver_5ms,0.03363049877642965,0.0,7.956688244800267e-06,2.041700501415829e-05,0.0,0.0,0.21726267934922808,0.732913,0.18322825,0.0,0.0
91,0.455,solver_5ms,0.006970424237806583,0.0,3.473089960107697e-05,4.234597827056459e-05,0.0,0.0,0.22162363576494187,0.7061246,0.17653115,0.0,0.0
92,0.46,solver_5ms,0.005832898053448332,0.0,2.418921327493307e-05,4.532298800710933e-05,0.0,0.0,0.22597438509045642,0.7345404000000001,0.18363510000000002,0.0,0.0
93,0.465,solver_5ms,0.02990997998320727,0.0,2.2024943995372585e-05,4.00228452122549e-05,0.0,0.0,0.2303085216585463,0.6951056,0.1737764,0.0,0.0
94,0.47000000000000003,solver_5ms,0.0271705859200555,0.0,6.3289884478627285e-06,5.36792561711504e-05,0.0,0.0,0.23462085148400708,0.6966486,0.17416215,0.0,0.0
95,0.47500000000000003,solver_5ms,0.00798426810777464,0.0,2.023133538494547e-05,2.8288110877232272e-05,0.0,0.0,0.2389290034310347,0.7484948,0.1871237,0.0,0.0
96,0.48,solver_5ms,0.01124915924299863,0.0,7.181974699151453e-06,2.0287293677869872e-05,0.0,0.0,0.24321046906708033,0.7096634,0.17741585,0.0,0.0
97,0.485,solver_5ms,0.014005222632659797,0.0,4.674767742707975e-06,2.1891139788902036e-05,0.0,0.0,0.2474724056257211,0.6908636,0.1727159,0.0,0.0
98,0.49,solver_5ms,0.01774930202813607,0.0,1.8034483347315403e-05,3.572415968430902e-05,0.0,0.0,0.25170741939473334,0.6984822,0.17462055,0.0,0.0
99,0.495,solver_5ms,0.04970112615736155,0.0,1.7037097153075918e-05,5.8897707073337064e-05,0.0,0.0,0.255930449513958,0.7117131999999999,0.17792829999999998,0.0,0.0
100,0.5,solver_5ms,0.009372683185127073,0.0,6.326380931428453e-06,7.99869599623209e-05,0.0,0.0,0.260110653406102,0.7094547999999999,0.17736369999999999,0.0,0.0
101,0.505,solver_5ms,0.004369082873267871,0.0,7.364255088695114e-05,6.000905252384701e-05,0.0,0.0,0.2642937241351979,0.6895272,0.1723818,0.0,0.0
102,0.51,solver_5ms,0.011039951147272936,0.0,2.881918594503852e-05,7.44228714725185e-05,0.0,0.0,0.2684307915796508,0.6867939999999999,0.17169849999999998,0.0,0.0
103,0.515,solver_5ms,0.039460405884712835,0.0,4.2517854627894223e-05,3.285501541074248e-05,0.0,0.0,0.2725468932922656,0.6841792,0.1710448,0.0,0.0
104,0.52,solver_5ms,0.03870987835830064,0.0,1.134939373271902e-05,5.586399457765705e-05,0.0,0.0,0.2766352189953937,0.6861427999999999,0.17153569999999999,0.0,0.0
105,0.525,solver_5ms,0.01603705432340341,0.0,2.664486006312937e-05,6.508826416180483e-05,0.0,0.0,0.2806818623660172,0.7062948,0.1765737,0.0,0.0
106,0.53,preference_clipping,0.017116619818562107,0.0,5.5294221979942566e-09,8.30728223074996e-09,0.0,0.0,0.28524206448256445,0.8014768,0.2003692,1.0,1.0
107,0.535,preference_clipping,0.012404097193829955,0.0,1.0413988192118272e-13,1.6147430022366426e-14,0.0,0.0,0.2887815286487729,0.7230084,0.1807521,1.0,1.0
108,0.54,preference_clipping,0.02630605039355416,0.0,1.8284891399214426e-13,1.093991992988598e-13,0.0,0.0,0.29395589869604716,0.6907194000000001,0.17267985000000002,1.0,1.0
109,0.545,preference_clipping,0.005949681719519262,0.2143845175324337,1.0650931543851018e-13,5.781797719537043e-14,0.0,0.0,0.2990812222765135,0.6817826,0.17044565,1.0,1.0
110,0.55,preference_clipping,0.004222087263139329,0.5784792591139385,1.0664138939552554e-13,8.11316930609956e-15,0.0,0.0,0.3037613185383355,0.7398544,0.1849636,1.0,1.0
111,0.555,preference_clipping,0.008708936349854923,0.8758776370003672,1.0418572744860047e-13,6.490349713064407e-16,0.0,0.0,0.3077987115670936,0.7269338,0.18173345,1.0,1.0
112,0.56,preference_clipping,0.023716452131165855,0.9394718598727771,1.0729276712150875e-13,0.025635888963326442,0.0,0.0,0.30763847651187276,0.7129354,0.17823385,1.0,1.0
113,0.5650000000000001,finite_support,0.0074639737532994355,1.0,1.0938979953394754e-13,1.8689263941165378e-14,0.0,0.0,0.3190783482718708,0.7072428,0.1768107,1.0,1.0
114,0.5700000000000001,preference_clipping,0.005600763602897629,0.9999999969250016,6.048816993743649e-08,9.476796686099778e-08,0.0,0.0,0.33549600856623263,0.8205888000000001,0.20514720000000003,1.0,1.0
115,0.5750000000000001,finite_support,0.02590830622956064,1.0,1.344129048927591e-13,0.11182067167842966,0.0,0.0,0.3052660714759797,0.7829016,0.1957254,1.0,1.0
116,0.58,preference_clipping,0.011332691729482036,0.9999999999999993,1.5018617812468027e-13,1.1330249589396125e-13,0.0,0.0,0.33772971282975517,0.7745257999999999,0.19363144999999998,1.0,1.0
117,0.585,preference_clipping,0.034632922918387266,0.9999999999999984,1.6580946830983412e-13,1.9657502153840765e-13,0.0,0.0,0.3415954239326065,0.7929286,0.19823215,1.0,1.0
118,0.59,preference_clipping,0.004826983257544271,0.9999999999999942,1.8145122125082563e-13,8.438714183523775e-14,0.0,0.0,0.35067077814448,0.7213174,0.18032935,1.0,1.0
119,0.595,preference_clipping,0.016597682256369595,0.9999999999999998,2.006138457473665e-13,0.20883109424605406,0.0,0.0,0.30464041571918354,0.7401388,0.1850347,1.0,1.0
120,0.6,preference_clipping,0.040536360552956285,0.0,2.225805905085213e-13,3.257226065854525e-13,0.0,0.0,0.3612986410074524,0.6234844,0.1558711,1.0,1.0
121,0.605,finite_support,0.08590552436071874,1.0,2.416120632793816e-13,0.18569102052204098,0.0,0.0,0.31494186007045444,0.7293004,0.1823251,1.0,1.0
122,0.61,preference_clipping,0.0260840298796014,0.0,2.6706634486690047e-13,0.01824795725711852,0.0,0.0,0.3578565808536648,0.6183386000000001,0.15458465000000002,1.0,1.0
123,0.615,finite_support,0.0036625501459788823,1.0,2.8669202470559653e-13,0.2166231917981025,0.0,0.0,0.3050493460008266,0.7447516,0.1861879,1.0,1.0
124,0.62,finite_support,0.023234824784654218,1.0,3.0808507948686214e-13,0.2111910831009202,0.0,0.0,0.3052575328021924,0.7464948,0.1866237,1.0,1.0
125,0.625,preference_clipping,0.05604673808390359,0.999999999999921,3.2778867126403387e-13,1.4973126581803292e-14,0.0,0.0,0.3590702106414823,0.6694894,0.16737235,1.0,1.0
126,0.63,preference_clipping,0.020664783773050033,0.9999999999999997,3.479573277884595e-13,0.16563927463407313,0.0,0.0,0.3139343949082154,0.7743236,0.1935809,1.0,1.0
127,0.635,finite_support,0.014132179801396028,1.0,3.663347779127801e-13,0.19464699669048077,0.0,0.0,0.3059602633444151,0.7094388,0.1773597,1.0,1.0
128,0.64,preference_clipping,0.005633020438988723,0.9999999999999998,3.847511303259598e-13,0.1555668086621247,0.0,0.0,0.3142285870152212,0.695803,0.17395075,1.0,1.0
129,0.645,finite_support,0.05026993673759583,1.0,4.0224435965994373e-13,0.18365463783568703,0.0,0.0,0.3064633724202854,0.730102,0.1825255,1.0,1.0
130,0.65,finite_support,0.0027156207837997215,1.0,4.252910748226614e-13,0.1782153144293231,0.0,0.0,0.30671898361583877,0.7241886000000001,0.18104715000000002,1.0,1.0
131,0.655,finite_support,0.00956455291486677,1.0,4.4460944272777656e-13,0.1728277407195624,0.0,0.0,0.3069752323097924,0.735945,0.18398625,1.0,1.0
132,0.66,preference_clipping,0.019928338840236037,0.9999999999999993,4.64475392098644e-13,0.16750034346803788,0.0,0.0,0.30723083014954017,0.7309334,0.18273335,1.0,1.0
133,0.665,finite_support,0.008503385853526196,1.0,4.851811206384121e-13,0.13768699155574315,0.0,0.0,0.3130910872650568,0.6934686,0.17336715,1.0,1.0
134,0.67,preference_clipping,0.015486808948965425,0.9999999999999998,5.05950460746296e-13,0.11862378905021854,0.0,0.0,0.31743710254435714,0.7254992,0.1813748,1.0,1.0
135,0.675,preference_clipping,0.027665296789547433,0.9999999999999994,5.264635859744994e-13,5.454033552527119e-14,0.0,0.0,0.34247413943402677,0.7651060000000001,0.19127650000000002,1.0,1.0
136,0.68,finite_support,0.00413213838146298,1.0,5.469998208579595e-13,0.14692508610805421,0.0,0.0,0.3082264291925046,0.7130856,0.1782714,1.0,1.0
137,0.685,preference_clipping,0.027249371942900114,0.9999999999999998,5.718718155478926e-13,0.14199093933158227,0.0,0.0,0.30846471005561454,0.7818417999999999,0.19546044999999998,1.0,1.0
138,0.6900000000000001,preference_clipping,0.0035596962877360028,0.9999999999999991,5.892943703057107e-13,3.197625565952879e-14,0.0,0.0,0.34068451494159935,0.8600074000000001,0.21500185000000002,1.0,1.0
139,0.6950000000000001,finite_support,0.0059918933421714005,1.0,6.087856114529107e-13,0.13240121337700975,0.0,0.0,0.30892461523218634,0.9326987999999999,0.23317469999999998,1.0,1.0
140,0.7000000000000001,preference_clipping,0.008283368207930714,0.9999999999999994,6.324606151997154e-13,0.1277509035480314,0.0,0.0,0.309145509999562,0.7470058,0.18675145,1.0,1.0
141,0.705,finite_support,0.029725936843321213,1.0,6.551935727490329e-13,0.10277145316783196,0.0,0.0,0.31403889212731156,0.7351054,0.18377635,1.0,1.0
142,0.71,preference_clipping,0.042419113707725664,0.9999999999999998,6.736887810680929e-13,0.11874848443520816,0.0,0.0,0.30956797834901517,0.7286772,0.1821693,1.0,1.0
143,0.715,preference_clipping,0.0032849747227947645,0.9999999999999984,6.906297303636849e-13,0.09472290389000484,0.0,0.0,0.3142523923658879,0.7110158000000001,0.17775395000000002,1.0,1.0
144,0.72,finite_support,0.043628504281523206,1.0,7.168196415615684e-13,5.441869405172732e-14,0.0,0.0,0.3374502937432599,0.7204296,0.1801074,1.0,1.0
145,0.725,finite_support,0.012300325341607632,1.0,7.396381756789658e-13,0.09403556989524219,0.0,0.0,0.3124510190014774,0.7236556,0.1809139,1.0,1.0
146,0.73,finite_support,0.008279552905906748,1.0,7.611169501978662e-13,0.08118974234912174,0.0,0.0,0.31511447453070435,0.7064471999999999,0.17661179999999999,1.0,1.0
147,0.735,preference_clipping,0.010519869350633648,0.9999999999999998,7.839446231292192e-13,0.08328802466502759,0.0,0.0,0.3135715202877253,0.71319,0.1782975,1.0,1.0
148,0.74,finite_support,0.01438794222652362,1.0,8.031244598731037e-13,0.07883328839795047,0.0,0.0,0.3138959675819319,0.6997124,0.1749281,1.0,1.0
149,0.745,preference_clipping,0.027312753588751987,0.9999999999999998,8.229184467866364e-13,0.0904189947734647,0.0,0.0,0.3108381213122952,0.745012,0.186253,1.0,1.0
150,0.75,finite_support,0.07029156702499043,1.0,8.418124122011979e-13,9.045261869605462e-14,0.0,0.0,0.3341915018633998,0.7167346,0.17918365,1.0,1.0
151,0.755,finite_support,0.012157938544810065,1.0,8.630820492107633e-13,0.0832132855478061,0.0,0.0,0.3111440135673767,0.7538066,0.18845165,1.0,1.0
152,0.76,preference_clipping,0.025399981944118633,0.999999999999999,8.824049103558168e-13,8.080111558810704e-14,0.0,0.0,0.3323942435761814,0.6922684,0.1730671,1.0,1.0
153,0.765,preference_clipping,0.08252653282969646,0.9999864748790429,5.179408724095579e-05,6.56022189082787e-05,0.0,0.0,0.32013232061545227,0.7284268,0.1821067,1.0,0.0
154,0.77,finite_support,0.02842515285650382,1.0,9.19676415182354e-13,0.07310107606071727,0.0,0.0,0.31156047878636883,0.7526464,0.1881616,1.0,1.0
155,0.775,finite_support,0.01687255214016803,1.0,9.385226919366196e-13,0.06990816443475736,0.0,0.0,0.31168885701061383,0.7606476,0.1901619,1.0,1.0
156,0.78,solver_5ms,0.014544155810258808,0.9999788620486403,6.693151751979121e-05,0.00011277143525027053,0.0,0.0,0.32785977113936116,1.1417477999999999,0.28543694999999997,1.0,1.0
157,0.785,finite_support,0.028106507480576623,1.0,9.73516183526275e-13,0.06377633407588074,0.0,0.0,0.311931274480385,0.7621144,0.1905286,1.0,1.0
158,0.79,finite_support,0.008185452315956354,1.0,9.915265783489517e-13,0.03712545649760558,0.0,0.0,0.3172141350296552,0.7015058,0.17537645,1.0,1.0
159,0.795,finite_support,0.014654906117567059,1.0,1.009796193414107e-12,0.03817822360747233,0.0,0.0,0.31618566009570975,0.7030166,0.17575415,1.0,1.0
160,0.8,finite_support,0.013530526005167687,1.0,1.0258844859691436e-12,0.05518045016595687,0.0,0.0,0.31226233361009137,0.7258718,0.18146795,1.0,1.0
161,0.805,finite_support,0.06269924250742932,1.0,1.040983894006442e-12,4.2677338794283296e-14,0.0,0.0,0.3252837762109619,0.7457814,0.18644535,1.0,1.0
162,0.81,preference_clipping,0.08121419543816177,0.9999999999999997,1.0553541986279662e-12,3.8764386507069645e-14,0.0,0.0,0.3245839005685388,0.7054794,0.17636985,1.0,1.0
163,0.8150000000000001,finite_support,0.03719540422192358,1.0,1.0731939300497252e-12,0.04725361504652941,0.0,0.0,0.3125593242186139,0.7299936,0.1824984,1.0,1.0
164,0.8200000000000001,finite_support,0.01831801134388744,1.0,1.0862737668846283e-12,3.160240746986516e-14,0.0,0.0,0.3232334046744412,0.7402989999999999,0.18507474999999998,1.0,1.0
165,0.8250000000000001,preference_clipping,0.04028434969502795,0.9999999999999998,1.0992527746794111e-12,0.042311830714021594,0.0,0.0,0.31274096670018137,0.7221308,0.1805327,1.0,1.0
166,0.8300000000000001,preference_clipping,0.096190413273467,0.9999999999999998,1.1134551813191086e-12,0.0399374993468677,0.0,0.0,0.3128274123048475,0.7095087999999999,0.17737719999999998,1.0,1.0
167,0.835,preference_clipping,0.06976515812398337,0.9999999999999994,1.1276496610288354e-12,2.1393058914765238e-14,0.0,0.0,0.3213251125353518,0.7150816,0.1787704,1.0,1.0
168,0.84,finite_support,0.017408576275944505,1.0,1.1416867248138344e-12,0.0353719651130658,0.0,0.0,0.3129923564589444,0.748152,0.187038,1.0,1.0
169,0.845,finite_support,0.022356137167195422,1.0,1.1538911101629422e-12,0.033176919797497956,0.0,0.0,0.3130711529058087,0.7212149999999999,0.18030374999999998,1.0,1.0
170,0.85,finite_support,0.00723379836933824,1.0,1.1665770045742055e-12,1.1892771252907778e-14,0.0,0.0,0.3195490433636226,0.7398142,0.18495355,1.0,1.0
171,0.855,finite_support,0.01766843289106564,1.0,1.1782917161421558e-12,0.028953075113869867,0.0,0.0,0.31322208086149994,0.7231988,0.1807997,1.0,1.0
172,0.86,finite_support,0.042907126801745334,1.0,1.1883736214701644e-12,5.912141208664783e-15,0.0,0.0,0.31843384924996776,0.9428799999999999,0.23571999999999999,1.0,1.0
173,0.865,solver_5ms,0.006908342836317843,1.0,1.1990380098558238e-12,4.9096934371941745e-15,0.0,0.0,0.3178959202856754,1.0207954,0.25519885,1.0,1.0
174,0.87,solver_5ms,0.011219060316175478,0.9999999999999998,1.2086555209781613e-12,0.023007011614936027,0.0,0.0,0.3134336449083154,1.0805742,0.27014355,1.0,1.0
175,0.875,solver_5ms,0.14618962021831217,0.9999999999999997,1.2184648938091198e-12,8.046661396853303e-15,0.0,0.0,0.3170825892889417,1.0108024,0.2527006,1.0,1.0
176,0.88,preference_clipping,0.09223734918212267,0.9999999999999998,1.2311815628841589e-12,6.123527799110974e-15,0.0,0.0,0.3168341042868863,0.801535,0.20038375,1.0,1.0
177,0.885,preference_clipping,0.07847151581552277,0.9999999999999997,1.2390992642939445e-12,5.2365069810128754e-15,0.0,0.0,0.31659214981381745,0.7537786,0.18844465,1.0,1.0
178,0.89,finite_support,0.015143086784519255,1.0,1.2469217675278777e-12,0.015739715468363037,0.0,0.0,0.3136924602116615,0.7181232,0.1795308,1.0,1.0
179,0.895,preference_clipping,0.026971060194252994,0.9999904293712532,5.313483855998534e-05,0.014113222177659668,0.0,0.0,0.30721629560843405,0.7961448,0.1990362,1.0,0.0
180,0.9,finite_support,0.05086880458757292,1.0,1.263158516960067e-12,3.3003452639151357e-15,0.0,0.0,0.3159036192015976,0.731823,0.18295575,1.0,1.0
181,0.905,preference_clipping,0.057055721766911725,0.9999999978827894,1.2718843373124953e-08,3.310400386627179e-08,0.0,0.0,0.32102122357718693,0.7970804,0.1992701,1.0,1.0
182,0.91,preference_clipping,0.0419293073406022,0.9999999999999998,1.2762802611138689e-12,2.5730668614170872e-15,0.0,0.0,0.31547395876068285,0.734925,0.18373125,1.0,1.0
183,0.915,preference_clipping,0.03807095923236137,0.9999999999999997,1.2845256315964753e-12,0.0075917360779606,0.0,0.0,0.3139860966699675,0.7230284,0.1807571,1.0,1.0
184,0.92,preference_clipping,0.12362790201281282,0.999999222243926,4.900738532027642e-05,0.00613445158441773,0.0,0.0,0.3089676436405126,0.7218382,0.18045955,1.0,0.0
185,0.925,finite_support,0.007158035510759211,1.0,1.2947986471584598e-12,1.6497813079883427e-15,0.0,0.0,0.31487024582846024,0.7294608,0.1823652,1.0,1.0
186,0.93,preference_clipping,0.00926548036767603,0.9999999999999998,1.3043946369507817e-12,1.7630394182002675e-15,0.0,0.0,0.3146792750355122,0.7028564,0.1757141,1.0,1.0
187,0.935,finite_support,0.0036308424149200658,1.0,1.3094924086238065e-12,0.0017286838170129202,0.0,0.0,0.31420201056436503,0.7436956,0.1859239,1.0,1.0
188,0.9400000000000001,finite_support,0.010236801900945225,1.0,1.313429443266968e-12,2.06748911329693e-16,0.0,0.0,0.31431187941118105,0.7181192,0.1795298,1.0,1.0
189,0.9450000000000001,solver_5ms,0.09286891336648213,0.9999965308798597,2.6968263034665534e-05,8.146667943561586e-05,0.0,0.0,0.30904527526344816,1.0882428,0.2720607,1.0,1.0
190,0.9500000000000001,preference_clipping,0.021451064216609264,0.9999999993557079,2.293048127242055e-09,8.737425623703207e-09,0.0,0.0,0.3166637494375791,0.7872398,0.19680995,1.0,1.0
191,0.9550000000000001,preference_clipping,0.024723467227611783,0.9999999999999998,1.329527580134407e-12,6.481369045993609e-15,0.0,0.0,0.31384441657138645,0.7728106,0.19320265,1.0,1.0
192,0.96,finite_support,0.011974615396481703,1.0,1.332200937765718e-12,6.627013431944514e-15,0.0,0.0,0.3136979379908048,0.7716944,0.1929236,1.0,1.0
193,0.965,finite_support,0.004040849035588656,1.0,1.3354383499669789e-12,6.813281978959908e-15,0.0,0.0,0.3135551706689222,0.7631304,0.1907826,1.0,1.0
194,0.97,preference_clipping,0.04875946204956072,0.999999999999997,1.3693855015229903e-12,5.7901865809752e-14,0.0,0.0,0.31341601492999427,0.7835428,0.1958857,1.0,1.0
195,0.975,solver_5ms,0.024269566304552237,0.9999999651134157,3.52243536307854e-06,6.134285799578497e-06,0.0,0.0,0.31214575571172787,1.1480278,0.28700695,1.0,1.0
196,0.98,finite_support,0.017835073133930016,1.0,1.3464866366375918e-12,7.955759218868647e-15,0.0,0.0,0.31314815455992623,0.769895,0.19247375,1.0,1.0
197,0.985,finite_support,0.014426859706873074,1.0,1.348924600905717e-12,7.0953821754158655e-15,0.0,0.0,0.3130192652077806,0.7795252,0.1948813,1.0,1.0
198,0.99,finite_support,0.02875144454114742,1.0,1.352520862877941e-12,6.2725777870027264e-15,0.0,0.0,0.3128936179195227,0.7805012,0.1951253,1.0,1.0
199,0.995,finite_support,0.03780739215214533,1.0,1.3544296991139926e-12,5.365988613975329e-15,0.0,0.0,0.3127711271544931,0.794211,0.19855275,1.0,1.0
200,1.0,solver_5ms,0.021513636896529787,0.9999999784910467,2.864314771549666e-07,9.09947958611811e-07,0.0,0.0,0.3152803020174217,1.1673301999999999,0.29183254999999997,0.0,1.0
201,1.0050000000000001,finite_support,0.009756466468058278,1.0,1.3594772782341201e-12,3.823462964905152e-15,0.0,0.0,0.3125352858392898,0.769799,0.19244975,1.0,1.0
202,1.01,preference_clipping,0.12438059974334559,0.9999999999999998,1.3620577754292216e-12,3.0454008127787775e-15,0.0,0.0,0.31242177680664457,0.779419,0.19485475,1.0,1.0
203,1.0150000000000001,preference_clipping,0.0072589045885251835,0.9999999999999998,1.3605351200120128e-12,1.847557626274121e-14,0.0,0.0,0.31231110850107857,0.7724098,0.19310245,1.0,1.0
204,1.02,finite_support,0.005310521607624296,1.0,1.365136392714365e-12,1.570215117365942e-15,0.0,0.0,0.3122032033688642,0.7643066,0.19107665,1.0,1.0
205,1.025,finite_support,0.04718766601422009,1.0,1.3653947591685097e-12,8.863953195429758e-16,0.0,0.0,0.3120979943669695,0.7971004,0.1992751,1.0,1.0
206,1.03,preference_clipping,0.02085016603814438,0.9999999999999998,1.3666969446390294e-12,2.0917988803137015e-16,0.0,0.0,0.31199541104121903,0.7721671999999999,0.19304179999999999,1.0,1.0
207,1.035,finite_support,0.007032219251357219,1.0,1.1441371159962498e-10,8.587985276868907e-11,0.0,0.0,0.311921281073292,0.8426925999999999,0.21067314999999998,1.0,1.0
208,1.04,preference_clipping,0.021860807334137106,0.9851813674693246,1.3680252406932878e-12,8.78375180778356e-15,0.0,0.0,0.31179414631845237,0.7668234,0.19170585,1.0,1.0
209,1.045,preference_clipping,0.02989715005647037,0.9767783169017596,1.3649014423867684e-12,1.725294160072884e-14,0.0,0.0,0.31169692531236337,0.7602528000000001,0.19006320000000002,1.0,1.0
210,1.05,preference_clipping,0.03494556445668288,0.9686387458133281,1.3728119274651735e-12,7.401699376583475e-15,0.0,0.0,0.3116021203960379,0.7533138,0.18832845,1.0,1.0
211,1.055,preference_clipping,0.04973037953930493,0.960754559186853,1.3733823863450692e-12,6.689944835406208e-15,0.0,0.0,0.3115096802276173,0.7752072,0.1938018,1.0,1.0
212,1.06,solver_5ms,0.051610887987646195,0.9999975077218841,8.33411742144501e-05,7.03957189592627e-05,0.0,0.0,0.309333977859538,1.1730952,0.2932738,1.0,1.0
213,1.065,preference_clipping,0.056529200287772086,0.9457134595759056,1.3649609378701573e-12,1.2594635361274417e-14,0.0,0.0,0.3113316557769064,0.7217020000000001,0.18042550000000002,1.0,1.0
214,1.07,solver_5ms,0.05306482542873775,1.0,3.349657185235477e-06,5.260095917152757e-06,0.0,0.0,0.3105299167167373,1.0992716,0.2748179,1.0,1.0
215,1.075,solver_5ms,0.04695000874622296,0.9999992259504145,2.5313242456021436e-05,3.5926857493769595e-05,0.0,0.0,0.30752363868126065,1.5663602,0.39159005,1.0,1.0
216,1.08,solver_5ms,0.018415868976258062,0.9999989107981025,9.495407601746012e-06,2.9002194648496517e-05,0.0,0.0,0.3073263332217574,1.5191552,0.3797888,1.0,1.0
217,1.085,finite_support,0.01740212464147045,1.0,3.067235984796784e-09,3.774738256295411e-09,0.0,0.0,0.3135890100305126,0.8181142,0.20452855,1.0,1.0
218,1.09,preference_clipping,0.01334641013157889,0.9119485053747628,1.3743676197990952e-12,2.404935253260151e-15,0.0,0.0,0.3109240002720202,0.75552,0.18888,1.0,1.0
219,1.095,preference_clipping,0.014107559673411096,0.9057933669663837,1.3749313611412469e-12,1.8568835325783825e-15,0.0,0.0,0.31084847738145616,0.7747844,0.1936961,1.0,1.0
220,1.1,preference_clipping,0.06288854103477631,0.8998215261150626,1.3745757746212938e-12,1.2538103194287727e-15,0.0,0.0,0.3107748458824226,0.7657492,0.1914373,1.0,1.0
221,1.105,preference_clipping,0.009299583325628191,0.8940270054061339,1.37258191556059e-12,3.0380632268131216e-15,0.0,0.0,0.31070306223219507,0.7653946,0.19134865,1.0,1.0
222,1.11,finite_support,0.05454814729895045,1.0,2.635714620433472e-09,5.1270689968762035e-09,0.0,0.0,0.3112043740590567,0.8731042,0.21827605,1.0,1.0
223,1.115,finite_support,0.0164848836079097,1.0,3.2653272699279947e-09,4.612824853899742e-09,0.0,0.0,0.3111904786266375,0.9093646000000001,0.22734115000000002,1.0,1.0
224,1.12,preference_clipping,0.005621934927139971,0.8673277852125185,1.3752050661010697e-12,4.726767193214348e-15,0.0,0.0,0.31045697671779177,0.7115507999999999,0.17788769999999998,1.0,1.0
225,1.125,preference_clipping,0.06296323021607544,0.8557628653111061,1.3733236480875509e-12,4.412433440187162e-15,0.0,0.0,0.3103662103684083,0.7456754,0.18641885,1.0,1.0
226,1.1300000000000001,preference_clipping,0.0056342871991230115,0.8921515538386272,2.396685045686702e-10,2.0434224659805402e-10,0.0,0.0,0.3105149013445488,0.8096300000000001,0.20240750000000002,1.0,1.0
227,1.135,preference_clipping,0.04029204484163121,0.8336087096755077,1.373478808176554e-12,4.331715500100888e-15,0.0,0.0,0.3101912892798635,0.7236975999999999,0.18092439999999999,1.0,1.0
228,1.1400000000000001,preference_clipping,0.009852587016949724,0.8230019831405099,1.367073857488834e-12,1.1418765396916576e-14,0.0,0.0,0.3101070513316064,0.7455332,0.1863833,1.0,1.0
229,1.145,preference_clipping,0.10126528645574423,0.8126900820109622,1.3699332253777179e-12,3.210770247766582e-15,0.0,0.0,0.3100248699271762,0.7327087999999999,0.18317719999999998,1.0,1.0
230,1.1500000000000001,preference_clipping,0.053039220617497745,0.8026712477144587,1.371795717032124e-12,3.838158701609701e-15,0.0,0.0,0.3099447365369183,0.7279178,0.18197945,1.0,1.0
231,1.155,preference_clipping,0.01120694648193421,0.8992030070293614,1.4865231228030736e-09,6.273356156436909e-10,0.0,0.0,0.31038806685837994,0.813233,0.20330825,1.0,1.0
232,1.16,preference_clipping,0.008498565631613608,0.7834718659342108,1.3696106572464485e-12,2.407255663262795e-15,0.0,0.0,0.3097904084870135,0.7153037999999999,0.17882594999999998,1.0,1.0
233,1.165,preference_clipping,0.024014312858812142,0.7742753059104492,1.3764665861164218e-12,1.2297172539856803e-14,0.0,0.0,0.30971613212335775,0.7345584,0.1836396,1.0,1.0
234,1.17,preference_clipping,0.07434656127532308,0.7653375536198672,1.3673617750253352e-12,5.243520159558773e-15,0.0,0.0,0.309643729324673,0.7277714,0.18194285,1.0,1.0
235,1.175,preference_clipping,0.009518969668589537,0.7566508016946363,1.3677234732192822e-12,1.6448976252380183e-15,0.0,0.0,0.3095731591720797,0.7448918,0.18622295,1.0,1.0
236,1.18,solver_5ms,0.03595023357866024,0.7690784757481887,1.5285007185990992e-05,1.4595391856337212e-05,0.0,0.0,0.3062993716848234,1.0613358,0.26533395,1.0,1.0
237,1.185,preference_clipping,0.017215209580133742,0.7400044135360377,1.3646533078269972e-12,1.6401002023933219e-15,0.0,0.0,0.30943737843490776,0.7430804,0.1857701,1.0,1.0
238,1.19,preference_clipping,0.04183322604592803,0.7320314145943825,1.3649252102289314e-12,9.134599873041894e-16,0.0,0.0,0.3093720957914135,0.7266876,0.1816719,1.0,1.0
239,1.195,preference_clipping,0.020681177099633394,0.7242836882596594,1.3644758207318463e-12,7.38194652740715e-16,0.0,0.0,0.30930850678780564,0.7293044,0.1823261,1.0,1.0
240,1.2,preference_clipping,0.07013537052557098,0.7167553185942688,1.3638223976808456e-12,1.2671167965967187e-15,0.0,0.0,0.30924657870101707,0.7327667999999999,0.18319169999999999,1.0,1.0
241,1.205,preference_clipping,0.02013344791889683,0.7094404728306225,1.3618298888160633e-12,2.7509728167511036e-16,0.0,0.0,0.30918627892640216,0.7168747999999999,0.17921869999999998,1.0,1.0
242,1.21,solver_5ms,0.017150334101385674,0.6434884446370316,2.9702355779333313e-05,5.834514037482996e-05,0.0,0.0,0.30288755051166016,1.1319093999999998,0.28297734999999996,1.0,1.0
243,1.215,preference_clipping,0.021539749895181485,0.914165344475371,4.104273106358022e-09,8.211957612770966e-09,0.0,0.0,0.31019925607485815,0.8795603999999999,0.21989009999999998,1.0,1.0
244,1.22,preference_clipping,0.05566524226901181,0.6877294302691346,1.361092946641199e-12,5.3640664351415224e-14,0.0,0.0,0.30902505335770336,0.7077938,0.17694845,1.0,1.0
245,1.225,solver_5ms,0.02240193080612295,0.6829532143850335,1.4174231059939017e-07,3.1134486606645567e-07,0.0,0.0,0.3088428775296714,1.069337,0.26733425,1.0,1.0
246,1.23,preference_clipping,0.016377576004351566,0.9159623026235524,1.831938470849488e-09,2.7865703753426616e-09,0.0,0.0,0.3101237157660373,0.9076614,0.22691535,1.0,1.0
247,1.235,preference_clipping,0.009137810392254378,0.6670646981915379,1.325505650092883e-12,1.2065623107812474e-13,0.0,0.0,0.3088848640311415,0.711637,0.17790925,1.0,1.0
248,1.24,preference_clipping,0.016133414450312383,0.6605559075710996,1.3529374213872515e-12,5.261346399909389e-14,0.0,0.0,0.3088406359186388,0.7165623999999999,0.17914059999999998,1.0,1.0
249,1.245,preference_clipping,0.023308415701678686,0.6542526005406297,1.3547532839097756e-12,5.2422294806966566e-14,0.0,0.0,0.3087977259429346,0.7056256000000001,0.17640640000000002,1.0,1.0
250,1.25,preference_clipping,0.0017223555914824829,0.648136317013916,1.3564172044054032e-12,5.220883857985931e-14,0.0,0.0,0.3087560492574346,0.7207862,0.18019655,1.0,1.0
251,1.2550000000000001,preference_clipping,0.0022350258169684173,0.6422028506257594,1.3521912104977467e-12,5.1998385474298365e-14,0.0,0.0,0.30871558485770617,0.7134304,0.1783576,1.0,1.0
252,1.26,preference_clipping,0.025709121958493984,0.6364513525050364,1.324018088495476e-12,1.0775325388920079e-13,0.0,0.0,0.30867632707326315,0.7056758,0.17641895,1.0,1.0
253,1.2650000000000001,preference_clipping,0.05081928788105549,0.6308683327952,1.3521929762852577e-12,5.1621775927036e-14,0.0,0.0,0.3086382121941057,0.7194536,0.1798634,1.0,1.0
254,1.27,preference_clipping,0.010774436450489372,0.9999999999960896,1.255143854103316e-09,8.78422444119109e-09,0.0,0.0,0.3103856279926667,0.9453368000000001,0.23633420000000002,1.0,1.0
255,1.2750000000000001,solver_5ms,0.010849712007625714,0.9999989754280924,3.034283468581518e-05,4.607015220081771e-05,0.0,0.0,0.30557495967709375,1.3218002,0.33045005,1.0,1.0
256,1.28,finite_support,0.004985167834092863,1.0,2.8945837419051945e-09,3.3092063803764114e-09,0.0,0.0,0.31036268599812644,0.9411748,0.2352937,1.0,1.0
257,1.285,preference_clipping,0.004695266397902742,0.7876445698394315,5.667310397116332e-10,8.683938775192695e-10,0.0,0.0,0.3093026253940771,0.7841640000000001,0.19604100000000002,1.0,1.0
258,1.29,preference_clipping,0.02067460666887319,0.7921329441799412,1.2291945405649783e-09,1.208265828607074e-09,0.0,0.0,0.30933448627598487,0.796377,0.19909425,1.0,1.0
259,1.295,preference_clipping,0.0502601299771574,0.6008616799096989,1.3457662031261583e-12,5.0451665138408775e-14,0.0,0.0,0.30843320483745906,0.7024134,0.17560335,1.0,1.0
260,1.3,finite_support,0.03951068983435151,1.0,4.703639444314587e-09,3.970198394199356e-09,0.0,0.0,0.31033251506790027,0.9393594,0.23483985,1.0,1.0
261,1.305,preference_clipping,0.008889635428059768,0.5921085343179006,1.3307679532873436e-12,7.18581357438642e-14,0.0,0.0,0.3083734741061548,0.698444,0.174611,1.0,1.0
262,1.31,finite_support,0.02293942563165322,1.0,4.427393298252219e-09,3.612611540972176e-09,0.0,0.0,0.3104138692420137,0.9642624,0.2410656,1.0,1.0
263,1.315,preference_clipping,0.01734459233274652,0.5839313743901262,1.3378372859382807e-12,5.4654150372299424e-14,0.0,0.0,0.308317796348346,0.7495164,0.1873791,1.0,1.0
264,1.32,preference_clipping,0.04807652897257508,0.580056317505103,1.3402366626936655e-12,4.977956346272547e-14,0.0,0.0,0.3082914623354413,0.7210747999999999,0.18026869999999998,1.0,1.0
265,1.325,finite_support,0.0293709945253795,1.0,4.176133587397409e-09,3.7707573892273075e-09,0.0,0.0,0.3102453827050476,0.9811764,0.2452941,1.0,1.0
266,1.33,preference_clipping,0.055836906545924804,0.5727200783903219,1.3393852501945196e-12,4.9472546576896023e-14,0.0,0.0,0.3082417343712442,0.7227038,0.18067595,1.0,1.0
267,1.335,finite_support,0.028863124356662186,1.0,4.480123821211468e-09,4.178976092642549e-09,0.0,0.0,0.31024850109298363,0.969833,0.24245825,1.0,1.0
268,1.34,solver_5ms,0.05873748988279373,0.9337879276852047,1.720845097868548e-09,1.1171536573668614e-09,0.0,0.0,0.3099493120399528,1.1553436,0.2888359,1.0,1.0
269,1.345,preference_clipping,0.06537251107391905,0.5627139358818506,1.3379333535430002e-12,4.9126892404769054e-14,0.0,0.0,0.30817430054083444,0.9500936,0.2375234,1.0,1.0
270,1.35,preference_clipping,0.06404277938723636,0.559638429539348,1.330374374861757e-12,5.238381174833145e-14,0.0,0.0,0.3081536967019174,0.987827,0.24695675,1.0,1.0
271,1.355,preference_clipping,0.010956831678120369,0.556690090140394,1.3091829497468585e-12,8.185803265089385e-14,0.0,0.0,0.30813401465235923,0.7441904,0.1860476,1.0,1.0
272,1.36,preference_clipping,0.013951752275897787,0.553869359949989,1.2805642859035782e-12,1.191727390289065e-13,0.0,0.0,0.30811525594104955,0.7429682,0.18574205,1.0,1.0
273,1.365,preference_clipping,0.05601157804255519,0.5511633597515199,1.3000799557649357e-12,8.805627049488318e-14,0.0,0.0,0.3080973577094334,0.7012254,0.17530635,1.0,1.0
274,1.37,preference_clipping,0.08584367298923803,0.5485670949487372,1.3357071982178193e-12,4.8627385389984616e-14,0.0,0.0,0.30808029598173176,0.7106852,0.1776713,1.0,1.0
275,1.375,preference_clipping,0.05190746166120169,0.5461016840157537,1.333108912451754e-12,4.8998694073590494e-14,0.0,0.0,0.3080641699358315,0.6981654,0.17454135,1.0,1.0
276,1.3800000000000001,preference_clipping,0.05028833848487979,0.5437553338269652,1.3270362862792103e-12,5.513893209842764e-14,0.0,0.0,0.3080489229748595,0.6907536,0.1726884,1.0,1.0
277,1.385,preference_clipping,0.048108897216156875,0.5415220090736732,1.3311575971743268e-12,4.8326531295975955e-14,0.0,0.0,0.30803452502545453,0.6989609999999999,0.17474024999999999,1.0,1.0
278,1.3900000000000001,preference_clipping,0.00806028574774439,0.5394062877389579,1.3240102116483613e-12,6.424743109643626e-14,0.0,0.0,0.30802099807521355,0.7216418,0.18041045,1.0,1.0
279,1.395,finite_support,0.005888444320368006,1.0,2.009825030749327e-09,5.659825863778079e-09,0.0,0.0,0.31014310415022844,0.9617536,0.2404384,1.0,1.0
280,1.4000000000000001,preference_clipping,0.042141382334576705,0.5355118791744011,1.3300551900247093e-12,4.8001187314633945e-14,0.0,0.0,0.30799647831951216,0.6855676,0.1713919,1.0,1.0
281,1.405,preference_clipping,0.008922351175420848,0.533732817926289,1.3299700585646493e-12,4.796191616418491e-14,0.0,0.0,0.3079854831094736,0.7215518,0.18038795,1.0,1.0
282,1.41,preference_clipping,0.041536950347827235,0.5320698747158268,1.315789215308383e-12,5.56998078642585e-14,0.0,0.0,0.30797534974336965,0.7038262,0.17595655,1.0,1.0
283,1.415,preference_clipping,0.028058983072122914,0.9999999999999998,1.4671648380999821e-08,2.3206994588515668e-08,0.0,0.0,0.3111537322018326,0.9683182,0.24207955,1.0,1.0
284,1.42,preference_clipping,0.029056533016835674,0.5290624595358756,1.287578909656431e-12,9.283055721124335e-14,0.0,0.0,0.3079575263969854,0.7125386,0.17813465,1.0,1.0
285,1.425,solver_5ms,0.029363439774148434,0.999986366568936,4.4911852463289944e-05,9.708763907693918e-05,0.0,0.0,0.3067059231898825,1.3654746,0.34136865,1.0,1.0
286,1.43,preference_clipping,0.024764353562842307,0.5264771258589793,1.3085624545123975e-12,6.842535157865615e-14,0.0,0.0,0.3079429433213965,0.7131478,0.17828695,1.0,1.0
287,1.435,preference_clipping,0.006037906919132915,0.5254125178423832,9.434328882365658e-13,3.563435990434645e-13,0.0,0.0,0.30793720129628266,0.7269398,0.18173495,1.0,1.0
288,1.44,preference_clipping,0.05087955805945703,0.5243240981993587,1.2979087511339897e-12,8.400518702433959e-14,0.0,0.0,0.3079316536500581,0.7064672,0.1766168,1.0,1.0
289,1.445,preference_clipping,0.04667975494719454,0.9999999993535541,6.327914527826536e-09,6.1985218018622e-09,0.0,0.0,0.311150011263091,0.9745118,0.24362795,1.0,1.0
290,1.45,preference_clipping,0.04111456282267737,0.5225889304142208,1.310134472526017e-12,6.438300236840167e-14,0.0,0.0,0.3079235890087661,0.7056618,0.17641545,1.0,1.0
291,1.455,preference_clipping,0.013883261089238878,0.5218715570641026,1.3229464552199621e-12,4.757454486129718e-14,0.0,0.0,0.307920735198065,0.7653344,0.1913336,1.0,1.0
292,1.46,preference_clipping,0.012608694051084642,0.5212630565302956,1.3232302087984624e-12,4.7564153869029896e-14,0.0,0.0,0.3079187106220038,0.7183358,0.17958395,1.0,1.0
293,1.465,solver_5ms,0.01111133268887481,0.506152101550116,0.00010166559486545725,0.00011692060221466895,0.0,0.0,0.3011971863135525,1.4823294,0.37058235,1.0,1.0
294,1.47,preference_clipping,0.006712130044311452,0.5203548277176211,1.3209952705361249e-12,4.749487373262768e-14,0.0,0.0,0.3079170644767867,0.7332738,0.18331845,1.0,1.0
295,1.475,preference_clipping,0.008782308213994838,0.5200917150275055,1.1516861784111048e-12,3.0954603296413756e-13,0.0,0.0,0.30791762375942994,0.7146386,0.17865965,1.0,1.0
296,1.48,preference_clipping,0.015523937690886669,0.887203383126278,3.28459593663259e-09,2.439988738332629e-09,0.0,0.0,0.30957097850491905,0.7972308,0.1993077,1.0,1.0
297,1.485,preference_clipping,0.021668711269740015,0.8893536408613465,2.3769571433123057e-08,2.8399121519470888e-08,0.0,0.0,0.3096048510751122,0.7786396,0.1946599,1.0,1.0
298,1.49,preference_clipping,0.055235124678936716,0.519769791716955,1.3108180190879371e-12,6.550694655320582e-14,0.0,0.0,0.30792339010152914,0.789999,0.19749975,1.0,1.0
299,1.495,solver_5ms,0.04064510401525425,0.5618334489254151,1.793504207657431e-05,3.880216202354001e-05,0.0,0.0,0.30316652296436086,1.5151755999999998,0.37879389999999996,1.0,1.0
300,1.5,finite_support,0.012202058677704408,0.6895631699108742,0.00019883024230110525,0.00026720079910519325,0.0010122879070083512,0.0,0.35893914617351275,0.475709,0.11892725,0.0,0.0
301,1.5050000000000001,finite_support,0.012290791997327109,0.732560926833881,0.0001984677091649242,0.0002680012282687579,0.000956155295207284,0.0,0.35388752990079836,0.4751862,0.11879655,0.0,0.0
302,1.51,finite_support,0.010368388802608645,0.7767159477939437,6.811512426185015e-05,0.00010472580477857166,0.0007313019493394512,0.0,0.34910606237987163,0.4473714,0.11184285,0.0,0.0
303,1.5150000000000001,finite_support,0.010396267074758332,0.8151591818864634,7.049766366207342e-05,0.00010542625661741459,0.0007423491965299826,0.0,0.3445710510453085,0.4590456,0.1147614,0.0,0.0
304,1.52,finite_support,0.01052407581924892,0.851378999950006,7.357721138595032e-05,0.00010721577878875768,0.0007626840847104084,0.0,0.340296749820002,0.4606928,0.1151732,0.0,0.0
305,1.5250000000000001,finite_support,0.010709258734800317,0.8854327966846587,7.700172432393247e-05,0.00010974103952357736,0.0007852220967197393,0.0,0.33628531833505326,0.45929200000000003,0.11482300000000001,0.0,0.0
306,1.53,finite_support,0.00689851927091514,0.9172786061972006,8.251232586269953e-05,0.00011772271630988145,0.000862365211149992,0.0,0.3325373655226881,0.458164,0.114541,0.0,0.0
307,1.5350000000000001,finite_support,0.009021330477619344,0.9446369865611578,0.00015465495025895177,0.00024016726755039312,0.0006945889337441864,0.0,0.32906417734830806,0.4556772,0.1139193,0.0,0.0
308,1.54,finite_support,0.008651121767062507,0.9726523096815813,0.00015443325351906107,0.00023771164586967378,0.0007219597881273363,0.0,0.3258472856635074,0.459276,0.114819,0.0,0.0
309,1.545,finite_support,0.007781908039646403,1.0,3.831757487832137e-12,2.112602593285636e-12,1.8467139621558086e-11,0.0,0.3228206410135437,0.6985502,0.17463755,1.0,1.0
310,1.55,preference_clipping,0.006989030558582137,0.9999999476090662,6.073211238745954e-05,9.853485238149951e-06,0.00047093899643628576,0.0,0.31953000981835195,0.8351464,0.2087866,1.0,0.0
311,1.555,preference_clipping,0.007472089695028869,0.999843828710433,0.0010382530470291515,0.00010994627873646244,0.00708113461176147,0.0,0.31656825738102984,0.6719037999999999,0.16797594999999998,1.0,0.0
312,1.56,preference_clipping,0.007575883377661935,0.9999928465792467,0.00019809659708574514,3.9629038770965486e-05,0.002694016901353273,0.0,0.31391125412187637,0.5474446,0.13686115,1.0,0.0
313,1.565,preference_clipping,0.004006006290580011,0.9999928895521427,0.00034773132629214786,5.713853710984218e-05,0.003953244715280592,0.0,0.3115886312493374,0.568298,0.1420745,1.0,0.0
314,1.57,preference_clipping,0.008303928264409219,0.9999928636940644,0.00019276096964845988,4.183376368296161e-05,0.002660311828627587,0.0,0.3095897666333981,0.5554076,0.1388519,1.0,0.0
315,1.575,preference_clipping,0.0030461945466075946,0.9999986951825058,0.0004291006087451113,7.246492443927502e-05,0.005163318305287077,0.0,0.30790531090498463,0.5861038,0.14652595,1.0,0.0
316,1.58,finite_support,0.009429173761232867,1.0,4.014547019640008e-12,2.1954894675678202e-12,2.4696012081880167e-11,0.0,0.30652782884585833,0.562419,0.14060475,1.0,1.0
317,1.585,preference_clipping,0.005326782184832471,0.9999694864644711,0.00023631947393585017,3.8512206524200695e-05,0.0021099039755576193,0.0,0.30546829031893347,0.693196,0.173299,1.0,0.0
318,1.59,preference_clipping,0.010265045757851254,0.9999958137394771,0.00011755104619185645,2.9533313398242494e-05,0.0017256056035874106,0.0,0.3047078189534912,0.5612488,0.1403122,1.0,0.0
319,1.595,preference_clipping,0.006642670094536562,0.9999975761743815,0.000203775006365802,3.0800381669201076e-05,0.0017721860825628602,0.0,0.30423719447479614,0.5811522,0.14528805,1.0,0.0
320,1.6,preference_clipping,0.009387850913311624,0.9999999999999998,9.340839456513205e-11,3.167832391808018e-11,5.974811468995774e-10,0.0,0.30403649271421035,0.8999088,0.2249772,1.0,1.0
321,1.605,finite_support,0.022969227355621596,1.0,2.5361364148346116e-10,8.90486943233148e-11,1.7484448328942324e-09,0.0,0.30411654394157367,0.9505404000000001,0.23763510000000002,1.0,1.0
322,1.61,preference_clipping,0.01773410411576304,0.9999206396801059,0.0008055207037020799,0.00011360777804435419,0.007221619638439866,0.0,0.30446881785455754,0.6810232,0.1702558,1.0,0.0
323,1.615,finite_support,0.023086019435101385,1.0,2.18002004638947e-10,8.843827681449133e-11,1.5532285157819282e-09,0.0,0.3050418607525241,0.726495,0.18162375,1.0,1.0
324,1.62,preference_clipping,0.012505251001382334,0.999999932162724,1.800082363332982e-05,3.849863215128039e-05,0.0003737443127465798,0.0,0.3065734404391441,0.8747451999999999,0.21868629999999997,1.0,0.0
325,1.625,preference_clipping,0.019660776208029612,0.9999791073273719,0.00011820699811123431,2.7041723803617157e-05,0.0013883160833945897,0.0,0.30691878144304463,0.8035268,0.2008817,1.0,0.0
326,1.6300000000000001,preference_clipping,0.015176929559022195,0.9999404585659094,0.0005129346864456551,6.081310859814919e-05,0.004208015951758981,0.0,0.30816405634859473,0.7950746,0.19876865,1.0,0.0
327,1.635,preference_clipping,0.01721838726286007,0.9999999561036795,6.13414870275707e-05,1.8615850416388477e-05,0.00018289256271586716,0.0,0.3096006008221327,0.7202352,0.1800588,1.0,0.0
328,1.6400000000000001,preference_clipping,0.0044675561861051705,0.9999932343802371,0.00040609454742268674,6.194744305824601e-05,0.004153293247056906,0.0,0.31119251201158077,0.5562554,0.13906385,1.0,0.0
329,1.645,preference_clipping,0.021261526198489145,0.9999999999999997,1.6296743585860288e-10,3.25295335819465e-11,9.921676383511417e-10,0.0,0.3129567040832391,0.8533468000000001,0.21333670000000002,1.0,1.0
330,1.6500000000000001,preference_clipping,0.016358560643234266,0.9999921984717728,0.0002107056009850911,3.452665899255759e-05,0.0021271106395990926,0.0,0.3148834785541497,0.5537124,0.1384281,1.0,0.0
331,1.655,preference_clipping,0.08798483675572649,0.9999993167175675,0.0001352634919305893,2.1055768387537945e-05,0.0009200391854730929,0.0,0.31693027851699895,0.5563696,0.1390924,1.0,0.0
332,1.6600000000000001,preference_clipping,0.03513651125695155,0.9997593334758353,0.0005241929137188245,0.00010628977496810636,0.004162267324061759,0.0,0.31908814542729236,0.6562222,0.16405555,1.0,0.0
333,1.665,preference_clipping,0.03474797810598673,0.99999581722816,9.65980427664998e-05,3.0368256112799203e-05,0.0011323611066754555,0.0,0.3213681065148907,0.69201,0.1730025,1.0,0.0
334,1.67,preference_clipping,0.040871045436929876,0.9999975823140538,0.00017361112900786028,2.8529896144318576e-05,0.001965960842688111,0.0,0.3237165990081557,0.5525624,0.1381406,1.0,0.0
335,1.675,finite_support,0.03895126859942977,1.0,8.034961357287824e-11,3.409022983211178e-11,5.989179769438889e-10,0.0,0.3261474471921542,0.5782248,0.1445562,1.0,1.0
336,1.68,preference_clipping,0.04371880034641923,0.9999967994996939,7.65820330838234e-05,4.6470762122407596e-05,0.0013216387061163626,0.0,0.3286717155749089,0.5631524,0.1407881,1.0,0.0
337,1.685,preference_clipping,0.014498106881699613,0.9999996718604437,3.9644043678275964e-05,5.55311883400565e-05,0.000588501390028377,0.0,0.3317684852267417,0.8373946,0.20934865,1.0,0.0
338,1.69,preference_clipping,0.013206781328267692,0.9996612934248953,0.000734318508883822,0.00014494652870741765,0.00852864766295233,0.0,0.3338488390604131,0.6212622,0.15531555,1.0,0.0
339,1.695,preference_clipping,0.011384415632420541,0.9997588146565808,0.0003928983690340824,5.8542757272614295e-05,0.002923739451690684,0.0,0.33645624865002793,0.6159462,0.15398655,1.0,0.0
340,1.7,preference_clipping,0.03076875254148098,0.9999669884014493,0.00028664906171600013,4.858008168668188e-05,0.002209504198948773,0.0,0.3391388725779286,0.6432698,0.16081745,1.0,0.0
341,1.705,preference_clipping,0.0067416294768918306,0.9998514560519491,6.82028994108088e-05,1.9531857929717123e-05,0.001899086317273108,0.0,0.3418006002699641,0.6213744,0.1553436,1.0,0.0
342,1.71,preference_clipping,0.013533055231995661,0.9999992183109605,3.025527069102272e-05,1.087109697350364e-05,0.0003415342983612984,0.0,0.3444777759035041,0.561984,0.140496,1.0,0.0
343,1.715,preference_clipping,0.013289991329656914,0.9999984224654813,6.991501089335883e-05,2.331533593532066e-05,0.0007423123169059939,0.0,0.34717528972707473,0.5575536,0.1393884,1.0,0.0
344,1.72,preference_clipping,0.007550164269828907,0.9999999999999991,2.2751850944880188e-10,4.8656582069071657e-11,1.4208891020103067e-09,0.0,0.3498691790826212,0.9579363999999999,0.23948409999999998,1.0,1.0
345,1.725,preference_clipping,0.013091720806393536,0.9999944650169753,0.0001893538225350611,2.7192988717404024e-05,0.002404271489110299,0.0,0.3525451902161923,0.574548,0.143637,1.0,0.0
346,1.73,preference_clipping,0.009946080070655228,0.9999999999999998,1.7675056852774126e-10,3.248298665640671e-11,1.0908470777861663e-09,0.0,0.3552215950972707,0.7021569999999999,0.17553924999999998,1.0,1.0
347,1.735,preference_clipping,0.005494226427982252,0.999840219520591,0.0006349611958437228,4.2450732199977666e-05,0.004672831968536014,0.0,0.3578497393409373,0.6239712000000001,0.15599280000000001,1.0,0.0
348,1.74,preference_clipping,0.006647856657521212,0.9999991813037485,8.334761963953218e-05,2.2233019204334648e-05,0.0005507590996733149,0.0,0.360503212479824,0.5555902,0.13889755,1.0,0.0
349,1.745,finite_support,0.00942052998109677,0.9872624275958947,0.00015445603175754486,0.0004475909170191114,0.003141398781368654,0.0,0.3627362955348714,0.4759816,0.1189954,0.0,0.0
350,1.75,finite_support,0.01239273961228804,0.9762311781809262,0.00023071640036699656,0.0002819166832886162,0.0010082980249162105,0.0,0.36514945023233203,0.47670500000000005,0.11917625000000001,0.0,0.0
351,1.7550000000000001,finite_support,0.011931702847967074,0.951331156069021,0.0001253542643366753,0.0008809465591602606,0.00785063488701448,0.0,0.3672604503049176,0.47852439999999996,0.11963109999999999,0.0,0.0
352,1.76,finite_support,0.010607126288419977,0.9454059369411149,0.0001871738811037479,0.0005077748359707232,0.0024379109572174686,0.0,0.3694407954984047,0.478843,0.11971075,0.0,0.0
353,1.7650000000000001,finite_support,0.003632976450056169,0.9349008521064162,0.0002744890182087105,0.0003902822584305639,0.0025356309462249618,0.0,0.3714113658537391,0.49190559999999994,0.12297639999999999,0.0,0.0
354,1.77,finite_support,0.0063561866707473325,0.9235994802187564,0.00019831062628417287,0.00028094929716979,0.001228136431922361,0.0,0.37350411183255616,0.485151,0.12128775,0.0,0.0
355,1.7750000000000001,finite_support,0.012748388455996462,0.9025803240513112,0.00027974833240382475,0.0007549145176686338,0.007501588495052314,0.0,0.37524789479109155,0.497288,0.124322,0.0,0.0
356,1.78,finite_support,0.012956516415307817,0.88725035304633,0.00036941254081952063,0.0009199781986685832,0.010175913515470866,0.0,0.3770892133191692,0.4850788,0.1212697,0.0,0.0
357,1.7850000000000001,finite_support,0.012770393076344533,0.8733849315572874,0.0003943578339853943,0.0009724018492440889,0.011008722815377443,0.0,0.3789451375659556,0.47650060000000005,0.11912515000000001,0.0,0.0
358,1.79,finite_support,0.013496854523765978,0.8590772254834651,0.0002516144667276779,0.0008491764456865188,0.009028662497320207,0.0,0.3812662886522755,0.4939736,0.1234934,0.0,0.0
359,1.795,finite_support,0.013040665769459281,0.8558171165301067,0.00034231188072195596,0.0003731675947712639,0.00399957546233884,0.0,0.3828859128469575,0.4879882,0.12199705,0.0,0.0
360,1.8,finite_support,0.00977553125253161,0.8230919466271502,0.0005389237154099892,0.0013639375814087056,0.014209111783761798,0.0,0.38447657455632506,0.4752522,0.11881305,0.0,0.0
361,1.805,finite_support,0.003323537940084359,0.8211935859277475,0.0001277822160458519,0.0007111002749330269,0.006429314129549624,0.0,0.3865267899114703,0.48034979999999994,0.12008744999999998,0.0,0.0
362,1.81,finite_support,0.006755238035616173,0.8108604791861876,0.00016883810396662831,0.0005755561883792515,0.0058813964755550655,0.0,0.38822817208206756,0.4732182,0.11830455,0.0,0.0
363,1.815,finite_support,0.06382598835303482,0.7880711704253912,0.00018609352864511485,0.0010311811069605744,0.009937726369817048,0.0,0.38997287812668585,0.4774864,0.1193716,0.0,0.0
364,1.82,finite_support,0.007970316724323356,0.7816765746965268,0.00020460575694067156,0.0007263336830129934,0.007470445669663754,0.0,0.3913062098128499,0.4779532,0.1194883,0.0,0.0
365,1.825,finite_support,0.03441184847925022,0.7700220688803324,0.00026906385598301857,0.0006714778964707626,0.007492505884392088,0.0,0.39283275858258443,0.463442,0.1158605,0.0,0.0
366,1.83,finite_support,0.002341582483467164,0.7579808303275646,0.00012080985305039233,0.0005554928802573529,0.005687060936025287,0.0,0.39459419538742446,0.4639468,0.1159867,0.0,0.0
367,1.835,finite_support,0.022864946047640444,0.7424897400980182,0.0003863885415137814,0.0007105199555823441,0.007901752392844684,0.0,0.395824810030544,0.49351480000000003,0.12337870000000001,0.0,0.0
368,1.84,finite_support,0.0673867564613545,0.7235274577410964,0.00021302028339170113,0.000958952528438499,0.009518684274175565,0.0,0.397459228479274,0.4729238,0.11823095,0.0,0.0
369,1.845,finite_support,0.008554240562425042,0.7226741025831698,0.00011911686655090943,0.00034162008908162597,0.002348929989619643,0.0,0.39886228750799857,0.4774424,0.1193606,0.0,0.0
370,1.85,finite_support,0.007889866537880152,0.7099358961582893,7.11291728712443e-05,0.00033655674334325,0.0020976540436975165,0.0,0.4002246473080007,0.47642039999999997,0.11910509999999999,0.0,0.0
371,1.855,finite_support,0.022345764127962298,0.6839778053162099,0.0006111699446512261,0.000970069886269571,0.00799425039170988,0.0,0.4013661084659157,0.4716914,0.11792285,0.0,0.0
372,1.86,finite_support,0.012244072422618046,0.6824786388001491,0.0003396115216655238,0.00043145873121947653,0.0041546635905122305,0.0,0.402817626677795,0.4675398,0.11688495,0.0,0.0
373,1.865,finite_support,0.06529065621485586,0.6581683991978612,0.0002977710432155072,0.0010072834786649836,0.00928481767974334,0.0,0.4040489287776702,0.475729,0.11893225,0.0,0.0
374,1.87,finite_support,0.00886188900039997,0.6590870851664399,7.9203045550611e-05,0.00034777981802180605,0.002086749730374051,0.0,0.40524743127732366,0.4611014,0.11527535,0.0,0.0
375,1.875,finite_support,0.03667735195417299,0.6360698444497457,0.00011429455109994522,0.0008678120719867075,0.007338388303513105,0.0,0.40631399521942757,0.46444979999999997,0.11611244999999999,0.0,0.0
376,1.8800000000000001,finite_support,0.023269280165910677,0.6298318660258737,0.00020336949371752315,0.000591447152938237,0.0057703017407014084,0.0,0.40750620433248125,0.4700704,0.1175176,0.0,0.0
377,1.885,finite_support,0.014694023775518872,0.623423529616799,9.67159209164342e-05,0.00030158984897184926,0.0020321863260619045,0.0,0.408682338061425,0.47131480000000003,0.11782870000000001,0.0,0.0
378,1.8900000000000001,finite_support,0.011085754536566128,0.5942865249075172,0.0003102633653965927,0.0011733392117865718,0.011309640833754459,0.0,0.40956164126410916,0.474537,0.11863425,0.0,0.0
379,1.895,finite_support,0.018732138062915737,0.5878245767309989,0.0002724133284215384,0.0008930276201395592,0.008907243097368641,0.0,0.41080458476160453,0.52917,0.1322925,0.0,0.0
380,1.9000000000000001,solver_5ms,0.01605524732259389,0.5766803560585322,0.00040304486839536687,0.0008735078742774188,0.009227598768843081,0.0,0.4118580965811161,0.6098186,0.15245465,0.0,0.0
381,1.905,finite_support,0.007099860629966592,0.5708038151090765,0.00011405636813156914,0.0005782073017443145,0.005467327493739248,0.0,0.4128163758039009,0.4737674,0.11844185,0.0,0.0
382,1.9100000000000001,finite_support,0.015850082704660373,0.555169959392217,0.00013221091285233353,0.0007784192587237132,0.0068314448373305164,0.0,0.4138121541058307,0.45966660000000004,0.11491665000000001,0.0,0.0
383,1.915,finite_support,0.0421372742254178,0.5400091902216486,0.0002686564008239968,0.0009972647811939174,0.009870852081502146,0.0,0.41453908205798173,0.47581719999999994,0.11895429999999999,0.0,0.0
384,1.92,finite_support,0.07492412523735226,0.5339566920882173,0.0003069460710662139,0.0007799571437087344,0.008313227328427295,0.0,0.4153942654914372,0.4657662,0.11644155,0.0,0.0
385,1.925,finite_support,0.08980348686904449,0.5215495754682695,0.00029390173395093866,0.0008475226892216319,0.008418742067181807,0.0,0.4162618653793855,0.460374,0.1150935,0.0,0.0
386,1.93,finite_support,0.005848466155811138,0.5083367500322413,7.549774048616042e-05,0.000918710910299164,0.008012016984441832,0.0,0.4173850291591902,0.4748634,0.11871585,0.0,0.0
387,1.935,finite_support,0.018776571963918798,0.5026491252015122,9.520651667797998e-05,0.0006786570439605652,0.005871479844046866,0.0,0.41808027708687506,0.4655338,0.11638345,0.0,0.0
388,1.94,finite_support,0.02453117153855544,0.4925873651445797,0.00017313919529355614,0.0006539073153370423,0.005376857183551595,0.0,0.4189229822068387,0.47467700000000007,0.11866925000000002,0.0,0.0
389,1.945,finite_support,0.014015380696286162,0.4802694771486662,0.00026220959594113553,0.0008119695125721208,0.008836139041103256,0.0,0.41979555962322546,0.4629428,0.1157357,0.0,0.0
390,1.95,finite_support,0.01127073712137161,0.47265173977076824,0.00011855617312198751,0.0006570349566124249,0.004987831956961774,0.0,0.4204809424617819,0.4699982,0.11749955,0.0,0.0
391,1.955,solver_5ms,0.010090014761210409,0.4629620507953853,0.00018150514072624686,0.0006688387102437019,0.005984760298729641,0.0,0.4211469187670713,0.46297299999999997,0.11574324999999999,0.0,0.0
392,1.96,solver_5ms,0.023017779349210343,0.4582825699773261,8.039829709605529e-05,0.00042994831320697586,0.003515206178708394,0.0,0.42183320415405673,0.46969979999999995,0.11742494999999999,0.0,0.0
393,1.965,solver_5ms,0.010690398219437292,0.44505394036622237,0.0002582699967401629,0.0006579784790116928,0.0035933710874969087,0.0,0.42230864723107225,0.47109639999999997,0.11777409999999999,0.0,0.0
394,1.97,solver_5ms,0.0467284738681073,0.44213604449293387,0.00012747852415273455,0.00040837106274095385,0.004132207457101259,0.0,0.4229940980175,0.4498402,0.11246005,0.0,0.0
395,1.975,solver_5ms,0.03070955156836419,0.4345502629314667,0.00010687129000325592,0.00033544166124236513,0.0034558958616397522,0.0,0.42368021646575993,0.4618648,0.1154662,0.0,0.0
396,1.98,solver_5ms,0.010126993167658416,0.422379783362992,0.000136796391160808,0.00044342109225845407,0.003516682535807876,0.0,0.42440071287227343,0.47353500000000004,0.11838375000000001,0.0,0.0
397,1.985,solver_5ms,0.008298785617033566,0.4156279147456886,0.00012687242188416607,0.0003775919857047287,0.0034921766621230344,0.0,0.42503044960889047,0.4536134,0.11340335,0.0,0.0
398,1.99,solver_5ms,0.01177972129562388,0.4029438096225777,9.828689521246395e-05,0.0005723726106458329,0.004643343354523266,0.0,0.4256529718495476,0.47187979999999996,0.11796994999999999,0.0,0.0
399,1.995,solver_5ms,0.038101451160788,0.3965279189538491,0.00013833722132999523,0.000515124627793483,0.004292942602761094,0.0,0.4262210451718577,0.45283379999999995,0.11320844999999999,0.0,0.0
400,2.0,solver_5ms,0.005313154083363969,0.38903949003628413,9.897479909398672e-05,0.0005055267559667987,0.004189346132007561,0.0,0.4267420716177564,0.47273339999999997,0.11818334999999999,0.0,0.0
401,2.005,solver_5ms,0.030514665794179052,0.37985422574235916,0.00011116724038822495,0.0005911187105802155,0.005035642681978186,0.0,0.4273495856551901,0.4748012,0.1187003,0.0,0.0
402,2.0100000000000002,solver_5ms,0.04495809696747344,0.37511963048097974,0.00011115541253463269,0.0005031283807152142,0.00451197431281638,0.0,0.4277987222465081,0.45812200000000003,0.11453050000000001,0.0,0.0
403,2.015,solver_5ms,0.031033010883252388,0.3666747010130065,0.00015359710966575185,0.0005794720612950713,0.005326920653815426,0.0,0.4282991435326476,0.4694452,0.1173613,0.0,0.0
404,2.02,solver_5ms,0.01851390152296517,0.36097701688378026,0.00012312174514688844,0.0005704883548567154,0.005924963833107828,0.0,0.42893477559910426,0.4573624,0.1143406,0.0,0.0
405,2.025,solver_5ms,0.02959638922828134,0.35176388120822,0.00018846734877102714,0.0006845953254033633,0.005596940381794122,0.0,0.42924714288011473,0.46604480000000004,0.11651120000000001,0.0,0.0
406,2.0300000000000002,solver_5ms,0.001833348750590602,0.3478844585704639,9.863450267031717e-05,0.0005994828798900942,0.005599258340649178,0.0,0.4297661199363073,0.4734388,0.1183597,0.0,0.0
407,2.035,solver_5ms,0.04019230503971016,0.3442582393798719,0.00011702994857666106,0.0005116009898483874,0.004795682122868632,0.0,0.43014443501531713,0.5402591999999999,0.13506479999999998,0.0,0.0
408,2.04,solver_5ms,0.029281920638224435,0.3341372931604265,8.453940844130927e-05,0.0007273623535883687,0.005697966141000635,0.0,0.4306082951964128,0.4647964,0.1161991,0.0,0.0
409,2.045,solver_5ms,0.045387348046599385,0.33502678143164,0.00016379794919305318,0.00048524487731750344,0.005174878496173507,0.0,0.43095211887889145,0.4561482,0.11403705,0.0,0.0
410,2.05,solver_5ms,0.03117798380580794,0.3286381455713586,8.70105162505139e-05,0.0005480650257398482,0.004081558433292087,0.0,0.43142379576377493,0.4752682,0.11881705,0.0,0.0
411,2.055,solver_5ms,0.02778725236018964,0.3214274126714197,0.00012047311690488016,0.000701417819625275,0.005986789824486942,0.0,0.4318207667757342,0.4722546,0.11806365,0.0,0.0
412,2.06,solver_5ms,0.02507114550687195,0.32093612197451016,0.00014390485999021254,0.0005357281009096378,0.004749767222172773,0.0,0.43209058290946456,0.45273159999999996,0.11318289999999999,0.0,0.0
413,2.065,solver_5ms,0.02454413408625733,0.31496181660645295,0.00019373802201090327,0.0006580008344624072,0.005994311545686956,0.0,0.43237947103190205,0.46549979999999996,0.11637494999999999,0.0,0.0
414,2.07,solver_5ms,0.02458082279388485,0.30903614824799686,0.0001903936683254521,0.0007935700017829997,0.007349497846507837,0.0,0.4327390404263279,0.45296000000000003,0.11324000000000001,0.0,0.0
415,2.075,solver_5ms,0.03510640216031202,0.30307622352235686,0.00029056975144779355,0.0009664374037820127,0.009559079698991503,0.0,0.4330656970720165,0.4684514,0.11711285,0.0,0.0
416,2.08,solver_5ms,0.03733458715793336,0.2993248049613765,0.00032272846842895127,0.001034276465232664,0.01038361425552497,0.0,0.4333900043644763,0.4869064,0.1217266,0.0,0.0
417,2.085,solver_5ms,0.02616171461324729,0.30932138341017157,5.097137838224819e-05,0.0004327617514944353,0.003462178667380632,0.0,0.4335881580069485,0.466237,0.11655925,0.0,0.0
418,2.09,solver_5ms,0.030721191736360343,0.30650541436911993,0.0001319878897538385,0.00048441856450059993,0.003987971826368934,0.0,0.4339141472631502,0.46563000000000004,0.11640750000000001,0.0,0.0
419,2.095,solver_5ms,0.007416675433524755,0.30463728191969275,0.00011523402727068137,0.0005171193955101006,0.0041182669069640505,0.0,0.43414287695632486,0.4719358,0.11798395,0.0,0.0
420,2.1,solver_5ms,0.042700562617042914,0.29624335085541675,0.0005285172595120768,0.0008938099089293861,0.009329881124701785,0.0,0.4343554996055561,0.46453999999999995,0.11613499999999999,0.0,0.0
421,2.105,solver_5ms,0.02029212943510661,0.3072517086444727,0.00016837648053822204,0.00037517270511475164,0.001691882507388678,0.0,0.43442976386821036,0.465562,0.1163905,0.0,0.0
422,2.11,solver_5ms,0.06151759969486026,0.2996347160279744,0.0006914733285394306,0.0007146910914875804,0.008368134055226741,0.0,0.43490401194338274,0.47369520000000004,0.11842380000000001,0.0,0.0
423,2.115,solver_5ms,0.05862537729578454,0.30114362525767646,0.0007746098391908356,0.0006498692362504525,0.007798300888090942,0.0,0.4351102549978917,0.4769152,0.1192288,0.0,0.0
424,2.12,solver_5ms,0.017827310808127272,0.3081180001658995,0.00016375051997447209,0.0003847444794567881,0.0019079936226034909,0.0,0.43499707186127706,0.463003,0.11575075,0.0,0.0
425,2.125,solver_5ms,0.042394717424121264,0.30201878543395577,0.0007009889778050054,0.0007207375785664933,0.007630277075110203,0.0,0.43557691548124106,0.4525854,0.11314635,0.0,0.0
426,2.13,solver_5ms,0.0470951113176743,0.3044893745820506,0.0006222729391588484,0.000671526696854676,0.006740670443782983,0.0,0.43569981583062456,0.4710142,0.11775355,0.0,0.0
427,2.1350000000000002,solver_5ms,0.019813636495391584,0.3137865641387221,5.741776957961827e-05,0.0003068880029436397,0.0024188284942543424,0.0,0.43556651261750173,0.46360619999999997,0.11590154999999999,0.0,0.0
428,2.14,solver_5ms,0.03835446248795504,0.3116815457095652,0.00037608722533899854,0.0005258038192671217,0.005228995314787643,0.0,0.4357205034567428,0.46497879999999997,0.11624469999999999,0.0,0.0
429,2.145,solver_5ms,0.03226681283274857,0.3154730151373498,0.0003143523028183233,0.0004802925920716328,0.00450076091671366,0.0,0.43583601424529683,0.47197,0.1179925,0.0,0.0
430,2.15,solver_5ms,0.06911305520940214,0.31945107935834294,0.00011475301753806107,0.0004421185445049261,0.002878809496923118,0.0,0.43579770063607504,0.46086099999999997,0.11521524999999999,0.0,0.0
431,2.1550000000000002,solver_5ms,0.029338166618320116,0.32472986863339404,0.00021317177385412256,0.00037542254404793066,0.0033246948106572696,0.0,0.43593308476209625,0.4617226,0.11543065,0.0,0.0
432,2.16,solver_5ms,0.018299944892774533,0.3295887015240383,0.0001830814096880672,0.00034352341342251604,0.0029155826076521446,0.0,0.43596597634801226,0.4708278,0.11770695,0.0,0.0
433,2.165,solver_5ms,0.046743401510562776,0.3280930105795259,9.005944851580204e-05,0.0006314774927000711,0.005176890021330758,0.0,0.43596458099998964,0.4791916,0.1197979,0.0,0.0
434,2.17,solver_5ms,0.013013773392245298,0.33981795299334416,7.263300259503498e-05,0.00032313910841194523,0.002740090422618019,0.0,0.43597203269566853,0.46957340000000003,0.11739335000000001,0.0,0.0
435,2.1750000000000003,solver_5ms,0.07638440713275685,0.33904382066414673,0.00011545187321389624,0.0006098549579291742,0.004728417273776908,0.0,0.43596540328282324,0.46276660000000003,0.11569165000000001,0.0,0.0
436,2.18,solver_5ms,0.02911386583204223,0.3454569775004305,0.00011259514358259014,0.0005907935850915142,0.004881144824450142,0.0,0.43589514466422075,0.46470020000000006,0.11617505000000002,0.0,0.0
437,2.185,solver_5ms,0.04068422196357169,0.3518744269071953,0.0001118472722210706,0.000588811904258566,0.004810791063542704,0.0,0.43584284343580365,0.4642794,0.11606985,0.0,0.0
438,2.19,solver_5ms,0.03295144504478209,0.36555087101244677,0.000113255376713798,0.0002719478728230047,0.0018404508687198142,0.0,0.43569814264521317,0.4800354,0.12000885,0.0,0.0
439,2.195,solver_5ms,0.03056812268587006,0.3724137997581801,0.00013904153640157608,0.00028967238920498545,0.0017156833328726522,0.0,0.43558182698394726,0.46854539999999995,0.11713634999999999,0.0,0.0
440,2.2,solver_5ms,0.033909973787271674,0.37951366984526436,0.00014927657969651467,0.000318607889023067,0.0019315345607371743,0.0,0.43543933234079163,0.46671819999999997,0.11667954999999999,0.0,0.0
441,2.205,solver_5ms,0.010536889416545847,0.37264973817058256,0.00024277204267256133,0.0010487188335533513,0.009793375474869546,0.0,0.4352452947451424,0.48359399999999997,0.12089849999999999,0.0,0.0
442,2.21,solver_5ms,0.007960678297114221,0.37986863750349287,0.00023528742713123407,0.0011476691086851631,0.010562823559474932,0.0,0.43488590272147204,0.464017,0.11600425,0.0,0.0
443,2.215,solver_5ms,0.01035687091643922,0.398879464858214,0.0003585550725816308,0.0007505940928978659,0.0075480714171279415,0.0,0.4346144246195071,0.4718236,0.1179559,0.0,0.0
444,2.22,solver_5ms,0.02213021745023358,0.41630880268204895,4.409408161982516e-05,0.00023805982128872864,0.0019987057546756756,0.0,0.4347024392872303,0.46486059999999996,0.11621514999999999,0.0,0.0
445,2.225,solver_5ms,0.029227690146599317,0.41309954630097223,0.00031454355468666154,0.0009290215306841461,0.009741707969451998,0.0,0.43426230339401567,0.4698922,0.11747305,0.0,0.0
446,2.23,solver_5ms,0.05717731288434891,0.4338308432684447,0.00017558209953994386,0.0003493594993893717,0.0015034119239670661,0.0,0.43413571312154847,0.4735188,0.1183797,0.0,0.0
447,2.235,solver_5ms,0.020706971207151703,0.4440670608355122,0.00016174567871885892,0.0003768944336293529,0.0021222992903826717,0.0,0.43379974127726106,0.4717736,0.1179434,0.0,0.0
448,2.24,solver_5ms,0.027713530081907578,0.44279668800363925,0.00011243090367315243,0.0009593444006145674,0.007952574012498747,0.0,0.43347527879411146,0.4678342,0.11695855,0.0,0.0
449,2.245,solver_5ms,0.03699058212514039,0.4658081914714326,8.700771006413515e-05,0.00042412695213158667,0.003305769269650193,0.0,0.43302917452682266,0.4691588,0.1172897,0.0,0.0
450,2.25,finite_support,0.07513671022169044,0.47912787380230903,0.00010561048866559098,0.00036397301974081165,0.002401158790520635,0.0,0.43259279528857575,0.4667982,0.11669955,0.0,0.0
451,2.255,finite_support,0.011912465111563186,0.4898736065477456,0.0002143496156706147,0.00042558468134902945,0.004420091868726377,0.0,0.43231510670052364,0.46535959999999993,0.11633989999999998,0.0,0.0
452,2.2600000000000002,finite_support,0.01385516770757711,0.49879325283992415,0.00012694718787566173,0.0005875685940176877,0.004582132019469654,0.0,0.43172106475128924,0.46754759999999995,0.11688689999999999,0.0,0.0
453,2.265,finite_support,0.0067690440058720824,0.5159249461432175,0.00015266081240439936,0.00042314246216789005,0.004163480364025196,0.0,0.4311821265387588,0.46322340000000006,0.11580585000000002,0.0,0.0
454,2.27,finite_support,0.0041382008930668235,0.527365981058223,0.00016779197148432835,0.0005317527945969517,0.004960864223996975,0.0,0.43095574913888646,0.45596180000000003,0.11399045000000001,0.0,0.0
455,2.275,finite_support,0.003723243935382925,0.5384277419241869,0.00019728185314459327,0.0006446662818275184,0.005917286898842577,0.0,0.43036543619644607,0.45240919999999996,0.11310229999999999,0.0,0.0
456,2.2800000000000002,finite_support,0.022775584196388365,0.5525321123105906,0.0001769743041722429,0.0006017001789145871,0.0044859048540104775,0.0,0.4295439614393748,0.4838784,0.1209696,0.0,0.0
457,2.285,finite_support,0.011614522538172523,0.5681991547908694,0.00015639826031865644,0.0005989502232851791,0.005282626713814293,0.0,0.42912557555027314,0.4658324,0.1164581,0.0,0.0
458,2.29,finite_support,0.015479473258750431,0.5851812133425525,0.00014585015977469417,0.00046365293266265387,0.003704466699166443,0.0,0.42836306239500826,0.44448819999999994,0.11112204999999999,0.0,0.0
459,2.295,finite_support,0.02662988718427073,0.5936673012547484,0.00015049733156016775,0.0007451769415130163,0.005568378623931343,0.0,0.42744465417412164,0.4723586,0.11808965,0.0,0.0
460,2.3000000000000003,finite_support,0.005165835120779505,0.6148949601136571,0.0002825580680999914,0.00046773436462537425,0.0022486852397865607,0.0,0.4267007815305455,0.59688,0.14922,0.0,0.0
461,2.305,finite_support,0.008134713042062813,0.6326227186967351,0.0001304363581666968,0.0003676549808868218,0.0024478483898600933,0.0,0.425878360682313,0.6226588,0.1556647,0.0,0.0
462,2.31,solver_5ms,0.028299543264331817,0.651738819128151,6.168005593318113e-05,0.0002247972852221706,0.0015721195240252148,0.0,0.4249553624874926,0.6562262,0.16405655,0.0,0.0
463,2.315,finite_support,0.045232648182569335,0.6662464606035796,7.741971765093732e-05,0.0003019693011074687,0.0018535425774628264,0.0,0.42404429921980624,0.6324854,0.15812135,0.0,0.0
464,2.32,finite_support,0.049532201257251884,0.676203616804459,0.00019072013513173592,0.0006257437478782467,0.0056778004733684705,0.0,0.42307272660534373,0.4906032,0.1226508,0.0,0.0
465,2.325,finite_support,0.006947240005494848,0.7004370265698168,0.00027081585077310647,0.00024664670614621555,0.002817799878618254,0.0,0.4221697356198955,0.46035,0.1150875,0.0,0.0
466,2.33,finite_support,0.03838087000995749,0.706537976144448,0.00022012637530906487,0.0007937075105223584,0.00767084639818925,0.0,0.4211270512951015,0.46007359999999997,0.11501839999999999,0.0,0.0
467,2.335,finite_support,0.011626993812186015,0.7347602187481868,0.00017300317799287665,0.00023961266321645354,0.00200723653176443,0.0,0.4199953702271357,0.462971,0.11574275,0.0,0.0
468,2.34,finite_support,0.05736788544208338,0.7535546434669462,0.00017500532518067557,0.00022839145044261118,0.0018916835396484322,0.0,0.41871001117705325,0.464055,0.11601375,0.0,0.0
469,2.345,finite_support,0.10510340098246473,0.7594689382923906,0.00020225515847991526,0.0007508272528078618,0.00540616402567119,0.0,0.417803486300533,0.46707879999999996,0.11676969999999999,0.0,0.0
470,2.35,finite_support,0.008019702957273722,0.7864620845405723,0.00026855551916974774,0.0002983840126357944,0.002875341690229249,0.0,0.4164216024039217,0.47278760000000003,0.11819690000000001,0.0,0.0
471,2.355,finite_support,0.019616663848864846,0.7945322077547359,0.00021124160567592283,0.0007771034402782753,0.006203771373195054,0.0,0.4149780773198813,0.4573924,0.1143481,0.0,0.0
472,2.36,finite_support,0.008531059192407042,0.8097290481859976,0.00023682191886824342,0.0009095085819850688,0.006983753942357413,0.0,0.4137243911335177,0.46465619999999996,0.11616404999999999,0.0,0.0
473,2.365,finite_support,0.036302093622819775,0.8340912091709798,0.00011306079007944983,0.0006383759260616057,0.005999159843282452,0.0,0.41228188209339056,0.46396679999999996,0.11599169999999999,0.0,0.0
474,2.37,finite_support,0.08860762817919365,0.8426252286189647,0.00015713352546443794,0.0011145000774770235,0.009929652887966675,0.0,0.41082148914099026,0.44915079999999996,0.11228769999999999,0.0,0.0
475,2.375,finite_support,0.0491070184516218,0.8765036106186505,0.00020702809986342216,0.00034697026812996343,0.0024805125861449683,0.0,0.4093374373612767,0.472441,0.11811025,0.0,0.0
476,2.38,finite_support,0.0020229970476570713,0.89470090244967,0.00016570212628948638,0.00038026011638412515,0.0035857380979873615,0.0,0.4078368385767091,0.444017,0.11100425,0.0,0.0
477,2.3850000000000002,finite_support,0.08213588975625186,0.9150624813036694,0.00015749237482829206,0.0002782076317988756,0.0014539181879014693,0.0,0.40615441563539023,0.46965159999999995,0.11741289999999999,0.0,0.0
478,2.39,finite_support,0.04121720187377775,0.932424598617935,0.00016134846714338795,0.00034520821362164566,0.0018584938439652901,0.0,0.4044393702956462,0.48524300000000004,0.12131075000000001,0.0,0.0
479,2.395,finite_support,0.028035385818414582,0.9513989310903433,0.00034518546043052294,0.00034034275596284065,0.003562582315476701,0.0,0.40271602646766697,0.448664,0.112166,0.0,0.0
480,2.4,finite_support,0.03162240816423356,0.9553179740733431,0.00015646205101434683,0.0010462529675396755,0.008632241000070602,0.0,0.40093310925823933,0.4455562,0.11138905,0.0,0.0
481,2.4050000000000002,finite_support,0.04155685101592255,0.9752250248025559,0.00039558250439024144,0.0010406320552239492,0.012004417845052753,0.0,0.39906806713594484,0.4620352,0.1155088,0.0,0.0
482,2.41,finite_support,0.07663942085123221,1.0,4.204722885361899e-12,4.186320001983935e-12,4.235548036424858e-11,0.0,0.39682380420344326,0.5505826,0.13764565,1.0,1.0
483,2.415,finite_support,0.03213746838093279,1.0,1.3359558520159518e-11,2.7737528765557474e-12,8.375223645942921e-11,0.0,0.3942920876834058,0.547673,0.13691825,1.0,1.0
484,2.42,finite_support,0.037126283297661544,1.0,1.5551876863838282e-11,4.719738445058175e-12,1.0593307581157785e-10,0.0,0.39172776450556307,0.5792688,0.1448172,1.0,1.0
485,2.4250000000000003,finite_support,0.05996402541175172,1.0,4.9474997409462126e-08,1.1642729139812352e-07,1.2779454871866365e-06,0.0,0.38945924941927507,0.889912,0.222478,1.0,1.0
486,2.43,preference_clipping,0.07318551771551274,0.9999997667361246,1.0682634034049853e-05,1.4797595236281553e-05,0.00015013969495390715,0.0,0.3869197478554323,0.8902104,0.2225526,1.0,0.0
487,2.435,finite_support,0.007307410579415752,1.0,8.714404818563586e-13,3.855749350866582e-12,3.4577023746444423e-11,0.0,0.38388520009060884,0.57563,0.1439075,1.0,1.0
488,2.44,preference_clipping,0.003232117351537056,0.9999914143187257,0.000748497263197297,6.885419862853071e-05,0.0031072954105239316,0.0,0.3812319505512557,0.7268638,0.18171595,1.0,0.0
489,2.445,preference_clipping,0.004825543784003905,0.9997183019605573,0.0018494813426486866,0.00012873285080554087,0.008147062287980147,0.0,0.37858715189322173,0.647099,0.16177475,1.0,0.0
490,2.45,preference_clipping,0.006083318571104002,0.9999999991427734,5.6329789034937784e-08,1.2179471594799063e-07,1.1412774646548473e-06,0.0,0.3766370300414254,0.8519059999999999,0.21297649999999999,1.0,1.0
491,2.455,preference_clipping,0.043173761787862475,0.9999999840966748,2.5198965176041498e-05,1.7354082467203314e-05,0.00019250717138953716,0.0,0.37329714600542485,0.5869332,0.1467333,1.0,0.0
492,2.46,preference_clipping,0.030602118061828776,0.9999951277964372,0.00010953833756658456,3.887207237265095e-05,0.0012942640377571072,0.0,0.3706842463858111,0.730735,0.18268375,1.0,0.0
493,2.465,preference_clipping,0.029436803168636505,0.9999999999999991,6.602674010337941e-11,6.520332080911084e-12,3.978676358989853e-10,0.0,0.3680945330486423,0.8750638000000001,0.21876595000000001,1.0,1.0
494,2.47,preference_clipping,0.022145863441680458,0.9999985832874015,0.00011272307543847056,2.7194610462503346e-05,0.0008908109872695655,0.0,0.3655426073731322,0.5662102,0.14155255,1.0,0.0
495,2.475,preference_clipping,0.01959006568075239,0.9999997341981405,3.768306455046634e-05,4.621153568423813e-05,0.0005057949283628405,0.0,0.36403777784168617,0.8849686,0.22124215,1.0,0.0
496,2.48,preference_clipping,0.014284976153355888,0.9999999122766634,2.2902622393506147e-05,2.309257763876028e-05,0.00022381650634544281,0.0,0.3616528683823074,0.8691486,0.21728715,1.0,0.0
497,2.485,preference_clipping,0.035696438686894094,0.9999999423102662,1.4741834696293281e-05,2.9604910400572268e-05,0.000369570964805228,0.0,0.3593357216465591,0.8588512,0.2147128,1.0,0.0
498,2.49,preference_clipping,0.028405420897381628,0.999996544224733,9.144895420426138e-05,3.733577478405492e-05,0.0013195908265666023,0.0,0.3559873838226174,0.5753573999999999,0.14383934999999998,1.0,0.0
499,2.495,preference_clipping,0.008549072300773064,0.9999973913985352,7.98329076113526e-05,4.41694578961467e-05,0.0009801353875363308,0.0,0.35382314561528433,0.880518,0.2201295,1.0,0.0
500,2.5,solver_5ms,0.00950448608705301,0.9999999999999997,1.5384138896718844e-10,9.251435905999718e-12,8.868606107657974e-10,0.0,0.3517453249590273,1.1840458,0.29601145,1.0,1.0
501,2.505,solver_5ms,0.026625700602633806,0.9999998316185335,5.326476297784643e-05,4.499251210903194e-05,0.0005481137119511671,0.0,0.3510652638464173,1.1886024,0.2971506,1.0,0.0
502,2.5100000000000002,solver_5ms,0.02761740671222701,0.9999998736613103,5.2187645103310865e-05,4.1428446745868594e-05,0.000518393416549082,0.0,0.3492962835932634,1.0113052,0.2528263,1.0,0.0
503,2.515,preference_clipping,0.031178496069650397,0.9999998508807069,3.507372969467733e-05,2.0765058559847687e-05,0.000290429188388381,0.0,0.34643715421537663,0.8723508,0.2180877,1.0,0.0
504,2.52,preference_clipping,0.010384486933551207,0.9999997043160402,7.339385608215878e-05,3.0560760601887454e-05,0.0003655142024057258,0.0,0.3449944364004351,0.7199746,0.17999365,1.0,0.0
505,2.525,preference_clipping,0.015874810840865727,0.9999722631055188,6.655392143052303e-05,1.9226455533591942e-05,0.0005248926572247144,0.0,0.3437250538062361,0.9366342000000001,0.23415855000000002,1.0,1.0
506,2.5300000000000002,preference_clipping,0.021764770541388145,0.9999999999999993,3.5851998242826896e-10,8.101005467553215e-11,2.3348442196972605e-09,0.0,0.3426686319078137,0.9901352000000001,0.24753380000000003,1.0,1.0
507,2.535,finite_support,0.01407736995549802,1.0,2.7343865892696716e-10,3.255310410304353e-11,1.62865407512605e-09,0.0,0.34183645053353123,0.5869594,0.14673985,1.0,1.0
508,2.54,preference_clipping,0.023627978523385607,0.9999778848987053,3.8321677833207804e-05,2.359385488108729e-05,0.0004239493388758405,0.0,0.3412380569259184,0.9536041999999999,0.23840104999999998,1.0,1.0
509,2.545,preference_clipping,0.007126533044243821,0.999993051832722,0.00019501777395419624,4.9192554074584187e-05,0.0022740249012921637,0.0,0.340894745782548,0.5776338,0.14440845,1.0,0.0
510,2.5500000000000003,preference_clipping,0.015127585165433666,0.9999999701014077,2.525362853527311e-05,6.1019479202924154e-05,0.0007107496949261565,0.0,0.3420188872148008,0.8808868000000001,0.22022170000000002,1.0,0.0
511,2.555,preference_clipping,0.016173757472204287,0.9999999999999997,1.995695071929779e-10,2.2780422096317546e-11,1.1685813354190679e-09,0.0,0.3409481864850709,0.7487971999999999,0.18719929999999999,1.0,1.0
512,2.56,preference_clipping,0.006640290249083913,0.9999977820175692,0.00018514275685683264,3.763232625985533e-05,0.002488790431430562,0.0,0.34139899159391734,0.5736962,0.14342405,1.0,0.0
513,2.565,finite_support,0.011647517325630297,1.0,1.125426207363939e-11,3.15088253346895e-11,2.004784760071868e-10,0.0,0.34212080106120574,0.581012,0.145253,1.0,1.0
514,2.57,preference_clipping,0.016449150375130728,0.9998367104399597,0.0005930387321179045,0.00011061570377370247,0.005941749113611309,0.0,0.34316727983483414,0.6477562,0.16193905,1.0,0.0
515,2.575,finite_support,0.001685671914553044,1.0,3.2026078027134145e-10,1.4065749895675876e-10,2.3812422801877375e-09,0.0,0.34445979176633323,0.8775103999999999,0.21937759999999998,1.0,1.0
516,2.58,preference_clipping,0.028275332097406347,0.9999024116694514,0.00024459415661946685,6.756773622324557e-05,0.003890672299203753,0.0,0.346095245120235,0.7805972,0.1951493,1.0,0.0
517,2.585,preference_clipping,0.0007219114195322618,0.9999985503043854,9.451689395399351e-05,4.819025493000222e-05,0.001052098403931188,0.0,0.3480150191322392,0.5684384,0.1421096,1.0,0.0
518,2.59,preference_clipping,0.017634158136535863,0.999993918386106,0.0002360085865188857,2.7305458675063297e-05,0.0013830663609681708,0.0,0.3502507788234055,0.7198323999999999,0.17995809999999998,1.0,0.0
519,2.595,preference_clipping,0.01769900391881702,0.9999391759194028,0.000806682440009275,4.035701682898874e-05,0.002466878239757455,0.0,0.3528007773291027,0.6358418,0.15896045,1.0,0.0
520,2.6,preference_clipping,0.014901625267939311,0.9999882626073058,0.0006626221689513452,8.546879220165284e-05,0.005965635717027163,0.0,0.355636577452277,0.5605494,0.14013735,1.0,0.0
521,2.605,preference_clipping,0.0006934897101018578,0.9999997460443568,0.00011229143970158923,3.231272041552805e-05,0.0012099769109987309,0.0,0.3587925739632007,0.5820862,0.14552155,1.0,0.0
522,2.61,preference_clipping,0.017331246342716176,0.9999964341316598,0.0001971023074342087,2.9897866237737307e-05,0.0021917253901249764,0.0,0.36226796380001197,0.6034584,0.1508646,1.0,0.0
523,2.615,preference_clipping,0.02423410947217648,0.9999991737174762,2.6432207937113746e-05,9.83213708124738e-06,0.00032188756588658366,0.0,0.36603856501118515,0.5746582,0.14366455,1.0,0.0
524,2.62,finite_support,0.027414869911860176,0.9857922865426565,0.00010466078666134108,0.000275789657556631,0.0010555650707046132,0.0,0.3698874501830307,0.48660760000000003,0.12165190000000001,0.0,0.0
525,2.625,finite_support,0.003089914263310848,0.9350287821342205,0.00047678562323118527,0.0009340842187868531,0.010790616343632726,0.0,0.37277351754038546,0.49544440000000006,0.12386110000000002,0.0,0.0
526,2.63,finite_support,0.003553136367214719,0.8930985309134276,0.0004792953204053267,0.0009257020789070372,0.010683770650578541,0.0,0.3761262489464604,0.48325739999999995,0.12081434999999999,0.0,0.0
527,2.6350000000000002,finite_support,0.030317767001323194,0.8549538050038537,4.8498058031406106e-05,0.0004957747278518663,0.003635232560003411,0.0,0.37996005679299844,0.48534120000000003,0.12133530000000001,0.0,0.0
528,2.64,finite_support,0.000349565572491712,0.8013433360876328,0.00045361373405637033,0.0009032166865929836,0.0104154912130319,0.0,0.3834837824204992,0.48158419999999996,0.12039604999999999,0.0,0.0
529,2.645,preference_clipping,0.0411996659011038,0.8977851282120607,7.64694523407305e-12,4.094540259260618e-14,0.0,0.0,0.28888314329590936,0.7817416,0.1954354,1.0,1.0
530,2.65,solver_5ms,0.041358300117977365,0.9999991535815296,3.111092986963347e-05,4.198748462743152e-05,0.0,0.0,0.28319739447229103,1.1599022,0.28997555,1.0,1.0
531,2.6550000000000002,solver_5ms,0.04132861275429889,0.9999991600283766,3.1096746590156656e-05,4.198368228255678e-05,0.0,0.0,0.28319910933618936,1.1668611999999998,0.29171529999999996,1.0,1.0
532,2.66,solver_5ms,0.04128218877852419,0.9999989293140623,3.158225237711208e-05,4.2183125806257785e-05,0.0,0.0,0.283200423153636,1.1600946,0.29002365,1.0,1.0
533,2.665,solver_5ms,0.04127008734755577,0.9999990888585368,2.7290983373347956e-05,4.273277455436712e-05,0.0,0.0,0.28320079601072334,1.1637074,0.29092685,1.0,1.0
534,2.67,preference_clipping,0.03105435908423715,0.897888574372099,7.651094545497636e-12,4.0871168566586974e-14,0.0,0.0,0.28889188999664,0.8151906,0.20379765,1.0,1.0
535,2.6750000000000003,preference_clipping,0.01683413408670731,0.8979050661290751,7.649306145151936e-12,4.1494559071037835e-14,0.0,0.0,0.2888930557982877,0.7884220000000001,0.19710550000000002,1.0,1.0
536,2.68,preference_clipping,0.030205749013134664,0.8979216977063834,7.640675918993372e-12,6.928103652821181e-14,0.0,0.0,0.2888941596391487,0.795261,0.19881525,1.0,1.0
537,2.685,preference_clipping,0.029810021118237273,0.8979386524598821,7.651349328722681e-12,4.092152187251366e-14,0.0,0.0,0.28889521854258454,0.7938684,0.1984671,1.0,1.0
538,2.69,solver_5ms,0.029406788115693416,0.9999973879830688,5.8188929441108224e-05,9.37391360005162e-05,0.0,0.0,0.28319400370655584,1.218499,0.30462475,1.0,1.0
539,2.695,preference_clipping,0.015446888212977683,0.8979738361412863,7.651978455138241e-12,4.0895403639702216e-14,0.0,0.0,0.2888972391401439,0.782092,0.195523,1.0,1.0
540,2.7,preference_clipping,0.015087264770841102,0.8979920892631382,7.651568823986999e-12,4.089790337528755e-14,0.0,0.0,0.2888982112877089,0.793692,0.198423,1.0,1.0
541,2.705,solver_5ms,0.028219249159633364,0.9999968395836517,5.345927577513273e-05,8.995089798413814e-05,0.0,0.0,0.28319786195565483,1.2087444,0.3021861,1.0,1.0
542,2.71,preference_clipping,0.014390799663033249,0.8980297813890417,7.656312120937057e-12,4.090650878430874e-14,0.0,0.0,0.2889000925872982,0.8091954,0.20229885,1.0,1.0
543,2.715,solver_5ms,0.02739939386486867,0.9999963456454267,5.1719028278602906e-05,8.662962333898962e-05,0.0,0.0,0.28320088538511196,1.219559,0.30488975,1.0,1.0
544,2.72,solver_5ms,0.02698024026415169,0.9999961035266264,5.092616949177623e-05,8.515817927359139e-05,0.0,0.0,0.2832022779178262,1.1952608,0.2988152,1.0,1.0
545,2.725,preference_clipping,0.015177931134147116,0.8980885635618824,7.654089876130722e-12,4.090057967277127e-14,0.0,0.0,0.2889027744098792,0.7800142,0.19500355,1.0,1.0
546,2.73,preference_clipping,0.015851298051927643,0.8981085474421552,7.65616583500791e-12,4.089763592090063e-14,0.0,0.0,0.28890363335934555,0.7849896,0.1962474,1.0,1.0
547,2.735,solver_5ms,0.025715785056945606,0.999995372692173,4.895461525002059e-05,8.145159339922563e-05,0.0,0.0,0.2832050989031567,1.1755718000000002,0.29389295000000004,1.0,1.0
548,2.74,solver_5ms,0.025363533495692536,0.9999951286284265,4.824580892434191e-05,8.031456575879182e-05,0.0,0.0,0.2832062285285161,1.173648,0.293412,1.0,1.0
549,2.745,solver_5ms,0.026000179786933586,0.9999949941147621,4.82559449522038e-05,7.91736818924393e-05,0.0,0.0,0.2832062334705668,1.2055204,0.3013801,1.0,1.0
550,2.75,preference_clipping,0.017720896972051037,0.8981891479206703,7.654939651829138e-12,4.0909941451874847e-14,0.0,0.0,0.2889069018100395,0.818038,0.2045095,1.0,1.0
551,2.755,preference_clipping,0.018229723286466992,0.8982092580751226,7.656033123171614e-12,4.0887808708804764e-14,0.0,0.0,0.28890767805006895,0.7977016,0.1994254,1.0,1.0
552,2.7600000000000002,solver_5ms,0.02781348484859336,0.9999938346410872,4.578908984360333e-05,7.567470803659612e-05,0.0,0.0,0.28320922411024474,1.2095040000000001,0.30237600000000003,1.0,1.0
553,2.765,solver_5ms,0.02844444679794833,0.9999937730489248,4.417778135631661e-05,7.119550216359724e-05,0.0,0.0,0.2832146690315223,1.2451112,0.3112778,1.0,1.0
554,2.77,preference_clipping,0.019720769461883947,0.8982689524203478,7.658064245238758e-12,4.093781480142716e-14,0.0,0.0,0.2889099114494703,0.7865626,0.19664065,1.0,1.0
555,2.775,solver_5ms,0.03006448423548136,0.9999941624284019,4.717013321714749e-05,6.705805742576017e-05,0.0,0.0,0.2832180415166091,1.1923835999999999,0.29809589999999997,1.0,1.0
556,2.7800000000000002,preference_clipping,0.020770096753608414,0.898307957887137,7.656615365046915e-12,4.0936060917961876e-14,0.0,0.0,0.2889113227264445,0.778323,0.19458075,1.0,1.0
557,2.785,preference_clipping,0.021210261325066426,0.8983271593519258,7.656074162679935e-12,4.094260796818174e-14,0.0,0.0,0.288912005630883,0.791053,0.19776325,1.0,1.0
558,2.79,preference_clipping,0.02168566437532604,0.8983461371005601,7.658708966185495e-12,4.0955083335036015e-14,0.0,0.0,0.28891267364365336,0.7784873999999999,0.19462184999999999,1.0,1.0
559,2.795,preference_clipping,0.022121582343714863,0.8983648766438476,7.656921873816285e-12,4.113893418009487e-14,0.0,0.0,0.2889133269699066,0.7987055999999999,0.19967639999999998,1.0,1.0
560,2.8000000000000003,preference_clipping,0.02257454223553168,0.8983833652959609,7.655623799936202e-12,4.113378035147786e-14,0.0,0.0,0.28891396582150736,0.7831862,0.19579655,1.0,1.0
561,2.805,preference_clipping,0.02297678713958362,0.8984015921804694,7.657221487300944e-12,4.093033800807813e-14,0.0,0.0,0.28891459041430917,0.7817154000000001,0.19542885000000002,1.0,1.0
562,2.81,preference_clipping,0.02671282639532535,0.8984195481279347,7.65640739653257e-12,4.143186850596992e-14,0.0,0.0,0.2889152009664456,0.7837632,0.1959408,1.0,1.0
563,2.815,preference_clipping,0.027140262259806036,0.8984372251670324,7.655763606095894e-12,4.119603184887721e-14,0.0,0.0,0.2889157977048662,0.7854704,0.1963676,1.0,1.0
564,2.82,preference_clipping,0.02755535244425289,0.8984546169201357,7.654953670849145e-12,4.1608362820754e-14,0.0,0.0,0.28891638085456317,0.7979942,0.19949855,1.0,1.0
565,2.825,preference_clipping,0.027966107207788582,0.898471717991217,7.65892677298578e-12,4.0978931016184027e-14,0.0,0.0,0.28891695064669864,0.7847432,0.1961858,1.0,1.0
566,2.83,preference_clipping,0.02834190659939395,0.8984885242929672,7.656801389217156e-12,4.101936363238655e-14,0.0,0.0,0.28891750731167654,0.7752752,0.1938188,1.0,1.0
567,2.835,preference_clipping,0.028730606782545465,0.8985050325962876,7.658267651149003e-12,4.1027645814822524e-14,0.0,0.0,0.2889180510833591,0.7821742,0.19554355,1.0,1.0
568,2.84,preference_clipping,0.036737946018661205,0.8985212407047891,7.658381337131017e-12,4.1015002341251744e-14,0.0,0.0,0.28891858220095357,0.8108404,0.2027101,1.0,1.0
569,2.845,preference_clipping,0.029455565764280323,0.8985371468726799,7.657998561661598e-12,4.1007305524138496e-14,0.0,0.0,0.2889191008850824,0.7867970000000001,0.19669925000000002,1.0,1.0
570,2.85,preference_clipping,0.029768787435102695,0.8985527506460658,7.6598173786228e-12,4.1027821190923566e-14,0.0,0.0,0.2889196073852797,0.7763994,0.19409985,1.0,1.0
571,2.855,preference_clipping,0.030104813086850868,0.8985680518675762,7.658277418948907e-12,4.1014610242979196e-14,0.0,0.0,0.2889201019316939,0.7761068,0.1940267,1.0,1.0
572,2.86,preference_clipping,0.03848712459841863,0.8985830511651937,7.656566801431972e-12,4.102612398585957e-14,0.0,0.0,0.2889205847633737,0.8032699999999999,0.20081749999999998,1.0,1.0
573,2.865,preference_clipping,0.038929259815745354,0.8985977494157528,7.658005390954998e-12,4.100046505414407e-14,0.0,0.0,0.2889210561043223,0.8007694000000001,0.20019235000000002,1.0,1.0
574,2.87,preference_clipping,0.03104944079623806,0.8986121481644362,7.657767049285511e-12,4.106600025516723e-14,0.0,0.0,0.2889215161864518,0.7918504,0.1979626,1.0,1.0
575,2.875,preference_clipping,0.03136784165747031,0.8986262495911496,7.657526175424158e-12,4.103830702410989e-14,0.0,0.0,0.2889219652499948,0.7774833999999999,0.19437084999999998,1.0,1.0
576,2.88,preference_clipping,0.031679453504906974,0.8986400559573129,7.660764334937889e-12,4.104713989270211e-14,0.0,0.0,0.28892240351892917,0.7811022,0.19527555,1.0,1.0
577,2.8850000000000002,preference_clipping,0.03195407827227825,0.8986535699633567,7.659617709433239e-12,4.104405665305005e-14,0.0,0.0,0.2889228312199891,0.7835008,0.1958752,1.0,1.0
578,2.89,preference_clipping,0.04093241301461603,0.898666794716763,7.657385593682596e-12,4.1046617012460244e-14,0.0,0.0,0.28892324858273155,0.8045346,0.20113365,1.0,1.0
579,2.895,preference_clipping,0.041307401943413424,0.8986797332659215,7.658535916399233e-12,4.10129662693455e-14,0.0,0.0,0.2889236558190181,0.8016972,0.2004243,1.0,1.0
580,2.9,preference_clipping,0.041686737135565866,0.28406646970826654,7.658893947210248e-12,4.6309525569320496e-14,0.0,0.0,0.28374350453285724,0.7277134,0.18192835,1.0,1.0
581,2.9050000000000002,preference_clipping,0.04216879585875103,0.3444198441428924,7.655898883802334e-12,5.341253614496644e-14,0.0,0.0,0.28431596706024614,0.7123262,0.17808155,1.0,1.0
582,2.91,preference_clipping,0.042084755569170434,0.4067823903357849,7.660535710325612e-12,5.678964049975698e-14,0.0,0.0,0.2848885931637655,0.7311318,0.18278295,1.0,1.0
583,2.915,finite_support,0.033551670602074354,1.0,5.567973976139191e-09,3.2195329488479364e-09,0.0,0.0,0.2898679606061863,0.8718657999999999,0.21796644999999998,1.0,1.0
584,2.92,preference_clipping,0.0439288756307818,0.5380423275128314,7.650235230219917e-12,7.448270115941638e-14,0.0,0.0,0.2860351315162143,0.7130896,0.1782724,1.0,1.0
585,2.9250000000000003,finite_support,0.034069404914129596,1.0,5.600094822230639e-09,3.2466077973769593e-09,0.0,0.0,0.2898370845248377,0.8684934,0.21712335,1.0,1.0
586,2.93,preference_clipping,0.03776701226668871,0.6788678195056048,7.65795023849199e-12,7.75987448241372e-14,0.0,0.0,0.28718394847531453,0.7079058,0.17697645,1.0,1.0
587,2.935,preference_clipping,0.03708790447675524,0.7532454528551916,7.657618835491723e-12,8.278724963326023e-14,0.0,0.0,0.2877595806104578,0.7073348,0.1768337,1.0,1.0
588,2.94,preference_clipping,0.037425620231030174,0.8304904267441765,7.650039641734189e-12,9.312722940835625e-14,0.0,0.0,0.2883362088052673,0.709503,0.17737575,1.0,1.0
589,2.945,preference_clipping,0.0348647794169398,0.8871812282115709,7.655563079471633e-12,1.8725454060330264e-15,0.0,0.0,0.2888268386125533,0.716925,0.17923125,1.0,1.0
590,2.95,preference_clipping,0.037802933357052586,0.9298234435028693,7.640092293174426e-12,4.0847738529634933e-14,0.0,0.0,0.2892592764317868,0.7393654000000001,0.18484135000000002,1.0,1.0
591,2.955,preference_clipping,0.035306114401498966,0.9742792721884617,7.656070477533533e-12,8.116749084641092e-15,0.0,0.0,0.28969272934907536,0.7308494,0.18271235,1.0,1.0
592,2.96,style_clipping,0.037921005839868696,0.9999999994019398,2.0789957817681753e-08,2.6231107380089375e-08,0.0,0.0,0.2951122670585762,0.769941,0.19248525,0.0,1.0
593,2.965,style_clipping,0.038344420694423766,0.9999999901570553,2.594501767910737e-07,4.297046680306469e-07,0.0,0.0,0.2956341068375702,0.7522555999999999,0.18806389999999998,0.0,1.0
594,2.97,style_clipping,0.03541592646320174,0.9999999999934694,2.6957559950988024e-08,1.3781589444629225e-08,0.0,0.0,0.2961979468816562,0.7527728,0.1881932,0.0,1.0
595,2.975,preference_clipping,0.031957717796330935,0.9999999999999998,7.654176357967856e-12,1.2606097165291553e-14,0.0,0.0,0.29167007317595983,0.7548046,0.18870115,1.0,1.0
596,2.98,preference_clipping,0.03898877514735283,0.9999980153887013,3.8765155612329784e-05,5.5432501602913055e-05,0.0,0.0,0.28552076609588517,0.733853,0.18346325,1.0,0.0
597,2.985,finite_support,0.031609400714976324,1.0,3.36543584504492e-08,2.101816516879179e-08,0.0,0.0,0.2982509404800651,0.7300978,0.18252445,0.0,1.0
598,2.99,finite_support,0.039369840627833386,0.9999963241792279,4.187029205866898e-05,6.25710728977634e-05,0.0,0.0,0.29329429732825796,0.7515845999999999,0.18789614999999998,0.0,0.0
599,2.995,finite_support,0.03985101977533131,0.9999958221327362,4.016244914408996e-05,6.24496659749318e-05,0.0,0.0,0.29383615104088917,0.7578222,0.18945555,0.0,0.0
600,3.0,finite_support,0.030027214108175812,1.0,3.971607753053536e-08,2.840749592568365e-08,0.0,0.0,0.2993468804947977,0.737097,0.18427425,0.0,1.0
601,3.005,finite_support,0.02865200310488798,1.0,3.4115356262689626e-08,2.281715290557533e-08,0.0,0.0,0.29995372275948856,0.7462242,0.18655605,0.0,1.0
602,3.0100000000000002,style_clipping,0.005559331097413408,0.999999997181582,5.654350556874918e-08,1.4141565071575594e-07,0.0,0.0,0.3005559869366497,0.7352758,0.18381895,0.0,1.0
603,3.015,finite_support,0.020419392249922032,1.0,6.178689196741314e-08,8.196477726500497e-08,0.0,0.0,0.30121333250750093,0.7635649999999999,0.19089124999999998,0.0,1.0
604,3.02,finite_support,0.02102174219474704,1.0,7.634348167584204e-12,4.489443985516525e-14,0.0,0.0,0.2963304970142459,0.7443888,0.1860972,1.0,1.0
605,3.025,preference_clipping,0.05318708466543493,0.9999999978344143,7.33962858079977e-08,3.4145798589474066e-08,0.0,0.0,0.30173485932240796,0.8100388,0.2025097,1.0,1.0
606,3.0300000000000002,finite_support,0.014628020810706494,1.0,7.626925385189028e-12,5.1992591668896324e-14,0.0,0.0,0.2973995981361169,0.7434132,0.1858533,1.0,1.0
607,3.035,preference_clipping,0.04165881776910588,0.9999999998656837,1.168269454514409e-08,4.642422032300583e-09,0.0,0.0,0.2994402524799595,0.8202381999999999,0.20505954999999998,1.0,1.0
608,3.04,finite_support,0.04706056949839964,1.0,7.620131281373615e-12,8.568901862535442e-16,0.0,0.0,0.29849198961662804,0.7549188,0.1887297,1.0,1.0
609,3.045,preference_clipping,0.042022519578660544,0.9999999999999997,7.615935393861425e-12,5.783544134460061e-15,0.0,0.0,0.29907295973006803,0.7609560000000001,0.19023900000000002,1.0,1.0
610,3.0500000000000003,finite_support,0.007277000741356607,1.0,7.61206119000735e-12,1.2657702714082582e-14,0.0,0.0,0.29965804335907914,0.7797456,0.1949364,1.0,1.0
611,3.055,finite_support,0.006361136216295055,1.0,7.604682907610416e-12,1.896718503194235e-14,0.0,0.0,0.3002481488807935,0.7818978,0.19547445,1.0,1.0
612,3.06,preference_clipping,0.03494614745827963,0.9999999999999994,7.59869021596981e-12,5.9935999006284005e-15,0.0,0.0,0.30124143489943306,0.746012,0.186503,1.0,1.0
613,3.065,finite_support,0.004107797766219126,1.0,7.59240585352935e-12,1.1812700103836315e-14,0.0,0.0,0.3023967548905767,0.752991,0.18824775,1.0,1.0
614,3.0700000000000003,finite_support,0.0049494791945492445,1.0,7.587564064689785e-12,1.8679484346123315e-14,0.0,0.0,0.3035619755031223,0.7150696,0.1787674,1.0,1.0
615,3.075,finite_support,0.013438193457581283,1.0,7.580453497187313e-12,2.567572462019985e-14,0.0,0.0,0.30473752512386526,0.7387222,0.18468055,1.0,1.0
616,3.08,preference_clipping,0.019174219410302267,0.9999999999999997,7.574202851968834e-12,3.281095438608892e-14,0.0,0.0,0.3059238519700497,0.7557583999999999,0.18893959999999999,1.0,1.0
617,3.085,finite_support,0.03622380954221294,1.0,7.56464823535625e-12,3.99282851632366e-14,0.0,0.0,0.30712141651727354,0.7790421999999999,0.19476054999999998,1.0,1.0
618,3.09,finite_support,0.026538685975901512,1.0,7.55785864297164e-12,4.714409424920732e-14,0.0,0.0,0.30833069186125933,0.7208844,0.1802211,1.0,1.0
619,3.095,finite_support,0.044897693302439236,1.0,7.548957301125468e-12,5.4567603720405825e-14,0.0,0.0,0.30955216413699205,0.732795,0.18319875,1.0,1.0
620,3.1,finite_support,0.034639783261843776,1.0,7.53495341923567e-12,8.205986508370296e-15,0.0,0.0,0.3102296582881686,0.7696845999999999,0.19242114999999999,1.0,1.0
621,3.105,style_clipping,0.041319013480340706,0.9999999829598349,7.63019429131134e-08,5.7207914151777965e-08,0.0,0.0,0.3099662421312104,0.7595054,0.18987635,0.0,1.0
622,3.11,style_clipping,0.04974114109425505,0.9999999844339902,6.22344723508285e-08,4.0104491482560355e-08,0.0,0.0,0.3101344152788797,0.7503842,0.18759605,0.0,1.0
623,3.115,finite_support,0.02601148927868814,1.0,7.505051433525052e-12,5.004651625172449e-14,0.0,0.0,0.31119856187698636,0.7584192,0.1896048,1.0,1.0
624,3.12,preference_clipping,0.026535657102633864,0.9999999999999994,7.492826348727807e-12,6.427455511024771e-14,0.0,0.0,0.3115347753524975,0.756031,0.18900775,1.0,1.0
625,3.125,finite_support,0.03180412834133395,1.0,7.0522412356637376e-12,7.869806532240198e-14,0.0,0.0,0.3118781838454001,0.7599162,0.18997905,1.0,1.0
626,3.13,finite_support,0.0028872682023006746,1.0,7.058498907552604e-12,9.335339366895868e-14,0.0,0.0,0.31222914976682187,0.7483664,0.1870916,1.0,1.0
627,3.1350000000000002,finite_support,0.09411536244351842,1.0,7.062159130432876e-12,1.081769780830674e-13,0.0,0.0,0.3125880487768265,0.753925,0.18848125,1.0,1.0
628,3.14,finite_support,0.010645634677605709,1.0,7.0696840991476766e-12,1.2310872848813508e-13,0.0,0.0,0.3129552700910225,0.7696626,0.19241565,1.0,1.0
629,3.145,finite_support,0.006379744519127706,1.0,7.076010384894223e-12,1.381906377036915e-13,0.0,0.0,0.3133312170302603,0.7726582000000001,0.19316455000000002,1.0,1.0
630,3.15,preference_clipping,0.029102796767540434,0.9999999999999997,7.082400279921415e-12,1.5371513016414093e-13,0.0,0.0,0.313716307260774,0.7725662,0.19314155,1.0,1.0
631,3.1550000000000002,finite_support,0.015376144801848568,1.0,7.091008508190787e-12,2.6832622876076134e-15,0.0,0.0,0.31413915463081193,0.7448358,0.18620895,1.0,1.0
632,3.16,finite_support,0.014193490610256432,1.0,7.100179648733566e-12,1.612085311662204e-14,0.0,0.0,0.31468072857965945,0.7747801999999999,0.19369504999999998,1.0,1.0
633,3.165,finite_support,0.013453270832422537,1.0,7.104773388206969e-12,0.014287258776436816,0.0,0.0,0.3134254633169939,0.7611826,0.19029565,1.0,1.0
634,3.17,finite_support,0.025040001539258783,1.0,7.1145747301437075e-12,1.2724834164592881e-14,0.0,0.0,0.3170556942083887,0.7546463999999999,0.18866159999999998,1.0,1.0
635,3.1750000000000003,finite_support,0.061915295058913994,1.0,7.124256162640206e-12,0.027476088804084055,0.0,0.0,0.31289527399286965,0.757141,0.18928525,1.0,1.0
636,3.18,preference_clipping,0.015858484566765724,0.9999999999999756,7.132618553213588e-12,6.677660690608268e-14,0.0,0.0,0.32082137057408194,0.7403132,0.1850783,1.0,1.0
637,3.185,finite_support,0.013564889153345333,1.0,7.1435456373871004e-12,0.04091211504973892,0.0,0.0,0.3123813636324973,0.7680314,0.19200785,1.0,1.0
638,3.19,finite_support,0.06854513375084345,1.0,7.153324352796065e-12,0.03270373518432716,0.0,0.0,0.31498804240746847,0.7340714,0.18351785,1.0,1.0
639,3.1950000000000003,finite_support,0.017873584947161736,1.0,7.1622830106090225e-12,0.05460886429727185,0.0,0.0,0.3118849561007681,0.7448678,0.18621695,1.0,1.0
640,3.2,finite_support,0.012349625944270415,1.0,7.175060160992912e-12,0.056969441493234234,0.0,0.0,0.31186639486146184,0.7426216,0.1856554,1.0,1.0
641,3.205,preference_clipping,0.029222362810804592,0.0,7.186580208623583e-12,1.3306987470639313e-13,0.0,0.0,0.3251941705050965,0.6474456000000001,0.16186140000000002,1.0,1.0
642,3.21,finite_support,0.020758969977024977,1.0,7.199062964114534e-12,0.06194491012560183,0.0,0.0,0.31182990540635913,0.7530131999999999,0.18825329999999998,1.0,1.0
643,3.215,finite_support,0.026090667148460922,1.0,7.2090523044952856e-12,0.05966450466179056,0.0,0.0,0.31248081014358303,0.7604812,0.1901203,1.0,1.0
644,3.22,preference_clipping,0.0239933533978387,0.9999999999999982,7.2141155972430735e-12,0.06726391220178507,0.0,0.0,0.31179479872791843,0.7671678,0.19179195,1.0,1.0
645,3.225,preference_clipping,0.025074179061182478,0.0,7.236228616738567e-12,2.2450297691704214e-13,0.0,0.0,0.3260411569854968,0.6398274,0.15995685,1.0,1.0
646,3.23,finite_support,0.00442900644544858,1.0,7.2494652329314034e-12,0.0729320514460587,0.0,0.0,0.31176177331585647,0.7468774,0.18671935,1.0,1.0
647,3.235,preference_clipping,0.03627367787650132,0.9999999999999976,7.265209749951815e-12,0.0758988709099093,0.0,0.0,0.3117462726294425,0.7649798,0.19124495,1.0,1.0
648,3.24,preference_clipping,0.011096496790007071,0.9999999999999954,7.279469753524447e-12,0.0789551915228782,0.0,0.0,0.3117315772962479,0.7511738,0.18779345,1.0,1.0
649,3.245,finite_support,0.07733017646366358,1.0,7.292582197681902e-12,0.08210177995538462,0.0,0.0,0.3117177890947928,0.7497590000000001,0.18743975000000002,1.0,1.0
650,3.25,finite_support,0.002106137486634907,1.0,7.31220777605026e-12,0.08533941395942592,0.0,0.0,0.3117050128798278,0.7743976,0.1935994,1.0,1.0
651,3.255,preference_clipping,0.01776702326927726,0.0,6.7987085337157826e-12,0.047544059747008,0.0,0.0,0.32344932378479613,0.6213102,0.15532755,1.0,1.0
652,3.2600000000000002,finite_support,0.0664943484605593,1.0,6.752149420359664e-12,0.0920909774176975,0.0,0.0,0.3116829307281675,0.736524,0.184131,1.0,1.0
653,3.265,preference_clipping,0.026534645487796826,0.0,6.70542126699649e-12,4.550792366229552e-13,0.0,0.0,0.3281453007034119,0.6255204,0.1563801,1.0,1.0
654,3.27,preference_clipping,0.0040893047845505515,0.9999999999999994,6.656120737397893e-12,0.0992162745485912,0.0,0.0,0.31166622825631357,0.7463004,0.1865751,1.0,1.0
655,3.275,finite_support,0.0022965259468404886,1.0,6.604751956155791e-12,0.08666117953570618,0.0,0.0,0.3153069525192246,0.7284508,0.1821127,1.0,1.0
656,3.2800000000000002,preference_clipping,0.03417231428382017,0.9999999999999987,6.5516529869779294e-12,0.10672178634953831,0.0,0.0,0.31165584714036276,0.7378686,0.18446715,1.0,1.0
657,3.285,preference_clipping,0.02642371187307202,0.9999999999999998,6.497923428452432e-12,0.11061916004537571,0.0,0.0,0.3116533328098603,0.7669113999999999,0.19172784999999998,1.0,1.0
658,3.29,preference_clipping,0.06485404600506395,0.9999999999999976,6.439553895548666e-12,0.11461403233007043,0.0,0.0,0.31165277062512753,0.7705142,0.19262855,1.0,1.0
659,3.295,preference_clipping,0.024149983401944297,0.9999999999999974,6.3811604399782344e-12,0.11870721521917044,0.0,0.0,0.3116542895013973,0.7659076,0.1914769,1.0,1.0
660,3.3000000000000003,preference_clipping,0.012253300804565548,0.9999999999999998,6.319496941939299e-12,0.12289951629140797,0.0,0.0,0.31165802059374687,0.7509471999999999,0.18773679999999998,1.0,1.0
661,3.305,finite_support,0.016104392168772574,1.0,6.254957114741904e-12,0.1271917365071452,0.0,0.0,0.3116640971752326,0.7482202,0.18705505,1.0,1.0
662,3.31,preference_clipping,0.015217081414387046,0.0,6.1930632023118205e-12,8.005709080093424e-13,0.0,0.0,0.33126350441104485,0.636483,0.15912075,1.0,1.0
663,3.315,finite_support,0.011638762306351302,1.0,6.1222856814583945e-12,0.1289306704015868,0.0,0.0,0.3129021236769437,0.7614569999999999,0.19036424999999998,1.0,1.0
664,3.3200000000000003,finite_support,0.05936328234534827,1.0,6.052917554668593e-12,0.14067577910141976,0.0,0.0,0.31169776214425726,0.7665248,0.1916312,1.0,1.0
665,3.325,finite_support,0.02084812084253429,1.0,5.978951939715557e-12,0.13763067060334266,0.0,0.0,0.31306429709127903,0.757201,0.18930025,1.0,1.0
666,3.33,finite_support,0.09285598522729144,1.0,5.904600360515661e-12,0.2140725917023051,0.0,0.0,0.30444349421995387,0.744433,0.18610825,1.0,1.0
667,3.335,preference_clipping,0.028867187112924242,0.0,5.8255172170463454e-12,1.0370937084651789e-12,0.0,0.0,0.3333880698382206,0.6421176000000001,0.16052940000000002,1.0,1.0
668,3.34,preference_clipping,0.048710478359192955,0.9999999999997992,5.512470359119098e-12,0.14283142570452237,0.0,0.0,0.3158424670001024,0.7886306,0.19715765,1.0,1.0
669,3.345,preference_clipping,0.039504412545007805,0.0,5.100218064878349e-05,0.16542717185743022,0.0,0.0,0.3059123660950335,0.9190328,0.2297582,1.0,0.0
670,3.35,solver_5ms,0.07548565171371091,0.9999999940951747,5.0129964989783e-07,4.216946607378799e-08,0.0,0.0,0.2911553604130126,1.030139,0.25753475,1.0,1.0
671,3.355,preference_clipping,0.05734034150273182,0.9999999999999997,5.489531614054851e-12,0.17577658360313345,0.0,0.0,0.3118844817224141,0.7448598,0.18621495,1.0,1.0
672,3.36,preference_clipping,0.11387880083368884,0.0,4.379521321798217e-08,0.1735179865439286,0.0,0.0,0.30504479679022906,0.8330023999999999,0.20825059999999998,1.0,1.0
673,3.365,preference_clipping,0.0909858230424554,0.0,5.304465534245266e-12,0.14763089768628487,0.0,0.0,0.3237228774877284,0.6306698000000001,0.15766745000000001,1.0,1.0
674,3.37,solver_5ms,0.019802822662923214,0.9999846470763287,0.00014010725220014395,0.1926144247972995,0.0,0.0,0.3157304434979429,1.4478202,0.36195505,1.0,1.0
675,3.375,preference_clipping,0.039595309062750994,0.9999999999999948,5.112111492425017e-12,0.19818761287869593,0.0,0.0,0.3120741697605141,0.7389646,0.18474115,1.0,1.0
676,3.38,finite_support,0.06316173820943016,1.0,5.009661760037717e-12,0.20406301223949844,0.0,0.0,0.31213251677818943,0.7385457999999999,0.18463644999999998,1.0,1.0
677,3.3850000000000002,finite_support,0.03533498940493096,1.0,4.905957306217903e-12,0.20022416059195078,0.0,0.0,0.3139801987711203,0.7474306,0.18685765,1.0,1.0
678,3.39,preference_clipping,0.005991296347929165,0.0,4.799633835886745e-12,0.1769310477741117,0.0,0.0,0.32413380356176136,0.628059,0.15701475,1.0,1.0
679,3.395,finite_support,0.026853092666145884,1.0,4.690274765642715e-12,0.19160637019250545,0.0,0.0,0.3206716593806187,0.745056,0.186264,1.0,1.0
680,3.4,finite_support,0.0015784689527675866,1.0,4.577845847010918e-12,0.21062418910006628,0.0,0.0,0.31655791963628055,0.7504884,0.1876221,1.0,1.0
681,3.4050000000000002,preference_clipping,0.006688930659359826,0.0,4.464322587883897e-12,0.19567356322763746,0.0,0.0,0.3244752539002865,0.6365372,0.1591343,1.0,1.0
682,3.41,preference_clipping,0.0946293550463384,0.999999999999999,4.347871694848212e-12,0.24162816669876433,0.0,0.0,0.3125859953716179,0.7625412,0.1906353,1.0,1.0
683,3.415,finite_support,0.08172265850148186,1.0,4.229201810830757e-12,0.24827529089744993,0.0,0.0,0.3126802143329481,0.7618238,0.19045595,1.0,1.0
684,3.42,finite_support,0.01774083102645818,1.0,4.106563475083462e-12,0.2376281607511876,0.0,0.0,0.3165636044602307,0.7656649999999999,0.19141624999999998,1.0,1.0
685,3.4250000000000003,preference_clipping,0.006082638386029071,0.0,3.98492271764619e-12,0.22198458319589218,0.0,0.0,0.32506067034203084,0.6231518,0.15578795,1.0,1.0
686,3.43,preference_clipping,0.01381215740739461,0.9999999999999941,3.854887631387756e-12,0.25922499227513085,0.0,0.0,0.3146241825899891,0.7600464,0.1900116,1.0,1.0
687,3.435,finite_support,0.006903054777102069,1.0,3.728322701006352e-12,0.34758316580120646,0.0,0.0,0.30392672004091936,0.7424774000000001,0.18561935000000002,1.0,1.0
688,3.44,preference_clipping,0.007712682402460924,0.0,3.597355078445312e-12,0.2426710097120742,0.0,0.0,0.3256112982225389,0.6369758,0.15924395,1.0,1.0
689,3.4450000000000003,finite_support,0.014582949778296772,1.0,3.4646360306376347e-12,0.26311409572538397,0.0,0.0,0.32026752441161166,0.7446394000000001,0.18615985000000002,1.0,1.0
690,3.45,finite_support,0.08287636688031341,1.0,3.331540321945859e-12,0.36693622039147883,0.0,0.0,0.30444329348299365,0.7495026,0.18737565,1.0,1.0
691,3.455,finite_support,0.013277662302968452,1.0,3.1962680853663674e-12,0.3054127836067522,0.0,0.0,0.3136525017315015,0.7679994,0.19199985,1.0,1.0
692,3.46,finite_support,0.06730200468110792,1.0,3.05893548701769e-12,0.31449147579270725,0.0,0.0,0.3138035599142459,0.7419182,0.18547955,1.0,1.0
693,3.465,preference_clipping,0.05052263191140938,0.9999999999999994,2.923185446710713e-12,0.32377867065581345,0.0,0.0,0.31396166628421707,0.7397442,0.18493605,1.0,1.0
694,3.47,preference_clipping,0.013809448029533655,0.9999999999999997,2.7817795076248297e-12,0.32017379767633947,0.0,0.0,0.3163442460668786,0.7679234,0.19198085,1.0,1.0
695,3.475,finite_support,0.019712616261546856,1.0,2.64306729777061e-12,0.4084466159841709,0.0,0.0,0.3055165396715891,0.7833384,0.1958346,1.0,1.0
696,3.48,preference_clipping,0.019731314759158236,0.9999999999999994,2.5050966933075975e-12,0.3175772582712083,0.0,0.0,0.323409446949877,0.6933264,0.1733316,1.0,1.0
697,3.485,finite_support,0.012522605175036006,1.0,2.3630018488020787e-12,0.4668623936160563,0.0,0.0,0.2945809107070593,0.7752572,0.1938143,1.0,1.0
698,3.49,finite_support,0.008981761341619876,1.0,2.223013727719759e-12,0.37345679053548647,0.0,0.0,0.3148631128348533,0.7660398,0.19150995,1.0,1.0
699,3.495,preference_clipping,0.0164088589937883,0.9999947798371724,0.00010648280840880972,0.44622951263952293,0.0,0.0,0.2995758188275064,0.771462,0.1928655,1.0,0.0
700,3.5,finite_support,0.010961379113411107,1.0,1.943633519560999e-12,0.49621448845464905,0.0,0.0,0.29533801952478744,0.7849876,0.1962469,1.0,1.0
701,3.505,finite_support,0.01129405137120787,0.9999860033558116,5.0957836652545286e-05,0.5064093165635716,0.0,0.0,0.29085130881856325,0.7729188,0.1932297,0.0,0.0
702,3.5100000000000002,solver_5ms,0.01727083476232849,0.999599863318904,0.00017489282717933534,0.38803710867534646,0.0,0.0,0.32819746355157214,1.0324472,0.2581118,1.0,1.0
703,3.515,preference_clipping,0.04115173757313073,0.9999999999999994,1.5332084683495204e-12,0.4062534920220812,0.0,0.0,0.32001032894967796,0.7616194000000001,0.19040485000000001,1.0,1.0
704,3.52,finite_support,0.011001541344590748,1.0,1.3977100924562747e-12,0.4406221090220141,0.0,0.0,0.3162097446377059,0.7397942,0.18494855,1.0,1.0
705,3.525,finite_support,0.036814576387378395,1.0,1.266311806162858e-12,0.41236722831770595,0.0,0.0,0.32550514236557865,0.6786565999999999,0.16966414999999999,1.0,1.0
706,3.5300000000000002,finite_support,0.048011945634474085,1.0,1.1371306625120285e-12,0.4649438744289337,0.0,0.0,0.3167291289962742,0.7551912000000001,0.18879780000000002,1.0,1.0
707,3.535,preference_clipping,0.05179768836072185,0.9999999999999994,1.0075352970959935e-12,0.47747898687129287,0.0,0.0,0.31700305170681026,0.7469738,0.18674345,1.0,1.0
708,3.54,preference_clipping,0.004163655531463917,0.9999999999999994,8.842694010330833e-13,0.5825979406192283,0.0,0.0,0.29804739595312923,0.7878028,0.1969507,1.0,1.0
709,3.545,preference_clipping,0.013690526490250932,0.9999999999999997,7.650855052680981e-13,0.5033084791861644,0.0,0.0,0.3175807802824544,0.7688472,0.1922118,1.0,1.0
710,3.5500000000000003,preference_clipping,0.018380684127516922,0.9999999999999948,6.44051571676036e-13,0.48257362317151103,0.0,0.0,0.3242582224464922,0.757133,0.18928325,1.0,1.0
711,3.555,finite_support,0.026360580385187404,1.0,5.331567845624171e-13,0.5771197842428905,0.0,0.0,0.31140042251646277,0.7736602,0.19341505,1.0,1.0
712,3.56,finite_support,0.02141144483935875,1.0,4.220376797936864e-13,0.56468106471216,0.0,0.0,0.31551167869147045,0.7436554,0.18591385,1.0,1.0
713,3.565,finite_support,0.005397193282574708,1.0,3.165922157662861e-13,0.5687788998068569,0.0,0.0,0.3129159464652785,0.7408822,0.18522055,1.0,1.0
714,3.5700000000000003,finite_support,0.005261993683662591,1.0,9.823924030728742e-13,0.4771702633971713,0.0,0.0,0.320070531053499,0.7558703999999999,0.18896759999999999,1.0,1.0
715,3.575,preference_clipping,0.02595103442033786,0.7312656912349029,5.679587651809863e-13,0.15497341805620718,0.0,0.0,0.349021726851018,0.6778912,0.1694728,1.0,1.0
716,3.58,style_clipping,0.11655866549720173,0.9999999484099596,6.735328800610347e-08,0.3792338728142123,0.0,0.0,0.3247914004670234,0.7621804,0.1905451,0.0,1.0
717,3.585,finite_support,0.0017476622471250536,1.0,2.324114980679739e-13,0.330531801210495,0.0,0.0,0.32300470457723424,0.7494404,0.1873601,1.0,1.0
718,3.59,preference_clipping,0.0077686995725301244,0.9999999999999991,6.096127795274055e-13,0.2820493774837658,0.0,0.0,0.3240492198146042,0.7522438,0.18806095,1.0,1.0
719,3.595,preference_clipping,0.005690814844101083,0.0,9.68738616876059e-13,2.0971664260534872e-12,0.0,0.0,0.3552101038250427,0.638641,0.15966025,1.0,1.0
720,3.6,preference_clipping,0.012115502318835875,0.9999999999999994,2.505780365569048e-13,0.185894512665053,0.0,0.0,0.3262644726314858,0.7622726,0.19056815,1.0,1.0
721,3.605,preference_clipping,0.0022227353312954945,0.9999999999999994,3.0913251235809137e-13,0.1267853625899891,0.0,0.0,0.3296782759784119,0.7347768,0.1836942,1.0,1.0
722,3.61,finite_support,0.052313204668748975,1.0,3.602779911682854e-13,0.09146262732587875,0.0,0.0,0.32759582306055335,0.7177706,0.17944265,1.0,1.0
723,3.615,finite_support,0.0062534311062734105,1.0,4.069890492806929e-13,0.02218408119028842,0.0,0.0,0.3344232575407736,0.7594894,0.18987235,1.0,1.0
724,3.62,finite_support,0.05078706621919338,1.0,4.514676619764405e-13,2.24056443626149e-15,0.0,0.0,0.3274272619159494,0.7684181999999999,0.19210454999999999,1.0,1.0
725,3.625,finite_support,0.00976787262185752,1.0,4.89609518741456e-13,2.4665073126203193e-14,0.0,0.0,0.31492063500358797,0.7835848,0.1958962,1.0,1.0
726,3.63,style_clipping,0.07060983631557854,0.8150563466895904,2.6278056474006225e-08,3.354153145875633e-08,0.0,0.0,0.3109227230459015,0.7973952,0.1993488,0.0,1.0
727,3.6350000000000002,preference_clipping,0.009424331595068308,0.0,5.920642355360528e-13,1.1273264536711452e-13,0.0,0.0,0.29799262437556956,0.83495,0.2087375,1.0,1.0
728,3.64,preference_clipping,0.05010374617368113,0.0,5.785873092924257e-13,7.792770203749864e-15,0.0,0.0,0.2887270486513046,0.7727706,0.19319265,1.0,1.0
729,3.645,solver_5ms,0.012459877574144684,0.0,2.3991342309735595e-05,0.00011192491111907242,0.0,0.0,0.2773294245922389,0.697434,0.1743585,0.0,0.0
730,3.65,solver_5ms,0.012124501402865917,0.0,2.957776674313603e-05,7.830787796458193e-05,0.0,0.0,0.27017799929027764,0.6929976,0.1732494,0.0,0.0
731,3.6550000000000002,solver_5ms,0.02554840106833156,0.0,1.4550105802223122e-05,3.242427630722621e-05,0.0,0.0,0.2629494760458746,0.6978287999999999,0.17445719999999998,0.0,0.0
732,3.66,solver_5ms,0.022427398826962985,0.0,2.7574830672067688e-05,4.5048209877127836e-05,0.0,0.0,0.25562608646885776,0.6835760000000001,0.17089400000000002,0.0,0.0
733,3.665,solver_5ms,0.01564454399360926,0.0,1.4225537583835867e-05,5.45163192732217e-05,0.0,0.0,0.2482586560417007,0.688365,0.17209125,0.0,0.0
734,3.67,solver_5ms,0.0034155877616254965,0.0,4.82964686687636e-06,3.877151651034155e-05,0.0,0.0,0.24081950652930487,0.7109136,0.1777284,0.0,0.0
735,3.6750000000000003,solver_5ms,0.014625811672885902,0.0,1.5293846386483185e-05,7.957861166220787e-05,0.0,0.0,0.23330474995447809,0.692597,0.17314925,0.0,0.0
736,3.68,solver_5ms,0.014577739015919633,0.0,1.3181195184236086e-05,6.276597905696658e-05,0.0,0.0,0.22574765655054035,0.6983497999999999,0.17458744999999998,0.0,0.0
737,3.685,solver_5ms,0.03895522747150541,0.0,1.0067873618242633e-05,4.8417115538217774e-05,0.0,0.0,0.2181302743929865,0.706433,0.17660825,0.0,0.0
738,3.69,solver_5ms,0.014086365407450785,0.0,1.2681560220111328e-05,4.839422192358323e-05,0.0,0.0,0.21046856682684542,0.7051668,0.1762917,0.0,0.0
739,3.6950000000000003,solver_5ms,0.012988229936006235,0.0,1.727765375023558e-05,4.7437031923669634e-05,0.0,0.0,0.20275267473579728,0.705327,0.17633175,0.0,0.0
740,3.7,solver_5ms,0.005383071766118519,0.0,5.435122217406366e-06,2.5338409781023205e-05,0.0,0.0,0.19500403557360685,0.7113484,0.1778371,0.0,0.0
741,3.705,solver_5ms,0.01883004070593955,0.0,2.991285481584929e-06,1.2038204081352924e-05,0.0,0.0,0.1872216334246021,0.6769334,0.16923335,0.0,0.0
742,3.71,solver_5ms,0.007550887833832759,0.0,1.2566776850572031e-06,7.421125086039719e-06,0.0,0.0,0.1802665097661331,0.6965706,0.17414265,0.0,0.0
743,3.715,solver_5ms,0.014323347217494453,0.0,3.848700901374572e-06,9.193123910068028e-06,0.0,0.0,0.18767525451153166,0.665624,0.166406,0.0,0.0
744,3.72,solver_5ms,0.02451096156553742,0.0,3.6658201817653044e-06,8.415993213111963e-06,0.0,0.0,0.19503025249460135,0.6697458,0.16743645,0.0,0.0
745,3.725,solver_5ms,0.01388512915756479,0.0,3.3415680884370633e-06,2.1897281169838155e-05,0.0,0.0,0.20232764015178445,0.6900462,0.17251155,0.0,0.0
746,3.73,solver_5ms,0.018455613968494655,0.0,3.842593287120682e-06,1.5986579368731077e-05,0.0,0.0,0.209575221249115,0.6865636,0.1716409,0.0,0.0
747,3.735,solver_5ms,0.004948575251829956,0.0,1.1307709711236115e-05,3.5181422836434236e-05,0.0,0.0,0.2167676140064518,0.6812576,0.1703144,0.0,0.0
748,3.74,solver_5ms,0.019728702005394894,0.0,1.5071004906224046e-05,2.703042263489453e-05,0.0,0.0,0.22391484643170717,0.68993,0.1724825,0.0,0.0
749,3.745,solver_5ms,0.025887983206782095,0.0,2.744649411519774e-05,4.180991893084428e-05,0.0,0.0,0.2310021339009253,0.6941478,0.17353695,0.0,0.0
750,3.75,solver_5ms,0.019605295165092684,0.0,1.076116805463759e-05,2.114819058292689e-05,0.0,0.0,0.2380576346782701,0.677248,0.169312,0.0,0.0
751,3.755,solver_5ms,0.010762494801613842,0.0,4.958445600741003e-06,2.0419257233334943e-05,0.0,0.0,0.2450729777477385,0.6816924,0.1704231,0.0,0.0
752,3.7600000000000002,solver_5ms,0.029365704312667162,0.0,7.685527984718009e-06,2.9676503960582248e-05,0.0,0.0,0.25203476210485964,0.6906171999999999,0.17265429999999998,0.0,0.0
753,3.765,solver_5ms,0.007140149842904675,0.0,2.8278291145807556e-05,5.690409649023058e-05,0.0,0.0,0.25896531906663456,0.6829028,0.1707257,0.0,0.0
754,3.77,solver_5ms,0.03040710300737659,0.0,1.5442239221696237e-05,7.748301740490918e-05,0.0,0.0,0.26587504489321045,0.6795042,0.16987605,0.0,0.0
755,3.775,solver_5ms,0.07289540637778202,0.0,1.001260012944888e-05,6.105607726771022e-05,0.0,0.0,0.27273354338082784,0.6811174,0.17027935,0.0,0.0
756,3.7800000000000002,preference_clipping,0.025951190675554958,0.0,2.8565967207441388e-05,8.049304650710655e-05,0.0,0.0,0.27952221615354883,0.7748503999999999,0.19371259999999998,1.0,0.0
757,3.785,preference_clipping,0.019147267105168453,0.0,1.849873082314108e-12,3.645026791993412e-14,0.0,0.0,0.2841930444694192,0.7082486,0.17706215,1.0,1.0
758,3.79,solver_5ms,0.013290152355363571,0.27696500087774767,2.664478084420482e-05,0.00010462729885250898,0.0,0.0,0.29609250002204973,0.738694,0.1846735,0.0,0.0
759,3.795,preference_clipping,0.032275112703955555,0.6568088100673037,2.4467335617574047e-12,3.997359888821234e-14,0.0,0.0,0.29984855334910837,0.7807978,0.19519945,1.0,1.0
760,3.8000000000000003,preference_clipping,0.02106350146385827,0.810496570014016,2.7700225633768117e-12,0.04039608164436445,0.0,0.0,0.30027080342724527,0.7319834,0.18299585,1.0,1.0
761,3.805,solver_5ms,0.05150434011572114,0.9999944601635351,1.8617386418398298e-05,0.0915223545132347,0.0,0.0,0.30188989799550026,1.0558276,0.2639569,0.0,1.0
762,3.81,preference_clipping,0.016404602676267643,0.9009020526567423,3.474858871496738e-12,0.14242867231084846,0.0,0.0,0.2976756773932698,0.7207502,0.18018755,1.0,1.0
763,3.815,preference_clipping,0.11666265453680325,0.0,3.848844761696478e-12,1.2068288333205553e-13,0.0,0.0,0.34203067101220286,0.617459,0.15436475,1.0,1.0
764,3.8200000000000003,preference_clipping,0.019069484880063214,0.0,4.231188496516553e-12,0.05917613229693158,0.0,0.0,0.3376064921035058,0.6198154,0.15495385,1.0,1.0
765,3.825,preference_clipping,0.039705173870974164,0.0,4.626397050286511e-12,0.11091755715498934,0.0,0.0,0.3351454553871516,0.6361562,0.15903905,1.0,1.0
766,3.83,preference_clipping,0.03827596625066709,0.9999999999999998,5.0251715255370185e-12,0.3140862931372456,0.0,0.0,0.2986266990767107,0.7311257999999999,0.18278144999999998,1.0,1.0
767,3.835,finite_support,0.01186753195714374,1.0,5.420154891114648e-12,0.3499540589112531,0.0,0.0,0.30161807701849985,0.7502742,0.18756855,1.0,1.0
768,3.84,finite_support,0.00970009818995754,1.0,5.81217340278344e-12,0.3945292229576703,0.0,0.0,0.3019052938670142,0.7711131999999999,0.19277829999999999,1.0,1.0
769,3.845,preference_clipping,0.03841423568129443,0.9999999999999994,6.191692906073891e-12,0.4141144442092458,0.0,0.0,0.3070990902251682,0.7800682,0.19501705,1.0,1.0
770,3.85,finite_support,0.03297882245067996,1.0,6.551182719231401e-12,0.5180557823461227,0.0,0.0,0.2935069903714992,0.7291380000000001,0.18228450000000002,1.0,1.0
771,3.855,preference_clipping,0.011525244647536681,0.9999999999999997,6.8848739035903045e-12,0.5391574473101014,0.0,0.0,0.29901536896498043,0.75341,0.1883525,1.0,1.0
772,3.86,finite_support,0.021500609972968654,1.0,7.1815899648158766e-12,0.6072864506149759,0.0,0.0,0.29293368891312865,0.726413,0.18160325,1.0,1.0
773,3.865,finite_support,0.020495646846363513,1.0,7.336858951826772e-12,0.6236133590193774,0.0,0.0,0.2926479922752551,0.7329612,0.1832403,1.0,1.0
774,3.87,preference_clipping,0.006355509521438485,0.9999999999999997,7.360540380036748e-12,0.5627861095844121,0.0,0.0,0.3033156617271349,0.7557022,0.18892555,1.0,1.0
775,3.875,finite_support,0.01658690962358378,1.0,7.366525476836704e-12,0.5999361925067521,0.0,0.0,0.29221276113087635,0.709978,0.1774945,1.0,1.0
776,3.88,preference_clipping,0.028708127541854367,0.9999999999999993,7.357523994761614e-12,0.5638650636151071,0.0,0.0,0.2987522861192706,0.8041136000000001,0.20102840000000002,1.0,1.0
777,3.8850000000000002,preference_clipping,0.018462742445990443,0.9999999999999997,7.326611462438666e-12,0.5758054649047214,0.0,0.0,0.2919565948346462,0.8150746,0.20376865,1.0,1.0
778,3.89,finite_support,0.045259107572803714,1.0,7.281645322511198e-12,2.298399816949067e-13,0.0,0.0,0.5312808288458835,0.7086954,0.17717385,1.0,1.0
779,3.895,preference_clipping,0.1182438119640139,0.0,7.216888617687438e-12,0.4130810295329767,0.0,0.0,0.3189117495076849,0.6762622,0.16906555,1.0,1.0
780,3.9,finite_support,0.014069834360086464,1.0,7.135881051914442e-12,0.5419246422186413,0.0,0.0,0.29181050155455573,0.7409863999999999,0.18524659999999998,1.0,1.0
781,3.9050000000000002,finite_support,0.018809487301041372,1.0,7.039737747706154e-12,0.5308152855096309,0.0,0.0,0.29181265917962396,0.8868502,0.22171255,1.0,1.0
782,3.91,finite_support,0.0402076399952378,1.0,6.930624187057248e-12,3.52273183484555e-12,0.0,0.0,0.4477054708010074,0.8470747999999999,0.21176869999999998,1.0,1.0
783,3.915,finite_support,0.04730993635043701,1.0,6.80867625200718e-12,0.5089789717891617,0.0,0.0,0.2918747765564167,0.8281954,0.20704885,1.0,1.0
784,3.92,preference_clipping,0.0747466505357508,0.9999999999999998,6.673274670950652e-12,0.49827605494395677,0.0,0.0,0.29192953804236005,0.7355602,0.18389005,1.0,1.0
785,3.9250000000000003,preference_clipping,0.06754063835989754,0.9999999999999998,6.527793435380813e-12,0.4720955870851917,0.0,0.0,0.29607291543653486,0.7507048,0.1876762,1.0,1.0
786,3.93,finite_support,0.004561808743253071,1.0,6.3720480945067156e-12,0.4773462120796358,0.0,0.0,0.2920750766416367,0.744495,0.18612375,1.0,1.0
787,3.935,preference_clipping,0.048902873417411286,0.9999999999999998,6.210940469518761e-12,0.4568260620483461,0.0,0.0,0.295122985652384,0.7786095999999999,0.19465239999999998,1.0,1.0
788,3.94,finite_support,0.05445726543318319,1.0,6.0389524962402675e-12,0.4570959216812023,0.0,0.0,0.2922557110458934,0.7537646,0.18844115,1.0,1.0
789,3.9450000000000003,finite_support,0.0037265857066870467,1.0,5.865190481945516e-12,0.44723866487518354,0.0,0.0,0.2923550334730658,0.755061,0.18876525,1.0,1.0
790,3.95,finite_support,0.015878711887018504,1.0,5.681036853075114e-12,0.43999974208823406,0.0,0.0,0.2924584990227668,0.7507768,0.1876942,1.0,1.0
791,3.955,finite_support,0.013929986504568337,1.0,5.496206236028602e-12,0.4332819900041311,0.0,0.0,0.2925649248741835,0.7511698,0.18779245,1.0,1.0
792,3.96,preference_clipping,0.016005180167311117,0.9999999999999998,5.310233543040524e-12,0.42656637502132716,0.0,0.0,0.29267328870933806,0.7478011999999999,0.18695029999999999,1.0,1.0
793,3.9650000000000003,finite_support,0.039767551925085076,1.0,5.120067437367179e-12,0.419864943899203,0.0,0.0,0.29278271892624935,0.7415036,0.1853759,1.0,1.0
794,3.97,finite_support,0.028671612306574445,1.0,4.930362875751556e-12,0.4000213724337206,0.0,0.0,0.295646824478364,0.7528668,0.1882167,1.0,1.0
795,3.975,preference_clipping,0.008025126396749016,0.9999999999999981,4.7421849923147295e-12,0.2886105027338998,0.0,0.0,0.3130572848941911,0.6971596,0.1742899,1.0,1.0
796,3.98,preference_clipping,0.01965087580504954,0.9999999999999997,4.5519112310661464e-12,0.39562830843612173,0.0,0.0,0.2942990480443582,0.760285,0.19007125,1.0,1.0
797,3.985,finite_support,0.014903452083547819,1.0,4.3649989587188725e-12,0.2935551707713903,0.0,0.0,0.3097712621903424,0.7234272,0.1808568,1.0,1.0
798,3.99,preference_clipping,0.021413327448011055,0.0,4.181372069455944e-12,0.254148276878836,0.0,0.0,0.3175351134199795,0.6146698,0.15366745,1.0,1.0
799,3.995,preference_clipping,0.031734857450227416,0.0,4.000151847506021e-12,0.17354154118203988,0.0,0.0,0.33789606719914683,0.6327418,0.15818545,1.0,1.0
800,4.0,preference_clipping,0.011194498973632339,0.999999999999999,3.8200721138856555e-12,0.3654360473966608,0.0,0.0,0.2952489147389611,0.7374118000000001,0.18435295000000002,1.0,1.0
801,4.005,preference_clipping,0.008122104377950023,0.9999999999999994,3.646171829518498e-12,0.3679226441869629,0.0,0.0,0.2936323094345556,0.7288294,0.18220735,1.0,1.0
802,4.01,preference_clipping,0.06572475688693125,0.9999999999999998,3.4778799145453366e-12,0.36175031581150163,0.0,0.0,0.2937310734477436,0.731691,0.18292275,1.0,1.0
803,4.015,preference_clipping,0.04691041374793592,0.9999999999999991,3.3154412264586795e-12,0.3532968376173626,0.0,0.0,0.29445708338669174,0.7755076,0.1938769,1.0,1.0
804,4.0200000000000005,finite_support,0.06220992427793948,1.0,3.1596220062834923e-12,0.34967802595283753,0.0,0.0,0.2939226531065956,0.7441926000000001,0.18604815000000002,1.0,1.0
805,4.025,preference_clipping,0.04796983574251179,0.0,3.0035292285128323e-12,1.8047448102992914e-12,0.0,0.0,0.37587347728865983,0.620102,0.1550255,1.0,1.0
806,4.03,finite_support,0.0362264639293397,1.0,2.8557028269826983e-12,0.30781104309944923,0.0,0.0,0.2990843189088115,0.7644548,0.1911137,1.0,1.0
807,4.035,finite_support,0.04079253948519046,1.0,2.7122765770303668e-12,0.3322999887092372,0.0,0.0,0.2941956844616028,0.7531934,0.18829835,1.0,1.0
808,4.04,preference_clipping,0.046966615319110616,0.9999999999999994,2.5779805719744304e-12,0.32671204844503027,0.0,0.0,0.2942831247932149,0.7488514000000001,0.18721285000000001,1.0,1.0
809,4.045,finite_support,0.06328810184252909,1.0,2.4478999113461833e-12,0.31885560304679716,0.0,0.0,0.29498411504205346,0.7515844,0.1878961,1.0,1.0
810,4.05,finite_support,0.010114203138206213,1.0,2.322907581291782e-12,0.31585348543481667,0.0,0.0,0.29445312837103804,0.7482242,0.18705605,1.0,1.0
811,4.055,preference_clipping,0.01700339070931367,0.0,2.2039930517169353e-12,0.16965985503904493,0.0,0.0,0.3199899686915184,0.6121008,0.1530252,1.0,1.0
812,4.0600000000000005,finite_support,0.015433487300653415,1.0,2.0885205496819333e-12,0.30256814641546304,0.0,0.0,0.29534996505341393,0.7397382,0.18493455,1.0,1.0
813,4.065,preference_clipping,0.013666019618024938,0.0,1.9799573920194916e-12,0.15763158800323962,0.0,0.0,0.3205419608049028,0.6446402,0.16116005,1.0,1.0
814,4.07,preference_clipping,0.04581814233572956,0.0,1.878943282959462e-12,1.1900917143177155e-12,0.0,0.0,0.3627701066660944,0.6369738,0.15924345,1.0,1.0
815,4.075,preference_clipping,0.03848707507206339,0.9999999999999997,1.7797651673335318e-12,0.2905975409261929,0.0,0.0,0.29485353162868094,0.7470378,0.18675945,1.0,1.0
816,4.08,finite_support,0.02220669663779984,1.0,1.6912674182805997e-12,0.2854809657320398,0.0,0.0,0.295029268053354,0.7352698000000001,0.18381745000000002,1.0,1.0
817,4.085,preference_clipping,0.04530858427158335,0.9999892116071111,5.762671575294731e-05,0.28049201381446803,0.0,0.0,0.28533151987276717,0.7336986,0.18342465,1.0,0.0
818,4.09,finite_support,0.04741424015561324,1.0,1.5160741137084616e-12,0.2754337201349615,0.0,0.0,0.2954109820517168,0.7384678,0.18461695,1.0,1.0
819,4.095,finite_support,0.0034560798667371273,1.0,1.4394317521205165e-12,0.2706105495043498,0.0,0.0,0.2955896457568879,0.7547142,0.18867855,1.0,1.0
820,4.1,finite_support,0.006688280918681899,1.0,1.365133716967807e-12,0.2659180091506577,0.0,0.0,0.2957608693333537,0.7458154,0.18645385,1.0,1.0
821,4.105,preference_clipping,0.04711865377038382,0.9999999999999998,1.2944918846938362e-12,0.261353810048284,0.0,0.0,0.29592512788862785,0.7291862,0.18229655,1.0,1.0
822,4.11,preference_clipping,0.018288523690249137,0.999999999999999,1.2300517869640001e-12,0.2569156516025547,0.0,0.0,0.2960828642295062,0.7442787999999999,0.18606969999999998,1.0,1.0
823,4.115,finite_support,0.002606800539317611,1.0,1.1665269978118118e-12,0.10805455012315897,0.0,0.0,0.3214191513899099,0.6945808,0.1736452,1.0,1.0
824,4.12,preference_clipping,0.054264626906525004,0.9999999999999915,1.1319256682842726e-12,0.24840826311133343,0.0,0.0,0.2963803953300135,0.738089,0.18452225,1.0,1.0
825,4.125,finite_support,0.011901521912091595,1.0,1.0560333961031081e-12,0.2396570356918844,0.0,0.0,0.2975816074322917,0.7105428,0.1776357,1.0,1.0
826,4.13,style_clipping,0.02992062222983982,0.9999999867673092,9.679725295079843e-08,0.23654380389417,0.0,0.0,0.29806463653705323,0.7652584,0.1913146,0.0,1.0
827,4.135,preference_clipping,0.01123887649612243,0.9999999999999993,9.556977211158318e-13,0.22851988280794536,0.0,0.0,0.298388349166452,0.7329934,0.18324835,1.0,1.0
828,4.14,finite_support,0.027072335519184865,1.0,9.093410919929509e-13,0.23280583576926053,0.0,0.0,0.2969133236326122,0.750324,0.187581,1.0,1.0
829,4.1450000000000005,preference_clipping,0.012755663192365319,0.0,8.660633198183874e-13,5.300712867618418e-13,0.0,0.0,0.3463927365155434,0.6372444,0.1593111,1.0,1.0
830,4.15,preference_clipping,0.019611999177437944,0.9999790817803327,1.9349664701915577e-05,0.22573813483903452,0.0,0.0,0.2865265048028075,0.741209,0.18530225,1.0,0.0
831,4.155,solver_5ms,0.013724653705193823,0.6163609797644762,0.00029897339114676993,0.0003932236323898524,0.0,0.0,0.336250051393701,0.6348878,0.15872195,0.0,0.0
832,4.16,style_clipping,0.008555278360744545,0.9999998491057975,5.454631977529375e-08,0.1820609586899866,0.0,0.0,0.30357872568240996,0.7655028,0.1913757,0.0,1.0
833,4.165,finite_support,0.003211653165635653,1.0,7.205772819204206e-13,0.21577246944852616,0.0,0.0,0.29748536389378627,0.7628358000000001,0.19070895000000002,1.0,1.0
834,4.17,preference_clipping,0.03300066019062964,0.0,6.895208172857085e-13,0.055879624172086535,0.0,0.0,0.3268158800323298,0.6420434,0.16051085,1.0,1.0
835,4.175,finite_support,0.017079712557460658,1.0,6.633158401592488e-13,0.2096755854207032,0.0,0.0,0.2976900593787241,0.7522717999999999,0.18806794999999998,1.0,1.0
836,4.18,preference_clipping,0.0053236391206815115,0.9999999999999993,6.364984220496989e-13,0.20677318455937074,0.0,0.0,0.2977878327834954,0.7558666,0.18896665,1.0,1.0
837,4.1850000000000005,preference_clipping,0.008539594704114195,0.0,6.125499566937122e-13,0.04500118044305326,0.0,0.0,0.32769107014703325,0.6448388,0.1612097,1.0,1.0
838,4.19,preference_clipping,0.02008846622034155,0.9999569803186146,3.3834310452971044e-05,0.2013299043731212,0.0,0.0,0.29537580993193,0.8766288000000001,0.21915720000000002,1.0,0.0
839,4.195,solver_5ms,0.019049599831594266,0.0,6.504521791336492e-05,0.038315481653447725,0.0,0.0,0.32425156471911926,0.6356654,0.15891635,0.0,0.0
840,4.2,finite_support,0.015851824106821732,1.0,5.447042417308575e-13,0.19609720596212457,0.0,0.0,0.29815094286768246,0.7175239999999999,0.17938099999999998,1.0,1.0
841,4.205,preference_clipping,0.030934052173102466,0.0,5.241899936277567e-13,2.070014720791517e-13,0.0,0.0,0.33773811376905444,0.6171946,0.15429865,1.0,1.0
842,4.21,preference_clipping,0.018784660567490452,0.9999999999999998,5.062126694124751e-13,0.17808982283856656,0.0,0.0,0.30111392429510003,0.7286872,0.1821718,1.0,1.0
843,4.215,finite_support,0.022817540478586862,1.0,4.897743307256337e-13,0.1752657971730471,0.0,0.0,0.30130828460952425,0.7278536,0.1819634,1.0,1.0
844,4.22,preference_clipping,0.022103553969782253,0.0,4.745332449730864e-13,1.4773056935423794e-13,0.0,0.0,0.3360841330693652,0.631748,0.157937,1.0,1.0
845,4.225,preference_clipping,0.025388381848234776,0.0,4.653077511532575e-13,1.5287780151029858e-13,0.0,0.0,0.33557384965453363,0.6524912,0.1631228,1.0,1.0
846,4.23,finite_support,0.00797570898214417,1.0,4.4632015846426314e-13,0.18271437157167145,0.0,0.0,0.2986199339647866,0.7430384,0.1857596,1.0,1.0
847,4.235,preference_clipping,0.062168280679647525,0.0,4.307837600016733e-13,9.501961696855173e-14,0.0,0.0,0.33461293942066217,0.6602418,0.16506045,1.0,1.0
848,4.24,finite_support,0.020591522063850842,1.0,4.178657004586824e-13,0.1789109700609662,0.0,0.0,0.29875771506647436,0.759221,0.18980525,1.0,1.0
849,4.245,finite_support,0.009609753747960581,1.0,4.053123770473898e-13,0.1329319803273699,0.0,0.0,0.30650836864146913,0.7445512,0.1861378,1.0,1.0
850,4.25,finite_support,0.08716362947169473,1.0,3.9399799309607227e-13,0.14852327339193827,0.0,0.0,0.3039965457566159,0.7600224,0.1900056,1.0,1.0
851,4.255,preference_clipping,0.003086597644141875,0.9999999999999998,3.8613964092110234e-13,0.1384456360692922,0.0,0.0,0.3053604321956173,0.737057,0.18426425,1.0,1.0
852,4.26,finite_support,0.07355616314609278,1.0,3.755023329759221e-13,0.17223361165890874,0.0,0.0,0.2990069021411457,0.748222,0.1870555,1.0,1.0
853,4.265,finite_support,0.037209807197263745,1.0,3.658908219765407e-13,0.17075185606383203,0.0,0.0,0.29906381605262483,0.759756,0.189939,1.0,1.0
854,4.2700000000000005,finite_support,0.049485187800756,1.0,3.5962961011736085e-13,0.16934323184805378,0.0,0.0,0.2991186062974644,0.7452164,0.1863041,1.0,1.0
855,4.275,preference_clipping,0.01195579223730453,0.9999999999999997,3.55081360003568e-13,0.16800686065350823,0.0,0.0,0.2991712847289484,0.7252708,0.1813177,1.0,1.0
856,4.28,finite_support,0.027334351953125016,1.0,3.4421134702623746e-13,0.12666651059718856,0.0,0.0,0.30649372108863326,0.7399564000000001,0.18498910000000002,1.0,1.0
857,4.285,preference_clipping,0.007972077560808657,0.9999999999999994,3.348889285968178e-13,0.16554756470215248,0.0,0.0,0.2992703478605506,0.7216378,0.18040945,1.0,1.0
858,4.29,preference_clipping,0.017617586816481845,0.9999999999999976,3.3078023744723994e-13,0.014217742002195354,0.0,0.0,0.3244433556271413,0.7168808,0.1792202,1.0,1.0
859,4.295,finite_support,0.04166647103297921,1.0,3.2540108346082893e-13,1.6402641111755863e-14,0.0,0.0,0.3290320291099671,0.7187886,0.17969715,1.0,1.0
860,4.3,preference_clipping,0.03282719790442812,0.9999999999999997,3.206069572392896e-13,0.1623808378940334,0.0,0.0,0.2994033434988686,0.733891,0.18347275,1.0,1.0
861,4.305,finite_support,0.06375210041950283,0.9999937333785847,1.922677117886597e-05,0.14569612344414598,0.0,0.0,0.2984073784105637,0.7688572,0.1922143,0.0,0.0
862,4.3100000000000005,preference_clipping,0.004504695030080157,0.9999999999999987,3.103468948260254e-13,4.028683795464386e-15,0.0,0.0,0.3277754925492123,0.7309856,0.1827464,1.0,1.0
863,4.315,finite_support,0.013533588420940046,1.0,3.0439042070012375e-13,0.15982456534308845,0.0,0.0,0.29951781317285714,0.7607598,0.19018995,1.0,1.0
864,4.32,preference_clipping,0.009893513439052093,0.999999999999999,3.002418226898904e-13,0.12744801775586498,0.0,0.0,0.3057639494277645,0.7635529999999999,0.19088824999999998,1.0,1.0
865,4.325,finite_support,0.07226470497034061,1.0,2.9610988979306913e-13,0.1584517294793945,0.0,0.0,0.2995839373174667,0.7321358,0.18303395,1.0,1.0
866,4.33,preference_clipping,0.0026713351474437486,0.9999999999999994,2.9246840522919814e-13,0.15786319728908701,0.0,0.0,0.2996139668164574,0.7742754,0.19356885,1.0,1.0
867,4.335,finite_support,0.01075657775199447,1.0,2.923324910045164e-13,0.1573393266640043,0.0,0.0,0.29964198604374354,0.7842542,0.19606355,1.0,1.0
868,4.34,finite_support,0.026515407824576585,1.0,2.858959654723885e-13,2.311911996197233e-15,0.0,0.0,0.326559666152734,0.7220086,0.18050215,1.0,1.0
869,4.345,finite_support,0.09379747718276081,1.0,2.866215788735864e-13,8.285515848013509e-16,0.0,0.0,0.32645243148356634,0.7295548,0.1823887,1.0,1.0
870,4.3500000000000005,preference_clipping,0.12692874546283828,0.9999999999999978,2.8258256143789637e-13,2.5987431467900556e-14,0.0,0.0,0.326385464736983,0.7064412,0.1766103,1.0,1.0
871,4.355,preference_clipping,0.0887417243950416,0.9999999999999998,2.8026777641021017e-13,0.025211425239912228,0.0,0.0,0.32149140920960884,0.7469316,0.1867329,1.0,1.0
872,4.36,preference_clipping,0.022799911429866905,0.9999999999999905,2.794863098154189e-13,2.3987787337402825e-14,0.0,0.0,0.3263506901912106,0.7447216,0.1861804,1.0,1.0
873,4.365,finite_support,0.020553570643551268,1.0,2.7584413137213735e-13,0.1555335495725096,0.0,0.0,0.29976843178261486,0.7607358,0.19018395,1.0,1.0
874,4.37,preference_clipping,0.0487883858299779,0.999999999999996,2.7415458733536563e-13,2.3108931642292937e-14,0.0,0.0,0.3263678751895218,0.7293284,0.1823321,1.0,1.0
875,4.375,preference_clipping,0.008731077087719991,0.9999999999999951,2.7634741893682685e-13,2.298956186209438e-14,0.0,0.0,0.3263959050290018,0.7637354000000001,0.19093385000000002,1.0,1.0
876,4.38,finite_support,0.0100495979319168,1.0,2.7483268565760724e-13,2.288063834015209e-14,0.0,0.0,0.3264368904093899,0.746571,0.18664275,1.0,1.0
877,4.385,preference_clipping,0.05743823673425969,0.9999999999999994,2.7533275676873496e-13,0.1555835929373861,0.0,0.0,0.2998138876008732,0.7470600000000001,0.18676500000000001,1.0,1.0
878,4.39,preference_clipping,0.036700659606681375,0.9999999999999978,2.756683887846177e-13,0.1557511925809373,0.0,0.0,0.29982052007828813,0.7653064,0.1913266,1.0,1.0
879,4.3950000000000005,solver_5ms,0.015309599334795143,0.2074824358999472,0.00021387542110346295,0.0004150860281337639,0.0040562043748865705,0.0,0.2822003036791396,0.45871480000000003,0.11467870000000001,0.0,0.0
880,4.4,solver_5ms,0.006593561761569346,0.24377245467160813,0.0002587505100010287,0.0005084283526661189,0.004309636970265565,0.0,0.27558616464007946,0.4649066,0.11622665,0.0,0.0
881,4.405,solver_5ms,0.019200109875798965,0.27665120646145247,0.00020070729815452196,0.00040216086317943433,0.004113341632539613,0.0,0.268736017623525,0.45547079999999995,0.11386769999999999,0.0,0.0
882,4.41,solver_5ms,0.023206241892958997,0.3080999677182352,0.00020126001788894985,0.0004161969681628514,0.004123416074805144,0.0,0.2625329693182981,0.4575608,0.1143902,0.0,0.0
883,4.415,solver_5ms,0.027321384742739686,0.33803597729875523,0.00020612081240569194,0.00041888551258246294,0.004164398216943172,0.0,0.25667392311261933,0.4668504,0.1167126,0.0,0.0
884,4.42,solver_5ms,0.03327792172963759,0.36613022113384064,0.00014932967569665427,0.00042391116844134216,0.004062779860304565,0.0,0.2511473844380872,0.46477640000000003,0.11619410000000001,0.0,0.0
885,4.425,solver_5ms,0.03955010973949341,0.39202457039580574,0.00012868555724605967,0.0004533009998431431,0.004310996560850227,0.0,0.24598476835331945,0.4683772,0.1170943,0.0,0.0
886,4.43,solver_5ms,0.04509847297848501,0.41559002532772227,0.000150260257578636,0.0005117758606886779,0.004452868321771818,0.0,0.2412043335830847,0.4691628,0.1172907,0.0,0.0
887,4.4350000000000005,solver_5ms,0.05592855101790086,0.4398105506305702,0.00011374621940810633,0.0004668530632490041,0.004307465824067815,0.0,0.23673494022810654,0.4657702,0.11644255,0.0,0.0
888,4.44,solver_5ms,0.005421233817762272,0.45068250074661,0.00038517117197134636,0.0011335979772090206,0.011439184512485528,0.0,0.23310363748731078,0.48654359999999997,0.12163589999999999,0.0,0.0
889,4.445,finite_support,0.06367948838389656,0.4817960901793802,0.00015217385574221976,0.0004552806757389144,0.004318762527233338,0.0,0.2289873355062896,0.47019859999999997,0.11754964999999999,0.0,0.0
890,4.45,finite_support,0.0716974223945139,0.49968604997268207,0.00013985938227782795,0.0004896400200053717,0.004876241919799935,0.0,0.22568405241672798,0.47342280000000003,0.11835570000000001,0.0,0.0
891,4.455,finite_support,0.06971899520223836,0.5170350855643353,0.00013574227145544008,0.0004667619005382144,0.004176734529607885,0.0,0.22275182542388752,0.4735972,0.1183993,0.0,0.0
892,4.46,finite_support,0.014658303173695209,0.5313121035498944,0.00016560163135834844,0.0005440143323830581,0.0036745276821366205,0.0,0.220398006398363,0.45652479999999995,0.11413119999999999,0.0,0.0
893,4.465,finite_support,0.015934800397590654,0.5431491448487074,0.0001119185583095707,0.0006690778817100732,0.004344136274399819,0.0,0.21831620755809597,0.47579920000000003,0.11894980000000001,0.0,0.0
894,4.47,finite_support,0.15004449475963277,0.552863487881386,0.0001199102208509987,0.0007869496057404395,0.006466071792931246,0.0,0.21694053374493197,0.47446279999999996,0.11861569999999999,0.0,0.0
895,4.4750000000000005,finite_support,0.011649222558807182,0.5692721564882113,0.0002519560278789134,0.0005428864113227123,0.005206298759947517,0.0,0.21695094569474432,0.48272839999999995,0.12068209999999999,0.0,0.0
896,4.48,finite_support,0.01761897789123723,0.5815537730762104,0.00020156128414740033,0.00043472986963775977,0.0036526111235119876,0.0,0.2169596793563632,0.4861888,0.1215472,0.0,0.0
897,4.485,finite_support,0.01763073011152791,0.5847341726066448,0.0003164365439928883,0.0007226797141957507,0.007111884425804547,0.0,0.21697562474659596,0.48279859999999997,0.12069964999999999,0.0,0.0
898,4.49,finite_support,0.003913149367257632,0.6036110680722255,0.00013381516320553016,0.00015090303991647396,0.0010752190246370585,0.0,0.21701811711332686,0.45236899999999997,0.11309224999999999,0.0,0.0
899,4.495,finite_support,0.051049778841032525,0.6088308733691962,0.00014912286795203453,0.00020698904875706794,0.0011817755768118586,0.0,0.2170559368689986,0.458254,0.1145635,0.0,0.0
900,4.5,finite_support,0.0054873310756375915,0.6053306818200974,0.00035174277157989193,0.0008043309190280385,0.009257964490326995,0.0,0.2171017099529317,0.4720822,0.11802055,0.0,0.0
901,4.505,finite_support,0.006278115185923486,0.6086615751533826,0.0002948021263423882,0.0007642383214340496,0.007324897829213449,0.0,0.21714962907025429,0.4633818,0.11584545,0.0,0.0
902,4.51,finite_support,0.026081411639775065,0.6230473927880728,3.401575698723906e-05,0.0001319972047141406,0.0009334275450917788,0.0,0.21723640355100463,0.4517398,0.11293495,0.0,0.0
903,4.515,finite_support,0.0018833080928093437,0.621670614819472,0.0001053631023723278,0.00026889412589787583,0.0011204972609531504,0.0,0.21730488672034215,0.468263,0.11706575,0.0,0.0
904,4.5200000000000005,finite_support,0.042228484641373965,0.6200963656309124,0.00017034785292298715,0.00042970364897865925,0.0047820067844053776,0.0,0.2176908240504198,0.461873,0.11546825,0.0,0.0
905,4.525,finite_support,0.04252009438987514,0.6236686101359202,0.0002124966642155065,0.00023015294578770864,0.0011272965978012977,0.0,0.21930986491873827,0.48728299999999997,0.12182074999999999,0.0,0.0
906,4.53,finite_support,0.027079945230656932,0.6165757558762464,0.00031697351604574234,0.0005919927679810851,0.006635644152455096,0.0,0.22139145284061873,0.45937619999999996,0.11484404999999999,0.0,0.0
907,4.535,finite_support,0.007930432005531785,0.6217145521555028,8.653516184887306e-05,0.00022926242170022613,0.0019521224054927816,0.0,0.223424248144913,0.47389560000000003,0.11847390000000001,0.0,0.0
908,4.54,finite_support,0.01928157739809061,0.614244224782202,0.0001455157569955462,0.0004538679144217548,0.004856962590776261,0.0,0.22554089145234518,0.4704852,0.1176213,0.0,0.0
909,4.545,finite_support,0.033811543603996796,0.6167679770133396,7.390606032473522e-05,0.0001504305682475928,0.0014833984440085874,0.0,0.22790907653471876,0.4728638,0.11821595,0.0,0.0
910,4.55,finite_support,0.006270163641769466,0.6058841921500909,0.0001456767179399342,0.00048448059928410777,0.003269696022178617,0.0,0.23049643806644013,0.4633196,0.1158299,0.0,0.0
911,4.555,finite_support,0.012072286703287971,0.6004320471962095,8.590973212838738e-05,0.0005134433097788731,0.0036860571741243434,0.0,0.23314263179812628,0.45481360000000004,0.11370340000000001,0.0,0.0
912,4.5600000000000005,finite_support,0.007909318902946105,0.5997982113374039,0.00015117685730261566,0.0003041458261362176,0.0018130474978641279,0.0,0.23590478479421279,0.46782219999999997,0.11695554999999999,0.0,0.0
913,4.565,finite_support,0.012052810138829528,0.5945528036526044,0.0001316652885652468,0.0002681370777841981,0.0015511659754801179,0.0,0.23869409380199177,0.4737554,0.11843885,0.0,0.0
914,4.57,finite_support,0.006212985681486316,0.5857923735329642,0.0001317426584457439,0.00036381630963544466,0.0030664385484645415,0.0,0.24154265760235186,0.4729758,0.11824395,0.0,0.0
915,4.575,finite_support,0.04814779408501835,0.5720484670085562,0.00015380565408903502,0.0007492715084648692,0.00668780092203016,0.0,0.24396351247887077,0.5001674,0.12504185,0.0,0.0
916,4.58,finite_support,0.03216961965910037,0.5662217078095981,0.0001052869472861954,0.0005645601772597904,0.0045897360718087366,0.0,0.247267710566403,0.48649139999999996,0.12162284999999999,0.0,0.0
917,4.585,finite_support,0.015762298237465,0.5540674732013096,0.00017991283130043903,0.0007556848821964363,0.006450663687265598,0.0,0.25012362138317557,0.47225259999999997,0.11806314999999999,0.0,0.0
918,4.59,finite_support,0.02119370642525431,0.5528530268293388,7.228860225809007e-05,0.0003997870084790148,0.0035380768746261213,0.0,0.25307611086977133,0.4857,0.121425,0.0,0.0
919,4.595,finite_support,0.005001452030306552,0.5487389829526801,0.00012597623971362832,0.00016000731743097903,0.0013252722351589777,0.0,0.25601594346746215,0.47088199999999997,0.11772049999999999,0.0,0.0
920,4.6000000000000005,finite_support,0.0007950786730381854,0.537038345019343,0.00022750240032495453,0.00025827085070267145,0.0008202956467281566,0.0,0.25895008783104606,0.47305,0.1182625,0.0,0.0
921,4.605,finite_support,0.010294068375493737,0.5262748954031908,0.00011897123387748611,0.00032185902925371764,0.003206961220598634,0.0,0.2618760455740334,0.47274740000000004,0.11818685000000001,0.0,0.0
922,4.61,finite_support,0.024248858476738633,0.5084168777050326,6.242582805660618e-05,0.0006826536684747296,0.00591247478764055,0.0,0.2649224205657061,0.472509,0.11812725,0.0,0.0
923,4.615,finite_support,0.00692632340371091,0.5021430230176751,0.0002600826555092229,0.0005585092013100242,0.00651846592032698,0.0,0.26750941968837366,0.47672879999999995,0.11918219999999999,0.0,0.0
924,4.62,finite_support,0.01774501656726102,0.49551283620474607,0.00019411864197601284,0.00033514073557635785,0.004463388772953038,0.0,0.2704504965312195,0.462438,0.1156095,0.0,0.0
925,4.625,finite_support,0.012598805332331153,0.4835212766558652,0.00018902077063284392,0.00036950094007404723,0.004195121619072675,0.0,0.27323489572685933,0.46296899999999996,0.11574224999999999,0.0,0.0
926,4.63,finite_support,0.0037112396489291655,0.4712934405861652,0.0004483895512104653,0.0004142969207437344,0.005207963827316476,0.0,0.2760700444769467,0.46672399999999997,0.11668099999999999,0.0,0.0
927,4.635,solver_5ms,0.014795861758010176,0.4603944725269714,0.00033032993080598055,0.000407807520008093,0.0035090821650129874,0.0,0.2786404264316851,0.4664696,0.1166174,0.0,0.0
928,4.64,solver_5ms,0.040209854890171925,0.4487059427229344,0.00010836130653492345,0.00036682918230215394,0.003121428407689324,0.0,0.2814418892628818,0.47264939999999994,0.11816234999999999,0.0,0.0
929,4.6450000000000005,solver_5ms,0.03445541629787385,0.43191270500304757,0.000125362864695338,0.000588596812516248,0.005012772213247889,0.0,0.2841164169895526,0.48281040000000003,0.12070260000000001,0.0,0.0
930,4.65,solver_5ms,0.00241016095969826,0.41597160006686706,0.00035046345898584463,0.0008060109782079839,0.009009235825624167,0.0,0.2867582518369019,0.4795062,0.11987655,0.0,0.0
931,4.655,solver_5ms,0.019468673895239874,0.4076319974225292,9.152853213638558e-05,0.0006256902183185988,0.0057466997937161545,0.0,0.28916551821168657,0.4568032,0.1142008,0.0,0.0
932,4.66,solver_5ms,0.006048494864685505,0.39590336804452664,0.00026170930227138473,0.0006012031790262942,0.005630267538479528,0.0,0.29163871408865055,0.49032659999999995,0.12258164999999999,0.0,0.0
933,4.665,solver_5ms,0.018689105818481266,0.3833683055785554,0.0001255125473014562,0.0005669784517834777,0.005390010433974393,0.0,0.2942974204646746,0.4795644,0.1198911,0.0,0.0
934,4.67,solver_5ms,0.02221200723351302,0.3726304242347618,6.380894132212104e-05,0.000468145364228357,0.004405214916933272,0.0,0.2967368637686166,0.49375519999999995,0.12343879999999999,0.0,0.0
935,4.675,solver_5ms,0.003930811232066844,0.36140498700313295,0.00012890977083094765,0.0003886346582381696,0.0030001319342338323,0.0,0.2990696693518432,0.4680246,0.11700615,0.0,0.0
936,4.68,solver_5ms,0.009733056027805276,0.3539427162081974,0.00010083849747973881,0.00013300171572005462,0.00045909622968586916,0.0,0.3013321483000306,0.469918,0.1174795,0.0,0.0
937,4.6850000000000005,solver_5ms,0.012599613019581568,0.3394118557260535,0.00021556375321852615,0.0002221225371226302,0.001237239797461762,0.0,0.3036813608217138,0.4591678,0.11479195,0.0,0.0
938,4.69,solver_5ms,0.0038507606825444185,0.3220816720217047,0.0002452695052126857,0.00042131984200112054,0.0037509086538792574,0.0,0.30581068302414494,0.4610032,0.1152508,0.0,0.0
939,4.695,solver_5ms,0.00930065642557043,0.3119136458691826,8.619374988649403e-05,0.00028894613469350764,0.0023109798647932282,0.0,0.30794641418732516,0.4606106,0.11515265,0.0,0.0
940,4.7,solver_5ms,0.012761092182955736,0.2953604167452002,0.00018034054315125767,0.0005216427601255667,0.005195897259662576,0.0,0.30990872227479105,0.4705954,0.11764885,0.0,0.0
941,4.705,solver_5ms,0.07794078403511318,0.28424635617111116,3.8903277308728786e-05,0.0003611536007247663,0.0027313784336253713,0.0,0.3121198859513544,0.4709682,0.11774205,0.0,0.0
942,4.71,solver_5ms,0.026989221968420907,0.2705018394980854,8.398127826923308e-05,0.0003913617230273909,0.0028044254946371556,0.0,0.3141246194009223,0.4759474,0.11898685,0.0,0.0
943,4.715,solver_5ms,0.013172324342392017,0.2612407693053296,5.931517532829062e-05,0.00020558432800045574,0.0017813121654972502,0.0,0.3161097875344342,0.46576419999999996,0.11644104999999999,0.0,0.0
944,4.72,solver_5ms,0.012851736341801256,0.2459570692714408,7.479496848832211e-05,0.0002994825621200139,0.0022884997525968675,0.0,0.31806208005300396,0.4621716,0.1155429,0.0,0.0
945,4.7250000000000005,solver_5ms,0.03310980378756767,0.23245414247098772,9.171655096202039e-05,0.00032748430090063596,0.003211194631768422,0.0,0.31996907835969257,0.47381940000000006,0.11845485000000001,0.0,0.0
946,4.73,solver_5ms,0.032456149573478754,0.21870858279907746,0.00015317890888112907,0.00036440923986422234,0.002897345667857994,0.0,0.32167168943560315,0.4747052,0.1186763,0.0,0.0
947,4.735,solver_5ms,0.018466667084382493,0.20936237685465242,0.00013832037446265724,0.00015442777805471558,0.00046522553230055703,0.0,0.3236258616074344,0.4676638,0.11691595,0.0,0.0
948,4.74,solver_5ms,0.01958085152353739,0.19450756885187048,1.79576492467631e-05,0.0002286002987266121,0.0018307664432604721,0.0,0.32537282867385314,0.4498804,0.1124701,0.0,0.0
949,4.745,solver_5ms,0.028309327104736326,0.18287718757683358,0.00017285637875228362,0.00014792736504272829,0.0005658489604344145,0.0,0.32709472557437946,0.44976000000000005,0.11244000000000001,0.0,0.0
950,4.75,solver_5ms,0.0043365293994623855,0.16879628379759293,7.710585887671271e-05,0.00019137486274084555,0.0015419955078910974,0.0,0.3287486764852709,0.4669264,0.1167316,0.0,0.0
951,4.755,solver_5ms,0.11134338867568871,0.15708659536298153,0.00010854693546875441,0.00011739235661610049,0.0004324127274620136,0.0,0.3304056596872457,0.4609754,0.11524385,0.0,0.0
952,4.76,solver_5ms,0.017236037597179177,0.13508334548972678,5.255807943290282e-05,0.0005393595471977263,0.004164211560146128,0.0,0.3319576801434083,0.4599352,0.1149838,0.0,0.0
953,4.765,solver_5ms,0.02830382213325766,0.13064500925330758,0.00011203700076510304,0.00012278156690555738,0.0003629115880721424,0.0,0.3335807562469148,0.44839939999999995,0.11209984999999999,0.0,0.0
954,4.7700000000000005,solver_5ms,0.024467589065935158,0.11324645149568169,3.745618522443936e-05,0.00032211113802368296,0.003010420590441684,0.0,0.33516124875289294,0.45862479999999994,0.11465619999999999,0.0,0.0
955,4.775,solver_5ms,0.007646601060673497,0.09651269057741574,0.0001324632007052057,0.0005026568430388862,0.005046730495477318,0.0,0.33668893150179857,0.472467,0.11811675,0.0,0.0
956,4.78,solver_5ms,0.021151014273357305,0.08789883598839432,0.0001194444741693458,0.0002639876797947541,0.0013259655450401325,0.0,0.3381504869319495,0.45888140000000005,0.11472035000000001,0.0,0.0
957,4.785,solver_5ms,0.003267175419097157,0.07097413529305352,0.00016190108247728617,0.0004617687525865861,0.004048134092241681,0.0,0.33966623927268336,0.47508779999999995,0.11877194999999999,0.0,0.0
958,4.79,solver_5ms,0.014301937412142252,0.057426245408189636,5.1511399900529644e-05,0.0004747054196685713,0.0035392305088288796,0.0,0.34098989874851954,0.485155,0.12128875,0.0,0.0
959,4.795,solver_5ms,0.0016440349082103012,0.04942335354216376,0.0001694851041795112,0.0002388449743184246,0.0011054213245343819,0.0,0.34242627596905434,0.4743064,0.1185766,0.0,0.0
960,4.8,solver_5ms,0.005885023024454483,0.03775473045945876,0.00014476791206264402,0.00018044105877610322,0.0017809391627966302,0.0,0.34376998029547046,0.4702388,0.1175597,0.0,0.0
961,4.805,solver_5ms,0.0038734127016937236,0.024673749815848356,0.00015106000345297012,0.00018487633238440136,0.0005009480269967765,0.0,0.3450927981464638,0.47836999999999996,0.11959249999999999,0.0,0.0
962,4.8100000000000005,solver_5ms,0.029292011177739496,0.014800314986900376,3.574887894204001e-05,4.467290388402548e-05,0.00018759747636175816,0.0,0.3463997579067607,0.4572662,0.11431655,0.0,0.0
963,4.815,solver_5ms,0.01834554730351101,0.0,5.477295384938883e-05,0.00023955095484844204,0.0013752189198031096,0.0,0.3476635858727498,0.46392700000000003,0.11598175000000001,0.0,0.0
964,4.82,solver_5ms,0.023265086038226634,0.0,2.9908938301402327e-05,3.372251305523881e-05,0.00034758777075958897,0.0,0.3489098147053665,0.46057839999999994,0.11514459999999999,0.0,0.0
965,4.825,solver_5ms,0.020236827491526554,0.0,7.749089588640872e-05,0.0001977260042117424,0.0020046207728495287,0.0,0.3500896498007587,0.46082700000000004,0.11520675000000001,0.0,0.0
966,4.83,solver_5ms,0.01705744885616145,0.0,0.00016640718495891053,0.0002708320830472436,0.002917050982032373,0.0,0.35133281717081444,0.46294700000000005,0.11573675000000001,0.0,0.0
967,4.835,solver_5ms,0.026091939719918855,0.0,0.00023907151534037713,0.0004290959794073173,0.0035839629557169613,0.0,0.35251942758538496,0.4604942,0.11512355,0.0,0.0
968,4.84,solver_5ms,0.014956208493899226,0.0,5.367096909381547e-05,9.544230566327857e-05,0.0008278540066490229,0.0,0.3536490123259233,0.4617246,0.11543115,0.0,0.0
969,4.845,solver_5ms,0.01257409523724995,0.0,0.000184812944081565,0.00031282602430744006,0.002844256627071078,0.0,0.3547677177355795,0.46563999999999994,0.11640999999999999,0.0,0.0
970,4.8500000000000005,solver_5ms,0.05539284725353255,0.0,6.671827915138259e-05,9.344927298729783e-05,0.0005069792329145998,0.0,0.35588465796760876,0.44935519999999995,0.11233879999999999,0.0,0.0
971,4.855,solver_5ms,0.00838248359613658,0.0,0.0001291058626241221,0.00039298416612563704,0.003514176559634391,0.0,0.3569168296441075,0.4662012,0.1165503,0.0,0.0
972,4.86,solver_5ms,0.002717426283993518,0.0,0.00013920816403787837,0.0003496323559652257,0.0028029427723654608,0.0,0.35796119518900443,0.4590054,0.11475135,0.0,0.0
973,4.865,solver_5ms,0.007816863822895925,0.0,0.00014665774841072555,0.00027067344898187455,0.0013194263634380332,0.0,0.35904160486871906,0.4585246,0.11463115,0.0,0.0
974,4.87,solver_5ms,0.009404747119967638,0.0,7.877233166920394e-05,7.786331366174746e-05,0.0009208294596260488,0.0,0.36002441079974834,0.4471232,0.1117808,0.0,0.0
975,4.875,solver_5ms,0.05826058212254903,0.0,6.284110888226497e-05,8.152403951830336e-05,0.0006726510148581788,0.0,0.36101285364034646,0.45151319999999995,0.11287829999999999,0.0,0.0
976,4.88,solver_5ms,0.1103625635323624,0.0,4.7195377674407425e-05,0.00019477873121055787,0.0013686558358088255,0.0,0.36202546386540974,0.4406388,0.1101597,0.0,0.0
977,4.885,solver_5ms,0.025333132813720738,0.0,0.00025724702694480874,0.0005918136750049915,0.006138255774265134,0.0,0.3629324932899921,0.4574606,0.11436515,0.0,0.0
978,4.89,solver_5ms,0.021968518670867354,0.0,0.00010262848263934031,0.00010215833928071655,0.0006363958447368853,0.0,0.3638334357003163,0.45029300000000005,0.11257325000000001,0.0,0.0
979,4.8950000000000005,solver_5ms,0.01686972783687679,0.0,0.00021811463591787537,0.00024287414166491322,0.0023837053632695024,0.0,0.36476450549394196,0.46231980000000006,0.11557995000000001,0.0,0.0
980,4.9,solver_5ms,0.0157196831940265,0.0,0.0001346428558593293,0.00024325553915048917,0.0016643901753438893,0.0,0.365653063734094,0.4521906,0.11304765,0.0,0.0
981,4.905,solver_5ms,0.012082229661203314,0.0,0.0001031273543841919,0.0005254703591844101,0.0050890134425108915,0.0,0.3665565613604928,0.4472352,0.1118088,0.0,0.0
982,4.91,solver_5ms,0.010818896820086188,0.0,7.96847863912504e-05,0.00016427813372203539,0.0009883684610284614,0.0,0.36733373850351747,0.4455562,0.11138905,0.0,0.0
983,4.915,solver_5ms,0.009169587311674832,0.0,7.915744422546007e-05,0.0004472641404557799,0.0042782090945174605,0.0,0.3681528172294302,0.45435060000000005,0.11358765000000001,0.0,0.0
984,4.92,solver_5ms,0.006572709043695113,0.0,0.00013525741727131205,0.00032104698898078124,0.0022234749292086415,0.0,0.3689370685881388,0.4488144,0.1122036,0.0,0.0
985,4.925,solver_5ms,0.06568584773325448,0.0,6.856765968276562e-05,0.0001793599936271547,0.0014202582198991893,0.0,0.36974696945220964,0.4485156,0.1121289,0.0,0.0
986,4.93,solver_5ms,0.0049368481525036145,0.0,0.00019631355785021775,0.00038795144761984206,0.003040056781815483,0.0,0.37058550638914795,0.4379658,0.10949145,0.0,0.0
987,4.9350000000000005,solver_5ms,0.04340024260113262,0.0,8.558907958502533e-05,0.0002860397698242016,0.003021168201553214,0.0,0.3712482460324015,0.447111,0.11177775,0.0,0.0
988,4.94,solver_5ms,0.010526332583360443,0.0,0.00014509292972580997,0.0003591353828275127,0.0026389258530792135,0.0,0.3718974160775993,0.4684254,0.11710635,0.0,0.0
989,4.945,solver_5ms,0.005193129259950524,0.0,0.00025683900271107184,0.00042650348658813025,0.004145584039228905,0.0,0.3726508569696419,0.4554206,0.11385515,0.0,0.0
990,4.95,solver_5ms,0.008753235636316248,0.0,0.00035535947455750914,0.0004051969403103658,0.004059539404828,0.0,0.37330688070066137,0.4550118,0.11375295,0.0,0.0
991,4.955,solver_5ms,0.026222370975992337,0.0,7.346128343876009e-05,0.00032567845360463707,0.0033407228417240307,0.0,0.3740165291247459,0.46609700000000004,0.11652425000000001,0.0,0.0
992,4.96,solver_5ms,0.024190571767945812,0.0,0.00010108541140028287,0.00010822578819168567,0.001005730094622185,0.0,0.37463089446027104,0.4398654,0.10996635,0.0,0.0
993,4.965,solver_5ms,0.015123747913736718,0.0,5.409487720875591e-05,0.00019021336365079028,0.0017426421876909383,0.0,0.37526757362284996,0.4427688,0.1106922,0.0,0.0
994,4.97,solver_5ms,0.013046390356930004,0.0,0.0001386802813755409,0.0004375108970578065,0.004472313375670108,0.0,0.3759457229724233,0.4517818,0.11294545,0.0,0.0
995,4.9750000000000005,solver_5ms,0.033622941236766124,0.0,7.676700341681592e-05,0.0003234079309768066,0.0030681300626972893,0.0,0.37645013391310217,0.4341566,0.10853915,0.0,0.0
996,4.98,solver_5ms,0.005982474238219737,0.0,0.00020958083087646573,0.0002480696513925791,0.0019860393015079464,0.0,0.3770286907017237,0.449205,0.11230125,0.0,0.0
997,4.985,solver_5ms,0.011430768137588032,0.0,0.00014688610532083142,0.00029016444543387553,0.0025408482455485095,0.0,0.3774950872040774,0.4568354,0.11420885,0.0,0.0
998,4.99,solver_5ms,0.011185223233733943,0.0,0.00012572272808185456,0.00033885076711124684,0.0034970416723996405,0.0,0.377992503502426,0.45732039999999996,0.11433009999999999,0.0,0.0
999,4.995,solver_5ms,0.013508782981119793,0.0,7.137813220793598e-05,0.0003466696296662935,0.0030294950334388356,0.0,0.3785100136859467,0.4632354,0.11580885,0.0,0.0
1000,5.0,solver_5ms,0.011819400493051635,0.0,7.986294569497674e-05,0.00024112395708899886,0.00197447373200462,0.0,0.379100384471094,0.4615344,0.1153836,0.0,0.0
1001,5.005,solver_5ms,0.005375859566530972,0.0,0.00010588692373527155,0.0002135794529698829,0.0010747379545731092,0.0,0.3795427238729661,0.44882619999999995,0.11220654999999999,0.0,0.0
1002,5.01,solver_5ms,0.0043099595940787605,0.0,5.42475283816407e-05,0.00015687042082921954,0.0008352311564505388,0.0,0.37996428341669364,0.45839840000000004,0.11459960000000001,0.0,0.0
1003,5.015,solver_5ms,0.021694061304311507,0.0,0.00011101084325688014,0.00023352687990827326,0.001296205204015044,0.0,0.3804165272300216,0.4389456,0.1097364,0.0,0.0
1004,5.0200000000000005,solver_5ms,0.10769771775775983,0.0,4.932494147976104e-05,0.00032412072193892597,0.002574177023697426,0.0,0.380845346275451,0.42927740000000003,0.10731935000000001,0.0,0.0
1005,5.025,solver_5ms,0.08048935927484901,0.0,0.00013515170838751346,0.00025573046747752297,0.0013902376007882983,0.0,0.3812335057720741,0.43993140000000003,0.10998285000000001,0.0,0.0
1006,5.03,solver_5ms,0.008606360069052243,0.0,4.995415031479606e-05,0.0002735729751201262,0.0024065755356390732,0.0,0.38158063054676733,0.4691206,0.11728015,0.0,0.0
1007,5.035,solver_5ms,0.05529077751198486,0.0,0.00011448098389337805,0.0002487473621676134,0.001476141184376912,0.0,0.38190515615322085,0.44494300000000003,0.11123575000000001,0.0,0.0
1008,5.04,solver_5ms,0.010185183252353625,0.0,0.00011698021214794669,0.00027436437066603105,0.0015636556381797653,0.0,0.38227283967582143,0.439216,0.109804,0.0,0.0
1009,5.045,solver_5ms,0.0020286657770318683,0.0,8.506769089304014e-05,0.0003600935919124704,0.003357724901909931,0.0,0.38260619442735777,0.44922700000000004,0.11230675000000001,0.0,0.0
1010,5.05,solver_5ms,0.029920518840320653,0.0,7.066257943963644e-05,0.00033586235094011256,0.0025489316695116553,0.0,0.3828286546959315,0.446614,0.1116535,0.0,0.0
1011,5.055,solver_5ms,0.016926587215193578,0.0,3.8217180203195577e-05,0.000310996631687197,0.002360985159528498,0.0,0.3830996604097212,0.461887,0.11547175,0.0,0.0
1012,5.0600000000000005,solver_5ms,0.005520665868896657,0.0,5.4057098788509275e-05,0.0002515817282862434,0.0018621694157355908,0.0,0.38331809396112004,0.4543968,0.1135992,0.0,0.0
1013,5.065,solver_5ms,0.008337134455027595,0.0,0.00011950374903085265,0.0003420158533869115,0.001937646072365184,0.0,0.3835016273156987,0.46655379999999996,0.11663844999999999,0.0,0.0
1014,5.07,solver_5ms,0.033085623823980725,0.0,0.00013061826035272415,0.00017850982544018607,0.000878311388058585,0.0,0.3836929329968072,0.445003,0.11125075,0.0,0.0
1015,5.075,solver_5ms,0.03427167855063473,0.0,0.00015335737890651705,0.00017042141011886107,0.0007424155636248171,0.0,0.38382807510274136,0.4462474,0.11156185,0.0,0.0
1016,5.08,solver_5ms,0.03330621334285411,0.0,0.00014837934457679805,0.00018301795051582544,0.000586185033732106,0.0,0.38397688014791637,0.446554,0.1116385,0.0,0.0
1017,5.085,solver_5ms,0.02785588842924014,0.0,5.214772200120107e-05,0.00017632488908238364,0.0017251769061411026,0.0,0.38414152462650275,0.44558819999999993,0.11139704999999998,0.0,0.0
1018,5.09,solver_5ms,0.016587610451868073,0.0,3.06922599151078e-05,0.00022298986336764215,0.002164938971088024,0.0,0.3842353968769024,0.4363968,0.1090992,0.0,0.0
1019,5.095,solver_5ms,0.008315488575494356,0.0,2.1604273527937132e-05,0.00014415822483088706,0.0010771329166453236,0.0,0.3843127050373048,0.4450192,0.1112548,0.0,0.0
1020,5.1000000000000005,solver_5ms,0.03213418836578441,0.0,7.265407670913119e-05,0.00014021794594514927,0.0007347328410497138,0.0,0.3843262026309769,0.44506899999999994,0.11126724999999998,0.0,0.0
1021,5.105,solver_5ms,0.0029527491562930663,0.0,0.00013795332959264854,0.00014650732076863782,0.0013523107288047666,0.0,0.38436658112000477,0.4416808,0.1104202,0.0,0.0
1022,5.11,solver_5ms,0.03619643126895333,0.0,6.760077316186801e-05,0.00016363201726862529,0.0009781157221708148,0.0,0.38432273242376147,0.4521186,0.11302965,0.0,0.0
1023,5.115,solver_5ms,0.03798691985967828,0.0,0.0001586788852345282,0.000285282629887934,0.0013479996721826655,0.0,0.38425261877773215,0.4541022,0.11352555,0.0,0.0
1024,5.12,solver_5ms,0.03580936658309497,0.0,0.0001423920112966126,0.0002442616168048118,0.0011150642940727417,0.0,0.38418877650046307,0.4446724,0.1111681,0.0,0.0
1025,5.125,solver_5ms,0.015343819270707826,0.0,5.010119399738119e-05,0.00031849459963383543,0.002541958503895095,0.0,0.3840677522648515,0.4698842,0.11747105,0.0,0.0
1026,5.13,solver_5ms,0.036072565767764075,0.0,0.00013927201220558639,0.00025486766801500907,0.0012069466101323606,0.0,0.38394637259573056,0.4505414,0.11263535,0.0,0.0
1027,5.135,solver_5ms,0.039322981676415125,0.0,0.0001279325237456895,0.00027025945453978734,0.0014906701558456698,0.0,0.3837871236243708,0.44612120000000005,0.11153030000000001,0.0,0.0
1028,5.14,solver_5ms,0.004973751965842155,0.0,0.00016166694614893254,0.00018029154268767565,0.0008924477275561337,0.0,0.38353878628879434,0.4558316,0.1139579,0.0,0.0
1029,5.1450000000000005,solver_5ms,0.0327394562849026,0.0,4.582319001193595e-05,0.00031786176012187214,0.0025516349179434427,0.0,0.38339015182853,0.45259340000000003,0.11314835000000001,0.0,0.0
1030,5.15,solver_5ms,0.009406733725292327,0.0,8.603852874620468e-05,0.00010801021426786321,0.0007561453064246246,0.0,0.38307743345438106,0.45738840000000003,0.11434710000000001,0.0,0.0
1031,5.155,solver_5ms,0.032043892539412866,0.0,6.514472246111095e-05,0.0003612847287651405,0.0026610714098860176,0.0,0.3828190430982039,0.45630240000000005,0.11407560000000001,0.0,0.0
1032,5.16,solver_5ms,0.013639740031878844,0.0,8.560116932054265e-05,0.00011732977799580481,0.0008879307378737266,0.0,0.3824421634281232,0.4615362,0.11538405,0.0,0.0
1033,5.165,solver_5ms,0.024868708481395885,0.0,4.257316893282438e-05,0.00029294966228916733,0.0019284892579196228,0.0,0.3821039904764949,0.43722039999999995,0.10930509999999999,0.0,0.0
1034,5.17,solver_5ms,0.0036542935344385796,0.0,0.00011388438701875809,0.00047002790747254386,0.004582112278382087,0.0,0.381694865434805,0.4482412,0.1120603,0.0,0.0
1035,5.175,solver_5ms,0.0028004487617749874,0.0,0.00011421168812485862,0.00018157646434410052,0.001153660056487841,0.0,0.38119479775782167,0.45610600000000007,0.11402650000000002,0.0,0.0
1036,5.18,solver_5ms,0.0389013543600214,0.0,0.00010890262256112533,0.0005506663521923212,0.004989769658377705,0.0,0.38071581798864385,0.45329080000000005,0.11332270000000001,0.0,0.0
1037,5.1850000000000005,solver_5ms,0.053800178201335314,0.0,9.280725500949123e-05,0.00012568526854720688,0.00047931950733163815,0.0,0.38015287753537236,0.45589759999999996,0.11397439999999999,0.0,0.0
1038,5.19,solver_5ms,0.07120059264398293,0.0,0.0001410743289801795,0.00017729828799986668,0.0010289142051649416,0.0,0.379561386416723,0.4477142,0.11192855,0.0,0.0
1039,5.195,solver_5ms,0.07366959334231815,0.0,0.00021877860278698267,0.00018637335424881955,0.000910310689471158,0.0,0.3789075091799166,0.4631472,0.1157868,0.0,0.0
1040,5.2,solver_5ms,0.016789112808335283,0.0,0.00024944364083726023,0.0003703009437338713,0.0036361827456443422,0.0,0.3782615566816843,0.4570176,0.1142544,0.0,0.0
1041,5.205,solver_5ms,0.01857510933261919,0.0,0.00022482677349568267,0.0003238381669881684,0.0032936484751779757,0.0,0.37754925540624745,0.4580358,0.11450895,0.0,0.0
1042,5.21,solver_5ms,0.005352518428480835,0.0,2.8624813587135805e-05,7.525810978395489e-05,0.0004980519528571578,0.0,0.37675521559009706,0.44911080000000003,0.11227770000000001,0.0,0.0
1043,5.215,solver_5ms,0.009253350733220977,0.0,2.0514429289678093e-05,6.50298071575629e-05,0.000622413384674238,0.0,0.37596394513248266,0.45370540000000004,0.11342635000000001,0.0,0.0
1044,5.22,solver_5ms,0.017997200778274713,0.0,8.188037632493009e-05,0.0002729331955319787,0.002472639315863064,0.0,0.37509546444591785,0.4538718,0.11346795,0.0,0.0
1045,5.2250000000000005,solver_5ms,0.0286198660257031,0.0,6.795127320927348e-05,0.0002926921150642883,0.0026968351141530614,0.0,0.37418220008646286,0.4557492,0.1139373,0.0,0.0
1046,5.23,solver_5ms,0.044007590627170856,0.0,0.00014207932599496912,0.0005165522367766457,0.004793829140469122,0.0,0.37319442809066056,0.430672,0.107668,0.0,0.0
1047,5.235,solver_5ms,0.04416085448710749,0.020869088248945733,9.630360872688154e-05,0.00026176011458369284,0.002978115258693881,0.0,0.37218727699339277,0.43000479999999996,0.10750119999999999,0.0,0.0
1048,5.24,solver_5ms,0.04631420386091989,0.03708378011199709,7.197471826634257e-05,0.00042008495182688303,0.003593870166539611,0.0,0.37101359104417103,0.46050420000000003,0.11512605000000001,0.0,0.0
1049,5.245,solver_5ms,0.038044201816633816,0.057301498077874324,4.0277556100832986e-05,0.0004090190492000839,0.0035886478109464644,0.0,0.3699237583936421,0.47522420000000004,0.11880605000000001,0.0,0.0
1050,5.25,solver_5ms,0.008942386414689807,0.0797953869742889,9.707721179769746e-05,0.00029806372421227,0.0018651950529592787,0.0,0.3687669880636794,0.43511639999999996,0.10877909999999999,0.0,0.0
1051,5.255,solver_5ms,0.018116180777738577,0.09529278909685512,0.00015770598678606221,0.0005741844894870644,0.005835415755069869,0.0,0.36741534771465967,0.45923379999999997,0.11480844999999999,0.0,0.0
1052,5.26,solver_5ms,0.010278732726076711,0.12337081870511002,0.00010488693433555493,0.00022745487870636527,0.0016872033066381428,0.0,0.3660618434321572,0.454966,0.1137415,0.0,0.0
1053,5.265,solver_5ms,0.0014214421306668612,0.14466629360960037,0.00013986222507904786,0.00020264045841024192,0.0008039206516285076,0.0,0.364864293300628,0.44532560000000004,0.11133140000000001,0.0,0.0
1054,5.2700000000000005,solver_5ms,0.0024094982953304367,0.16757988916999456,6.712798777737585e-05,0.00011495570453808097,0.0004946681662029766,0.0,0.36333029672774925,0.4610714,0.11526785,0.0,0.0
1055,5.275,solver_5ms,0.024082713601103478,0.1834310897695608,0.00014173560874060625,0.00037404525726869917,0.0023087487838983414,0.0,0.36186011054345063,0.4467504,0.1116876,0.0,0.0
1056,5.28,solver_5ms,0.00475056521898054,0.21098178637771647,9.359146540457735e-05,0.0001117264514505194,0.0005959093984473228,0.0,0.36025413843497966,0.4521866,0.11304665,0.0,0.0
1057,5.285,solver_5ms,0.02475939175905495,0.22818823911412256,8.312122027512913e-05,0.0003110051412684583,0.0021634551141741787,0.0,0.3586895478252397,0.4399696,0.1099924,0.0,0.0
1058,5.29,solver_5ms,0.01257352971739678,0.25248232005888227,9.857160875462309e-05,0.00021600714012020588,0.002254951538740266,0.0,0.35695526599078997,0.47132879999999994,0.11783219999999998,0.0,0.0
1059,5.295,solver_5ms,0.06250242823302443,0.27106495732176117,9.939477281997082e-05,0.0003603718698874376,0.00268907259507998,0.0,0.3553137595963836,0.47226260000000003,0.11806565000000001,0.0,0.0
1060,5.3,solver_5ms,0.059566514221121025,0.29743423063001184,0.00019555466561499877,0.00013942884445997044,0.0008309827689438076,0.0,0.3534999731682368,0.4532266,0.11330665,0.0,0.0
1061,5.305,solver_5ms,0.03942912246701624,0.3170636201698509,0.000104527973973438,0.0002607692529583056,0.001564350051965588,0.0,0.35163820302699467,0.46443379999999995,0.11610844999999999,0.0,0.0
1062,5.3100000000000005,solver_5ms,0.0689704279799308,0.33992235440789587,0.0002262983897547578,0.0002293105926743311,0.001261267234416475,0.0,0.3498393687486383,0.4531684,0.1132921,0.0,0.0
1063,5.315,solver_5ms,0.08543709351105377,0.36250945225303577,0.00018190397178278946,0.0002046944010015193,0.0012837208979125311,0.0,0.34789994546873726,0.4520044,0.1130011,0.0,0.0
1064,5.32,solver_5ms,0.025421158234006924,0.3857785629076117,0.00012288956928763737,0.00010783801778176062,0.0007138286883113318,0.0,0.34583234924823514,0.447672,0.111918,0.0,0.0
1065,5.325,solver_5ms,0.016791293355744585,0.40381631028546905,0.00016423014796004116,0.00028243634254231624,0.0026679632999550033,0.0,0.34374086938012527,0.45077399999999995,0.11269349999999999,0.0,0.0
1066,5.33,solver_5ms,0.04828111729859863,0.4199520080354898,0.00017463710010859798,0.0005193540419746706,0.003203875406331133,0.0,0.3416806649431479,0.47772079999999995,0.11943019999999999,0.0,0.0
1067,5.335,solver_5ms,0.014605523734889658,0.4437064999886122,0.00011657785594741792,0.00040021361051283165,0.0026162260459480107,0.0,0.3396272626093861,0.444392,0.111098,0.0,0.0
1068,5.34,finite_support,0.013815094901392655,0.46837764070647336,0.00018939785552405766,0.00020662947622741168,0.0006322095955811456,0.0,0.3374214143619917,0.4501628,0.1125407,0.0,0.0
1069,5.345,finite_support,0.029377980603761955,0.48621211139093445,0.00026689620221019106,0.0003203489710603189,0.0021642361372006826,0.0,0.33520159292816465,0.452938,0.1132345,0.0,0.0
1070,5.3500000000000005,finite_support,0.027398510543674703,0.5079261178969436,0.00016577245715872191,0.00023796513448908716,0.0012628353406007996,0.0,0.3329853861768829,0.4595124,0.1148781,0.0,0.0
1071,5.355,finite_support,0.020875698392153197,0.5253399750430848,0.0003619798251755804,0.0003611735229211722,0.0018332061095613602,0.0,0.33091521346415453,0.4579896,0.1144974,0.0,0.0
1072,5.36,finite_support,0.024551393557059598,0.5484261621195596,0.0001623795330368272,0.00013516533428151013,0.0006719233810236328,0.0,0.32854578140924107,0.4463276,0.1115819,0.0,0.0
1073,5.365,finite_support,0.025538183026641015,0.5636749541062267,9.911810686873319e-05,0.00029632825495297247,0.0031858893057156936,0.0,0.32636393309324907,0.4562684,0.1140671,0.0,0.0
1074,5.37,finite_support,0.031042575454609533,0.5841043207358044,0.0001218786181807572,0.00014354681825775621,0.00040140959741802784,0.0,0.32417635598749095,0.46579440000000005,0.11644860000000001,0.0,0.0
1075,5.375,finite_support,0.030490802244154125,0.5998878426128409,8.20096477081866e-05,0.00018571491843947485,0.0010801868195782784,0.0,0.321995010843731,0.46404700000000004,0.11601175000000001,0.0,0.0
1076,5.38,finite_support,0.01744853220242426,0.6170646553743573,8.17059460284079e-05,0.00011675642375747558,0.0007521417253815615,0.0,0.31984027619969063,0.4573844,0.1143461,0.0,0.0
1077,5.385,finite_support,0.03182056024925162,0.6271235679274381,0.00011055568944119557,0.0003553462166068358,0.0027792092154570462,0.0,0.31780970075218296,0.46133199999999996,0.11533299999999999,0.0,0.0
1078,5.39,finite_support,0.045035437358509345,0.6398896548881705,0.0001533822731053431,0.0004128046638790406,0.003784838569530269,0.0,0.315794035298473,0.4532846,0.11332115,0.0,0.0
1079,5.3950000000000005,finite_support,0.014815732668482795,0.6524984511715617,0.00018973398603684688,0.0003997003378413751,0.0021075116083807692,0.0,0.3138221355215205,0.46732520000000005,0.11683130000000001,0.0,0.0
1080,5.4,finite_support,0.08581853734590528,0.6651205327269368,0.0002885802147056559,0.00034773119506381514,0.0013971346521541926,0.0,0.3119990483629275,0.4644196,0.1161049,0.0,0.0
1081,5.405,finite_support,0.04133043785686796,0.6761351505059041,7.763133167911201e-05,0.0003065148657218929,0.0027920319850069605,0.0,0.31016892375223315,0.45408819999999994,0.11352204999999999,0.0,0.0
1082,5.41,finite_support,0.006762688846417841,0.6785568321840649,0.0001028403514445695,0.0006104247178043528,0.005535885206370369,0.0,0.3084740748495935,0.4741502,0.11853755,0.0,0.0
1083,5.415,finite_support,0.03710980923596341,0.6849744770650522,0.00015669090957924357,0.0006363629018093297,0.005259992013461453,0.0,0.3069733300883568,0.4773742,0.11934355,0.0,0.0
1084,5.42,finite_support,0.031049971621621708,0.7003015855276118,5.9226462126979206e-05,0.00015243255864748532,0.0008353158726929525,0.0,0.30564633736010294,0.4519242,0.11298105,0.0,0.0
1085,5.425,finite_support,0.029347937274826208,0.6982885899460084,0.0003304913539925107,0.00044585752987690805,0.003576518382098141,0.0,0.30449345875668077,0.4632094,0.11580235,0.0,0.0
1086,5.43,finite_support,0.0143320022516491,0.7062381470064192,5.3130265771871065e-05,0.00014655200716781215,0.0010223532691111606,0.0,0.3034330886347243,0.459733,0.11493325,0.0,0.0
1087,5.4350000000000005,finite_support,0.03205487195123702,0.6960832280935679,0.00027152189624827155,0.0006388258694514602,0.003007345153011903,0.0,0.3026470273856544,0.4343768,0.1085942,0.0,0.0
1088,5.44,finite_support,0.03650638242223836,0.7009920846623126,9.07861943614526e-05,0.0003057186486169363,0.002381106936148455,0.0,0.30193215552044433,0.4797386,0.11993465,0.0,0.0
1089,5.445,finite_support,0.008170945170471455,0.6952276694242105,0.00018969316767113606,0.000399695805131253,0.003378139329603922,0.0,0.30144807933094564,0.4408392,0.1102098,0.0,0.0
1090,5.45,finite_support,0.004571414774501292,0.6855273581630021,0.00018216350123579804,0.0006056250125579204,0.006266363767981498,0.0,0.3013839990723604,0.4708418,0.11771045,0.0,0.0
1091,5.455,finite_support,0.0064726292034467114,0.6870115234901726,9.206360815814265e-05,0.00011639167736139579,0.0009201041743750308,0.0,0.30121425158105514,0.4419994,0.11049985,0.0,0.0
1092,5.46,finite_support,0.0025920599000528455,0.6709625649222223,0.00019188918506509323,0.0003771277724106357,0.003402018504023053,0.0,0.3015964848563003,0.46699260000000004,0.11674815000000001,0.0,0.0
1093,5.465,finite_support,0.00573857992375304,0.6550155825952675,0.00029230707970958865,0.0005541871612275471,0.006293409653785674,0.0,0.3019656218715013,0.45502,0.113755,0.0,0.0
1094,5.47,finite_support,0.018771225546165837,0.6452550553752809,0.00022688050339147013,0.00023655425745748866,0.0009693263836766586,0.0,0.30274597451510304,0.446542,0.1116355,0.0,0.0
1095,5.4750000000000005,finite_support,0.019982471157354437,0.6275218514584081,0.00023105865554104375,0.00023801547932113197,0.0009440725454194449,0.0,0.30373567140613555,0.4409214,0.11023035,0.0,0.0
1096,5.48,finite_support,0.019964477467049324,0.6097912585780744,5.132021475809633e-05,0.0001301215765326292,0.001175563751799105,0.0,0.3049773333027955,0.449209,0.11230225,0.0,0.0
1097,5.485,finite_support,0.0009379164112033322,0.5835130118891347,5.2749992385814935e-05,0.0003101269873099428,0.0030858540112206536,0.0,0.3065379186180298,0.45424840000000005,0.11356210000000001,0.0,0.0
1098,5.49,finite_support,0.00460133892793424,0.5565905384870822,8.252922252725205e-05,0.00040111686047361036,0.003914110550739296,0.0,0.3081822527704132,0.4643036,0.1160759,0.0,0.0
1099,5.495,finite_support,0.011159980372547201,0.5319200314095964,9.021815676531596e-05,0.00024367124694009044,0.0027353719163215984,0.0,0.3102694879365237,0.4601176,0.1150294,0.0,0.0
1100,5.5,finite_support,0.020539896479075843,0.4952391024216872,5.28648694909475e-05,0.0005295809528849925,0.00411030346748886,0.0,0.3124885033247123,0.4349942,0.10874855,0.0,0.0
1101,5.505,finite_support,0.020892706874720435,0.462285994770544,5.4235833613026316e-05,0.0005249458379380165,0.004101155015923023,0.0,0.3149704921119868,0.43187420000000004,0.10796855000000001,0.0,0.0
1102,5.51,solver_5ms,0.0048128557888181545,0.4276778022537582,0.00022720449074310593,0.000466185650310912,0.002403226097364779,0.0,0.3176617394942258,0.465085,0.11627125,0.0,0.0
1103,5.515,solver_5ms,0.02196884644144713,0.3889795008758159,3.0938570424827234e-05,0.000484803947574511,0.0038030391833182822,0.0,0.320651687481254,0.43028320000000003,0.10757080000000001,0.0,0.0
1104,5.5200000000000005,solver_5ms,0.021984859742802353,0.34785916855817023,3.063760352125771e-05,0.0004825771901986884,0.0037961205961816995,0.0,0.3238416176704986,0.43265780000000004,0.10816445000000001,0.0,0.0
1105,5.525,solver_5ms,0.02187823047821084,0.3032788957109632,6.933101890779952e-05,0.0005124290264685413,0.003922887716108097,0.0,0.32728027973013435,0.43310240000000005,0.10827560000000001,0.0,0.0
1106,5.53,solver_5ms,0.02191537618513264,0.25670296819521454,6.036019339990164e-05,0.0005019330279451014,0.0038636747216853518,0.0,0.33092041664103516,0.44015379999999993,0.11003844999999998,0.0,0.0
1107,5.535,solver_5ms,0.07713159160314358,0.2057724319743378,0.0001391681434506031,0.0005816973171284829,0.005547257081447137,0.0,0.33486104159069513,0.44099340000000004,0.11024835000000001,0.0,0.0
1108,5.54,preference_clipping,0.04849844970067352,0.9999999999999998,6.959635521322119e-12,3.1523815490491566e-15,0.0,0.0,0.2664710997455977,0.8427208,0.2106802,1.0,1.0
1109,5.545,finite_support,0.04901332673057368,1.0,6.964067380535699e-12,3.1080154611660177e-15,0.0,0.0,0.26647438668442885,0.8351484,0.2087871,1.0,1.0
1110,5.55,finite_support,0.025963702021680746,1.0,6.9653165093952624e-12,3.1703517777076724e-15,0.0,0.0,0.26647695248231595,0.8464918,0.21162295,1.0,1.0
1111,5.555,preference_clipping,0.04958087274076206,0.9999978425589089,1.387776703750352e-05,4.365792346366911e-05,0.0,0.0,0.26443236942059895,0.8372523999999999,0.20931309999999997,1.0,0.0
1112,5.5600000000000005,finite_support,0.02196247628205583,1.0,6.965737241548547e-12,3.17996402388972e-15,0.0,0.0,0.26648086889806744,0.8442536,0.2110634,1.0,1.0
1113,5.565,finite_support,0.021538057448644565,1.0,6.966497845902669e-12,5.619566443264111e-15,0.0,0.0,0.2664824832730498,0.8323392,0.2080848,1.0,1.0
1114,5.57,preference_clipping,0.014691237115727063,0.9999999999999998,6.967656868098546e-12,3.1863921915401433e-15,0.0,0.0,0.2664839657599715,0.8257907999999999,0.20644769999999998,1.0,1.0
1115,5.575,finite_support,0.05676068504101295,1.0,6.966358498652982e-12,3.1002697289731814e-15,0.0,0.0,0.2664853565619671,0.8377092,0.2094273,1.0,1.0
1116,5.58,preference_clipping,0.056844573492753625,0.9999999999999998,6.9680301649323434e-12,3.166510595161844e-15,0.0,0.0,0.26648668123766556,0.8335232,0.2083808,1.0,1.0
1117,5.585,finite_support,0.05692375459886989,1.0,6.968191491262837e-12,3.1710221106548504e-15,0.0,0.0,0.26648795617723225,0.8180602,0.20451505,1.0,1.0
1118,5.59,finite_support,0.011396883436987082,1.0,6.967098500139408e-12,7.147835215873308e-15,0.0,0.0,0.2664891919090393,0.8396188,0.2099047,1.0,1.0
1119,5.595,preference_clipping,0.05694257287913729,0.9999986998164666,1.537713861841851e-05,4.858795955396493e-05,0.0,0.0,0.26444119380217335,0.8383446,0.20958615,1.0,0.0
1120,5.6000000000000005,preference_clipping,0.05704898775604761,0.9999990013163922,1.5287113186719303e-05,4.8689437512267694e-05,0.0,0.0,0.26444258066361015,0.8415404000000001,0.21038510000000002,1.0,0.0
1121,5.605,preference_clipping,0.010599676691924742,0.9999980399951567,0.00010762392190215765,6.679928858412862e-05,0.0,0.0,0.2644634873105073,0.843923,0.21098075,1.0,0.0
1122,5.61,preference_clipping,0.05732725405493966,0.9999999999999974,6.999878292543658e-12,1.352915975311458e-13,0.0,0.0,0.26649384761165756,0.8332188,0.2083047,1.0,1.0
1123,5.615,preference_clipping,0.05742513131679061,0.9999999999999974,6.999951014874822e-12,1.2958030212651817e-13,0.0,0.0,0.2664949522603827,0.8399816000000001,0.20999540000000003,1.0,1.0
1124,5.62,preference_clipping,0.05781586320807719,0.9999990880907565,1.584540006846599e-05,4.996283546665178e-05,0.0,0.0,0.26444654868905776,0.8211198000000001,0.20527995000000002,1.0,0.0
1125,5.625,preference_clipping,0.0578602499246017,0.9999990707002946,1.5710770202664447e-05,4.9948798762367626e-05,0.0,0.0,0.2644476780272171,0.8210458,0.20526145,1.0,0.0
1126,5.63,preference_clipping,0.05792282209426958,0.9999990876034207,1.5797829018832672e-05,4.996939450717805e-05,0.0,0.0,0.26444878078800027,0.838635,0.20965875,1.0,0.0
1127,5.635,preference_clipping,0.011203676875126689,0.9999999999999998,6.972510584268488e-12,3.2231068253297058e-15,0.0,0.0,0.26649916012668406,0.7971586,0.19928965,1.0,1.0
1128,5.64,preference_clipping,0.031866440042271904,0.9999999999999998,6.9691224077780765e-12,3.2141319338285365e-15,0.0,0.0,0.2665001606826028,0.823837,0.20595925,1.0,1.0
1129,5.6450000000000005,finite_support,0.030227750857925173,1.0,6.971061854373737e-12,3.1648295349080266e-15,0.0,0.0,0.2665011409185119,0.8242898,0.20607245,1.0,1.0
1130,5.65,finite_support,0.058148907911004244,1.0,6.9695334948466374e-12,3.146730076289613e-15,0.0,0.0,0.2665021009189932,0.8591678,0.21479195,1.0,1.0
1131,5.655,finite_support,0.02859799341781155,1.0,6.96940996257145e-12,3.2575122856081754e-15,0.0,0.0,0.2665030407300653,0.8393724,0.2098431,1.0,1.0
1132,5.66,finite_support,0.058076432551956714,1.0,6.972550967936851e-12,3.1997027996381998e-15,0.0,0.0,0.26650396048672276,0.8865556,0.2216389,1.0,1.0
1133,5.665,preference_clipping,0.058186699902762484,0.9999999999999993,6.980500654172164e-12,4.373957426552443e-14,0.0,0.0,0.26650486025884823,0.8443778000000001,0.21109445000000002,1.0,1.0
1134,5.67,finite_support,0.028661134576779546,1.0,6.9723391820987995e-12,3.191650050089703e-15,0.0,0.0,0.26650574017485945,0.8228951999999999,0.20572379999999998,1.0,1.0
1135,5.675,finite_support,0.027098370769529367,1.0,6.9695511109591695e-12,3.2112190858432993e-15,0.0,0.0,0.2665066003958159,0.8213121999999999,0.20532804999999998,1.0,1.0
1136,5.68,finite_support,0.03523581704190093,1.0,6.971639622034178e-12,3.2351413026488593e-15,0.0,0.0,0.2665074410749804,0.8209396000000001,0.20523490000000003,1.0,1.0
1137,5.6850000000000005,finite_support,0.03410349364019183,1.0,6.972574722235763e-12,3.163582567304699e-15,0.0,0.0,0.2665082623930528,0.8281152,0.2070288,1.0,1.0
1138,5.69,preference_clipping,0.05866365171414145,0.9999999999999998,6.97127817060301e-12,3.2303262499230593e-15,0.0,0.0,0.26650906456157636,0.834465,0.20861625,1.0,1.0
1139,5.695,finite_support,0.058733862218218746,1.0,6.971619311357773e-12,3.2216059219166684e-15,0.0,0.0,0.26650984777635117,0.8379658,0.20949145,1.0,1.0
1140,5.7,finite_support,0.058795324164861995,1.0,6.9705420583191516e-12,3.2330325775966243e-15,0.0,0.0,0.2665106122809246,0.8152368000000001,0.20380920000000002,1.0,1.0
1141,5.705,preference_clipping,0.05883360465475107,0.9999999999999994,6.9838312842787415e-12,4.188937100180476e-14,0.0,0.0,0.2665113583208086,0.8294075999999999,0.20735189999999998,1.0,1.0
1142,5.71,finite_support,0.020487464502672026,1.0,6.969332531610391e-12,3.2089402839435306e-15,0.0,0.0,0.2665120861512827,0.8256946,0.20642365,1.0,1.0
1143,5.715,preference_clipping,0.02280606814508701,0.9999999999999998,6.970326967336105e-12,3.247765702663213e-15,0.0,0.0,0.2665127960576918,0.829658,0.2074145,1.0,1.0
1144,5.72,preference_clipping,0.059457772039195333,0.9999999999999993,6.990376566287893e-12,5.873451376585552e-14,0.0,0.0,0.26651348831926885,0.8383023999999999,0.20957559999999997,1.0,1.0
1145,5.7250000000000005,preference_clipping,0.059448379552407005,0.999999684877809,1.9792217045088465e-05,5.448936771416746e-05,0.0,0.0,0.26446431566175077,0.8371342,0.20928355,1.0,0.0
1146,5.73,finite_support,0.025075802545515558,1.0,6.971619151239671e-12,3.258620337845556e-15,0.0,0.0,0.2665148210328125,0.820208,0.205052,1.0,1.0
1147,5.735,preference_clipping,0.05968880945061983,0.999999281349365,1.6923256066995167e-05,5.343037594882945e-05,0.0,0.0,0.2644659400933003,0.8436604,0.2109151,1.0,0.0
1148,5.74,preference_clipping,0.059750338010644555,0.9999990928170969,1.7114778550242846e-05,5.309369025821755e-05,0.0,0.0,0.2644659042372911,0.832333,0.20808325,1.0,0.0
1149,5.745,finite_support,0.027613739073117927,1.0,6.97190380893428e-12,3.247650576054614e-15,0.0,0.0,0.26651669518276583,0.8318222,0.20795555,1.0,1.0
1150,5.75,preference_clipping,0.05838088901199967,0.9999976517613499,1.6999348235454048e-05,5.6748352243547e-05,0.0,0.0,0.26446337240595336,0.8391139999999999,0.20977849999999998,1.0,0.0
1151,5.755,preference_clipping,0.029894202391300695,0.9999999999999998,6.970929474897745e-12,3.2337839030382476e-15,0.0,0.0,0.2665178649576956,0.8340262,0.20850655,1.0,1.0
1152,5.76,finite_support,0.016523449275496205,1.0,6.972046842842095e-12,3.256456445365612e-15,0.0,0.0,0.26651842689879046,0.8228072,0.2057018,1.0,1.0
1153,5.765,finite_support,0.01572094260327006,1.0,6.972113649100866e-12,3.217116732083207e-15,0.0,0.0,0.2665189739632321,0.8241995999999999,0.20604989999999998,1.0,1.0
1154,5.7700000000000005,preference_clipping,0.05891760412879421,0.9999977680977762,1.7827370004671325e-05,5.733516131080867e-05,0.0,0.0,0.264465718596642,0.8303434,0.20758585,1.0,0.0
1155,5.775,preference_clipping,0.05898350696753596,0.9999977587248184,1.7917575132559922e-05,5.742086740370761e-05,0.0,0.0,0.2644662774947115,0.8199415999999999,0.20498539999999998,1.0,0.0
1156,5.78,finite_support,0.016742474073794256,1.0,6.9713811553575095e-12,3.250204329319132e-15,0.0,0.0,0.2665205290853039,0.8291270000000001,0.20728175000000001,1.0,1.0
1157,5.785,finite_support,0.015799406227756663,1.0,6.972030602891512e-12,3.2233570126323907e-15,0.0,0.0,0.26652101982098997,0.8294458,0.20736145,1.0,1.0
1158,5.79,finite_support,0.015467360725551771,1.0,6.970775806847209e-12,3.2303909725843906e-15,0.0,0.0,0.266521497258565,0.8172646,0.20431615,1.0,1.0
1159,5.795,preference_clipping,0.015097274491473654,0.6745915331219412,6.971672964144993e-12,5.5459718348769725e-15,0.0,0.0,0.2593806880844064,0.7569466,0.18923665,1.0,1.0
1160,5.8,solver_5ms,0.05684712309436374,0.9999987460344485,2.672573697661248e-05,8.643353720210031e-05,0.0,0.0,0.2552884970746543,1.1375397999999999,0.28438494999999997,1.0,1.0
1161,5.805,preference_clipping,0.014342427168719214,0.7477381653055564,6.970934572357282e-12,1.0260214236752e-14,0.0,0.0,0.2600268871902945,0.7393272,0.1848318,1.0,1.0
1162,5.8100000000000005,solver_5ms,0.05713820768944367,0.9999983906559723,2.4722654025697804e-05,7.923125060112549e-05,0.0,0.0,0.25619174072568884,1.1516826,0.28792065,1.0,1.0
1163,5.815,solver_5ms,0.05701525985414127,0.9999982471509588,2.159665710862909e-05,7.325802238392273e-05,0.0,0.0,0.2566442217428414,1.1390268,0.2847567,1.0,1.0
1164,5.82,preference_clipping,0.05704839805009904,0.8651886509566246,6.972733570251613e-12,1.1041048188262208e-15,0.0,0.0,0.26098616252610035,0.7416196,0.1854049,1.0,1.0
1165,5.825,preference_clipping,0.013362397716600905,0.9002074151508537,6.972410636651755e-12,3.797890131050083e-15,0.0,0.0,0.26128265339059087,0.7262086,0.18155215,1.0,1.0
1166,5.83,preference_clipping,0.01330078328859527,0.9367693462669486,6.973015598462138e-12,6.526294392617225e-15,0.0,0.0,0.2615796215550218,0.7535962,0.18839905,1.0,1.0
1167,5.835,preference_clipping,0.013285577668804753,0.9749866155180359,6.973630924383437e-12,9.264714893505765e-15,0.0,0.0,0.26187714858839006,0.7458395999999999,0.18645989999999998,1.0,1.0
1168,5.84,preference_clipping,0.013430531292344583,0.9999999999999998,6.973344225379731e-12,1.0511450942162823e-15,0.0,0.0,0.2622025630433876,0.7343318,0.18358295,1.0,1.0
1169,5.845,finite_support,0.014835440341942193,1.0,6.972891558705017e-12,4.007416987960857e-15,0.0,0.0,0.26257535553395067,0.7374718,0.18436795,1.0,1.0
1170,5.8500000000000005,finite_support,0.014269365409300462,1.0,6.972534282407727e-12,6.954315805023091e-15,0.0,0.0,0.26294913358811534,0.7527506,0.18818765,1.0,1.0
1171,5.855,finite_support,0.014794151471477078,1.0,6.9700738446147644e-12,9.929887204875528e-15,0.0,0.0,0.2633240095217079,0.7305028,0.1826257,1.0,1.0
1172,5.86,preference_clipping,0.056804180966698745,0.9999999999999997,6.969339542543484e-12,1.2944487514829556e-14,0.0,0.0,0.2637001000294815,0.7761308,0.1940327,1.0,1.0
1173,5.865,finite_support,0.01631928704393341,1.0,6.9702935797743995e-12,1.5968036782266035e-14,0.0,0.0,0.2640775263117722,0.7411608000000001,0.18529020000000002,1.0,1.0
1174,5.87,finite_support,0.026959271732133007,1.0,6.969601614229053e-12,1.9050660235233298e-14,0.0,0.0,0.2644564143003837,0.7345642,0.18364105,1.0,1.0
1175,5.875,finite_support,0.05772899520799967,1.0,6.967869551318282e-12,2.214223822718552e-14,0.0,0.0,0.26483689476720235,0.763497,0.19087425,1.0,1.0
1176,5.88,finite_support,0.057518136073281496,1.0,6.970105401327084e-12,2.7653949876708298e-14,0.0,0.0,0.26521910347862576,0.7631764,0.1907941,1.0,1.0
1177,5.885,finite_support,0.02882653616677333,1.0,6.967176535759891e-12,2.852580043444265e-14,0.0,0.0,0.26560318174445813,0.7373736,0.1843434,1.0,1.0
1178,5.89,finite_support,0.033069577883904945,1.0,6.966230884979231e-12,3.1633888401181493e-14,0.0,0.0,0.26598927489930524,0.754526,0.1886315,1.0,1.0
1179,5.8950000000000005,preference_clipping,0.024690103538331943,0.9999999999999998,6.963501806297501e-12,3.504126444422618e-14,0.0,0.0,0.2663775361454972,0.7413109999999999,0.18532774999999999,1.0,1.0
1180,5.9,finite_support,0.02815254857035411,1.0,6.9614053062593836e-12,3.7993520875955814e-14,0.0,0.0,0.2667681217323426,0.7509794,0.18774485,1.0,1.0
1181,5.905,preference_clipping,0.05542652402990662,0.9999999999999994,6.958312297735991e-12,0.007814691789092314,0.0,0.0,0.2663120995534413,0.7017622,0.17544055,1.0,1.0
1182,5.91,finite_support,0.05517178808199497,1.0,6.957035920659225e-12,8.148548474739561e-15,0.0,0.0,0.267393063603276,0.7229684000000001,0.18074210000000002,1.0,1.0
1183,5.915,finite_support,0.054761680943587715,1.0,6.954310132000236e-12,0.024940643165582414,0.0,0.0,0.265243601953488,0.7087794,0.17719485,1.0,1.0
1184,5.92,finite_support,0.020290393483771672,1.0,6.9535260346179415e-12,0.033445233583153884,0.0,0.0,0.2647190379574708,0.7019164,0.1754791,1.0,1.0
1185,5.925,finite_support,0.05366612100253542,1.0,6.9499821922471935e-12,2.1326371800118246e-14,0.0,0.0,0.268337514638201,0.6945286,0.17363215,1.0,1.0
1186,5.93,finite_support,0.05288200897551843,1.0,6.947475195872222e-12,2.5725767370596752e-14,0.0,0.0,0.26865811297166364,0.7043149999999999,0.17607874999999998,1.0,1.0
1187,5.9350000000000005,finite_support,0.05187588807820239,1.0,6.944707568708468e-12,3.016544765052966e-14,0.0,0.0,0.26898191191117554,0.7034996,0.1758749,1.0,1.0
1188,5.94,preference_clipping,0.007781779625385841,0.9999999999999998,6.940728827299101e-12,3.474246041270391e-14,0.0,0.0,0.2693091084223525,0.7420806,0.18552015,1.0,1.0
1189,5.945,finite_support,0.0070787489070281776,1.0,6.939739499961636e-12,3.924104566363928e-14,0.0,0.0,0.269639907151483,0.8265522000000001,0.20663805000000002,1.0,1.0
1190,5.95,preference_clipping,0.029051933986756415,0.9999980862936606,4.0389286207864506e-05,6.019116820302574e-05,0.0,0.0,0.27345331918271903,0.8092134,0.20230335,1.0,0.0
1191,5.955,finite_support,0.021666098206979054,1.0,6.9281730345737594e-12,0.0920245925061729,0.0,0.0,0.26122753387755154,0.6662572,0.1665643,1.0,1.0
1192,5.96,finite_support,0.025972143493757215,1.0,6.924568400492826e-12,5.1902277035434925e-15,0.0,0.0,0.2685912310650147,0.7625192,0.1906298,1.0,1.0
1193,5.965,finite_support,0.03155185599823616,1.0,6.919558236489999e-12,1.8090685179498706e-14,0.0,0.0,0.2685627006034081,0.7497368000000001,0.18743420000000002,1.0,1.0
1194,5.97,finite_support,0.03650005617303505,1.0,6.9146611770308845e-12,0.11668989356506661,0.0,0.0,0.25982938357105534,0.6802596,0.1700649,1.0,1.0
1195,5.9750000000000005,finite_support,0.05038004718808421,1.0,6.908668337268831e-12,0.027462980894622766,0.0,0.0,0.2673032608833154,0.7769104,0.1942276,1.0,1.0
1196,5.98,preference_clipping,0.02136596177759742,0.9999999999999998,6.903401691143456e-12,2.3275100285189005e-14,0.0,0.0,0.2685259524169756,0.7076234,0.17690585,1.0,1.0
1197,5.985,finite_support,0.02248254195931932,1.0,6.895967677006906e-12,0.14113378264461554,0.0,0.0,0.2584925206946385,0.7014275999999999,0.17535689999999998,1.0,1.0
1198,5.99,finite_support,0.018019974325645532,1.0,6.88809529329592e-12,0.022885649957155942,0.0,0.0,0.26727735222905324,0.7506186,0.18765465,1.0,1.0
1199,5.995,finite_support,0.007980816008057445,1.0,6.882755065493142e-12,5.367077309260847e-14,0.0,0.0,0.26852770307715845,0.7109958,0.17774895,1.0,1.0
1200,6.0,finite_support,0.009733302987376125,1.0,6.8730636830500594e-12,6.413189947080325e-14,0.0,0.0,0.2685360210512943,0.7154381999999999,0.17885954999999998,1.0,1.0
1201,6.005,preference_clipping,0.01246607090558266,0.9999999999999998,6.866866630466254e-12,0.17342308447113003,0.0,0.0,0.25680996398701134,0.7337728,0.1834432,1.0,1.0
1202,6.01,finite_support,0.014315935307866734,1.0,6.854515335635161e-12,0.06075460304248216,0.0,0.0,0.2653291196926038,0.9875343999999999,0.24688359999999998,1.0,1.0
1203,6.015000000000001,finite_support,0.01628847703417924,1.0,6.847681143534225e-12,0.10324405832509805,0.0,0.0,0.2645551050498939,0.7659256,0.1914814,1.0,1.0
1204,6.0200000000000005,finite_support,0.027486231135099085,1.0,6.837181429996122e-12,0.19743993855850844,0.0,0.0,0.2556274096261802,0.6782438000000001,0.16956095000000002,1.0,1.0
1205,6.025,finite_support,0.028710855562571677,1.0,6.825451613676867e-12,0.20541097649590656,0.0,0.0,0.25524913810275135,0.6970134,0.17425335,1.0,1.0
1206,6.03,finite_support,0.03329421839138105,1.0,6.814069264663644e-12,0.21336570084506282,0.0,0.0,0.25487910325446733,0.6944564000000001,0.17361410000000002,1.0,1.0
1207,6.035,preference_clipping,0.021429027432726122,0.9999999999999998,6.8032242372569274e-12,0.22130464865081811,0.0,0.0,0.2545174854855097,0.8895734000000001,0.22239335000000002,1.0,1.0
1208,6.04,finite_support,0.07491054681944831,1.0,6.790695537486376e-12,0.2292283253743716,0.0,0.0,0.2541644735047582,0.7108555999999999,0.17771389999999998,1.0,1.0
1209,6.045,preference_clipping,0.008080584378705735,0.9999999999999998,6.776152149305008e-12,0.2371372063742576,0.0,0.0,0.25382026400603963,0.692603,0.17315075,1.0,1.0
1210,6.05,finite_support,0.020347659874294516,1.0,6.762122813636473e-12,0.2450317365349707,0.0,0.0,0.25348506269310067,0.7284708,0.1821177,1.0,1.0
1211,6.055,preference_clipping,0.036669220437879346,0.999999999999999,6.748178710132936e-12,0.055287080386146555,0.0,0.0,0.2660358949828506,0.7443287999999999,0.18608219999999998,1.0,1.0
1212,6.0600000000000005,finite_support,0.04377772531418897,1.0,6.732166373771908e-12,7.08984899740963e-14,0.0,0.0,0.26567524149622773,0.8150524,0.2037631,1.0,1.0
1213,6.065,finite_support,0.03071527381395822,1.0,6.717861204094073e-12,0.26863323796845934,0.0,0.0,0.2525356777316339,0.749236,0.187309,1.0,1.0
1214,6.07,preference_clipping,0.007497162829786519,0.0,6.700518499279939e-12,0.012640618961172995,0.0,0.0,0.26506329416900154,0.6490528,0.1622632,1.0,1.0
1215,6.075,preference_clipping,0.025557999119851793,0.0,6.6817771099779305e-12,0.020717788378723085,0.0,0.0,0.26468493751238065,0.6198876,0.1549719,1.0,1.0
1216,6.08,preference_clipping,0.01160355067239549,0.9999999999999962,6.654520541117274e-12,0.08678036987366755,0.0,0.0,0.2648751985049639,0.7268316,0.1817079,1.0,1.0
1217,6.085,preference_clipping,0.10397356605242394,0.0,6.644513785113739e-12,0.0369976979106835,0.0,0.0,0.26395609874604714,0.6240896,0.1560224,1.0,1.0
1218,6.09,finite_support,0.007162353327615223,1.0,6.6247347984780314e-12,0.3077153355879793,0.0,0.0,0.25115506760642886,0.7139332,0.1784833,1.0,1.0
1219,6.095,finite_support,0.0071441492478785396,1.0,6.60078565781599e-12,0.3093680220815196,0.0,0.0,0.25121639654446115,0.7152438,0.17881095,1.0,1.0
1220,6.1000000000000005,preference_clipping,0.013976903315282563,0.9999999999999994,6.579907393515476e-12,0.15756752370611127,0.0,0.0,0.2617327824757888,0.7566682,0.18916705,1.0,1.0
1221,6.105,preference_clipping,0.01202198460139442,0.0,6.553733772037586e-12,0.053148261956025365,0.0,0.0,0.2636444096515804,0.6303072,0.1575768,1.0,1.0
1222,6.11,preference_clipping,0.02482920535840094,0.9999999999999998,6.52855381392564e-12,0.31463588740583076,0.0,0.0,0.25142393953719927,0.7011452,0.1752863,1.0,1.0
1223,6.115,finite_support,0.01581484327176086,1.0,6.504166230984099e-12,0.3164941430820874,0.0,0.0,0.25150161967060586,0.8076184000000001,0.20190460000000002,1.0,1.0
1224,6.12,preference_clipping,0.00546194138095063,0.0,6.47715502462129e-12,4.655376965663646e-13,0.0,0.0,0.2628349391575748,0.805823,0.20145575,1.0,1.0
1225,6.125,preference_clipping,0.015066938148511344,0.0,6.416691144807365e-12,0.06498193289869854,0.0,0.0,0.2637285712280009,0.6453838,0.16134595,1.0,1.0
1226,6.13,finite_support,0.051746158746812654,1.0,6.417747061327623e-12,0.3223711183162256,0.0,0.0,0.2517631035647039,0.7176823999999999,0.17942059999999999,1.0,1.0
1227,6.135,preference_clipping,0.08609505799256345,0.9999999999999993,6.386567900679262e-12,0.1334370280658661,0.0,0.0,0.2642177978474992,0.7561692,0.1890423,1.0,1.0
1228,6.140000000000001,finite_support,0.027293742873440996,1.0,6.3534117897915414e-12,0.3265370209446608,0.0,0.0,0.25196344161848183,0.8501968000000001,0.21254920000000002,1.0,1.0
1229,6.1450000000000005,preference_clipping,0.011895598742150959,0.9999999999999994,5.99970650340964e-12,0.2468522165705421,0.0,0.0,0.2604541326140784,0.8490206,0.21225515,1.0,1.0
1230,6.15,finite_support,0.016063950170064345,1.0,5.9900527318569556e-12,0.3308970873133735,0.0,0.0,0.25218693585376223,0.7116712000000001,0.17791780000000001,1.0,1.0
1231,6.155,preference_clipping,0.01193074562755303,0.0,5.976915991296986e-12,0.08543135156942722,0.0,0.0,0.26395241329898644,0.6156656,0.1539164,1.0,1.0
1232,6.16,preference_clipping,0.007616989330938573,0.9999999999999998,5.967151859906563e-12,0.25634468260435345,0.0,0.0,0.2605933271430141,0.775746,0.1939365,1.0,1.0
1233,6.165,finite_support,0.03832559530153601,1.0,5.959321804524505e-12,0.33779211244011986,0.0,0.0,0.2525704478783936,0.6875294,0.17188235,1.0,1.0
1234,6.17,preference_clipping,0.014842213352447842,0.0,5.946615227679242e-12,0.09688841483458847,0.0,0.0,0.2641217826903833,0.8269168,0.2067292,1.0,1.0
1235,6.175,preference_clipping,0.05179743543803905,0.9999969671990214,2.6663035824154087e-05,0.26661495959673354,0.0,0.0,0.2646187306424742,0.7459518,0.18648795,1.0,0.0
1236,6.18,preference_clipping,0.01917773032392156,0.0,5.928068576356261e-12,0.10498777721390759,0.0,0.0,0.26426088075269927,0.6258188,0.1564547,1.0,1.0
1237,6.1850000000000005,preference_clipping,0.03270745722872004,0.0,5.919943000294604e-12,0.10917650765423759,0.0,0.0,0.26433916703735916,0.632866,0.1582165,1.0,1.0
1238,6.19,preference_clipping,0.022258460526114465,0.9999999999999993,5.914257946913544e-12,0.25102484739645864,0.0,0.0,0.2606636162076582,0.737137,0.18428425,1.0,1.0
1239,6.195,finite_support,0.030865846423894228,1.0,5.904390172193701e-12,0.26221450814883046,0.0,0.0,0.26083614782453335,0.7414533999999999,0.18536334999999998,1.0,1.0
1240,6.2,finite_support,0.022440751860919317,1.0,5.900743963704571e-12,0.14742084769484085,0.0,0.0,0.264985146460383,0.6868862,0.17172155,1.0,1.0
1241,6.205,finite_support,0.01782349684509299,1.0,5.891970444947988e-12,0.35813594535932064,0.0,0.0,0.2539374357302794,0.7052288,0.1763072,1.0,1.0
1242,6.21,solver_5ms,0.0371473428406599,0.9998948839197204,0.00017811607784568696,0.234859668084971,0.0,0.0,0.2680765063469586,1.4065124,0.3516281,1.0,1.0
1243,6.215,preference_clipping,0.017431267974182818,0.0,5.885093295288512e-12,1.150181229342191e-12,0.0,0.0,0.2619456903497846,0.6367394000000001,0.15918485000000002,1.0,1.0
1244,6.22,preference_clipping,0.06821826228908812,0.0,5.882217445087739e-12,1.2004401725480759e-12,0.0,0.0,0.26188323860207097,0.716903,0.17922575,1.0,1.0
1245,6.2250000000000005,finite_support,0.026305687879715767,1.0,5.881642510270514e-12,0.3692739081515161,0.0,0.0,0.25485378558256405,0.913236,0.228309,1.0,1.0
1246,6.23,preference_clipping,0.11397054168471588,0.9999999999999994,5.879371140244826e-12,0.28923219528608735,0.0,0.0,0.2615687198508376,0.7479656,0.1869914,1.0,1.0
1247,6.235,preference_clipping,0.0534394885981504,0.0,5.400934477708355e-12,1.3614466737255602e-12,0.0,0.0,0.2616792273875327,0.6167958,0.15419895,1.0,1.0
1248,6.24,preference_clipping,0.011038991942768916,0.9999999999999997,5.330716801674468e-12,0.3779922699241412,0.0,0.0,0.25566617755680476,0.7054834,0.17637085,1.0,1.0
1249,6.245,preference_clipping,0.023708542074007966,0.9999999999999998,5.255478362034052e-12,0.3809605092032304,0.0,0.0,0.2559635447448892,0.7124043999999999,0.17810109999999998,1.0,1.0
1250,6.25,preference_clipping,0.08364261644411286,0.0,5.1817033661770246e-12,0.17210331110972274,0.0,0.0,0.2660521482277262,0.8538678,0.21346695,1.0,1.0
1251,6.255,preference_clipping,0.05566919798402625,0.0,5.102901409219739e-12,1.6033149459306228e-12,0.0,0.0,0.26135667937796037,0.6615744,0.1653936,1.0,1.0
1252,6.26,finite_support,0.02912821026046508,1.0,5.0249274955358785e-12,0.3900287546580363,0.0,0.0,0.2569433367952951,0.7282261999999999,0.18205654999999998,1.0,1.0
1253,6.265000000000001,finite_support,0.006497202775790356,1.0,4.945367592489032e-12,0.3930998859563577,0.0,0.0,0.257301220458324,0.731761,0.18294025,1.0,1.0
1254,6.2700000000000005,finite_support,0.02343535400461949,1.0,4.859375652488144e-12,0.3473865729959894,0.0,0.0,0.2631238364840984,0.7437796,0.1859449,1.0,1.0
1255,6.275,preference_clipping,0.015653871081322546,0.9999999999999998,4.771672728614667e-12,0.3993024637511549,0.0,0.0,0.2580678912039055,0.7986576,0.1996644,1.0,1.0
1256,6.28,finite_support,0.026077738059238076,1.0,4.682932507137008e-12,0.40242937129682466,0.0,0.0,0.25847810213878475,0.8281149999999999,0.20702874999999998,1.0,1.0
1257,6.285,preference_clipping,0.0036266101233195513,0.9999999999999998,4.5883198748250544e-12,0.40557009453600484,0.0,0.0,0.25890723177710356,0.6845116,0.1711279,1.0,1.0
1258,6.29,finite_support,0.005160103594414878,1.0,4.498018594538041e-12,0.40872199441446616,0.0,0.0,0.2593560699249376,0.7270702,0.18176755,1.0,1.0
1259,6.295,finite_support,0.0071681591218286655,1.0,4.401230169236886e-12,0.29651211890565515,0.0,0.0,0.2674140682200342,0.779389,0.19484725,1.0,1.0
1260,6.3,finite_support,0.03452835309336599,1.0,4.303761859711778e-12,0.4150479353567661,0.0,0.0,0.2603162268108202,0.7193756,0.1798439,1.0,1.0
1261,6.305,preference_clipping,0.10762141082823473,0.0,4.201712683544458e-12,0.23734318754595607,0.0,0.0,0.2689703220376184,0.6162548,0.1540637,1.0,1.0
1262,6.3100000000000005,preference_clipping,0.008747546437204434,0.0,4.100943725980626e-12,0.24378025133267728,0.0,0.0,0.26932792652893356,0.6201399999999999,0.15503499999999998,1.0,1.0
1263,6.315,preference_clipping,0.002489741746103391,0.9999999999999998,3.994378995876781e-12,0.4245446840771178,0.0,0.0,0.2619262598731514,0.7125166,0.17812915,1.0,1.0
1264,6.32,finite_support,0.010665104910323464,1.0,3.888739731560103e-12,0.37155735140532076,0.0,0.0,0.26603359149375716,0.7459598,0.18648995,1.0,1.0
1265,6.325,preference_clipping,0.01059744843961985,0.9999999999999997,3.777799141125797e-12,0.4308393710616555,0.0,0.0,0.2631244272521018,0.7182336,0.1795584,1.0,1.0
1266,6.33,finite_support,0.03033202439217675,1.0,3.666928848299625e-12,0.43396369532652507,0.0,0.0,0.2637642388985569,0.788366,0.1970915,1.0,1.0
1267,6.335,finite_support,0.03674274773324271,1.0,3.5553072277887463e-12,0.4177354174896267,0.0,0.0,0.26677200114119237,0.9239602000000001,0.23099005000000003,1.0,1.0
1268,6.34,finite_support,0.019150356821151515,1.0,3.4389959889975534e-12,0.00819439196625145,0.0,0.0,0.2588575943172781,0.6661090000000001,0.16652725000000002,1.0,1.0
1269,6.345,preference_clipping,0.021828468199647233,0.9999999900924068,6.553690047523083e-08,0.44318948489156496,0.0,0.0,0.2701326105978924,0.7903116,0.1975779,1.0,1.0
1270,6.3500000000000005,finite_support,0.07070877468609571,1.0,3.2025455012459886e-12,0.4472003484437426,0.0,0.0,0.2666239306262868,0.688353,0.17208825,1.0,1.0
1271,6.355,finite_support,0.031707764192034915,1.0,3.084199824706719e-12,0.45242438798646134,0.0,0.0,0.2674208317568159,0.898418,0.2246045,1.0,1.0
1272,6.36,preference_clipping,0.019639563066109478,0.0,2.963925790591202e-12,0.3158943642804645,0.0,0.0,0.2740282048123563,0.6450872000000001,0.16127180000000002,1.0,1.0
1273,6.365,finite_support,0.011965538282421306,1.0,2.841814734761597e-12,0.462988068962776,0.0,0.0,0.26912369033637606,0.7165782,0.17914455,1.0,1.0
1274,6.37,preference_clipping,0.022887363965856666,0.9999999999999997,2.7206628220689035e-12,0.46904003328334043,0.0,0.0,0.269824999839786,0.7713378,0.19283445,1.0,1.0
1275,6.375,preference_clipping,0.03482846372415693,0.9999999999999997,2.597696906845692e-12,2.2610339730829726e-12,0.0,0.0,0.37704779221895335,0.6441916,0.1610479,1.0,1.0
1276,6.38,preference_clipping,0.024556097433237056,0.0,2.4709729908039646e-12,0.3525811466150915,0.0,0.0,0.2766068612968108,0.6277986,0.15694965,1.0,1.0
1277,6.385,preference_clipping,0.02101708668211799,0.0,2.3496505759445164e-12,0.3621368808234348,0.0,0.0,0.27732517594578443,0.7715422,0.19288555,1.0,1.0
1278,6.390000000000001,preference_clipping,0.005064748620497994,0.0,2.2265152853981314e-12,0.3718592023457994,0.0,0.0,0.27807616551347386,0.6999168,0.1749792,1.0,1.0
1279,6.3950000000000005,preference_clipping,0.020082833399742706,0.9999853324874818,1.8351290661563575e-05,0.5044523609487888,0.0,0.0,0.279917011240207,0.8390098,0.20975245,1.0,0.0
1280,6.4,preference_clipping,0.025686030299260088,0.9999999999999994,1.9788822959521528e-12,1.1123210319317718e-12,0.0,0.0,0.470143844337422,0.692581,0.17314525,1.0,1.0
1281,6.405,preference_clipping,0.06944881232595623,0.9999999999999993,1.8538575271174003e-12,0.5190587976252841,0.0,0.0,0.2739130723814922,0.695326,0.1738315,1.0,1.0
1282,6.41,preference_clipping,0.029426661454778902,0.9999930929011788,1.5489179224404693e-05,0.5286805132038173,0.0,0.0,0.2743543504091066,0.7608762,0.19021905,1.0,0.0
1283,6.415,preference_clipping,0.007990691441861486,0.9999999999999978,1.6129622944901551e-12,0.4540883454593857,0.0,0.0,0.2820890726563256,0.7363856,0.1840964,1.0,1.0
1284,6.42,finite_support,0.008420778657702854,1.0,1.4953561966927338e-12,0.5151944111119391,0.0,0.0,0.2788707183416381,0.7320757999999999,0.18301894999999999,1.0,1.0
1285,6.425,finite_support,0.03497324079643205,1.0,1.3760569502217457e-12,0.4975263499772948,0.0,0.0,0.2820038052701075,0.7488292000000001,0.18720730000000002,1.0,1.0
1286,6.43,finite_support,0.018876205503184917,1.0,1.2624749012507827e-12,0.12424911608640608,0.0,0.0,0.3868374584986282,0.6511266,0.16278165,1.0,1.0
1287,6.4350000000000005,preference_clipping,0.03199180989565953,0.999999975698853,5.060968440596843e-08,0.5822244916310406,0.0,0.0,0.2828874078394999,0.909509,0.22737725,1.0,1.0
1288,6.44,solver_5ms,0.013293058320762441,0.9999959183241707,1.5556044221292133e-05,0.5935646424323776,0.0,0.0,0.2821344746227955,1.1549227999999998,0.28873069999999995,1.0,0.0
1289,6.445,preference_clipping,0.027604814181042547,0.9999999999999994,9.328146018484788e-13,0.5742441451758787,0.0,0.0,0.28248447993026377,0.8343950000000001,0.20859875000000003,1.0,1.0
1290,6.45,finite_support,0.08317383726197392,1.0,8.285715152496398e-13,0.6301598936779058,0.0,0.0,0.2799185751437199,0.7599202,0.18998005,1.0,1.0
1291,6.455,preference_clipping,0.04315349466654794,0.9999999999999847,7.223302975159048e-13,0.5178737568969949,0.0,0.0,0.2915835368128964,0.7166546,0.17916365,1.0,1.0
1292,6.46,finite_support,0.018146057139539762,1.0,6.285627043613554e-13,0.5817518794976604,0.0,0.0,0.28485572138130405,0.8660148,0.2165037,1.0,1.0
1293,6.465,preference_clipping,0.023097190154398872,0.9999999999999997,5.338773660036101e-13,0.1438590284384175,0.0,0.0,0.33627957762767685,0.6490566,0.16226415,1.0,1.0
1294,6.47,finite_support,0.008678141538709383,1.0,4.445488702057029e-13,0.4989499689530559,0.0,0.0,0.285006045092354,0.7530091999999999,0.18825229999999998,1.0,1.0
1295,6.4750000000000005,finite_support,0.020090834551567127,1.0,3.6300420930693726e-13,0.38766015159363654,0.0,0.0,0.29235584695274447,0.7553858,0.18884645,1.0,1.0
1296,6.48,preference_clipping,0.007549041947108037,0.0,2.855632220533139e-13,0.26991046933533475,0.0,0.0,0.30100522261359997,0.6110828,0.1527707,1.0,1.0
1297,6.485,finite_support,0.03935849424152593,1.0,8.96815413857684e-13,0.24986153090991825,0.0,0.0,0.29853934895149764,0.7455652,0.1863913,1.0,1.0
1298,6.49,preference_clipping,0.020827562721356663,0.999999999999951,6.253719202079541e-13,0.16988717201969045,0.0,0.0,0.30412236323783187,0.8923846,0.22309615,1.0,1.0
1299,6.495,preference_clipping,0.02417986089131574,0.0,3.675854745928989e-13,0.10464611181836828,0.0,0.0,0.3081663522786475,0.6225124,0.1556281,1.0,1.0
1300,6.5,style_clipping,0.06507648031561786,0.0,1.9425816399261694e-08,0.04933405687146431,0.0,0.0,0.3077866024119769,0.623214,0.1558035,0.0,1.0
1301,6.505,finite_support,0.010946021866686806,1.0,1.0792960214288132e-13,1.7278553629143158e-14,0.0,0.0,0.31285695533201,0.7234192,0.1808548,1.0,1.0
1302,6.51,preference_clipping,0.16445833634802162,0.9999999999999993,3.216132150126557e-13,0.005862940924735627,0.0,0.0,0.304882560747405,0.7467254,0.18668135,1.0,1.0
1303,6.515000000000001,solver_5ms,0.013812808243116731,0.9999999983285969,4.1374883536457005e-08,2.3182542873080543e-08,0.0,0.0,0.30560997234159626,1.0521604,0.2630401,1.0,1.0
1304,6.5200000000000005,finite_support,0.052699223197089085,1.0,7.029349101358187e-13,2.936075521555098e-14,0.0,0.0,0.29352552423036904,0.7519954,0.18799885,1.0,1.0
1305,6.525,style_clipping,0.010426795440509479,0.8585921523910738,5.40878548901654e-08,5.43108256419666e-08,0.0,0.0,0.29189192800298386,0.7590486,0.18976215,0.0,1.0
1306,6.53,style_clipping,0.02020215106313117,0.29845049812953284,6.9917826900090934e-09,1.4966740969051373e-08,0.0,0.0,0.28489747202758864,0.7493402,0.18733505,0.0,1.0
1307,6.535,solver_5ms,0.005676431547030347,0.0,5.796745530292259e-06,3.154900705409178e-05,0.0,0.0,0.27616472513790935,0.705311,0.17632775,0.0,0.0
1308,6.54,solver_5ms,0.010226131053059362,0.0,3.0327400689518626e-05,3.9851125006963496e-05,0.0,0.0,0.26882188464261525,0.7594774000000001,0.18986935000000002,0.0,0.0
1309,6.545,solver_5ms,0.03083103967439771,0.0,3.1672952996634085e-05,5.334421076029127e-05,0.0,0.0,0.26138034516605063,0.8106782,0.20266955,0.0,0.0
1310,6.55,solver_5ms,0.0270184938224588,0.0,3.2516828898283574e-05,6.925739701032677e-05,0.0,0.0,0.25386264256524155,0.7143921999999999,0.17859804999999998,0.0,0.0
1311,6.555,solver_5ms,0.011079724919656198,0.0,1.5410573256827295e-05,4.825853704609799e-05,0.0,0.0,0.24627338439395774,0.6914468,0.1728617,0.0,0.0
1312,6.5600000000000005,solver_5ms,0.049159276649390904,0.0,1.826687640107223e-05,5.090311951414688e-05,0.0,0.0,0.2385968215954044,0.6898778,0.17246945,0.0,0.0
1313,6.565,solver_5ms,0.005395592306278729,0.0,3.5048545949009505e-05,6.576022211049888e-05,0.0,0.0,0.2308497185120592,0.7009408,0.1752352,0.0,0.0
1314,6.57,solver_5ms,0.044375911278926594,0.0,9.266535443375255e-06,2.8961258051202097e-05,0.0,0.0,0.22302995616308907,0.899963,0.22499075,0.0,0.0
1315,6.575,solver_5ms,0.03480546400137091,0.0,5.61822509674776e-06,1.756291759605822e-05,0.0,0.0,0.215142927833121,0.704732,0.176183,0.0,0.0
1316,6.58,solver_5ms,0.011411682709905335,0.0,4.169298460900179e-06,2.0964010869509057e-05,0.0,0.0,0.20718022441921616,0.6934004,0.1733501,0.0,0.0
1317,6.585,solver_5ms,0.030691155172846152,0.0,6.733317034621527e-06,9.459014550926814e-06,0.0,0.0,0.1991616256382742,0.677761,0.16944025,0.0,0.0
1318,6.59,solver_5ms,0.007363032709581385,0.0,2.94628969754169e-06,2.189399943687847e-05,0.0,0.0,0.1910726422790913,0.7051106,0.17627765,0.0,0.0
1319,6.595,solver_5ms,0.024722282554456854,0.0,2.9908454739620006e-06,1.3633619814258682e-05,0.0,0.0,0.18293325075420655,0.8516676,0.2129169,0.0,0.0
1320,6.6000000000000005,solver_5ms,0.026534351452167648,0.0,2.729964090952613e-06,8.160828254123508e-06,0.0,0.0,0.1747402317039156,0.7639198,0.19097995,0.0,0.0
1321,6.605,solver_5ms,0.007687370184861209,0.0,1.5643457497728678e-06,7.399827231294371e-06,0.0,0.0,0.16811506909454102,0.7030308,0.1757577,0.0,0.0
1322,6.61,solver_5ms,0.013432382593367431,0.0,6.5301052588823735e-06,6.780306671555046e-06,0.0,0.0,0.1762317313132913,0.70263,0.1756575,0.0,0.0
1323,6.615,solver_5ms,0.00842159955053573,0.0,6.122296015184919e-06,1.2248067692471832e-05,0.0,0.0,0.18427206259205128,0.6865716000000001,0.17164290000000001,0.0,0.0
1324,6.62,solver_5ms,0.13298191714472551,0.0,3.045151075774374e-05,3.3243912866914404e-05,0.0,0.0,0.19222862663347748,0.701095,0.17527375,0.0,0.0
1325,6.625,solver_5ms,0.040461253791868046,0.0,1.6783284293246095e-05,2.883163969194632e-05,0.0,0.0,0.20010867553974118,0.8326396,0.2081599,0.0,0.0
1326,6.63,solver_5ms,0.005463379857024997,0.0,1.305805912639197e-05,4.2956602061761435e-05,0.0,0.0,0.20789287564907896,0.745599,0.18639975,0.0,0.0
1327,6.635,solver_5ms,0.02223956852009934,0.0,1.1062072720223557e-05,2.0332715891296697e-05,0.0,0.0,0.2156055820027673,0.7084467999999999,0.17711169999999998,0.0,0.0
1328,6.640000000000001,solver_5ms,0.01571939800548705,0.0,1.2167117554457903e-05,4.5887707971654835e-05,0.0,0.0,0.22321167128027242,0.6792198,0.16980495,0.0,0.0
1329,6.6450000000000005,solver_5ms,0.011692691259668209,0.0,2.2271661654744785e-05,3.6707277081650334e-05,0.0,0.0,0.23071918119446524,0.6821292,0.1705323,0.0,0.0
1330,6.65,solver_5ms,0.13683825739185806,0.0,3.2405970432968466e-05,5.1620621698991736e-05,0.0,0.0,0.23812947684090982,0.709,0.17725,0.0,0.0
1331,6.655,solver_5ms,0.01897127177574731,0.0,3.858068093754016e-05,5.463457662791157e-05,0.0,0.0,0.2454312750160329,0.7028764000000001,0.17571910000000002,0.0,0.0
1332,6.66,solver_5ms,0.04810768378712277,0.0,1.6482037560819593e-05,4.025090102569455e-05,0.0,0.0,0.2526345624682349,0.702101,0.17552525,0.0,0.0
1333,6.665,solver_5ms,0.018068737044768524,0.0,2.6390405034233634e-05,6.818473637155863e-05,0.0,0.0,0.25970549142324617,0.6819008,0.1704752,0.0,0.0
1334,6.67,solver_5ms,0.11465311200442585,0.0,2.549927175888536e-05,8.779354532020364e-05,0.0,0.0,0.26666308783391696,0.7147408000000001,0.17868520000000002,0.0,0.0
1335,6.675,solver_5ms,0.07293183001966241,0.0,3.9548429126982716e-05,9.796959536567078e-05,0.0,0.0,0.2735013822859099,0.688343,0.17208575,0.0,0.0
1336,6.68,preference_clipping,0.04688071597591659,0.0,8.156741565851006e-06,3.850149004289724e-05,0.0,0.0,0.27423956554046,0.8609049999999999,0.21522624999999998,1.0,0.0
1337,6.6850000000000005,preference_clipping,0.10390954485739456,0.36965915701848007,1.08525312848139e-12,1.2549265393819752e-14,0.0,0.0,0.2731405621117993,0.9225095999999999,0.23062739999999998,1.0,1.0
1338,6.69,preference_clipping,0.02239439592967296,0.905198623578776,1.7694401452118937e-05,4.6023904865898176e-05,0.0,0.0,0.29200248161354486,0.816407,0.20410175,1.0,0.0
1339,6.695,finite_support,0.017571941319551032,1.0,1.4589026577804191e-12,0.032580364182964346,0.0,0.0,0.2814859577275539,0.7374438,0.18436095,1.0,1.0
1340,6.7,preference_clipping,0.019667822925839573,0.9999999999999998,1.666275280452925e-12,0.07410782968766676,0.0,0.0,0.28156664852441343,0.7413912,0.1853478,1.0,1.0
1341,6.705,preference_clipping,0.011549725065229666,0.9999999999999997,1.8861086557250616e-12,0.11068983324182499,0.0,0.0,0.2824601686429511,0.9627918,0.24069795,1.0,1.0
1342,6.71,finite_support,0.0021827872842550278,1.0,2.1218648042197863e-12,0.15749868083815177,0.0,0.0,0.2816626700185363,0.75246,0.188115,1.0,1.0
1343,6.715,preference_clipping,0.02000563326109983,0.0,2.3651787139777746e-12,0.06341156978129549,0.0,0.0,0.3061838094405159,0.6041538,0.15103845,1.0,1.0
1344,6.72,finite_support,0.009852504923024696,1.0,2.622330157300396e-12,0.22918847524561708,0.0,0.0,0.2834734611859533,0.7341534,0.18353835,1.0,1.0
1345,6.7250000000000005,finite_support,0.004640166679711899,1.0,2.8905232009360852e-12,0.2870504331803784,0.0,0.0,0.2809136232991357,0.740788,0.185197,1.0,1.0
1346,6.73,finite_support,0.02640715701662799,1.0,3.158722080272498e-12,0.32508031773861934,0.0,0.0,0.28127209154621585,0.9341794,0.23354485,1.0,1.0
1347,6.735,style_clipping,0.0057696070143720135,0.9999999912784185,7.479377253046301e-08,0.3626665461358449,0.0,0.0,0.2845861073722651,0.7558583999999999,0.18896459999999998,0.0,1.0
1348,6.74,preference_clipping,0.014176748663885519,0.9999999999999998,3.713271053933775e-12,0.4297742638615833,0.0,0.0,0.27803586727151625,0.7538788,0.1884697,1.0,1.0
1349,6.745,preference_clipping,0.010721273868696812,0.9999999999999998,3.9830617998960875e-12,0.47661402977713396,0.0,0.0,0.27719157313645615,0.7057118,0.17642795,1.0,1.0
1350,6.75,preference_clipping,0.04138194214381441,0.9999999901928708,8.105648924928122e-08,0.6141363843552204,0.0,0.0,0.267832244644608,0.9060884,0.2265221,1.0,1.0
1351,6.755,finite_support,0.0041116646979505456,1.0,4.500584629188008e-12,0.5695744266778213,0.0,0.0,0.27564501970222555,0.77781,0.1944525,1.0,1.0
1352,6.76,preference_clipping,0.03910302637244456,0.9999999999999951,4.661645693586343e-12,0.46664934401385577,0.0,0.0,0.29195621817677253,0.6591298,0.16478245,1.0,1.0
1353,6.765000000000001,finite_support,0.005781372906452087,1.0,4.732416435537069e-12,0.5733929063220841,0.0,0.0,0.2742564469081531,0.8004008,0.2001002,1.0,1.0
1354,6.7700000000000005,preference_clipping,0.007106634725140282,0.0,4.793414489623995e-12,0.4405233825948421,0.0,0.0,0.29061243814516863,0.634475,0.15861875,1.0,1.0
1355,6.775,preference_clipping,0.019395882296102673,0.9999999999999936,4.84231404352578e-12,0.45178516728015283,0.0,0.0,0.28710813022058634,0.7186182,0.17965455,1.0,1.0
1356,6.78,preference_clipping,0.017757154080477733,0.9999999999999994,4.879441277159011e-12,0.5383450631103182,0.0,0.0,0.27251982997605895,0.7895442,0.19738605,1.0,1.0
1357,6.785,preference_clipping,0.012217306073064593,0.2618374042383045,4.9052375176804714e-12,0.6943027669199829,0.0,0.0,0.25081832881267335,0.9856888,0.2464222,1.0,1.0
1358,6.79,finite_support,0.01441690976669574,1.0,4.920499593502516e-12,0.5154077558850618,0.0,0.0,0.2715848339361529,0.8189898,0.20474745,1.0,1.0
1359,6.795,preference_clipping,0.14001728448551076,0.9999999999999915,5.061152486602094e-12,0.5057619638694032,0.0,0.0,0.2711275466035569,0.7880394000000001,0.19700985000000001,1.0,1.0
1360,6.8,solver_5ms,0.010910342074232915,0.9999946457846696,3.311766482770981e-05,6.658756484312975e-05,0.0,0.0,0.3979476567663888,1.2056566,0.30141415,1.0,1.0
1361,6.805,preference_clipping,0.034065572585006976,0.0,4.907485533851694e-12,0.36009837593627936,0.0,0.0,0.2860346443050085,0.8171684,0.2042921,1.0,1.0
1362,6.8100000000000005,style_clipping,0.0695700635988672,0.6261731103384642,8.471596956570653e-08,0.6386176689345134,0.0,0.0,0.2523294661242626,0.751899,0.18797475,0.0,1.0
1363,6.815,preference_clipping,0.05786670309593234,0.9999999999999676,4.847454731725629e-12,0.34422359831290245,0.0,0.0,0.285846404175638,0.7579044,0.1894761,1.0,1.0
1364,6.82,finite_support,0.05929134436026551,1.0,4.807738202785454e-12,0.35792713631276074,0.0,0.0,0.2825834165283012,0.7601568,0.1900392,1.0,1.0
1365,6.825,preference_clipping,0.06077477965327205,0.9999999999999997,4.76231130417309e-12,0.4398848527466222,0.0,0.0,0.26929551278613995,0.7694681999999999,0.19236704999999998,1.0,1.0
1366,6.83,finite_support,0.006193277835020439,1.0,4.703708577699964e-12,0.32318977742289484,0.0,0.0,0.2838826256590881,0.9420284,0.2355071,1.0,1.0
1367,6.835,finite_support,0.11043118641751448,1.0,4.642404995406995e-12,0.41985609042148103,0.0,0.0,0.26887989907159043,0.7706486,0.19266215,1.0,1.0
1368,6.84,preference_clipping,0.010791329722176224,0.0,4.5769143256484395e-12,0.2864283616951004,0.0,0.0,0.2837675680967339,0.6278626,0.15696565,1.0,1.0
1369,6.845,preference_clipping,0.011859427719376758,0.0,4.504773701694284e-12,0.27663351377727,0.0,0.0,0.2835651871846375,0.640206,0.1600515,1.0,1.0
1370,6.8500000000000005,preference_clipping,0.006050196801887786,0.9999999999999974,4.427298116953531e-12,0.2998659792059614,0.0,0.0,0.28113613140730687,0.762447,0.19061175,1.0,1.0
1371,6.855,finite_support,0.04724189507469834,1.0,4.345609698720455e-12,0.2654694790882728,0.0,0.0,0.2837070090024152,0.7907144,0.1976786,1.0,1.0
1372,6.86,preference_clipping,0.06184405830327033,0.0,4.263176696813448e-12,0.25010834640612833,0.0,0.0,0.2832957198108253,0.7415996,0.1853999,1.0,1.0
1373,6.865,preference_clipping,0.009088198509726864,0.9999999999999998,4.178199294077532e-12,0.36968874317663336,0.0,0.0,0.2680417391719066,0.7673882,0.19184705,1.0,1.0
1374,6.87,finite_support,0.0337726999144472,1.0,4.089302779788129e-12,0.2754266878027302,0.0,0.0,0.27986988629059706,0.7275229999999999,0.18188074999999998,1.0,1.0
1375,6.875,finite_support,0.004977068757128222,1.0,3.999785185471093e-12,0.35603642333566665,0.0,0.0,0.26787983987973385,0.7342558,0.18356395,1.0,1.0
1376,6.88,preference_clipping,0.04202874021030922,0.0,3.9077388336378475e-12,0.21832961924080024,0.0,0.0,0.28324474903463265,0.6378696,0.1594674,1.0,1.0
1377,6.885,preference_clipping,0.013301721312961035,0.0,3.813529858583387e-12,0.2106053622290312,0.0,0.0,0.2832749294369622,0.6426486,0.16066215,1.0,1.0
1378,6.890000000000001,finite_support,0.08610454519525357,1.0,3.7227041623221855e-12,0.33609227747905696,0.0,0.0,0.26773058110505027,0.9384796000000001,0.23461990000000002,1.0,1.0
1379,6.8950000000000005,finite_support,0.0037289282772690058,1.0,3.628974854523829e-12,0.24541645902466108,0.0,0.0,0.2788850641513658,0.7578682,0.18946705,1.0,1.0
1380,6.9,preference_clipping,0.024202076280566143,0.9999923550309567,4.2351819348254806e-05,0.3232972562458519,0.0,0.0,0.2694696277802865,0.7720772,0.1930193,1.0,0.0
1381,6.905,solver_5ms,0.029851175697981347,0.9999683715037663,1.2449281334053917e-05,0.23362538093211435,0.0,0.0,0.27574667773826733,1.097879,0.27446975,1.0,1.0
1382,6.91,finite_support,0.014822114369206218,1.0,3.3509952107530525e-12,0.22766893195189858,0.0,0.0,0.2785575091998904,0.7182956,0.1795739,1.0,1.0
1383,6.915,finite_support,0.01537054784665759,1.0,3.2611236703917754e-12,0.22182222093493323,0.0,0.0,0.2784861208215578,0.7300898,0.18252245,1.0,1.0
1384,6.92,preference_clipping,0.016355411469604064,0.0,3.171338994910583e-12,0.15365909193858954,0.0,0.0,0.2854096877392949,0.6415225999999999,0.16038064999999999,1.0,1.0
1385,6.925,finite_support,0.03401517401080412,1.0,3.083494403724299e-12,0.16860609039041108,0.0,0.0,0.2831558487282241,0.6766128,0.1691532,1.0,1.0
1386,6.93,preference_clipping,0.022275383620984357,0.9999999999999997,2.996755592063997e-12,0.22938816334043882,0.0,0.0,0.2752513650254665,0.8059189999999999,0.20147974999999999,1.0,1.0
1387,6.9350000000000005,preference_clipping,0.014855480040543156,0.9999999999999994,2.910415448722552e-12,0.19887374631062874,0.0,0.0,0.2783655525389056,0.8436425999999999,0.21091064999999998,1.0,1.0
1388,6.94,preference_clipping,0.018611088625081207,0.0,2.826385690997642e-12,0.13221784966890743,0.0,0.0,0.28450921071945284,0.7685765999999999,0.19214414999999999,1.0,1.0
1389,6.945,preference_clipping,0.0129795293436763,0.0,2.746476380735901e-12,1.010379814891687e-12,0.0,0.0,0.3184312363220097,0.6352886000000001,0.15882215000000002,1.0,1.0
1390,6.95,finite_support,0.024104075679876047,1.0,2.6663085744758637e-12,0.17304379077855775,0.0,0.0,0.27942834773383085,0.8124776,0.2031194,1.0,1.0
1391,6.955,finite_support,0.0985886120137558,1.0,2.588535016772415e-12,0.1767624459313299,0.0,0.0,0.27847014519719865,0.7047640000000001,0.17619100000000001,1.0,1.0
1392,6.96,finite_support,0.026577441636366217,1.0,2.513179936004067e-12,0.1713831738025764,0.0,0.0,0.27852592624031236,0.7638376,0.1909594,1.0,1.0
1393,6.965,finite_support,0.06294971861484089,1.0,2.4400573003268903e-12,0.11617855437856967,0.0,0.0,0.2836657707638318,0.8554930000000001,0.21387325000000001,1.0,1.0
1394,6.97,finite_support,0.10326349393630085,1.0,2.3706793258535827e-12,0.16081636267689867,0.0,0.0,0.2786683573139242,0.7086614,0.17716535,1.0,1.0
1395,6.9750000000000005,finite_support,0.018121115719083036,1.0,2.3007900145965474e-12,0.15563211718492995,0.0,0.0,0.2787537608886958,0.7119274,0.17798185,1.0,1.0
1396,6.98,preference_clipping,0.042099726482724975,0.0,2.2338988101282047e-12,6.245488058602556e-13,0.0,0.0,0.3083992911911949,0.6331126,0.15827815,1.0,1.0
1397,6.985,preference_clipping,0.05597910884835855,0.0,5.646013042108689e-08,0.14546961850767134,0.0,0.0,0.2698967423547512,0.9964132,0.2491033,1.0,1.0
1398,6.99,finite_support,0.013443468560581096,1.0,2.1058747351094324e-12,0.1404932278032863,0.0,0.0,0.27905970561886473,0.9120378,0.22800945,1.0,1.0
1399,6.995,preference_clipping,0.011148747636885448,0.9999999999999998,2.044580370308244e-12,0.13558901853982197,0.0,0.0,0.2791764372097547,0.7130556,0.1782639,1.0,1.0
1400,7.0,finite_support,0.07944507759982677,1.0,1.984868800747365e-12,0.1261810983071903,0.0,0.0,0.2797981165059103,0.7641002,0.19102505,1.0,1.0
1401,7.005,finite_support,0.041074306109112335,1.0,1.929376764664228e-12,0.1260001468451191,0.0,0.0,0.2794289423298692,0.739189,0.18479725,1.0,1.0
1402,7.01,preference_clipping,0.004115515935855518,0.0,1.874517330279584e-12,0.0515107537965239,0.0,0.0,0.2874913679234872,0.6652051999999999,0.16630129999999999,1.0,1.0
1403,7.015000000000001,finite_support,0.004659150149022295,1.0,1.822803413515254e-12,0.11670996459224164,0.0,0.0,0.2797036601369989,0.9094968000000001,0.22737420000000003,1.0,1.0
1404,7.0200000000000005,preference_clipping,0.08281661914404104,0.0,1.7689536601446841e-12,2.921170970216411e-13,0.0,0.0,0.29912898785021275,0.643957,0.16098925,1.0,1.0
1405,7.025,preference_clipping,0.026845172612643964,0.9999552909184549,2.8403880570827825e-05,0.10662731676862347,0.0,0.0,0.27661933247074044,0.795832,0.198958,1.0,0.0
1406,7.03,preference_clipping,0.020965270296734173,0.9999999999999984,1.6758783715094925e-12,0.10318896923290985,0.0,0.0,0.28016656980493115,0.7697868,0.1924467,1.0,1.0
1407,7.035,preference_clipping,0.010014745478216514,0.9999999999999998,1.6312811021812358e-12,0.09923831965033605,0.0,0.0,0.28028775659289296,0.7876645999999999,0.19691614999999998,1.0,1.0
1408,7.04,solver_5ms,0.009399366766686679,1.0,1.5881161185228304e-12,0.09528102808872846,0.0,0.0,0.28042192050602366,1.0183588,0.2545897,1.0,1.0
1409,7.045,finite_support,0.04716350472059455,1.0,1.5472996894496957e-12,0.09140694534379165,0.0,0.0,0.28055836470152684,0.851333,0.21283325,1.0,1.0
1410,7.05,solver_5ms,0.009198653535928691,1.0,1.5051884196918575e-12,0.08761601344137315,0.0,0.0,0.2806967820393418,1.0790111999999998,0.26975279999999996,1.0,1.0
1411,7.055,preference_clipping,0.17116041223230738,0.0,1.4675929802969148e-12,7.143691059994544e-14,0.0,0.0,0.29258263974719895,0.9176084000000001,0.22940210000000003,1.0,1.0
1412,7.0600000000000005,preference_clipping,0.06904962807042711,0.0,1.43002815094615e-12,0.006934009004653946,0.0,0.0,0.28989161883963305,0.7830118,0.19575295,1.0,1.0
1413,7.065,preference_clipping,0.021739558720909602,0.0,1.42316446568771e-12,9.321831916152413e-14,0.0,0.0,0.29094646230385174,0.6424582,0.16061455,1.0,1.0
1414,7.07,finite_support,0.03519034629667628,1.0,1.3622017572863507e-12,0.07328146563380968,0.0,0.0,0.28126449104133305,0.7440102,0.18600255,1.0,1.0
1415,7.075,preference_clipping,0.07244098515490904,0.9999999999999978,1.3304931110938942e-12,0.02334123050217293,0.0,0.0,0.28666956097765306,0.7834746,0.19586865,1.0,1.0
1416,7.08,preference_clipping,0.08488855908353812,0.9999999999999994,1.299248899456125e-12,0.0666093021930541,0.0,0.0,0.2815531229958174,0.774546,0.1936365,1.0,1.0
1417,7.085,finite_support,0.012216711203858616,1.0,1.2703311667894886e-12,0.06339624431660668,0.0,0.0,0.28169780079116463,0.766154,0.1915385,1.0,1.0
1418,7.09,preference_clipping,0.016030099600147785,0.9999999999999987,1.2414765290188214e-12,0.060264869060266145,0.0,0.0,0.28184243077293786,0.7680256000000001,0.19200640000000002,1.0,1.0
1419,7.095,finite_support,0.02722855638875865,1.0,1.2152524446566058e-12,0.0029804552121592996,0.0,0.0,0.2878655537600655,0.6874532,0.1718633,1.0,1.0
1420,7.1000000000000005,finite_support,0.008287770469905809,1.0,1.1882623752921408e-12,0.0542460906715098,0.0,0.0,0.2821307390304352,0.7710292000000001,0.19275730000000002,1.0,1.0
1421,7.105,finite_support,0.04723585980909509,1.0,1.1640220701949988e-12,0.051358125176661724,0.0,0.0,0.28227403641381643,0.7398202,0.18495505,1.0,1.0
1422,7.11,finite_support,0.012568079910124652,1.0,1.1413928046895438e-12,0.04855072116545583,0.0,0.0,0.2824165235321959,0.7445972,0.1861493,1.0,1.0
1423,7.115,solver_5ms,0.0035868197301169857,0.9995526321155171,5.5903361121623466e-05,0.00018768524805218143,0.0,0.0,0.2865079398574743,1.3703418,0.34258545,1.0,1.0
1424,7.12,preference_clipping,0.07023353452637049,0.9999999999999997,1.0977438885190384e-12,0.043176402647131226,0.0,0.0,0.2826984005229168,0.759836,0.189959,1.0,1.0
1425,7.125,finite_support,0.01788325711474248,1.0,1.077170338265349e-12,8.367845801522472e-14,0.0,0.0,0.2875347883399196,0.7531234,0.18828085,1.0,1.0
1426,7.13,preference_clipping,0.0015831646757447082,0.9999999999999917,1.05991517936946e-12,7.903069653595727e-14,0.0,0.0,0.2873859731769421,0.7906702,0.19766755,1.0,1.0
1427,7.135,finite_support,0.019849108917916955,1.0,1.0454607990427088e-12,0.03571159468370673,0.0,0.0,0.2831111793364354,0.7899248,0.1974812,1.0,1.0
1428,7.140000000000001,finite_support,0.00830295832088268,1.0,1.0201269568399727e-12,0.03338121749699262,0.0,0.0,0.28324554246468686,0.7493062,0.18732655,1.0,1.0
1429,7.1450000000000005,preference_clipping,0.013710632629226893,0.9999999999999962,1.0055910448913361e-12,7.198668723010674e-14,0.0,0.0,0.28698353566034446,0.7472042,0.18680105,1.0,1.0
1430,7.15,preference_clipping,0.03769005268473846,0.9999999999999993,9.902965012841643e-13,5.890265474043392e-14,0.0,0.0,0.2868635257850449,0.7554957999999999,0.18887394999999998,1.0,1.0
1431,7.155,finite_support,0.04699014536854729,1.0,9.749319542508164e-13,0.02685953438023986,0.0,0.0,0.28363719023888206,0.7703278,0.19258195,1.0,1.0
1432,7.16,finite_support,0.04444834833311137,1.0,9.607284666136304e-13,5.0189019127291825e-14,0.0,0.0,0.28664381954526424,0.9457736000000001,0.23644340000000003,1.0,1.0
1433,7.165,preference_clipping,0.03147711158564548,0.9999999999999981,9.48755279991487e-13,4.614371332814937e-14,0.0,0.0,0.2865438612525571,0.8464036,0.2116009,1.0,1.0
1434,7.17,finite_support,0.007502270305643696,1.0,9.361944292639612e-13,4.22550460658024e-14,0.0,0.0,0.2864503357197261,0.7705844000000001,0.19264610000000001,1.0,1.0
1435,7.175,preference_clipping,0.02559700090776218,0.999999999999999,9.239736839861655e-13,0.019248423329011652,0.0,0.0,0.2841287631922004,0.7779484,0.1944871,1.0,1.0
1436,7.18,preference_clipping,0.02789311119317378,0.9999999999999978,9.12067143170767e-13,3.518945231292567e-14,0.0,0.0,0.2862821359064628,0.7774694000000001,0.19436735000000002,1.0,1.0
1437,7.1850000000000005,preference_clipping,0.03562288177112738,0.9999999999999997,9.01528174129677e-13,3.173260043948157e-14,0.0,0.0,0.28620725590080576,0.8776968,0.2194242,1.0,1.0
1438,7.19,preference_clipping,0.037392430601509985,0.9999999999999953,8.917614973182094e-13,2.8862789405369504e-14,0.0,0.0,0.28613839687458015,0.8999870000000001,0.22499675000000002,1.0,1.0
1439,7.195,finite_support,0.04423558611424405,1.0,8.822178892830101e-13,2.552828214726441e-14,0.0,0.0,0.2860754731903682,0.7622866,0.19057165,1.0,1.0
1440,7.2,preference_clipping,0.02548087354179232,0.0,6.768421625642264e-08,1.4566442415365922e-07,0.0,0.0,0.2737051316017522,0.8817984000000001,0.22044960000000002,1.0,1.0
1441,7.205,finite_support,0.057188949192585325,1.0,8.672915167016774e-13,1.9990896737282517e-14,0.0,0.0,0.28596712147544634,0.7414012,0.1853503,1.0,1.0
1442,7.21,finite_support,0.062208798485771655,1.0,8.586588464516457e-13,0.008862586806592604,0.0,0.0,0.2848897833263655,0.74615,0.1865375,1.0,1.0
1443,7.215,finite_support,0.04055277444821011,1.0,8.54869447728281e-13,1.512248789468532e-14,0.0,0.0,0.2858816447254435,0.7452726,0.18631815,1.0,1.0
1444,7.22,finite_support,0.07239135969274932,1.0,8.455359355111547e-13,0.00657153168377594,0.0,0.0,0.28508161233770574,0.7278838,0.18197095,1.0,1.0
1445,7.2250000000000005,finite_support,0.07794728364282286,1.0,8.417767851336152e-13,0.005537655725664911,0.0,0.0,0.28517303975918973,0.743425,0.18585625,1.0,1.0
1446,7.23,preference_clipping,0.011006736310142234,0.9999999999999979,8.364730868513831e-13,8.955383892870966e-15,0.0,0.0,0.285795350571567,0.8486157999999999,0.21215394999999998,1.0,1.0
1447,7.235,preference_clipping,0.04590924994221472,0.9999999999999979,8.31154968796511e-13,0.003692268202599986,0.0,0.0,0.2853467733085178,0.8060716,0.2015179,1.0,1.0
1448,7.24,solver_5ms,0.002846150072078387,0.9999999999999988,8.281230378521388e-13,5.616510637852243e-15,0.0,0.0,0.2857652818623696,1.0442976000000002,0.26107440000000004,1.0,1.0
1449,7.245,finite_support,0.0017832096246123662,1.0,8.231780527626933e-13,4.202931054623633e-15,0.0,0.0,0.2857583964057439,0.7535844,0.1883961,1.0,1.0
1450,7.25,finite_support,0.036408914105183834,1.0,8.229030636875874e-13,0.0014775518012248782,0.0,0.0,0.2855842695913808,0.7634770000000001,0.19086925000000002,1.0,1.0
1451,7.255,preference_clipping,0.012221204059056738,0.9999999999999974,8.199011221100158e-13,1.7277985155386128e-15,0.0,0.0,0.285760833162463,0.7240242,0.18100605,1.0,1.0
1452,7.26,preference_clipping,0.04946201118631978,0.9999999999999997,8.138804105856839e-13,7.071546578084215e-16,0.0,0.0,0.28577013678366897,0.8134112,0.2033528,1.0,1.0
1453,7.265000000000001,finite_support,0.003549122838813492,1.0,8.157791665497471e-13,3.7645556738532464e-14,0.0,0.0,0.28578344175012393,0.8361804,0.2090451,1.0,1.0
1454,7.2700000000000005,preference_clipping,0.005306651988934961,0.9999999999999993,8.165164549189808e-13,3.7410418257741825e-14,0.0,0.0,0.2857968092205748,0.7254452,0.1813613,1.0,1.0
1455,7.275,finite_support,0.0163701205043755,1.0,8.1452069493614e-13,3.725294588478457e-14,0.0,0.0,0.2858169019681813,0.7158348,0.1789587,1.0,1.0
1456,7.28,preference_clipping,0.04196535722483239,0.9999999999999987,8.131309056922062e-13,3.7214049426995e-14,0.0,0.0,0.2858437319770735,0.7224636000000001,0.18061590000000002,1.0,1.0
1457,7.285,finite_support,0.04150413422556901,1.0,8.147920601089099e-13,3.733230291980761e-14,0.0,0.0,0.28587731776608166,0.8594622,0.21486555,1.0,1.0
1458,7.29,finite_support,0.003836447912825003,0.8933870977236401,0.00020910602278280212,0.0004860774441462289,0.0022604232603880836,0.0,0.23609531308232468,0.523329,0.13083225,0.0,0.0
1459,7.295,finite_support,0.0020931994207480887,0.9239107171044512,0.0003086189007937633,0.0009685773353262314,0.01028420499697728,0.0,0.2296012509991653,0.4858744,0.1214686,0.0,0.0
1460,7.3,finite_support,0.0021284437315264226,0.9605729510580739,0.0003197199896926304,0.0010032266951315503,0.010606818489795845,0.0,0.22341429949067218,0.4817744,0.1204436,0.0,0.0
1461,7.305,preference_clipping,0.004057437796262817,0.9999994758052251,7.188592619114336e-05,4.369523303119663e-05,0.0005830707310330168,0.0,0.21746430956658933,0.5668034,0.14170085,1.0,0.0
1462,7.3100000000000005,finite_support,0.004894202481719584,1.0,2.4576132519757974e-10,3.636792464093521e-11,1.4307009751190095e-09,0.0,0.21399830631319705,0.5831982,0.14579955,1.0,1.0
1463,7.315,preference_clipping,0.004018087948538359,0.9999957243930994,9.75629734931822e-05,6.924106083858447e-05,0.0013463687742384174,0.0,0.21370390014838864,0.7451142,0.18627855,1.0,0.0
1464,7.32,solver_5ms,0.004152891382094233,1.0,2.1044296341126855e-10,8.06513771799351e-11,1.5184140497075042e-09,0.0,0.2134244765844909,1.0801696,0.2700424,1.0,1.0
1465,7.325,preference_clipping,0.0034777898876285386,0.9999999999999106,2.61934411707791e-10,1.0027873812466885e-10,1.881675325218159e-09,0.0,0.21316650337076856,0.8779492,0.2194873,1.0,1.0
1466,7.33,preference_clipping,0.004534098276377047,0.9999999999999994,3.262099950336498e-10,9.958593457028302e-11,2.1333293465683183e-09,0.0,0.21292788433874488,0.8882667999999999,0.22206669999999998,1.0,1.0
1467,7.335,preference_clipping,0.007772917842686043,0.9999999999999962,8.793894510113929e-10,3.7383070483905996e-11,5.01865770666688e-09,0.0,0.21270873640391205,0.8120768,0.2030192,1.0,1.0
1468,7.34,solver_5ms,0.004514239007694662,0.9999999999999994,4.25079932775106e-10,1.8238664445195978e-10,3.1174095083952857e-09,0.0,0.21250919065360285,1.0283997999999999,0.25709994999999997,1.0,1.0
1469,7.345,solver_5ms,0.10519734681881804,0.9999999999993868,1.0956759892896115e-09,1.388740797729805e-10,6.354778695364025e-09,0.0,0.21232935499863978,1.0589654,0.26474135,1.0,1.0
1470,7.3500000000000005,preference_clipping,0.11117725099915599,0.9999999999933127,1.0459127497813586e-09,1.2915555315673553e-10,6.081753757228146e-09,0.0,0.21216929450960353,0.9736582,0.24341455,1.0,1.0
1471,7.355,preference_clipping,0.108045793232453,0.9996812151548284,0.0008363125178434545,0.00014919554619513366,0.004268505915910109,0.0,0.21202768827692833,0.7397722,0.18494305,1.0,0.0
1472,7.36,preference_clipping,0.10441867396779325,0.9938550746239021,1.2351575726157211e-09,1.531105712517425e-10,7.210555756450599e-09,0.0,0.21186857998286646,0.6758452,0.1689613,1.0,1.0
1473,7.365,preference_clipping,0.09711231957476585,0.9999999999999543,1.4633625014241678e-09,1.6186037465518174e-10,8.530688401087726e-09,0.0,0.21180713941184431,0.8064922,0.20162305,1.0,1.0
1474,7.37,preference_clipping,0.09213732667448515,0.9999999999999812,1.3282015864463701e-09,2.3970670800799975e-10,7.91749623869947e-09,0.0,0.21172502802774154,0.795842,0.1989605,1.0,1.0
1475,7.375,preference_clipping,0.04264603930409505,0.8513782167727546,0.00029835618739606595,0.0006121542661614601,0.005173319924251833,0.0,0.2107724795216766,0.6657744,0.1664436,1.0,0.0
1476,7.38,preference_clipping,0.03224599112033877,0.8394612430417595,0.0003020608584409342,0.0006227422001923538,0.004982223462339055,0.0,0.2106527952967401,0.6568394000000001,0.16420985000000002,1.0,0.0
1477,7.385,preference_clipping,0.01127511087967159,0.9391230825159866,5.020064053505936e-10,1.0025243701601895e-10,3.0602259767576958e-09,0.0,0.2111976451368181,0.7043872,0.1760968,1.0,1.0
1478,7.390000000000001,preference_clipping,0.019117049729257957,0.4717344775011213,0.00012193584098786855,0.0005624847422747675,0.003675343251422897,0.0,0.20823179458407434,0.6079612,0.1519903,1.0,0.0
1479,7.3950000000000005,preference_clipping,0.01597965718080907,0.828428005277301,0.0002808622769766249,0.0005659086145160745,0.005376060878325408,0.0,0.2105441490782765,0.9086754000000001,0.22716885000000003,1.0,0.0
1480,7.4,preference_clipping,0.013068285342754393,0.8434217056066182,5.703894271748757e-10,6.888286365531207e-10,8.387931427984617e-09,0.0,0.21059600972547182,0.6912064,0.1728016,1.0,1.0
1481,7.405,preference_clipping,0.017429794066381454,0.9465672290755912,5.336478432413711e-10,2.7306169889594716e-10,3.966723465224382e-09,0.0,0.21128845100395527,0.717997,0.17949925,1.0,1.0
1482,7.41,preference_clipping,0.012052020839647959,0.8598494085202755,2.6731873413976035e-10,3.261089728740359e-11,1.6780736435236385e-09,0.0,0.21077696605083632,0.673623,0.16840575,1.0,1.0
1483,7.415,preference_clipping,0.008353095992674753,0.8725181482690252,3.0451488524663756e-10,4.653969445948901e-11,1.826357672856938e-09,0.0,0.2109126696129105,0.6689182,0.16722955,1.0,1.0
1484,7.42,preference_clipping,0.013956117511648714,0.5245329946518388,1.9370550206806678e-10,8.205338372034685e-12,1.1251807859150232e-09,0.0,0.20873977640792493,0.6449068,0.1612267,1.0,1.0
1485,7.425,preference_clipping,0.00850658224416101,0.9055803165102292,3.586529033906216e-10,6.956924505433737e-11,2.133858056097479e-09,0.0,0.2112609246097308,0.8004468,0.2001117,1.0,1.0
1486,7.43,preference_clipping,0.012226491086925195,0.9999993914396322,3.1516829439585125e-05,8.489837192047474e-05,0.0007772207336183244,0.0,0.21194914542217846,0.9167066,0.22917665,1.0,0.0
1487,7.4350000000000005,preference_clipping,0.004708994956123536,0.589592767131772,2.686312573889557e-10,1.4600792610849164e-10,2.3414297985557408e-09,0.0,0.20939071505982673,0.5992024,0.1498006,1.0,1.0
1488,7.44,preference_clipping,0.012222842876719042,0.5935090421051532,0.0002438860926864637,0.0006360325528472091,0.005853922012119831,0.0,0.20957279798501074,0.622152,0.155538,1.0,0.0
1489,7.445,preference_clipping,0.018890354211431593,0.6315803320851135,2.2985650314965765e-10,2.9941410880989166e-11,1.3138965661929608e-09,0.0,0.20984001907321262,0.598992,0.149748,1.0,1.0
1490,7.45,preference_clipping,0.013802089592757083,0.9999691702764197,0.000780708079646263,0.00018974440130422213,0.006776490203163664,0.0,0.21231580776636438,0.9425836,0.2356459,1.0,0.0
1491,7.455,preference_clipping,0.017978435407073334,0.6807599452946769,0.00018606048468484374,0.0002877508395520886,0.0016967680101947125,0.0,0.21036777268876314,0.6077064,0.1519266,1.0,0.0
1492,7.46,preference_clipping,0.011835339739502126,0.7158906453651576,1.795477422994922e-10,1.4646807039465909e-10,2.0387133178363286e-09,0.0,0.21066755706348303,0.6215486,0.15538715,1.0,1.0
1493,7.465,solver_5ms,0.03817458293919884,0.9999999999995077,1.8695052313543845e-10,8.058728044318583e-11,1.4088813514958693e-09,0.0,0.21260230741026107,1.0034584,0.2508646,1.0,1.0
1494,7.47,preference_clipping,0.014005346882228764,0.9999999992512063,8.431775426769029e-08,1.8851864221435171e-07,2.1189832754187104e-06,0.0,0.2128593532089782,0.9459298,0.23648245,1.0,1.0
1495,7.4750000000000005,preference_clipping,0.020565861340304803,0.9999999999999982,1.9762842312272808e-13,2.091922130263976e-12,9.392561553085077e-12,0.0,0.21279073818537855,0.8952278,0.22380695,1.0,1.0
1496,7.48,preference_clipping,0.033200131532851174,0.9999464700178488,0.00010992045848968826,5.6348991218926454e-05,0.0015057140713636283,0.0,0.21288407916062568,0.6569516,0.1642379,1.0,0.0
1497,7.485,preference_clipping,0.020247291343533647,0.999999999999999,2.114529395335456e-13,2.090262346638269e-12,4.693912879449266e-12,0.0,0.2129678721295728,0.8535172000000001,0.21337930000000002,1.0,1.0
1498,7.49,preference_clipping,0.015278138823515697,0.9058968970263963,5.941229902687721e-05,0.00014264210671111304,0.0013108357405310187,0.0,0.21245053650104967,0.6091854,0.15229635,1.0,0.0
1499,7.495,preference_clipping,0.017252964074759847,0.9999999999999993,2.1925757831022817e-11,2.3589699760895632e-11,3.570897810098577e-10,0.0,0.21312944755248273,0.855008,0.213752,1.0,1.0
1500,7.5,solver_5ms,0.0038753583675443792,0.9999999999999993,2.3354592748725285e-11,2.0114419588693744e-11,3.2726098423170235e-10,0.0,0.2132034039088748,1.03706,0.259265,1.0,1.0
1501,7.505,solver_5ms,0.04360056473848295,1.0,2.7091469593300088e-11,1.4886584508071993e-11,2.5449615668680277e-10,0.0,0.21456164690091262,1.0131368,0.2532842,1.0,1.0
1502,7.51,finite_support,0.030717938696162017,1.0,2.271729281312535e-11,3.497658431166184e-11,3.947682573803559e-10,0.0,0.2175796991990478,0.5477953999999999,0.13694884999999998,1.0,1.0
1503,7.515000000000001,preference_clipping,0.03205724331822868,0.9999950259289785,0.0004037304027155559,5.777508610072523e-05,0.003654872750976506,0.0,0.22058970487691995,0.5549748,0.1387437,1.0,0.0
1504,7.5200000000000005,preference_clipping,0.06537748745150118,0.9999970940210573,0.0002016852198169918,5.300172181337265e-05,0.0014547834498990831,0.0,0.22360885254483814,0.5690976,0.1422744,1.0,0.0
1505,7.525,finite_support,0.014482515187097533,1.0,4.889651986108607e-11,3.873511707935805e-11,6.553655185571942e-10,0.0,0.22653869247572364,0.6144834,0.15362085,1.0,1.0
1506,7.53,preference_clipping,0.05577457783817463,0.9999998767807936,5.76741650973653e-05,6.625885851100185e-05,0.0008930717264501876,0.0,0.22953036593656978,0.7336686,0.18341715,1.0,0.0
1507,7.535,preference_clipping,0.0059696581011792205,0.9999538476267168,0.00020685696102146672,5.9128035076867504e-05,0.001471432635305617,0.0,0.23241658361309184,0.6413202,0.16033005,1.0,0.0
1508,7.54,finite_support,0.14764984512805057,1.0,1.2576128565172806e-10,6.637425877296066e-11,9.504466802982946e-10,0.0,0.23527009048559155,0.7051466000000001,0.17628665000000002,1.0,1.0
1509,7.545,preference_clipping,0.010883832723962428,0.999999427663956,4.526501672098671e-05,4.71985625201112e-05,0.000675881569022487,0.0,0.23815077440001897,0.5615654,0.14039135,1.0,0.0
1510,7.55,preference_clipping,0.012838258234282307,0.9999992926032983,6.039254988049162e-05,5.1815609791139605e-05,0.0007976775850419231,0.0,0.24096533765760603,0.5621484,0.1405371,1.0,0.0
1511,7.555,preference_clipping,0.008259262718190996,0.9999989666601625,6.942078802749956e-05,4.838114754623222e-05,0.000891672444687413,0.0,0.24373833894471528,0.6366554,0.15916385,1.0,0.0
1512,7.5600000000000005,preference_clipping,0.027210617092876532,0.9999528909734781,0.00020580964947166243,4.860453219316283e-05,0.00201798962237456,0.0,0.2464539705588139,0.8688299999999999,0.21720749999999997,1.0,0.0
1513,7.565,preference_clipping,0.004892269922507353,0.9999986709844744,9.136070370647274e-05,3.453122992771642e-05,0.0009953578284602764,0.0,0.24915081028666916,0.5714060000000001,0.14285150000000002,1.0,0.0
1514,7.57,preference_clipping,0.010562412056103199,0.9999988554923506,3.521305382566111e-05,1.3041148729874925e-05,0.00036458795832209506,0.0,0.25178867410185096,0.5512358,0.13780895,1.0,0.0
1515,7.575,preference_clipping,0.04367144978978388,0.9999999999587441,1.8658031770459085e-09,7.759656590195201e-09,5.789331302331133e-08,0.0,0.2544649601575091,0.8992595999999999,0.22481489999999998,1.0,1.0
1516,7.58,preference_clipping,0.009623285501803025,0.999921151662139,0.0003946807774307805,6.756540138359483e-05,0.004740047026523456,0.0,0.256987939956433,0.783571,0.19589275,1.0,0.0
1517,7.585,finite_support,0.01899123081017251,0.9900193235082698,9.750304759034314e-05,0.00016906869167740876,0.0011305783475603433,0.0,0.2593980374300585,0.48764759999999996,0.12191189999999999,0.0,0.0
1518,7.59,finite_support,0.023478574640023453,0.9746430414935159,8.285057201495697e-05,0.00016595765922004162,0.001315106024814601,0.0,0.2615806145450537,0.4831972,0.1207993,0.0,0.0
1519,7.595,finite_support,0.015243310433343815,0.9579671985052391,0.00014584651462300286,0.00023142232449527503,0.0011647995370450972,0.0,0.2636917132271388,0.48296880000000003,0.12074220000000001,0.0,0.0
1520,7.6000000000000005,finite_support,0.00241683895119138,0.9333023549587056,0.00022763257614028237,0.0006820806373485326,0.006863333159988802,0.0,0.26586522786257516,0.4860546,0.12151365,0.0,0.0
1521,7.605,finite_support,0.02247950610378968,0.9155488532793324,0.00015031452412585182,0.0007853803382418367,0.008151012298918582,0.0,0.2680218089951645,0.4741822,0.11854555,0.0,0.0
1522,7.61,finite_support,0.03430126183090465,0.9033293505193107,0.00015402050164818693,0.00065438390739094,0.006476316255876748,0.0,0.2701857682436155,0.48113140000000004,0.12028285000000001,0.0,0.0
1523,7.615,finite_support,0.020180246362855314,0.8878185168891757,0.00025033682016163336,0.0005829476806773998,0.0053674784203384274,0.0,0.2719508138260383,0.47790320000000003,0.11947580000000001,0.0,0.0
1524,7.62,finite_support,0.043142028838261126,0.8688675756117759,0.0001388099502459701,0.0007758235144171159,0.007308325709058064,0.0,0.2740596247677424,0.478851,0.11971275,0.0,0.0
1525,7.625,finite_support,0.05987995099765442,0.8543359175853567,0.00015173116152243093,0.0006803842425335199,0.005711783965293276,0.0,0.27578384656557503,0.475178,0.1187945,0.0,0.0
1526,7.63,finite_support,0.008388134284387228,0.8425961401590496,0.00017341643432733323,0.0004908663738660138,0.0038055337841239154,0.0,0.2775941797750751,0.6115758,0.15289395,0.0,0.0
1527,7.635,finite_support,0.02746292325495059,0.8164490999774126,0.0002730852958071829,0.0010176958021449775,0.009212435102684702,0.0,0.2794906264048605,0.5457134,0.13642835,0.0,0.0
1528,7.640000000000001,finite_support,0.018860357720029697,0.8069011267465047,0.00024179185426805375,0.0007115245881863602,0.0058031626997192805,0.0,0.28140345712460535,0.6427088,0.1606772,0.0,0.0
1529,7.6450000000000005,finite_support,0.04473839597396445,0.7930332679356263,0.00032598459870274545,0.0006180745923844611,0.005409148338592714,0.0,0.28297457157947975,0.475707,0.11892675,0.0,0.0
1530,7.65,finite_support,0.008351171143505809,0.7851601777987219,0.0002050316849863832,0.0002415260973152091,0.0019821586896245427,0.0,0.28473640775382425,0.4874612,0.1218653,0.0,0.0
1531,7.655,finite_support,0.011086941087423696,0.765202685949962,6.709458230415729e-05,0.0004459804765146212,0.0032661705873088974,0.0,0.2864312978807512,0.4710242,0.11775605,0.0,0.0
1532,7.66,finite_support,0.06680773156908515,0.7566147078742902,0.00010064704133311824,0.00011497312657350432,0.0007071181157142123,0.0,0.28798987427062794,0.4891084,0.1222771,0.0,0.0
1533,7.665,finite_support,0.01035894703349527,0.730635905352124,0.0003715562544527873,0.0006274351891658091,0.0052207246935078245,0.0,0.28978406605941565,0.5510636,0.1377659,0.0,0.0
1534,7.67,finite_support,0.011731805457659839,0.715376491512399,0.00025863660146993725,0.0005974272899854882,0.005335875863428195,0.0,0.29120714817479115,0.49112219999999995,0.12278054999999999,0.0,0.0
1535,7.675,finite_support,0.0024989843527833955,0.7077022511336888,0.00015009777078036843,0.0002306594053388629,0.0018788896665200502,0.0,0.29265976067725374,0.4760398,0.11900995,0.0,0.0
1536,7.68,finite_support,0.0016508849842722384,0.6928447346856084,0.00021874546389383308,0.00019790327688100516,0.0017493252078052144,0.0,0.2941781541412873,0.47769880000000003,0.11942470000000001,0.0,0.0
1537,7.6850000000000005,finite_support,0.005115829981860998,0.6652801896797362,0.00045347932144040957,0.0008496734539337439,0.007755822468208111,0.0,0.2959782586503339,0.4630852,0.1157713,0.0,0.0
1538,7.69,finite_support,0.016241957431772924,0.6579414141066757,0.0002779991798249481,0.00043831136232675035,0.0022026486900242836,0.0,0.2972579348291848,0.4590176,0.1147544,0.0,0.0
1539,7.695,finite_support,0.031813590650742185,0.6390128240709532,9.031642369551072e-05,0.0005871836396681479,0.005345713835312031,0.0,0.2985703193542601,0.4689062,0.11722655,0.0,0.0
1540,7.7,finite_support,0.04436623846082455,0.6302126564692239,9.28819865539715e-05,0.0002735773204426848,0.001877582510749706,0.0,0.29991301916995905,0.46847340000000004,0.11711835000000001,0.0,0.0
1541,7.705,finite_support,0.012709380423081562,0.6172669278897802,0.00011691713420753032,0.00017436493144853564,0.0010725706667956145,0.0,0.30120601878680564,0.5282524000000001,0.13206310000000002,0.0,0.0
1542,7.71,solver_5ms,0.010463785393710623,0.5962995081621767,0.00040793642279616854,0.00045451230546762143,0.0038371092867053457,0.0,0.302568071369151,0.6363006,0.15907515,0.0,0.0
1543,7.715,finite_support,0.007065636964398436,0.576500162880644,0.00024011908646018104,0.0007005869364765197,0.006033062491699596,0.0,0.3039535027349494,0.47341279999999997,0.11835319999999999,0.0,0.0
1544,7.72,finite_support,0.03718901298022104,0.5646187450875508,0.00013619953745364153,0.0005555689365546948,0.005227482858312673,0.0,0.30506394748695476,0.4634318,0.11585795,0.0,0.0
1545,7.7250000000000005,finite_support,0.022179759417984002,0.5497002289159238,0.00015467241239567353,0.0005662534056323456,0.00542033908676418,0.0,0.30634599022098374,0.4886616,0.1221654,0.0,0.0
1546,7.73,finite_support,0.009668843503618518,0.5375551653572026,0.00010495821881766288,0.0004420447001664413,0.003950318944143943,0.0,0.30751215238349316,0.4659066,0.11647665,0.0,0.0
1547,7.735,finite_support,0.002887645678129047,0.5169399872353506,0.0001786743346450432,0.0007304231246338182,0.006109465060179997,0.0,0.3087484433540522,0.478853,0.11971325,0.0,0.0
1548,7.74,finite_support,0.07622200093315712,0.502498328370461,0.00029099109326178197,0.0007654626226196315,0.007934462470150344,0.0,0.30973615809445687,0.4660068,0.1165017,0.0,0.0
1549,7.745,finite_support,0.08140733087635965,0.48986703594555214,0.00022225887487818452,0.0006859960666178666,0.006975757555787677,0.0,0.31084620524904455,0.4864854,0.12162135,0.0,0.0
1550,7.75,solver_5ms,0.0869192162689103,0.47662614307815165,0.0002662512391925936,0.0006721785332434817,0.0073130182527285596,0.0,0.31189531892252953,0.4785666,0.11964165,0.0,0.0
1551,7.755,solver_5ms,0.05529047775176821,0.46479581063716946,6.601704821638569e-05,0.000542631093001635,0.005038337737330503,0.0,0.3130388244785239,0.46769979999999994,0.11692494999999999,0.0,0.0
1552,7.76,solver_5ms,0.06594727056108418,0.45250443834277687,8.469981850927664e-05,0.00046278584446595784,0.004377711830380885,0.0,0.3142621524604208,0.46995020000000004,0.11748755000000001,0.0,0.0
1553,7.765000000000001,solver_5ms,0.04275760162597564,0.4426513505563303,0.00014909691344996908,0.00028703574534465047,0.0012935625525529201,0.0,0.31532758338098116,0.46389480000000005,0.11597370000000001,0.0,0.0
1554,7.7700000000000005,solver_5ms,0.026808788522458826,0.43196498133085093,0.00014577086884217438,0.0001524668240176868,0.0017093406077422334,0.0,0.31619484021501193,0.4623018,0.11557545,0.0,0.0
1555,7.775,solver_5ms,0.03777282688022243,0.4154945923717235,0.00011211884179744834,0.00031751494314208507,0.0035402117689239845,0.0,0.3171707901013345,0.4553586,0.11383965,0.0,0.0
1556,7.78,solver_5ms,0.007478234351210311,0.40260037509818225,0.00010536216456146158,0.0002907997513840263,0.0026866183284007168,0.0,0.31818208723897917,0.4630932,0.1157733,0.0,0.0
1557,7.785,solver_5ms,0.006965540991221708,0.391901777985849,7.230822943857751e-05,0.00019530731303777163,0.0015386836054654498,0.0,0.3190769118190061,0.46297299999999997,0.11574324999999999,0.0,0.0
1558,7.79,solver_5ms,0.0387231899323659,0.3780013340722348,8.79215135155641e-05,0.00025766173498565037,0.001767363426503921,0.0,0.32011130438626667,0.47681719999999994,0.11920429999999999,0.0,0.0
1559,7.795,solver_5ms,0.032330408142322575,0.36553420000127945,0.00017597608733664364,0.00031309690770383745,0.0019185888731580827,0.0,0.3207511864049469,0.465087,0.11627175,0.0,0.0
1560,7.8,solver_5ms,0.05626579202555604,0.35714677544639517,9.502509791507937e-05,7.663083721892941e-05,0.0006625051903012697,0.0,0.32180267211227415,0.45259740000000004,0.11314935000000001,0.0,0.0
1561,7.805000000000001,solver_5ms,0.035519339205980494,0.32949413841875175,0.00023879026540635874,0.0008368101504702498,0.007942520486130396,0.0,0.3226340098854124,0.4674334,0.11685835,0.0,0.0
1562,7.8100000000000005,solver_5ms,0.011016518253192942,0.33352535553213514,9.503087448477053e-05,8.51947077743221e-05,0.0009404387972498595,0.0,0.3235231862086426,0.4728998,0.11822495,0.0,0.0
1563,7.815,solver_5ms,0.04165619064966375,0.30961007803838136,0.0001707122845625364,0.0006940521077287079,0.006999572243458527,0.0,0.3243359401528414,0.4721084,0.1180271,0.0,0.0
1564,7.82,solver_5ms,0.03806624009061732,0.2997434488976707,0.00015309715077054334,0.0006361914322178016,0.006380530961871368,0.0,0.325147665156907,0.4731362,0.11828405,0.0,0.0
1565,7.825,solver_5ms,0.04887293833522044,0.2898475893549888,0.0002358670120202514,0.000591403907098586,0.005933744136058052,0.0,0.3258759789897268,0.45351099999999994,0.11337774999999999,0.0,0.0
1566,7.83,solver_5ms,0.016559523891013228,0.2867084178643814,0.0001308582630226518,0.00023834971152524351,0.0014531387777268565,0.0,0.32665357193279543,0.468167,0.11704175,0.0,0.0
1567,7.835,solver_5ms,0.013970826925890911,0.27966317826166454,4.625065224536728e-05,9.000414335550274e-05,0.0005353722176676145,0.0,0.3273512151010261,0.4605924,0.1151481,0.0,0.0
1568,7.84,solver_5ms,0.050924002514829425,0.26652579192999837,0.00022997386450679684,0.00024275012042878415,0.0007155304314183616,0.0,0.3280293091689703,0.47790320000000003,0.11947580000000001,0.0,0.0
1569,7.845,solver_5ms,0.05612050876097063,0.2499285580181042,0.0001664262269990527,0.0005930249416708786,0.005290257562493447,0.0,0.3287093291316645,0.47065959999999996,0.11766489999999999,0.0,0.0
1570,7.8500000000000005,solver_5ms,0.01795002393251144,0.2501054702592552,0.00012187339570053568,0.00014962730485555228,0.000489923822937999,0.0,0.3294251281209399,0.4630492,0.1157623,0.0,0.0
1571,7.855,solver_5ms,0.01538309314999542,0.2360344786610853,9.809263555005973e-05,0.00041029374759518215,0.0028303351935675732,0.0,0.3300037348385948,0.47772879999999995,0.11943219999999999,0.0,0.0
1572,7.86,solver_5ms,0.03602632519562887,0.22670377226503657,0.00012034677982576507,0.00045526978527259067,0.003349929704121867,0.0,0.3306726555797511,0.47088199999999997,0.11772049999999999,0.0,0.0
1573,7.865,solver_5ms,0.013673295091651272,0.2221478676283667,8.033180341618659e-05,0.0003006904277394342,0.002061963883437076,0.0,0.33125340269960757,0.4674174,0.11685435,0.0,0.0
1574,7.87,solver_5ms,0.013563413592135656,0.2128764494996115,9.287964330556628e-05,0.0003834455430844827,0.002434486491110058,0.0,0.33183924662996767,0.4664336,0.1166084,0.0,0.0
1575,7.875,solver_5ms,0.0035946828846888934,0.20494883687993926,0.00013291256085729271,0.0004338056649110311,0.003094942126335952,0.0,0.33236849008533864,0.4632174,0.11580435,0.0,0.0
1576,7.88,solver_5ms,0.015742326799766948,0.1954890393413351,0.0001673806112407694,0.0005869685842017925,0.006185389357416028,0.0,0.33295676611023584,0.4848804,0.1212201,0.0,0.0
1577,7.885,solver_5ms,0.06051275253451949,0.1947349746018231,7.922044698381722e-05,0.0003032278249898372,0.0024446920772577254,0.0,0.3335326578861507,0.46750159999999996,0.11687539999999999,0.0,0.0
1578,7.890000000000001,solver_5ms,0.027152531872215446,0.18623316623963404,8.513178332868957e-05,0.0004355836966195995,0.0031080859526106393,0.0,0.3340162624921043,0.46875600000000006,0.11718900000000002,0.0,0.0
1579,7.8950000000000005,solver_5ms,0.015621298699031172,0.18812242612848207,0.00019649544348937135,0.0001089165429311765,0.001335681338792538,0.0,0.3345294878979511,0.48219120000000004,0.12054780000000001,0.0,0.0
1580,7.9,solver_5ms,0.0074902689953249,0.18050282510460625,0.00011663820408423461,0.0002424214688879398,0.0018842844839741287,0.0,0.3349941456611961,0.4641634,0.11604085,0.0,0.0
1581,7.905,solver_5ms,0.032175668553124925,0.16682674202161585,0.00027303085216835417,0.000723289093927356,0.0068586526422948525,0.0,0.3353583999815695,0.46308119999999997,0.11577029999999999,0.0,0.0
1582,7.91,solver_5ms,0.032430771089442256,0.1642884033110289,0.0003347713445764596,0.0006780700739279009,0.005798057517194777,0.0,0.3357206360212045,0.48452979999999995,0.12113244999999999,0.0,0.0
1583,7.915,solver_5ms,0.03681520158171914,0.1604159330990017,0.00018280718383028877,0.0006889671909575222,0.005596173747455045,0.0,0.33616963907477593,0.469307,0.11732675,0.0,0.0
1584,7.92,solver_5ms,0.01636392688020294,0.16098383889513768,9.670527560041086e-05,0.0005124367756085025,0.003957037992670573,0.0,0.3366523787098768,0.4864714,0.12161785,0.0,0.0
1585,7.925,solver_5ms,0.03697789296985832,0.1567705163156814,0.0001757872432832622,0.0006092625657677325,0.00497007149769458,0.0,0.33709355308065575,0.47381139999999994,0.11845284999999998,0.0,0.0
1586,7.930000000000001,solver_5ms,0.041396583383424,0.16279299371880007,0.0001891765120148483,0.00026014886655810156,0.0007785136648089386,0.0,0.3374484720263082,0.4782078,0.11955195,0.0,0.0
1587,7.9350000000000005,solver_5ms,0.03565863819499082,0.16158664708766546,0.0001109591267797829,0.0002639628000329689,0.0017447486528561944,0.0,0.3377325988642615,0.45715600000000006,0.11428900000000002,0.0,0.0
1588,7.94,solver_5ms,0.02383015416940193,0.162132772483788,7.661719927117548e-05,0.0002373946826075818,0.0025878960213807168,0.0,0.33802967362049263,0.48038400000000003,0.12009600000000001,0.0,0.0
1589,7.945,solver_5ms,0.029285762356834333,0.1637586981608915,7.660500160074805e-05,0.00015289694308726106,0.0010498319953249737,0.0,0.3383382413303553,0.46003140000000003,0.11500785000000001,0.0,0.0
1590,7.95,solver_5ms,0.024591519098837722,0.16402398017998054,9.327103926767919e-05,0.00018233573311440745,0.0011697647714689302,0.0,0.33861713644904945,0.46435360000000003,0.11608840000000001,0.0,0.0
1591,7.955,solver_5ms,0.03454833918947742,0.16539961996434493,0.00011487007561770192,0.00017502595694639275,0.0010091104973348828,0.0,0.33882487327728433,0.464121,0.11603025,0.0,0.0
1592,7.96,solver_5ms,0.029673416501729832,0.16512762868840025,0.0002329491873782308,0.0002896156695410157,0.0009889335874776733,0.0,0.3391343583156707,0.476204,0.119051,0.0,0.0
1593,7.965,solver_5ms,0.03555575209257533,0.16873374731791768,8.147664295823806e-05,0.0002310026167971029,0.002018478637668505,0.0,0.33927599186156787,0.47527240000000004,0.11881810000000001,0.0,0.0
1594,7.97,solver_5ms,0.049618884001567665,0.16736877925575677,0.00015628713124092326,0.0004590165682725412,0.004687270388678442,0.0,0.33943729873272366,0.459769,0.11494225,0.0,0.0
1595,7.9750000000000005,solver_5ms,0.03998886638489907,0.17342750236853943,6.187515578981424e-05,0.0003386019448134616,0.0021873390960638513,0.0,0.3396483757057944,0.47245479999999995,0.11811369999999999,0.0,0.0
1596,7.98,solver_5ms,0.006084838188868957,0.18043829364482245,0.00015694481567808013,0.00022188075122988842,0.0008364592386344548,0.0,0.3397713322320257,0.4939076,0.1234769,0.0,0.0
1597,7.985,solver_5ms,0.05053962942591639,0.18429003912010522,9.419798915478875e-05,0.00027613667675915334,0.0028924744201368224,0.0,0.33982673541483194,0.46420320000000004,0.11605080000000001,0.0,0.0
1598,7.99,solver_5ms,0.008843623056087324,0.19092070218297563,0.00017194029039656808,0.00023588605884253914,0.001378054750198279,0.0,0.33996586001882334,0.487804,0.121951,0.0,0.0
1599,7.995,solver_5ms,0.05312493778220073,0.18789263861498784,0.0001755223419187636,0.0006736556424815637,0.006231518914506444,0.0,0.33999211927705675,0.4557834,0.11394585,0.0,0.0
1600,8.0,solver_5ms,0.03857014985175766,0.1992015500969141,0.00024167520900361585,0.00046875220105007786,0.004807167501937332,0.0,0.33985457454536044,0.46305919999999995,0.11576479999999999,0.0,0.0
1601,8.005,solver_5ms,0.010525717797360556,0.20863100068036555,0.00011851123936215003,0.0003396232252627268,0.0020888747978950735,0.0,0.33992043246699805,0.4773522,0.11933805,0.0,0.0
1602,8.01,solver_5ms,0.005411493475548923,0.2197785615148048,0.00011596958522775021,0.00023699375503672318,0.0018331149325754817,0.0,0.3397610951272747,0.46434359999999997,0.11608589999999999,0.0,0.0
1603,8.015,solver_5ms,0.009222815566811704,0.22858832153135988,0.0001497445107555371,0.0002391271352591593,0.002351306657755437,0.0,0.3396986422019177,0.47016260000000004,0.11754065000000001,0.0,0.0
1604,8.02,solver_5ms,0.011322200815788719,0.2375977251090493,0.00014186734641626078,0.00019452515153480448,0.0011681553871330376,0.0,0.33971112065226494,0.46654979999999996,0.11663744999999999,0.0,0.0
1605,8.025,solver_5ms,0.011980769154540383,0.24668150823183121,0.00017847532381294883,0.0002296529590640554,0.001373113542294533,0.0,0.33958545605914453,0.47488959999999997,0.11872239999999999,0.0,0.0
1606,8.03,solver_5ms,0.012507381935700224,0.25699820659810935,0.00015489157739063592,0.00023673213100727368,0.0012547447388046547,0.0,0.3394241666490277,0.4733406,0.11833515,0.0,0.0
1607,8.035,solver_5ms,0.01205856664521221,0.26561469603754784,0.000131252602474114,0.0003926595271163944,0.003988695916274331,0.0,0.33912976837917613,0.4660828,0.1165207,0.0,0.0
1608,8.040000000000001,solver_5ms,0.012664815030039023,0.27546747072340716,0.00015171704252530101,0.00047517604075397935,0.004758730840775975,0.0,0.33890386261946004,0.47077579999999997,0.11769394999999999,0.0,0.0
1609,8.045,solver_5ms,0.012014922390335414,0.2856019883131823,0.00021118273115454966,0.0005759266749571884,0.005930844860404781,0.0,0.33865871362436106,0.466103,0.11652575,0.0,0.0
1610,8.05,solver_5ms,0.01715447783823265,0.30119091615057536,0.00013901865840566753,0.0004333851407547772,0.0040492437346891326,0.0,0.33834474400691866,0.4800812,0.1200203,0.0,0.0
1611,8.055,solver_5ms,0.023843549357138727,0.3138447749371467,0.00016510536865194884,0.00047828181898885205,0.004771409954815034,0.0,0.3379924678493029,0.4719942,0.11799855,0.0,0.0
1612,8.06,solver_5ms,0.032755430312558786,0.333277896355786,7.2706602080382e-05,0.0001769286648252844,0.000977711625477374,0.0,0.3377120098281139,0.472004,0.118001,0.0,0.0
1613,8.065,solver_5ms,0.05647922199369937,0.3392034564742914,0.00021386401236058158,0.0006182744356514038,0.006052824914413066,0.0,0.33723088762037956,0.462404,0.115601,0.0,0.0
1614,8.07,solver_5ms,0.018014580799308177,0.35831947518953455,7.70382812706489e-05,0.0003928193576554866,0.0033086862601567377,0.0,0.3368473714806303,0.473571,0.11839275,0.0,0.0
1615,8.075,solver_5ms,0.03366670831006502,0.36754415365928583,0.0002791518808766186,0.0007202553193373578,0.007009209487320418,0.0,0.33633293212029314,0.450219,0.11255475,0.0,0.0
1616,8.08,solver_5ms,0.012882885730425286,0.39437450267069507,0.00010527742823303741,0.0001745979367919303,0.000899066363784936,0.0,0.33584766010868716,0.4559558,0.11398895,0.0,0.0
1617,8.085,solver_5ms,0.03012319699235988,0.410916053221028,9.656660059349158e-05,0.0001734069044114779,0.001127438654057577,0.0,0.3352887243637771,0.4670666,0.11676665,0.0,0.0
1618,8.09,solver_5ms,0.046162788348846906,0.42743447182189664,0.00011386564691556235,0.00019871660209821565,0.0013764727052081992,0.0,0.3346568844347872,0.4679924,0.1169981,0.0,0.0
1619,8.095,solver_5ms,0.002433964141346223,0.44394286527424487,0.00019323989036801635,0.00025312788396061723,0.0017125286286251865,0.0,0.3339398383605133,0.4660608,0.1165152,0.0,0.0
1620,8.1,solver_5ms,0.0021421309170932545,0.46190737694893313,0.00016952909700425058,0.0002611458268281756,0.002102635539463223,0.0,0.33319824452996344,0.46972579999999997,0.11743144999999999,0.0,0.0
1621,8.105,finite_support,0.007582403455108633,0.4801103878367241,0.00015091801611779942,0.00026276863547077965,0.001929038440937501,0.0,0.3325169655164938,0.46815680000000004,0.11703920000000001,0.0,0.0
1622,8.11,finite_support,0.014619976757002107,0.49957814388826727,0.00013223856016619296,0.00024879085951218455,0.0024629108665862806,0.0,0.3317129565963402,0.4622436,0.1155609,0.0,0.0
1623,8.115,finite_support,0.011676881683797546,0.5176127886937172,0.00015011359916037117,0.0003022655563854429,0.0027702119237177293,0.0,0.33081886513678943,0.45798360000000005,0.11449590000000001,0.0,0.0
1624,8.120000000000001,finite_support,0.009684609364457586,0.5375380307260906,0.00013059874720661646,0.000297629715235875,0.0027135755667063812,0.0,0.3299047774992921,0.449117,0.11227925,0.0,0.0
1625,8.125,finite_support,0.01684063929974222,0.5594316004087715,0.00017420471625290038,0.0002101479041900464,0.00097900028647561,0.0,0.3288376296962263,0.46890820000000005,0.11722705000000001,0.0,0.0
1626,8.13,finite_support,0.010793998334035493,0.5794192217351151,0.0001489732884778646,0.0002391480783987201,0.0020582183657334384,0.0,0.32787984358086564,0.4729258,0.11823145,0.0,0.0
1627,8.135,finite_support,0.007575337579446284,0.6025004692433336,0.00014904186477535689,0.00013539223550940285,0.001218941322019892,0.0,0.32679804349639746,0.4615262,0.11538155,0.0,0.0
1628,8.14,finite_support,0.0037687956921939048,0.6207952582158373,0.00014090689573111173,0.00027799785647709464,0.002115176080570011,0.0,0.3255851088822442,0.4472794,0.11181985,0.0,0.0
1629,8.145,finite_support,0.028701727106117403,0.6339896854640537,0.00015198750772957233,0.0006925421354110915,0.006095277915779288,0.0,0.32449409252855416,0.451876,0.112969,0.0,0.0
1630,8.15,finite_support,0.027451973333425528,0.6595959599726096,0.0001978914861364962,0.0005303188209303258,0.005739570335785727,0.0,0.32317055156025454,0.4639388,0.1159847,0.0,0.0
1631,8.155,finite_support,0.021144280770712953,0.6845179411165543,0.0002863876091446841,0.0003698822779050056,0.0017468445152231122,0.0,0.32185940709067923,0.4571018,0.11427545,0.0,0.0
1632,8.16,finite_support,0.013266440029857662,0.7044115609466887,0.00019576101275816738,0.0005225809663031844,0.005482366478793202,0.0,0.32043521053612734,0.45428860000000004,0.11357215000000001,0.0,0.0
1633,8.165000000000001,finite_support,0.015712815770729804,0.7223612348944806,0.00032319828296668634,0.0007681485989029762,0.008489904172100023,0.0,0.3190158146715773,0.4459308,0.1114827,0.0,0.0
1634,8.17,finite_support,0.007884866370932997,0.7579160792114111,0.0003194346870027591,0.0001370094898673736,0.002022158655687347,0.0,0.31759417404408,0.4482392,0.1120598,0.0,0.0
1635,8.175,finite_support,0.021975689323827652,0.7723989779999191,0.0001209299857207172,0.0005481731397666615,0.005099054385689743,0.0,0.3159977525403051,0.454445,0.11361125,0.0,0.0
1636,8.18,finite_support,0.023209718175154492,0.7965724626657418,9.977775441847279e-05,0.0005020124505308361,0.004626564021695131,0.0,0.31437382596856667,0.4579514,0.11448785,0.0,0.0
1637,8.185,finite_support,0.02581582933536275,0.8197618860384016,9.769693845981648e-05,0.0005088236609570771,0.004654333944371089,0.0,0.31268454635708426,0.45764099999999996,0.11441024999999999,0.0,0.0
1638,8.19,finite_support,0.032429867818928315,0.8459747712085381,0.00017511600627658522,0.0003672482404166962,0.0019244226358130384,0.0,0.31095432856640776,0.46596459999999995,0.11649114999999999,0.0,0.0
1639,8.195,finite_support,0.006592086598811164,0.8604718334984366,0.00019688603637253716,0.0007950979752068724,0.005529167365477077,0.0,0.30917041793980904,0.48279859999999997,0.12069964999999999,0.0,0.0
1640,8.2,finite_support,0.02493808354264715,0.8924116052863539,3.5447864590491745e-05,0.0004056067771129157,0.003239877664499515,0.0,0.30726332282763436,0.45769099999999996,0.11442274999999999,0.0,0.0
1641,8.205,finite_support,0.020613220852450098,0.9154806255177712,6.806250313816552e-05,0.00043163217595945874,0.003457394262013456,0.0,0.30534202433033863,0.4754586,0.11886465,0.0,0.0
1642,8.21,finite_support,0.0186257315126781,0.9418312926016461,0.00019492903908897033,0.0002942487636173681,0.0012069462510720622,0.0,0.3033428255094772,0.4620692,0.1155173,0.0,0.0
1643,8.215,finite_support,0.017377362049320055,0.9616402311368948,0.000155983004731723,0.0004742422928127096,0.0043338085430527015,0.0,0.30133671405144663,0.45648479999999997,0.11412119999999999,0.0,0.0
1644,8.22,finite_support,0.005837819117004983,0.9842085608838564,9.421276776883516e-05,0.0005130673428291869,0.004654817723588363,0.0,0.29923111017864445,0.46512299999999995,0.11628074999999999,0.0,0.0
1645,8.225,finite_support,0.08952697333475257,1.0,1.71358069077823e-11,1.1176505330607656e-11,1.9481163854526707e-10,0.0,0.29667853332804833,0.5653426,0.14133565,1.0,1.0
1646,8.23,preference_clipping,0.016489881682346663,0.9999548489597797,0.00022729053518313845,5.032510074467483e-05,0.0012783553172119027,0.0,0.29406495558412526,0.7615694000000001,0.19039235000000002,1.0,0.0
1647,8.235,preference_clipping,0.01190882253920833,0.9999626963390983,0.00011552919176414896,3.5431448784792166e-05,0.0010842998177794463,0.0,0.29137371351041663,0.6409554000000001,0.16023885000000002,1.0,0.0
1648,8.24,preference_clipping,0.010382454271318231,0.9998986924935163,0.0004365729614747718,4.8706584778581343e-05,0.0007146400444559201,0.0,0.28868905351783086,0.6361743999999999,0.15904359999999998,1.0,0.0
1649,8.245000000000001,preference_clipping,0.010185381704719276,0.9998906848128791,0.0004400571509640843,7.258571041844557e-05,0.0025520724126364843,0.0,0.28598444735950806,0.7463084,0.1865771,1.0,0.0
1650,8.25,finite_support,0.021608942066264625,1.0,7.663281344453986e-11,2.7741881493926145e-11,5.528152626825771e-10,0.0,0.2832593510348238,0.542339,0.13558475,1.0,1.0
1651,8.255,preference_clipping,0.12553187239694452,0.9998900522992933,0.00015869427638346274,4.021934652710348e-05,0.0015844505009757997,0.0,0.2805785705836321,0.6339782,0.15849455,1.0,0.0
1652,8.26,preference_clipping,0.005043077067057311,0.999999952383267,2.3628220929058862e-05,5.6497903767777844e-05,0.0006081550579758757,0.0,0.278368488190066,0.8263198,0.20657995,1.0,0.0
1653,8.265,finite_support,0.03017990302112139,1.0,2.646433897093278e-11,1.1175660276379088e-11,1.74348402654454e-10,0.0,0.27525454731780413,0.572959,0.14323975,1.0,1.0
1654,8.27,preference_clipping,0.021836326496993408,0.9999874291008303,0.00012794384629385148,3.530153010314902e-05,0.001613675499893856,0.0,0.27267591070189034,0.9719708,0.2429927,1.0,1.0
1655,8.275,preference_clipping,0.01384868747456025,0.9999941964254643,0.0007077909261790796,4.7099290980886044e-05,0.0023406197463272374,0.0,0.27016932905313684,0.655641,0.16391025,1.0,0.0
1656,8.28,preference_clipping,0.00888025642603596,0.9999998534016841,5.2220814461611386e-05,4.440116516983303e-05,0.00045051612184474445,0.0,0.2676867534351217,0.5790946,0.14477365,1.0,0.0
1657,8.285,preference_clipping,0.006243603897782002,0.9999998713025504,6.172188034449522e-05,3.488814020669019e-05,0.00042882373082225335,0.0,0.2659211332388114,0.826514,0.2066285,1.0,0.0
1658,8.290000000000001,preference_clipping,0.007945444649437583,0.9999999188863867,2.6422243914428757e-05,4.5015626716390056e-05,0.0004238144578202729,0.0,0.2636779799237749,0.864041,0.21601025,1.0,0.0
1659,8.295,preference_clipping,0.031831889554800874,0.9998336809213156,0.000288636807516454,5.090061827492972e-05,0.001227359010181607,0.0,0.2608542628698915,0.6585808,0.1646452,1.0,0.0
1660,8.3,preference_clipping,0.032295979605911906,0.9997734101919414,0.0003369834359184978,3.2628189403089194e-05,0.0028404306445879365,0.0,0.2588243051822172,0.6509702,0.16274255,1.0,0.0
1661,8.305,preference_clipping,0.003869561615577055,0.9999999994711737,5.547626189872843e-08,4.883698572158931e-07,4.442562211795933e-06,0.0,0.2576434016159114,0.8432376,0.2108094,1.0,1.0
1662,8.31,preference_clipping,0.03047563035263323,0.9999991257686137,9.095399635278448e-05,3.376975430718669e-05,0.000915996366388616,0.0,0.2552437554682986,0.5528890000000001,0.13822225000000002,1.0,0.0
1663,8.315,finite_support,0.03251273547263955,1.0,9.153600006758853e-11,7.839095129884983e-11,1.0331990924777966e-09,0.0,0.25369549210752396,0.5590746,0.13976865,1.0,1.0
1664,8.32,preference_clipping,0.013645801155703907,0.9999063895081206,0.00017326967065792095,5.2069865144813434e-05,0.0028228105421701393,0.0,0.25239022906329756,0.6700543999999999,0.16751359999999998,1.0,0.0
1665,8.325,preference_clipping,0.0024467247672355086,0.9999999999999997,1.1814245052967117e-10,4.95652678325509e-11,8.050858148383113e-10,0.0,0.25126957231594393,0.8825700000000001,0.22064250000000002,1.0,1.0
1666,8.33,preference_clipping,0.011030069912987273,0.9999997139496598,9.95482443611523e-05,2.7960008528862332e-05,0.0009307942829040162,0.0,0.25041548874141917,0.5586899999999999,0.13967249999999998,1.0,0.0
1667,8.335,finite_support,0.01749312431020833,1.0,5.825933212338074e-11,7.335078381128957e-11,8.664769936587473e-10,0.0,0.2497736329990994,0.9544418,0.23861045,1.0,1.0
1668,8.34,preference_clipping,0.05960179095057527,0.9999992208005617,6.030893062287596e-05,3.2157017681540826e-05,0.0007027016213586275,0.0,0.24943455857782584,0.5499014,0.13747535,1.0,0.0
1669,8.345,preference_clipping,0.03877909555971559,0.9999994198471891,3.5635889869906346e-05,5.769900885446927e-05,0.0003344490429568505,0.0,0.2501179269765392,0.8589534,0.21473835,1.0,0.0
1670,8.35,preference_clipping,0.030928399424867692,0.9999373663224916,0.000549203814078473,9.911535214074774e-05,0.007147169023470487,0.0,0.249519937399472,0.6521786,0.16304465,1.0,0.0
1671,8.355,preference_clipping,0.03713430830193376,0.9997799551989589,0.00015256016517664576,3.8927564683482227e-05,0.002393638003911214,0.0,0.25002468446744214,0.6385168,0.1596292,1.0,0.0
1672,8.36,finite_support,0.03436680055118879,1.0,5.87795180934181e-11,6.024863288410712e-11,7.849766069143684e-10,0.0,0.2507814657165887,0.8893747999999999,0.22234369999999998,1.0,1.0
1673,8.365,preference_clipping,0.0368879813847367,0.9999192686011322,0.000510203036638625,4.778106399899195e-05,0.003735574072612706,0.0,0.25188371899083634,0.6422918,0.16057295,1.0,0.0
1674,8.370000000000001,finite_support,0.05669969008192943,1.0,7.272760400115968e-11,4.634900389091778e-11,7.058592451570797e-10,0.0,0.2532757877819624,0.9514041999999999,0.23785104999999998,1.0,1.0
1675,8.375,preference_clipping,0.02731205921147062,0.9999999633718989,2.0167391295937016e-05,5.463341199828253e-05,0.00038651579351019455,0.0,0.2550296072623704,0.8771718000000001,0.21929295000000001,1.0,0.0
1676,8.38,preference_clipping,0.02698294591235717,0.9999429286963722,0.0003019339768148488,3.5605051432543515e-05,0.002241855321500172,0.0,0.2570427526615113,0.6343287999999999,0.15858219999999998,1.0,0.0
1677,8.385,finite_support,0.020611949907295424,1.0,2.09277040141842e-13,2.0009540871276987e-12,1.33757059910673e-11,0.0,0.2593695792374166,0.550268,0.137567,1.0,1.0
1678,8.39,preference_clipping,0.04742502328347609,0.9998478772935384,0.0005260919367109605,8.34959092851814e-05,0.004999346087404623,0.0,0.26205054242049847,0.7750729999999999,0.19376824999999998,1.0,0.0
1679,8.395,preference_clipping,0.008722086182640088,0.999999002083297,4.77149498623263e-05,1.591506441416323e-05,0.00045001186471396455,0.0,0.26501356742747306,0.567789,0.14194725,1.0,0.0
1680,8.4,preference_clipping,0.046278945508692465,0.9999972904428973,0.00013334988804005642,3.1871491414582726e-05,0.0012189537242301225,0.0,0.2683008345135472,0.576205,0.14405125,1.0,0.0
1681,8.405,preference_clipping,0.04601291894159795,0.9999656009063851,0.00047951755334759794,6.610596693456529e-05,0.0038474246428731322,0.0,0.2718890808143198,0.6594926,0.16487315,1.0,0.0
1682,8.41,finite_support,0.005751875781630179,1.0,2.1049805268419874e-13,1.9301569405575384e-12,1.1779681627058833e-11,0.0,0.2757681309380485,0.568326,0.1420815,1.0,1.0
1683,8.415000000000001,finite_support,0.005506483867681176,0.9603990071368576,7.578699853401216e-05,7.209919846586794e-05,0.00013412584809789673,0.0,0.2791978430515409,0.4652254,0.11630635,0.0,0.0
1684,8.42,finite_support,0.04255898705690262,0.9087130642804794,0.00014653925555159592,0.00033069918351793127,0.0030594250245490934,0.0,0.28276746998405505,0.4689602,0.11724005,0.0,0.0
1685,8.425,finite_support,0.0052752499728826435,0.8646727334731032,7.392132428275649e-05,7.022205602818484e-05,0.00010951818166554658,0.0,0.28651589835199454,0.4497782,0.11244455,0.0,0.0
1686,8.43,finite_support,0.04068501233763806,0.8071268260842109,0.00014573831083679014,0.00031925485808409064,0.002990279638709141,0.0,0.29055245807313046,0.4689844,0.1172461,0.0,0.0
1687,8.435,preference_clipping,0.015891332694195626,0.4268662224809847,6.5955193208798434e-12,7.6523969911756e-15,0.0,0.0,0.23111234791376165,0.7681898,0.19204745,1.0,1.0
1688,8.44,preference_clipping,0.020450663384963264,0.5080802568181844,6.5935103359905844e-12,7.644059553542376e-15,0.0,0.0,0.2319209231190499,0.7838936,0.1959734,1.0,1.0
1689,8.445,preference_clipping,0.019501725234682965,0.31003084655349467,3.201386425365946e-05,4.7562678963406456e-05,0.0,0.0,0.23181072144868325,0.789434,0.1973585,1.0,0.0
1690,8.45,preference_clipping,0.027108582045798357,0.5082903869991673,6.594934712016588e-12,7.636371293331986e-15,0.0,0.0,0.23192635557826943,0.7816872,0.1954218,1.0,1.0
1691,8.455,preference_clipping,0.005758016285994927,0.5083773074086035,6.594783574234259e-12,7.627934679941335e-15,0.0,0.0,0.23192854189494208,0.7481137999999999,0.18702844999999998,1.0,1.0
1692,8.46,preference_clipping,0.023847554486700062,0.5084566208001691,6.594346343860428e-12,7.700065956780555e-15,0.0,0.0,0.2319305174967934,0.7666390000000001,0.19165975000000002,1.0,1.0
1693,8.465,preference_clipping,0.008304823495564051,0.42756762730323106,6.595271573269001e-12,7.644371319237749e-15,0.0,0.0,0.2311295424895073,0.7684042,0.19210105,1.0,1.0
1694,8.47,preference_clipping,0.016116175061142712,0.4276482460830039,6.595478078156486e-12,7.664990298378995e-15,0.0,0.0,0.23113152237215204,0.7657974,0.19144935,1.0,1.0
1695,8.475,preference_clipping,0.05992925877773558,0.5086657156467307,6.594032863456042e-12,8.29051431776691e-15,0.0,0.0,0.23193567047589134,0.7776176,0.1944044,1.0,1.0
1696,8.48,preference_clipping,0.03599827103073494,0.508728965889228,6.592981939460124e-12,7.65994779181422e-15,0.0,0.0,0.23193721747992946,0.7622406,0.19056015,1.0,1.0
1697,8.485,preference_clipping,0.003260514080949406,0.4278681234253613,6.593696486653985e-12,7.732098556468192e-15,0.0,0.0,0.2311369293171676,0.7696426000000001,0.19241065000000002,1.0,1.0
1698,8.49,preference_clipping,0.015509060702356692,0.5088487843399863,6.591928062988549e-12,7.692101953146271e-15,0.0,0.0,0.23194013416254902,0.7936882,0.19842205,1.0,1.0
1699,8.495000000000001,preference_clipping,0.005465855545949694,0.4280010963393446,6.592494716965351e-12,7.703845761022357e-15,0.0,0.0,0.23114020334361735,0.7655988,0.1913997,1.0,1.0
1700,8.5,preference_clipping,0.023562130024856742,0.5089613010765051,6.5944951910329585e-12,7.81640550911493e-15,0.0,0.0,0.23194285598796743,0.7867992,0.1966998,1.0,1.0
1701,8.505,preference_clipping,0.02529447762356085,0.5090151875620992,6.591993306623227e-12,7.696023705379084e-15,0.0,0.0,0.23194415350549882,0.798425,0.19960625,1.0,1.0
1702,8.51,preference_clipping,0.032386182624577486,0.42818465830838337,6.5901428397822305e-12,7.698143608704598e-15,0.0,0.0,0.23114472660973848,0.7715322,0.19288305,1.0,1.0
1703,8.515,preference_clipping,0.018363754961114864,0.5091186420038325,6.591461705953637e-12,7.668312380973894e-15,0.0,0.0,0.23194663363384177,0.7832622,0.19581555,1.0,1.0
1704,8.52,preference_clipping,0.016079226838883187,0.5091683228616757,6.590502910692799e-12,7.786334120816422e-15,0.0,0.0,0.23194781961325325,0.7773512,0.1943378,1.0,1.0
1705,8.525,preference_clipping,0.03390301372974136,0.5092166960799008,6.590326517932738e-12,7.759130362576848e-15,0.0,0.0,0.2319489713192464,0.7745318,0.19363295,1.0,1.0
1706,8.53,preference_clipping,0.010639356062824845,0.5092637953156417,6.593709054620524e-12,7.695268677011843e-15,0.0,0.0,0.2319500898694283,0.8040818000000001,0.20102045000000002,1.0,1.0
1707,8.535,preference_clipping,0.03483403704374055,0.5093096498658591,6.592014548188866e-12,7.698292542953747e-15,0.0,0.0,0.23195117624665978,0.7724217999999999,0.19310544999999998,1.0,1.0
1708,8.540000000000001,preference_clipping,0.038297498505812655,0.4285042389244136,6.589969607473314e-12,7.752460525054478e-15,0.0,0.0,0.2311526082242155,0.7934216000000001,0.19835540000000002,1.0,1.0
1709,8.545,preference_clipping,0.03740168175170311,0.5093977287609823,6.5892691284077755e-12,7.748622687278515e-15,0.0,0.0,0.23195325605241024,0.7761348,0.1940337,1.0,1.0
1710,8.55,preference_clipping,0.02009801214342133,0.42859843057074976,6.589739959515634e-12,7.790040864620121e-15,0.0,0.0,0.23115493228588604,0.773562,0.1933905,1.0,1.0
1711,8.555,preference_clipping,0.0036467634467740595,0.5094811254833174,6.5921357008532854e-12,7.754872910818325e-15,0.0,0.0,0.23195521729932286,0.7889972,0.1972493,1.0,1.0
1712,8.56,preference_clipping,0.003570721496259921,0.4286870504825294,6.5881391352903935e-12,7.701336671377934e-15,0.0,0.0,0.23115711918988074,0.7923194,0.19807985,1.0,1.0
1713,8.565,preference_clipping,0.004842215517442128,0.5095600201932471,6.586623863701226e-12,7.67620079998166e-15,0.0,0.0,0.23195706594393858,0.7929966,0.19824915,1.0,1.0
1714,8.57,preference_clipping,0.027139979152934757,0.5095978343949025,6.5906127190491196e-12,5.6635760922791727e-14,0.0,0.0,0.2319579498031534,0.761355,0.19033875,1.0,1.0
1715,8.575000000000001,preference_clipping,0.009345105245195384,0.5096345891114593,6.592464123936849e-12,1.9038215633370804e-14,0.0,0.0,0.23195880758339257,0.7902156,0.1975539,1.0,1.0
1716,8.58,preference_clipping,0.06844283473306234,0.5096703059252059,6.578467812732352e-12,1.2174119312129747e-13,0.0,0.0,0.2319596399461905,0.7817874,0.19544685,1.0,1.0
1717,8.585,preference_clipping,0.03868684261831845,0.3119132829147868,0.00011603615655624548,0.00013219582710628078,0.0,0.0,0.2318810907571685,0.771456,0.192864,1.0,0.0
1718,8.59,preference_clipping,0.03934831072083256,0.31194333893286197,0.00013315788750557764,0.0001365795827049441,0.0,0.0,0.23188301918219242,0.7578986,0.18947465,1.0,0.0
1719,8.595,preference_clipping,0.04747699733353983,0.3856209664866883,5.781425507611127e-05,7.101625781508726e-05,0.0,0.0,0.23299939364757022,0.7871536,0.1967884,1.0,0.0
1720,8.6,preference_clipping,0.05074845387670335,0.3864372942769191,0.00015990441256554026,0.00013999612052656646,0.0,0.0,0.23304486892867204,0.7563856,0.1890964,1.0,0.0
1721,8.605,preference_clipping,0.057293805810765264,0.4290247140078144,6.61325990759375e-12,3.5084204598870036e-14,0.0,0.0,0.2311654538497563,0.7975694000000001,0.19939235000000002,1.0,1.0
1722,8.61,preference_clipping,0.04757237381802781,0.4290567188930745,6.587449283719626e-12,7.704653732779807e-15,0.0,0.0,0.23116624395210925,0.768258,0.1920645,1.0,1.0
1723,8.615,preference_clipping,0.024574209334105035,0.4290877326345113,6.589714011367315e-12,7.732467722807196e-15,0.0,0.0,0.23116700960255615,0.7524642,0.18811605,1.0,1.0
1724,8.620000000000001,preference_clipping,0.01504094626625374,0.5099213364940699,6.588330706151653e-12,7.701735117568915e-15,0.0,0.0,0.23196545958606837,0.7624770000000001,0.19061925000000002,1.0,1.0
1725,8.625,preference_clipping,0.04632415562255687,0.5099487050182037,6.590329745409453e-12,8.7144328801331e-15,0.0,0.0,0.231966091124221,0.7900652,0.1975163,1.0,1.0
1726,8.63,preference_clipping,0.04574904483023445,0.5099752539872278,6.587873056676609e-12,7.796225057615589e-15,0.0,0.0,0.23196670324255325,0.7792368000000001,0.19480920000000002,1.0,1.0
1727,8.635,preference_clipping,0.02169713297917042,0.4292024369448231,6.586639820793145e-12,7.67268520388575e-15,0.0,0.0,0.2311698414580351,0.7426916,0.1856729,1.0,1.0
1728,8.64,preference_clipping,0.05014532677982686,0.4292289089502518,6.587177645663867e-12,7.738250577865856e-15,0.0,0.0,0.23117049502477616,0.7725602,0.19314005,1.0,1.0
1729,8.645,preference_clipping,0.02042384039668832,0.4292545498534247,6.587796402385559e-12,7.68569473837894e-15,0.0,0.0,0.23117112807765347,0.7410746,0.18526865,1.0,1.0
1730,8.65,preference_clipping,0.06939518959470092,0.42927938520050524,6.588423605945766e-12,8.753057797488864e-15,0.0,0.0,0.23117174124686635,0.7838014,0.19595035,1.0,1.0
1731,8.655,preference_clipping,0.06891674314557505,0.5100964329825205,6.585716201537215e-12,7.681012725012257e-15,0.0,0.0,0.23196949116669627,0.7808438,0.19521095,1.0,1.0
1732,8.66,preference_clipping,0.022453150450019166,0.5101184967950207,6.587621664117105e-12,7.761172793777831e-15,0.0,0.0,0.23196999776973212,0.7444128,0.1861032,1.0,1.0
1733,8.665000000000001,preference_clipping,0.06840946004116333,0.5101398820424874,6.588287281251415e-12,8.827701071876027e-15,0.0,0.0,0.23197048851852076,0.7823266,0.19558165,1.0,1.0
1734,8.67,preference_clipping,0.0676579542391309,0.510160607686342,6.588190290152806e-12,7.83292403777047e-15,0.0,0.0,0.2319709638678206,0.7758162000000001,0.19395405000000002,1.0,1.0
1735,8.675,preference_clipping,0.009496123332120021,0.42939228421499487,6.586614049615064e-12,7.777682840082889e-15,0.0,0.0,0.23117452868715457,0.7395476,0.1848869,1.0,1.0
1736,8.68,preference_clipping,0.06690124981778567,0.5102001535494891,6.586404285044644e-12,7.762753475689522e-15,0.0,0.0,0.23197187017594095,0.7870556,0.1967639,1.0,1.0
1737,8.685,preference_clipping,0.06681448033729609,0.5102190096095021,6.586293905894688e-12,7.731065829760333e-15,0.0,0.0,0.23197230200683358,0.777267,0.19431675,1.0,1.0
1738,8.69,preference_clipping,0.04583848412081687,0.0,6.586266297639116e-12,9.836390929681542e-15,0.0,0.0,0.22541340318931066,0.7212432,0.1803108,1.0,1.0
1739,8.695,preference_clipping,0.048508544260131424,0.0,6.583851094053254e-12,1.2019307998524778e-14,0.0,0.0,0.2254397274733717,0.7155504,0.1788876,1.0,1.0
1740,8.700000000000001,solver_5ms,0.06640296195153758,0.04948376867489612,2.4001051020833963e-05,3.0198825452164552e-05,0.0,0.0,0.22515049163540865,1.0715432,0.2678858,1.0,1.0
1741,8.705,preference_clipping,0.01528962650344202,0.08778053239162265,6.5855892186423326e-12,1.6338494923335906e-14,0.0,0.0,0.22549233078036657,0.7214596,0.1803649,1.0,1.0
1742,8.71,solver_5ms,0.0663564003496438,0.14442307373366792,1.407060862220122e-05,1.8130757832788684e-05,0.0,0.0,0.22543535401717163,1.084231,0.27105775,1.0,1.0
1743,8.715,preference_clipping,0.01510550664242974,0.18867745326246776,6.586105779446258e-12,2.070433249076506e-14,0.0,0.0,0.22554506475181949,0.710553,0.17763825,1.0,1.0
1744,8.72,preference_clipping,0.015255351911002584,0.24195970660638966,6.5855516425774144e-12,2.298672449371566e-14,0.0,0.0,0.2255715141446326,0.7076034,0.17690085,1.0,1.0
1745,8.725,solver_5ms,0.069497314274255,0.29765104983590185,5.805563301166859e-07,7.833139166509646e-07,0.0,0.0,0.22560057711618461,1.09524,0.27381,1.0,1.0
1746,8.73,preference_clipping,0.03801361760074356,0.34049013558872454,6.5848221930319225e-12,2.4395763542610716e-15,0.0,0.0,0.22552243866135324,0.6787408,0.1696852,1.0,1.0
1747,8.735,preference_clipping,0.0497365242810367,0.3833937692021907,6.586819398295566e-12,5.155826971583473e-15,0.0,0.0,0.22543231683636128,0.6865416,0.1716354,1.0,1.0
1748,8.74,preference_clipping,0.02539763954700902,0.29559607179317315,6.5860169314820996e-12,0.01949129902787343,0.0,0.0,0.22492637707088217,0.698376,0.174594,1.0,1.0
1749,8.745000000000001,preference_clipping,0.02121396391885355,0.29264149976546905,6.5866150075181816e-12,0.02621337730216197,0.0,0.0,0.22469622054431626,0.6717493999999999,0.16793734999999999,1.0,1.0
1750,8.75,preference_clipping,0.01894591150630731,0.523470561886842,6.587078487578008e-12,1.3379254735966599e-14,0.0,0.0,0.22516178140373574,0.701616,0.175404,1.0,1.0
1751,8.755,preference_clipping,0.06938166207737846,0.28684339271187365,6.58954609234239e-12,0.03958184288883952,0.0,0.0,0.2242426860227825,0.7038842,0.17597105,1.0,1.0
1752,8.76,preference_clipping,0.0050547341574164965,0.5699237490742435,6.586298302558933e-12,3.9520792928679845e-15,0.0,0.0,0.22525321402336057,0.6970834,0.17427085,1.0,1.0
1753,8.765,solver_5ms,0.040756777035873444,0.9999950361047141,6.937694616504378e-05,0.0001847239005795882,0.0,0.0,0.22211736266453658,1.1089579999999999,0.27723949999999997,1.0,1.0
1754,8.77,solver_5ms,0.040606647469231004,0.999994776242937,6.809975900489683e-05,0.00017973814435500292,0.0,0.0,0.22239051799163248,1.0969292,0.2742323,1.0,1.0
1755,8.775,preference_clipping,0.0320990279410689,0.27571618874030934,6.585114445839806e-12,0.06605803616343144,0.0,0.0,0.22336207094550647,0.6993136000000001,0.17482840000000002,1.0,1.0
1756,8.78,preference_clipping,0.026103848168321578,0.2730375554979739,6.583449050802312e-12,0.07263110076807958,0.0,0.0,0.22314733751772858,0.6918416000000001,0.17296040000000001,1.0,1.0
1757,8.785,preference_clipping,0.02870050009825577,0.5531476657978605,6.5831148974505605e-12,0.04060897410418357,0.0,0.0,0.22371304746766307,0.7384136,0.1846034,1.0,1.0
1758,8.790000000000001,preference_clipping,0.006952741549200582,0.2678125329236829,6.582188395233892e-12,0.08573153245467245,0.0,0.0,0.22272434334479818,0.7221609999999999,0.18054024999999999,1.0,1.0
1759,8.795,preference_clipping,0.013204600154731634,0.7971127430512959,2.2634455770222443e-08,0.09226154680572612,0.0,0.0,0.2287250859688819,0.7986694000000001,0.19966735000000002,1.0,1.0
1760,8.8,preference_clipping,0.022438468154383807,0.7966792887408383,9.333473172370813e-08,0.09877992271993079,0.0,0.0,0.2282823984345142,0.8373206,0.20933015,1.0,1.0
1761,8.805,preference_clipping,0.004895693732679361,0.6947667663801851,6.579731593625202e-12,3.148114299310435e-14,0.0,0.0,0.22627867900212684,0.7191270000000001,0.17978175000000002,1.0,1.0
1762,8.81,preference_clipping,0.038373946499527155,0.713243826063824,6.577674775155489e-12,3.468923025904465e-14,0.0,0.0,0.22639882780420803,0.732897,0.18322425,1.0,1.0
1763,8.815,preference_clipping,0.012976666695881165,0.7330060009520376,6.579108618909703e-12,3.800654084868803e-14,0.0,0.0,0.22652061154467776,0.7255272,0.1813818,1.0,1.0
1764,8.82,preference_clipping,0.01258209965455579,0.6834065487092189,6.57790858818224e-12,0.02336868318558671,0.0,0.0,0.22544268367938156,0.7242066,0.18105165,1.0,1.0
1765,8.825000000000001,preference_clipping,0.011281446072865199,0.7778902834038985,6.576896459692545e-12,5.482165336996214e-16,0.0,0.0,0.22669905190892578,0.7219064000000001,0.18047660000000001,1.0,1.0
1766,8.83,preference_clipping,0.010964267607569593,0.24891280463694954,6.576578163026654e-12,0.13770671762995773,0.0,0.0,0.2211205828277406,0.6978770000000001,0.17446925000000002,1.0,1.0
1767,8.835,preference_clipping,0.03458680835764956,0.850633402652326,6.574523132391926e-12,1.3289940152776614e-14,0.0,0.0,0.22537866756018138,0.782036,0.195509,1.0,1.0
1768,8.84,preference_clipping,0.021703330403471596,0.244767746106626,6.57231460511382e-12,0.15064041836426437,0.0,0.0,0.2207428271183307,0.7037359999999999,0.17593399999999998,1.0,1.0
1769,8.845,preference_clipping,0.04187207936607283,0.24279527403297663,6.570569620839076e-12,0.15710424466762124,0.0,0.0,0.22055766556618828,0.6907534,0.17268835,1.0,1.0
1770,8.85,preference_clipping,0.030130482847222015,0.983433591724998,6.56917090648579e-12,3.2838288824963006e-14,0.0,0.0,0.22337972932052608,0.7107934,0.17769835,1.0,1.0
1771,8.855,preference_clipping,0.02142996891052462,0.2390643265543817,6.569830073231917e-12,0.1700309616785926,0.0,0.0,0.22019506810325715,0.6932162000000001,0.17330405000000002,1.0,1.0
1772,8.86,preference_clipping,0.037809032554098065,0.23731207031455237,6.5552867757534616e-12,0.17649584177999847,0.0,0.0,0.22001776674137608,0.7369548,0.1842387,1.0,1.0
1773,8.865,preference_clipping,0.0758789556713638,0.9999999999999998,6.5640762337935344e-12,1.7067154300624738e-14,0.0,0.0,0.22173363443322375,0.7168268,0.1792067,1.0,1.0
1774,8.870000000000001,finite_support,0.028469226607229225,1.0,6.561399273225821e-12,2.47216985439249e-14,0.0,0.0,0.22119740805696284,0.7336506,0.18341265,1.0,1.0
1775,8.875,solver_5ms,0.0208518418433638,0.999991626719626,6.438787782675663e-05,0.19610090281269613,0.0,0.0,0.22673483614597723,1.2258790000000002,0.30646975000000004,1.0,1.0
1776,8.88,preference_clipping,0.12111222155372636,0.23112987032392163,6.558971663178236e-12,0.20238790541734514,0.0,0.0,0.21933692787810055,0.6861808,0.1715452,1.0,1.0
1777,8.885,preference_clipping,0.029859786344899053,0.22980895795201473,6.556098752653358e-12,0.20887369280906246,0.0,0.0,0.2191742387167923,0.7202294,0.18005735,1.0,1.0
1778,8.89,preference_clipping,0.025424799220716103,0.9999999999999998,6.554319289026702e-12,4.983639006561539e-14,0.0,0.0,0.21904122880959867,0.7411646,0.18529115,1.0,1.0
1779,8.895,preference_clipping,0.017011463567559275,0.2274630761577291,6.551765493968318e-12,0.22186686725408913,0.0,0.0,0.21885854587223036,0.7293606,0.18234015,1.0,1.0
1780,8.9,preference_clipping,0.014026563005704873,0.22644624820082548,6.5466446669654965e-12,0.22837598798065029,0.0,0.0,0.2187057509818863,0.7184858000000001,0.17962145000000002,1.0,1.0
1781,8.905,preference_clipping,0.03068027073713231,0.2255391723433624,6.545437066917568e-12,0.2348945968409019,0.0,0.0,0.2185564712614481,0.7115026,0.17787565,1.0,1.0
1782,8.91,preference_clipping,0.00468385232942764,0.22474629808217972,6.540675461165818e-12,0.24142352611085743,0.0,0.0,0.2184108236029494,0.7535122000000001,0.18837805000000002,1.0,1.0
1783,8.915000000000001,finite_support,0.03373191571984929,1.0,6.5371446574528396e-12,0.0737610334656178,0.0,0.0,0.21944450312469804,0.7655108,0.1913777,1.0,1.0
1784,8.92,preference_clipping,0.09191831952699847,0.22352209067344442,6.53487292025412e-12,0.2545156087170659,0.0,0.0,0.2181309210185845,0.6949916,0.1737479,1.0,1.0
1785,8.925,finite_support,0.012168976720391966,1.0,6.531299147290564e-12,2.4387186605809124e-14,0.0,0.0,0.216034957483589,0.6786426,0.16966065,1.0,1.0
1786,8.93,preference_clipping,0.010300906221755168,0.2228113953597538,6.526987425611853e-12,0.2676586320233815,0.0,0.0,0.21786706980314458,0.708517,0.17712925,1.0,1.0
1787,8.935,preference_clipping,0.020833113012486137,0.2226619288562256,6.527388220465937e-12,0.27425118965952044,0.0,0.0,0.21774151495733995,0.7073689999999999,0.17684224999999998,1.0,1.0
1788,8.94,preference_clipping,0.01819394769390914,0.22265717810076546,6.520845574245625e-12,0.28085878930017977,0.0,0.0,0.21762040530143975,0.7098616,0.1774654,1.0,1.0
1789,8.945,preference_clipping,0.011100167323935956,0.6837493160395134,6.516132432780047e-12,0.19018883316547924,0.0,0.0,0.22109461980963585,0.7278515999999999,0.18196289999999998,1.0,1.0
1790,8.950000000000001,preference_clipping,0.03475040388908543,0.2231021514423056,6.511555266098658e-12,0.29412207439916993,0.0,0.0,0.21739211569747416,0.732827,0.18320675,1.0,1.0
1791,8.955,preference_clipping,0.026329933058063387,0.9999999999999997,6.50997322711811e-12,1.3127744852664978e-13,0.0,0.0,0.20789337553479365,0.6866458,0.17166145,1.0,1.0
1792,8.96,preference_clipping,0.03067085040803219,0.22419489090493472,6.503983450779245e-12,0.30745428319880036,0.0,0.0,0.2171835047218828,0.6995962,0.17489905,1.0,1.0
1793,8.965,preference_clipping,0.019044508418192274,0.5475608844185393,6.49970987828579e-12,0.2750122249699983,0.0,0.0,0.2177241572256139,0.719051,0.17976275,1.0,1.0
1794,8.97,preference_clipping,0.014234087953451935,0.5648986800511566,6.494095596745586e-12,0.27343387122407853,0.0,0.0,0.2180640190497626,0.718526,0.1796315,1.0,1.0
1795,8.975,finite_support,0.04446415657541336,1.0,6.488683490306193e-12,0.17565362817739325,0.0,0.0,0.21788097345481375,0.7437858,0.18594645,1.0,1.0
1796,8.98,preference_clipping,0.02110917152881031,0.9062577997398276,5.416489215283524e-05,0.2960884844393359,0.0,0.0,0.21596524266818196,0.7539368000000001,0.18848420000000002,1.0,0.0
1797,8.985,preference_clipping,0.028996729930369503,0.592268150006791,6.477691093523266e-12,0.28284698508849526,0.0,0.0,0.21840823938260984,0.7832242,0.19580605,1.0,1.0
1798,8.99,solver_5ms,0.03260971513435393,0.9999814234663279,0.0001618811772933875,0.343011271707285,0.0,0.0,0.2246662833239466,1.169354,0.2923385,1.0,1.0
1799,8.995000000000001,preference_clipping,0.04707508093190413,0.9999844387543632,4.444863031881968e-05,0.30519245217261626,0.0,0.0,0.2327393910267338,0.8915871999999999,0.22289679999999998,1.0,0.0
1800,9.0,preference_clipping,0.027676352008787486,0.24064212448290656,6.463288593815974e-12,0.3463355279101986,0.0,0.0,0.21693081635505784,0.7123082000000001,0.17807705000000001,1.0,1.0
1801,9.005,preference_clipping,0.0757243098304175,0.0,6.445240844101114e-12,0.010873312668483806,0.0,0.0,0.20684256668206744,0.6175149999999999,0.15437874999999998,1.0,1.0
1802,9.01,preference_clipping,0.027605880428827057,0.2484681579898309,6.451066630850923e-12,0.3500963559461473,0.0,0.0,0.2170623286994863,0.719029,0.17975725,1.0,1.0
1803,9.015,preference_clipping,0.018906121113104746,0.0,6.44643922854176e-12,0.017114959203555543,0.0,0.0,0.20658801081855202,0.632748,0.158187,1.0,1.0
1804,9.02,preference_clipping,0.024235903561820038,0.0,6.439367001128597e-12,1.4470906973394635e-13,0.0,0.0,0.2070973418232409,0.655645,0.16391125,1.0,1.0
1805,9.025,finite_support,0.020119348374814106,1.0,6.435039961624006e-12,0.15422047663319516,0.0,0.0,0.21610312913423066,0.7628298,0.19070745,1.0,1.0
1806,9.03,preference_clipping,0.06720700974904847,0.0,6.431370698484694e-12,0.027178888545703737,0.0,0.0,0.20617610148172247,0.6043984,0.1510996,1.0,1.0
1807,9.035,preference_clipping,0.12555449139129565,0.0,6.426430747982672e-12,0.03072167081124324,0.0,0.0,0.20603065091792375,0.6165492,0.1541373,1.0,1.0
1808,9.040000000000001,preference_clipping,0.022370196103502216,0.2762257045714044,6.4214059082208265e-12,0.36276061190112757,0.0,0.0,0.21754509444288966,0.6940818,0.17352045,1.0,1.0
1809,9.045,preference_clipping,0.028231029102973593,0.0,6.415847197595757e-12,0.03809100202737206,0.0,0.0,0.2057273237933353,0.6200338,0.15500845,1.0,1.0
1810,9.05,preference_clipping,0.04794920242107148,0.2870656910067264,6.411000769163306e-12,0.3674454917466197,0.0,0.0,0.21773961775557446,0.7162396,0.1790599,1.0,1.0
1811,9.055,preference_clipping,0.022607859161138943,0.0,6.408766199784971e-12,0.04584031177962618,0.0,0.0,0.20540719068646088,0.6027852,0.1506963,1.0,1.0
1812,9.06,preference_clipping,0.047595891117246936,0.29879200896437486,6.404513911403066e-12,0.3723631593161719,0.0,0.0,0.21795329948248574,0.7176703999999999,0.17941759999999998,1.0,1.0
1813,9.065,preference_clipping,0.053208786161829114,0.3050071895618469,6.4041359275996355e-12,0.3749093995842436,0.0,0.0,0.21806781456830857,0.7677149999999999,0.19192874999999998,1.0,1.0
1814,9.07,preference_clipping,0.07090169102871857,0.5663644359687334,6.401664499859452e-12,0.3491904781720861,0.0,0.0,0.21867071488772893,0.7266594,0.18166485,1.0,1.0
1815,9.075000000000001,preference_clipping,0.014483305050064232,0.3181841092461144,6.398685421647352e-12,0.3801767699506546,0.0,0.0,0.2183132371664842,0.6935828,0.1733957,1.0,1.0
1816,9.08,preference_clipping,0.01795708503768423,0.3251640352464825,6.3984671268618566e-12,0.38289787265397046,0.0,0.0,0.21844458513984746,0.700987,0.17524675,1.0,1.0
1817,9.085,preference_clipping,0.022809734136208792,0.0,6.3968185691882765e-12,5.456978822256014e-13,0.0,0.0,0.2066161168730207,0.6187994,0.15469985,1.0,1.0
1818,9.09,preference_clipping,0.015944816213891988,0.6437382969589709,6.401138700261713e-12,0.3346648726883421,0.0,0.0,0.22072493921743883,0.7284168,0.1821042,1.0,1.0
1819,9.095,preference_clipping,0.017417465299901513,0.3477877888750407,5.965204059303321e-12,0.39141020351409955,0.0,0.0,0.21887598628511865,0.7490156,0.1872539,1.0,1.0
1820,9.1,preference_clipping,0.007565859050373547,0.3559258596299516,5.929055469003783e-12,0.39436365364962545,0.0,0.0,0.21903306833699,0.7560568,0.1890142,1.0,1.0
1821,9.105,preference_clipping,0.006202943844332842,0.6307626452911643,5.891851115187701e-12,0.3531860091136282,0.0,0.0,0.2207869996886598,0.7219766,0.18049415,1.0,1.0
1822,9.11,preference_clipping,0.017567474558388696,0.37316647241526124,5.8558627768952154e-12,0.40044363749625533,0.0,0.0,0.21936874016356683,0.6988188,0.1747047,1.0,1.0
1823,9.115,preference_clipping,0.033067582005941176,0.5815698916877992,5.808053604551139e-12,0.38260809020371955,0.0,0.0,0.2199280760174432,0.6964362000000001,0.17410905000000002,1.0,1.0
1824,9.120000000000001,preference_clipping,0.027601938009519378,0.0,5.768151589488368e-12,8.487651537927985e-13,0.0,0.0,0.20627234005422015,0.6126298,0.15315745,1.0,1.0
1825,9.125,preference_clipping,0.009747651991132145,0.846398314707111,5.7204861928888965e-12,0.3176684236856441,0.0,0.0,0.22319461742884036,0.7370972,0.1842743,1.0,1.0
1826,9.13,preference_clipping,0.008879046196202944,0.0,7.213493594527987e-05,0.11638187482160278,0.0,0.0,0.20846034983104375,0.6206430000000001,0.15516075000000001,1.0,0.0
1827,9.135,preference_clipping,0.06617340633785496,0.6146271748605551,5.623333765950124e-12,0.3896607951717735,0.0,0.0,0.2212300175490054,0.7108896,0.1777224,1.0,1.0
1828,9.14,preference_clipping,0.015148771126405336,0.43356078340673276,5.5704711488117894e-12,0.4200488845246736,0.0,0.0,0.22056890034409593,0.7922452,0.1980613,1.0,1.0
1829,9.145,preference_clipping,0.016103196640721018,0.0,5.5173476410268945e-12,0.1328673744352804,0.0,0.0,0.20939455337245094,0.6378315999999999,0.15945789999999999,1.0,1.0
1830,9.15,preference_clipping,0.055023637989676244,0.0,5.458120147188984e-12,0.13861224636162536,0.0,0.0,0.20975357966889752,0.6457864,0.1614466,1.0,1.0
1831,9.155,preference_clipping,0.06029081392119884,0.46939727785385665,5.389785474392372e-12,0.43059901368544357,0.0,0.0,0.22129369426925222,0.7254792,0.1813698,1.0,1.0
1832,9.16,preference_clipping,0.055570415413361274,0.482297039159591,5.335714508696979e-12,0.4342225432194922,0.0,0.0,0.22155616659763888,0.715376,0.178844,1.0,1.0
1833,9.165000000000001,preference_clipping,0.05651742281641281,0.6554965555997316,1.1110457867062707e-08,0.4378982151095522,0.0,0.0,0.2233514915268105,0.7845348,0.1961337,1.0,1.0
1834,9.17,preference_clipping,0.034245323287177,0.608504630413367,5.207571629609508e-12,0.4321132254270336,0.0,0.0,0.2223086162085231,0.7183478,0.17958695,1.0,1.0
1835,9.175,preference_clipping,0.025651779615373793,0.0,5.136043900408677e-12,1.492325076399194e-12,0.0,0.0,0.20554932472855655,0.610163,0.15254075,1.0,1.0
1836,9.18,preference_clipping,0.05594822253054965,0.6588768495785693,5.067244888908074e-12,0.4263618717016508,0.0,0.0,0.22382248492593296,0.7623206,0.19058015,1.0,1.0
1837,9.185,preference_clipping,0.024735265355055325,0.624729787207962,4.990306309280084e-12,0.4446482666081919,0.0,0.0,0.2233253825750561,0.7016822,0.17542055,1.0,1.0
1838,9.19,preference_clipping,0.08349214774411307,0.5712515891041592,4.91419074679346e-12,0.4570231778631298,0.0,0.0,0.2233791594527708,0.6906914,0.17267285,1.0,1.0
1839,9.195,preference_clipping,0.012882694910842929,0.0,4.8369362265772735e-12,0.19445337222338843,0.0,0.0,0.2138225610834092,0.6278808,0.1569702,1.0,1.0
1840,9.200000000000001,preference_clipping,0.009672300460561445,0.6280930691158377,4.749994263067251e-12,0.46299255687941865,0.0,0.0,0.2241370308941017,0.71854,0.179635,1.0,1.0
1841,9.205,preference_clipping,0.008447256782950774,0.0,4.66578649973922e-12,1.9650255672840556e-12,0.0,0.0,0.2050079217062755,0.6361782,0.15904455,1.0,1.0
1842,9.21,preference_clipping,0.1273151167824338,0.0,4.57780721205165e-12,0.21464162502156373,0.0,0.0,0.2155720803996876,0.62972,0.15743,1.0,1.0
1843,9.215,preference_clipping,0.021325817500805755,0.9999999999999994,4.484169504679555e-12,0.3400324469411239,0.0,0.0,0.22563376534592486,0.7631783999999999,0.19079459999999998,1.0,1.0
1844,9.22,preference_clipping,0.022289750774284744,0.6533945087409074,4.391762769292877e-12,0.48158784761235623,0.0,0.0,0.22583800449100047,0.7672582,0.19181455,1.0,1.0
1845,9.225,preference_clipping,0.06289812559678865,0.6628304249687307,4.294287227752247e-12,0.48555612494503014,0.0,0.0,0.2263581847165962,0.7435874,0.18589685,1.0,1.0
1846,9.23,preference_clipping,0.03440291246326055,0.6732430798602238,4.194598446478335e-12,0.48991144986447,0.0,0.0,0.22690943813018621,0.7251124,0.1812781,1.0,1.0
1847,9.235,preference_clipping,0.014571117923356525,0.6676526010318586,4.091266857279382e-12,0.4982956316598772,0.0,0.0,0.22729156764991576,0.7553696,0.1888424,1.0,1.0
1848,9.24,preference_clipping,0.027347506204034033,0.0,2.1412180755795714e-08,0.29446578806945994,0.0,0.0,0.21977128033123236,0.781988,0.195497,1.0,1.0
1849,9.245000000000001,preference_clipping,0.018266059498284193,0.0,3.880093482216649e-12,0.2686265711857401,0.0,0.0,0.22062198281887918,0.6039334,0.15098335,1.0,1.0
1850,9.25,preference_clipping,0.08192335282375396,0.7206528274539558,3.766187321284374e-12,0.5153441913277887,0.0,0.0,0.22934045318215032,0.7208024000000001,0.18020060000000002,1.0,1.0
1851,9.255,preference_clipping,0.013590577903517531,0.7341391453285422,3.654706390850126e-12,0.52198036716835,0.0,0.0,0.23000927972281232,0.7380508,0.1845127,1.0,1.0
1852,9.26,preference_clipping,0.03509207000505776,0.7483685318635833,3.539622424559741e-12,0.5287272801809854,0.0,0.0,0.23070451590545202,0.79792,0.19948,1.0,1.0
1853,9.265,preference_clipping,0.02180331332146679,0.7633927203459803,3.421409975748248e-12,0.5355844435479917,0.0,0.0,0.23142723479420907,0.7437396,0.1859349,1.0,1.0
1854,9.27,preference_clipping,0.024374138818394897,0.779268147199826,3.301809242734293e-12,0.5425512068587295,0.0,0.0,0.23217856130937506,0.7196140000000001,0.17990350000000002,1.0,1.0
1855,9.275,preference_clipping,0.014800669023706803,0.7960564856578686,3.17846293770025e-12,0.5496267453545647,0.0,0.0,0.23295967520635713,0.7261344,0.1815336,1.0,1.0
1856,9.28,finite_support,0.027096996868536394,1.0,3.0556277234516123e-12,0.5080078345966546,0.0,0.0,0.2365259891261094,0.7472282,0.18680705,1.0,1.0
1857,9.285,preference_clipping,0.04160461330917492,0.5344277014487043,2.9300780811842406e-12,0.5974848162709785,0.0,0.0,0.23126386644542007,0.7117352,0.1779338,1.0,1.0
1858,9.290000000000001,finite_support,0.05387824075775427,1.0,2.8022953834820433e-12,1.788582149176387e-12,0.0,0.0,0.3643538957224292,0.8913906,0.22284765,1.0,1.0
1859,9.295,preference_clipping,0.06603845634396699,0.8737923199829822,2.673355025625382e-12,0.5789934232198576,0.0,0.0,0.23640770264294306,0.7426354000000001,0.18565885000000001,1.0,1.0
1860,9.3,finite_support,0.04074397516422301,1.0,2.5454825667833707e-12,0.5541191487788037,0.0,0.0,0.240141369883255,0.7568344,0.1892086,1.0,1.0
1861,9.305,preference_clipping,0.02500265185861883,0.9202444187721244,2.4167074793596157e-12,0.5942932468524256,0.0,0.0,0.2383457109454121,0.7430224,0.1857556,1.0,1.0
1862,9.31,preference_clipping,0.008443132824831334,0.9457425957875418,2.284290736703603e-12,0.6020900814915472,0.0,0.0,0.2393736911760335,0.7304966,0.18262415,1.0,1.0
1863,9.315,preference_clipping,0.02149920866334476,0.9999999999999993,2.1550089271236646e-12,0.5215603483576069,0.0,0.0,0.24095310717659985,0.7652082,0.19130205,1.0,1.0
1864,9.32,finite_support,0.017571216703871073,1.0,2.024285169678818e-12,0.6176361942664269,0.0,0.0,0.24159958689808606,0.7445932,0.1861483,1.0,1.0
1865,9.325000000000001,preference_clipping,0.028811655838900663,0.7989265843631652,1.8911556294515533e-12,0.6487155000826612,0.0,0.0,0.2404557875018205,0.7338832000000001,0.18347080000000002,1.0,1.0
1866,9.33,preference_clipping,0.04425539101848841,0.9999999936132786,1.6132885277629187e-07,0.6092028924709593,0.0,0.0,0.25095150645274056,0.8362744000000001,0.20906860000000002,1.0,1.0
1867,9.335,finite_support,0.012793869089144927,1.0,1.6327698812251903e-12,0.6259929729467699,0.0,0.0,0.2472599454974218,0.744934,0.1862335,1.0,1.0
1868,9.34,preference_clipping,0.005877143216537206,0.9999999999999997,1.5061042069494818e-12,0.5571570208912018,0.0,0.0,0.24801477099148858,0.7542254,0.18855635,1.0,1.0
1869,9.345,finite_support,0.06458586998547844,1.0,1.3789322050914042e-12,0.6330825833084549,0.0,0.0,0.24929331357016118,0.7472262,0.18680655,1.0,1.0
1870,9.35,finite_support,0.019046059174243624,1.0,1.2543322562335219e-12,0.6363883153444491,0.0,0.0,0.2503994791406181,0.7357866,0.18394665,1.0,1.0
1871,9.355,preference_clipping,0.009216983253013122,0.9999999999999998,1.132148376012202e-12,0.6091178886808118,0.0,0.0,0.2515073537343282,0.7625592,0.1906398,1.0,1.0
1872,9.36,finite_support,0.024860483116562193,1.0,1.0115388947043042e-12,0.4268386366220761,0.0,0.0,0.25527473166570713,0.6823156,0.1705789,1.0,1.0
1873,9.365,finite_support,0.002922273534267106,1.0,8.970307409155048e-13,0.530034461889858,0.0,0.0,0.25377876499205093,0.7762912000000001,0.19407280000000002,1.0,1.0
1874,9.370000000000001,preference_clipping,0.07746157083821092,0.9999760284137612,3.224400077739218e-05,0.43513642929673046,0.0,0.0,0.2628645811685207,0.7880113999999999,0.19700284999999998,1.0,0.0
1875,9.375,preference_clipping,0.016144061087963735,0.0,6.897592324958009e-13,0.24713681962761405,0.0,0.0,0.25516723003903224,0.6318662,0.15796655,1.0,1.0
1876,9.38,preference_clipping,0.030851365906414685,0.9999412004538145,7.075091805769043e-05,0.3083028358866954,0.0,0.0,0.27517956617680395,0.8472934,0.21182335,1.0,0.0
1877,9.385,preference_clipping,0.02314672065129031,0.0,5.003935510135349e-13,0.13741888164124674,0.0,0.0,0.25858118930395735,0.6342126,0.15855315,1.0,1.0
1878,9.39,finite_support,0.057165842372308706,1.0,4.1532525193707937e-13,0.18174573053800297,0.0,0.0,0.2610219653526457,0.747046,0.1867615,1.0,1.0
1879,9.395,preference_clipping,0.014879823415081539,0.0,3.352429895667364e-13,3.779123833851319e-13,0.0,0.0,0.25785991220657867,0.644993,0.16124825,1.0,1.0
1880,9.4,finite_support,0.01954178711210952,1.0,2.6112973025224864e-13,0.0683386880823413,0.0,0.0,0.2639888930712673,0.7519692,0.1879923,1.0,1.0
1881,9.405,preference_clipping,0.0212719092340663,0.9999999999999993,1.1143628729784053e-12,2.3743106413477134e-14,0.0,0.0,0.26623204202027306,0.7949044,0.1987261,1.0,1.0
1882,9.41,finite_support,0.013919111523097438,1.0,7.585386978083149e-13,4.769480915617006e-14,0.0,0.0,0.26462173021965113,0.7685826,0.19214565,1.0,1.0
1883,9.415000000000001,finite_support,0.009775414852586373,1.0,4.2239084839498367e-13,2.482534153247273e-16,0.0,0.0,0.2620074828099745,0.7416376,0.1854094,1.0,1.0
1884,9.42,preference_clipping,0.04650515320059334,0.40969632378648446,1.0389057844261462e-13,1.9349369108241136e-14,0.0,0.0,0.2557838440208733,0.7162876,0.1790719,1.0,1.0
1885,9.425,style_clipping,0.13020679257014223,0.01627027133449388,3.8855044340200804e-08,6.752370950236163e-08,0.0,0.0,0.25801803839908793,0.7202772,0.1800693,0.0,1.0
1886,9.43,preference_clipping,0.00732929550384398,0.0,1.5137207881630324e-08,2.8634315015422847e-08,0.0,0.0,0.2518974574282723,0.816403,0.20410075,1.0,1.0
1887,9.435,solver_5ms,0.00474520145399282,0.0,2.520503260082258e-05,6.0701053484199905e-05,0.0,0.0,0.2500376136930999,0.6993478,0.17483695,0.0,0.0
1888,9.44,solver_5ms,0.007552797276488832,0.0,2.680161354100977e-05,9.379941251654577e-05,0.0,0.0,0.24265371402785624,0.7369588,0.1842397,0.0,0.0
1889,9.445,solver_5ms,0.007886030717330073,0.0,4.790330617277811e-05,0.0001296280556913886,0.0,0.0,0.235140360176874,0.7387482,0.18468705,0.0,0.0
1890,9.450000000000001,solver_5ms,0.037138731499852806,0.0,1.783349521588485e-05,6.294925266226817e-05,0.0,0.0,0.22752811370971335,0.68257,0.1706425,0.0,0.0
1891,9.455,solver_5ms,0.037967736073174496,0.0,3.369365149560679e-05,7.840070215383477e-05,0.0,0.0,0.2198110764981375,0.7018485999999999,0.17546214999999998,0.0,0.0
1892,9.46,solver_5ms,0.022584277503678862,0.0,5.254808921942777e-06,3.6906799937478835e-05,0.0,0.0,0.2119805716960548,0.6901022,0.17252555,0.0,0.0
1893,9.465,solver_5ms,0.015160264710267768,0.0,2.8521327097206495e-05,7.568786121851646e-05,0.0,0.0,0.20404562091793998,0.7008746,0.17521865,0.0,0.0
1894,9.47,solver_5ms,0.03764476473600009,0.0,1.5894219131849785e-05,4.351921594760957e-05,0.0,0.0,0.19600505768099488,0.713715,0.17842875,0.0,0.0
1895,9.475,solver_5ms,0.07625881211226204,0.0,1.8216048724753232e-05,4.976801187510432e-05,0.0,0.0,0.187870046014018,0.7060082000000001,0.17650205000000002,0.0,0.0
1896,9.48,solver_5ms,0.03228666500820765,0.0,3.594576697623839e-06,2.4372379018133976e-05,0.0,0.0,0.17962043317138723,0.7378584,0.1844646,0.0,0.0
1897,9.485,solver_5ms,0.00390194543342659,0.0,2.9257999088474693e-06,1.2721755486475827e-05,0.0,0.0,0.17128334109050983,0.70053,0.1751325,0.0,0.0
1898,9.49,solver_5ms,0.005939640446150918,0.0,3.0903239860906e-06,8.125938872384735e-06,0.0,0.0,0.162849063295932,0.6980754,0.17451885,0.0,0.0
1899,9.495000000000001,solver_5ms,0.04532029005549498,0.0,1.216081253189245e-06,4.165424734577497e-06,0.0,0.0,0.15432614212044996,0.7236658,0.18091645,0.0,0.0
1900,9.5,solver_5ms,0.0329950955446634,0.0,9.251608812329594e-07,9.666497118849932e-07,0.0,0.0,0.1540588721379673,0.6811934000000001,0.17029835000000001,0.0,0.0
1901,9.505,solver_5ms,0.03464534215069648,0.0,1.8354959165191656e-06,8.500368209615514e-06,0.0,0.0,0.162609632877087,0.6929716,0.1732429,0.0,0.0
1902,9.51,solver_5ms,0.016189005691558123,0.0,8.73357791111298e-06,8.16821577590679e-06,0.0,0.0,0.17105203423815124,0.6684714,0.16711785,0.0,0.0
1903,9.515,solver_5ms,0.0058805110086934675,0.0,1.0167200966495243e-05,3.4508431827028626e-05,0.0,0.0,0.17937801322898692,0.691024,0.172756,0.0,0.0
1904,9.52,solver_5ms,0.04352776385857515,0.0,1.8009336743087447e-06,2.2012203244885045e-05,0.0,0.0,0.18758133264320356,0.7216478000000001,0.18041195000000002,0.0,0.0
1905,9.525,solver_5ms,0.02595238642044695,0.0,8.122419079096623e-06,2.419024406894175e-05,0.0,0.0,0.19566328438081979,0.6827524,0.1706881,0.0,0.0
1906,9.53,solver_5ms,0.03754121735699556,0.0,2.8241030075169165e-06,1.9915147485198006e-05,0.0,0.0,0.2036126985580701,0.680883,0.17022075,0.0,0.0
1907,9.535,solver_5ms,0.008958697672589722,0.0,8.096194669926509e-06,5.569382469037894e-05,0.0,0.0,0.21142480849771228,0.6867098,0.17167745,0.0,0.0
1908,9.540000000000001,solver_5ms,0.07204948807709721,0.0,5.588649621923464e-06,2.5289282316688156e-05,0.0,0.0,0.2191000872420964,0.6673352,0.1668338,0.0,0.0
1909,9.545,solver_5ms,0.003876000909119881,0.0,1.6042383906227934e-05,2.5904180425834353e-05,0.0,0.0,0.22662697304976084,0.6881706,0.17204265,0.0,0.0
1910,9.55,solver_5ms,0.03271791726433548,0.0,2.1185946033721685e-05,5.8741099182819434e-05,0.0,0.0,0.23399430441126678,0.6851488,0.1712872,0.0,0.0
1911,9.555,solver_5ms,0.012152651107655288,0.0,2.7966572639040843e-05,9.359691102050147e-05,0.0,0.0,0.24124070265813893,0.7054874,0.17637185,0.0,0.0
1912,9.56,solver_5ms,0.02341575613962199,0.0,1.5312005341829272e-05,8.094900580374663e-05,0.0,0.0,0.24828811103650683,0.7154020000000001,0.17885050000000002,0.0,0.0
1913,9.565,solver_5ms,0.033156463685735105,0.0,1.1658621841991173e-05,7.969414497787332e-05,0.0,0.0,0.2551928220602361,0.6865054,0.17162635,0.0,0.0
1914,9.57,preference_clipping,0.024848414471867475,0.0,8.60083189844726e-13,9.365851569346954e-15,0.0,0.0,0.24058991991457315,0.6676318,0.16690795,1.0,1.0
1915,9.575000000000001,preference_clipping,0.01390269583484427,0.17436603058781464,3.0007700119465622e-05,4.3409140325501873e-05,0.0,0.0,0.2581875188498927,0.6985944000000001,0.17464860000000001,1.0,0.0
1916,9.58,preference_clipping,0.018380746924506752,0.6325586551298417,1.1740073643067184e-12,3.446361888100305e-14,0.0,0.0,0.2504962830316846,0.7337528,0.1834382,1.0,1.0
1917,9.585,preference_clipping,0.08441354863372719,0.9999999999999998,1.3533243531976638e-12,1.3063001772355986e-14,0.0,0.0,0.25612623977599236,0.7378044,0.1844511,1.0,1.0
1918,9.59,preference_clipping,0.008326751874815352,0.9999999986716179,6.070347022317451e-09,1.6288318090718402e-08,0.0,0.0,0.25640102746909854,0.7819398,0.19548495,1.0,1.0
1919,9.595,finite_support,0.04177132259877703,1.0,1.7535835042231703e-12,1.4238380345108318e-13,0.0,0.0,0.26167797838074786,0.7642004,0.1910501,1.0,1.0
1920,9.6,preference_clipping,0.007951048153209683,0.9999999999999974,1.9774590362589316e-12,7.475915731247337e-14,0.0,0.0,0.26596667494055953,0.7712898,0.19282245,1.0,1.0
1921,9.605,finite_support,0.016219055092026036,1.0,2.2171736433144408e-12,0.06545578734313286,0.0,0.0,0.2646043486067093,0.7087554,0.17718885,1.0,1.0
1922,9.61,preference_clipping,0.005007905201637186,0.9999999999999873,2.471647273458902e-12,0.08612446614046876,0.0,0.0,0.2633515911819001,0.7033854,0.17584635,1.0,1.0
1923,9.615,preference_clipping,0.023561036194968965,0.0,2.7402667025697146e-12,2.003812568428902e-12,0.0,0.0,0.3012842961522009,0.6151787999999999,0.15379469999999998,1.0,1.0
1924,9.620000000000001,solver_5ms,0.059608633133645395,0.2749998968526426,0.00012882027152348846,0.1903385438188414,0.0,0.0,0.2590855208453914,1.2714248,0.3178562,1.0,1.0
1925,9.625,preference_clipping,0.03464596777871809,0.0,0.00010246698252620534,0.23031041473532238,0.0,0.0,0.25981315565146407,0.6315216,0.1578804,1.0,0.0
1926,9.63,preference_clipping,0.07679164491791735,0.9999999999999939,3.6228982137758825e-12,0.30872726268988643,0.0,0.0,0.2599791070750552,0.7449319999999999,0.18623299999999998,1.0,1.0
1927,9.635,solver_5ms,0.012049980457895515,0.9999968576046345,2.8603738251853472e-05,0.39879329996633794,0.0,0.0,0.2606900538865479,1.1756418,0.29391045,1.0,1.0
1928,9.64,finite_support,0.03096092280122087,1.0,4.261187552748444e-12,0.40448371450223686,0.0,0.0,0.2580458417749534,0.7549068,0.1887267,1.0,1.0
1929,9.645,finite_support,0.00577389802636219,1.0,4.587234219818466e-12,0.45522458057378007,0.0,0.0,0.2566548521296217,0.730132,0.182533,1.0,1.0
1930,9.65,preference_clipping,0.036119252033728344,0.9999999984770768,5.846848369017446e-08,0.5733507746153464,0.0,0.0,0.24579895886989606,0.814804,0.203701,1.0,1.0
1931,9.655,preference_clipping,0.06831676335750103,0.0,2.5326530749416694e-05,0.8112077552704295,0.0,0.0,0.23927763234342464,0.706956,0.176739,1.0,0.0
1932,9.66,preference_clipping,0.008999244231755466,0.9999999999999967,5.299295112912777e-12,0.5019605232181358,0.0,0.0,0.2536246172412479,0.7072208,0.1768052,1.0,1.0
1933,9.665000000000001,preference_clipping,0.020509105524979532,0.9999999999999993,5.430955793563175e-12,0.48590813491916857,0.0,0.0,0.25238275380807607,0.7236336,0.1809084,1.0,1.0
1934,9.67,preference_clipping,0.006959913201320944,0.9999999999999994,5.555660357061917e-12,0.509217659880247,0.0,0.0,0.24848647889787046,0.792053,0.19801325,1.0,1.0
1935,9.675,style_clipping,0.03133606152339041,0.9999999047236756,7.981716192231086e-08,0.5427990138102932,0.0,0.0,0.24203850003882157,0.7203654,0.18009135,0.0,1.0
1936,9.68,finite_support,0.014606951759255082,1.0,5.781372214486377e-12,4.450504179440616e-12,0.0,0.0,0.5139003103988711,0.6857260000000001,0.17143150000000001,1.0,1.0
1937,9.685,preference_clipping,0.036502901851372116,0.9999869526334677,4.45227369436498e-05,0.6716014376696728,0.0,0.0,0.24597729609027233,0.969827,0.24245675,1.0,0.0
1938,9.69,preference_clipping,0.02020979217309815,0.9999999999999988,5.9677963584241e-12,0.4817450585507963,0.0,0.0,0.24315419018615095,0.7363917999999999,0.18409794999999998,1.0,1.0
1939,9.695,preference_clipping,0.029351363006746567,0.8167235883350148,7.727168567700857e-08,0.6488088251040526,0.0,0.0,0.23383822270608556,0.8007594,0.20018985,1.0,1.0
1940,9.700000000000001,preference_clipping,0.024186258551495143,0.0,6.1159767176634464e-12,0.3750882669328715,0.0,0.0,0.2413035627016894,0.6159,0.153975,1.0,1.0
1941,9.705,preference_clipping,0.0322239179784134,0.9999999999999998,6.176189173145035e-12,0.4606790147394977,0.0,0.0,0.23988879372258123,0.7839195999999999,0.19597989999999998,1.0,1.0
1942,9.71,style_clipping,0.012623495196199819,0.9999999976337854,2.036257896508862e-08,0.4650120451126461,0.0,0.0,0.23732594024499823,0.7596978,0.18992445,0.0,1.0
1943,9.715,finite_support,0.011666073819862136,1.0,6.2701684159281915e-12,0.4467619607708872,0.0,0.0,0.23797713073086788,0.7400808,0.1850202,1.0,1.0
1944,9.72,preference_clipping,0.030790753280385275,0.9999999997894329,2.2118933184338366e-07,0.5740283971399629,0.0,0.0,0.23399230167688728,0.9959944,0.2489986,1.0,1.0
1945,9.725,preference_clipping,0.020067520345098955,0.9999999999999994,6.32829637067497e-12,0.43304873393880194,0.0,0.0,0.23624776147572862,0.7367764,0.1841941,1.0,1.0
1946,9.73,preference_clipping,0.0245156606603833,0.9999999999999998,6.343053616512169e-12,0.4219582622771997,0.0,0.0,0.23580368834896323,0.742325,0.18558125,1.0,1.0
1947,9.735,finite_support,0.016718823775494634,1.0,6.3560416316599475e-12,0.419065193362469,0.0,0.0,0.2353160007875471,0.7429822,0.18574555,1.0,1.0
1948,9.74,finite_support,0.12176825242571354,1.0,6.357011316886652e-12,0.4121291803997525,0.0,0.0,0.23496651529114787,0.7954594,0.19886485,1.0,1.0
1949,9.745000000000001,finite_support,0.011556543222379645,1.0,6.352855457642903e-12,0.40582494713725925,0.0,0.0,0.23465299358444308,0.743978,0.1859945,1.0,1.0
1950,9.75,preference_clipping,0.026728584623381124,0.9999999999999994,6.341113756650424e-12,0.3853139706721343,0.0,0.0,0.23379763839729617,0.7500416,0.1875104,1.0,1.0
1951,9.755,preference_clipping,0.004945394094235667,0.0,6.326988560542463e-12,0.2639600128182357,0.0,0.0,0.23370134626851613,0.614325,0.15358125,1.0,1.0
1952,9.76,preference_clipping,0.002686370570437191,0.9999999642708667,1.4926671904585947e-07,0.3887890204812734,0.0,0.0,0.23022111175257884,0.9081444,0.2270361,1.0,1.0
1953,9.765,finite_support,0.01799646438815916,1.0,6.275637180348629e-12,0.38355045019127765,0.0,0.0,0.2336420950613424,0.7300138,0.18250345,1.0,1.0
1954,9.77,finite_support,0.005991296347929165,1.0,6.243557517432967e-12,0.32013109508741855,0.0,0.0,0.23484592932593573,0.7547764,0.1886941,1.0,1.0
1955,9.775,preference_clipping,0.015586465451633558,0.21016808431842426,6.209041756174566e-12,2.3599868863679607e-12,0.0,0.0,0.28784344621747804,0.6133132,0.1533283,1.0,1.0
1956,9.78,preference_clipping,0.12757269268748317,0.9999999999999997,6.166008111482089e-12,0.29749071386546644,0.0,0.0,0.234917124479792,0.8324874,0.20812185,1.0,1.0
1957,9.785,finite_support,0.08366577151138616,1.0,6.123746136782322e-12,0.3695998959319273,0.0,0.0,0.2328911514818745,0.7367203999999999,0.18418009999999999,1.0,1.0
1958,9.790000000000001,finite_support,0.019940360473924557,1.0,6.0754376171342625e-12,0.2836313458775993,0.0,0.0,0.2343674057510011,0.7647274000000001,0.19118185000000001,1.0,1.0
1959,9.795,finite_support,0.028268569429723556,1.0,6.025305851151991e-12,0.36258624860158606,0.0,0.0,0.23259891873866206,0.7253708,0.1813427,1.0,1.0
1960,9.8,preference_clipping,0.049033758997563126,0.9999999999999997,5.974902211442499e-12,0.35908491190287567,0.0,0.0,0.23247144071380305,0.740173,0.18504325,1.0,1.0
1961,9.805,preference_clipping,0.03381541138682692,0.9999999999999997,5.918393668285173e-12,0.3555921978492409,0.0,0.0,0.2323556335626896,0.7376482,0.18441205,1.0,1.0
1962,9.81,preference_clipping,0.014861108307492876,0.0,5.860642853135181e-12,0.1805052871220342,0.0,0.0,0.2303881531162279,0.6317560000000001,0.15793900000000002,1.0,1.0
1963,9.815,preference_clipping,0.013271676379406072,0.9999999999999997,5.8028027485958555e-12,0.3486459946429852,0.0,0.0,0.23215690845375708,0.7908126,0.19770315,1.0,1.0
1964,9.82,preference_clipping,0.03622899549804437,0.9999999999999997,5.744402992624901e-12,0.22008629424115347,0.0,0.0,0.23492215176382128,0.788927,0.19723175,1.0,1.0
1965,9.825000000000001,preference_clipping,0.00438634337185384,0.9999999999992837,5.507784970780755e-12,0.2171209996358833,0.0,0.0,0.23450870906523943,0.7270962000000001,0.18177405000000002,1.0,1.0
1966,9.83,preference_clipping,0.010335377692571868,0.9999999999999998,5.618420403780091e-12,0.257022564436304,0.0,0.0,0.23091910041446714,0.7553095999999999,0.18882739999999998,1.0,1.0
1967,9.835,finite_support,0.004110275314550549,1.0,5.557345360373458e-12,0.27528888434740323,0.0,0.0,0.22898520607916797,0.7377844,0.1844461,1.0,1.0
1968,9.84,preference_clipping,0.021276123983275663,0.9999999999999998,5.493296307935114e-12,0.33164175653795175,0.0,0.0,0.231829318337319,0.720642,0.1801605,1.0,1.0
1969,9.845,preference_clipping,0.03571775455697007,0.0,5.428679024248419e-12,0.13375701925019207,0.0,0.0,0.22976254423478407,0.6241595999999999,0.15603989999999998,1.0,1.0
1970,9.85,finite_support,0.0065253630190248435,1.0,5.3624770322853e-12,0.32531715150602813,0.0,0.0,0.23162157287680063,0.7353917999999999,0.18384794999999998,1.0,1.0
1971,9.855,preference_clipping,0.04066707526284574,0.0,5.297607719664389e-12,0.12130475668088976,0.0,0.0,0.22971398507830984,0.6758174,0.16895435,1.0,1.0
1972,9.86,finite_support,0.04475399217884757,1.0,5.233446398276471e-12,0.31964868657400736,0.0,0.0,0.23119406676481807,0.70594,0.176485,1.0,1.0
1973,9.865,finite_support,0.019267539647094267,1.0,5.167290663568133e-12,0.3168482002914332,0.0,0.0,0.23100033681861884,0.7025778,0.17564445,1.0,1.0
1974,9.870000000000001,preference_clipping,0.035634030296806396,0.9999999999999998,5.105081008886836e-12,0.3140726896543432,0.0,0.0,0.2308191476225699,0.7222430000000001,0.18056075000000002,1.0,1.0
1975,9.875,preference_clipping,0.016858842360328863,0.0,5.040287645053542e-12,0.09761789053829104,0.0,0.0,0.22976238698269066,0.6163368,0.1540842,1.0,1.0
1976,9.88,preference_clipping,0.03184779779306923,0.9999999999999984,4.976820124294609e-12,0.1982207751523724,0.0,0.0,0.23031940422633593,0.7757502000000001,0.19393755000000001,1.0,1.0
1977,9.885,preference_clipping,0.0195180351048041,0.9999999999999997,4.9135035453858464e-12,0.30591230511361744,0.0,0.0,0.23034520706298153,0.7138292,0.1784573,1.0,1.0
1978,9.89,preference_clipping,0.007946146529397985,0.0,4.851672697574003e-12,6.353369267020383e-13,0.0,0.0,0.24792656446865027,0.647069,0.16176725,1.0,1.0
1979,9.895,preference_clipping,0.027331526625262725,0.9999999999999997,4.791468906540212e-12,0.30062477355478395,0.0,0.0,0.2300820533174123,0.7676408,0.1919102,1.0,1.0
1980,9.9,preference_clipping,0.04600733960469228,0.0,4.73153431861706e-12,0.07032023765221082,0.0,0.0,0.23004701814904988,0.6446946,0.16117365,1.0,1.0
1981,9.905,preference_clipping,0.02797382291086503,0.0,4.67109047809895e-12,0.06516997135410449,0.0,0.0,0.23012839808913008,0.6348658,0.15871645,1.0,1.0
1982,9.91,preference_clipping,0.02007535784744746,0.9999999999999997,4.614370425326685e-12,0.2446665669812637,0.0,0.0,0.2298429595394488,0.728607,0.18215175,1.0,1.0
1983,9.915000000000001,preference_clipping,0.014598409980859373,0.9999999999999969,4.554758713803083e-12,0.12489326166811412,0.0,0.0,0.2331107637755695,0.7447576,0.1861894,1.0,1.0
1984,9.92,preference_clipping,0.013557180519267048,0.999999999999999,4.502411351999948e-12,0.2880079809103276,0.0,0.0,0.22958182329829852,0.7172856,0.1793214,1.0,1.0
1985,9.925,preference_clipping,0.025087034186133117,0.0,4.440939554623241e-12,3.387759376643825e-13,0.0,0.0,0.24059308758139838,0.6410174,0.16025435,1.0,1.0
1986,9.93,finite_support,0.020162794415849727,1.0,4.387148973082897e-12,0.28322123109004504,0.0,0.0,0.22943613795758025,0.6764084,0.1691021,1.0,1.0
1987,9.935,preference_clipping,0.003685967503441745,0.0,4.334521167798494e-12,2.730781841811074e-13,0.0,0.0,0.2387833631981192,0.668786,0.1671965,1.0,1.0
1988,9.94,preference_clipping,0.013789542305329278,0.9999999999999997,4.282500609347939e-12,0.27859177566578197,0.0,0.0,0.22931711300499594,0.7043832,0.1760958,1.0,1.0
1989,9.945,finite_support,0.029271785863260735,1.0,4.232191134117875e-12,0.27633750491045084,0.0,0.0,0.22926676325193582,0.7005600000000001,0.17514000000000002,1.0,1.0
1990,9.950000000000001,finite_support,0.028277998183074554,1.0,4.180618886773604e-12,0.2741242289022282,0.0,0.0,0.22922210222062606,0.7023314,0.17558285,1.0,1.0
1991,9.955,finite_support,0.012265890386720102,1.0,4.130674463990428e-12,0.2719524118473877,0.0,0.0,0.2291828301786987,0.686828,0.171707,1.0,1.0
1992,9.96,finite_support,0.007496189129499453,1.0,4.086687783385236e-12,0.04606094967399839,0.0,0.0,0.22948017504530008,0.6987868,0.1746967,1.0,1.0
1993,9.965,preference_clipping,0.08534687171942758,0.0,0.00011906260458084606,9.276925372692644e-05,0.0,0.0,0.2340965165222296,0.6311167999999999,0.15777919999999998,1.0,0.0
1994,9.97,preference_clipping,0.027505042725839077,0.0,3.992256735243203e-12,5.266879555300726e-14,0.0,0.0,0.23331205325569243,0.6229774,0.15574435,1.0,1.0
1995,9.975,preference_clipping,0.014359569051403467,0.0,3.9523936745616754e-12,0.003758246482282995,0.0,0.0,0.23180423204618025,0.6923384,0.1730846,1.0,1.0
1996,9.98,finite_support,0.012195000998610483,1.0,3.908889769530629e-12,0.22392987858780292,0.0,0.0,0.2312641231952405,0.7422850000000001,0.18557125000000002,1.0,1.0
1997,9.985,finite_support,0.020729334801418073,1.0,3.867695035651124e-12,0.2598135744870444,0.0,0.0,0.2290449763882814,0.718047,0.17951175,1.0,1.0
1998,9.99,finite_support,0.015548991087743769,1.0,3.8284581131527636e-12,0.2183678387342139,0.0,0.0,0.231341633807658,0.719554,0.1798885,1.0,1.0
1999,9.995000000000001,finite_support,0.025034601155342687,1.0,3.7903753080156685e-12,0.25611446783431574,0.0,0.0,0.2290302906433768,0.7028744,0.1757186,1.0,1.0
2000,10.0,preference_clipping,0.018891057685169188,0.9999999999999998,3.750412540269685e-12,3.764476887313535e-14,0.0,0.0,0.23054445311975832,0.6955506,0.17388765,1.0,1.0
2001,10.005,preference_clipping,0.009876814096405548,0.9999993823918965,7.601295655102215e-05,0.20285177608994437,0.0,0.0,0.2382484209449926,0.719566,0.1798915,1.0,0.0
2002,10.01,finite_support,0.024693762139260667,1.0,3.6797505624948785e-12,0.25089761049155385,0.0,0.0,0.2290314858768075,0.6975162,0.17437905,1.0,1.0
2003,10.015,preference_clipping,0.015512061340289263,0.9999999999999979,3.646354937274262e-12,2.3722697135858566e-15,0.0,0.0,0.22961435309701633,0.7515804,0.1878951,1.0,1.0
2004,10.02,preference_clipping,0.024436497795968584,0.9999999999999998,3.612427470156268e-12,0.2476428257574115,0.0,0.0,0.22904550422104183,0.6963,0.174075,1.0,1.0
2005,10.025,finite_support,0.037135157275602904,1.0,3.5819508999619434e-12,1.1386476006757303e-13,0.0,0.0,0.23003487720796803,0.6991254,0.17478135,1.0,1.0
2006,10.03,finite_support,0.01177434653140512,1.0,3.5491022041280937e-12,0.2445677400861197,0.0,0.0,0.22906845296122527,0.667283,0.16682075,1.0,1.0
2007,10.035,preference_clipping,0.00744648787076585,0.9993349452093601,8.947326200793354e-05,0.0003023929049346394,0.0,0.0,0.22833972341297135,0.984651,0.24616275,1.0,1.0
2008,10.040000000000001,finite_support,0.03527120171452347,1.0,3.4944395807650756e-12,0.07423277638201416,0.0,0.0,0.23213808534058486,0.7339994,0.18349985,1.0,1.0
2009,10.045,preference_clipping,0.017901486431995232,0.9999999999999974,3.4667330395381814e-12,9.022792973861439e-14,0.0,0.0,0.23101587911588653,0.6871988,0.1717997,1.0,1.0
2010,10.05,finite_support,0.024731697419178023,1.0,3.4403053097945354e-12,0.11607054269363452,0.0,0.0,0.2289733332303258,0.760401,0.19010025,1.0,1.0
2011,10.055,preference_clipping,0.038221729766114466,0.9998067193195341,9.271016356807662e-05,9.572091593569195e-05,0.0,0.0,0.2274003298057672,0.9434672000000001,0.23586680000000002,1.0,1.0
2012,10.06,finite_support,0.03451644533343165,1.0,3.393884516574453e-12,7.515378598401313e-14,0.0,0.0,0.23167100953409334,0.68361,0.1709025,1.0,1.0
2013,10.065,preference_clipping,0.0627913579204914,0.9999999999999998,3.3711064811289864e-12,0.18596673317622406,0.0,0.0,0.2320531880234763,0.7381392,0.1845348,1.0,1.0
2014,10.07,finite_support,0.040193911437017005,1.0,3.34892102954933e-12,0.2340778079682338,0.0,0.0,0.22922552693008952,0.6747332,0.1686833,1.0,1.0
2015,10.075000000000001,preference_clipping,0.07368418015497868,0.9999893254528217,8.73155481499193e-05,0.23305995313674305,0.0,0.0,0.23677881442188767,0.7828596,0.1957149,1.0,0.0
2016,10.08,preference_clipping,0.08057694190696796,0.9999999999999993,3.3107483233302435e-12,5.713326724075759e-14,0.0,0.0,0.23244079427532616,0.690521,0.17263025,1.0,1.0
2017,10.085,preference_clipping,0.00907220965018496,0.9999999999999998,3.2914194952057527e-12,0.23089450318026888,0.0,0.0,0.22930233409861,0.7031729999999999,0.17579324999999998,1.0,1.0
2018,10.09,finite_support,0.02598100322121627,1.0,3.2751938711271478e-12,0.2299245816939707,0.0,0.0,0.22932926300097048,0.7291822,0.18229555,1.0,1.0
2019,10.095,finite_support,0.02509539620380863,1.0,3.2591791832423594e-12,0.04177512146024334,0.0,0.0,0.23381695831880453,0.7432848,0.1858212,1.0,1.0
2020,10.1,finite_support,0.017138759335344478,1.0,3.2439054671233437e-12,0.22812157184845397,0.0,0.0,0.22938459394295632,0.6854194,0.17135485,1.0,1.0
2021,10.105,preference_clipping,0.0041097791836364195,0.9999103441952234,6.573860844465309e-05,0.00016400205462167497,0.0,0.0,0.22726557846615483,0.6761198,0.16902995,1.0,0.0
2022,10.11,preference_clipping,0.012509772753278858,0.9999999999999988,3.215661337685963e-12,3.670962126264832e-14,0.0,0.0,0.23338154067769257,0.689357,0.17233925,1.0,1.0
2023,10.115,finite_support,0.03168339891186926,1.0,3.2030034049812828e-12,0.06057847542653626,0.0,0.0,0.23235902208322257,0.736019,0.18400475,1.0,1.0
2024,10.120000000000001,finite_support,0.01416050052755846,1.0,3.19418993971287e-12,0.22506294735035426,0.0,0.0,0.22949909880009522,0.6946428,0.1736607,1.0,1.0
2025,10.125,preference_clipping,0.012403673831177511,0.9999999999999991,3.1818999431724468e-12,2.932900464232996e-14,0.0,0.0,0.23375893214291205,0.6837863999999999,0.17094659999999998,1.0,1.0
2026,10.13,finite_support,0.016879087119973588,1.0,3.172319315232875e-12,0.22380727693332794,0.0,0.0,0.22955728036359144,0.7262626,0.18156565,1.0,1.0
2027,10.135,finite_support,0.012875829775212816,1.0,3.163639663939973e-12,0.15651212700802342,0.0,0.0,0.23216755726183444,0.7136226,0.17840565,1.0,1.0
2028,10.14,finite_support,0.011337608851286164,1.0,3.1571532239584305e-12,0.15587647487873954,0.0,0.0,0.23220499176671164,0.714324,0.178581,1.0,1.0
2029,10.145,finite_support,0.007054944367416993,1.0,3.1506216277065857e-12,0.22226562759470603,0.0,0.0,0.22964461549784418,0.6847439999999999,0.17118599999999998,1.0,1.0
2030,10.15,finite_support,0.019496755842814475,1.0,3.1462313338142823e-12,0.021432624926176213,0.0,0.0,0.2351783798655083,0.740153,0.18503825,1.0,1.0
2031,10.155,preference_clipping,0.01707182684606255,0.9999999999999993,3.1416957539003705e-12,0.09093647894744891,0.0,0.0,0.230132839036745,0.7359448000000001,0.18398620000000002,1.0,1.0
2032,10.16,finite_support,0.013769045524837735,1.0,3.1375226066759942e-12,0.2211339027289541,0.0,0.0,0.22973118772512338,0.6731462,0.16828655,1.0,1.0
2033,10.165000000000001,preference_clipping,0.011669953892123885,0.9999999999999998,3.134325934504604e-12,0.2208476873347564,0.0,0.0,0.22975975994647893,0.7383754,0.18459385,1.0,1.0
2034,10.17,preference_clipping,0.007234879642131981,0.9999999999999998,3.13008640732308e-12,0.22060695860810214,0.0,0.0,0.22978816305337177,0.7160314,0.17900785,1.0,1.0
2035,10.175,preference_clipping,0.024584778657299466,0.0,0.000153701333101543,0.000625221592272459,0.0,0.0,0.21530054996968304,0.7406798,0.18516995,1.0,0.0
2036,10.18,preference_clipping,0.011690904875737481,0.9999999999999998,3.1306468778784613e-12,0.16681768692709278,0.0,0.0,0.23295457789219118,0.6810392,0.1702598,1.0,1.0
2037,10.185,finite_support,0.08374062933965559,0.5986162066690245,0.0002732946615678867,0.0006245679413782821,0.0058463845241298095,0.0,0.21850117439229932,0.4697778,0.11744445,0.0,0.0
2038,10.19,finite_support,0.08819145950318309,0.6403043193962108,0.00028480901675175235,0.0006673530370497504,0.006008038024570424,0.0,0.21841491084577055,0.46574219999999994,0.11643554999999998,0.0,0.0
2039,10.195,finite_support,0.018067477573030146,0.6927625918446432,8.760561016598717e-05,7.66578744753151e-05,0.00013267358743218523,0.0,0.2183423788212051,0.43620640000000005,0.10905160000000001,0.0,0.0
2040,10.200000000000001,finite_support,0.10997308403722539,0.7181647963049237,0.00033034239066885096,0.0006990490081405972,0.006385558200763904,0.0,0.21825304408700005,0.4563846,0.11409615,0.0,0.0
2041,10.205,preference_clipping,0.02640866659801073,0.7623098594888199,1.8722997291273427e-10,1.630726744149615e-11,1.074972003864248e-09,0.0,0.21814451950162653,0.5852921999999999,0.14632304999999998,1.0,1.0
2042,10.21,preference_clipping,0.01842785955839636,0.6910800446871499,1.6480141960284263e-10,4.443654968545723e-11,1.062305845733991e-09,0.0,0.21737579680200775,0.5896866,0.14742165,1.0,1.0
2043,10.215,preference_clipping,0.019322654796827803,0.8347992813552481,6.183227084738045e-11,4.999839898396215e-11,5.49962161415118e-10,0.0,0.21803973905620877,0.6031498,0.15078745,1.0,1.0
2044,10.22,preference_clipping,0.02302865105660244,0.5639838250710457,1.972775032367131e-10,5.254923961757243e-11,1.2977526394461996e-09,0.0,0.21601129251045129,0.5912394,0.14780985,1.0,1.0
2045,10.225,preference_clipping,0.023885132644143735,0.507359036209382,2.229547158777912e-10,6.071491251679847e-11,1.4855392198694162e-09,0.0,0.21540842409131764,0.585186,0.1462965,1.0,1.0
2046,10.23,preference_clipping,0.03288142594016591,0.9185517204286602,6.627782885419807e-10,1.527394042826696e-10,4.688291278695402e-09,0.0,0.21784859136327125,0.6361042,0.15902605,1.0,1.0
2047,10.235,preference_clipping,0.02019460335548728,0.9425480117463195,1.4293043140504704e-10,9.602047859553644e-11,1.0791700526116473e-09,0.0,0.21779587640603396,0.616503,0.15412575,1.0,1.0
2048,10.24,preference_clipping,0.005456669012511984,0.36714226931300953,4.686929059210779e-10,2.2302429667941203e-10,3.3983554970730467e-09,0.0,0.2139209708804012,0.5811662000000001,0.14529155000000002,1.0,1.0
2049,10.245000000000001,preference_clipping,0.004879893166528752,0.9848611544089263,1.1196439862022234e-09,2.568398224836507e-10,6.7317317289953035e-09,0.0,0.21771074674789323,0.649648,0.162412,1.0,1.0
2050,10.25,preference_clipping,0.002518163455533795,0.29976344961087364,3.9044655358912884e-10,2.0928151045435212e-10,2.9794625226263535e-09,0.0,0.21319977159635906,0.5891033999999999,0.14727584999999999,1.0,1.0
2051,10.255,preference_clipping,0.03761359855308441,0.25926339772093765,0.00010556762997584748,0.00038370887081719236,0.0034425536168740446,0.0,0.21286112159551557,0.5460058,0.13650145,1.0,0.0
2052,10.26,preference_clipping,0.008365680804339748,0.5145961090221465,1.6689190643031086e-10,1.9285123848859632e-10,2.236486869849615e-09,0.0,0.21435093016448312,0.6734488000000001,0.16836220000000002,1.0,1.0
2053,10.265,preference_clipping,0.03179108538919895,0.49562329022079255,5.296702559726619e-10,1.603013142521834e-10,3.928307951380367e-09,0.0,0.2141478471196976,0.6261292,0.1565323,1.0,1.0
2054,10.27,preference_clipping,0.004459744726292847,0.1979295496180148,0.00016016776134385126,0.00038743705217481137,0.0034340996088609104,0.0,0.21222955647393746,0.5674586,0.14186465,1.0,0.0
2055,10.275,preference_clipping,0.031424811109412656,0.1864466807554196,0.00017038299225465408,0.0003461913201067254,0.002963269945676755,0.0,0.21210677192017682,0.5708448,0.1427112,1.0,0.0
2056,10.28,preference_clipping,0.011181722979177258,0.18493512596009642,3.949459625178223e-10,1.5416994260933161e-10,2.9475789651539575e-09,0.0,0.2120408654713086,0.5775376,0.1443844,1.0,1.0
2057,10.285,preference_clipping,0.009658341541905063,0.18025565606446736,3.6740225981992984e-10,1.1740593474193267e-10,2.540834407117753e-09,0.0,0.21199788129528613,0.5665528000000001,0.14163820000000002,1.0,1.0
2058,10.290000000000001,preference_clipping,0.012391369777053213,0.1788811768163059,3.2961934153026635e-10,9.901419572480406e-11,2.247005313862351e-09,0.0,0.21199024687721046,0.5632626000000001,0.14081565000000001,1.0,1.0
2059,10.295,preference_clipping,0.015775995375506835,0.1809065662700695,3.0358958551139324e-10,8.393454348850347e-11,2.0197368446710135e-09,0.0,0.2120175576211428,0.5793048,0.1448262,1.0,1.0
2060,10.3,preference_clipping,0.005222657029069211,0.18619833113208106,3.413352728412837e-10,7.773779062794047e-11,2.0577424675334475e-09,0.0,0.21207791396968084,0.5986996,0.1496749,1.0,1.0
2061,10.305,preference_clipping,0.008710430293712434,0.1943991302764181,4.660025607070756e-10,1.2367452741279252e-10,2.9213291443086504e-09,0.0,0.21216796308947505,0.5816834,0.14542085,1.0,1.0
2062,10.31,preference_clipping,0.012192047415052198,0.20542787331675405,3.3466459962493644e-10,1.2524853899484808e-10,2.433066727458753e-09,0.0,0.21228607104298008,0.5877888,0.1469472,1.0,1.0
2063,10.315,preference_clipping,0.017924482254363938,0.2189908473118427,3.395586106103491e-10,1.4963420905707145e-10,2.782558617583043e-09,0.0,0.21242924367845087,0.5750508,0.1437627,1.0,1.0
2064,10.32,preference_clipping,0.0012707507138567942,0.23509014612833745,6.442914904072589e-10,2.6091815934888994e-10,4.519500006774299e-09,0.0,0.21259635327694423,0.5864623999999999,0.14661559999999998,1.0,1.0
2065,10.325000000000001,preference_clipping,0.0021655954807187072,0.2531179700130822,5.082602513377814e-10,2.2410606282161123e-10,3.5598420676312698e-09,0.0,0.21278242134736522,0.592163,0.14804075,1.0,1.0
2066,10.33,preference_clipping,0.016559984633568448,0.2735067917254471,1.0680211225795992e-10,1.7113441699527656e-10,2.0041846824167874e-09,0.0,0.21298907106466664,0.5635932,0.1408983,1.0,1.0
2067,10.335,preference_clipping,0.009177667610257845,0.28043249057319486,0.0003676454857650062,0.0008020643437421597,0.00766933150319568,0.0,0.21317870668537792,0.5880776,0.1470194,1.0,0.0
2068,10.34,preference_clipping,0.00938344922596368,0.6136544946442688,1.522447874518405e-10,8.737694455989031e-11,1.4571890375696167e-09,0.0,0.2153105583658526,0.607995,0.15199875,1.0,1.0
2069,10.345,preference_clipping,0.01582410452671823,0.3337350203637831,0.00010692058336164081,0.000517258940107905,0.0046772779023462295,0.0,0.21368008565194233,0.6363868,0.1590967,1.0,0.0
2070,10.35,preference_clipping,0.01524927488970318,0.7475179445089328,1.5958777889169634e-10,7.789094366193865e-11,1.3763964995914756e-09,0.0,0.21633908832420573,0.6250232,0.1562558,1.0,1.0
2071,10.355,preference_clipping,0.03766977424435325,0.39019229964724966,6.131001403219634e-05,0.00039693479158286755,0.003504238472584016,0.0,0.21420463129781092,0.563974,0.1409935,1.0,0.0
2072,10.36,preference_clipping,0.046556516974938233,0.4195782312098457,5.7923964108629446e-05,0.0003464655134750638,0.002820888295564007,0.0,0.21447550121459708,0.5643086,0.14107715,1.0,0.0
2073,10.365,preference_clipping,0.020895581098745453,0.7633785420069095,1.7883473522241213e-10,9.713760924354342e-11,1.4600701593088341e-09,0.0,0.216715674925897,0.603753,0.15093825,1.0,1.0
2074,10.370000000000001,preference_clipping,0.06457161472184225,0.48575467495576463,2.639572414669159e-10,8.376253823698643e-11,1.669420107450875e-09,0.0,0.21503588275563296,0.5708409999999999,0.14271024999999998,1.0,1.0
2075,10.375,preference_clipping,0.005259117360351118,0.8213856740504013,0.00013436766161892461,0.0004662448840803844,0.0024518552119538782,0.0,0.21730437920250606,0.6214486,0.15536215,1.0,0.0
2076,10.38,preference_clipping,0.052328569255521984,0.8932325068539257,4.45397168557561e-10,4.215207997711503e-10,5.227313195168456e-09,0.0,0.21780174988535145,0.6129524000000001,0.15323810000000002,1.0,1.0
2077,10.385,preference_clipping,0.0038150666653580245,0.5789400833957488,1.5819118033790592e-10,1.0482149776058134e-10,1.2912520389266643e-09,0.0,0.2158735024916689,0.549723,0.13743075,1.0,1.0
2078,10.39,preference_clipping,0.038487274478526956,0.9454251004993016,6.944618735532407e-10,6.998501352266442e-10,8.260242764739488e-09,0.0,0.21829191757022431,0.66246,0.165615,1.0,1.0
2079,10.395,preference_clipping,0.032657981874351094,0.9475927588093138,0.00014589694651108117,0.00028898499007085787,0.0022957525894719026,0.0,0.21839838954255733,0.5271142,0.13177855,1.0,0.0
2080,10.4,preference_clipping,0.05771814545404985,0.9334048635870341,0.00016676429111088346,0.0002845582464320093,0.0013825575724409106,0.0,0.218374982371957,0.5402672,0.1350668,1.0,0.0
2081,10.405,preference_clipping,0.02469874305077724,0.9231966238168343,4.575096320166262e-10,1.5877075683311702e-11,2.933623450745736e-09,0.0,0.21835131495267748,0.5654466,0.14136165,1.0,1.0
2082,10.41,preference_clipping,0.025687550177233565,0.9045544231676254,0.00013181497946161003,0.00019186604363131737,0.0005090814055300585,0.0,0.21830354728286339,0.5487452,0.1371863,1.0,0.0
2083,10.415000000000001,preference_clipping,0.051122041669349194,0.8930837359865615,2.7966986166099653e-10,8.033718632969629e-10,6.347388732185479e-09,0.0,0.2182658548474122,0.5327268000000001,0.13318170000000001,1.0,1.0
2084,10.42,preference_clipping,0.012983738389982236,0.7918259961869321,7.022627531325834e-05,0.0003599207268143332,0.0024805937926048543,0.0,0.21769360914099511,0.5493682,0.13734205,1.0,0.0
2085,10.425,preference_clipping,0.010635567426753312,0.8617678305907857,1.73140678810936e-10,2.2615024190760807e-10,2.683683395518448e-09,0.0,0.21814978116190192,0.5450902,0.13627255,1.0,1.0
2086,10.43,finite_support,0.011757209442131433,0.8359234286697459,0.00017304614574661356,0.0004890171531344923,0.004707968330012259,0.0,0.2180696607427247,0.4628468,0.1157117,0.0,0.0
2087,10.435,finite_support,0.008193892786501067,0.8187424468463134,0.00015583939763963607,0.000537962441421576,0.0055134558552500275,0.0,0.21799170643191393,0.4293716,0.1073429,0.0,0.0
2088,10.44,finite_support,0.012402762150642843,0.806543176954634,0.00020764595428576175,0.00045453135319447436,0.00406067693308709,0.0,0.21791022093816953,0.4845538,0.12113845,0.0,0.0
2089,10.445,finite_support,0.009639250508897135,0.7878458960001633,0.00018074365091882348,0.00045043309247413076,0.005191677616565886,0.0,0.2178264044241249,0.4726392,0.1181598,0.0,0.0
2090,10.450000000000001,finite_support,0.039735420509501296,0.7673096935188223,7.879243631917594e-05,0.000604740377653986,0.004659194536761708,0.0,0.21771470641243748,0.4417108,0.1104277,0.0,0.0
2091,10.455,finite_support,0.002658493043761201,0.7535285419566737,0.00017329470142000685,0.0004208712082693882,0.003360800983979564,0.0,0.21761961913497457,0.4515454,0.11288635,0.0,0.0
2092,10.46,finite_support,0.00834174396224796,0.7321962656408946,0.0002147409681690529,0.0006347224973585738,0.005880317137265065,0.0,0.2174989240525389,0.46553779999999995,0.11638444999999999,0.0,0.0
2093,10.465,finite_support,0.053016863121868596,0.7227905821134238,0.00018340591435387558,0.00024369829511178861,0.0010733677769803826,0.0,0.21739908134318153,0.447125,0.11178125,0.0,0.0
2094,10.47,finite_support,0.05410304981801062,0.7054251529957964,0.00020499208594916096,0.0002451348939234859,0.0007553807276278825,0.0,0.21728062274667795,0.4569578,0.11423945,0.0,0.0
2095,10.475,finite_support,0.026587081841666915,0.6782735787103276,0.00016656006392916115,0.0007252105581009684,0.006879261440434437,0.0,0.21714933286823512,0.45361719999999994,0.11340429999999999,0.0,0.0
2096,10.48,finite_support,0.01450415759718382,0.6679637454852989,0.00010923881472975294,0.0003603377985765372,0.0034172668508560974,0.0,0.21702832316082943,0.44615720000000003,0.11153930000000001,0.0,0.0
2097,10.485,finite_support,0.044259650458511324,0.6471428560139023,0.0002469731978416452,0.0005367959491354838,0.002453235398726559,0.0,0.21688790986948417,0.4440832,0.1110208,0.0,0.0
2098,10.49,finite_support,0.03520254400479761,0.6313111161771776,0.0001455587671120228,0.00042375890849962567,0.002412900542402587,0.0,0.2167546919953964,0.45919,0.1147975,0.0,0.0
2099,10.495000000000001,finite_support,0.010932250937845112,0.6135871775912591,8.992305229128675e-05,0.0004235782932646345,0.0038502632836061074,0.0,0.2176311200062582,0.4542906,0.11357265,0.0,0.0
2100,10.5,finite_support,0.02170892042518968,0.594132844815511,0.00017565771458002023,0.0005092653338131118,0.0041410950380964895,0.0,0.21994157843481568,0.48038580000000003,0.12009645000000001,0.0,0.0
2101,10.505,finite_support,0.01656226197854771,0.5790790825515497,9.261766572134277e-05,0.00036939237094954546,0.003640917960027856,0.0,0.22179118388596794,0.46609300000000004,0.11652325000000001,0.0,0.0
2102,10.51,finite_support,0.010247549336872552,0.5612506935937023,9.76454116816066e-05,0.0003534177345778419,0.0027737737125818848,0.0,0.22394714407678165,0.4548076,0.1137019,0.0,0.0
2103,10.515,finite_support,0.01114621762943191,0.5374166681130785,0.00012216315175216861,0.0006360427584557045,0.004938060754430154,0.0,0.22596530886933633,0.44487879999999996,0.11121969999999999,0.0,0.0
2104,10.52,finite_support,0.01649249591062496,0.5272916384360677,4.725744232818996e-05,0.00025931459377254385,0.001868210647191414,0.0,0.22777681765635638,0.458284,0.114571,0.0,0.0
2105,10.525,finite_support,0.02686670885765352,0.5085057041006944,0.00025937740918051367,0.0003001848794361869,0.0015024232301723485,0.0,0.22967472178834594,0.4555348,0.1138837,0.0,0.0
2106,10.53,finite_support,0.010571903075184963,0.4902096093493047,0.0002918210709666529,0.0003080556318584664,0.001401761988106535,0.0,0.23156206223467585,0.46590240000000005,0.11647560000000001,0.0,0.0
2107,10.535,finite_support,0.009581307969241948,0.4605945045415578,0.0003275000352191875,0.0009068539376896931,0.010034125239614718,0.0,0.2334309539122316,0.440675,0.11016875,0.0,0.0
2108,10.540000000000001,solver_5ms,0.015083329030218806,0.4487450224188446,0.00021524303686251906,0.0006453718680300897,0.004588949628096846,0.0,0.23544586391554084,0.46290879999999995,0.11572719999999999,0.0,0.0
2109,10.545,solver_5ms,0.007404160617952016,0.4306845978727929,0.0002133761806111561,0.0006522136494855691,0.004122875761981126,0.0,0.237193894331103,0.45988720000000005,0.11497180000000001,0.0,0.0
2110,10.55,solver_5ms,0.03815541251006582,0.4232983373171971,8.153119339512725e-05,8.169500897108357e-05,0.0004547941353965526,0.0,0.23862691292539873,0.4573464,0.1143366,0.0,0.0
2111,10.555,solver_5ms,0.040268505543950006,0.4056437915059593,9.10742228171419e-05,8.748341465804796e-05,0.0005052243581568144,0.0,0.24033609248539933,0.43824620000000003,0.10956155000000001,0.0,0.0
2112,10.56,solver_5ms,0.0024158453015843406,0.38125010230882805,0.0001287099502657249,0.00040933470532514055,0.002804686643982184,0.0,0.24205423791452882,0.46017579999999997,0.11504394999999999,0.0,0.0
2113,10.565,solver_5ms,0.04270592907085202,0.3697727842814281,8.410470739859332e-05,0.00012296159856564216,0.0008755451531047435,0.0,0.24358586122481332,0.5263428,0.1315857,0.0,0.0
2114,10.57,solver_5ms,0.04227430315528746,0.3492007317578594,5.40599898825455e-05,0.0002235851959998452,0.0023363598728957775,0.0,0.24507480564840323,0.4456662,0.11141655,0.0,0.0
2115,10.575000000000001,solver_5ms,0.04234215721099499,0.3337049438516787,5.352898062763803e-05,0.00011405264641337117,0.0010068911290264779,0.0,0.2465846754706263,0.4289888,0.1072472,0.0,0.0
2116,10.58,solver_5ms,0.04255673764774759,0.31162394813559724,6.730329746419512e-05,0.00033834684684861755,0.003363861232716021,0.0,0.24810462409859133,0.4475298,0.11188245,0.0,0.0
2117,10.585,solver_5ms,0.0403259418912949,0.2957827504656677,4.757593191896604e-05,0.0002501533080866179,0.002061908992719301,0.0,0.24955656445608002,0.43195439999999996,0.10798859999999999,0.0,0.0
2118,10.59,solver_5ms,0.03939549207687687,0.2802896630153543,2.3086264955493576e-05,0.00015407993416098812,0.0012214316922693482,0.0,0.25097905638609835,0.4433358,0.11083395,0.0,0.0
2119,10.595,solver_5ms,0.03866063094659644,0.2587626827781232,0.00010207649236897975,0.00035587714962119943,0.0029588461093117326,0.0,0.25233359814987905,0.439162,0.1097905,0.0,0.0
2120,10.6,solver_5ms,0.0208595519329835,0.24427274370460894,3.5952005492985194e-05,0.00021628980273421665,0.0015145750758671906,0.0,0.25368664422413734,0.4596128,0.1149032,0.0,0.0
2121,10.605,solver_5ms,0.021455989762664274,0.2273136289265888,7.416742771204346e-05,0.0002088833388300265,0.0017472382223747277,0.0,0.2550084582414287,0.4706694,0.11766735,0.0,0.0
2122,10.61,solver_5ms,0.022366985347188617,0.20330849452674205,9.987721454722456e-05,0.0005708969205448295,0.0039930317598547704,0.0,0.2565551404075706,0.44438999999999995,0.11109749999999999,0.0,0.0
2123,10.615,solver_5ms,0.011791056672705302,0.18691070251925612,8.090232464414485e-05,0.000512099664181256,0.004692120302233122,0.0,0.2576417760493817,0.45976300000000003,0.11494075000000001,0.0,0.0
2124,10.620000000000001,solver_5ms,0.02401752199898688,0.1736022818505354,6.246408530737697e-05,0.00034732097266474673,0.0028679539859925293,0.0,0.25895771072334767,0.4437086,0.11092715,0.0,0.0
2125,10.625,solver_5ms,0.009320156799108581,0.15826750227083375,8.714716107867748e-05,0.00028225902423284374,0.002722054779781105,0.0,0.26015884542184325,0.5123502000000001,0.12808755000000002,0.0,0.0
2126,10.63,solver_5ms,0.010343405298929298,0.1424259864073022,6.327223962997275e-05,0.00024195610259078397,0.0020691612346719255,0.0,0.2613388566500241,0.453904,0.113476,0.0,0.0
2127,10.635,solver_5ms,0.012245869596139158,0.12852896787839196,0.00010797465444132205,0.00012053544412177767,0.0010146781337500865,0.0,0.2624108284179308,0.47357899999999997,0.11839474999999999,0.0,0.0
2128,10.64,solver_5ms,0.019689248148546667,0.1095469178129197,0.0001450017411461021,0.0002641282775923334,0.0010700749984636953,0.0,0.26368621490023975,0.44707700000000006,0.11176925000000001,0.0,0.0
2129,10.645,solver_5ms,0.01667894156121008,0.09194024001798373,8.465505415988133e-05,0.0003253769896140812,0.003202374011653167,0.0,0.2646345469571025,0.4395928,0.1098982,0.0,0.0
2130,10.65,solver_5ms,0.02035664935229331,0.07371754101259853,0.00014723869886627288,0.00041851421174999534,0.0029055848954764162,0.0,0.2658054414920777,0.45433280000000004,0.11358320000000001,0.0,0.0
2131,10.655,solver_5ms,0.016701563396170904,0.058697178628915436,0.0002211175523438187,0.0003775247543247326,0.0017407292848425613,0.0,0.2668830037763638,0.4459108,0.1114777,0.0,0.0
2132,10.66,solver_5ms,0.015305917644425904,0.0361494036316381,0.00024200498295725583,0.0007465186555117883,0.008026690713044711,0.0,0.26792746147059865,0.45861260000000004,0.11465315000000001,0.0,0.0
2133,10.665000000000001,solver_5ms,0.012806755309013873,0.02740197547887424,0.00011025403134974006,0.00041048074895650463,0.0036512486915515853,0.0,0.26890918804931374,0.44805280000000003,0.11201320000000001,0.0,0.0
2134,10.67,solver_5ms,0.012219711353900209,0.014418586656155363,4.026932980513274e-05,0.00030269292440436796,0.0025765904304187836,0.0,0.2698943432069341,0.43399219999999994,0.10849804999999998,0.0,0.0
2135,10.675,solver_5ms,0.012093473444885205,0.000683223390239962,1.3467184196684623e-05,0.0002471474148080491,0.002225337697952737,0.0,0.2708690418951553,0.4377072,0.1094268,0.0,0.0
2136,10.68,solver_5ms,0.01872170855843347,0.0,9.616796344623557e-05,0.0004517744926899,0.003550180902011536,0.0,0.2718133093127213,0.45117879999999994,0.11279469999999998,0.0,0.0
2137,10.685,solver_5ms,0.011395914767398097,0.0,0.00010135554385746245,0.00021020624321665588,0.0011685847671283947,0.0,0.2727607899061,0.5123022,0.12807555,0.0,0.0
2138,10.69,solver_5ms,0.012880518873714664,0.0,5.2759948589417655e-05,0.00015254659818580619,0.0008192132783388051,0.0,0.2736381782055187,0.4614642,0.11536605,0.0,0.0
2139,10.695,solver_5ms,0.011024603452369774,0.0,4.4990288983326365e-05,0.00011402896229247654,0.0005789911697795573,0.0,0.27450908866430257,0.46100119999999994,0.11525029999999999,0.0,0.0
2140,10.700000000000001,solver_5ms,0.012825224215973208,0.0,8.847751690650702e-05,0.00013619206130049039,0.00050339678800297,0.0,0.27533122852032205,0.4397732,0.1099433,0.0,0.0
2141,10.705,solver_5ms,0.013363840589697418,0.0,6.974801315208199e-05,0.00011436673147445784,0.0005106900293058844,0.0,0.2761759207066261,0.4503772,0.1125943,0.0,0.0
2142,10.71,solver_5ms,0.01297573715142164,0.0,7.627511154015314e-05,0.00035770422284669675,0.0028917847784387706,0.0,0.27697532480675924,0.4543568,0.1135892,0.0,0.0
2143,10.715,solver_5ms,0.006730188628623068,0.0,0.00012981370783215086,0.0005122721182834063,0.0035021584443651168,0.0,0.2776377508513825,0.461891,0.11547275,0.0,0.0
2144,10.72,solver_5ms,0.014181489316200668,0.0,4.168919656326645e-05,8.548189711751956e-05,0.00040726553263320027,0.0,0.27853777891273135,0.4479966,0.11199915,0.0,0.0
2145,10.725,solver_5ms,0.028799854168148897,0.0,5.8951912784056346e-05,0.00012655194000361694,0.0007369122396418821,0.0,0.2793116641363173,0.447021,0.11175525,0.0,0.0
2146,10.73,solver_5ms,0.0156738802492562,0.0,4.73661066121264e-05,0.00012007394474504168,0.0006917462002443948,0.0,0.28004842014951276,0.43596180000000007,0.10899045000000002,0.0,0.0
2147,10.735,solver_5ms,0.014318618513087245,0.0,4.024875045717063e-05,0.00016304542028367658,0.0015220168542255917,0.0,0.280732568335152,0.4583384,0.1145846,0.0,0.0
2148,10.74,solver_5ms,0.014747930654479546,0.0,3.4784209977673376e-05,7.201164387715163e-05,0.0005596020401132819,0.0,0.2814297432230942,0.4358758,0.10896895,0.0,0.0
2149,10.745000000000001,solver_5ms,0.014739169607036473,0.0,2.728929440557317e-05,9.938332643890185e-05,0.0006905039661584691,0.0,0.28210357727569346,0.49258900000000005,0.12314725000000001,0.0,0.0
2150,10.75,solver_5ms,0.01301667107433957,0.0,4.012683678348243e-05,0.00021827863433115761,0.001605437586071145,0.0,0.28275813697798396,0.46829899999999997,0.11707474999999999,0.0,0.0
2151,10.755,solver_5ms,0.05152100412963989,0.0,6.456176731385776e-05,0.0004467094865300245,0.00393270127791832,0.0,0.28330508359523016,0.45357939999999997,0.11339484999999999,0.0,0.0
2152,10.76,solver_5ms,0.021176328244654034,0.0,5.961293649565935e-05,0.0005522923726243448,0.004610294251746433,0.0,0.28398885966276827,0.44923500000000005,0.11230875000000001,0.0,0.0
2153,10.765,solver_5ms,0.006298785104608129,0.0,0.00031677924104820364,0.0001857705122036566,0.002249445297607993,0.0,0.28453315236262205,0.455054,0.1137635,0.0,0.0
2154,10.77,solver_5ms,0.0058346748006005145,0.0,0.0001305821019683658,0.0001748135022041388,0.0012222667348009007,0.0,0.2851418584726678,0.4630072,0.1157518,0.0,0.0
2155,10.775,solver_5ms,0.0041625806967982015,0.0,0.00012635040828283902,0.0001743451439698035,0.0009327934975116391,0.0,0.2856695558554881,0.4562442,0.11406105,0.0,0.0
2156,10.78,solver_5ms,0.01875468816706083,0.0,0.00021593482534529106,0.0002349667264840954,0.0007739098595901424,0.0,0.2862048810426901,0.456567,0.11414175,0.0,0.0
2157,10.785,solver_5ms,0.004409802557836517,0.0,0.00013060006074040568,0.0001310030902231959,0.0012129805032240247,0.0,0.2866470433950305,0.4578732,0.1144683,0.0,0.0
2158,10.790000000000001,solver_5ms,0.009639491808932643,0.0,8.744529573104448e-05,0.00046608346461137206,0.004378914956661875,0.0,0.2871248091169995,0.46187700000000004,0.11546925000000001,0.0,0.0
2159,10.795,solver_5ms,0.01974937635304541,0.0,0.00011506476901608528,0.00033764459313438764,0.0022485518653095043,0.0,0.28768534395721074,0.45641459999999995,0.11410364999999999,0.0,0.0
2160,10.8,solver_5ms,0.014029991578234924,0.0,9.048034111161546e-05,0.00025812507207269005,0.0017589432376945203,0.0,0.28810508379106764,0.4432116,0.1108029,0.0,0.0
2161,10.805,solver_5ms,0.01127880011608795,0.0,0.00013589799539735135,0.0002933474596729374,0.0018728522087579156,0.0,0.2885585564810561,0.4872368,0.1218092,0.0,0.0
2162,10.81,solver_5ms,0.009366806635879854,0.0,8.751192551364474e-05,0.00011091300515793764,0.0005139792785254495,0.0,0.28895239035518616,0.4855778,0.12139445,0.0,0.0
2163,10.815,solver_5ms,0.029222220129798693,0.0,0.00010275115117974311,0.00021114345238024,0.0011956118579997525,0.0,0.289357536735595,0.4483874,0.11209685,0.0,0.0
2164,10.82,solver_5ms,0.009622348057236607,0.0,0.00011999195480589363,0.00015493626689454785,0.0006856252364139382,0.0,0.28971336869208264,0.4506958,0.11267395,0.0,0.0
2165,10.825000000000001,solver_5ms,0.039888557734624186,0.0,0.00011207764711181046,0.00033046196890323764,0.0032603174476424114,0.0,0.2900791209326963,0.4401398,0.11003495,0.0,0.0
2166,10.83,solver_5ms,0.010371095995886925,0.0,0.00015641572736863247,0.00021050798742358433,0.0011037211231134684,0.0,0.2903644006496214,0.45921580000000006,0.11480395000000002,0.0,0.0
2167,10.835,solver_5ms,0.0035072389437118545,0.0,3.343247814596705e-05,0.00028782769427701424,0.002345865618820475,0.0,0.29069038234311656,0.45918580000000003,0.11479645000000001,0.0,0.0
2168,10.84,solver_5ms,0.017453072320705587,0.0,6.637618862997258e-05,4.84181797638247e-05,0.0005049246781895761,0.0,0.2909953294617083,0.44651199999999996,0.11162799999999999,0.0,0.0
2169,10.845,solver_5ms,0.01900637980334352,0.0,4.48433803863287e-05,4.4512633460896656e-05,0.00024548187730678736,0.0,0.291265127299743,0.45067579999999996,0.11266894999999999,0.0,0.0
2170,10.85,solver_5ms,0.03542582754922918,0.0,5.2705096651117005e-05,0.00023109322786591367,0.0016437973120156787,0.0,0.29148943801172783,0.44635159999999996,0.11158789999999999,0.0,0.0
2171,10.855,solver_5ms,0.015873202752203497,0.0,0.00010275884730458586,4.427653766750431e-05,0.0006871530792670837,0.0,0.2917311070440809,0.45358919999999997,0.11339729999999999,0.0,0.0
2172,10.86,solver_5ms,0.03192287406639238,0.0,9.609370262119188e-05,0.00035344026166225133,0.00291774449477896,0.0,0.2918577049565174,0.46143599999999996,0.11535899999999999,0.0,0.0
2173,10.865,solver_5ms,0.01617651568253109,0.0,0.00010607791635809302,5.4171729704420125e-05,0.0007357862930771254,0.0,0.2921240591077304,0.465682,0.1164205,0.0,0.0
2174,10.870000000000001,solver_5ms,0.026541491227050074,0.0,0.00011445867327573433,0.00021079455465988173,0.0007162227836484547,0.0,0.2922529681261486,0.4951038,0.12377595,0.0,0.0
2175,10.875,solver_5ms,0.015679907372501134,0.0,0.00011834969885721278,5.614775406511581e-05,0.000798190953767154,0.0,0.2924103471677697,0.45542079999999996,0.11385519999999999,0.0,0.0
2176,10.88,solver_5ms,0.0028820293374032246,0.0,4.472059459293613e-05,0.00020407897905636087,0.0015812183268746245,0.0,0.2924774305219045,0.4564646,0.11411615,0.0,0.0
2177,10.885,solver_5ms,0.014088655242439074,0.0,0.00017624745844875675,0.00013110612619074923,0.0013600497981303258,0.0,0.2926010936578043,0.45600379999999996,0.11400094999999999,0.0,0.0
2178,10.89,solver_5ms,0.009708152337584153,0.0,0.0001652544903079461,0.0007316796230601763,0.006673702403581788,0.0,0.29267412706937157,0.4701286,0.11753215,0.0,0.0
2179,10.895,solver_5ms,0.01426298940065962,0.0,0.0001368641539768096,0.0003843985271256147,0.003565810259712719,0.0,0.29257824668302246,0.47767879999999996,0.11941969999999999,0.0,0.0
2180,10.9,solver_5ms,0.019320578470427563,0.0,0.00014937308851335806,0.00038363648146328436,0.003250810212147996,0.0,0.29261768187692244,0.48226959999999996,0.12056739999999999,0.0,0.0
2181,10.905,solver_5ms,0.019336671153169505,0.0,9.463905606493069e-05,0.00012934214301054802,0.0007459993969652413,0.0,0.2926023978413315,0.4853812,0.1213453,0.0,0.0
2182,10.91,solver_5ms,0.020183892057712427,0.0,0.00011243808200345616,0.00013056312873236916,0.0006725252072039277,0.0,0.2925493959287122,0.4672652,0.1168163,0.0,0.0
2183,10.915000000000001,solver_5ms,0.021670261418638148,0.0,0.00011581357975207547,0.0001408000772178313,0.0006661604144889328,0.0,0.29245683003945555,0.46148819999999996,0.11537204999999999,0.0,0.0
2184,10.92,solver_5ms,0.09135106351920719,0.0,0.0001186721498309094,0.00025649413602502226,0.0023041040937706115,0.0,0.2922938960235356,0.4598452,0.1149613,0.0,0.0
2185,10.925,solver_5ms,0.07578188562784582,0.0,0.00032872642072368885,0.00030466151768959737,0.003346180180547519,0.0,0.2920893850600087,0.517444,0.129361,0.0,0.0
2186,10.93,solver_5ms,0.013627467210231003,0.0,0.00011927997852768649,9.784468656934499e-05,0.0008181450310610541,0.0,0.29201513577762117,0.46554579999999995,0.11638644999999999,0.0,0.0
2187,10.935,solver_5ms,0.008225738146183659,0.0,8.467785428994663e-05,0.0001467610662960159,0.0010672172377886088,0.0,0.29177438968581293,0.46495879999999995,0.11623969999999999,0.0,0.0
2188,10.94,solver_5ms,0.032752072581798686,0.0,0.00042124583379270913,0.0004470750296202871,0.004592794888135521,0.0,0.2915000294756865,0.46419920000000003,0.11604980000000001,0.0,0.0
2189,10.945,solver_5ms,0.02083023753485236,0.0,0.00044674027218209776,0.0004077357532582175,0.004546143027125192,0.0,0.29119035603335297,0.46081099999999997,0.11520274999999999,0.0,0.0
2190,10.950000000000001,solver_5ms,0.012711839220136412,0.0,0.0002745983380933526,0.00026258556705194535,0.0023626188364193577,0.0,0.29094450325917603,0.47027479999999994,0.11756869999999998,0.0,0.0
2191,10.955,solver_5ms,0.004082521126713701,0.0,0.00012268239278256227,0.00044418022853809906,0.004430308078745279,0.0,0.2905354712121744,0.46181679999999997,0.11545419999999999,0.0,0.0
2192,10.96,solver_5ms,0.005533771357812967,0.0,6.991773668047971e-05,0.0003060454305680793,0.0030397599392517974,0.0,0.2901476414010193,0.4561902,0.11404755,0.0,0.0
2193,10.965,solver_5ms,0.007241923033474151,0.0,4.500806378528084e-05,0.00026086800031285666,0.0021979184078647616,0.0,0.28970990937672025,0.4442456,0.1110614,0.0,0.0
2194,10.97,solver_5ms,0.009269111173049183,0.0,6.512151312521803e-05,0.00026589645343486567,0.002030577299832259,0.0,0.28921275951312125,0.457176,0.114294,0.0,0.0
2195,10.975,solver_5ms,0.047591609125818835,0.0,0.00011593011312433861,0.00011503823264009906,0.00040313924019700405,0.0,0.2887157289969037,0.4488282,0.11220705,0.0,0.0
2196,10.98,solver_5ms,0.039777356321962776,0.0,4.0425164520100166e-05,9.856927152966741e-05,0.0005903634959885993,0.0,0.2881499663582981,0.463454,0.1158635,0.0,0.0
2197,10.985,solver_5ms,0.002822551220527103,0.0,3.0138257532371935e-05,0.0001680316150052002,0.0015966176692046572,0.0,0.2874809980932423,0.5225334,0.13063335,0.0,0.0
2198,10.99,solver_5ms,0.008563907222258749,0.011674852989309814,6.225381519386756e-05,0.00016143019118627835,0.0009494734171380925,0.0,0.28682139481151625,0.444917,0.11122925,0.0,0.0
2199,10.995000000000001,solver_5ms,0.009979179288466256,0.03143165391384228,4.3249225835142666e-05,0.0001329509242495121,0.0013507265090631966,0.0,0.286136452712842,0.46581639999999996,0.11645409999999999,0.0,0.0
2200,11.0,solver_5ms,0.01612650429860807,0.049748604223865844,0.00011054250355325435,0.00018402761718490666,0.0013151520977776523,0.0,0.2853918543518562,0.451359,0.11283975,0.0,0.0
2201,11.005,solver_5ms,0.010160335073283733,0.06917538315711624,0.00013241749745833095,0.00021633176215537877,0.001345266313805698,0.0,0.2845993242050187,0.45304620000000007,0.11326155000000002,0.0,0.0
2202,11.01,solver_5ms,0.028077051794639374,0.08183744366454038,0.0003328325218338087,0.0005954460976626962,0.005304896780179641,0.0,0.283604468279679,0.45616999999999996,0.11404249999999999,0.0,0.0
2203,11.015,solver_5ms,0.036201033837279795,0.09730433597652488,0.0005804199950973886,0.0008655092446566406,0.008525094789693438,0.0,0.2827976080740337,0.46410919999999994,0.11602729999999999,0.0,0.0
2204,11.02,solver_5ms,0.004303252199022722,0.13281258579827637,0.00015631809211142327,0.0001628754732835058,0.0006062593449487073,0.0,0.28178429310511266,0.4384548,0.1096137,0.0,0.0
2205,11.025,solver_5ms,0.03110254276350588,0.1501748245018829,0.00014739676536754294,0.0003717880653048809,0.002457463673915229,0.0,0.2807108745184609,0.45642259999999996,0.11410564999999999,0.0,0.0
2206,11.03,solver_5ms,0.025218921395619986,0.17042316956833659,9.091757842312417e-05,0.0004659066036009978,0.0028475231105772494,0.0,0.27957418017837266,0.4706514,0.11766285,0.0,0.0
2207,11.035,solver_5ms,0.02989421349353094,0.19440496018537123,0.00019879587331130048,0.00039982007429840993,0.001792447494284292,0.0,0.27848966061563285,0.45813999999999994,0.11453499999999998,0.0,0.0
2208,11.040000000000001,solver_5ms,0.007374806321180927,0.22039047688852675,0.00011853237957664557,0.00026688261951659045,0.0016370249618860321,0.0,0.27730170166505275,0.4673192,0.1168298,0.0,0.0
2209,11.045,solver_5ms,0.024076049487398166,0.2460942652905227,0.000276743162883099,0.0001643524550171286,0.0018710205307033766,0.0,0.27607302850338683,0.5008004,0.1252001,0.0,0.0
2210,11.05,solver_5ms,0.005601558106249627,0.26642918250081304,0.00013254137535851932,0.00032195862936141466,0.003615933864227592,0.0,0.2746123981577025,0.44636580000000003,0.11159145000000001,0.0,0.0
2211,11.055,solver_5ms,0.03755801225580058,0.2854539008932413,0.00016101414729071623,0.0005510410700913258,0.004210862927878532,0.0,0.2731179930215714,0.47534440000000006,0.11883610000000001,0.0,0.0
2212,11.06,solver_5ms,0.03496392619872779,0.31602017062065146,0.00024307496558521814,0.00024153894050724355,0.002369334857034394,0.0,0.27176024099785195,0.4482692,0.1120673,0.0,0.0
2213,11.065,solver_5ms,0.04451007479255864,0.3370906811596429,0.00014338109745211424,0.00041845624467674647,0.003991016155901046,0.0,0.27020497346793704,0.45508000000000004,0.11377000000000001,0.0,0.0
2214,11.07,solver_5ms,0.0792496457346914,0.36505128825178934,0.00038150649830046425,0.00027102161920520716,0.003291209068767894,0.0,0.26869937453555665,0.4569416,0.1142354,0.0,0.0
2215,11.075000000000001,solver_5ms,0.053555372636626686,0.3904496936028391,0.0003411122327676855,0.0002462416206226634,0.0024444399501939006,0.0,0.2670083976933211,0.44568019999999997,0.11142004999999999,0.0,0.0
2216,11.08,solver_5ms,0.05489202495323475,0.41648589234302524,0.00014649681441820115,0.00020635826568853695,0.001494856682209248,0.0,0.26525861318678107,0.44551,0.1113775,0.0,0.0
2217,11.085,solver_5ms,0.03235239298682302,0.43999507182110875,0.00019462243292379402,0.0003254370986868318,0.002972531500667595,0.0,0.26353316052178594,0.4462474,0.11156185,0.0,0.0
2218,11.09,finite_support,0.00845122860582137,0.46787503157410537,0.00011850970947857936,0.0001786995968682537,0.0009872797298739132,0.0,0.2615461813720082,0.4601678,0.11504195,0.0,0.0
2219,11.095,finite_support,0.008806863571741985,0.49260168825146533,0.00011963171100564822,0.00022384560262135757,0.0018326784861455482,0.0,0.2596368239642978,0.4429432,0.1107358,0.0,0.0
2220,11.1,finite_support,0.003654054142598895,0.5175191839439826,0.00024693489274876085,0.00026097961416202695,0.0021318344499263236,0.0,0.25764453930493625,0.4514572,0.1128643,0.0,0.0
2221,11.105,finite_support,0.041177652954083044,0.5389776610064678,0.00012149172017654362,0.00046832962389364554,0.0044688044987631,0.0,0.2554862972165965,0.523814,0.1309535,0.0,0.0
2222,11.11,finite_support,0.057820828680554825,0.5642257877644253,0.00020819128161677584,0.0004705098747888932,0.00418951126519855,0.0,0.25332132610747865,0.4573624,0.1143406,0.0,0.0
2223,11.115,finite_support,0.03401488257726015,0.5851596284452509,0.0001750527892580454,0.0007012665902808208,0.006313504312664544,0.0,0.2512067791846583,0.4670206,0.11675515,0.0,0.0
2224,11.120000000000001,finite_support,0.008125961015181815,0.6151715930214254,0.00026817417533913724,0.00048360820628335233,0.004339983027427345,0.0,0.24896301514893046,0.48022560000000003,0.12005640000000001,0.0,0.0
2225,11.125,finite_support,0.02160789602800861,0.6425609869756106,0.0002721783604855135,0.0003904315672373161,0.003278389587623617,0.0,0.24675442206780554,0.45870879999999997,0.11467719999999999,0.0,0.0
2226,11.13,finite_support,0.010474796030557343,0.6612239547107811,0.00028408249690502424,0.0007021084006522851,0.0065738519774321555,0.0,0.24425052609026504,0.46497479999999997,0.11624369999999999,0.0,0.0
2227,11.135,finite_support,0.011172504588152776,0.6909033019384518,0.0002991407418181328,0.0004415855820470147,0.004204222339491347,0.0,0.24194469529803161,0.4593282,0.11483205,0.0,0.0
2228,11.14,finite_support,0.007019082537418342,0.7131566075087704,0.0003570438907381738,0.0005314211358024611,0.00479403735004923,0.0,0.23956128486269723,0.4623398,0.11558495,0.0,0.0
2229,11.145,finite_support,0.006843187128069417,0.7369951365459232,0.0003735644208412367,0.0005431203455068145,0.005451123006399781,0.0,0.23717443583164344,0.4707378,0.11768445,0.0,0.0
2230,11.15,finite_support,0.023232628321157023,0.7667358690372945,9.066166855078745e-05,0.00023633482048391374,0.0015666009981306376,0.0,0.2347754413257933,0.4463014,0.11157535,0.0,0.0
2231,11.155,finite_support,0.023497743334432997,0.7867112011895362,0.00025390399028447767,0.0003781535733584917,0.0015598202416697445,0.0,0.2323843169656304,0.43907979999999996,0.10976994999999999,0.0,0.0
2232,11.16,finite_support,0.030683046381430046,0.8107518849042792,4.733332146569627e-05,0.00024782521098418007,0.0018988255839116576,0.0,0.22987008336312398,0.45497600000000005,0.11374400000000001,0.0,0.0
2233,11.165000000000001,finite_support,0.011617472955860464,0.830859378268166,0.00013217939711786594,0.0002757132303308772,0.0016028472214470115,0.0,0.22736339172696868,0.4916172,0.1229043,0.0,0.0
2234,11.17,finite_support,0.025006256787474257,0.8465439810094705,0.0003500269251976375,0.0005010892505217656,0.004523045304387763,0.0,0.22505832610357845,0.46617299999999995,0.11654324999999999,0.0,0.0
2235,11.175,finite_support,0.024390192643330977,0.8653577493482418,0.00033154268813387865,0.0005212997423525527,0.005023897657198589,0.0,0.22267861477454712,0.45892340000000004,0.11473085000000001,0.0,0.0
2236,11.18,finite_support,0.02893756068100828,0.8825911381454369,0.0002925263429829905,0.0005589235102511667,0.005255890468713288,0.0,0.22151275441685375,0.4576188,0.1144047,0.0,0.0
2237,11.185,finite_support,0.029353897090800274,0.8987077690455458,0.00028835581044525096,0.000587702653121357,0.005493058825646919,0.0,0.22147080154769602,0.4676018,0.11690045,0.0,0.0
2238,11.19,finite_support,0.029231807252561026,0.9128819871277324,0.00031224989166379587,0.0006420441331677233,0.005914415251898294,0.0,0.2214165220416336,0.4567412,0.1141853,0.0,0.0
2239,11.195,finite_support,0.030772068226880833,0.9255320706783964,0.0002659839580063639,0.0007021875831912326,0.006645415429777404,0.0,0.2213548703133962,0.46682640000000003,0.11670660000000001,0.0,0.0
2240,11.200000000000001,finite_support,0.006366417115710732,0.942340490878937,0.00020339626050030996,0.00046502688159919203,0.002597762190227809,0.0,0.22128744609959589,0.44910079999999997,0.11227519999999999,0.0,0.0
2241,11.205,finite_support,0.011425271839726747,0.9519183673698779,0.00017872205152919015,0.0004989183967627857,0.003058744054017606,0.0,0.2212065268805989,0.4474176,0.1118544,0.0,0.0
2242,11.21,finite_support,0.023868387127867763,0.9601056264855964,0.00024346689608423922,0.0005479134422675525,0.005156163571089607,0.0,0.22112317011595875,0.47789719999999997,0.11947429999999999,0.0,0.0
2243,11.215,preference_clipping,0.009827162000819456,0.9773040039035509,2.2976968667647933e-10,2.3869479541241724e-11,1.5262488867195198e-09,0.0,0.22103351850386724,0.5748444,0.1437111,1.0,1.0
2244,11.22,preference_clipping,0.010535843725234528,0.9745981245816169,0.00023542496242357915,0.0003386302103782528,0.001402065201882748,0.0,0.22090347642244165,0.5694322,0.14235805,1.0,0.0
2245,11.225,preference_clipping,0.010278344148018093,0.9839247240174385,1.874935091884131e-10,1.2815503076662224e-10,1.912318351008756e-09,0.0,0.2208047088135236,0.5680256,0.1420064,1.0,1.0
2246,11.23,preference_clipping,0.027681312103622346,0.983763340384225,2.3019619647714253e-10,6.203396012117434e-11,1.2985630553498531e-09,0.0,0.22067733535983217,0.58839,0.1470975,1.0,1.0
2247,11.235,preference_clipping,0.08374224542972986,0.9811434658046193,2.1778389322333617e-10,1.1797217891834448e-10,1.8224246997837279e-09,0.0,0.22054157025338786,0.579904,0.144976,1.0,1.0
2248,11.24,preference_clipping,0.08032137142899298,0.9759656975247148,2.6319961863817367e-10,8.797734923826068e-11,1.795929303129261e-09,0.0,0.22039754479693796,0.5892276,0.1473069,1.0,1.0
2249,11.245000000000001,preference_clipping,0.06289682351334758,0.9061605683574269,2.8302004178453685e-10,5.608777728489108e-11,1.7507413546327995e-09,0.0,0.21983640945841462,0.5563634,0.13909085,1.0,1.0
2250,11.25,preference_clipping,0.061398048450955756,0.9092657896215266,2.5880348627106407e-10,4.385391248719677e-11,1.5723470911173429e-09,0.0,0.21976623378653573,0.5546724000000001,0.13866810000000002,1.0,1.0
2251,11.255,preference_clipping,0.06035662525327723,0.9161419013835761,2.627789469908694e-10,4.066333994006357e-11,1.5708864926853432e-09,0.0,0.21973108246630552,0.5627054,0.14067635,1.0,1.0
2252,11.26,preference_clipping,0.007572068493055806,0.9279787273760036,2.2229083356845193e-10,1.959598843106302e-10,2.1233689875739332e-10,0.0,0.21973921577715863,0.570364,0.142591,1.0,1.0
2253,11.265,finite_support,0.008400860736224036,0.9031389254392473,0.0002681248201786689,0.0002717877064940772,0.0007647745909670709,0.0,0.21953760231595004,0.47025680000000003,0.11756420000000001,0.0,0.0
2254,11.27,finite_support,0.005177883642681902,0.88081567938361,0.00027908657868899625,0.0002793168119650288,0.0008401892402660698,0.0,0.2193426803989468,0.5041728,0.1260432,0.0,0.0
2255,11.275,finite_support,0.003613596314538947,0.8534346801287354,0.00039274408777802556,0.000387244793735266,0.0010763872141367286,0.0,0.21913225135857106,0.47948419999999997,0.11987104999999999,0.0,0.0
2256,11.28,finite_support,0.0035175472343912384,0.8259446831937975,0.0003620612987279028,0.00035474173955362206,0.0010675513540065304,0.0,0.21892028371941818,0.46221540000000005,0.11555385000000001,0.0,0.0
2257,11.285,finite_support,0.038828829691459066,0.7927208722327099,0.00013783844406737675,0.0004593101910150238,0.004039033144932862,0.0,0.21870563185425473,0.47043500000000005,0.11760875000000001,0.0,0.0
2258,11.290000000000001,finite_support,0.038242758222326034,0.7541325762206372,0.00020447291260964145,0.0006797099061968306,0.006879978448188766,0.0,0.21846908532640333,0.4594062,0.11485155,0.0,0.0
2259,11.295,finite_support,0.03787993790166366,0.721401061945404,0.0001428214341215281,0.0004349500856578314,0.003930058267666787,0.0,0.21910715045871776,0.45317240000000003,0.11329310000000001,0.0,0.0
2260,11.3,finite_support,0.0021752275002930033,0.6850719687478339,0.00024821689960098534,0.00022577496933711268,0.0007523708475714498,0.0,0.22217937949753144,0.4601698,0.11504245,0.0,0.0
2261,11.305,finite_support,0.03724036859594458,0.6372428894541453,0.00013649880050903133,0.00042478855282954944,0.003793943679393523,0.0,0.22566249266887944,0.45159740000000004,0.11289935000000001,0.0,0.0
2262,11.31,finite_support,0.03708338297352641,0.5904420791243579,0.00013634109954374844,0.00041768328146085047,0.003727924515493999,0.0,0.22933783656152965,0.4579174,0.11447935,0.0,0.0
2263,11.315,finite_support,0.001543135929418961,0.5443314712359069,0.000263091537278783,0.00022244420647259315,0.0008166524912106213,0.0,0.23319781088908798,0.4538656,0.1134664,0.0,0.0
2264,11.32,finite_support,0.0369078202616091,0.48711223905082457,0.0001338187320496884,0.00040509474293023,0.0036090986078588555,0.0,0.23746705404604396,0.4563986,0.11409965,0.0,0.0
2265,11.325000000000001,solver_5ms,0.03685339715620585,0.4304993561209485,0.00013219522059991297,0.0003985947317166622,0.003550044244970392,0.0,0.2419152946621054,0.44224399999999997,0.11056099999999999,0.0,0.0
2266,11.33,preference_clipping,0.019245582905114134,0.0,2.553219539405978e-12,0.04384621543862475,0.0,0.0,0.19705301983974297,0.7140094,0.17850235,1.0,1.0
2267,11.335,preference_clipping,0.018892976072493184,0.0,2.553529316693456e-12,1.8444723031504662e-14,0.0,0.0,0.20010929259754856,0.6522026,0.16305065,1.0,1.0
2268,11.34,style_clipping,0.01836024665635705,0.1272719375609035,2.553367759138363e-12,1.8424892007259475e-14,0.0,0.0,0.2052273944073129,0.652922,0.1632305,0.0,1.0
2269,11.345,style_clipping,0.01772129110122478,0.12739755242033957,2.551738278201784e-12,1.8450985357795966e-14,0.0,0.0,0.20523064994870824,0.6561600000000001,0.16404000000000002,0.0,1.0
2270,11.35,preference_clipping,0.01704465457663673,0.0,2.5528851747127677e-12,0.043803704602893526,0.0,0.0,0.19707894776057447,0.6508862,0.16272155,1.0,1.0
2271,11.355,preference_clipping,0.0061014415742022265,0.0,2.5533952888901595e-12,0.043795876672493295,0.0,0.0,0.19708430402188928,0.6752302,0.16880755,1.0,1.0
2272,11.36,preference_clipping,0.03804305759302906,0.0,2.5535002851403463e-12,0.0437886043007875,0.0,0.0,0.19708938308736745,0.6562502,0.16406255,1.0,1.0
2273,11.365,preference_clipping,0.036205172193604085,0.0,2.553170224568162e-12,0.043781773738757544,0.0,0.0,0.19709420862226734,0.6662631999999999,0.16656579999999999,1.0,1.0
2274,11.370000000000001,style_clipping,0.005310940576208623,0.12786095492483307,2.551548886930292e-12,1.845989367453474e-14,0.0,0.0,0.20524247172271093,0.7208242,0.18020605,0.0,1.0
2275,11.375,style_clipping,0.00620583584520773,0.12793482901756092,2.5519286186487457e-12,1.8395859261820357e-14,0.0,0.0,0.20524434891115684,0.716356,0.179089,0.0,1.0
2276,11.38,style_clipping,0.030568658715424135,0.12800479469186643,2.551190926352802e-12,1.838744140657859e-14,0.0,0.0,0.20524612665268777,0.6490828000000001,0.16227070000000002,0.0,1.0
2277,11.385,style_clipping,0.005957201398842926,0.12807135813016002,2.5534191181564865e-12,1.8457694525216522e-14,0.0,0.0,0.2052478177748657,0.6845918,0.17114795,0.0,1.0
2278,11.39,preference_clipping,0.005957945248269425,0.0,2.5520033174040787e-12,0.043752309286180305,0.0,0.0,0.19711531078719507,0.6825640000000001,0.17064100000000001,1.0,1.0
2279,11.395,preference_clipping,0.0059608318281334505,0.0,2.552553866276319e-12,1.8441980188989333e-14,0.0,0.0,0.20199152796893147,0.6819308,0.1704827,1.0,1.0
2280,11.4,preference_clipping,0.005995015595061659,0.0,2.551276060374124e-12,0.04374220116261896,0.0,0.0,0.19712259536626625,0.6844998,0.17112495,1.0,1.0
2281,11.405,preference_clipping,0.006009415187691047,0.0,2.552322426513326e-12,1.844504998668684e-14,0.0,0.0,0.19982443626734045,0.6879422,0.17198555,1.0,1.0
2282,11.41,style_clipping,0.018789725331203044,0.12836388146588262,2.552831019934797e-12,1.845816294846312e-14,0.0,0.0,0.20525524362771475,0.6776828,0.1694207,0.0,1.0
2283,11.415000000000001,style_clipping,0.017355983317202117,0.12841568200832698,2.5501694868004463e-12,1.8415699549319972e-14,0.0,0.0,0.20525655693211323,0.6519921999999999,0.16299804999999998,0.0,1.0
2284,11.42,preference_clipping,0.00608164629767316,0.0,2.5506797369366925e-12,0.04372425795368118,0.0,0.0,0.1971355584072125,0.6816924,0.1704231,1.0,1.0
2285,11.425,preference_clipping,0.006090417059567699,0.0,2.5496519565907292e-12,0.04372019554896238,0.0,0.0,0.1971384996252037,0.6843154,0.17107885,1.0,1.0
2286,11.43,preference_clipping,0.013243628416148567,0.0,2.5512910969647883e-12,1.8425265818661584e-14,0.0,0.0,0.19712580184255316,0.6435442,0.16088605,1.0,1.0
2287,11.435,style_clipping,0.01324018672477223,0.128604441425478,2.5501022140794827e-12,1.8454307576378024e-14,0.0,0.0,0.205261336924096,0.6404786,0.16011965,0.0,1.0
2288,11.44,preference_clipping,0.014071566134532532,0.0,2.549657036517057e-12,0.043708913085053785,0.0,0.0,0.19714670021414524,0.6423177999999999,0.16057944999999998,1.0,1.0
2289,11.445,preference_clipping,0.006158140664069833,0.0,2.550396736893959e-12,0.04370543372991833,0.0,0.0,0.19714921166832855,0.6879824,0.1719956,1.0,1.0
2290,11.450000000000001,preference_clipping,0.006188527468253824,0.0,2.5499900503699175e-12,0.04370208583104425,0.0,0.0,0.19715164706345079,0.6668884,0.1667221,1.0,1.0
2291,11.455,preference_clipping,0.004274625098332763,0.0,2.551323489726352e-12,0.04369886420758422,0.0,0.0,0.19715399288528251,0.7615092,0.1903773,1.0,1.0
2292,11.46,preference_clipping,0.005627964760890336,0.0,2.5489061818187504e-12,1.843340721990829e-14,0.0,0.0,0.2012039369558479,0.6861268,0.1715317,1.0,1.0
2293,11.465,style_clipping,0.006933276175402625,0.12884017800323566,2.5525594015015104e-12,1.8471747277341766e-14,0.0,0.0,0.20526729338855407,0.666127,0.16653175,0.0,1.0
2294,11.47,style_clipping,0.00816944289994126,0.1288746759590339,2.550338604465111e-12,1.8507148597436367e-14,0.0,0.0,0.20526816385203864,0.6695214,0.16738035,0.0,1.0
2295,11.475,preference_clipping,0.006327227630720245,0.0,2.5484375294045015e-12,0.043687144859083225,0.0,0.0,0.19716254642301875,0.6675196,0.1668799,1.0,1.0
2296,11.48,style_clipping,0.006362299576068153,0.12893999763738984,2.5514453413553557e-12,1.841788367769275e-14,0.0,0.0,0.20526981125125165,0.6792136000000001,0.16980340000000002,0.0,1.0
2297,11.485,preference_clipping,0.019258394878818308,0.0,2.549902311091512e-12,1.844211730306337e-14,0.0,0.0,0.1971521131988529,0.6399776,0.1599944,1.0,1.0
2298,11.49,style_clipping,0.01958637696475307,0.1290007049447196,2.549402762370358e-12,1.8408535367417403e-14,0.0,0.0,0.20527134133682656,0.64227,0.1605675,0.0,1.0
2299,11.495000000000001,style_clipping,0.007292699777394773,0.12902942896664238,2.54932864652104e-12,1.8472921984412443e-14,0.0,0.0,0.20527206499884562,0.7389546,0.18473865,0.0,1.0
2300,11.5,preference_clipping,0.01840164687294532,0.0,2.5492067608754592e-12,0.04367480312572214,0.0,0.0,0.19717159067026152,0.6426384,0.1606596,1.0,1.0
2301,11.505,style_clipping,0.01883452283024667,0.12908380673980657,2.5492853603443674e-12,1.960095682439915e-14,0.0,0.0,0.20527343443999,0.6411676000000001,0.16029190000000001,0.0,1.0
2302,11.51,style_clipping,0.006457578916041484,0.12910953212171872,2.5481077294554452e-12,1.850814950095668e-14,0.0,0.0,0.20527408206679426,0.6801834,0.17004585,0.0,1.0
2303,11.515,preference_clipping,0.019499823977753294,0.0,2.5490925884508743e-12,1.84439911648421e-14,0.0,0.0,0.19851454199761798,0.6567794,0.16419485,1.0,1.0
2304,11.52,preference_clipping,0.019915302740258767,0.0,2.549109338888057e-12,0.04366648926909318,0.0,0.0,0.197177712503635,0.6435761999999999,0.16089404999999998,1.0,1.0
2305,11.525,preference_clipping,0.020299573133542026,0.0,2.5489956100946388e-12,0.043664600939282455,0.0,0.0,0.1971790966866707,0.6474498,0.16186245,1.0,1.0
2306,11.53,style_clipping,0.006533396046393136,0.12920345599767669,2.548850168886092e-12,1.8415200229268947e-14,0.0,0.0,0.20527644530672545,0.6876515999999999,0.17191289999999998,0.0,1.0
2307,11.535,preference_clipping,0.020983637050164816,0.0,2.548315584652689e-12,0.0436610327642568,0.0,0.0,0.19718172832760178,0.6953060000000001,0.17382650000000002,1.0,1.0
2308,11.540000000000001,preference_clipping,0.021310953002284805,0.0,2.547296376458351e-12,0.0436593477296445,0.0,0.0,0.19718297225545503,0.6585044,0.1646261,1.0,1.0
2309,11.545,style_clipping,0.006605693769756726,0.1292653299232196,2.5502129934782956e-12,1.846989657525752e-14,0.0,0.0,0.20527800108513874,0.687265,0.17181625,0.0,1.0
2310,11.55,preference_clipping,0.006553602105441314,0.0,2.5486441627644158e-12,1.8429299849750895e-14,0.0,0.0,0.20122525747620504,0.688381,0.17209525,1.0,1.0
2311,11.555,preference_clipping,0.02223091710717995,0.0,2.548340069463896e-12,1.8431329930032153e-14,0.0,0.0,0.19717320103151345,0.647081,0.16177025,1.0,1.0
2312,11.56,preference_clipping,0.006530864737896991,0.0,2.5496794956326397e-12,0.04365321194195608,0.0,0.0,0.19718750810275887,0.7102664,0.1775666,1.0,1.0
2313,11.565,preference_clipping,0.006546874153912086,0.0,2.548854821589916e-12,0.04365181798832627,0.0,0.0,0.19718853994447527,0.6975964,0.1743991,1.0,1.0
2314,11.57,style_clipping,0.02326945303110506,0.12935432240388922,2.549946153954628e-12,1.836279151018957e-14,0.0,0.0,0.20528023734713782,0.6454058,0.16135145,0.0,1.0
2315,11.575000000000001,style_clipping,0.02352715799958105,0.129370221341495,2.5485952240547975e-12,1.849712235883876e-14,0.0,0.0,0.20528063669834293,0.650285,0.16257125,0.0,1.0
2316,11.58,style_clipping,0.02377603669501127,0.12938553933041597,2.5484553798457238e-12,1.8414178358889763e-14,0.0,0.0,0.20528102141015842,0.7017021999999999,0.17542554999999999,0.0,1.0
