time_s,root_x_m,root_y_m,root_z_m,roll_rad,pitch_rad,yaw_rad,virtual_pitch_rad,angular_speed_radps,linear_speed_mps,force_x_n,contacts,status,controller_step_ns,plant_step_ns,loop_ns,torque_utilization,dynamics_residual,contact_residual,q_left_hip,q_left_knee,q_left_wheel,q_right_hip,q_right_knee,q_right_wheel,v_left_hip,v_left_knee,v_left_wheel,v_right_hip,v_right_knee,v_right_wheel,tau_left_hip,tau_left_knee,tau_left_wheel,tau_right_hip,tau_right_knee,tau_right_wheel
0.0,0.014799506307338641,0.0,0.5393262157295499,0.0,0.0,0.0,-2.0419989583692627e-06,0.0,0.0,0.0,4,Solved,202853,152719,612708,0.06454776851999044,1.3500311979441904e-12,7.620640229966114e-14,0.3629274758349686,-0.6411483720759341,0.0,-0.36292747583496926,0.641148372075935,0.0,0.0,0.0,0.0,0.0,0.0,0.0,0.15687589906713884,1.032758155254713,0.0007258474396930467,-0.15687431965188647,-1.0327642963198471,-0.0007258610950101203
0.005,0.014799560029226739,4.000978036813937e-13,0.5393259379290672,-6.675727421789372e-13,-2.722233643366026e-07,-3.6318495465620846e-12,-4.70529953673651e-06,9.249904574449654e-05,9.612396155311753e-05,0.0,4,NumericalOrInvalid,199497,114396,472643,0.06562778454291707,5.670452907224899e-08,6.076907639113649e-08,0.362921579829485,-0.641132871156275,2.8856371215413487e-05,-0.3629215797329214,0.6411328708875647,-2.885679079000324e-05,-0.0015628082995723506,0.004270158283765526,0.008340062447866177,0.001562834742096856,-0.0042702316639178905,-0.008340177634675868,0.15687589906713884,1.032758155254713,0.0007258474396930467,-0.15687431965188647,-1.0327642963198471,-0.0007258610950101203
0.01,0.01479963631715271,1.315840995673406e-12,0.5393254275917915,-2.2666369603244374e-12,-7.72277905404754e-07,-8.447742255382816e-12,-1.0656063206631619e-05,9.616451331665423e-05,9.845392105785348e-05,0.0,4,NumericalOrInvalid,204536,111050,453497,0.06894745898733694,5.012492309456856e-07,8.755689778051683e-08,0.36291407044368756,-0.6411098292269125,7.974298606091087e-05,-0.36291407020944777,0.6411098285733356,-7.974402584858013e-05,-0.001349642178416769,0.004585825702727838,0.011050658253751856,0.0013496686491896647,-0.004585900469783041,-0.01105078170851253,0.15687589906713884,1.032758155254713,0.0007258474396930467,-0.15687431965188647,-1.0327642963198471,-0.0007258610950101203
0.015,0.014799649669964,2.3172367061463034e-12,0.5393250374669951,-4.062546588542258e-12,-1.163669050394922e-06,-1.1363047566158375e-11,-1.7916429510547275e-05,6.475223414064704e-05,6.304047723200708e-05,0.0,4,NumericalOrInvalid,193816,109917,430443,0.0680443039913855,3.9674961257504153e-07,4.2307675092716646e-07,0.3629091907323617,-0.6410886735835195,0.00013930068521108657,-0.3629091903864678,0.6410886726033227,-0.0001393022972665756,-0.0007103817633921194,0.003959354101781233,0.012438307072808668,0.0007104009889097686,-0.003959412397202088,-0.012438414705425763,0.15687589906713884,1.032758155254713,0.0007258474396930467,-0.15687431965188647,-1.0327642963198471,-0.0007258610950101203
0.02,0.014799581774318444,3.2711884681492722e-12,0.5393248424462878,-5.788119580344726e-12,-1.382724122455237e-06,-1.3377138341366058e-11,-2.614804362954532e-05,3.0252214729947803e-05,3.079764108065474e-05,0.0,4,NumericalOrInvalid,227039,111852,473745,0.06503693066677395,1.9817125032447565e-07,3.683394813142543e-08,0.36290760234543246,-0.6410708275316269,0.0002056217481577852,-0.3629076019272327,0.6410708263121598,-0.000205623850719739,-6.603684062615189e-05,0.0033337062473552297,0.013853779535906942,6.604824020724884e-05,-0.003333747530066299,-0.013853871984945606,0.15687589906713884,1.032758155254713,0.0007258474396930467,-0.15687431965188647,-1.0327642963198471,-0.0007258610950101203
0.025,0.014799434585458454,4.15218233794478e-12,0.5393248340239846,-7.377809833398418e-12,-1.4418108046221234e-06,-1.5388524619905425e-11,-3.5495074652599476e-05,1.9228899286782033e-07,3.746596400298626e-05,0.0,4,Solved,188496,108916,424933,0.06489054521997398,7.1049815833817336e-09,5.207336532515958e-09,0.36290895742897555,-0.6410554404866666,0.0002800677206556383,-0.36290895697394515,0.6410554391019349,-0.000280070256291132,0.00048160725173334543,0.002940590124169764,0.015632600129937575,-0.00048160236573042514,-0.0029406182710424475,-0.01563268376642162,0.15718207997658684,1.0382487235195836,-0.0007964376565424774,-0.1576353571523568,-1.0309256965466054,0.0005591051559457963
0.03,0.014799302428082417,-1.2389104117739818e-07,0.5393249855382717,2.317610722382996e-07,-1.0701071192359656e-06,-3.5068829422026115e-08,-4.5013809094119655e-05,0.0001695483299357491,6.539682461814485e-05,0.0,4,Solved,186121,115629,424411,0.06483023873874522,5.7191584801330464e-11,9.910200047744122e-12,0.3629106836589176,-0.6410407670609028,0.0003493189810264608,-0.36291174623801237,0.6410428115763397,-0.00034808317795157915,0.0002512433077580408,0.0029440105583662577,0.01269665150019004,-0.0005879682599524767,-0.002293804734777325,-0.012309071934089335,0.15506180443018217,1.028200370853195,0.00031496218749442565,-0.15877223799560544,-1.0372838198199235,0.0007335958272279258
0.035,0.01479925973901974,-2.766784265153261e-07,0.5393252026037278,5.15900446747248e-07,-1.304246676934916e-07,-7.61423719538622e-08,-5.273343293521275e-05,0.0001985869640681841,4.049949945194033e-05,0.0,4,Solved,189518,112883,646862,0.06458878664289498,1.3926637620897964e-12,3.952134301245247e-13,0.36291332318917086,-0.6410295202414996,0.0004070469387450727,-0.3629144914659379,0.6410324873560201,-0.0004023564537405069,0.0006950647081208931,0.0018247497050459286,0.010828173511669323,-0.0005229196177545587,-0.0019172534273642077,-0.009904257779262505,0.15715072912086356,1.0334205862863197,-0.0002331226158206031,-0.15677234839080675,-1.0327777521593497,0.00011319842457482062
0.04,0.014799216120989129,-2.3610378589324714e-07,0.5393253885605348,4.397258986591418e-07,9.107929547244188e-07,-9.191295620348391e-08,-5.9304806528607606e-05,0.0002134134475690885,3.8853762181302944e-05,0.0,4,Solved,183717,109407,414232,0.06456366081970291,1.0602076947306602e-12,8.719816928519537e-14,0.362916872417849,-0.6410214912854458,0.00045655080342661426,-0.36291729075178564,0.6410240974644135,-0.0004477211671798055,0.0007143726567010647,0.0014729144913158253,0.009303871570922377,-0.0005786109421059417,-0.0015345084104560714,-0.008545178964790404,0.1569851954592871,1.0330185731152466,-0.00013311283703066452,-0.15685465023960213,-1.032932068238019,6.176292344417215e-05
0.045,0.014799168497765584,-1.9552850408081028e-07,0.5393255688491334,3.642942439516504e-07,1.9787938289806537e-06,-9.757691569936186e-08,-6.507691519587314e-05,0.00021260757040534226,3.767403062794699e-05,0.0,4,Solved,181543,107363,409003,0.06456030345326637,2.0739211986383323e-12,2.1066452076702602e-13,0.36292050492075206,-0.6410150195830319,0.0004996016084590724,-0.36292029880692217,0.6410172613848464,-0.00048764154600837743,0.000730837246652626,0.0011854593805033617,0.008164748293065727,-0.0006136163572170397,-0.0012651248376207211,-0.007626405065490961,0.15695516073521537,1.032964855252262,-8.752989694855671e-05,-0.15686403728129278,-1.0329050197722434,3.1977993113494506e-05
0.05,0.01479910712252522,-1.488655001104305e-07,0.5393257352670414,2.7776342473199936e-07,3.024330028506284e-06,-1.0275856344178837e-07,-7.027945702597094e-05,0.0002078411242209873,3.602700463558277e-05,0.0,4,Solved,174409,107353,436545,0.06455782113237701,1.0516544109559918e-12,7.848178357067813e-14,0.3629241997142983,-0.6410097556072346,0.0005378145144499264,-0.3629234579678892,0.6410115680717855,-0.0005236775054729112,0.0007420117282789831,0.0009713711339117192,0.007306824915810584,-0.0006420736780815202,-0.0010604137709600862,-0.006939062818130109,0.1569182267430735,1.0329251381180322,-5.0550930125517245e-05,-0.1568878435276651,-1.032899153534964,2.7021406422950427e-05
0.055,0.014799029529532232,-1.0129575471248988e-07,0.5393258846019044,1.8963280396770945e-07,4.043412384447118e-06,-1.075453163360296e-07,-7.505803113207443e-05,0.0002023342361251846,3.435310140436191e-05,0.0,4,Solved,180100,111651,460390,0.06455798502094737,2.0717224103811277e-12,2.1431193950559313e-13,0.3629279437661305,-0.6410054006264275,0.0005723871022030678,-0.36292673100728223,0.641006774651675,-0.0005566016386738196,0.0007519279119632177,0.0008088489871138433,0.006661909367155733,-0.0006619588527805496,-0.000894869647402378,-0.006356967011356165,0.15693246218806384,1.0329277603351579,-4.9439894439692246e-05,-0.15686520612448268,-1.0328736602804536,6.904442074828551e-06
0.06,0.014798934127931804,-5.675659689328039e-08,0.5393260152596228,1.0717729631502113e-07,5.0341761440372515e-06,-1.1254232975014919e-07,-7.950347391554755e-05,0.00019648575502696,3.318621867004087e-05,0.0,4,Solved,178337,107273,406228,0.0645566066593494,2.070604608244657e-12,2.1268382020822596e-13,0.3629317094272191,-0.641001758989032,0.0006039571471142326,-0.36293010267454395,0.6410027180823337,-0.00058699438856333,0.0007531992012502891,0.0006779481409776915,0.006088986505518709,-0.0006820864169189584,-0.0007582814405823256,-0.005898986990134647,0.15690681098977544,1.0329057065495904,-3.32279122991344e-05,-0.1568832676252054,-1.032883891089696,1.381563399734625e-05
0.065,0.014798819680570865,-1.7584737565599137e-08,0.5393261266811148,3.4716980345920916e-08,5.994550283325863e-06,-1.1809222164528091e-07,-8.367254967576468e-05,0.00018995256698756892,3.2900696178879946e-05,0.0,4,Solved,183757,109286,413290,0.06455646258267136,2.0592328425126765e-12,2.1100355078636224e-13,0.36293547699045237,-0.6409986969607735,0.000632961687515412,-0.36293355172144504,0.6409992914639152,-0.0006151673421585587,0.0007533899288893746,0.0005709625393326763,0.005614064416700435,-0.0006948136828151894,-0.0006385869092532196,-0.005463247195406895,0.15687837666195226,1.0328842990857159,-1.874617956237785e-05,-0.15690792313805613,-1.0329034013227418,2.704480416858094e-05
0.07,0.014798685195038701,1.423294011813095e-08,0.5393262188928,-2.4108354508708788e-08,6.922682447310773e-06,-1.225427961494841e-07,-8.759992248797872e-05,0.00018339594598494613,3.365583023142136e-05,0.0,4,Solved,185440,107954,414272,0.0645566904357555,1.0486536396428736e-12,7.971228463853869e-14,0.36293924895818586,-0.6409961175830542,0.0006598314238796934,-0.36293704283686296,0.6409964280893402,-0.0006411437935147389,0.0007550107548419943,0.0004806774095325761,0.005217918975142685,-0.0007005515172442874,-0.0005301712365690125,-0.005020823825056813,0.15690578692278156,1.032907046972088,-3.5158044722197114e-05,-0.156876095091242,-1.0328832724942976,1.3441494178029548e-05
0.075,0.014798529993924366,3.809739860694395e-08,0.5393262922970273,-6.818481014938919e-08,7.818123807972547e-06,-1.2670337459860605e-07,-9.130761019846561e-05,0.00017652637179098576,3.554618864034796e-05,0.0,4,Solved,173328,109787,410706,0.06455652953133588,1.0469587653615286e-12,8.905091952318268e-14,0.36294300289342746,-0.6409939633026022,0.0006846509983216052,-0.362940567655225,0.6409940687117562,-0.0006651123174757284,0.000748154212667772,0.0003987273491545439,0.004798136564930974,-0.0007080289390983282,-0.00043410118580873526,-0.0046456314915779865,0.15689651761889453,1.032904472501374,-3.388789075211602e-05,-0.15688253395490498,-1.0328933837097922,2.0353911088196582e-05
0.08,0.014798353351892744,5.445856255422456e-08,0.5393263475866494,-9.833901158006741e-08,8.679044585611712e-06,-1.313863377148053e-07,-9.480905604913707e-05,0.00016945297616977712,3.839959503651451e-05,0.0,4,Solved,180020,107694,407440,0.0645567039502988,2.0669875202736233e-12,2.129849573616338e-13,0.3629467184767372,-0.6409921931276238,0.0007074495594013638,-0.3629441158613097,0.6409921657041271,-0.0006872065751833133,0.0007400454313033532,0.000324977140860888,0.004403656575694809,-0.000710926357531437,-0.0003458372588735169,-0.004270713930040815,0.15689427516238663,1.0329072632047809,-3.687423891683917e-05,-0.15688248596983068,-1.032899817607017,2.425224724612557e-05
0.085,0.014798154744366248,6.37985742221606e-08,0.5393263855910371,-1.1548642865437709e-07,9.504702680075262e-06,-1.3576171810662258e-07,-9.811268744077343e-05,0.00016230789706910052,4.1992255122575986e-05,0.0,4,Solved,177826,108394,404273,0.06455728827375301,1.0573849455172095e-12,7.852902847443758e-14,0.36295038727502393,-0.640990774836248,0.0007282997594663961,-0.36294766919293925,0.6409906822775391,-0.0007074485926414776,0.0007299351772536156,0.0002566164654596617,0.00401677649399734,-0.0007107431489272144,-0.0002646776851117278,-0.003902938417803592,0.1569003146683511,1.0329166123800482,-4.4357906168431276e-05,-0.15687475906699253,-1.0329013313769058,2.4272575531562e-05
0.09,0.014797933745696127,6.715551287997055e-08,0.5393264071788372,-1.2155392393581157e-07,1.0294846987007953e-05,-1.3997240029499788e-07,-0.00010122387875994716,0.00015519450573536585,4.6109807984688916e-05,0.0,4,Solved,175100,109547,417638,0.06455811350226916,1.0500630735977776e-12,7.969375658691089e-14,0.3629539963659201,-0.64098968742324,0.0007471903375026739,-0.36295121706717853,0.640989583577561,-0.0007259037537221312,0.0007168254722180422,0.0001917448945334241,0.0036212151884967097,-0.0007090666580458138,-0.0001904212833146699,-0.0035522049152139,0.15686835177814526,1.0329004906944022,-3.225790544711639e-05,-0.15690529781520712,-1.0329298160363065,4.406291577833913e-05
0.095,0.014797690006337018,6.544482230142981e-08,0.5393264132618049,-1.1825777566314837e-07,1.1049512072211825e-05,-1.4309902977443884e-07,-0.00010414627012372419,0.00014809801005861528,5.058833074099036e-05,0.0,4,Solved,177635,108104,409563,0.0645576504850289,2.066401526965758e-12,2.1305549826548115e-13,0.362957550717233,-0.6409889067827189,0.000764252702891016,-0.3629547322329203,0.6409888451481546,-0.0007424714980529814,0.0007073200521875824,0.00013257534256372737,0.0032750601745214704,-0.0006993237831700004,-0.00011978683382114931,-0.003156868450918124,0.15688832736000807,1.032920054271087,-4.68865639328139e-05,-0.15688366610335333,-1.0329224077604624,3.675763119750281e-05
0.1,0.014797423171869294,5.969469681833775e-08,0.5393264047721555,-1.0750695112840356e-07,1.1768399629092865e-05,-1.4515563200757374e-07,-0.00010688247403115708,0.00014090668925226252,5.5322211890369186e-05,0.0,4,Solved,184398,111931,426947,0.06455826995156363,2.05456810124857e-12,2.11806510915305e-13,0.36296104144409336,-0.6409884189722649,0.0007794810044201825,-0.3629582017136955,0.6409884378195544,-0.000757176206128928,0.0006924925108428596,7.437115741724642e-05,0.0028944941496445663,-0.0006905709713294982,-5.6384259894292394e-05,-0.0027989785419411813,0.15688347506174238,1.0329231049855592,-4.84551924271872e-05,-0.15688714729758255,-1.0329323192250182,4.224845802317475e-05
0.105,0.014797132874681363,5.15032291200884e-08,0.5393263826256597,-9.224678116528811e-08,1.2450902729953373e-05,-1.471116411662585e-07,-0.00010943450285317171,0.00013360503333825058,6.0228826125224287e-05,0.0,4,Solved,174740,107944,402551,0.06455900659398763,1.0514936986228526e-12,8.387783253096875e-14,0.36296445552922735,-0.6409882132945176,0.0007928242337475464,-0.36296161751534045,0.6409883329447151,-0.0007700811133987505,0.0006768172606624513,1.9067476798328273e-05,0.0025196103629960835,-0.0006785369841046558,2.241197133168509e-06,-0.0024374987156802596,0.15687646747529024,1.0329246897159339,-4.857464379065716e-05,-0.15689326716150875,-1.032944105503802,4.8808823549256416e-05
0.11,0.014796818817780829,4.187439995666611e-08,0.5393263477256032,-7.434734617201317e-08,1.309678438690233e-05,-1.4841245748664662e-07,-0.0001118039833772204,0.00012630945613063667,6.524142968564359e-05,0.0,4,Solved,174440,114627,408060,0.06455913594726838,1.0614047830211654e-12,8.567444908821323e-14,0.3629677905722527,-0.6409882753974252,0.00080432115262237,-0.3629649632452092,0.6409885083798446,-0.0007811566663373988,0.0006609066146647377,-3.336958417171682e-05,0.0021539080067692414,-0.0006632174808421329,5.6667423672230035e-05,-0.002068539694213367,0.1568833374505022,1.0329364954059015,-5.557300068093755e-05,-0.1568854695618435,-1.032946175156294,4.8001237113606476e-05
0.115,0.014796480756343591,3.17825131858615e-08,0.5393263009584423,-5.5610070514064834e-08,1.3706037302992159e-05,-1.4925736199115853e-07,-0.00011399254555995164,0.00011896214752267256,7.03264957044748e-05,0.0,4,Solved,179600,108245,406979,0.06456037162551125,2.047515902996474e-12,2.1077880245226957e-13,0.3629710377281025,-0.6409885937242403,0.000813953224978121,-0.362968229636885,0.6409889406742061,-0.0007904306355785156,0.0006422132979778098,-8.383489947247454e-05,0.0017760212192393739,-0.0006469842721433776,0.0001060936781022309,-0.0017137277589284942,0.1568651460672051,1.0329308291584414,-4.929219786603705e-05,-0.15690307297759792,-1.03296594600818,5.998221597047639e-05
0.12,0.014796118458326771,2.1948120662459886e-08,0.5393262432060653,-3.737245403251926e-08,1.4278523229134676e-05,-1.4942998057340027e-07,-0.00011600171402599117,0.00011161806999712865,7.545666370244441e-05,0.0,4,Solved,177375,107924,404003,0.06455984998219731,2.053557156530399e-12,2.1102954453344758e-13,0.3629741966200335,-0.6409891525149326,0.000821780843831364,-0.36297139987912674,0.640989611865372,-0.000797853221195914,0.000625221878083794,-0.0001303922235792171,0.0014262126150929291,-0.0006257790214111889,0.00015282489003549477,-0.0013330752319744544,0.15688618163070928,1.0329531123096172,-6.283527355614813e-05,-0.15688156191079644,-1.032957599715157,5.155133881002628e-05
0.125,0.014795731744820491,1.2924001041848876e-08,0.5393261753126233,-2.0651366697764412e-08,1.4814394567434963e-05,-1.4927378823553523e-07,-0.00011783308166497094,0.00010429997665794079,8.060957072385442e-05,0.0,4,Solved,188717,109467,417038,0.06456033903577352,2.049826602983749e-12,2.1022795320974758e-13,0.36297725562456484,-0.6409899411665266,0.0008277606695993431,-0.36297447015070217,0.6409905007075575,-0.0008034803342572639,0.0006032612701869186,-0.00017596095223445022,0.0010435401986003908,-0.0006065709091075123,0.00019432275637886538,-0.0009879970305080414,0.15688521615403556,1.0329593601263456,-6.479177882358657e-05,-0.15688202009754648,-1.0329654245723763,5.4138143651570534e-05
0.13,0.01479532044446901,5.435102929863482e-09,0.5393260980944893,-6.773758251832462e-09,1.531368958067747e-05,-1.4957793375742558e-07,-0.00011948839295409795,9.695484301251584e-05,8.578095864492873e-05,0.0,4,Solved,178327,109757,416257,0.06456127357865026,2.0462149512668623e-12,2.0999846487928207e-13,0.36298020122905905,-0.6409909490076316,0.0008318355237383844,-0.3629774388974176,0.6409915870061889,-0.0008073846729704406,0.0005800691502656211,-0.00021866461762155942,0.000663486791806734,-0.0005855502779518996,0.000232538935281412,-0.0006436756426028559,0.15687392778542353,1.0329585902579097,-6.105154847834463e-05,-0.15689323399733682,-1.032980377258404,6.192562272132478e-05
0.135,0.01479488441284939,-4.5407347333665635e-10,0.5393260123478372,4.130186901849182e-09,1.577647408105276e-05,-1.4961593342044109e-07,-0.00012096939860151017,8.967785226676251e-05,9.095307758498318e-05,0.0,4,Solved,173969,114266,408802,0.06456133466637652,1.045101292255675e-12,8.211265736027031e-14,0.362983033060018,-0.6409921593037098,0.0008340688868257045,-0.3629802928668797,0.6409928577605202,-0.0008095210455850674,0.0005575766423284646,-0.00025771499746164646,0.00030282367328781,-0.0005613146883062929,0.00026858907001833863,-0.000283818587772442,0.15688194563179866,1.0329714915144033,-6.68880570598267e-05,-0.156885080383423,-1.0329813546620243,5.951436885681417e-05
0.14,0.014794423555878214,-4.790918803883895e-09,0.5393259188308088,1.2150514774667362e-08,1.620308392064824e-05,-1.4942244534080818e-07,-0.0001222780462338963,8.244482333445153e-05,9.612074309979012e-05,0.0,4,Solved,181673,108044,411648,0.06456156214124399,1.0420494897925792e-12,8.295608863078866e-14,0.36298574452859717,-0.6409935581962141,0.0008344680093596496,-0.3629830262853937,0.6409942984382369,-0.0008099035383337017,0.0005324452524612822,-0.0002945546233005641,-6.819217091961727e-05,-0.0005372717393176629,0.00030126121526657067,6.113537815565287e-05,0.15688779314363646,1.0329825270588617,-7.132017747712707e-05,-0.15687962493316607,-1.0329849942599039,5.813294710043474e-05
0.145,0.01479393780957921,-7.452558135184434e-09,0.5393258182858971,1.7072025745923793e-08,1.6593900767321018e-05,-1.4960837469651255e-07,-0.00012341635652986238,7.533662373691123e-05,0.00010126619243759968,0.0,4,Solved,175371,107573,400937,0.06456294375156214,1.0383551436735087e-12,8.500121046033824e-14,0.3629883241193401,-0.6409951336307812,0.0008329941776867176,-0.36298563924307264,0.6409958929931955,-0.000808595332077681,0.0005052220453940404,-0.00032885599191748757,-0.00044527194202096586,-0.0005131410448479003,0.000330826544613481,0.0003948957797171278,0.15686537963820835,1.0329741264891559,-6.094777342387299e-05,-0.1569018667821712,-1.0330071000249943,7.079943481574424e-05
0.15,0.014793427120236447,-8.76924498352008e-09,0.539325711445514,1.9495938596590105e-08,1.694917280842889e-05,-1.4946665646663775e-07,-0.00012438661225365984,6.818764422860537e-05,0.00010640471367677522,0.0,4,Solved,183367,109727,426877,0.0645629769005434,1.0486592869293044e-12,8.428145808357341e-14,0.36299077516686146,-0.6409968665207311,0.0008297510185625537,-0.36298811663532976,0.6409976330890816,-0.0008055208319622076,0.00048048810196285244,-0.00035853180976900715,-0.0007839405559424374,-0.0004840487550861648,0.00035963545427750615,0.000761135651041114,0.15687439640086728,1.0329877376953427,-6.633778250414203e-05,-0.15689329285138037,-1.0330076304086944,6.73224584576395e-05
0.155,0.014792891410727023,-9.220691666609822e-09,0.539325599011304,2.030789091860052e-08,1.7268788846161778e-05,-1.4878724014897014e-07,-0.00012519106124716286,6.108935337215766e-05,0.00011152034374644775,0.0,4,Solved,185109,109056,414092,0.06456319144975835,1.0433703024374113e-12,8.370080397840775e-14,0.36299309471943614,-0.6409987413690004,0.0008247834163061589,-0.3629904506375639,0.6409995077950827,-0.0008006661564656561,0.0004531509945077501,-0.0003860781341946382,-0.0011329826485131345,-0.00045561400051475097,0.00038534879310443774,0.001110614899020982,0.15687911323057463,1.0329977061057378,-6.92745414658602e-05,-0.15688894444584803,-1.0330110631961336,6.566770552477376e-05
0.16,0.014792330676500905,-8.82129997891051e-09,0.5393254816494346,1.954971175959992e-08,1.7553091981875742e-05,-1.4839629841680302e-07,-0.0001258321307801821,5.404513059756345e-05,0.00011661165691644828,0.0,4,Solved,142740,102363,369618,0.06456393394555594,1.0500356580143835e-12,8.524565941097295e-14,0.3629952724804812,-0.6410007469272997,0.0008180614742685142,-0.36299264242921,0.6410015033977153,-0.0007940949427563005,0.0004240980157862907,-0.0004113046321578643,-0.0014851702581519977,-0.00042715152909825123,0.0004085409143602053,0.0014499526868697766,0.15687223294601357,1.0329993451127508,-6.597587063837245e-05,-0.15689644108690334,-1.033022943128895,6.979313393734658e-05
0.165,0.014791744924017448,-7.78997936258379e-09,0.539325359988686,1.7623967926507536e-08,1.7802375686368804e-05,-1.4808811303320807e-07,-0.00012631235564193594,4.707465455482249e-05,0.00012167295591226496,0.0,4,Solved,141388,92054,359539,0.06456390631160609,2.0371249110363517e-12,2.0894648384011012e-13,0.36299730614740316,-0.6410028690683645,0.0008096252932500785,-0.3629946861279469,0.641003610071358,-0.0007858037704746402,0.0003954119251314085,-0.0004333855742821327,-0.0018219702495457133,-0.00039675495316277595,0.00043011838542937456,0.0017971083857049816,0.1568815725263536,1.0330130639786466,-7.063789772283346e-05,-0.156887878483326,-1.0330225009856975,6.545459016139112e-05
0.17,0.014791134200137088,-6.371620622953052e-09,0.5393252346377803,1.4985308803505913e-08,1.8017086235321842e-05,-1.4789445399154708e-07,-0.0001266343776842432,4.020337657736461e-05,0.00012669903426142622,0.0,4,Solved,145164,93286,357495,0.06456417786617458,1.0475778549138226e-12,8.348610804604464e-14,0.36299918956694216,-0.6410050958749366,0.000799477610978253,-0.3629965807477568,0.6410058165880468,-0.0007758293756163268,0.0003644497037895351,-0.0004535711727029119,-0.0021679925854402593,-0.000367298288045723,0.0004490461965760465,0.002126923263022579,0.1568860204060754,1.0330221166880973,-7.260284882898737e-05,-0.15688451591304514,-1.0330268458587932,6.339707565069068e-05
0.17500000000000002,0.01479049859502604,-4.600677420855249e-09,0.5393251061812917,1.1704602996191965e-08,1.8197860060032367e-05,-1.4820308424530665e-07,-0.0001268009339048211,3.3484634444856934e-05,0.00013168074258681787,0.0,4,Solved,138531,83698,330344,0.06456446562207901,1.0572878980711786e-12,8.158535646748004e-14,0.363000914425709,-0.641007417193432,0.0007875955424024085,-0.3629983286079296,0.6410081106534924,-0.0007642367267751572,0.00033221898491469614,-0.0004716389258831206,-0.002515556221751837,-0.00033800182759533156,0.00046563606153987607,0.0024465743449625914,0.1568886137600852,1.0330294955829313,-7.32286790609615e-05,-0.15688308387919336,-1.0330314499532642,6.202867036001085e-05
0.18,0.014789838250218462,-2.5677350623149687e-09,0.5393249751516821,7.948306831175082e-09,1.8345667550072404e-05,-1.4893720705949963e-07,-0.0001268148042417534,2.6991719558685585e-05,0.0001366139440885867,0.0,4,Solved,131248,83437,321257,0.06456550895083822,2.0398835545626047e-12,2.0839507894397473e-13,0.3630024763820173,-0.6410098230318947,0.0007739815440054763,-0.36299993058737295,0.641010482351292,-0.000751067687072007,0.00029938655310558863,-0.00048779219286919427,-0.00286128478761449,-0.00030889064153170225,0.0004804713492904643,0.0027590283136853366,0.1568750277500519,1.033026350360179,-6.543972219196679e-05,-0.15689746868229493,-1.0330481432134115,6.877736367638788e-05
0.185,0.014789153274765387,-5.731419302234395e-10,0.5393248420777609,4.2623625214636785e-09,1.84609933625833e-05,-1.494976183654687e-07,-0.00012667919642929217,2.0447974646184556e-05,0.00014151579441521557,0.0,4,Solved,130096,81955,315716,0.06456631960904405,1.0394787307239727e-12,8.192268299106277e-14,0.3630038785753998,-0.6410122986745083,0.0007587214641104507,-0.36300137724209264,0.6410129246467241,-0.0007362845803715263,0.0002679932317794653,-0.000500337248745659,-0.0031797029529614415,-0.00027651601446325013,0.0004941087616364404,0.0030887510820423168,0.15686645157492604,1.0330260791436894,-5.980905906734637e-05,-0.15690731782882705,-1.0330611137447048,7.289941100209201e-05
0.19,0.014788443742803605,9.586149529570476e-10,0.5393247075427589,1.4213543911966892e-09,1.8543665619548057e-05,-1.4926152696846566e-07,-0.0001263970877864946,1.395075393123513e-05,0.00014637557900053113,0.0,4,Solved,134955,83338,324473,0.06456644491990263,1.0405911692199527e-12,7.934568292583701e-14,0.36300512709975186,-0.6410148286960511,0.0007419287315991938,-0.36300265607046805,0.6410154310516895,-0.0007198246983886729,0.00023768663676563038,-0.0005101333553339995,-0.003478427771202335,-0.00024213346851820783,0.0005063906117084041,0.0034279463420977046,0.15687297720666363,1.033036090004678,-6.173671422254395e-05,-0.1569022160270326,-1.033063118718442,6.897356140314658e-05
0.195,0.014787709817589452,1.94190863864188e-09,0.5393245720492169,-4.103352064360022e-10,1.8594240633212333e-05,-1.4861370669302875e-07,-0.000125971585686665,7.586241163845444e-06,0.0001511859885186998,0.0,4,Solved,131719,81213,319684,0.06456649602045071,2.0442658293201153e-12,2.1039401910125446e-13,0.36300622026572843,-0.6410174036059695,0.0007236306439653995,-0.36300376531051304,0.6410179917300495,-0.0007017129923109259,0.00020610257675969325,-0.0005185751380535462,-0.003781083924232625,-0.0002084912851454997,0.0005163178821438029,0.003752600866746873,0.15688087114322094,1.0330473287051747,-6.417708276688363e-05,-0.15689589349459696,-1.0330639363272114,6.415123125266181e-05
0.2,0.014786951693909459,2.575970993792181e-09,0.5393244360669174,-1.5901794565236807e-09,1.8613406006235027e-05,-1.4822571202433995e-07,-0.00012540592692484868,1.3655954504262656e-06,0.0001559435236660156,0.0,4,Solved,136218,83858,332938,0.06456712060255164,1.0452480423096218e-12,8.057230434787985e-14,0.36300715119451415,-0.641020016686384,0.0007038031781794058,-0.3630047091722951,0.6410205947947649,-0.0006820280181426789,0.00017306663483238513,-0.0005256807782193344,-0.004089166315283243,-0.0001757689699679423,0.0005238497193451237,0.004060717768665034,0.15687596105587473,1.0330487141682188,-5.980036318687453e-05,-0.15690234017367122,-1.0330739296408262,6.566100551940588e-05
0.20500000000000002,0.014786169575985907,2.9417082635942663e-09,0.53932430005175,-2.270304041296266e-09,1.8601751924982277e-05,-1.4797322171785884e-07,-0.00012470342692763462,4.776260545174355e-06,0.0001606503653959396,0.0,4,Solved,139734,84489,340413,0.06456736690935,2.0356147089392685e-12,2.0931056909402612e-13,0.36300791949384686,-0.6410226588852529,0.0006824800322625993,-0.36300548574794345,0.6410232314480898,-0.0006607928875541953,0.00014085301253257876,-0.0005306738988135634,-0.00438248698758785,-0.00014181167776158965,0.0005300289779769717,0.004372060340451557,0.15687933671383802,1.0330560556347002,-5.945035314677669e-05,-0.1569008067798961,-1.0330778705496,6.279415597732193e-05
0.21,0.014785363688626813,3.031750991359044e-09,0.5393241644295129,-2.4412593523597106e-09,1.8559909422268966e-05,-1.4764188845171458e-07,-0.00012386743404114287,1.0744935693582898e-05,0.00016529863090069334,0.0,4,Solved,129044,83468,317469,0.06456760654998085,1.0250001037997594e-12,8.27327898877061e-14,0.363008525326323,-0.6410253217493307,0.0006596964338443457,-0.3630060936136438,0.6410258932138735,-0.0006380311454148172,0.00010815879485679233,-0.0005342435544508419,-0.0046738199929497,-0.0001081892782148968,0.0005342960888265391,0.0046734835636607994,0.15688209096699807,1.0330626422070832,-5.8563016628099615e-05,-0.15689980688377536,-1.0330817047996936,5.997446825094051e-05
0.215,0.014784534287491423,2.9531542562493446e-09,0.5393240295966802,-2.2982781315307455e-09,1.848863909065291e-05,-1.474108306553731e-07,-0.00012290140094353336,1.6580108991479728e-05,0.00016989042616737286,0.0,4,Solved,128773,80181,308232,0.06456755457139023,1.0503401842994834e-12,8.206247977698457e-14,0.3630089668353187,-0.6410279984340995,0.0006354660327683621,-0.36300653428533,0.6410285712258438,-0.0006137898315256235,7.516175762163106e-05,-0.0005364806542699367,-0.004961943714981475,-7.48528978946115e-05,0.0005368799160629781,0.004965817274357962,0.15689220035352353,1.0330745870384181,-6.123597264980128e-05,-0.15689211938492809,-1.0330808731422436,5.3433768925537806e-05
0.22,0.014783681671334807,2.8626226399013975e-09,0.5393238959282488,-2.126845766302211e-09,1.8388915833366037e-05,-1.475481316134841e-07,-0.00012180876953175318,2.215118297742511e-05,0.00017440618910335239,0.0,4,Solved,136989,86152,322870,0.06456803440060546,2.046547103828653e-12,2.0999033675112022e-13,0.36300923935013224,-0.6410306836187205,0.0006097721243971332,-0.36300681334144996,0.6410312554054458,-0.0005881479478607459,4.0813195356028883e-05,-0.000537821846834476,-0.005257735186291771,-4.318177871197134e-05,0.0005372349701960948,0.005237909997095073,0.15688922537061376,1.0330766046260982,-5.7020612663682685e-05,-0.1568967081326947,-1.0330885504096874,5.3128349693240114e-05
0.225,0.014782806146226051,2.865904406032983e-09,0.5393237637972977,-2.1237123609081828e-09,1.8261587641668382e-05,-1.479914037538541e-07,-0.00012059324496079988,2.7681854271509348e-05,0.00017887023715442728,0.0,4,Solved,131188,80201,311619,0.06457008322976508,2.049146324218372e-12,2.104823951308392e-13,0.36300934193072887,-0.6410333701405625,0.0005826378684476829,-0.3630069316587995,0.6410339378483695,-0.0005611471448840218,7.037525884697494e-06,-0.0005373891254549256,-0.005540790519800972,-1.0707206528390446e-05,0.0005364220541279538,0.005509510780644032,0.15685234833396872,1.0330543477910232,-3.487241360775321e-05,-0.1569364751012852,-1.0331213316762413,7.074263485671976e-05
0.23,0.01478190802174232,2.516126594624358e-09,0.5393236335518706,-1.4887883074398771e-09,1.810740705894649e-05,-1.47187501777009e-07,-0.00011925827627305794,3.289008211229507e-05,0.00018324714140592052,0.0,4,Solved,129224,79781,312821,0.06456880300354104,2.047879137572885e-12,2.1076569038224607e-13,0.363009296872822,-0.641036041933734,0.0005542898014012989,-0.3630068689355978,0.641036620426694,-0.0005326267769338235,-1.970295096680578e-05,-0.0005328262365841802,-0.005756982720533525,2.7984232223182597e-05,0.0005369670965231523,0.005834822659425008,0.15688731597366581,1.033083583195077,-4.99873321983562e-05,-0.15690313712471118,-1.0331008480566566,5.036494159507044e-05
0.23500000000000001,0.014780987661558356,1.6848655810698036e-09,0.5393235055192492,2.4888290011354934e-11,1.7927442073092352e-05,-1.4571718491001904e-07,-0.00011780773815808157,3.807953027094735e-05,0.00018757131732411345,0.0,4,Solved,128112,80222,317861,0.06456887233971823,1.0413460881983965e-12,8.492467884317955e-14,0.36300909975979867,-0.6410386952937649,0.0005247161485875609,-0.3630066307658539,0.6410392933165261,-0.0005026665351528648,-5.252655084087793e-05,-0.0005296772620521974,-0.006021118142697325,6.0745730538856705e-05,0.0005334344889461972,0.006098314082895333,0.15689357795362907,1.0330915029805774,-4.9993421634847507e-05,-0.15689919750275041,-1.0331019574354916,4.4947043579588934e-05
0.24,0.014780045319804619,1.0505179005098102e-09,0.5393233800115311,1.191898430988053e-09,1.7721706060268197e-05,-1.4531651594868478e-07,-0.00011624528538069637,4.317889702276321e-05,0.00019183143615332044,0.0,4,Solved,133742,81584,315997,0.06456957009931073,2.047913861438749e-12,2.103784608000793e-13,0.3630087368985522,-0.6410413302422137,0.0004938196450915709,-0.3630062317382139,0.6410419435371554,-0.0004714333308438256,-8.59274537115392e-05,-0.0005256393926719583,-0.00628608362999555,9.252931793256342e-05,0.0005282448206208517,0.006347004561827234,0.15688395203499664,1.033088377393368,-4.140833321709281e-05,-0.15691168022439647,-1.0331131215889717,4.7792931143078724e-05
0.245,0.014779081395157597,5.757909365533557e-10,0.5393232572899023,2.066379637236394e-09,1.749136925873912e-05,-1.4509293734101284e-07,-0.00011457451182146957,4.7945471625527764e-05,0.00019600212056175806,0.0,4,Solved,125287,80282,307641,0.06456923409618201,1.0565306100544236e-12,8.663152640530522e-14,0.3630082150321227,-0.6410439394178932,0.0004616733761409439,-0.3630056700685441,0.6410445679040458,-0.0004389237903706966,-0.00011669745659693139,-0.0005197643511257398,-0.006526200512309068,0.00012555777927085793,0.0005230720654405641,0.006606613381683334,0.15689971391171928,1.0331025319236338,-4.6101224154802566e-05,-0.1568980580942191,-1.0331077455389122,3.707832769126343e-05
0.25,0.014778096286701244,2.4220700153855936e-10,0.5393231376095652,2.681754839374091e-09,1.723744981834538e-05,-1.4502043156452103e-07,-0.00011279945369264845,5.2688310919462385e-05,0.00020010892000810483,0.0,4,Solved,125577,80372,309414,0.06457006882929944,1.04719360270593e-12,8.067337598521071e-14,0.36300753141154785,-0.6410465186670927,0.00042827721440062444,-0.3630049508240379,0.6410471584988762,-0.00040521021456924516,-0.00015010823540145005,-0.000513683354318427,-0.006782698770261741,0.0001560961293828697,0.0005152937093168649,0.006835064584585375,0.15688802698474438,1.033097040921586,-3.629313799272491e-05,-0.15691255567994877,-1.033121101268791,4.0606421024078344e-05
0.255,0.014777090337066942,1.642859002351347e-10,0.5393230212653551,2.8261637975306405e-09,1.6960227508131756e-05,-1.451071351968996e-07,-0.00011092378951039373,5.7252831477550847e-05,0.0002041346960428141,0.0,4,Solved,126679,80862,314184,0.06456960467062287,1.044613433970047e-12,7.935042528132896e-14,0.36300668902946276,-0.6410490613130886,0.0003936825409775152,-0.36300407361863846,0.6410497102502583,-0.0003703145190955072,-0.00018079276393879256,-0.0005055579060241999,-0.007011378329926053,0.00018839171482710974,0.0005075152263090824,0.007076745180086731,0.15690720438426883,1.0331136747299658,-4.216551365627113e-05,-0.15689606966070133,-1.0331116964639142,2.8110478498705916e-05
0.26,0.014776063980300153,2.8339537662273237e-10,0.5393229084815837,2.609028418773104e-09,1.666076153330781e-05,-1.4538202679198508e-07,-0.00010895137586678706,6.163385629025719e-05,0.00020807825589800233,0.0,4,Solved,131699,80181,311609,0.06456998498386815,1.0466138292667574e-12,8.643295033710897e-14,0.3630056852958023,-0.6410515642583844,0.00035788302249304885,-0.36300304570835723,0.6410522164091114,-0.00033431686161608553,-0.00021412101537865848,-0.0004977190871514722,-0.007260467023822699,0.00021713384258155002,0.0004975292798767864,0.007283128575593307,0.15690450270029455,1.033113823213425,-3.663894963010437e-05,-0.1569024889565421,-1.0331197597418904,2.7077114596532633e-05
0.265,0.01477501771846744,7.705069716484815e-10,0.5393227994767122,1.7202778035302481e-09,1.634053677184602e-05,-1.4619920248235643e-07,-0.00010688593041213388,6.559077442486481e-05,0.00021190688243205387,0.0,4,Solved,129124,79891,308233,0.06457060198773781,1.057904787079516e-12,8.293131671549484e-14,0.3630045196552622,-0.641054023807471,0.0003208817491058038,-0.3630018740715833,0.6410546707851419,-0.00029728842658099047,-0.00024590565323280984,-0.0004884867708447734,-0.007495119219058351,0.0002458844196597826,0.000486920633079106,0.007489109224546455,0.1568946487536492,1.033109457100506,-2.7374912710026907e-05,-0.15691418570731533,-1.033129631803805,2.8928612815020593e-05
0.27,0.01477395201823525,1.366778003679216e-09,0.5393226944642155,6.255023655375708e-10,1.6000605908628567e-05,-1.467524416184712e-07,-0.00010473161239609874,6.961390387871081e-05,0.0002156776807127979,0.0,4,Solved,141547,81554,323791,0.06457037267581953,2.050036017367901e-12,2.1002860908780896e-13,0.363003200861505,-0.6410564316707529,0.0002827822596407209,-0.36300055367055384,0.6410570722985572,-0.0002592021448820237,-0.0002757917919184408,-0.0004774317610409075,-0.007704876615947779,0.00027631811121184535,0.0004763534779280329,0.007704381370130272,0.1569055101517797,1.0331193565179786,-2.8493768420566475e-05,-0.15690634032768083,-1.0331259628131124,2.048602830893302e-05
0.275,0.014772867203606651,1.914348526220511e-09,0.5393225936314248,-3.808585201438774e-10,1.5640755415602277e-05,-1.4715956098920808e-07,-0.0001024921848724693,7.351726345576295e-05,0.00021936678514094873,0.0,4,Solved,134273,80922,315667,0.06457109061270813,2.0449041637476536e-12,2.1054204657911663e-13,0.3630017294665034,-0.6410587838225801,0.00024361299808663072,-0.3629990878649471,0.6410594164892393,-0.00022010683007745864,-0.00030673892985186426,-0.0004662178135358731,-0.007921589975565425,0.00030453007646963944,0.0004643027116786067,0.00789734068564201,0.15689514614746927,1.0331134826359296,-1.863426073287258e-05,-0.15691965520128653,-1.03313744980333,2.275007509474312e-05
0.28,0.01477176374616128,2.4013124156293223e-09,0.5393224971453833,-1.2760755376745606e-09,1.526190764840122e-05,-1.4747000052203541e-07,-0.00010017155117163367,7.725285381490486e-05,0.00022296683599746484,0.0,4,Solved,135445,82325,332608,0.06457139783185877,1.0596683045685362e-12,8.618549269235839e-14,0.3630001112245458,-0.6410610749841781,0.0002034391046194386,-0.3629974767004843,0.6410617008599423,-0.00018001460241961432,-0.00033508669720612547,-0.0004533791279085332,-0.00811212189984066,0.00033418136053967593,0.0004523780928350368,0.008100959805479237,0.15689166055164483,1.0331137239173538,-1.1946753948615417e-05,-0.1569265635403477,-1.0331423653097402,2.1678790254505126e-05
0.28500000000000003,0.014770642153481416,2.5491311937693524e-09,0.5393224051408849,-1.553020702336096e-09,1.486523357236752e-05,-1.4717982245857576e-07,-9.777349988215828e-05,8.067915649368817e-05,0.0002264612614157153,0.0,4,Solved,131879,81293,316147,0.06457113453901536,1.0474910545471312e-12,8.770321238882817e-14,0.3629983565983173,-0.6410632987889628,0.00016236199148360626,-0.3629957173938008,0.6410639253870432,-0.00013890148851910828,-0.0003616605877629263,-0.00043949625971491396,-0.00828621991637665,0.00036381944319187733,0.00044036512929845,0.008305541406118132,0.1569044648602608,1.033123174394305,-1.3923363625512198e-05,-0.15691659119532453,-1.0331381526242458,1.171858600682457e-05
0.29,0.014769502936880752,2.4300323823040595e-09,0.5393223177527378,-1.3366464013891432e-09,1.445180498426253e-05,-1.4684432331739738e-07,-9.53021019521109e-05,8.402387598246195e-05,0.00022987022844408995,0.0,4,Solved,127471,84329,313182,0.06457131925430538,1.0619951903192748e-12,8.370884368757956e-14,0.3629964643678535,-0.64106545400191,0.00012038169770791122,-0.36299381696307126,0.6410660839919803,-9.684612842166531e-05,-0.000389818319549901,-0.00042586105190584603,-0.008471145274697084,0.00039113148078298094,0.00042642070031909037,0.008483378305732744,0.1569048149526616,1.0331246311279956,-9.19435899457698e-06,-0.1569194332884131,-1.0331411080688861,8.266965108577515e-06
0.295,0.014768346549755828,2.3187610078390855e-09,0.5393222351337245,-1.1296222701855042e-09,1.4022038468377666e-05,-1.468368997467036e-07,-9.276116900007614e-05,8.721724271723843e-05,0.00023318564537190046,0.0,4,Solved,134043,79941,314534,0.06457139930080762,2.0583703723171666e-12,2.1214371134347515e-13,0.3629944342948139,-0.641067538912598,7.750720796860012e-05,-0.362991781363647,0.6410681715054798,-5.391873528667507e-05,-0.00041701827968222,-0.00041151801820273797,-0.00864599808135185,0.0004179900995288267,0.0004120114152307607,0.008655493298063121,0.1569110518571559,1.0331287368881068,-7.3235051963798605e-06,-0.15691793343833052,-1.0331423888129219,2.1757961825077335e-06
0.3,0.014767173639225716,2.2903049426198145e-09,0.5393221573825594,-1.0730514989973371e-09,1.3577986099616119e-05,-1.4703406245361969e-07,-9.015429944584154e-05,8.977517569221055e-05,0.0002363496109003521,0.0,4,Solved,140075,80532,321237,0.06457165803663219,1.0506835214253957e-12,8.256897641562464e-14,0.36299227036458687,-0.6410695519914136,3.3761259740135186e-05,-0.3629896176237165,0.6410701841897831,-1.0174459339236279e-05,-0.0004435219227149399,-0.0003971206744612387,-0.008819920582715057,0.0004428135539841483,0.0003966813897003685,0.008813099642126803,0.1569068944823651,1.0331278601386338,-8.579325951616467e-08,-0.15692461748439038,-1.033146528586115,7.3241749823607e-07
0.305,0.01476598485676388,2.351352412402378e-09,0.5393220845970127,-1.1815080732971215e-09,1.3121626746359627e-05,-1.4727009160515285e-07,-8.748573131664725e-05,9.228952730733777e-05,0.00023942820859126045,0.0,4,Solved,131859,85000,316888,0.06457208867153995,2.0611057466588728e-12,2.1199470130739417e-13,0.36298997781669784,-0.6410714893497321,-1.0801581387708921e-05,-0.3629873280038099,0.641072120222413,3.4361666750844117e-05,-0.00046874630087081034,-0.0003814895342992486,-0.00897635606239313,0.0004682363632085998,0.0003813302395983201,0.008971947844119393,0.1569005178258856,1.0331234905734945,8.300919817661669e-06,-0.15693369695259202,-1.0331534187446392,2.6439758114625514e-07
0.31,0.014764780572226988,2.2603868626693234e-09,0.5393220168804368,-1.0153645858132198e-09,1.2652470056072901e-05,-1.470836115347518e-07,-8.475932936039235e-05,9.486758422255266e-05,0.00024243399813946538,0.0,4,Solved,127000,80091,306870,0.06457135047960619,1.058438066520938e-12,8.571359658199005e-14,0.36298756472856103,-0.6410733456953365,-5.608677863218163e-05,-0.3629849089996697,0.6410739796985309,7.970323672678124e-05,-0.0004921284702102327,-0.0003649084550130876,-0.00911290322669255,0.0004944298280007381,0.0003660318122115825,0.009134527200450273,0.15692055962054485,1.033138269290347,3.3113869482363297e-06,-0.1569171785239349,-1.033141607673699,-1.3477104450430576e-05
0.315,0.01476356125648048,2.1203953663160003e-09,0.5393219543017324,-7.558645327363986e-10,1.2170849340959087e-05,-1.4705351509950128e-07,-8.197883310991055e-05,9.726578190507177e-05,0.00024533659543141015,0.0,4,Solved,130356,86133,315957,0.0645720016896581,2.0525399621194202e-12,2.1193023193571275e-13,0.36298502790324344,-0.6410751220683453,-0.00010211670895721345,-0.3629823710694067,0.6410757573500329,0.00012574792797484996,-0.0005177829141121968,-0.00034927368122052827,-0.009270004534906595,0.0005166441329476517,0.0003489749746413641,0.00926066974139791,0.15690934454931388,1.0331299800910736,1.4378350349726208e-05,-0.156931692725067,-1.0331520270345296,-1.1386156877200497e-05
0.32,0.014762327469165386,2.076292948848623e-09,0.5393218969130135,-6.693548267439262e-10,1.1677778905700536e-05,-1.4727867058381537e-07,-7.914807038678724e-05,9.94945761212073e-05,0.0002481363399398441,0.0,4,Solved,128153,80422,308292,0.06457183304476707,1.053701045602176e-12,8.254527765137032e-14,0.36298237206411127,-0.6410768163796933,-0.0001488471968894039,-0.3629797177772198,0.6410774517325911,0.00017246033220709152,-0.000540386748445048,-0.00033235510335937477,-0.00939893141766401,0.0005402835784570892,0.00033256441856230735,0.009399041894003132,0.15691660995176862,1.0331348403840912,1.6029089671630647e-05,-0.15692785004824805,-1.0331493287162732,-1.8753997488213455e-05
0.325,0.01476107974962599,2.0045302706623947e-09,0.5393218447579459,-5.346272136494646e-10,1.1174033503187866e-05,-1.4734366391848438e-07,-7.627083247952482e-05,0.00010156618985882958,0.0002508319152367911,0.0,4,Solved,132922,80232,316778,0.06457257039422312,1.0570377388499204e-12,8.456927328145786e-14,0.3629796026555018,-0.6410784264074384,-0.0001962252166353211,-0.36297695161893995,0.6410790615833548,0.00021981376312484198,-0.0005631798328541486,-0.00031552271481036204,-0.009528782084027894,0.0005621697232390927,0.00031533028840048086,0.009520544274461916,0.15690302231744913,1.0331247674008484,2.8463602101676322e-05,-0.15694496100095162,-1.03316112630757,-1.5433792229312523e-05
0.33,0.014759818658152209,1.8474928022782488e-09,0.5393217978804392,-2.482211939653371e-10,1.0660473635760721e-05,-1.470616558289755e-07,-7.335084961507935e-05,0.00010345205366323552,0.00025341865373025064,0.0,4,Solved,133061,102474,340103,0.06457189271494473,2.0664404331585422e-12,2.130023317014479e-13,0.3629767298015975,-0.6410799480370077,-0.0002441566860356412,-0.3629740707373502,0.6410805877861716,0.00026782283309272536,-0.000582492570814668,-0.0002972913216686399,-0.009626808252574543,0.0005858224043790956,0.0002989087470421671,0.009658006443294625,0.15692066911721753,1.0331367563562193,2.4893366745779474e-05,-0.15693070466121378,-1.0331502834391157,-2.8260303891856646e-05
0.335,0.014758544758194212,1.570582221322107e-09,0.5393217563075046,2.5725310661618177e-10,1.0137947958923606e-05,-1.4663965170569483e-07,-7.039186108981218e-05,0.00010519099577068038,0.0002559001441882456,0.0,4,Solved,127671,81303,313843,0.06457213679570901,1.0509092353324822e-12,7.789671499118045e-14,0.36297375455520414,-0.6410813815908972,-0.00029263038428398787,-0.36297108240278064,0.6410820273592012,0.00031641942558640826,-0.0006037409833077971,-0.00028005450711259764,-0.009742070694227655,0.0006059066385000648,0.0002809962075753778,0.009762357918074975,0.1569183646888411,1.0331340234616595,3.164521585184987e-05,-0.1569369683468317,-1.0331541887313442,-3.0707547194197156e-05
0.34,0.01475725864739642,1.4065932873257373e-09,0.5393217200494597,5.593256936089717e-10,9.607556860076573e-06,-1.4656186913819106e-07,-6.739744420809726e-05,0.00010662502834235226,0.0002582569115737352,0.0,4,Solved,132962,81705,314695,0.0645717357627774,1.051334914990683e-12,8.160961075299886e-14,0.3629706786914056,-0.6410827275498306,-0.00034163670131217086,-0.36296799461836576,0.6410833778611266,0.000365534566340594,-0.0006231396482860966,-0.00026234492726332544,-0.0098428358402939,0.0006256686729351807,0.00026323305199162187,0.009865589653069575,0.15692917652231567,1.0331406922679933,3.163884937796039e-05,-0.15692937659180292,-1.0331477722044384,-4.0168490837726284e-05
0.34500000000000003,0.014755960933437713,1.3934914992198659e-09,0.5393216891067648,5.864748786650917e-10,9.070438654737807e-06,-1.467523343816324e-07,-6.437136721692206e-05,0.00010795122532722422,0.0002605105153595423,0.0,4,Solved,126910,82045,308573,0.06457152044441544,1.046103989507859e-12,8.041146541728113e-14,0.36296750334248956,-0.6410839863724686,-0.00039116616561143177,-0.3629648150199419,0.6410846370003876,0.0004150990328973249,-0.0006433757185437655,-0.00024508464463721634,-0.009949994266382814,0.0006431175033549203,0.00024462449652761696,0.009946603531777417,0.15693551542192996,1.033144327110647,3.408962849580787e-05,-0.1569268184071111,-1.0331442430803344,-4.711464122803253e-05
0.35000000000000003,0.014754652175840413,1.6632326423663803e-09,0.5393216634717353,9.970003867147668e-11,8.527285983256783e-06,-1.474823120710672e-07,-6.131713291602967e-05,0.00010904853988854136,0.0002626465274406137,0.0,4,Solved,135376,81263,324794,0.06457262934382058,2.0649042259977158e-12,2.1492028534457475e-13,0.36296422779120563,-0.6410851592756143,-0.0004412272901460324,-0.3629615535762471,0.6410858024012098,0.0004650261876884626,-0.0006633017281864378,-0.00022794078794941613,-0.010055790122472713,0.000658775446551807,0.00022577645706670703,0.010013482999565202,0.1569117819278731,1.033126329238691,5.188956440897901e-05,-0.15695391316599588,-1.0331620695011292,-3.8812130511503847e-05
0.355,0.014753332971537293,1.925372547736995e-09,0.5393216431274154,-3.798768899591518e-10,7.979065142497092e-06,-1.4776761434044462e-07,-5.823839780924036e-05,0.00011003323584389018,0.00026467610139642813,0.0,4,Solved,128863,80322,309164,0.06457240322612537,1.0487357294520139e-12,8.424582009214253e-14,0.3629608679385139,-0.6410862400835894,-0.0004916742730155968,-0.3629582031124934,0.6410868789209146,0.0005153839995429567,-0.0006781513787386119,-0.00020869849490265678,-0.010114052243092883,0.0006780005125935129,0.00020866898601450674,0.010112278858851605,0.15691818470963592,1.0331293281425653,5.43276356172018e-05,-0.1569511619345181,-1.033158451618006,-4.587046258079095e-05
0.36,0.014752003884314295,1.833219711898496e-09,0.5393216280611379,-2.1824150361921583e-10,7.42639916203547e-06,-1.4719862547328287e-07,-5.513861177491701e-05,0.00011084068297649962,0.0002665915374884377,0.0,4,Solved,126249,80352,306779,0.06457165031988271,1.0620506029982279e-12,8.020415690923728e-14,0.3629574342211293,-0.6410872259930783,-0.0005424125246884817,-0.36295476202969656,0.6410878684466078,0.0005661898652583744,-0.000692864063956148,-0.00018987340763464678,-0.01017219583552333,0.0006954218892861738,0.00019107659420472341,0.010195868886238255,0.15693667684951443,1.03314067483685,5.048747216421043e-05,-0.15693629337995496,-1.0331464051181234,-5.920154302805025e-05
0.365,0.014750665517310144,1.6917907636631763e-09,0.5393216182426083,4.0457023273867825e-11,6.8702319051160595e-06,-1.4698905288820843e-07,-5.202125120252236e-05,0.00011147442969681784,0.0002683916779694469,0.0,4,Solved,133803,80903,314575,0.06457205491270658,1.070666593306803e-12,8.55904885752081e-14,0.36295392110112884,-0.6410881214583146,-0.000593497394780165,-0.3629512450661693,0.6410887658717214,0.0006173120341756341,-0.0007095210800916966,-0.0001722412549349885,-0.010248861666926248,0.0007091247577947802,0.00017211855055209113,0.010245681624333253,0.1569287853394435,1.0331327939757466,6.0179753886837635e-05,-0.15694766772410482,-1.0331528786033053,-5.9082725556541376e-05
0.37,0.014749318456308969,1.6869885389809473e-09,0.5393216136409171,5.262486780814018e-11,6.311318830933776e-06,-1.4715932151878621e-07,-4.888973056414055e-05,0.0001119719932946497,0.0002700808214577235,0.0,4,Solved,136778,80232,317631,0.06457185283278398,2.0763146820539833e-12,2.1535538922892034e-13,0.36295033251034875,-0.6410889265860077,-0.0006448972578447814,-0.362947657181242,0.641089570776932,0.0006687062828966333,-0.0007236021206567022,-0.00015388749432887963,-0.010302848770754758,0.0007236216900026368,0.0001538923321398889,0.010303055626773958,0.1569346064289254,1.0331359348337188,6.296794084193474e-05,-0.156946155761953,-1.0331496453245437,-6.552497995091606e-05
0.375,0.014747963338007762,1.6909160882073674e-09,0.5393216142305591,4.746778869707546e-11,5.750783051528309e-06,-1.4725587253464417e-07,-4.574730928411447e-05,0.0001121491642034115,0.0002716335139059207,0.0,4,Solved,130346,80782,310637,0.06457209568010343,1.0600984452117756e-12,8.698008897975195e-14,0.3629466746798527,-0.6410896400552586,-0.0006965612469798354,-0.36294400182799275,0.6410902834391915,0.0007203488415645993,-0.0007372977301802471,-0.0001355573066699558,-0.01035486138734354,0.0007364626900954276,0.00013528757920771247,0.010347599316503116,0.15692887955509696,1.0331286005178386,7.151880756708441e-05,-0.1569547363421536,-1.0331535308816548,-6.682576712348115e-05
0.38,0.0147466007847164,1.6700730758378419e-09,0.5393216199687635,8.603320898477775e-11,5.189637979001566e-06,-1.4722556762106593e-07,-4.2597393215870054e-05,0.00011228928271685756,0.0002730881728742241,0.0,4,Solved,134064,81184,316007,0.06457175062854746,1.0465643739734338e-12,8.539423104132927e-14,0.3629429545871523,-0.6410902613051054,-0.0007484303462834089,-0.3629402811368627,0.6410909052875937,0.000772224429311714,-0.000748937781353051,-0.00011703340233469279,-0.010388590017951633,0.0007496834973998543,0.00011740114584454087,0.010395526568158134,0.1569367613166315,1.0331318972027828,7.315481785018793e-05,-0.1569504168067159,-1.0331480100567594,-7.4706098621457e-05
0.385,0.014745231304821345,1.613631119102792e-09,0.539321630762287,1.8872536897243192e-10,4.6280497301872444e-06,-1.4710962671890878e-07,-3.9443182931015274e-05,0.0001123171760994279,0.00027443369245198267,0.0,4,Solved,128202,80733,316097,0.06457125531878465,1.0560657786492934e-12,8.553737947706635e-14,0.3629391758796652,-0.6410907916030999,-0.0008004751381822906,-0.3629365003142448,0.641091436547985,0.0008242889171882193,-0.0007607157153419506,-9.904545490346346e-05,-0.010424601470790903,0.000760930868288888,9.912734672416244e-05,0.010426585729376492,0.15694790494271094,1.033137224907687,7.311953991788598e-05,-0.1569429287953485,-1.0331400851005543,-8.422407534119879e-05
0.39,0.014743855500400457,1.7078889112179472e-09,0.5393216465405649,2.0339257052499097e-11,4.066876302708499e-06,-1.4745334370369937e-07,-3.6287814656793244e-05,0.00011215367128466895,0.0002756600871259564,0.0,4,Solved,146126,104337,382984,0.06457181846566841,1.0467719779219e-12,7.820384516738792e-14,0.36293533659074506,-0.6410912343953268,-0.0008527216468050702,-0.362932671009643,0.6410918749755188,0.0008764441276935317,-0.0007730628246583608,-8.184615729834642e-05,-0.010467780943758899,0.0007696040883517726,8.036574011969278e-05,0.01043614525213254,0.15693403068548972,1.0331244917776259,8.595555090174474e-05,-0.15696032181994393,-1.0331490954506946,-8.096499765572021e-05
0.395,0.01474247398485455,1.8862861541695554e-09,0.539321667197347,-3.035980144471363e-10,3.507141157607276e-06,-1.4778390398788888e-07,-3.313435214817105e-05,0.00011178204127791691,0.00027676774267886554,0.0,4,Solved,151447,123073,420344,0.06457201751818979,2.0345988509820617e-12,2.0833676580775395e-13,0.36293144707881053,-0.641091588560587,-0.000905088502845438,-0.3629287936501437,0.6410922245082183,0.0009287005700604867,-0.0007815974378457562,-6.378307246988527e-05,-0.010479222866214225,0.0007798301377254332,6.320588208250283e-05,0.010463372877732698,0.15693004660621235,1.0331192027863465,9.356427578202633e-05,-0.15696784393855384,-1.0331522802910367,-8.26359910580345e-05
0.4,0.01474108734936265,1.8315315760793064e-09,0.5393216926458558,-2.0788380177479157e-10,2.9496164794537274e-06,-1.4741415019699436e-07,-2.998595671651621e-05,0.00011131129294006818,0.0002777633844599132,0.0,4,Solved,134023,84169,338620,0.06457192451259162,2.0624498044567355e-12,2.0933534311366742e-13,0.36292751974718307,-0.6410918510437318,-0.0009574655134305546,-0.3629248643579995,0.6410924888995134,0.0009810978339524147,-0.0007885156498222051,-4.525772465317946e-05,-0.010474953349258562,0.0007903356813804881,4.624970936062837e-05,0.010492154488086181,0.15693287715025375,1.0331174283537,9.76548098810306e-05,-0.15696881464488877,-1.033150792201466,-8.784068934207248e-05
0.405,0.01473969619731916,1.551999944084376e-09,0.5393217228433823,2.962496525337614e-10,2.395050594406448e-06,-1.4664184357183606e-07,-2.6845486275722168e-05,0.00011061295714268285,0.0002786341078767295,0.0,4,Solved,132069,81654,320495,0.0645714717275153,2.014129001387182e-12,2.0949843422546355e-13,0.36292356048451063,-0.6410920224052707,-0.0010098076383592046,-0.36292088635515757,0.6410926684279964,0.0010336117378193202,-0.000794546593476467,-2.7214661521001125e-05,-0.01046610472507851,0.000799582278912938,2.9262056120747242e-05,0.010511874809681609,0.15694109873708417,1.0331209021216574,9.897126119242858e-05,-0.1569639181251753,-1.0331435476402449,-9.585689443511541e-05
0.41000000000000003,0.014738301142052724,1.2049983408137506e-09,0.5393217576950444,9.262270797157757e-10,1.8444004551669734e-06,-1.4595804151941154e-07,-2.371592077091742e-05,0.00010979824292178331,0.0002793934074647947,0.0,4,Solved,135386,84750,336055,0.06457076797328082,2.0333304869793097e-12,2.0857309477630148e-13,0.36291957021724347,-0.6410921054724915,-0.0010621153294999893,-0.3629168679820403,0.6410927622394547,0.0010861737961256872,-0.0008008592644970862,-9.793921845378796e-06,-0.010460461968761905,0.0008068877685226328,1.2009265528183567e-05,0.010514801940918321,0.15695561733576055,1.0331280694448033,9.69753412947347e-05,-0.15695268871372173,-1.033132287572493,-0.00010712391377050429
0.41500000000000004,0.014736902730579444,1.015438526442818e-09,0.5393217971110462,1.2755610606486945e-09,1.298054112959396e-06,-1.4590329886252703e-07,-2.0600103574594928e-05,0.00010890690451920089,0.00028004604378381527,0.0,4,Solved,135536,82035,321447,0.06457122815633035,1.0610739266249958e-12,8.387038634373877e-14,0.36291554439663654,-0.6410921049094149,-0.001114434732716784,-0.36291282209390946,0.641092767664683,0.0011386706831454975,-0.0008085036057055237,6.497543592721271e-06,-0.010468049842035717,0.0008111979703316274,-5.9461661135423265e-06,0.010491160016226075,0.1569440406043252,1.033116466511741,0.00010831806546284444,-0.1569676883394591,-1.0331396505012855,-0.00010493391344961404
0.42,0.014735501520959147,1.0197580365301773e-09,0.5393218409924321,1.2702387308444727e-09,7.565153038387036e-07,-1.4608464326641778e-07,-1.75007709111515e-05,0.00010789022390261879,0.00028058657653047466,0.0,4,Solved,129204,83127,320686,0.06457065474565288,1.0705401148637268e-12,8.293895466304314e-14,0.36291148998580613,-0.6410920205194097,-0.001166709760182001,-0.3629087504759344,0.6410926872676933,0.0011910927577911264,-0.0008129620025134175,2.3570823380780532e-05,-0.010448299391738093,0.0008168860252563578,-2.2615189489533605e-05,0.010481835859638862,0.1569555215335083,1.0331212370816245,0.00010782195020152224,-0.15695962318517148,-1.033130475930446,-0.00011448348924260061
0.425,0.014734098091448943,1.0917274524201064e-09,0.5393218892342456,1.1389489957502355e-09,2.2047587268397122e-07,-1.4622176513070602e-07,-1.4420605166547263e-05,0.00010673462235107428,0.00028101347092275895,0.0,4,Solved,135776,84580,340844,0.06457068318899598,1.067827040266133e-12,8.523401883570218e-14,0.36290741082770406,-0.6410918537471993,-0.001218913239419191,-0.3629046582465858,0.6410925221472312,0.0012434028545500703,-0.0008182307398144296,3.9675910878269684e-05,-0.010437509063864845,0.0008199808823799758,-3.9741018355796935e-05,0.010450782993796117,0.15695361364618324,1.0331162612368157,0.00011413995412294425,-0.1569651015759248,-1.0331309310239356,-0.0001170832454075779
0.43,0.014732693035849275,1.3155966319046203e-09,0.5393219417273766,7.30154124628723e-10,-3.0922258425753837e-07,-1.465633898059976e-07,-1.1362174440253694e-05,0.00010538164751751121,0.0002813202750887763,0.0,4,Solved,131329,81273,318552,0.06457141566301917,1.0614428857531872e-12,8.344751258283013e-14,0.3629033101666526,-0.6410916064011078,-0.0012710266651831026,-0.3629005515839742,0.6410922732939281,0.0012955566274314534,-0.0008218973280845019,5.580302410724219e-05,-0.010414703038341407,0.0008227245373206284,-5.6252825396657126e-05,0.010419304816669486,0.15693749265702434,1.0331014017316833,0.00012782184637315065,-0.15698619271167194,-1.0331426506083068,-0.00011179200420628303
0.435,0.014731287094717785,1.4170444552621344e-09,0.539321998356691,5.377329349516719e-10,-8.304878944741614e-07,-1.4629784213313967e-07,-8.327742292133439e-06,0.0001034036680444465,0.00028145591875168027,0.0,4,Solved,129265,80482,318211,0.06457025580554646,2.0509694281864695e-12,2.1034630742940152e-13,0.36289920509891177,-0.6410912752615238,-0.0013229223822819381,-0.3628964263247095,0.6410919468527658,0.0013476216165207824,-0.0008209352381998905,7.297037813240474e-05,-0.010357408802229106,0.0008270867124841493,-7.114373284237915e-05,0.010410567458548814,0.15695913592407282,1.0331127529319364,0.00012175470967110721,-0.156965913991296,-1.0331240928887433,-0.0001272112004588474
0.44,0.014729880879246513,1.3570222120299493e-09,0.5393220590070723,6.409828868675528e-10,-1.3422815880299525e-06,-1.4585846860415775e-07,-5.320311557835592e-06,0.00010173854063612755,0.00028153362124252285,0.0,4,Solved,132961,80001,312490,0.06456996836974098,1.0678682816658856e-12,8.07629471915189e-14,0.36289509432495143,-0.64109086417411,-0.0013746119943136039,-0.3628922905572737,0.6410915420230593,0.0013995246960863893,-0.0008234535084472879,8.821824921132317e-05,-0.010326691097312731,0.0008277114834416471,-8.732672106869486e-05,0.010362575733894942,0.15696403779785328,1.0331119814564411,0.0001244034019866577,-0.15696453628976126,-1.0331194939158557,-0.00013317568508933064
0.445,0.01472847472290822,1.5086416135092929e-09,0.5393221235503992,3.6483966315212267e-10,-1.8458189836829304e-06,-1.4614399897430802e-07,-2.3420026568503686e-06,9.998640154987545e-05,0.00028150684480620427,0.0,4,Solved,125688,86293,313002,0.06456987603438287,1.0672662609498547e-12,8.502094896836978e-14,0.36289097265084,-0.6410903787164016,-0.0014261448639142503,-0.3628881562515718,0.6410910570051654,0.0014511565065393943,-0.0008254196159949471,0.00010285755259959227,-0.010294920815192949,0.0008268001394936289,-0.00010327685868631895,0.010304086258576362,0.15696283693497345,1.0331078623656431,0.00013007184644589265,-0.15696862636902478,-1.033118016550126,-0.00013608609351791612
0.45,0.014727069190296035,1.8407595326358343e-09,0.5393221918570797,-2.4011027617424843e-10,-2.3403727477641237e-06,-1.4671033750549216e-07,6.047576683971656e-07,9.81956143470266e-05,0.0002813802523395035,0.0,4,Solved,126208,79440,309164,0.06457003183121895,1.0620166015135095e-12,8.117738278373721e-14,0.36288684447822256,-0.6410898198634383,-0.001477487792273417,-0.36288402707808726,0.6410904941316584,0.0015024926400589087,-0.0008262831754799814,0.00011756615811482595,-0.010252803771633026,0.0008256916813569362,-0.00011861583030655431,0.01024443976983152,0.15695896624802483,1.0331032965760223,0.000137439821767949,-0.1569785009187494,-1.0331205092995033,-0.00013621927617863628
0.455,0.014725665027471472,2.1126366514723046e-09,0.5393222638318903,-7.358587028718848e-10,-2.8237652134301562e-06,-1.47066198945235e-07,3.5182705193312646e-06,9.551870838071218e-05,0.00028105152416472344,0.0,4,Solved,135075,80973,316117,0.06456954593001983,2.0358881811831483e-12,2.1327656708845094e-13,0.3628827208119022,-0.6410891859806335,-0.0015285704228026865,-0.36287990529673864,0.641089857208132,0.001553549378553405,-0.0008242080857430714,0.00013276598726219162,-0.010194132081714484,0.0008239653242239099,-0.0001331008195129816,0.010190989156842545,0.1569647963890089,1.0331014022481684,0.00013903353049039542,-0.15697285610112044,-1.0331127348803173,-0.00014384544073463645
0.46,0.014724262891150926,2.249623006093821e-09,0.5393223393555326,-9.836279045030952e-10,-3.2944615759983838e-06,-1.472964649844143e-07,6.395611438102855e-06,9.333922640018766e-05,0.00028069107930981996,0.0,4,Solved,127340,80051,306659,0.06457004744292794,1.0709661106567758e-12,8.325617342516888e-14,0.3628786040753025,-0.6410884796279139,-0.0015793715450056877,-0.3628757947008084,0.641089147706832,0.001604292240788104,-0.0008232753984802819,0.00014681657979383347,-0.01013931258233066,0.000821394949098074,-0.00014763414383471056,0.01012202646267227,0.15695189222082095,1.0330876975423795,0.0001504844085165992,-0.1569892531532769,-1.033120759086847,-0.0001404082484507999
0.465,0.014722862979764528,2.2797021156694033e-09,0.5393224182679809,-1.0388597279503148e-09,-3.7546014478614828e-06,-1.4724209908382233e-07,9.235079449049252e-06,9.111619323789258e-05,0.00028023397384144044,0.0,4,Solved,123514,79711,301279,0.06456981114535605,1.0575353119944255e-12,8.426719555090164e-14,0.3628745024502058,-0.6410877011967743,-0.0016298156759556209,-0.3628716924472322,0.6410883698475282,0.0016547423695757876,-0.0008188721214002715,0.0001614685469170603,-0.01005691862788211,0.000820315419556602,-0.0001607614746931164,0.010070295907248596,0.15695397478651468,1.0330855037685456,0.00015427380667618713,-0.15699053689281975,-1.0331169783256968,-0.00014452217287158812
0.47000000000000003,0.014721465912502143,2.0225209303864724e-09,0.5393225004289169,-5.724561552618827e-10,-4.202839620674073e-06,-1.466172396741702e-07,1.2034715908760386e-05,8.863447317947101e-05,0.0002796550556664227,0.0,4,Solved,123273,86684,309765,0.06456890286225121,1.0510187146708323e-12,7.736083777068523e-14,0.36287042541596115,-0.6410868510302438,-0.001679835021894231,-0.3628675987832699,0.6410875274646961,0.0017049166745173754,-0.0008135986231400658,0.00017562451304235297,-0.009970171961065578,0.000818182676911881,-0.0001735286859033387,0.010012849831108271,0.1569709916404085,1.033092903700024,0.00015007693455343924,-0.156975551146271,-1.0331024457960194,-0.00015678974457709755
0.47500000000000003,0.014720072176502006,1.7036502333093147e-09,0.5393225857050459,1.2617847140120113e-11,-4.63890619160762e-06,-1.4628072743512893e-07,1.4792389882181002e-05,8.629825596177853e-05,0.0002790026795829849,0.0,4,Solved,124355,92675,319133,0.06456868666010157,1.0648107075600388e-12,8.575757596197959e-14,0.3628663676794065,-0.6410859350349773,-0.0017294812762547165,-0.36286352499920044,0.641086618428856,0.0017547128631838222,-0.0008106683264695883,0.00018816641596525985,-0.009903492631398772,0.0008129891179921391,-0.00018722149808396928,0.00992518078151831,0.156973798947963,1.033090592500822,0.00015318504477100783,-0.15697593024651138,-1.0330989865616251,-0.0001612211924325021
0.48,0.01471868218187391,1.631358317998951e-09,0.5393226739841709,1.521728401174269e-10,-5.063184015874027e-06,-1.466065511499545e-07,1.750642764726496e-05,8.386958912472615e-05,0.0002782484532011737,0.0,4,Solved,126288,79880,308933,0.06456854881005832,1.0657346628156974e-12,8.606286659438386e-14,0.3628623264154092,-0.6410849573930405,-0.0017787850051871994,-0.36285947991022216,0.6410856416907253,0.001804051529079055,-0.0008071404594002655,0.00020036548764680226,-0.009833772891646497,0.0008068740143776809,-0.0002006715472237459,0.009831040384414413,0.1569864253253127,1.033096780960933,0.00015141414059478446,-0.15696701002961028,-1.0330873707915564,-0.00017022185156358592
0.485,0.01471729653900945,1.8598292179174566e-09,0.5393227651570625,-2.5429841548810606e-10,-5.474348362660337e-06,-1.4752619624094328e-07,2.0175228824350922e-05,8.108865713681096e-05,0.0002773626617718057,0.0,4,Solved,130777,89278,319694,0.06456908425107025,2.0618915013224036e-12,2.1337466705627015e-13,0.3628583003789365,-0.6410839214412398,-0.0018277737708202047,-0.36285547381324273,0.6410845971333053,0.0018528591467814471,-0.0008044107883036957,0.0002116870356539076,-0.009775198559467662,0.000797955231140469,-0.00021431624326468673,0.009716772726634565,0.1569598702542191,1.0330722825433145,0.00016927274441614213,-0.15699659376369682,-1.033105348017124,-0.00015966577945918884
0.49,0.014715915876813345,2.173779868180493e-09,0.5393228590975828,-8.232596133805766e-10,-5.87082316678849e-06,-1.481630945090859e-07,2.2797109425356677e-05,7.807296443640626e-05,0.00027636183570832056,0.0,4,Solved,132200,79460,311659,0.06456832526180867,1.0584046496675936e-12,8.009462281719331e-14,0.3628543047540463,-0.6410828242807582,-0.0018763276501902724,-0.36285150049989573,0.6410834916070728,0.0019012110646914443,-0.0007961201549957175,0.00022452036989954716,-0.009669438083529217,0.0007929415452157193,-0.00022558715666234875,0.009640819380907986,0.15697082023025696,1.0330753333410494,0.0001679536037032887,-0.1569869069046235,-1.0330932041889387,-0.00016870421004907182
0.495,0.014714540595538915,2.2944976154111606e-09,0.53932295564667,-1.0464046985755051e-09,-6.252790994502481e-06,-1.4812744110358464e-07,2.537024041146387e-05,7.532399622065653e-05,0.0002753092725272422,0.0,4,Solved,137780,80963,317039,0.06456828869363765,2.0680759847924023e-12,2.1467147449851648e-13,0.3628503460292512,-0.6410816672232701,-0.0019243879532186748,-0.3628475586709829,0.6410823292245745,0.0019491212793410642,-0.0007893199644043226,0.0002359575215449187,-0.009575248510498202,0.0007858108571206286,-0.00023702074639300638,0.009544310677654157,0.15696742505327746,1.0330684313640008,0.00017387974433376045,-0.15699258269059688,-1.0330926190982024,-0.0001699249066243385
0.5,0.014713170961255712,2.3267753140545024e-09,0.5393230546322543,-1.1066299749909787e-09,-6.621463522339954e-06,-1.4804316190939239e-07,2.789318841658155e-05,7.267853587162341e-05,0.00027418545098354487,0.0,4,Solved,125457,80001,304445,0.06456759315014596,1.0631668450938448e-12,8.102671808202867e-14,0.3628464253937495,-0.6410804534102289,-0.0019719433005125713,-0.3628436518123402,0.641081112137803,0.001996558175431702,-0.0007811579652680227,0.0002472549138601569,-0.009469716261238256,0.0007789003290786499,-0.00024765085452159566,0.00945080186923398,0.15699194820763349,1.0330814904023353,0.00016559321309795935,-0.15697136341111143,-1.0330727368392503,-0.0001849215731320951
0.505,0.014711807464387949,2.4384264538502118e-09,0.5393231558929253,-1.3046699309694587e-09,-6.97615860507602e-06,-1.4848481704230595e-07,3.0364755589048143e-05,6.972644396709342e-05,0.00027294330712728963,0.0,4,Solved,123944,80292,310296,0.06456800434001841,1.0545341370465914e-12,8.122523029849907e-14,0.3628425371413441,-0.6410791898679148,-0.002019065657250954,-0.3628397943680914,0.6410798387388023,0.00204341024785839,-0.0007757837517858352,0.00025633984010494016,-0.009395561167107082,0.0007670495369726834,-0.0002593158454765641,0.009318296480904523,0.1569662436978489,1.0330587447794561,0.00018261500585509032,-0.1569988040942716,-1.0330880694402946,-0.00017473377233880608
0.51,0.01471045059244348,2.6623939046892806e-09,0.5393232592821509,-1.7081008842142167e-09,-7.316193526840572e-06,-1.4904319145905948e-07,3.2783322444753076e-05,6.689286114103258e-05,0.00027163241611188275,0.0,4,Solved,121710,79230,300838,0.06456760104722878,1.0641786143456456e-12,8.204413029048996e-14,0.36283869012954467,-0.6410778756511029,-0.002065680049708606,-0.3628359829792313,0.6410785140482649,0.002089713347787146,-0.0007656484880579019,0.0002671456831218993,-0.009275857687587314,0.0007595609939394093,-0.0002686858653675513,0.009223378104799677,0.15697205499084638,1.0330584139220098,0.00018381065311095642,-0.1569966329486791,-1.0330816167556605,-0.0001798019296607257
0.515,0.014709100796071467,2.623570585313256e-09,0.5393233646612634,-1.6371902011930083e-09,-7.641146082996575e-06,-1.4888938143585958e-07,3.514803409787451e-05,6.364370339775335e-05,0.0002701934328880755,0.0,4,Solved,124806,79330,306268,0.06456680148973724,1.0539651174474656e-12,8.59028892286414e-14,0.36283489550827264,-0.6410765105311537,-0.0021117048048579145,-0.36283221508342306,0.6410771435223036,0.002135512825606293,-0.0007549199332629632,0.0002769273589106971,-0.009158987524348287,0.0007500684240233912,-0.0002777203882009691,0.009118824258039344,0.156985056944539,1.0330634253512303,0.0001808151393090205,-0.1569849354372573,-1.033068823835796,-0.00018935317433782907
0.52,0.014707758582406466,2.5312394822596996e-09,0.5393234718727661,-1.4631062771848563e-09,-7.95000753800602e-06,-1.489791907273002e-07,3.7457292271379235e-05,6.057272410681713e-05,0.00026869578068892247,0.0,4,Solved,132280,80842,313403,0.06456775108388005,1.0585955539917404e-12,7.994599701643303e-14,0.3628311483421971,-0.6410751001144317,-0.002157191484354028,-0.3628285009648586,0.6410757258753563,0.0021807211570455502,-0.0007462388501806895,0.0002855314214072317,-0.00905742228261521,0.0007384758830507462,-0.0002873977408059381,0.008991513376811254,0.15696028262862788,1.0330410625451045,0.00019716600188744,-0.15701185734468537,-1.0330840173420808,-0.00017913250736761535
0.525,0.014706424211827504,2.3274232628004488e-09,0.5393235808193723,-1.0882423545859432e-09,-8.243909700468672e-06,-1.4874787183608665e-07,3.971009734456512e-05,5.7586708300839144e-05,0.0002671295897800955,0.0,4,Solved,129285,79209,306650,0.06456693851896014,2.0771689990470313e-12,2.1575893605378302e-13,0.36282745932573685,-0.641073642160676,-0.0022020389144820083,-0.36282483264740545,0.6410742665808218,0.0022254044602875328,-0.0007326634943539809,0.0002956163925137589,-0.008912187718782659,0.000730906204185741,-0.0002948730154702851,0.008901153058397157,0.1569744599432145,1.0330466575201782,0.000193494312820915,-0.1570000131231348,-1.0330710163033623,-0.00018873318915886068
0.53,0.014705098085866215,1.8256377481481782e-09,0.5393236913745871,-1.7245349247442443e-10,-8.522668202511891e-06,-1.4793884042472933e-07,4.190550920764886e-05,5.4512905800774965e-05,0.00026547732339457454,0.0,4,Solved,122011,79410,299777,0.06456649731298503,1.0802332222956162e-12,8.266813760984763e-14,0.36282383323700534,-0.6410721386088043,-0.0022462133771634653,-0.36282121088191793,0.6410727680863596,0.002269564301693872,-0.0007207070874975557,0.00030412438017281827,-0.008784493526158618,0.0007204549158945334,-0.000302943668834353,0.008787013510701672,0.15697994000242366,1.0330458866011072,0.00019404289471196878,-0.1569962572249857,-1.0330639570077604,-0.00019405451916354856
0.535,0.014703780586772505,1.3479243283830529e-09,0.5393238033971085,7.041603118368824e-10,-8.786148971776292e-06,-1.4748466381057762e-07,4.404250201201438e-05,5.149803075691144e-05,0.0002637579407574309,0.0,4,Solved,136247,80302,315546,0.0645663094137789,2.0652718519548104e-12,2.166673009626821e-13,0.36282026574672355,-0.6410705950221143,-0.0022897619573472652,-0.36281764464558447,0.6410712294299961,0.0023131228196685725,-0.0007091408885619875,0.0003118137016505665,-0.008660939626341251,0.000708905159316043,-0.0003109530555324753,0.008662633905983099,0.1569799893025473,1.033041329352917,0.00019733681155098963,-0.15699831052537006,-1.0330609506204624,-0.00019633349215914336
0.54,0.014702472053772524,9.90967628512279e-10,0.5393239167496168,1.3608131397994148e-09,-9.034512475527104e-06,-1.4726806425415352e-07,4.612029456769172e-05,4.844513853205215e-05,0.00026196184527351655,0.0,4,Solved,138462,79891,320866,0.06456564786915844,2.08695970526612e-12,2.1784194592514364e-13,0.3628167583491421,-0.6410690142500772,-0.0023326794324443527,-0.3628141371832687,0.6410696524626464,0.002356056204903234,-0.0006968204767384862,0.00031909045953938377,-0.008532921346312942,0.0006970014533980799,-0.0003183943814918072,0.008537107367823057,0.15699004695100058,1.0330442931428228,0.00019540134901045803,-0.1569902212675033,-1.033050365906535,-0.0002036654098187696
0.545,0.01470117287124835,8.242077531333202e-10,0.5393240312881625,1.6707995068223114e-09,-9.267449763424225e-06,-1.4737809987723962e-07,4.813810716674066e-05,4.534192007033056e-05,0.00026008932435110904,0.0,4,Solved,127090,79891,306368,0.06456630570244327,2.0643277033026327e-12,2.1699853827890359e-13,0.3628133094005376,-0.6410674003893065,-0.00237499073358889,-0.3628106953620768,0.6410680379309174,0.00239831234020975,-0.0006855394136602309,0.0003252888076973433,-0.00841611862695885,0.000683055337467258,-0.00032595293125031776,0.008395044008122516,0.15697168528749364,1.0330264701910417,0.00020788699749977991,-0.15701056113502446,-1.0330608912390924,-0.00019632889432513097
0.55,0.014699883408743742,7.550405967436911e-10,0.5393241468792037,1.7969878867396644e-09,-9.484723551685093e-06,-1.4730570812624246e-07,5.0095237048435745e-05,4.218860758539071e-05,0.0002581414648867385,0.0,4,Solved,127882,87225,314474,0.06456550576923,2.0790701203588443e-12,2.1754166258094662e-13,0.3628099281905154,-0.6410657524948977,-0.0024166198824616047,-0.36280731459619203,0.6410663911540002,0.002439941476607515,-0.0006704940776598522,0.00033248478981928357,-0.008266697083531381,0.0006719735948279418,-0.00033169597680741497,0.008280571108837361,0.15698482639871458,1.0330315327427368,0.00020409163829205855,-0.15699902946315977,-1.03304809230768,-0.00020517864125260286
0.555,0.014698604007133461,6.289258143150145e-10,0.5393242633985514,2.022820212188233e-09,-9.6862794817119e-06,-1.4691862858463423e-07,5.199101327134375e-05,3.906505426329152e-05,0.00025612976975932346,0.0,4,Solved,130086,79901,310216,0.06456483838531366,2.062992968875342e-12,2.174609979393137e-13,0.36280661668602,-0.6410640728437766,-0.0024575536852631794,-0.3628039967813952,0.6410647141380422,0.002480932433923263,-0.0006572615096715648,0.0003383008219619246,-0.008134360256196476,0.0006583909595511426,-0.0003379362441828721,0.008144240876111314,0.15699521614298886,1.033034626073815,0.00020161570758994135,-0.1569904114311741,-1.0330374141650185,-0.00021245741650865167
0.56,0.014697334980564756,7.199774488039776e-10,0.5393243807149377,1.856851220504647e-09,-9.872187419744442e-06,-1.4712569360207432e-07,5.382491814893049e-05,3.5919400936542206e-05,0.0002540501297160651,0.0,4,Solved,123112,79691,301961,0.06456486165911453,1.0692161517284431e-12,8.222484981227968e-14,0.3628033678393089,-0.6410623674293261,-0.002497863044034924,-0.3628007529794771,0.641063005458878,0.002521191675240416,-0.0006451889482474804,0.00034303034728327167,-0.008014362946021038,0.0006427684964703653,-0.0003443279322668621,0.007991207831011848,0.15699040535903921,1.0330267162146662,0.00020681449124952973,-0.1569968982094811,-1.0330377865458324,-0.00021186455297472295
0.5650000000000001,0.014696076661864791,1.0598341800444025e-09,0.539324498695712,1.2368272306985146e-09,-1.0042276633279668e-05,-1.476893737867581e-07,5.5596466754059307e-05,3.274609705721959e-05,0.0002519036470605758,0.0,4,Solved,130126,79941,307941,0.06456498998274812,2.0821991586675915e-12,2.1842212283643136e-13,0.3628001834911935,-0.6410606382000892,-0.0025375390406486577,-0.36279758547681495,0.6410612677210378,0.0025607071821416535,-0.0006317429092535748,0.0003478138129396901,-0.007883269717587186,0.000627729744465504,-0.0003497708316602074,0.007845200902152941,0.1569828223128182,1.0330170747042755,0.00021335105831548888,-0.1570059866334235,-1.03303983972397,-0.00020976067659055742
0.5700000000000001,0.01469482935991266,1.4158183222217308e-09,0.5393246172139265,5.821253228626337e-10,-1.019650729450076e-05,-1.4794548006569216e-07,5.730523037969459e-05,2.9580817504120457e-05,0.0002496963574718655,0.0,4,Solved,125558,81885,319003,0.0645645462150471,1.0674348530581303e-12,8.283924621936177e-14,0.3627970715459687,-0.6410588843742934,-0.002576514548358145,-0.36279448991182445,0.6410595061024936,0.002599526563832745,-0.0006165684261610306,0.00035281935333389056,-0.007737169998763564,0.0006137645400894768,-0.000354122334901281,0.007710408015564683,0.15698832211089134,1.0330167573967073,0.000213058566112145,-0.15700202728996165,-1.0330327394407537,-0.0002142522434156788
0.5750000000000001,0.014693593368260042,1.6786542302052035e-09,0.5393247361469828,9.616184948392353e-11,-1.033489467297634e-05,-1.4796948930775258e-07,5.895088182738779e-05,2.6405075244536397e-05,0.00024742774469615195,0.0,4,Solved,130737,79901,313742,0.06456452949861229,1.0724131635025147e-12,8.054133366018957e-14,0.3627940339446402,-0.641057107901978,-0.0026147769616893723,-0.3627914676975798,0.6410577229283378,0.0026376444917707615,-0.0006018851227356127,0.0003570458706236304,-0.007596772555762932,0.0005986262494862835,-0.0003584068613103911,0.007566463369560038,0.15698416797351972,1.0330093724802107,0.00021760089653396816,-0.15700757791158035,-1.0330324719777966,-0.00021375872021499987
0.58,0.014692368978665634,1.8664221478710366e-09,0.5393248553696951,-2.5193602277453445e-10,-1.0457377449382152e-05,-1.479174767072695e-07,6.0533155114815494e-05,2.32223250513406e-05,0.0002451006339630374,0.0,4,Solved,131748,80031,310987,0.06456510370899636,2.0846509706201834e-12,2.1881607786019934e-13,0.36279107329855914,-0.6410553106605554,-0.002652309793993445,-0.3627885196347382,0.6410559208437462,0.002675061130931632,-0.0005860180682272262,0.00036115155070157986,-0.007447167095960338,0.000583988543578183,-0.0003618682730213976,0.007428586119683056,0.1569664286199587,1.032992701327246,0.0002293098057915548,-0.15702789230636258,-1.0330416593439418,-0.00020570487235197556
0.585,0.014691156586447162,1.7013425525608004e-09,0.5393249747130037,3.9665673587881746e-11,-1.056283125505005e-05,-1.4706465895280008e-07,6.205216365519646e-05,1.9596651514546218e-05,0.00024266785780192805,0.0,4,Solved,125947,80182,313151,0.06456451552844573,2.1102931376454526e-12,2.1852716169815448e-13,0.3627882051316497,-0.6410534910484615,-0.0026890009728903295,-0.36278563824294857,0.6410541081295376,0.0027118753447712162,-0.0005657683801495054,0.00036585075643803583,-0.007266405634310013,0.0005715070074455029,-0.00036313853842924937,0.007319555644617876,0.15697599100737056,1.0329952932585886,0.00022623179989330835,-0.15701878800212624,-1.0330322484551318,-0.00021247419315538468
0.59,0.014689956551794477,1.0750982330263647e-09,0.5393250940407934,1.1733064571559838e-09,-1.0650419575719264e-05,-1.4557107056876205e-07,6.3507286793641e-05,1.6191795268987367e-05,0.0002402045983920315,0.0,4,Solved,136467,79670,316809,0.06456336065805668,2.090255791470477e-12,2.192419321447609e-13,0.3627854319461276,-0.6410516509694808,-0.0027248315888937476,-0.3627828230365535,0.641052286156393,0.0027480920948006766,-0.0005475770753167119,0.0003695679891471267,-0.007099879660755716,0.0005577782317767096,-0.0003653627246967488,0.007193182247867592,0.15699673225654545,1.033005958599399,0.00021746436707229108,-0.15699884586124746,-1.0330137705289069,-0.00022479678449693116
0.595,0.014688768965458562,4.914691454460783e-10,0.5393252133031408,2.239351359732369e-09,-1.072168431949777e-05,-1.4479600840920648e-07,6.489853706526698e-05,1.29826594065928e-05,0.0002377123382527561,0.0,4,Solved,132360,82876,317830,0.06456313574466031,1.0654919795653928e-12,8.250188798498308e-14,0.36278273962769,-0.6410497982894645,-0.0027599222146680235,-0.3627800871745218,0.6410504497033587,0.0027835774814699834,-0.0005327285226719475,0.00037132436267499043,-0.006964077871120549,0.0005404848984840861,-0.00036868569973002213,0.007033712712325494,0.15700864955529706,1.033010171914565,0.00021328127223459392,-0.1569881442251107,-1.0330018210914529,-0.0002322596462343447
0.6,0.014687594031040424,3.891913620617853e-10,0.539325332367172,2.43586723380138e-09,-1.07769312345863e-05,-1.452889402714147e-07,6.622601134473548e-05,9.752487192047626e-06,0.0002351681823862053,0.0,4,Solved,132841,81574,319203,0.06456350557366151,1.081320415811012e-12,8.339314453564842e-14,0.3627801172239062,-0.6410479406504141,-0.0027943821537807353,-0.3627774444963412,0.641048596247701,0.002818211950430962,-0.000519323151473392,0.0003718238924911504,-0.0068443493416149095,0.0005209334723279328,-0.0003721331285089776,0.0068563350134306245,0.156984034536388,1.032988699163994,0.00022760836295213362,-0.1570136621909855,-1.0330160891785842,-0.00022098938248938911
0.605,0.014686431984735314,5.986058608565755e-10,0.5393254511006937,2.056696801322932e-09,-1.0816111004574652e-05,-1.4583374162863558e-07,6.748969492498552e-05,6.5687927966260304e-06,0.00023258145539633546,0.0,4,Solved,134234,79470,313532,0.06456251125413945,2.0858208751871296e-12,2.195579889365017e-13,0.3627775750467122,-0.6410460756734618,-0.0028281228031556624,-0.36277488698528815,0.6410467325906022,0.002852075269168084,-0.0005015384180480766,0.0003739059559237646,-0.0066845678118281765,0.0005055390306133833,-0.00037327781648197007,0.006717289823475074,0.15700529504709032,1.0330001800662312,0.00021836713310970223,-0.15699349001263124,-1.0329979948247054,-0.00023298932087374157
0.61,0.014685283029849608,8.944257025178514e-10,0.5393255694146246,1.5152097931720026e-09,-1.0839471664227546e-05,-1.4623231090108182e-07,6.868973062284413e-05,3.4144186698218326e-06,0.00022994966297266837,0.0,4,Solved,126529,80131,306399,0.06456294963069584,1.0731789489555527e-12,8.385925251916359e-14,0.36277511125197787,-0.6410442057716804,-0.002861160530374594,-0.3627724177090044,0.641044859466543,0.0028851434012213597,-0.0004872305760220071,0.00037419569689125745,-0.006556562090796098,0.00048640790389181297,-0.0003756453571351039,0.006545060157729077,0.15698757518370873,1.0329836217081156,0.000228964692832304,-0.1570119339882675,-1.0330071940911334,-0.00022510783745187184
0.615,0.014684147368138844,1.3467600118378988e-09,0.5393256872181434,6.861084443315387e-10,-1.084718041511124e-05,-1.4672408794857225e-07,6.982629043326575e-05,3.4026918017112094e-07,0.00022728068857864664,0.0,4,Solved,139904,80122,321457,0.06456342561941636,2.095627814210937e-12,2.2031221417779124e-13,0.36277272865710664,-0.641042331383521,-0.0028934712419051473,-0.3627700351256511,0.6410429801069285,0.0029174342392020132,-0.0004697150320240975,0.00037547602882851685,-0.0063996725721799565,0.00047023242054489595,-0.0003761785625484993,0.006400586932578303,0.15697148117542029,1.032969495599583,0.0002388327832625368,-0.1570294942685452,-1.0330148099106617,-0.00021754618637289096
0.62,0.014683025231460508,1.4303088787714562e-09,0.5393258043963747,5.218897579397627e-10,-1.0839002919289113e-05,-1.461314576847436e-07,7.089976632588263e-05,2.971718645351402e-06,0.00022454976725915166,0.0,4,Solved,123042,82095,307391,0.06456209974518454,1.0507498084752009e-12,8.044637928818634e-14,0.36277044340618064,-0.6410404480338193,-0.0029249173924105172,-0.3627677262819145,0.6410411033110397,0.0029490812321356385,-0.00044893257032858045,0.00037758946479143435,-0.006216095531882424,0.00045642786160905827,-0.0003749990319445771,0.006282188268588909,0.15701286410378965,1.0329935959229526,0.00021877586922890532,-0.15698847343746333,-1.0329832269923327,-0.0002400197616258369
0.625,0.014681916858074351,1.3769891011448818e-09,0.5393259208340893,6.163247263712376e-10,-1.0814559728938583e-05,-1.4587467167922873e-07,7.191031291366427e-05,6.155522294103878e-06,0.00022178819667945516,0.0,4,Solved,123964,79279,302291,0.06456257956610285,1.0725483804786024e-12,7.810155018287066e-14,0.36276824078609365,-0.6410385654470717,-0.0029556417213320685,-0.3627655077945343,0.6410392236336786,0.002979938341059149,-0.00043519409700718773,0.0003759978127792755,-0.006097514835350304,0.0004355418016389501,-0.000376684064307098,0.006098103413969811,0.1569828932512457,1.0329689737343866,0.00023527766023935247,-0.15701897956408223,-1.0330012730576457,-0.00022559528253931926
0.63,0.014680822354900355,1.5745973989628999e-09,0.539326036438195,2.5569333609762115e-10,-1.0774533297090674e-05,-1.4617982249514912e-07,7.285825987403767e-05,9.226484868305443e-06,0.0002190015070063289,0.0,4,Solved,129515,105690,338650,0.06456178647603829,1.0657810235483749e-12,8.2704638069416e-14,0.36276612248585505,-0.6410366843601456,-0.0029856288018517588,-0.36276337776768613,0.6410373435834729,0.003010018411659397,-0.0004162805777445819,0.00037651456531021855,-0.005931068781292593,0.00041992451348421843,-0.00037573844015170824,0.0059614845513211185,0.15701528378289478,1.0329885836166126,0.00021989795227720136,-0.15698748139114624,-1.0329748966720154,-0.00024283962837011542
0.635,0.01467974188676555,1.8379355997447083e-09,0.5393261511203334,-2.2323392220788917e-10,-1.0719050228544897e-05,-1.466703709619553e-07,7.374413681761943e-05,1.236202562113729e-05,0.0002161717902866796,0.0,4,Solved,134685,92885,349199,0.06456161515530774,1.0662140008966457e-12,7.929003681843446e-14,0.36276408304995805,-0.641034809114014,-0.0030149334257110693,-0.3627613431991748,0.6410354626275638,0.003039266180673727,-0.0004025567610024004,0.0003742713561680438,-0.005814269653427049,0.00039854092296548406,-0.00037663145216292873,0.005775328420560857,0.1570163978108836,1.0329858424849239,0.00022064820345909275,-0.15698968412508066,-1.0329735352886458,-0.00024309467100566297
0.64,0.01467867589407784,2.579780668045149e-09,0.5393262647577315,-1.56816476759176e-09,-1.0645759340722815e-05,-1.482743013517174e-07,7.456888130973146e-05,1.6336452444204058e-05,0.00021320913004728884,0.0,4,Solved,136227,102273,362004,0.0645618684399877,2.0905174203781477e-12,2.2157554221928087e-13,0.3627621164741984,-0.6410329458542968,-0.0030436513322121255,-0.3627594188448176,0.6410335792328085,0.0030675889977516795,-0.00038742887328484374,0.00037176944990758535,-0.005696617425325022,0.0003760276970363753,-0.0003768588246500323,0.005590982900686612,0.1569848523018106,1.0329600756507022,0.00023733013598745627,-0.15701835966589323,-1.032989895039803,-0.00022883792404373513
0.645,0.01467762458910846,3.358249295422775e-09,0.5393263772619341,-2.988650268362455e-09,-1.0554203657524097e-05,-1.4935517828394182e-07,7.533197879508833e-05,1.946167555218521e-05,0.00021031268444433033,0.0,4,Solved,135927,84058,341425,0.06456110490348123,1.0814539254772762e-12,8.266930454993371e-14,0.3627602366271201,-0.6410310884801166,-0.0030716381654464133,-0.36275758746617354,0.6410317023304151,0.0030951310608968016,-0.00036861815907741755,0.00037143403358764647,-0.005531530054021441,0.00036000982700873146,-0.0003745923714138982,0.005453384224025973,0.15699817379737552,1.0329660096948665,0.00023142100652104325,-0.15700560511948794,-1.0329776784556997,-0.00023606596626503154
0.65,0.014676587667862595,3.7987297157227295e-09,0.5393264885770367,-3.795969690361235e-09,-1.0448228800654884e-05,-1.496751347610945e-07,7.603443292164021e-05,2.2358092715431078e-05,0.00020741336340805976,0.0,4,Solved,130006,80913,317079,0.06456097808479791,2.1086702912226584e-12,2.2186609148731782e-13,0.3627584442640773,-0.6410292370719182,-0.0030988629012780426,-0.36275584338995126,0.6410298346172819,0.0031219242883093546,-0.00035195842714434803,0.0003696945453913649,-0.005387357071526341,0.0003416056822949891,-0.0003730218919899902,0.00529562777489856,0.15699642593416235,1.0329615350923798,0.0002330483858508282,-0.15700746495642656,-1.0329756493567666,-0.000235660561217173
0.655,0.014675565252911233,4.101708358858114e-09,0.539326598616125,-4.346831957235784e-09,-1.0327968847736832e-05,-1.5009066695102053e-07,7.667680467944163e-05,2.5167964616561196e-05,0.00020449562057644677,0.0,4,Solved,137760,81293,321297,0.0645612654254655,2.087940110015675e-12,2.2047590901232053e-13,0.36275673602063985,-0.6410273948966593,-0.00312535874714801,-0.36275419001114273,0.6410279762395612,0.0031479398928328326,-0.00033501814057183073,0.0003677749508247716,-0.005240499395317141,0.0003236286855753645,-0.0003709653977373921,0.005141526817746034,0.15698573790976403,1.0329505768305587,0.00023921811084495303,-0.15701833673965027,-1.032980246807448,-0.0002305249884460758
0.66,0.014674557417557719,4.139396444482565e-09,0.5393267072945039,-4.41296255059009e-09,-1.019389166984771e-05,-1.501233625356539e-07,7.72598021208323e-05,2.7907841683335847e-05,0.0002015596691114305,0.0,4,Solved,138351,81253,327910,0.06456057801638268,2.1113140539504714e-12,2.2126325641822126e-13,0.3627551181206216,-0.6410255611098282,-0.0031510709000678715,-0.36275262078267667,0.6410261314959204,0.003173238247589444,-0.0003161931826876001,0.0003662468456599656,-0.005077198379014649,0.0003075463547383752,-0.0003678095949046605,0.00500508015620411,0.15699682509709303,1.0329555767723302,0.00023408307384358346,-0.15700750501852184,-1.0329692482621229,-0.0002364736339022053
0.665,0.014673564255480451,3.91082390915684e-09,0.5393268145282939,-3.9894433772052905e-09,-1.0046207892286527e-05,-1.4997817578444486e-07,7.778416144125895e-05,3.062216729736489e-05,0.00019860201897411604,0.0,4,Solved,124615,79981,305036,0.06456065361613667,1.0686846070578888e-12,8.137721732120868e-14,0.36275358872040425,-0.641023738571339,-0.00317602030924182,-0.36275113757215616,0.641024300843336,0.0031978051611117092,-0.0002992166511544842,0.0003635345578056059,-0.0049316832353812675,0.0002896008471602842,-0.00036520361833267096,0.0048522944335454106,0.15699176278612095,1.0329480841656429,0.00023709612386246521,-0.15701265458348512,-1.0329704578581866,-0.00023417793590913057
0.67,0.014672585860346359,3.6025469287343466e-09,0.5393269202320743,-3.4167641818255373e-09,-9.885037339002978e-06,-1.499555531735384e-07,7.825065112911596e-05,3.330624369512727e-05,0.00019562580653188856,0.0,4,Solved,123253,79561,301660,0.06456078731758408,1.0613316699434421e-12,8.598712551042787e-14,0.3627521471100986,-0.6410219299400893,-0.0032002208132682953,-0.362749741277488,0.6410224852332526,0.0032216346837338214,-0.00028127066152148063,0.0003607050703935482,-0.00477907161397576,0.0002725719510919056,-0.0003619338962759064,0.004708271694546269,0.1569841382537478,1.0329403548790694,0.00024141958230852831,-0.15702023656434433,-1.0329725970813453,-0.0002303469194872213
0.675,0.014671622294243241,3.11760202202351e-09,0.5393270243295891,-2.5243799762497644e-09,-9.71070005541975e-06,-1.4953758726428347e-07,7.866001118102224e-05,3.5896304086202334e-05,0.00019263926538427064,0.0,4,Solved,135395,90711,328220,0.06456003769621296,2.103235636580219e-12,2.219162616458304e-13,0.36275079875860106,-0.6410201343353911,-0.0032236235161330644,-0.362748425479093,0.6410206883189292,0.0032447842414100457,-0.00026214007295827566,0.00035823957108293745,-0.0046148825998245015,0.00025707965933318994,-0.0003578958122412629,0.004577560515814614,0.15699709046445517,1.032946716601195,0.00023490754444789773,-0.1570072822246569,-1.0329606031394074,-0.00023719245254855546
0.68,0.014670673602956633,2.5165050603366157e-09,0.5393271267683291,-1.4178486059833561e-09,-9.523628537948085e-06,-1.4910302569095164e-07,7.90131003414503e-05,3.842218913985747e-05,0.00018964075923909253,0.0,4,Solved,134264,80873,317339,0.06456010835020397,1.0602194343147845e-12,8.48163294342458e-14,0.3627495390680611,-0.6410183551166173,-0.0032462705822726787,-0.3627471935855651,0.6410189091908064,0.0032672212405411576,-0.00024531463935943427,0.00035444438223152495,-0.004472319991127611,0.00023944416819052897,-0.00035464022776033797,0.0044272582405589095,0.1569909912608628,1.0329399113756708,0.0002382352746327343,-0.15701331445954333,-1.0329617336032635,-0.00023406344215203827
0.685,0.014669739841261534,1.975679843212304e-09,0.5393272274803653,-4.1958362343326515e-10,-9.324058557205389e-06,-1.4888365336046332e-07,7.931080541598695e-05,4.09056143084174e-05,0.00018663034837440522,0.0,4,Solved,123113,79340,305507,0.0645598121219053,1.0786371773735426e-12,8.114024448519851e-14,0.3627483667209502,-0.6410165942986145,-0.003268177698841459,-0.3627460462638987,0.641017148797369,0.003288940827328708,-0.0002274184531423409,0.00035083223444010034,-0.004320749220467021,0.00022298835069179174,-0.0003505781640621923,0.004288219914437086,0.15699393132122388,1.0329390168702055,0.0002366994002691488,-0.157010151086012,-1.0329569939504848,-0.00023567089730419538
0.6900000000000001,0.014668821047584931,1.4536186069198633e-09,0.539327326393268,5.425043916358721e-10,-9.112267849593362e-06,-1.4860997113902196e-07,7.955402114957006e-05,4.331843045359286e-05,0.0001836132433118032,0.0,4,Solved,123484,79921,303824,0.06455977290353852,1.0671173206161359e-12,8.115819831300816e-14,0.36274728194163275,-0.641014853361107,-0.0032893457038233598,-0.3627449824198236,0.6410154087011142,0.003309953895771285,-0.00021014621858294575,0.00034662269179945555,-0.004175361401465947,0.00020612595056983534,-0.0003465144756652361,0.004145407176498914,0.15699118067853346,1.0329343919941418,0.0002380280928656279,-0.15701264265150447,-1.0329563664566164,-0.00023422522232744504
0.6950000000000001,0.014667917237843879,1.0133738728606704e-09,0.5393274234447943,1.3523645316702927e-09,-8.888666558758742e-06,-1.4833067754555182e-07,7.974367440133541e-05,4.564514971016899e-05,0.0001805925994319019,0.0,4,Solved,131167,80282,322670,0.0645590964370734,2.1120290188106026e-12,2.226871116027757e-13,0.362746284432963,-0.6410131336334515,-0.0033097780152952436,-0.36274400089592157,0.6410136901444792,0.0033302695483816962,-0.00019256449531923498,0.0003423582990546655,-0.004027044123205286,0.00018991303530189942,-0.000342047137391909,0.004008093470109181,0.1570024087354077,1.0329399354062236,0.00023201801802917889,-0.1570012021762257,-1.0329455429931744,-0.00023997464430637627
0.7000000000000001,0.014667028430193855,7.464640201440241e-10,0.5393275185771157,1.8454973502438364e-09,-8.653577999579219e-06,-1.4832109743356668e-07,7.988077585728166e-05,4.793063870585969e-05,0.00017756535526570135,0.0,4,Solved,125116,81133,304996,0.06455905733875023,1.0672083123964939e-12,8.065751606916879e-14,0.3627453686410582,-0.6410114386425646,-0.0033295270291283075,-0.36274310612704763,0.6410119923053558,0.003349849013194388,-0.0001770274164549262,0.0003369730308254487,-0.0038980522278878175,0.00017180198339526799,-0.00033810441629461487,0.003854284114050595,0.15701214491582027,1.0329449174200036,0.00022674148781574624,-0.15699162708851913,-1.0329362149413501,-0.00024468507291718023
0.705,0.014666154685688082,8.84933403114037e-10,0.5393276117327771,1.6021259597582905e-09,-8.406889250259302e-06,-1.4911219515958766e-07,7.996639056287787e-05,5.02914323567176e-05,0.00017451893038642572,0.0,4,Solved,122392,79801,300077,0.064559819227277,1.0705590493565412e-12,7.97410326125137e-14,0.362744525536913,-0.641009772909266,-0.003348680203210723,-0.3627423068273042,0.6410103130032055,0.0033686195968278113,-0.00016314782269209914,0.00033082136323018033,-0.00378538854627993,0.00015204067954942692,-0.0003345448090578983,0.0036871833715598676,0.15697912467335906,1.0329175602372773,0.00024363160532094808,-0.15702380114183956,-1.032957107636432,-0.0002275363090521416
0.71,0.014665296036389934,1.1645414925183166e-09,0.5393277028353338,1.090394261172109e-09,-8.14859718922657e-06,-1.494766990633865e-07,8.00014906239042e-05,5.2551889889166965e-05,0.0001714787108263323,0.0,4,Solved,133643,80142,317881,0.06455961555074599,1.0849383648055397e-12,7.810119501136796e-14,0.362743768828979,-0.6410081320898708,-0.0033671182359697864,-0.3627415888637236,0.641008660515796,0.003386715867380182,-0.00014362640188396035,0.00032657544007587825,-0.0036223242376944792,0.00013805817615498116,-0.0003280237053805369,0.003573548953645225,0.15698119378351608,1.03291743383562,0.00024220287186809978,-0.15702164361327944,-1.0329538488119359,-0.00022803989471198931
0.715,0.01466445244972387,1.1144675322098007e-09,0.539327791817119,1.1676822080740888e-09,-7.879185067037831e-06,-1.4863529409266563e-07,7.998710834030199e-05,5.4769004702808134e-05,0.00016843539363485186,0.0,4,Solved,126189,81614,310246,0.06455876186134736,1.0658877738708285e-12,8.065391265204483e-14,0.3627431074681658,-0.6410065131162616,-0.0033847568804226858,-0.3627409412530509,0.6410070397110627,0.0034042379361588536,-0.00012482378069807775,0.00032213157559017396,-0.003464434425122344,0.00012394261699414348,-0.0003218027248838659,0.0034579870925870583,0.15699841938648762,1.0329277901900276,0.00023266135758499777,-0.15700465203185904,-1.0329401897815578,-0.00023647793124950548
0.72,0.01466362399912092,9.993468892621816e-10,0.5393278786925695,1.3683149815007811e-09,-7.598396213973766e-06,-1.4799557571934367e-07,7.992444614420635e-05,5.710613049267189e-05,0.00016537080822360664,0.0,4,Solved,123854,79941,307761,0.06455827182434819,1.0786798477362796e-12,8.567899650535894e-14,0.36274253085928604,-0.6410049207238427,-0.0034016950934243743,-0.3627403731771322,0.6410054460619085,0.003421104044023421,-0.00010907994902815748,0.00031626022617477505,-0.0033360570226923215,0.00010684941642415375,-0.0003168721327772795,0.0033164814178095236,0.1570036030751571,1.0329299243963652,0.00022933421522155367,-0.15699806161043792,-1.032932349189571,-0.0002391625902466738
0.725,0.01466281067432558,1.1362533252769824e-09,0.5393279634328675,1.1174627055807473e-09,-7.30647903789638e-06,-1.4821139493831944e-07,7.981442688854927e-05,5.918891723631233e-05,0.00016233402938104448,0.0,4,Solved,140275,80702,320576,0.0645582315426086,2.0938178654516398e-12,2.224768085685655e-13,0.3627420287078326,-0.6410033593263964,-0.0034180218737055396,-0.36273989207531254,0.6410038771843237,0.0034372421576192996,-9.475314712238542e-05,0.00030984398518024356,-0.0032178278153775397,8.923728061687097e-05,-0.0003119014064448579,0.003168105192271362,0.15699963030850445,1.0329262564901538,0.00023083943027134502,-0.15700137428638694,-1.0329317046817377,-0.0002365880243986402
0.73,0.014662012326159301,1.4399333806074016e-09,0.5393280459858406,5.654699234611684e-10,-7.004703565288606e-06,-1.487899808691683e-07,7.965823249124857e-05,6.112108992346102e-05,0.00015931366670660785,0.0,4,Solved,130216,80091,309865,0.06455873717615442,2.096228116209395e-12,2.2266293220026337e-13,0.36274159948559287,-0.6410018290289441,-0.0034337422555609136,-0.3627394961524922,0.6410023352031287,0.0034526648170615406,-7.999423706163094e-05,0.0003037419119795876,-0.003094558204570009,7.256635753415905e-05,-0.0003062622427128098,0.0030284443961630463,0.15698618441141496,1.0329136342065743,0.00023709212689625132,-0.15701394650330078,-1.0329397948184706,-0.00022920837996158255
0.735,0.014661228884124284,1.6514649421157203e-09,0.5393281263128518,1.7715662628344428e-10,-6.693655723564423e-06,-1.489341828758256e-07,7.945700427418803e-05,6.291746914931944e-05,0.0001563096754681007,0.0,4,Solved,126349,80142,305878,0.06455835098469395,1.0622844156894355e-12,8.46313747692265e-14,0.3627412500918417,-0.6410003273072974,-0.0034487905112521432,-0.3627391758016587,0.6410008247001471,0.003467456569301991,-6.322517213128264e-05,0.0002982717290486902,-0.0029527422130368334,5.84690811773871e-05,-0.00029954121520567865,0.0029111548418508182,0.15699157647220185,1.0329158169512815,0.00023347029728912536,-0.1570078133180652,-1.0329336157551032,-0.00023150999393736099
0.74,0.014660460264768487,1.6879070982258365e-09,0.5393282043749241,1.0546296506512657e-10,-6.373960326393158e-06,-1.4866568261988118e-07,7.921193578303168e-05,6.460883299048972e-05,0.00015331966079175862,0.0,4,Solved,142278,83708,331967,0.06455799388295058,2.1156079526842634e-12,2.2282594877316014e-13,0.36274098053510656,-0.640998854869545,-0.0034631639684418293,-0.36273892825814374,0.6409993468238353,0.0034816395984426426,-4.776754998084512e-05,0.00029216597994147144,-0.0028222510742858383,4.360361633907724e-05,-0.00029313632440206385,0.002786496423574823,0.15699692834792037,1.032917596239,0.00022974435730940124,-0.1570017745278129,-1.0329279021272093,-0.00023379400813625077
0.745,0.01465970640826386,1.7289520835318564e-09,0.5393282801387664,2.925569884333765e-11,-6.045991576586417e-06,-1.4864304140591334e-07,7.892425997203837e-05,6.624582819480844e-05,0.00015033944164893047,0.0,4,Solved,125317,79690,306609,0.06455834474703692,1.0825915038428796e-12,7.924804007787664e-14,0.36274078466978166,-0.640997414997062,-0.003476919194128247,-0.3627387574166713,0.6409979001677082,0.0034951776979054374,-3.349670859030674e-05,0.0002853894269063848,-0.002703113966940793,2.793978647089079e-05,-0.00028698993947090756,0.0026546351601636335,0.15701744647376523,1.0329335159525908,0.00021855892234177922,-0.15698204721725556,-1.032908135795847,-0.00024322607451899864
0.75,0.014658967412759258,1.9565216836074296e-09,0.5393283535129951,-3.7469156261211927e-10,-5.708588815798904e-06,-1.495458085982056e-07,7.859560240039721e-05,6.839203044711439e-05,0.00014730790523841315,0.0,4,Solved,125156,79781,308553,0.0645581564439598,1.0650285374224017e-12,8.191673928146255e-14,0.3627406520299821,-0.6409960141268845,-0.003490177088054783,-0.36273867786452707,0.6409964830636221,0.003507972942671051,-2.1910931045370587e-05,0.00027691449437193235,-0.002616667466292453,7.958071103867278e-06,-0.0002812268765883036,0.0024949753304461127,0.15698888717687617,1.0329086034102566,0.00023208458639557684,-0.15700877577112743,-1.0329305031033569,-0.00022808289907275548
0.755,0.014658243330078882,2.3014327706798516e-09,0.5393284244519554,-9.931089414237016e-10,-5.361023584414513e-06,-1.5056590407494785e-07,7.822655357967341e-05,7.018159762024093e-05,0.000144320789393524,0.0,4,Solved,129394,86714,315917,0.06455822310050807,2.0983065572379235e-12,2.2300607202345966e-13,0.36274058873379494,-0.6409946490932549,-0.003502878267429677,-0.36273867968332,0.6409950986749053,0.0035201051829820535,-6.555397409348862e-06,0.0002705941698771963,-0.002488927214175581,-5.899084736291437e-06,-0.0002741847680000918,0.0023801747311359735,0.15698291438841613,1.0329034118568161,0.00023432333674298526,-0.15701313837029904,-1.0329315696081292,-0.00022429374894089138
0.76,0.01465753385224011,2.4246925307155854e-09,0.5393284930315201,-1.2212255195405736e-09,-5.0058132267140106e-06,-1.5049704195404007e-07,7.781841767111959e-05,7.157042650546291e-05,0.0001413875918028962,0.0,4,Solved,129384,79370,308472,0.0645573650191972,2.115719216065849e-12,2.2224757773611596e-13,0.36274060316933965,-0.6409933146488678,-0.003514919882845441,-0.36273874632387615,0.6409937512419162,0.0035316968662800307,9.140724529175043e-06,0.0002646010275362021,-0.002354186438135483,-1.8263587545849787e-05,-0.0002665690279188752,0.002276529660184035,0.15699918794001266,1.0329138438261303,0.0002246012115468272,-0.15699620869179898,-1.0329178403071553,-0.00023211373237833107
0.765,0.01465683881911316,2.4034810540211913e-09,0.5393285592240085,-1.1826199856812792e-09,-4.6439226745636695e-06,-1.5039824311601064e-07,7.737261062619062e-05,7.292353409144783e-05,0.00013846823860319695,0.0,4,Solved,127310,79921,305287,0.06455867108008147,1.0622354406121612e-12,8.254732669189854e-14,0.36274068668484044,-0.6409920148466712,-0.003526377008943923,-0.36273888350667083,0.6409924385491719,0.0035426952520196085,2.173538606344729e-05,0.00025707204907161744,-0.0022490193358577857,-3.3520257947783024e-05,-0.00026004030392324834,0.0021479874752818573,0.15697410643871074,1.0328902868953345,0.00023746745894346797,-0.1570243576394759,-1.0329387372813035,-0.00021667066899234147
0.77,0.014656158563928467,2.3352116548109783e-09,0.5393286228772727,-1.063682711776483e-09,-4.271823417707631e-06,-1.4998388782103826e-07,7.689136703328412e-05,7.564575493682751e-05,0.00013540613597731784,0.0,4,Solved,135346,78939,313272,0.06455758117325618,2.113970130303313e-12,2.2223231081427465e-13,0.3627408546685612,-0.6409907509448816,-0.0035371884327568865,-0.362739088902779,0.6409911672806363,0.0035531895462939844,4.146812292045497e-05,0.00025009751849997116,-0.0021040703043772617,-4.613210741970604e-05,-0.0002506086289218116,0.002065441299353127,0.15698917437674262,1.032905078976498,0.0002277188225507027,-0.15700446081347685,-1.0329212987720988,-0.0002249369662225769
0.775,0.01465549319122621,2.0362218653561308e-09,0.539328683934519,-5.270140477726491e-10,-3.8880677789166945e-06,-1.490566496345457e-07,7.637422099895111e-05,7.724616007111248e-05,0.00013248075659458243,0.0,4,Solved,126299,80673,317700,0.06455757197801915,1.0709056983797425e-12,8.524423249960088e-14,0.3627411029232777,-0.6409895216229435,-0.0035473610584490765,-0.3627393583368112,0.640989936745616,0.0035631932614734315,5.511904433150379e-05,0.0002432277210008131,-0.00198758790284631,-5.9040466987951615e-05,-0.00024330493432277953,0.001957098943886155,0.15698694883216444,1.0329024769447306,0.0002275334556781018,-0.15700536164693177,-1.0329211516483063,-0.0002230157045697747
0.78,0.014654841997119396,1.6328744513833007e-09,0.5393287425982302,2.098895854849127e-10,-3.498559751905976e-06,-1.484731529710583e-07,7.582301908645655e-05,7.83118043299958e-05,0.00012962819131455918,0.0,4,Solved,132039,79901,310256,0.06455843197389696,2.115016794037686e-12,2.2378868642100938e-13,0.3627414190287779,-0.6409883264862098,-0.003556949825379859,-0.3627396896117802,0.6409887429671626,0.0035726707843449722,6.863365410772467e-05,0.0002364099021694648,-0.0018706441043675626,-7.106667176695768e-05,-0.0002359212943852415,0.0018538757704585408,0.15696649777648272,1.032887581618394,0.00023755328101981532,-0.1570263764578219,-1.0329349115823514,-0.00021032634275332926
0.785,0.014654204970409847,9.108913410752517e-10,0.5393287988653087,1.5240655790503984e-09,-3.102861816509758e-06,-1.471638525490984e-07,7.523943709993332e-05,7.976603943525084e-05,0.0001267437428057923,0.0,4,Solved,124676,80121,303102,0.06455683491951489,1.07330021053498e-12,8.24966235213603e-14,0.36274181551490664,-0.6409871610118019,-0.003565855903343142,-0.3627400704215345,0.6409875915025325,0.0035817464092274456,8.640880087387806e-05,0.00023103483008538972,-0.00172116452430289,-7.958587976174932e-05,-0.0002267680769038463,0.0017885732117034364,0.15699909421721714,1.0329093587122382,0.00021801911587156418,-0.15699094748330933,-1.0329087644065302,-0.00022806688491674328
0.79,0.014653582058500118,1.831828433733688e-11,0.5393288527148903,3.15574994474316e-09,-2.700780532418285e-06,-1.460106820350721e-07,7.462427626460904e-05,8.075789662852299e-05,0.00012392943229455253,0.0,4,Solved,139464,80462,320175,0.0645587451541223,1.076832026516854e-12,8.305124809064424e-14,0.3627422787001853,-0.6409860317037505,-0.003574197637168158,-0.36274051004885277,0.6409864770955508,0.0035903256367928044,9.684420050092701e-05,0.0002226194577147434,-0.001632376731690951,-9.347589697389438e-05,-0.00022045682858114522,0.001666940537652144,0.15695850752226856,1.0328765997329254,0.00023903220528347527,-0.15703442933242948,-1.0329399224659568,-0.00020400449592675713
0.795,0.014652973296600424,-7.814661062145406e-10,0.5393289040309382,4.6121009660514e-09,-2.291086569708286e-06,-1.447438884698854e-07,7.398002062440562e-05,8.295316839562965e-05,0.00012099802579628897,0.0,4,Solved,130526,79460,308984,0.06455749288249196,2.116314560825211e-12,2.2170845481771576e-13,0.3627428240312997,-0.640984938108948,-0.003581895258118453,-0.3627410019378945,0.6409854069112456,0.0035985166856621954,0.00011721687636696183,0.00021626797893874774,-0.001477204781636791,-0.00010170516010547737,-0.00020997616537153942,0.0016182673941689126,0.1569802585375029,1.0328944429189848,0.00022497682510298157,-0.15700801890284674,-1.0329198861198714,-0.0002161650821109943
0.8,0.014652378793525312,-1.8015672694541913e-09,0.5393289527615212,6.4615098833459256e-09,-1.8720471539646688e-06,-1.4271371027663397e-07,7.330637245354569e-05,8.416136241417997e-05,0.00011819419857474787,0.0,4,Solved,123182,79059,300778,0.0645566989624157,1.0696196935794882e-12,7.984651715584213e-14,0.36274344940094316,-0.6409838792053454,-0.003588945581844203,-0.362741540990603,0.6409843803212866,0.0036063454601587695,0.00013037422642726043,0.0002089705919986816,-0.0013645983401250135,-0.00011189788433143893,-0.00020239226040160094,0.0015302258544214946,0.156997278586869,1.0329049754947786,0.00021408116314164293,-0.15698978397401267,-1.0329071833986512,-0.0002245579744007597
0.805,0.014651797900431444,-2.416935600442195e-09,0.5393289990764994,7.582864718689564e-09,-1.4487665099188266e-06,-1.4194839681932232e-07,7.26052097239799e-05,8.497776414265301e-05,0.00011545326084402576,0.0,4,Solved,136167,81103,316117,0.06455712047344461,2.107216253915862e-12,2.22620045228078e-13,0.36274413014898627,-0.6409828615290992,-0.003595529481191032,-0.36274213946604694,0.6409833874798567,0.003613652742414959,0.00014006820632746399,0.00020012105412189999,-0.0012841083148378498,-0.00012491894491066134,-0.00019616603743367414,0.001415151410236649,0.15700961481090508,1.0329139275751138,0.00020591266414220455,-0.1569756908560971,-1.0328961615421774,-0.00023024532810230348
0.81,0.01465123042614797,-2.2198020990575898e-09,0.5393290429838545,7.226554835386845e-09,-1.0220843118749317e-06,-1.427189398506672e-07,7.18777213297903e-05,8.553648013411346e-05,0.00011276200485907128,0.0,4,Solved,130437,80232,310226,0.0645572169004508,2.1131100759756782e-12,2.2259766322947974e-13,0.36274485063527434,-0.6409818900499654,-0.0036017785515754944,-0.36274280782913493,0.6409824234811955,0.003620331703669544,0.00014684880272526214,0.00019062987595561202,-0.0012261588183865263,-0.00013955140210258977,-0.00019068900794829221,0.0012824058225155267,0.15698080004798498,1.0328928975779195,0.00021938433728289629,-0.15700323203066235,-1.0329154704072128,-0.00021411789984708746
0.8150000000000001,0.014650676147385595,-1.5051747773858939e-09,0.5393290845065288,5.914645498324124e-09,-5.931038740082096e-07,-1.43566114298091e-07,7.11253004654751e-05,8.59584054882295e-05,0.00011010697531372452,0.0,4,Solved,123644,80001,302180,0.06455648775419945,1.0646936912156061e-12,7.79693357447251e-14,0.36274561890547546,-0.6409809589574095,-0.0036076070652470687,-0.3627435331773194,0.6409814941318981,0.003626493298134851,0.00015822610113288703,0.00018344890207532235,-0.0011248435448134337,-0.00014883561828277932,-0.00018283125831062137,0.0011981901202501746,0.15699582287305633,1.0329031481704676,0.00020969929766175152,-0.15698702615319413,-1.0329038040671912,-0.0002210610908140762
0.8200000000000001,0.014650134917410806,-6.721423485011059e-10,0.5393291236548806,4.377108156773108e-09,-1.622180659558311e-07,-1.4400520943123886e-07,7.034928774492027e-05,8.631749682597265e-05,0.00010748064774060462,0.0,4,Solved,124675,88417,311830,0.06455651815461254,1.0581424843421863e-12,7.740544342069706e-14,0.3627464341648715,-0.6409800674090643,-0.003613015000131204,-0.36274431272406654,0.6409806004821648,0.0036321633990541195,0.0001663395700274222,0.00017507748859422475,-0.0010520165344231518,-0.00016069057298199064,-0.00017614134074312078,0.0010906624347523405,0.15699241221654034,1.0329009527541193,0.00020978523248202312,-0.15698906554873937,-1.0329042904738006,-0.00021826757734338414
0.8250000000000001,0.01464960658694326,3.849974126508061e-10,0.5393291604362248,2.4321036670350665e-09,2.7021114226934964e-07,-1.4480386906080945e-07,6.955098738053166e-05,8.658758414958117e-05,0.00010488764392257104,0.0,4,Solved,124345,79931,302712,0.06455662312609083,1.0670642537470596e-12,8.214554690845837e-14,0.36274729031696573,-0.6409792166286746,-0.003618051543740092,-0.36274514907797223,0.6409797417900841,0.003637318663995266,0.00017456058128854574,0.0001670553521487721,-0.0009768202993268053,-0.00017173696851965908,-0.0001689564714683727,0.0009906698535358358,0.15699933190231707,1.0329059700174532,0.0002044851002084799,-0.15698162944755056,-1.032898854683109,-0.00022053637108383512
0.8300000000000001,0.014649091058662439,1.5539382288192e-09,0.5393291948551948,2.867157907238377e-10,7.043027361857965e-07,-1.4589231663055518e-07,6.873183773088106e-05,8.700256154498119e-05,0.00010230052684105697,0.0,4,Solved,130977,79279,309645,0.06455721457067509,1.0795815293189404e-12,7.569101627688712e-14,0.3627481834005967,-0.6409784072470094,-0.003622754540607279,-0.36274604437871444,0.6409789177128214,0.0036419477067675243,0.00018140244460185167,0.0001586073711888033,-0.0009157266275929061,-0.00018402251688437546,-0.0001621980728767927,0.0008819519739591421,0.1570125098933502,1.0329154331308015,0.00019579427502052497,-0.15696701425585152,-1.0328880314149995,-0.00022643409652018065
0.835,0.014648588265077835,2.9749173376928825e-09,0.5393292269254252,-2.3089077684052006e-09,1.1404411674622319e-06,-1.4782747841092904e-07,6.789301952767702e-05,8.736739016653416e-05,9.974392874790502e-05,0.0,4,Solved,130476,85321,314554,0.06455806506220227,2.1045383433873135e-12,2.2280880143817593e-13,0.362749102075706,-0.6409776427852721,-0.0036272256577701122,-0.3627470073315828,0.6409781248706633,0.003645974928694738,0.00018538265602904293,0.00014927577710700796,-0.0008791106214486074,-0.00019838437835806375,-0.00015627572891167287,0.0007538627727678797,0.1569536914062228,1.0328727410880871,0.0002248174804256927,-0.1570237300013144,-1.0329290409952363,-0.00019474203329395456
0.84,0.014648097958775648,4.125854114508996e-09,0.5393292566657802,-4.421673986958784e-09,1.5775383934776994e-06,-1.486763664880848e-07,6.703565587714979e-05,8.740795106060967e-05,9.724951404140072e-05,0.0,4,Solved,129615,79750,308032,0.06455728003146288,2.1017554410466406e-12,2.2241869194398849e-13,0.3627500692289323,-0.640976911418541,-0.0036312409797122766,-0.36274800924838424,0.6409773748744524,0.003649648979741097,0.00019884073874612334,0.00014437840535065803,-0.0007519931006207455,-0.00020185754851664072,-0.00014602197993087543,0.0007211174556624019,0.15696988903231396,1.0328844303826734,0.0002146720972507239,-0.15700618157499477,-1.0329164805034061,-0.00020196778602869726
0.845,0.014647619868757344,4.3224620913816025e-09,0.5393292841036902,-4.799989754423023e-09,2.014321659140359e-06,-1.4765916557167916e-07,6.616109419669356e-05,8.731300877094318e-05,9.479736666203851e-05,0.0,4,Solved,128293,81424,307280,0.06455711252696567,2.110545526648484e-12,2.218993997609494e-13,0.3627510931610278,-0.6409762091432112,-0.0036347126249948406,-0.36274903674774217,0.6409766714205778,0.0036530828598409044,0.00020885571723241236,0.0001379734663312869,-0.0006552257457416915,-0.00020802025348097254,-0.0001373095082213247,0.000663167872645138,0.1569719430525007,1.0328861836613399,0.00021178735740877527,-0.1570028176317526,-1.0329138004314506,-0.0002019140248882276
0.85,0.014647153830831441,3.9856123645113e-09,0.5393293092534779,-4.191329957280647e-09,2.4504693844288134e-06,-1.4662506079188643e-07,6.527061950536154e-05,8.716967899756506e-05,9.237817105570236e-05,0.0,4,Solved,124365,79971,302431,0.06455810303855006,1.0660853227634495e-12,7.644833408013484e-14,0.36275216498025903,-0.6409755399724975,-0.003637721572037235,-0.3627500954357747,0.6409760106977401,0.0036562214968023036,0.00021815124362888904,0.00013120738597187145,-0.0005654785286516943,-0.00021430914794899776,-0.00012886829944716257,0.0006034045674758302,0.15695262570934576,1.0328713121155315,0.00022043328965505487,-0.15702359594925513,-1.032929648616801,-0.0001896749753219905
0.855,0.014646699943803342,3.1083954291471783e-09,0.5393293320830129,-2.5937959590455763e-09,2.8880033544142095e-06,-1.4498293080781437e-07,6.436607270179008e-05,8.787757843662234e-05,8.988914298952034e-05,0.0,4,Solved,123343,79791,307641,0.06455644383386364,1.0746931187178314e-12,7.88363904431963e-14,0.36275329734996614,-0.6409749019697519,-0.003640196209405017,-0.3627511779820715,0.6409753969630522,0.003659165215171885,0.00023212603358213415,0.00012530338400233818,-0.00044731693733424756,-0.00021809213000555065,-0.00011885106403183202,0.0005781566685807836,0.15698308169716282,1.0328955312121895,0.00020214381532340282,-0.15698916444696212,-1.0329031013418182,-0.00020562277887803914
0.86,0.014646258188608449,1.8790718729227414e-09,0.5393293525812137,-3.4321719655539826e-10,3.3279478268589253e-06,-1.4346492090857653e-07,6.34477098175904e-05,8.792013607107318e-05,8.750541741682185e-05,0.0,4,Solved,125177,79760,302952,0.0645562414134619,1.068358495667879e-12,8.143582178713247e-14,0.3627544772577311,-0.6409743000226634,-0.00364224396639139,-0.3627522920841485,0.6409748249384594,0.003661830814362695,0.0002387040557875857,0.00011725750265552401,-0.00038353505446297786,-0.00022605128271421468,-0.00011158106601076116,0.0005025418814371004,0.15698910099520305,1.0328986793279986,0.0001968109448075094,-0.15698130627502105,-1.0328998626153905,-0.00020796501509632827
0.865,0.014645827986404498,9.681919787825062e-10,0.539329370843474,1.341199697956706e-09,3.766417563560028e-06,-1.4334161248244216e-07,6.251691375797806e-05,8.750517508468099e-05,8.520146356907326e-05,0.0,4,Solved,125958,78959,302862,0.06455701484415834,1.0711993857248177e-12,8.12047787144574e-14,0.3627556846224301,-0.6409737397142325,-0.003644014798394836,-0.36275344696247774,0.6409742863258715,0.003664090796550771,0.00024345472769072036,0.00010875429851533255,-0.0003337802648082807,-0.00023436341053425407,-0.00010527016111909316,0.0004177104601087823,0.15700876495425956,1.0329122375065334,0.0001848435899314927,-0.15696284225140897,-1.0328887079613243,-0.00021615586643340082
0.87,0.014645409316967594,8.215023547344295e-10,0.5393293869278504,1.632968540342179e-09,4.204290465309478e-06,-1.4458911112539429e-07,6.157545291570964e-05,8.774067211331499e-05,8.284837422890138e-05,0.0,4,Solved,145284,84559,333450,0.06455635506055031,2.117674953402005e-12,2.233716243384403e-13,0.36275690783457004,-0.6409732261445961,-0.003645637369796466,-0.36275465527360895,0.6409737749193294,0.003665843628679748,0.0002455716412549228,9.886856534931702e-05,-0.00031746782441243983,-0.0002466409198929884,-0.00010037604103538654,0.00030527393271376164,0.15698458230503082,1.032896757125065,0.00019536933257191405,-0.15698322370763768,-1.032901680968805,-0.00020325157565897833
0.875,0.014645002130635501,1.3545556225358262e-09,0.539329400863132,6.746149921411611e-10,4.642299526862589e-06,-1.46281864739379e-07,6.062376003592626e-05,8.738266433239801e-05,8.059538162124045e-05,0.0,4,Solved,135606,81684,324052,0.06455757353407557,2.10507511000463e-12,2.2211288933310716e-13,0.362758149356757,-0.6409727552196831,-0.0036470731074214457,-0.3627559091528105,0.6409732941426156,0.003667152247924783,0.00025023584741433994,9.11958693769778e-05,-0.0002663013471731039,-0.00025368210937586614,-9.346980016247048e-05,0.00023192401459471058,0.15695679683149014,1.0328775296221588,0.00020799053474382612,-0.15700971859280316,-1.032921176545209,-0.000187504411780441
0.88,0.014644605935594976,1.7053238202779388e-09,0.5393294126943453,2.9428932567659894e-11,5.077475888780327e-06,-1.464941170434173e-07,5.966328814322711e-05,8.679920356369714e-05,7.839831925372612e-05,0.0,4,Solved,124886,80142,312130,0.06455663016726475,1.0607212241080855e-12,8.522125201763147e-14,0.3627594270430172,-0.6409723162454786,-0.003648131567787692,-0.36275718318178235,0.6409728536817535,0.003668230585433086,0.00025917764414770846,8.56231019220779e-05,-0.00017476613574481413,-0.0002557163381139218,-8.466514974848784e-05,0.0002039510370551011,0.15697611350378032,1.0328915420762648,0.00019610067915865065,-0.15698898833192457,-1.032906082676236,-0.00019646963242057094
0.885,0.014644220572048764,1.6702995872943536e-09,0.5393294224239269,8.460715097637508e-11,5.509740990087715e-06,-1.459056242959421e-07,5.8695279858484504e-05,8.622565631898232e-05,7.623439589771767e-05,0.0,4,Solved,132330,80773,312090,0.06455633924158267,1.062051330314905e-12,7.892693411942855e-14,0.3627607383228527,-0.640971910889082,-0.003648838247759323,-0.36275847803866074,0.640972453066312,0.003669078596499886,0.0002644578395193456,7.81613973196412e-05,-0.00011830116972948755,-0.0002612670968419883,-7.721653602511821e-05,0.00014605431361097707,0.1569902709678623,1.0329014278653228,0.00018669613138226106,-0.1569741581514574,-1.0328979404574774,-0.00020247673627089716
0.89,0.014643845928880826,1.799661542228618e-09,0.539329430052718,-1.4963194798832509e-10,5.939442761001057e-06,-1.4621138168624896e-07,5.772089279797886e-05,8.576959072162252e-05,7.40855481857139e-05,0.0,4,Solved,122461,81313,308051,0.06455686493260981,1.0636738279790242e-12,8.010315832188068e-14,0.3627620676688838,-0.6409715456693523,-0.0036493413179330015,-0.36275980733914215,0.6409720851815136,0.0036695734670108915,0.0002669640210260373,6.97767934268615e-05,-8.801498934883319e-05,-0.00026905161876799276,-7.124336803689846e-05,6.700252615097837e-05,0.15697099104145418,1.0328891226597465,0.00019477923015766177,-0.1569910037753125,-1.032909838921757,-0.00019157648966329106
0.895,0.01464348181281257,2.1267063758566966e-09,0.5393294356604934,-7.454142839556752e-10,6.366062237711866e-06,-1.4676119828679967e-07,5.674098408814281e-05,8.496448462958529e-05,7.20076761020126e-05,0.0,4,Solved,125037,79440,305237,0.06455803864222277,1.057203131917483e-12,8.239739048980983e-14,0.36276341663832457,-0.6409712170248069,-0.0036496100083212176,-0.3627611633413207,0.6409717514081386,0.0036697692250752378,0.0002718129729353031,6.313716831243669e-05,-3.0260588082980037e-05,-0.00027279098416620146,-6.388468209159206e-05,1.9823360186111795e-05,0.15694510697903746,1.0328709420719897,0.00020648130229649256,-0.15701608244784365,-1.0329286182755644,-0.00017668013695330817
0.9,0.01464312795398993,2.0361659873806405e-09,0.5393294392861117,-5.915393951147385e-10,6.788567293719081e-06,-1.459377456253078e-07,5.575691537357348e-05,8.421852710946724e-05,6.995562666574163e-05,0.0,4,Solved,131288,87696,318031,0.06455652124433835,2.111143666600493e-12,2.212705015145356e-13,0.3627648030471411,-0.6409709163320111,-0.0036494769712700163,-0.3627625247721774,0.6409714599640629,0.0036698571987197914,0.0002810555399313162,5.821172678229731e-05,6.503904735408406e-05,-0.00027211876706913115,-5.4707388900218395e-05,1.5247102933404196e-05,0.15697788102021024,1.0328951994949025,0.00018734825023117017,-0.15698144097907285,-1.0329043399094135,-0.00019288007476641575
0.905,0.014642784210787576,1.5902982274142658e-09,0.5393294409423184,2.1469591904294362e-10,7.2070688500115665e-06,-1.4484335171884541e-07,5.4769593025277414e-05,8.332500374211041e-05,6.795347433474511e-05,0.0,4,Solved,123924,79470,301860,0.06455674829188987,1.0688010319390108e-12,8.00257742719397e-14,0.362766216018314,-0.6409706482873394,-0.003649039064157354,-0.3627638993308744,0.6409712059575123,0.003669764455040341,0.0002837986539850389,5.066040879879243e-05,0.00010343295986622782,-0.0002768984642425366,-4.829036426842828e-05,-4.1629749219619454e-05,0.15697305562885858,1.0328926224299413,0.00018789465174548378,-0.15698490320526048,-1.032907972670238,-0.00018920702046187486
0.91,0.014642450334534372,1.3368216070775908e-09,0.5393294406759943,6.805219632668625e-10,7.6207109904375425e-06,-1.446780440381799e-07,5.378009885356212e-05,8.232012721353914e-05,6.599531569544202e-05,0.0,4,Solved,130697,79230,308543,0.06455680612320376,2.1038439255468345e-12,2.2190921517874218e-13,0.36276764390934374,-0.6409704162993669,-0.0036483948169298394,-0.3627652939323091,0.6409709845307718,0.003669415526626933,0.0002869237116211662,4.366249627544588e-05,0.00014650737594251048,-0.00028041826838850803,-4.1713165600018736e-05,-8.920748755642191e-05,0.15696890792595736,1.0328952285655513,0.00018866268071056802,-0.15698974636856522,-1.0329088979712602,-0.0001846905247265545
0.915,0.014642126313945592,1.0164950785780322e-09,0.5393294385596764,1.2712856395851917e-09,8.030555673890422e-06,-1.4448724234718157e-07,5.278982470469509e-05,8.182249936141981e-05,6.400593976124915e-05,0.0,4,Solved,126268,79601,303995,0.06455669096878122,2.09976236155888e-12,2.2119095156826127e-13,0.36276909086188175,-0.6409702160523203,-0.0036475144434235524,-0.36276670454580445,0.6409707977057616,0.0036688650527213346,0.000291197487755946,3.7717609738117945e-05,0.00019642930236259256,-0.000283411433651807,-3.4585384594718636e-05,-0.0001247318873387597,0.15697370912956635,1.032895083552152,0.00018366764704804014,-0.15698133024598296,-1.0329070555004995,-0.000187383329687514
0.92,0.014641812035966479,6.056265955221385e-10,0.5393294346463029,2.0301321377164723e-09,8.43688387252229e-06,-1.4432589001799311e-07,5.17992001086869e-05,8.078266128733835e-05,6.21151253477531e-05,0.0,4,Solved,128012,80161,315916,0.06455645749794184,2.1115847478031045e-12,2.2095701800888858e-13,0.36277055230832833,-0.640970048855629,-0.0036464298865185943,-0.3627681304073951,0.6409706432495628,0.0036681027724054546,0.0002931819841808812,3.069264747612486e-05,0.00023129044946132888,-0.00028650106782528156,-2.8511608424405413e-05,-0.00017155886628318862,0.1569837986645184,1.0329033199670694,0.00017656146245228693,-0.1569701176979612,-1.0329000391358125,-0.0001913829758510059
0.925,0.014641507047479308,5.560680360254108e-10,0.5393294289603822,2.1292538400042033e-09,8.837233044778237e-06,-1.4479880604725037e-07,5.0809447404819194e-05,7.959899784120534e-05,6.0274426518463695e-05,0.0,4,Solved,124285,79260,301800,0.06455703395825774,1.0574424439656425e-12,7.97220951230263e-14,0.3627720173799703,-0.6409699185545127,-0.00364522774111562,-0.36276957647766206,0.6409705167003518,0.003667063268275221,0.00029307187151468025,2.3084852176707256e-05,0.0002472761083449336,-0.0002911775339048287,-2.3242616055134554e-05,-0.0002327067264580308,0.15696612488661818,1.032891594051547,0.00018376960930387067,-0.15698621487355932,-1.0329125433321238,-0.00018122200460573586
0.93,0.014641211175915443,7.870917972189631e-10,0.5393294215439951,1.7100264421105083e-09,9.231422914589632e-06,-1.4533912131347198e-07,4.982147394373536e-05,7.831285194133901e-05,5.847858344309017e-05,0.0,4,Solved,131979,81323,312250,0.06455727541141261,2.100519862910765e-12,2.2150573950464707e-13,0.36277348939644405,-0.6409698218672399,-0.0036438716416426443,-0.36277103589816084,0.6409704202848223,0.003665805116379741,0.0002954409770717253,1.692253083789785e-05,0.00028778664815156844,-0.0002925332088473064,-1.673204400611667e-05,-0.0002649613175573625,0.15696136406141215,1.032888867584758,0.00018436440757544265,-0.1569898054694305,-1.0329164065826018,-0.00017760693750805097
0.935,0.014640924224756107,9.580918855503524e-10,0.5393294124338686,1.3905980238497337e-09,9.61909200227813e-06,-1.4522797290713754e-07,4.883629843312125e-05,7.701758076566724e-05,5.671716647497654e-05,0.0,4,Solved,135827,80402,314805,0.06455698968584835,2.0932669144387783e-12,2.206751051152516e-13,0.36277497447585294,-0.640969755037168,-0.0036423016174347363,-0.3627724995206209,0.640970356949437,0.003664410238669409,0.00029822425947126114,1.107231586926017e-05,0.0003321009562529485,-0.00029302530251982753,-1.0043473570053666e-05,-0.0002890063225007036,0.1569673785196146,1.0328946242134214,0.00017939078766112353,-0.15698230156690018,-1.0329118349735735,-0.00017963494725134352
0.9400000000000001,0.014640646020053955,1.0754592188144477e-09,0.5393294016703966,1.1679709511807029e-09,1.0000061050883505e-05,-1.449762958019564e-07,4.7854774568150585e-05,7.56283064614885e-05,5.49992449983445e-05,0.0,4,Solved,122943,79219,300708,0.0645568713116034,1.062533648316456e-12,8.58800414413315e-14,0.3627764685311356,-0.6409697184389472,-0.0036405485584390836,-0.3627739679560106,0.6409703251071647,0.0036628691387189747,0.00029937403563590225,4.899703012704894e-06,0.00036362689860409655,-0.0002942914523128753,-3.991928191054447e-06,-0.00032164447217035154,0.1569701718576815,1.0328979235527833,0.00017611480916009106,-0.15697823820641263,-1.0329099409856544,-0.00017994634411719234
0.9450000000000001,0.014640376359279872,1.2504386591743916e-09,0.5393293893068629,8.439562978041805e-10,1.0373880663365653e-05,-1.4501147154787535e-07,4.687783142144651e-05,7.418238748114827e-05,5.3320346617263826e-05,0.0,4,Solved,128623,79440,310607,0.06455689487248972,2.097791477532982e-12,2.212618651666054e-13,0.36277796560296344,-0.6409697129034572,-0.0036386599232094406,-0.3627754435004047,0.6409703224581276,0.0036611552591080316,0.0002996139426281124,-1.3406854290743889e-06,0.00038779865125377917,-0.0002958188697681504,1.7118032169257167e-06,-0.0003574658100270901,0.1569698287303951,1.0328988079926045,0.0001744775182510986,-0.15697727027206176,-1.0329103179598356,-0.00017868696781295215
0.9500000000000001,0.014640115065701169,1.5075495199492115e-09,0.5393293753886662,3.7227054565511825e-10,1.0740338089653123e-05,-1.4527612025995785e-07,4.590634331734589e-05,7.269149928825526e-05,5.167984388410777e-05,0.0,4,Solved,143271,80803,323722,0.06455728984574213,2.1041459594488326e-12,2.2140814098033264e-13,0.36277946281780227,-0.6409697381937759,-0.0036366577355293494,-0.36277692593383176,0.6409703480882045,0.003659267179909894,0.0002994995006185073,-7.4608837650150334e-06,0.00040951072415153754,-0.00029710144649765886,7.338632994276651e-06,-0.000391658668877075,0.156961945550851,1.0328943410008538,0.00017675633844363865,-0.15698417041808424,-1.0329166375318741,-0.00017342823487645901
0.9550000000000001,0.01463986198433575,1.7498521627597723e-09,0.539329359959883,-7.390511519047144e-11,1.1099404125410211e-05,-1.4541070108973227e-07,4.494119796199224e-05,7.123503872438541e-05,5.0067497802955345e-05,0.0,4,Solved,122031,79059,299456,0.06455713847563084,1.0629403699666885e-12,8.163575306172221e-14,0.3627809625650972,-0.6409697919492647,-0.003634518594855958,-0.36277841035157254,0.6409704030434251,0.003657248672092934,0.00030041469107128515,-1.2883440955829717e-05,0.0004406289935440411,-0.00029691514513028195,1.3356416134452577e-05,-0.0004123796817140757,0.15696537986703818,1.0328979490744874,0.00017319486908413633,-0.15697922039367893,-1.0329142156100934,-0.00017422828517277004
0.96,0.014639616953208761,1.9067377517793347e-09,0.5393293430690848,-3.6445233377613125e-10,1.1450978390685992e-05,-1.4539360487642788e-07,4.3983140647421595e-05,6.968372594966113e-05,4.84992744006555e-05,0.0,4,Solved,129555,79521,307371,0.06455745938084395,2.083613054514112e-12,2.213216182588365e-13,0.36278246344876963,-0.6409698734624311,-0.0036322499450001694,-0.3627798949474206,0.640970486728275,0.003655111841940214,0.00030019227912637746,-1.8518722600667797e-05,0.0004630895995206226,-0.00029709139627150593,1.8931379877880768e-05,-0.00043795124989717235,0.1569586443502119,1.032894440776055,0.00017491742272321165,-0.15698477852145015,-1.0329193500935032,-0.00016967695578311247
0.965,0.014639379769590457,1.9796991940703027e-09,0.5393293247594458,-5.012391655164056e-10,1.1794631825489681e-05,-1.4527427540776732e-07,4.303299740054943e-05,6.809312166972153e-05,4.6968417707993094e-05,0.0,4,Solved,123313,87174,309024,0.06455833874115852,1.0600590688197977e-12,7.966732260106866e-14,0.36278396558511955,-0.6409699813994345,-0.0036298459217034436,-0.3627813764620207,0.6409705992718668,0.0036528816798798037,0.00030075360733465724,-2.3582982244812334e-05,0.0004931884959270089,-0.00029595257521123833,2.4829252179134016e-05,-0.00045204644407456103,0.15694500815411758,1.0328851283302813,0.0001803133070050096,-0.15699978088518118,-1.0329334198585363,-0.00016071612604484276
0.97,0.014639150492150525,1.8043646297685366e-09,0.5393293050859396,-1.9056089486384875e-10,1.213207492265096e-05,-1.444877138038952e-07,4.209196641185789e-05,6.720333000581498e-05,4.538468632869368e-05,0.0,4,Solved,130026,79259,308833,0.06455734625790185,2.1189264422296856e-12,2.217364509506884e-13,0.36278547961909413,-0.6409701115501366,-0.003627234686728737,-0.3627828469465533,0.6409707429660321,0.003650650930600367,0.00030433890107044333,-2.7625936169558525e-05,0.0005421339196458049,-0.00029304287132630834,3.1274731187700365e-05,-0.0004428846198204444,0.1569626198476416,1.032899683987844,0.00016933902648287957,-0.1569783541043595,-1.0329175401264297,-0.00016977216427106588
0.975,0.014638929057941435,1.461735100491191e-09,0.5393292841044535,4.2748299571637647e-10,1.2464004317954978e-05,-1.436077954663489e-07,4.11600377961357e-05,6.571185339981821e-05,4.390582959820226e-05,0.0,4,Solved,132089,79550,309906,0.06455759259968712,2.120185035874867e-12,2.2099920363779363e-13,0.36278699766951916,-0.6409702658721378,-0.003624474223306383,-0.3627843094254703,0.6409709144746715,0.003648378645203984,0.00030331525665295385,-3.296857729869108e-05,0.0005593949911319723,-0.0002922870022278566,3.6275683101349196e-05,-0.0004626680982431442,0.15695702597358033,1.0328974374901678,0.0001705751504003256,-0.15698305771693885,-1.0329214815949939,-0.00016581112398111745
0.98,0.014638714986894305,1.150411321292041e-09,0.5393292618415763,9.954051034500771e-10,1.2787714245850335e-05,-1.4315600071189246e-07,4.023825501284391e-05,6.410934664649292e-05,4.247460537445856e-05,0.0,4,Solved,128263,78839,315946,0.06455696576175517,2.1129906147580595e-12,2.2091815952540034e-13,0.36278851322879124,-0.6409704454458044,-0.0036216076106046083,-0.3627857651183243,0.6409711122343958,0.0036460381963318287,0.00030315417619198275,-3.7838799719029394e-05,0.0005831840389310047,-0.0002905422909060765,4.168528279691814e-05,-0.00047226561062102584,0.15697523741195146,1.0329114521880827,0.0001594713986304834,-0.1569635424490378,-1.0329096008624319,-0.00017423856337870882
0.985,0.014638508139515689,9.977840863073759e-10,0.5393292383402976,1.2789729671057426e-09,1.3103272931211594e-05,-1.4325642710258086e-07,3.9327187695975066e-05,6.243055853277223e-05,4.108238057154468e-05,0.0,4,Solved,125337,80151,304496,0.06455722845572083,1.0594999562295695e-12,8.172148111742131e-14,0.36279001699316094,-0.6409706529429843,-0.0036187163441771058,-0.36278722043696604,0.6409713318569706,0.0036435654225483102,0.00029934085253477665,-4.3875363323264706e-05,0.0005756446866609585,-0.00029156983657629423,4.5399110704834206e-05,-0.0005098507533588783,0.15696697196817744,1.032907027706529,0.00016202130412357424,-0.1569704447778308,-1.0329156552915333,-0.00016914202552210396
0.99,0.01463830830673425,1.1991902648953146e-09,0.5393292136679948,9.174743821084344e-10,1.3410094148741502e-05,-1.439494511923258e-07,3.842750417894237e-05,6.063857932990982e-05,3.9734731162991144e-05,0.0,4,Solved,123233,79350,301019,0.06455744926265891,1.0623331270490614e-12,8.048560774971024e-14,0.36279150463560844,-0.6409708880924315,-0.003615830965770014,-0.36278867588041236,0.6409715717523569,0.003640946348971971,0.0002964898536393142,-4.908688707818492e-05,0.0005785879412702616,-0.00029094507776060544,4.966994245736565e-05,-0.0005336580226780334,0.1569628649728647,1.0329055042442379,0.00016248565716564273,-0.1569734484410725,-1.0329191882025426,-0.00016609748681459965
0.995,0.014638115298007001,1.5266825145985114e-09,0.5393291878726846,3.2077456496481963e-10,1.3707784877681476e-05,-1.4451282215067968e-07,3.753986817362454e-05,5.880073862336489e-05,3.842339178484392e-05,0.0,4,Solved,127812,79420,305096,0.06455721794488119,1.071475659201825e-12,8.584311441299304e-14,0.36279297887349127,-0.6409711479091849,-0.0036129197333396447,-0.36279012575822134,0.6409718334286953,0.003638229085682175,0.00029392048623170364,-5.384356930415102e-05,0.0005852139354985638,-0.0002895073306840035,5.4082064320711255e-05,-0.0005505227185833031,0.1569732590284311,1.032915487118099,0.00015573477909875397,-0.15696268528724439,-1.0329125159851902,-0.000170047522461419
1.0,0.014637929012893021,1.9574387636756284e-09,0.5393291610206837,-4.6339578773347206e-10,1.3996642946898444e-05,-1.4524928293336805e-07,3.666498489466585e-05,5.7111750611961586e-05,3.712222855725391e-05,0.0,4,Solved,124986,80292,311709,0.0645576343692977,1.0733496294430066e-12,8.279084905797212e-14,0.3627944344655382,-0.6409714325144001,-0.0036100281760063887,-0.3627915736007133,0.6409721143475409,0.00363538446476613,0.00028942820876415185,-5.8929171994501884e-05,0.0005742884041540574,-0.0002897762195172496,5.756860670276536e-05,-0.0005816578830768968,0.1569604420493187,1.0329065853164972,0.00016062246485456843,-0.15697372900514872,-1.0329221499087633,-0.00016297083105277046
1.0050000000000001,0.014637749325149153,2.4623784735512236e-09,0.5393291331679131,-1.3831943335101104e-09,1.427676750596723e-05,-1.4604420577816886e-07,3.580329827189062e-05,5.526891062064998e-05,3.5871929476851696e-05,0.0,4,Solved,122973,79441,305377,0.06455747041399865,1.064499579837082e-12,8.185589610084172e-14,0.3627958725161724,-0.6409717400270962,-0.003607141222094707,-0.3627930156207994,0.6409724152466237,0.0036324428258914378,0.0002865595074099772,-6.319235386133276e-05,0.0005799305049296159,-0.0002876708511791282,6.189339117361384e-05,-0.0005933233097541233,0.15696512714635694,1.0329113218275972,0.00015678078731180684,-0.1569680488011859,-1.0329195266239783,-0.00016438287472949348
1.01,0.014637576000137726,2.9191578567959677e-09,0.5393291043367417,-2.2167714162060556e-09,1.4547428752898175e-05,-1.4665827425506142e-07,3.4955419508525404e-05,5.3374160887861086e-05,3.4658865413948815e-05,0.0,4,Solved,129374,80091,308753,0.06455777070644253,2.1157080181784496e-12,2.1949393799909622e-13,0.36279729281369505,-0.6409720695267813,-0.0036042548732585712,-0.36279444925482124,0.6409727362143551,0.003629422825200463,0.0002825631626327036,-6.767617453247556e-05,0.000576006960970634,-0.0002862684165901743,6.571025311682452e-05,-0.0006116022757775668,0.15695835800739885,1.0329089261674858,0.00015891256875405878,-0.1569740526123733,-1.0329243313030805,-0.000159808345687909
1.0150000000000001,0.014637408915021195,3.279331545339244e-09,0.5393290745745025,-2.872288552776197e-09,1.4808746974932507e-05,-1.4717970632293241e-07,3.412191345269037e-05,5.15324923449498e-05,3.3469123901430715e-05,0.0,4,Solved,135135,80071,314304,0.06455781483629619,1.062264273129331e-12,8.226171260508049e-14,0.3627986960108512,-0.6409724191425702,-0.0036013608460869636,-0.36279587218941517,0.6409730776184712,0.003626347371358203,0.0002795223926204594,-7.141073808040672e-05,0.0005811152816095174,-0.00028363973243927544,6.996668824732758e-05,-0.0006179419590122902,0.15695936540099634,1.0329101476335527,0.0001569228224152904,-0.15697180069044295,-1.032925037380739,-0.00015955584170424133
1.02,0.014637247931676783,3.449402877652644e-09,0.5393290439309799,-3.1789056341099183e-09,1.5060693943229716e-05,-1.475062751946105e-07,3.33032026217013e-05,4.961163660989667e-05,3.2317956660502066e-05,0.0,4,Solved,129665,79250,307921,0.06455898049701358,2.0957675354960397e-12,2.1948675177157172e-13,0.362800082165247,-0.640972787761006,-0.0035984545426883774,-0.36279728185746474,0.640973438983154,0.0036232347647318706,0.0002758711839455156,-7.5251560658238e-05,0.0005818212685292131,-0.00028096509378142554,7.379333889740653e-05,-0.0006260542979725537,0.15693504975659514,1.032894124197865,0.0001680306255789744,-0.1569955936398347,-1.0329436879522174,-0.00014606974696608951
1.025,0.014637092909908077,3.292923229174488e-09,0.5393290124546646,-2.8942230985514625e-09,1.530321241797118e-05,-1.4708676632027933e-07,3.2499867682944444e-05,4.7784868845543e-05,3.118512460002802e-05,0.0,4,Solved,125057,79339,301971,0.06455817397231023,1.0610251387357577e-12,8.616243465558912e-14,0.3628014622657917,-0.6409731700905523,-0.0035954373654828523,-0.36279866576887226,0.6409738240964811,0.003620197079366001,0.00027627122830427286,-7.729610748590776e-05,0.0006181622826235607,-0.00027417616814562107,7.913072999888358e-05,-0.0005957924276050146,0.15695388088958007,1.0329088876363477,0.0001570356585060977,-0.15697545804423865,-1.0329307835569637,-0.00015496494021630567
1.03,0.014636943733707363,2.748064417341396e-09,0.5393289801921456,-1.8994788027010956e-09,1.553643394715117e-05,-1.462012606880406e-07,3.1712228501599184e-05,4.586422531002515e-05,3.0091729651691135e-05,0.0,4,Solved,121600,86053,310937,0.06455822349683384,1.0629438256304212e-12,8.281708851078662e-14,0.36280283322571627,-0.6409735670212613,-0.003592334730059614,-0.3628000247642548,0.640974230548333,0.003617221558187182,0.00027298660169253116,-8.077237300888587e-05,0.0006226009873272584,-0.0002703649253332943,8.271986185435753e-05,-0.0005950389496463662,0.15695391944566392,1.0329104298719394,0.00015567581151052878,-0.15697448970744166,-1.0329315759493414,-0.0001541669193194422
1.035,0.014636800212775936,2.207706051724866e-09,0.539328947195071,-9.057499144159987e-10,1.5759838911603067e-05,-1.457819317100712e-07,3.09407343791337e-05,4.3888607330539616e-05,2.9032056680286095e-05,0.0,4,Solved,133302,80472,315416,0.0645581243341811,1.0594427989963405e-12,7.439746925636067e-14,0.3628041870374226,-0.6409739809539351,-0.0035892152668727333,-0.3628013640522072,0.6409746542300858,0.003614251551647766,0.00026945040908886664,-8.412609368216867e-05,0.0006252060900009132,-0.00026634327148543065,8.607323371318253e-05,-0.0005937211933628821,0.15695727766307113,1.0329143224577957,0.00015266776105265866,-0.15697025401638964,-1.0329299893468975,-0.0001550775562177387
1.04,0.014636662207608146,1.7571744564074972e-09,0.5393289135154476,-7.39714420053024e-11,1.5973309619646403e-05,-1.4564250015357413e-07,3.0185787072611096e-05,4.189620259373651e-05,2.8001557567462536e-05,0.0,4,Solved,123894,79280,301349,0.06455793450818066,1.0657925755645341e-12,8.292601426442961e-14,0.36280552074436984,-0.6409744120375921,-0.0035861037176190503,-0.36280268450597625,0.6409750933360208,0.0036112740495942743,0.0002651033530139416,-8.760538284515591e-05,0.0006208272228173485,-0.0002627457305845015,8.898745846452818e-05,-0.0005970752715703408,0.1569625881617807,1.0329198513483824,0.00014872779054394685,-0.15696416658713738,-1.0329269521308906,-0.00015694590871575558
1.045,0.014636529591882037,1.511414357443161e-09,0.5393288792038483,3.851794205009684e-10,1.6176822282352e-05,-1.4589055735226528e-07,2.9447761233180662e-05,3.9907685841068564e-05,2.6996964126299335e-05,0.0,4,Solved,133633,87656,320004,0.06455828953651023,2.0966979228952556e-12,2.19697583354341e-13,0.3628068293524199,-0.6409748610485376,-0.0035830430440128105,-0.36280398927135793,0.6409755453775641,0.0036082573533029387,0.00025963267425675214,-9.12585403475327e-05,0.0006067877954377654,-0.0002599133006556198,9.136600606388279e-05,-0.0006078767527548408,0.15695549084227653,1.0329173245420662,0.00015125962555435096,-0.15697103284698197,-1.0329326325841637,-0.00015224009001018438
1.05,0.014636402295429122,1.415768423379186e-09,0.5393288443169838,5.685706681056867e-10,1.6370784644127145e-05,-1.462365951406798e-07,2.872708787605969e-05,3.8074272632453954e-05,2.5999621310160817e-05,0.0,4,Solved,122722,81354,303293,0.06455855252873703,1.0631917868883277e-12,8.381665214686249e-14,0.3628081142501152,-0.6409753257072303,-0.0035800215199067883,-0.3628052762824956,0.6409760106687797,0.0036052243463497,0.0002553654904076356,-9.405619225826891e-05,0.0006030141288054633,-0.0002558904554135223,9.418598585023368e-05,-0.0006061687221150281,0.15695146696631995,1.0329146445172965,0.0001520334343319975,-0.1569737894562591,-1.0329368404597925,-0.00014973325187590128
1.055,0.014636280229760603,1.3090458692001223e-09,0.5393288089002083,7.673927218674883e-10,1.6555462237761678e-05,-1.4629202971125748e-07,2.8023959102513785e-05,3.61552909861945e-05,2.5040191720403754e-05,0.0,4,Solved,128753,85872,314725,0.06455866106781445,2.083102288905025e-12,2.1860011833996738e-13,0.36280937864130136,-0.6409758038724749,-0.003577008181449002,-0.3628065407497133,0.6409764901268538,0.003602216075384089,0.00025137175872902814,-9.669361706921614e-05,0.0006027921308227587,-0.00025105647725404416,9.703373974163114e-05,-0.0005990438097658136,0.15695037589982053,1.0329154932965474,0.00015148138298209045,-0.15697423174941555,-1.0329385770850312,-0.0001483850239703478
1.06,0.014636163224871698,1.1911068244393273e-09,0.5393287729884582,9.826359632072568e-10,1.6730448921833342e-05,-1.4612872244823098e-07,2.7338702876484573e-05,3.422890066553238e-05,2.4107152195222613e-05,0.0,4,Solved,128724,80141,307741,0.06455806861104224,2.1021348388687937e-12,2.1919974651585586e-13,0.36281062297899447,-0.6409762945112808,-0.0035739953662956144,-0.36280778031983413,0.6409769834269278,0.0035992495703251006,0.00024735081589018806,-9.909681881718395e-05,0.0006027622461207484,-0.0002459747165025952,9.975170055224946e-05,-0.0005898474227592176,0.15696826633460295,1.0329290977766759,0.0001412759520808321,-0.15695552565073542,-1.0329267820294754,-0.00015688006500604235
1.065,0.014636051174396486,1.246236739557338e-09,0.539328736616981,8.85032290493913e-10,1.6895844231308952e-05,-1.4642545104126912e-07,2.6671588963754343e-05,3.231326988072195e-05,2.3201524870889014e-05,0.0,4,Solved,131479,80732,320395,0.06455841961334002,2.104289758161291e-12,2.2005850409316605e-13,0.3628118377171184,-0.6409768011768427,-0.003571070746231933,-0.3628090036357871,0.6409774861814213,0.003596246387285952,0.00024017495466795085,-0.00010281378219505145,0.0005734810068922327,-0.00024392985927756475,0.00010112002058403808,-0.0006080794309916681,0.1569570169801021,1.0329237354715537,0.0001461504552509178,-0.15696656189879893,-1.0329347138134404,-0.0001501739951383486
1.07,0.01463594400719681,1.5540897152693338e-09,0.539328699797845,3.2748019462935095e-10,1.705207765337041e-05,-1.4713636918302094e-07,2.6022948447962863e-05,3.0563373274250124e-05,2.230550437207639e-05,0.0,4,Solved,121710,80873,303082,0.06455859070877153,1.0687126027160565e-12,8.494744341281111e-14,0.3628130228225382,-0.640977322930796,-0.0035682398152070928,-0.36281021131536456,0.6409779989094075,0.0035932102445887415,0.000235061176588909,-0.00010539328123072568,0.0005616255047423485,-0.00024009658497739004,0.00010351021663384418,-0.0006070299434330836,0.15695556048772583,1.0329236076770654,0.00014574051390758307,-0.15696680032812402,-1.0329374513403444,-0.0001489627008677607
1.075,0.014635841627750515,1.845901411603734e-09,0.5393286625837483,-2.0384825109224817e-10,1.7199247932020823e-05,-1.4760733430676233e-07,2.5392754184345143e-05,2.8646608342563e-05,2.1447447041750856e-05,0.0,4,Solved,124085,79520,301740,0.06455914164854798,1.0551715188765915e-12,8.08190469495848e-14,0.36281418107382923,-0.6409778565729668,-0.003565467625117251,-0.3628113978694841,0.6409785223553403,0.0035901836047593258,0.00022951849028613375,-0.00010763541488822315,0.0005499516896600857,-0.00023560614492166003,0.00010549632672977397,-0.0006045305134121847,0.1569453759284255,1.0329170820422187,0.00014996005391212778,-0.1569763085738821,-1.0329462663767677,-0.00014314123207790548
1.08,0.014635743845291123,2.057827809149963e-09,0.5393286250523667,-5.94273472080113e-10,1.733657145760968e-05,-1.4769034136364116e-07,2.4781296241009088e-05,2.667631205020451e-05,2.0618152004481672e-05,0.0,4,Solved,131348,80642,311549,0.0645589821023614,1.0713759205336507e-12,7.724578666023385e-14,0.36281531623985114,-0.6409783990950181,-0.003562711169988222,-0.3628125566613879,0.6409790573067513,0.0035872165078238384,0.0002255107547566831,-0.00010911352232114805,0.0005524304451826812,-0.00022934821083845868,0.000107999653110268,-0.000586380331682651,0.15694952668966328,1.032922216879665,0.0001469844629783796,-0.15697145969956455,-1.0329437136377824,-0.0001445465696852218
1.085,0.014635650545006124,2.101693821754722e-09,0.5393285872505559,-6.792343929446498e-10,1.7463950345373087e-05,-1.4745181869521565e-07,2.418870855126673e-05,2.4668802658297505e-05,1.981425580646035e-05,0.0,4,Solved,128924,84920,312069,0.06455855265653493,2.0837549335089997e-12,2.192441564532804e-13,0.36281642838434924,-0.64097894921612,-0.0035599643576121882,-0.3628136858675536,0.6409796032359354,0.003584322004667863,0.00022051823842701845,-0.00011065980834717354,0.0005476043304633863,-0.0002236433908637164,0.00010999656116952744,-0.0005742139474573695,0.15696079141727834,1.0329315086774922,0.0001403506387056431,-0.15695964640473856,-1.0329368425045589,-0.00014967166607383415
1.09,0.014635561617330636,2.1535602250463947e-09,0.5393285492314434,-7.724799289153827e-10,1.7581289365356912e-05,-1.475848425507016e-07,2.3615169634176907e-05,2.266975973006283e-05,1.903171752525112e-05,0.0,4,Solved,128422,79410,310717,0.06455914175499976,2.0861020172324418e-12,2.1869596858827868e-13,0.36281750949505365,-0.6409795092497556,-0.003557297210580515,-0.36281479210467077,0.6409801561374453,0.0035814366676189774,0.00021350565511689377,-0.00011291995874601385,0.0005243158961927223,-0.00021978094785153493,0.00011100742303970346,-0.000579192572815251,0.15694911259059466,1.0329245289104954,0.00014549395640146634,-0.15697079862724217,-1.0329462680799961,-0.00014308072475785225
1.095,0.014635476975311822,2.2698324282850375e-09,0.5393285110351344,-9.82088856111388e-10,1.7688689857405593e-05,-1.4787294995751248e-07,2.3060803476903984e-05,2.068898214091969e-05,1.826919294611109e-05,0.0,4,Solved,131539,80372,311338,0.06455907614580515,1.0614837453609197e-12,8.190931291430723e-14,0.36281856125289275,-0.6409800774639992,-0.0035546939974990094,-0.3628158727779754,0.6409807163240451,0.0035785824570762443,0.00020837745903548526,-0.00011415998521829508,0.0005184118380188444,-0.00021384785788859637,0.00011274672539597123,-0.0005655886663546676,0.1569519048639119,1.032927893431874,0.00014332504760677592,-0.1569675618524969,-1.0329452183328824,-0.00014387395867530953
1.1,0.01463539654047063,2.30021309074597e-09,0.5393284726972563,-1.0366020717746755e-09,1.7786311132161493e-05,-1.4793024933437e-07,2.2525733686733545e-05,1.8754314729852274e-05,1.7524901180844046e-05,0.0,4,Solved,130797,79440,308974,0.06455917316759305,2.0887344700234293e-12,2.1864880579377556e-13,0.3628195857469438,-0.640980652303607,-0.00355213598731037,-0.3628169253134878,0.6409812842021675,0.003575783906552158,0.00020271301330857707,-0.00011553931886978998,0.0005073068031493952,-0.00020841342854030295,0.000114158051123101,-0.0005560504993137728,0.15695114263350163,1.0329287294186669,0.00014294963850603547,-0.15696766918233687,-1.0329467706814888,-0.0001429617799562505
1.105,0.014635320223275095,2.2917511230411292e-09,0.5393284342548227,-1.0192728423492709e-09,1.787419223242201e-05,-1.479843543882384e-07,2.2009973761511545e-05,1.6782281890528555e-05,1.6804943546412938e-05,0.0,4,Solved,124805,78999,301379,0.06455948986255773,1.0515772010383365e-12,8.187191896815559e-14,0.3628205816476387,-0.6409812333968273,-0.0035496324182780767,-0.36281794983041266,0.6409818586458362,0.0035730367647472863,0.00019695452733968708,-0.00011670720711908258,0.000496544985981676,-0.00020269456953632593,0.00011540735028496511,-0.000545263509748643,0.15694578030658907,1.0329261541341999,0.00014499384330985166,-0.1569726042723197,-1.0329518378009237,-0.000139644265561527
1.11,0.014635247919826753,2.201128109095935e-09,0.5393283957565809,-8.531197481991589e-10,1.795219659123761e-05,-1.4785589104723146e-07,2.151360325323452e-05,1.4815788532209261e-05,1.610438725129225e-05,0.0,4,Solved,123793,90992,313762,0.0645596392980416,1.0538876471172456e-12,7.802385367537945e-14,0.3628215512215672,-0.6409818188080951,-0.0035471597689962163,-0.3628189428247317,0.6409824399051377,0.0035703690578282265,0.00019201157989241668,-0.00011737618597346525,0.0004933722887862808,-0.0001959997911312205,0.000116842422659615,-0.0005259899303753627,0.15694373754877858,1.032926133964607,0.00014539322121889973,-0.1569742296766342,-1.0329542287686655,-0.000138050655244259
1.115,0.014635179556579152,1.9597302058262564e-09,0.5393283572430337,-4.133527635749926e-10,1.802043518469631e-05,-1.474235920770295e-07,2.103665788666748e-05,1.2872554668118965e-05,1.542214070358606e-05,0.0,4,Solved,124095,81073,304916,0.06455972031043615,1.0565092878152906e-12,8.392232994853333e-14,0.3628224968786972,-0.640982406875931,-0.0035446954895866703,-0.3628199012192664,0.6409830282347035,0.0035678075527337256,0.0001873345468261095,-0.00011781938628496473,0.0004926920275089929,-0.0001889234814176708,0.00011824286450593926,-0.0005034167541344324,0.15698204758565665,1.0329555249669784,0.00012535995261024125,-0.15693716004013988,-1.032928308078817,-0.00015658219082904788
1.12,0.014635115211089116,1.92699791598307e-09,0.539328318730823,-3.428501560209047e-10,1.8080316928178864e-05,-1.4797618279807637e-07,2.0579480058526067e-05,1.1472389071296685e-05,1.4711146113922909e-05,0.0,4,Solved,124505,79680,302031,0.06456008688089034,1.0481106900616419e-12,7.848445632606773e-14,0.36282340206339503,-0.6409830053161105,-0.003542411641913248,-0.3628208457912423,0.6409836156061013,0.0035651853886106708,0.00017698676280930519,-0.00012093627762630063,0.0004332091465185214,-0.00018900242162641024,0.00011703893095908914,-0.0005384512623607254,0.15693645871191372,1.0329239207411811,0.00014793453896211437,-0.1569808590455249,-1.0329613900942454,-0.00013327888104921665
1.125,0.014635054897641669,2.1373272258142117e-09,0.5393282802503514,-7.180169126243031e-10,1.8132664638914938e-05,-1.4873262327130833e-07,2.0141483517425218e-05,9.723993717334366e-06,1.4050771533605107e-05,0.0,4,Solved,128763,79570,306078,0.06456026723925219,2.075922925150821e-12,2.1762637604006742e-13,0.36282427636364123,-0.6409836080638254,-0.0035402136607664662,-0.36282176494632334,0.6409842061930181,0.0035625996080850485,0.0001735298661366144,-0.00012036011338079708,0.00044385315044453836,-0.0001805320684866067,0.00011885153469772401,-0.0005033287154468846,0.15693423499516673,1.0329230303863755,0.00014859070902321046,-0.15698260987440607,-1.032964275828035,-0.00013167558100710738
1.1300000000000001,0.014634998329992724,1.9155729821522204e-09,0.5393282418663978,-3.191769388596935e-10,1.8175678487489317e-05,-1.4801632835193265e-07,1.9722836409529245e-05,7.857506147426373e-06,1.3424012665043358e-05,0.0,4,Solved,130497,80111,318622,0.06455929013592791,2.1112616024648796e-12,2.1807950647959647e-13,0.36282513403280564,-0.6409842078758157,-0.0035379558891569032,-0.3628226408538493,0.6409848054444934,0.0035601974672278386,0.00017030986010985608,-0.00011976161980848792,0.00045677463475693025,-0.0001717374017444074,0.00012053876000962166,-0.0004654172282050388,0.15696773032405234,1.0329486421748466,0.00013083217613906083,-0.15694893678658198,-1.0329410195765976,-0.0001484532979623181
1.135,0.014634945444466568,1.6593074746933351e-09,0.5393282036011774,1.5065052246171717e-10,1.820949395093485e-05,-1.477543098512577e-07,1.9323523621904063e-05,6.04727906837927e-06,1.2812627538269452e-05,0.0,4,Solved,122130,80553,307561,0.06455917880753902,1.0533482310144273e-12,8.040549613125637e-14,0.3628259583313398,-0.6409848119522803,-0.0035357926076515687,-0.36282349033098144,0.6409854052807782,0.0035578272202903384,0.00016136261723584652,-0.00012153849828294526,0.0004168859169541178,-0.00016875417583014967,0.00011965596982711768,-0.0004798119293365664,0.15696270395594697,1.0329468609206243,0.00013296997965868532,-0.1569539616759473,-1.0329457540098097,-0.00014528956512370879
1.1400000000000001,0.014634896223397479,1.7887084045159332e-09,0.5393281654940091,-7.382130868957656e-11,1.8234557325490932e-05,-1.486044493743021e-07,1.894348188842989e-05,4.341426844680427e-06,1.2209730046125131e-05,0.0,4,Solved,132410,80271,315366,0.06456089806776251,2.1022484620810845e-12,2.1885550893795992e-13,0.36282674086158334,-0.6409854225156325,-0.003533802320235551,-0.3628243218833268,0.640986001751126,0.0035554125485206902,0.00015337581918655044,-0.00012253206186376312,0.0003856681642726297,-0.0001647903934087333,0.000119110130910607,-0.00048514339036292054,0.15692471379873058,1.0329204313583067,0.00015215449320959984,-0.15699152175388673,-1.0329743690842002,-0.00012531211510069634
1.145,0.014634850628039054,1.7757027972438196e-09,0.5393281275969541,-5.11976088750442e-11,1.8251081640220675e-05,-1.4847658235190074e-07,1.858257026213046e-05,2.6213020528431773e-06,1.162745263618859e-05,0.0,4,Solved,142981,80642,322188,0.06456000941041179,1.068385757812866e-12,8.371778093610606e-14,0.36282750278984616,-0.6409860292677534,-0.003531789586363764,-0.36282511362455777,0.6409866033557741,0.0035531501891362186,0.00015179998688740555,-0.00012064952584361473,0.0004137185318372441,-0.0001541888109541011,0.00012113814172918864,-0.0004310365938364,0.15694567893922712,1.0329363297638137,0.0001408875011113479,-0.15696996647159547,-1.0329601505665886,-0.0001359276876335147
1.1500000000000001,0.01463480855317401,1.3425889787731106e-09,0.5393280899412446,7.318028308957072e-10,1.825875499251226e-05,-1.473979661689803e-07,1.824064960330941e-05,8.386765538817618e-07,1.1075689714338597e-05,0.0,4,Solved,128573,82426,314214,0.06455971714901115,1.058112162498665e-12,7.798245168388592e-14,0.36282824517055884,-0.6409866318202304,-0.0035297400051934632,-0.3628258633903048,0.6409872094760399,0.003551055221662506,0.00014637343184570605,-0.00012046930636586836,0.00040753915778577246,-0.00014721903743042757,0.0001213293995313873,-0.0004110471447920595,0.15695374126339787,1.0329436737726077,0.00013632450003423679,-0.15696190105590782,-1.0329554743841785,-0.00013968058321342698
1.155,0.014634769921695623,9.744867660782173e-10,0.5393280525565486,1.4046157163074136e-09,1.8257474526463874e-05,-1.4694228720878902e-07,1.7917646468225656e-05,9.59547488883587e-07,1.0538988563316387e-05,0.0,4,Solved,131068,80101,309765,0.06455975743320296,2.1011679647813597e-12,2.1842711948378722e-13,0.3628289564622356,-0.6409872346418929,-0.00352775863668739,-0.36282658233416276,0.6409878142778545,0.003549023194098582,0.00013962355398067716,-0.00012067196845882417,0.00038892613407355016,-0.000141589302659722,0.00012077248037706412,-0.0004033637928996702,0.15695433613457146,1.0329449253954466,0.00013561868819263103,-0.15696098047526902,-1.0329561189312473,-0.0001397819129229745
1.16,0.014634734700504082,8.092417297213169e-10,0.5393280154792682,1.710452957072904e-09,1.824745996280083e-05,-1.469920184388167e-07,1.7613393715044656e-05,2.705828093821159e-06,1.0025496405209488e-05,0.0,4,Solved,133121,80061,311889,0.06455983906082957,1.0605100124969408e-12,8.66055682489065e-14,0.3628296336965624,-0.640987838349287,-0.0035258733106364906,-0.3628272732967199,0.640988415963193,0.0035470265535279843,0.00013275873054859294,-0.00012083267609676328,0.0003692780990642861,-0.00013602061991048906,0.00012010673574995534,-0.0003967087480504566,0.15695731981051092,1.0329458153022586,0.00013365486884600445,-0.15695841124081622,-1.0329574249732731,-0.0001410538626431365
1.165,0.014634702886011814,9.534704447162332e-10,0.5393279787146793,1.4480513385033674e-09,1.822923173937563e-05,-1.4737001437740808e-07,1.7327886980610144e-05,4.238298312933654e-06,9.526180850099634e-06,0.0,4,Solved,123343,90010,314063,0.06456007342817903,1.0526063357952193e-12,8.248360322082191e-14,0.36283027620671116,-0.6409884441997329,-0.003524102951249572,-0.3628279390341044,0.6409890132356194,0.003545046925200631,0.0001257516369758343,-0.00012142781963416658,0.00034405765211007047,-0.00013132670864454693,0.0001190940003604308,-0.000395447930730046,0.15694991375076742,1.0329439969405718,0.000137321024633935,-0.15696503094234823,-1.0329611748508645,-0.00013696691188702748
1.17,0.014634674460241812,1.332940290765412e-09,0.5393279422805406,7.505045655367342e-10,1.820313391298281e-05,-1.4775546574506366e-07,1.7060690163239055e-05,5.911369560538847e-06,9.06002282183219e-06,0.0,4,Solved,137981,87866,336897,0.06455976241867699,1.0624451906511476e-12,7.972734846148343e-14,0.3628308862611343,-0.6409890494766156,-0.003522419527186321,-0.3628285764937714,0.6409896074754174,0.003543111363342459,0.00011959680705912961,-0.00012086443450125284,0.00033180291406693425,-0.00012503099135461915,0.00011873628583880825,-0.00038166546568319844,0.1569584644909518,1.032951302701109,0.00013271117068311284,-0.15695672419104265,-1.0329561986988318,-0.000140998713781078
1.175,0.014634649326083892,1.735444090057344e-09,0.5393279062236124,1.1855667399314606e-11,1.816875037473001e-05,-1.4815257916257026e-07,1.6811779218750348e-05,7.502200016166655e-06,8.616088027336971e-06,0.0,4,Solved,142880,88787,346504,0.06456021817439862,2.07755903736297e-12,2.1714662028451173e-13,0.3628314616371838,-0.6409896535402292,-0.003520837077762887,-0.36282918749774373,0.640990197902968,0.0035412046780286723,0.00011214732782519796,-0.00012082453948207465,0.0003063707934697155,-0.00012039580186583927,0.00011771707658486518,-0.000381149165724601,0.15694955599184862,1.0329461924435324,0.00013713251759323782,-0.1569653763347692,-1.032963490790378,-0.00013614433010280028
1.18,0.01463462748090658,2.149076296824214e-09,0.5393278705731158,-7.463740316926284e-10,1.8126468871197722e-05,-1.485607014491883e-07,1.6580845096129995e-05,9.10357969842005e-06,8.199745457685434e-06,0.0,4,Solved,131618,86964,339872,0.06456103877509903,1.0636408198850578e-12,8.115241149764985e-14,0.3628320040854134,-0.6409902546381163,-0.0035193380269358623,-0.3628297702577261,0.6409907848612342,0.0035393431304574998,0.00010612345152207544,-0.0001198778248094408,0.0002954378456214887,-0.00011407858040691913,0.00011722683444033331,-0.0003665128391158735,0.15693392250779106,1.03293497243917,0.0001451276674814373,-0.1569810419963105,-1.0329766204015844,-0.00012776583869028894
1.185,0.014634608877892346,2.285586982119671e-09,0.5393278353621896,-1.0055280259310835e-09,1.8076273829136613e-05,-1.4816480993375808e-07,1.6367734010715094e-05,1.0654632079150027e-05,7.814961349123464e-06,0.0,4,Solved,134875,87625,334251,0.06456073731910326,2.0815321794435407e-12,2.1849471731871976e-13,0.3628325249654901,-0.6409908477892328,-0.003517819577723445,-0.36283031357295104,0.6409913723141806,0.0035376278217305614,0.00010293964412570848,-0.00011787671303073452,0.00030911849402484663,-0.00010514507102892751,0.00011770344300246163,-0.00032757630026276495,0.1569409083737082,1.032941673399487,0.00014138332339677745,-0.15697381925287537,-1.0329717971056522,-0.00013122080394399396
1.19,0.01463459348679849,2.050829433734785e-09,0.5393278006090269,-5.88381569332338e-10,1.8018301859945374e-05,-1.47161280416759e-07,1.617213853434403e-05,1.2231528276557033e-05,7.467639191152869e-06,0.0,4,Solved,138842,94879,345263,0.06455998898678955,1.0635144209271334e-12,8.161736673880698e-14,0.36283302587399485,-0.6409914322737439,-0.0035162658878919043,-0.36283081583323085,0.6409919600353078,0.003536072424828758,9.842249240575136e-05,-0.00011631332791156393,0.00031183590697521466,-9.739127535501347e-05,0.00011748529515607892,-0.0003001172926504754,0.1569590142518692,1.0329555696776647,0.00013174024416954714,-0.15695567931349158,-1.0329598237886328,-0.00014058583775579227
1.195,0.01463458125413083,1.7852875753276163e-09,0.5393277663420393,-1.0406225697374371e-10,1.795244336948165e-05,-1.4675665845176883e-07,1.599383080309691e-05,1.3797601702671905e-05,7.158370952684794e-06,0.0,4,Solved,129515,83528,329933,0.0645602700565304,1.0626022104765316e-12,8.81067818246729e-14,0.3628334948171854,-0.6409920129390168,-0.0035147852457382157,-0.36283128887605026,0.6409925420958199,0.003534566126808677,9.078727681881723e-05,-0.00011605777658676235,0.00028577302828787564,-9.28058130563626e-05,0.0001157699523289357,-0.000301937902404331,0.1569703418642024,1.0329643209044863,0.00012623715784185763,-0.1569476362886576,-1.0329545932926958,-0.00014518763053699397
1.2,0.014634572461483484,1.883767551185963e-09,0.5393277325257583,-2.7354849176953744e-10,1.788152449402511e-05,-1.4750312850466489e-07,1.5833268390205336e-05,1.4260197028352196e-05,6.887199497754373e-06,0.0,4,Solved,128984,80502,314754,0.0645606220667118,2.085281828221095e-12,2.1718835582128443e-13,0.3628339261187833,-0.6409925953979205,-0.0035134803359097443,-0.3628317492122984,0.64099311498504,0.0035330069028027366,8.331863510776807e-05,-0.00011681765305375284,0.0002445514035432392,-9.163242924560177e-05,0.00011386599772603719,-0.00031836598729503797,0.15694707851475978,1.0329491289621444,0.0001378657180162382,-0.15696759037372723,-1.0329699530673888,-0.0001341078988659057
1.205,0.014634567238291997,2.185293143299698e-09,0.539327699153355,-8.175667427940557e-10,1.7807010950297093e-05,-1.4828753782200746e-07,1.568891672173392e-05,1.551155647528883e-05,6.678841256221612e-06,0.0,4,Solved,133673,81353,318221,0.06456083177370589,1.0666115524300762e-12,8.233939283283006e-14,0.36283432646686603,-0.6409931744768174,-0.0035122727072678774,-0.362832186995256,0.640993681889672,0.0035314683797307623,7.794939690479528e-05,-0.00011521952601224943,0.00023940583551773474,-8.492151684961822e-05,0.00011310739548140372,-0.0003006908863400269,0.15694399336703202,1.032947807227902,0.00013950873784816619,-0.15697072807900025,-1.0329733083792942,-0.00013229844894222767
1.21,0.014634565102478408,2.272681780613986e-09,0.5393276663390383,-9.79541752128715e-10,1.7724931478707804e-05,-1.4822917633771572e-07,1.556093841559661e-05,1.7017321412737415e-05,6.519058196240519e-06,0.0,4,Solved,132080,80152,313061,0.06456101872543972,2.071113671710783e-12,2.1730096758107247e-13,0.3628347014904395,-0.6409937446369164,-0.00351107527410116,-0.36283258972216853,0.6409942450890892,0.003530031619585752,7.309439408765281e-05,-0.00011331326564128317,0.00023946567371541615,-7.769603270933082e-05,0.00011237754465937848,-0.00027850643037106293,0.15694100458265045,1.0329464765253915,0.00014113632358138818,-0.15697382150976755,-1.0329762996070355,-0.0001305790278140292
1.215,0.014634566044623473,2.096810513967724e-09,0.5393276341056389,-6.634562556570413e-10,1.763545536808602e-05,-1.476487195943388e-07,1.544907354377678e-05,1.8474288419714245e-05,6.414978624005976e-06,0.0,4,Solved,131238,79600,308994,0.06456039840035278,1.0492261784031468e-12,8.106561528025791e-14,0.362835054190528,-0.6409943046845439,-0.003509861960081251,-0.362832955030908,0.6409948050322749,0.003528719402099904,6.889144522875165e-05,-0.00011121599233682324,0.00024472332156822877,-7.003169349951796e-05,0.00011177650269794967,-0.0002517592619242967,0.15695759149240243,1.03295862458127,0.00013234624324729862,-0.15695754222276032,-1.0329663744056445,-0.000139217194990279
1.22,0.014634570079407454,1.868322041175569e-09,0.5393276024701489,-2.4637582185141914e-10,1.7538940151015185e-05,-1.473171356202123e-07,1.5353041718610022e-05,1.9844483941847047e-05,6.365817000799803e-06,0.0,4,Solved,123443,87715,309655,0.0645604050570312,1.061826354128584e-12,8.251001654782835e-14,0.3628353773384128,-0.64099485804682,-0.0035087028825750385,-0.3628332910404151,0.6409953573056816,0.003527458220340986,6.185481892310964e-05,-0.0001103582764296099,0.00022325829108211248,-6.535584698316341e-05,0.00010964872905859623,-0.0002524413561854695,0.15696618610140645,1.0329664809124992,0.00012796783092620405,-0.15694937398689024,-1.032960630678459,-0.00014349608841149485
1.225,0.014634577252324091,1.9527213880009316e-09,0.5393275714626026,-3.9211229908842687e-10,1.743594563423217e-05,-1.4793219595951447e-07,1.5272576390749845e-05,2.1084516740218923e-05,6.377973699639721e-06,0.0,4,Solved,123042,79491,302541,0.06456084610110623,1.0660685743085906e-12,8.256406029554219e-14,0.3628356615756322,-0.6409954081352286,-0.003507687598645312,-0.36283360840991696,0.6409958973357722,0.0035261547941200394,5.35675269703971e-05,-0.00010983491339529507,0.0001896187427949574,-6.226106698278849e-05,0.00010699037866104362,-0.0002660686788647978,0.15695365798114924,1.0329592347378147,0.0001349837411632694,-0.15696509903533595,-1.0329735376176996,-0.00013553424749320527
1.23,0.01463458786184623,2.2228299618394426e-09,0.5393275411237316,-8.781948566759402e-10,1.7329089434272633e-05,-1.4869888735748077e-07,1.5207819414933349e-05,2.1417841008836602e-05,6.483070112617849e-06,0.0,4,Solved,129064,79099,307621,0.06456099701059126,2.0533874470522875e-12,2.1673514830175718e-13,0.36283591525927095,-0.64099595119163,-0.0035067702344717803,-0.36283390585438763,0.6409964268036454,0.00352485324634829,4.8883775961947345e-05,-0.00010786266433119682,0.00017926193317106703,-5.770050002676383e-05,0.00010521968896952429,-0.0002564840981205137,0.15694663668790376,1.0329534908419808,0.00013852116065539018,-0.1569686476057244,-1.0329759521694601,-0.00013332438969806392
1.235,0.014634601992327106,2.3659148151362393e-09,0.5393275114709375,-1.1397385129191067e-09,1.72192546447539e-05,-1.4884252067464145e-07,1.5157529530876027e-05,2.2494132490935485e-05,6.6323120101031315e-06,0.0,4,Solved,129625,90450,321718,0.06456049350208713,2.097921881652926e-12,2.1739675091378093e-13,0.36283614513689677,-0.6409964839745659,-0.003505876012693844,-0.3628341745886999,0.64099694913137,0.003523621862796979,4.4070994533380166e-05,-0.00010575688959542979,0.0001784461328680807,-5.11639120504504e-05,0.00010401503376067702,-0.00023947538438284284,0.15695870299211914,1.032963214243014,0.00013234163018014392,-0.1569568529848324,-1.0329678960333941,-0.00013959687204991795
1.24,0.014634619193631754,2.435426949968569e-09,0.5393274824734808,-1.2653210511633855e-09,1.7102982092527737e-05,-1.4897355446758616e-07,1.5121677681835634e-05,2.3752233410866954e-05,6.827724625369366e-06,0.0,4,Solved,129064,79139,308703,0.06456130885997367,2.097381594650076e-12,2.1696451720057712e-13,0.36283634487739225,-0.6409970087569075,-0.003505042290958109,-0.3628344174364376,0.6409974625192489,0.003522416232368471,3.724701727116951e-05,-0.00010447801111910338,0.00015891512670977877,-4.6873092416338976e-05,0.00010185447453372285,-0.00024212227093600003,0.1569421472461456,1.0329524602638214,0.00014157316758063614,-0.15697467576589258,-1.0329809417595788,-0.0001302596562971641
1.245,0.014634639583023582,2.399719599565865e-09,0.5393274541315126,-1.1989456965608501e-09,1.698141544634964e-05,-1.489165190547471e-07,1.5100131053954482e-05,2.4626768102376334e-05,7.10138916376368e-06,0.0,4,Solved,123242,106171,334923,0.06456063740021242,1.0578510452779468e-12,8.035731116775003e-14,0.3628365218264606,-0.6409975230234898,-0.003504218312930002,-0.36283463108558706,0.640997969487652,0.0035212833952998988,3.4176550413599e-05,-0.00010185342077176831,0.00016853782287266778,-4.001712175159706e-05,0.00010112700821847172,-0.00021622789200579436,0.15695801758836603,1.032964509010526,0.0001332083156093344,-0.15695838866358197,-1.0329701984033988,-0.00013895597824339017
1.25,0.014634663256469099,2.173694490188165e-09,0.5393274264544874,-7.832058924770411e-10,1.685547879153253e-05,-1.4869450300335821e-07,1.5092238747728924e-05,2.5592369727095943e-05,7.4119014679242074e-06,0.0,4,Solved,131508,81374,326356,0.06456084406791206,2.084594895730898e-12,2.1718502444070288e-13,0.36283667379997375,-0.6409980276772268,-0.0035034245783141897,-0.3628348184195171,0.640998468098067,0.0035201974130672315,2.7919143776615283e-05,-0.00010037226347961093,0.0001521887960955008,-3.5789127380115996e-05,9.885263000658201e-05,-0.00021770966019315358,0.15695458502615092,1.0329619537132781,0.00013516328137128672,-0.1569615222070641,-1.032973505086593,-0.00013740574348563482
1.2550000000000001,0.014634690090656611,2.042419108824775e-09,0.5393273994737452,-5.360572082728822e-10,1.672419677385306e-05,-1.4888704866655817e-07,1.509763311899735e-05,2.67188294375719e-05,7.749005808034207e-06,0.0,4,Solved,128212,86834,325976,0.06456165447334573,1.0601531733323032e-12,8.075393149442388e-14,0.3628367962444932,-0.6409985241870039,-0.0035026941619028707,-0.36283498237845324,0.6409989559540653,0.003519118692243531,2.2231442991712765e-05,-9.864873899796763e-05,0.00014191694872949187,-3.0826007382666736e-05,9.677981685480719e-05,-0.0002143521623486031,0.15698429525037585,1.0329864715735317,0.00012081551999203695,-0.15693743459527407,-1.0329511796244346,-0.00015115183449348004
1.26,0.014634720550995206,2.113652702344976e-09,0.5393273730418549,-6.462418135563867e-10,1.6591938752347064e-05,-1.4999838892261872e-07,1.5117330452297554e-05,2.5956458868111118e-05,8.319450314434068e-06,0.0,4,Solved,131548,86543,331877,0.0645615834733945,1.0561796412058477e-12,8.436775545253295e-14,0.36283688602470854,-0.6409990206639468,-0.0035021427727872185,-0.3628351463740319,0.640999432669386,0.003517932287562454,1.5159005124586819e-05,-9.976892018688658e-05,8.921785390497906e-05,-3.41177634618282e-05,9.446515855472138e-05,-0.0002523446398436372,0.1569431140945583,1.0329530546034578,0.00014188262063963367,-0.15697412120809334,-1.032985335574312,-0.0001312428666285068
1.2650000000000001,0.014634754973036975,2.3457198500345455e-09,0.5393273470795737,-1.0544766855333924e-09,1.646181028960024e-05,-1.5108812929332272e-07,1.514881596692226e-05,2.634715007496093e-05,8.802087139561557e-06,0.0,4,Solved,127732,86674,327840,0.0645610954670875,1.0660573662230475e-12,8.341188562040515e-14,0.3628369533897906,-0.6409995114701529,-0.003501663258420435,-0.36283529672105763,0.6409999012217716,0.003516736662911372,1.233721171557738e-05,-9.716362769931783e-05,0.00010008003346006565,-2.7435371375805936e-05,9.325821307579818e-05,-0.00023038347020455595,0.15695129012687095,1.0329619975071405,0.00013815099623476303,-0.15696579835804414,-1.0329775274734,-0.00013540545228803318
1.27,0.014634792647663045,2.388664808780847e-09,0.5393273218140486,-1.1338917368477752e-09,1.632740767495026e-05,-1.5104434139585866e-07,1.5192320355580564e-05,2.725402653812128e-05,9.255616171432173e-06,0.0,4,Solved,131678,87615,346705,0.06456138220207892,1.0694337153860256e-12,8.326665609399305e-14,0.362837001647203,-0.6409999899788381,-0.003501163448277935,-0.3628354179353604,0.6410003622993101,0.0035156126138506565,7.881834500432026e-06,-9.479918239405442e-05,9.972999850212669e-05,-2.2140619775560322e-05,9.157215456014719e-05,-0.00022102806674569365,0.15694740979282745,1.0329590280277596,0.0001405351466250102,-0.15696960413337172,-1.0329821152332628,-0.00013337148314297964
1.2750000000000001,0.0146348335000447,2.2420368268841024e-09,0.5393272972869306,-8.675801800452617e-10,1.618804502439305e-05,-1.5070306088348517e-07,1.5247410913253744e-05,2.8305244362633075e-05,9.714808398277898e-06,0.0,4,Solved,126279,95109,334442,0.06456201130611872,1.0556116897652046e-12,8.27635498270437e-14,0.3628370293305327,-0.6410004554964118,-0.003500643972411508,-0.3628355096615544,0.6410008147128395,0.0035145527703244746,3.987990814665175e-06,-9.204452554862505e-05,0.00010650309541820871,-1.584109538795292e-05,8.980778338338205e-05,-0.00020586695335259614,0.15693458312189612,1.0329503125392394,0.00014827654249880827,-0.15698322862747213,-1.0329921808978995,-0.00012592358622101515
1.28,0.014634877544614474,1.7755056189901985e-09,0.5393272735238561,-2.3932702454936545e-11,1.6043793877522164e-05,-1.495554693022159e-07,1.531394088450278e-05,2.918278354339405e-05,1.0214077302759106e-05,0.0,4,Solved,145525,103134,367354,0.06456096418044575,2.0800429692482156e-12,2.1745928354462846e-13,0.362837046607059,-0.6410009042915662,-0.003500018033988963,-0.36283556326144406,0.6410012617315942,0.00351363838674687,3.105150271514682e-06,-8.832584721015144e-05,0.00013739791951680784,-7.335681682147008e-06,8.916527136731496e-05,-0.00016755431334803167,0.15695754326533654,1.032968104347151,0.00013580574494654956,-0.1569603187862909,-1.032975426887132,-0.00013887082659512492
1.285,0.014634924854696384,1.0822215897335954e-09,0.5393272505146697,1.2389988550594655e-09,1.5895294635511304e-05,-1.4841261220578873e-07,1.5391407175523196e-05,3.0056646601841492e-05,1.0730523704694576e-05,0.0,4,Solved,127511,81364,316437,0.06456115746557713,1.062371485009818e-12,8.260006577426451e-14,0.3628370460941303,-0.6410013402011036,-0.0034993562141425404,-0.3628355875567456,0.6410016994005338,0.0035127929260042098,-2.203048980973569e-06,-8.647362669106784e-05,0.00012897654243344668,-3.1989419781359776e-06,8.651201718235997e-05,-0.00016989608967167495,0.15695576860737262,1.032966261815478,0.00013697538147680946,-0.156962217129002,-1.032978519449234,-0.00013817179484376278
1.29,0.014634975400642805,6.087018405123854e-10,0.5393272282804753,2.1095331623748457e-09,1.574223525731051e-05,-1.4812801130364998e-07,1.5479404216058332e-05,3.099129746736217e-05,1.125577452410132e-05,0.0,4,Solved,131177,80532,318131,0.06456181130034742,2.0843873863080455e-12,2.1751986334101608e-13,0.36283702028280507,-0.6410017663109794,-0.0034987251857933237,-0.3628355896365931,0.6410021235808372,0.0035119427812345203,-7.120739465884009e-06,-8.444046071451347e-05,0.00012424998871209616,1.4304488829880592e-06,8.378482920347183e-05,-0.00016996285156017728,0.15694265966068974,1.032956921661996,0.00014476050224152218,-0.15697583958050684,-1.0329889808055588,-0.00013083838744986544
1.295,0.01463502919716258,2.345996771840178e-10,0.5393272068360733,2.7899361484142182e-09,1.558467510486866e-05,-1.475505012307803e-07,1.557762295756638e-05,3.1845076997483236e-05,1.1805472425034105e-05,0.0,4,Solved,129525,80662,313493,0.06456133548679453,2.0803295298040764e-12,2.1677007316423837e-13,0.3628369784473914,-0.6410021789051303,-0.0034980444191657443,-0.3628355613389097,0.6410025375378042,0.003511161887941385,-9.203079625689309e-06,-8.130942018178289e-05,0.00014386884162551365,8.456366182300106e-06,8.217482796670998e-05,-0.00014693671300299504,0.15695305405102045,1.0329649773669365,0.0001392798181309491,-0.15696550300056578,-1.0329813677887125,-0.000136950649511129
1.3,0.014635086277328482,-1.4142552419368162e-10,0.5393271861692152,3.4686843001014957e-09,1.5422880017462434e-05,-1.4671294103072784e-07,1.5685608398474066e-05,3.270887928392418e-05,1.23672507856489e-05,0.0,4,Solved,122581,80663,321587,0.06456161602538563,1.0622511766239358e-12,7.947103570920573e-14,0.36283692020651676,-0.6410025786735205,-0.003497319001161638,-0.3628355043617129,0.6410029409152322,0.0035104384546797594,-1.3264542344431255e-05,-7.910311001030687e-05,0.0001457921992086848,1.3356663187495655e-05,7.973843983829654e-05,-0.00014300622186293275,0.15698048060673067,1.03298585640617,0.00012448071564456797,-0.15694032964088755,-1.0329633826859896,-0.00015176267950559375
1.305,0.014635146805923023,-6.020695035760398e-11,0.5393271662658213,3.325318832514568e-09,1.5258203405617848e-05,-1.4725289365583208e-07,1.580332508201456e-05,3.298963418919082e-05,1.300818127095761e-05,0.0,4,Solved,125878,79450,306770,0.06456111499120439,1.0589441991941194e-12,8.153906965993396e-14,0.3628368290228832,-0.6410029736442132,-0.0034967211063327112,-0.36283544081755753,0.6410033258597422,0.0035095949628457064,-2.1522646113296066e-05,-7.893705232060508e-05,0.00010215279552431277,1.2298974621833749e-05,7.525485699724499e-05,-0.00018548717314210812,0.15695803329966723,1.0329705499579167,0.0001374397188941369,-0.15696168245962203,-1.0329778398592702,-0.00013983790698895778
1.31,0.01463521094064919,5.132353331560047e-10,0.5393271471163081,2.284950057353913e-09,1.5091918588753335e-05,-1.4851788896577206e-07,1.5929880919254327e-05,3.350115832940528e-05,1.363404760939005e-05,0.0,4,Solved,122822,79520,306319,0.06456167312503887,1.0594160628765603e-12,7.914810812627145e-14,0.3628367085586187,-0.6410033612724814,-0.0034962172355985817,-0.3628353682384646,0.641003695103539,0.0035086574957840766,-2.5826133393489745e-05,-7.664377688026812e-05,9.961930433636731e-05,1.5972064445910606e-05,7.296500686267786e-05,-0.00018876835284641145,0.1569484355116549,1.0329635240489778,0.00014354904182066846,-0.15697260651221043,-1.032986770000622,-0.00013405664688036537
1.315,0.014635278609943462,9.366100041192235e-10,0.5393271287135456,1.5042677390292776e-09,1.492337229520636e-05,-1.4870265773139387e-07,1.6065163787185325e-05,3.3797606922572524e-05,1.4294579279216675e-05,0.0,4,Solved,128944,80191,316437,0.06456161239701116,2.1007903509065308e-12,2.1654043745004004e-13,0.36283657398949837,-0.6410037349044501,-0.003495669456603448,-0.3628352728408235,0.6410040552400484,0.003507756472746057,-2.76596713297233e-05,-7.3517614099849e-05,0.00011591955084570358,2.113329773941645e-05,7.144403334144654e-05,-0.00017445044447808865,0.156949585685304,1.0329640538083553,0.00014319105506031834,-0.15697033989279094,-1.0329857983521786,-0.00013541325619471456
1.32,0.014635349839826652,1.0850799203477815e-09,0.5393271110686341,1.2188254497669466e-09,1.4752658463721308e-05,-1.4812924704079415e-07,1.6208342708935975e-05,3.444486268060533e-05,1.4924724301310545e-05,0.0,4,Solved,130326,82215,312289,0.06456162339688844,2.0797770148266488e-12,2.1636704387650646e-13,0.36283642754728385,-0.6410040933703166,-0.0034950471036563767,-0.3628351511180896,0.6410044066830977,0.003506914269065099,-3.0381902797921137e-05,-7.053846787666231e-05,0.00012998158279516585,2.648542546735438e-05,6.956625417337162e-05,-0.00016431117084968398,0.15694931700680495,1.0329646122997551,0.00014393460445985922,-0.15697108869076126,-1.032985974350215,-0.00013528729079831739
1.325,0.014635424474603536,1.0138471580681326e-09,0.5393270941917094,1.3356145103679261e-09,1.457834115424937e-05,-1.473096502799529e-07,1.6359224907061176e-05,3.513245186880011e-05,1.5559429925104792e-05,0.0,4,Solved,128944,79230,306338,0.06456114112317403,2.0875836084664443e-12,2.159389009089214e-13,0.362836268505481,-0.6410044367866663,-0.0034943479714605328,-0.36283500281302583,0.6410047490610997,0.003506125048308763,-3.2765037230648695e-05,-6.751061879666507e-05,0.00014620410409192617,3.178494604068481e-05,6.77919267301853e-05,-0.0001533995856055061,0.15696174633153326,1.0329754799506574,0.0001375401194626846,-0.15696100511576988,-1.0329782579707845,-0.00014171549595529156
1.33,0.0146355027337039,8.225470876840341e-10,0.5393270780834202,1.680825826562662e-09,1.4402117328778641e-05,-1.468074847792131e-07,1.651771725827517e-05,3.522384170806322e-05,1.6273345429901705e-05,0.0,4,Solved,141527,84851,331486,0.06456146757737198,2.0843624700463142e-12,2.1718795940986512e-13,0.3628360932011327,-0.6410047674453712,-0.003493626642345118,-0.36283483714078807,0.6410050795489446,0.003505328709058311,-3.6584223656373045e-05,-6.526263603797179e-05,0.000142871889146185,3.405822704333996e-05,6.50238190935682e-05,-0.0001629574985438915,0.1569546418414512,1.032968225367868,0.00014168038453031068,-0.15696642482153328,-1.0329834812379517,-0.00013892977916084398
1.335,0.014635584728820364,6.753282591866853e-10,0.5393270627418397,1.9504054127998555e-09,1.4224786674968699e-05,-1.466517885104345e-07,1.6682861721890147e-05,3.57194774931085e-05,1.6947588080480355e-05,0.0,4,Solved,128843,79150,310616,0.06456164737524589,2.0745265091388037e-12,2.1732177028674056e-13,0.36283590109718483,-0.6410050861966412,-0.003492886600451867,-0.36283465448971763,0.6410053976163785,0.0035045135569313555,-3.966022887112542e-05,-6.279366443473213e-05,0.00015125166230800228,3.8184651003254836e-05,6.272492216374153e-05,-0.00016293056046844822,0.15695126955817396,1.0329661447947973,0.0001441226836377559,-0.15697017793955204,-1.0329863580039342,-0.0001371482070426348
1.34,0.014635670227515036,5.117252713246903e-10,0.5393270481488893,2.244329022578928e-09,1.404431645156358e-05,-1.4620462015106486e-07,1.685441959881643e-05,3.6342750084015094e-05,1.761491206702532e-05,0.0,4,Solved,123433,79270,301460,0.06456176315954001,1.0641382966948821e-12,7.67998180606701e-14,0.3628356959806311,-0.6410053914606099,-0.0034920823575611834,-0.3628344492654884,0.641005704996196,0.003503716318474705,-4.194980143249867e-05,-5.994921832411616e-05,0.000167046473156486,4.295973445324664e-05,6.0687838900794836e-05,-0.00015699161690139077,0.156948521422918,1.0329642866502262,0.00014635063100654322,-0.15697371008310268,-1.0329882105526402,-0.0001356397122280618
1.345,0.014635759305696066,2.2046157593827714e-10,0.5393270342781707,2.7670848145570373e-09,1.3861244059197182e-05,-1.453467310686269e-07,1.703214284713224e-05,3.676347799665641e-05,1.8312291090118772e-05,0.0,4,Solved,132981,79430,311378,0.06456109425760292,1.0624686854166047e-12,7.885293177697836e-14,0.3628354828717225,-0.6410056824914708,-0.0034911796287287276,-0.36283421986082837,0.6410060038484855,0.0035029646112113184,-4.308719009434208e-05,-5.710546040801164e-05,0.00018933975780085374,4.784113634094383e-05,5.919674770834381e-05,-0.00014577555202850064,0.15696472601559175,1.032976782032771,0.0001372412138682151,-0.15695787712671086,-1.0329775081216468,-0.00014530363344808283
1.35,0.014635852050523129,-3.7281698392499066e-11,0.53932702111852,3.2344202728026656e-09,1.3676151484813924e-05,-1.4487647008826765e-07,1.72154233889585e-05,3.720067821953882e-05,1.9016815882541895e-05,0.0,4,Solved,125808,78929,307782,0.06456177790858171,1.0587397733009747e-12,8.343423757828509e-14,0.3628352535467591,-0.6410059626419456,-0.0034902530110189393,-0.36283397528223676,0.6410062897387728,0.0035021762410898964,-4.771533287511721e-05,-5.53459640497573e-05,0.00018258296800820602,4.966746369839972e-05,5.5897335789651906e-05,-0.0001653268500360013,0.15698152699087875,1.0329884465373074,0.00012797420309626655,-0.15694166324598735,-1.032966671420025,-0.00015522494506063227
1.355,0.014635948491297148,2.5425445436859403e-10,0.539327008728444,2.7124193212356485e-09,1.3488949436922572e-05,-1.459711289251647e-07,1.740395003036092e-05,3.7591953307673476e-05,1.97362216769318e-05,0.0,4,Solved,125938,79390,305026,0.06456198894686282,1.0692413920819356e-12,8.528288702123637e-14,0.3628349918001313,-0.6410062380131222,-0.003489447968851515,-0.3628337317923906,0.6410065548924271,0.0035011979310169746,-5.5440557977903984e-05,-5.489875332314527e-05,0.00014661907228884346,4.808772351642587e-05,5.1209218434118684e-05,-0.00021554658954485673,0.15694431871763145,1.0329620303437872,0.00015035250857250917,-0.1569798222306975,-1.0329918231498052,-0.00013372632332343497
1.36,0.014636048757006307,7.863551734069017e-10,0.5393269970382976,1.7411166098314351e-09,1.3300699821574425e-05,-1.4677500618997505e-07,1.7597582010926e-05,3.7636330336622955e-05,2.0497789181700418e-05,0.0,4,Solved,129024,87606,315436,0.06456203195119305,2.0661124611733576e-12,2.1801473048198815e-13,0.3628347172335224,-0.6410065020173025,-0.003488608635716292,-0.3628334758639546,0.6410068095943168,0.003500179730136832,-5.462179578410245e-05,-5.1479325363081285e-05,0.00018163827194385141,5.323294537175817e-05,5.0776202064211286e-05,-0.0001957492264906213,0.15695064949272924,1.0329673734198805,0.00014702189371922585,-0.1569749992025064,-1.0329925112190887,-0.00013694222779450508
1.365,0.014636153043114308,8.784555775366001e-10,0.5393269860734518,1.5570721841768612e-09,1.3112769709990736e-05,-1.4603337344578034e-07,1.779557638307866e-05,3.7543494299369085e-05,2.1292727233289283e-05,0.0,4,Solved,124545,78909,302401,0.06456146499718023,1.0553529164562857e-12,8.208392669256808e-14,0.3628344411653339,-0.6410067477422156,-0.0034876270823494854,-0.36283319634093397,0.6410070557730778,0.0034992213994213205,-5.563491693874097e-05,-4.76417428659684e-05,0.00020588444947315288,5.770326442526897e-05,4.8247877037198183e-05,-0.00018880099440805734,0.15695868719176842,1.032972159231492,0.00014271534106622728,-0.15696535357804667,-1.0329834399548836,-0.00014289757384949595
1.37,0.014636261314484618,8.642992378038953e-10,0.5393269759575504,1.5707505036028477e-09,1.2924347467973804e-05,-1.4538898054833415e-07,1.799744124652778e-05,3.7847743884337435e-05,2.204429674741602e-05,0.0,4,Solved,124626,79410,306629,0.0645612614172215,1.0552480405511022e-12,8.052122425078201e-14,0.36283415446151607,-0.6410069787060947,-0.0034865708688372114,-0.36283289984166833,0.6410072891927278,0.003498246429968198,-5.8491824287724875e-05,-4.526530376706833e-05,0.00021469126086709014,6.039946253653603e-05,4.5689572507924466e-05,-0.00019889632111645458,0.1569632658867242,1.0329756752129695,0.00014063390351319013,-0.15696143167532467,-1.032980182675544,-0.0001457124822652797
1.375,0.014636373404465552,9.345864743135072e-10,0.5393269665592815,1.4390279325974352e-09,1.2734162272639814e-05,-1.4534501354383714e-07,1.8202968028737864e-05,3.814517343624048e-05,2.2801328568309574e-05,0.0,4,Solved,126329,79320,304535,0.06456291265462423,1.0662225468749974e-12,8.460236835094091e-14,0.36283385193032397,-0.6410071989725307,-0.003485490754922703,-0.36283259316151584,0.6410075092130353,0.0034971967583091704,-6.186762766853734e-05,-4.3279261939087625e-05,0.0002167837526098959,6.199428822694744e-05,4.293105012297206e-05,-0.00021706895416429337,0.1569278315999798,1.0329487122402157,0.00016215120757123605,-0.15699900966855249,-1.0330066024739877,-0.00012486140268753618
1.3800000000000001,0.014636489565146068,6.994031218783926e-10,0.5393269577754145,1.8525525481602339e-09,1.2544363107080489e-05,-1.4414541104284484e-07,1.8412213176913072e-05,3.7724315267687214e-05,2.364366659793399e-05,0.0,4,Solved,127040,79901,314535,0.06456127163175558,2.0640669745041957e-12,2.1733641802749743e-13,0.36283355927158,-0.6410074020219192,-0.003484196875754538,-0.3628322605716877,0.6410077271190958,0.003496257192869497,-5.637038525557049e-05,-3.8920673004640535e-05,0.0002863495717458005,6.952632353348985e-05,4.400631404296709e-05,-0.0001685462197638879,0.15697031871871753,1.0329803461080893,0.0001372652259772523,-0.1569549926263401,-1.0329759044877331,-0.0001507001638603088
1.385,0.014636609903815762,1.4810916436798156e-10,0.539326949561308,2.8467395299531988e-09,1.2355735447298208e-05,-1.427476306251054e-07,1.8623851648850317e-05,3.785035790182233e-05,2.4431924315971527e-05,0.0,4,Solved,121019,78939,298143,0.06456147234953144,1.0518244117814474e-12,8.271036776629865e-14,0.36283326297011687,-0.6410075933968102,-0.0034827977370922524,-0.3628319134071428,0.6410079357907057,0.003495310484835222,-6.11710624635842e-05,-3.785542693807378e-05,0.0002755420089597953,6.944334291268111e-05,4.0290262764510267e-05,-0.00020278961329146428,0.15696131406204916,1.032972573784824,0.00014296272790806995,-0.1569644749271996,-1.032983557592503,-0.00014581120104843948
1.3900000000000001,0.014636734173441433,6.418476625496716e-11,0.5393269420233815,3.0017422150041583e-09,1.2165702932377451e-05,-1.4286139842917935e-07,1.883793535681178e-05,3.810087452405467e-05,2.5213425457622638e-05,0.0,4,Solved,129345,80482,316688,0.06456251842286628,2.080883490412335e-12,2.183109311273794e-13,0.36283294965206087,-0.6410077771983236,-0.0034813972058566527,-0.3628315611183218,0.6410081288967658,0.0034942439085207553,-6.369003153078086e-05,-3.6056444185488204e-05,0.0002830063083112555,7.116274348672419e-05,3.756068331260387e-05,-0.0002201229899705772,0.1569437458209668,1.0329567951798706,0.00015323324117009292,-0.1569837746408399,-1.0330002947658605,-0.00013602800110560728
1.395,0.014636862548304366,1.6525378594522754e-10,0.5393269351152833,2.80266721274517e-09,1.1975593649531434e-05,-1.4241309742423754e-07,1.9054346311534433e-05,3.789639289940967e-05,2.6053998842184754e-05,0.0,4,Solved,141037,80411,321618,0.06456184625193233,2.06717694209891e-12,2.1578413528396383e-13,0.36283263656030534,-0.6410079488460869,-0.003479865956563171,-0.36283119210939707,0.6410083126191166,0.0034931810896431546,-6.195880071288955e-05,-3.321766358290668e-05,0.0003214912466984329,7.556885729894176e-05,3.6236809349528e-05,-0.00020742776493857566,0.15698310879571087,1.0329895400309173,0.00013171808760685,-0.15694365450813536,-1.0329674479247408,-0.00015853312631257044
1.4000000000000001,0.014636995136915524,5.550991473702842e-10,0.5393269288303425,2.0798264723934964e-09,1.1786081686415372e-05,-1.42573121956966e-07,1.9272235541196012e-05,3.7973635642727375e-05,2.687050738683192e-05,0.0,4,Solved,130486,79911,310557,0.06456132506100598,2.0927439729694704e-12,2.178508143601014e-13,0.362832306938328,-0.6410081138598578,-0.003478343690559852,-0.3628308226820967,0.6410084805899203,0.0034919744731446746,-6.856467926157418e-05,-3.2856414273682096e-05,0.0002931536256102398,7.283146269457055e-05,3.190914317514199e-05,-0.00026351078547887726,0.15696435263919975,1.0329760569170747,0.0001427169574563677,-0.15696279121725334,-1.0329812009760957,-0.00014829595883525948
1.405,0.014637131804643017,1.367223591952646e-09,0.5393269232122401,5.97059355438546e-10,1.159568006689539e-05,-1.4381553311300568e-07,1.9491403302029214e-05,3.815564229439167e-05,2.768231906142381e-05,0.0,4,Solved,132250,79520,310847,0.06456128799579275,2.070954357823147e-12,2.1659608582060876e-13,0.36283195590350203,-0.641008271481068,-0.003476857217731938,-0.36283045561571814,0.6410086323021512,0.0034905890085244863,-7.134933904707989e-05,-3.0667153016728895e-05,0.000299844870106933,7.3821104328078e-05,2.9337757753734353e-05,-0.0002860097729295762,0.15697047647205828,1.032980607932684,0.00013988704969378714,-0.15695741428471782,-1.0329767199748934,-0.00015184847909238165
1.41,0.014637272615645054,2.21363789619182e-09,0.5393269182489514,-9.507184198895896e-10,1.1404694130826707e-05,-1.4488067815083593e-07,1.9711601170863224e-05,3.820587352964611e-05,2.8515539156475285e-05,0.0,4,Solved,131929,80472,312370,0.06456148858921788,1.056470830184823e-12,7.920537043560989e-14,0.36283158837350077,-0.6410084196978111,-0.0034753656561531216,-0.3628300881470133,0.6410087703554382,0.0034890590687959985,-7.49792018271161e-05,-2.8983193772927893e-05,0.00029714613780060207,7.331004101456822e-05,2.6504689182467126e-05,-0.0003191056553300803,0.1569754155707179,1.0329838174274861,0.00013785304057952776,-0.15695408756511242,-1.03297380522071,-0.00015445513072802778
1.415,0.014637417772515156,3.1469202128590547e-09,0.5393269138817911,-2.6517155424671253e-09,1.1214699851702145e-05,-1.4630241652926484e-07,1.9932720581493107e-05,3.779371689146754e-05,2.9407055454830013e-05,0.0,4,Solved,127160,79781,306599,0.06456201373214399,1.0609617540178975e-12,8.146419633703739e-14,0.36283120274748826,-0.641008561153951,-0.003473907548909033,-0.36282972818485154,0.6410088943988324,0.003487340994146175,-7.859119925630236e-05,-2.7847708253597764e-05,0.00028780417287044323,7.115059301605244e-05,2.3725275131391737e-05,-0.00035974608674851823,0.15698219501185814,1.0329922197143038,0.00013528827727254,-0.15694880280261198,-1.032964532787093,-0.00015777995387951952
1.42,0.014637567600749347,4.056478641300354e-09,0.5393269099911628,-4.296887769851407e-09,1.1028459754351203e-05,-1.482159210319125e-07,2.0154552574152176e-05,3.681307072824093e-05,3.0364615918836684e-05,0.0,4,Solved,132460,79090,315366,0.06456124954271142,2.084409981289325e-12,2.1808706201348598e-13,0.36283079891208386,-0.6410086982215486,-0.003472517496817123,-0.36282938545794413,0.6410090067150135,0.003485395751842285,-8.224576898385857e-05,-2.715698140074798e-05,0.00027132763446435684,6.685343722014421e-05,2.165157807167881e-05,-0.0004083975541644039,0.15697261115988032,1.0329799926833827,0.00013992981667224747,-0.15695649483561389,-1.0329770496749333,-0.0001542493727065336
1.425,0.014637722082539153,4.899376151190888e-09,0.5393269065600967,-5.815129038700976e-09,1.0845618042655606e-05,-1.5028370725865707e-07,2.0375847447285916e-05,3.6550137642387296e-05,3.1250163231571015e-05,0.0,4,Solved,123773,88347,311228,0.06456172712362075,1.067398492375718e-12,8.17927528969648e-14,0.3628303769485476,-0.6410088298131599,-0.003471174037161912,-0.3628290552076858,0.6410091061472446,0.0034832350902674627,-8.587642136110847e-05,-2.5775219507395238e-05,0.00026673824760916525,6.55353905083983e-05,1.8755546982112415e-05,-0.0004478133465326598,0.15697951575197397,1.032987633977932,0.00013657552536352918,-0.15695071927595278,-1.0329718835956474,-0.00015791846404955193
1.43,0.014637880961237954,5.839170556061614e-09,0.5393269037603263,-7.51138766842411e-09,1.0663334047137505e-05,-1.524730277228366e-07,2.059664641012473e-05,3.638280580001394e-05,3.213951142414898e-05,0.0,4,Solved,131649,79199,315506,0.06456195471787866,2.0756079283883494e-12,2.1735008236300254e-13,0.36282993259371327,-0.6410089538229771,-0.003469883763278661,-0.36282873545702493,0.6410091890435642,0.003480843169470534,-9.090601747844859e-05,-2.4171447865123368e-05,0.0002521081864508726,6.29296711717389e-05,1.5169218574000313e-05,-0.0004985881612436531,0.1569493276456123,1.0329660358416273,0.00015517559422908542,-0.15698094834272386,-1.0329912754860586,-0.0001404162023220641
1.435,0.014638044331104352,6.3861875061216075e-09,0.5393269016068404,-8.496223147777604e-09,1.0482082171483514e-05,-1.5366337729435658e-07,2.081671496342844e-05,3.616226473518498e-05,3.303559823193102e-05,0.0,4,Solved,126649,78829,304435,0.06456326583040406,1.056306929277334e-12,8.342516787870378e-14,0.3628294832479315,-0.6410090626161727,-0.0034684906767169133,-0.3628284110339902,0.641009264302686,0.0034783699041080387,-8.925133892059426e-05,-2.02253607272545e-05,0.00029586450689722776,6.619181585677015e-05,1.4952979251655704e-05,-0.0004921272231523186,0.15700365971649205,1.033012253286465,0.00012709262237177725,-0.15695082883647896,-1.032969873792689,-0.0001625995618518875
1.44,0.014638214300934826,6.398669811499334e-09,0.5393268999906345,-8.486695707316986e-09,1.0319464758689328e-05,-1.5498980231992737e-07,2.1039937606280864e-05,2.893256974016766e-05,3.4776141558451004e-05,0.0,4,Solved,131338,86874,316528,0.06456304215614514,2.0637163501431753e-12,2.183251799156181e-13,0.3628290433130802,-0.6410091631549562,-0.0034671298822028514,-0.36282812607416814,0.6410093272988285,0.0034756929908685927,-8.713348167680309e-05,-2.0042242518701307e-05,0.00025637851586160363,5.09432033060941e-05,1.1072132713101822e-05,-0.0005638774666771857,0.15692987589829965,1.0329475994289405,0.0001703357417249958,-0.15700072877878413,-1.0330086744983222,-0.00012717813714824283
1.445,0.014638391920267948,5.9681064791727065e-09,0.539326898890943,-7.678043059934848e-09,1.0184072705200763e-05,-1.5520091418680255e-07,2.125864871022417e-05,2.703089821256114e-05,3.5883267800795315e-05,0.0,4,Solved,130377,78509,307461,0.06456237181680996,2.0895472759685402e-12,2.1736205347964608e-13,0.3628286297391309,-0.6410092463575922,-0.0034655698731889594,-0.3628278456414436,0.6410093873205601,0.0034730272081646136,-7.988663351479447e-05,-1.4470627403335326e-05,0.00034844029388469554,5.9470768374287636e-05,1.2576431502855878e-05,-0.0005130023198479749,0.1569421728591638,1.032958129947046,0.00016626411318291612,-0.15698844552343066,-1.0329979490689594,-0.00013201812933177155
1.45,0.014638574003628963,4.295671543520011e-09,0.539326898331319,-4.640777929148161e-09,1.0049074420115156e-05,-1.5172160603726504e-07,2.147513039098536e-05,2.702352366458438e-05,3.677426551960571e-05,0.0,4,Solved,123103,78678,300317,0.06456163193342053,1.0606307279374045e-12,7.949650814111625e-14,0.3628282470550378,-0.6410093039233805,-0.0034635882978705673,-0.3628275272117581,0.6410094522740417,0.003470573250000744,-7.434805291574454e-05,-9.626814994891533e-06,0.000427888376271693,6.652523002844355e-05,1.322846570234623e-05,-0.00047601839108696114,0.1569824353360071,1.0329861109347285,0.0001364764597429354,-0.15695099671912946,-1.0329650957577625,-0.00016272579533267937
1.455,0.01463876082919623,2.3770230535178493e-09,0.5393268980878209,-1.1183128403831936e-09,9.917074620463124e-06,-1.4994971459475357e-07,2.1690191203935887e-05,2.5806269628682557e-05,3.778216941070953e-05,0.0,4,Solved,130727,78658,307591,0.06456200486905657,2.099380374610254e-12,2.1519385835181305e-13,0.36282786614161583,-0.6410093593048444,-0.0034615254955374514,-0.36282721684395824,0.6410095109522965,0.003467991038411038,-7.735264408478147e-05,-1.20311459136938e-05,0.00040257347213261825,5.923320812483013e-05,1.0794894402498368e-05,-0.0005428595790091183,0.1569597940919165,1.032964879865968,0.00015243840162256387,-0.15697240089337403,-1.032992077904905,-0.00014691389607171862
1.46,0.014638952655999396,1.274891045526257e-09,0.5393268980417862,9.289251261622508e-10,9.790242634137331e-06,-1.503855999243642e-07,2.190206927865358e-05,2.5234898148051858e-05,3.874236995362185e-05,0.0,4,Solved,130115,79140,315415,0.06456144664841545,2.0655856923249556e-12,2.1789192256309754e-13,0.36282748264185977,-0.641009414414309,-0.0034594233131161876,-0.3628269157958601,0.6410095571717264,0.0034652322223540934,-7.633291300364437e-05,-1.0359301536990373e-05,0.00043210865957086196,6.086405426468306e-05,8.24579653733266e-06,-0.0005576344199507316,0.15696769372180933,1.032977271528394,0.00014737607888815608,-0.15696586919979677,-1.0329831463746473,-0.00015198628784631482
1.465,0.01463914927258237,7.013326947865017e-10,0.5393268986093689,1.9899930901217655e-09,9.665457669117182e-06,-1.5053045116274595e-07,2.211110869322914e-05,2.4748371180538123e-05,3.971679273519733e-05,0.0,4,Solved,129114,78599,305397,0.06456305911211117,1.3358203432289883e-12,7.0033680613248e-14,0.3628270971242372,-0.6410094597258417,-0.0034572208028816926,-0.3628266127597553,0.6410095881035679,0.0034623492905283032,-7.764718806304881e-05,-8.214239402979254e-06,0.000445974149028465,6.0478787041611116e-05,4.8392305722826715e-06,-0.000589051688658473,0.15699654750897027,1.0330089457937788,0.00011811265812574181,-0.15695220253380124,-1.0329564199230328,-0.0001791849357577982
1.47,0.014639352222220058,8.638503887896923e-10,0.539326899567721,1.7699616000714552e-09,9.555894056703036e-06,-1.5468116148200895e-07,2.232054237349954e-05,1.923584768114197e-05,4.126769777531623e-05,0.0,4,Solved,131669,78478,308082,0.06456380121962882,1.3287149158713873e-12,6.090275310975668e-14,0.36282669441049487,-0.6410095149675966,-0.003455266188449102,-0.36282637375530435,0.6410095988818604,0.0034590049310494184,-8.238948066743256e-05,-1.2902687016800104e-05,0.0003545893117620776,3.950426764887468e-05,4.3845314370408235e-07,-0.0007214401998753345,0.15693237217575143,1.0329304001689277,0.0001531845988284973,-0.15700134004446076,-1.033020819514061,-0.00014902209141788616
1.475,0.014639562281922695,2.5602355211002356e-09,0.5393269005002178,-1.240643249261705e-09,9.468900605199313e-06,-1.6165800806265604e-07,2.2524667142106658e-05,1.70475251623578e-05,4.242154246330034e-05,0.0,4,Solved,140195,79781,318972,0.06465644275690195,3.3954505873623475e-12,3.312186057718926e-12,0.3628262869218098,-0.6410095850319835,-0.003453461600309046,-0.36282618190127297,0.6410095921585987,0.0034552855131146313,-8.103477859865561e-05,-1.4677951391180127e-05,0.0003648734390310854,3.755065664645899e-05,-2.421176043150206e-06,-0.0007588301762558552,0.1567249067602888,1.0340142549041909,-4.2232295983759235e-05,-0.15940237913956853,-1.0345030841104312,0.000304666169859126
1.48,0.014639967566948521,-1.223402788633554e-08,0.5393269081562606,2.7564947673939814e-08,1.095575368466421e-05,-2.1749631636954257e-07,2.3097404434873235e-05,0.0006119904144119152,0.00011969603901498299,0.0,4,Solved,130987,79029,309004,0.06457263161842136,1.3926637620897964e-12,9.67883271359854e-14,0.3628281200515043,-0.6410093070664103,-0.003452741949358619,-0.3628285376870227,0.6410094895004622,0.003451877211127675,0.0006683590837939402,9.994212310204065e-05,2.0669263026935967e-07,-0.0008073688095569505,-3.475656653398447e-05,-0.0006267469553007465,0.1566310137195417,1.0327160122831114,0.00031982488080869857,-0.15727201579059752,-1.0331621058947418,-1.9995348569263836e-05
1.485,0.014640661058815816,-4.851089738841732e-08,0.5393269255148254,9.635215324514465e-08,1.4789055245105411e-05,-2.804534342367186e-07,2.340036650322327e-05,0.0007648197720410022,0.00013889510625379446,0.0,4,Solved,130897,78529,307050,0.06456353629646826,2.008361456162273e-12,2.7403961750573486e-13,0.3628316737448327,-0.6410087965662419,-0.003451125061954631,-0.3628323921645412,0.6410093406434995,0.003449863352515182,0.0007373346777340066,0.00010380598922344381,0.0005334589640827342,-0.0007486737588101682,-2.641429329190998e-05,-0.0002588657345179863,0.15707753003369182,1.0330165807434921,0.00012891380471177728,-0.15679765594051645,-1.0328520027176369,-0.00021551535882331592
1.49,0.014641352166408514,-7.601049769209517e-08,0.5393269425912466,1.4748601043595093e-07,1.8577528181486634e-05,-2.8922919533674287e-07,2.3655760749598868e-05,0.0007517251705174542,0.0001378784069870303,0.0,4,Solved,135386,79470,313843,0.06458419699343934,1.9604238063417656e-12,2.765659407577054e-13,0.36283532645050315,-0.6410083249340613,-0.0034485302812339086,-0.3628361134711361,0.6410091400472663,0.0034479747080595293,0.0007257509058812913,8.851173018047436e-05,0.0005092064127624958,-0.0007420873908075068,-4.882653205568606e-05,-0.0004572875902564389,0.1565059906370016,1.0325801568075297,0.0002955695714620021,-0.1574597779733504,-1.0333471518950295,-2.1033028202204362e-05
1.495,0.014642046356768655,-9.042402620492667e-08,0.5393269587909542,1.74146338584907e-07,2.236624300108517e-05,-2.915962520917487e-07,2.389057935410451e-05,0.00076682229788891,0.00014018411853885902,0.0,4,Solved,128944,78077,304996,0.06459946947518579,2.0619805324651265e-12,2.685448943025217e-13,0.36283917732359644,-0.6410079246525039,-0.0034450259471860674,-0.36283982051021346,0.6410089096382423,0.003446315097001595,0.0007999859642215125,7.472806636022905e-05,0.0008291986760420078,-0.0007412986646301244,-4.3977316194940323e-05,-0.0002481227084771924,0.1558026894381284,1.0323134143228136,0.00044072127502395477,-0.15811035540146123,-1.0335915116029726,0.00011891493482871871
1.5,0.014642752317972896,-1.0106465629872559e-07,0.5393269727919356,1.9421749277797126e-07,2.6227671216481157e-05,-3.093779870444484e-07,2.4089707634679443e-05,0.0007732639533917724,0.00014164763440751535,0.0,4,Solved,129113,82957,310978,0.06456356639153799,1.071461073775734e-12,8.570571766680315e-14,0.3628433551551809,-0.6410074890272143,-0.0034392200298460403,-0.3628434017095543,0.6410087646687437,0.0034464147786955296,0.0008604540470026214,9.47735547860843e-05,0.0013837219067714668,-0.0006989418911984641,-1.962279447323916e-05,0.00019953423659918536,0.15706297613250597,1.0330170622646078,0.00010593799113203934,-0.15679385837735918,-1.0328484800773294,-0.0002257069536177621
1.5050000000000001,0.014643458653148849,-1.0965303627431184e-07,0.5393269863765991,2.1057732357948833e-07,3.0059889358916083e-05,-3.318179684223492e-07,2.4256315935327158e-05,0.0007591974819885703,0.00014076384585846814,0.0,4,Solved,134595,88006,320465,0.06456042253130728,2.102134416471973e-12,2.1804453248920434e-13,0.36284758090172803,-0.6410070727337579,-0.003432661339614302,-0.362846873533139,0.641008597042547,0.003446720251561729,0.0008345601967861406,7.625463645289086e-05,0.001263943714734375,-0.0006922760183839189,-4.212245169841271e-05,-3.133986586217508e-05,0.15698298329012916,1.0329667605009165,0.00013025138678326528,-0.15686838283754295,-1.0328965105456738,-0.0001985052461235103
1.51,0.014644158283255672,-1.0591878848098883e-07,0.5393270002749043,2.0375002890365517e-07,3.380024512119665e-05,-3.4138851801573855e-07,2.4401819746965887e-05,0.0007405823301321871,0.0001394179466763426,0.0,4,Solved,125427,79350,305006,0.06456041568910467,1.0626549871389782e-12,8.115986562622729e-14,0.3628516808011186,-0.641006728192377,-0.003426532061204757,-0.36285029995708695,0.6410083414298076,0.0034460854563309147,0.0008102348857095675,6.44655580311255e-05,0.0012009582242020571,-0.0006812126201709397,-5.667653777161879e-05,-0.00019057516598861937,0.15698072134885946,1.0329666510256748,0.0001239265778123978,-0.1568665718398756,-1.0328941413194037,-0.00020243776466908123
1.5150000000000001,0.014644851163796902,-9.345736784463679e-08,0.5393270143673206,1.8069528014640173e-07,3.7446942462910015e-05,-3.4818747082534936e-07,2.4531247622848095e-05,0.0007218725069868297,0.00013810579222810632,0.0,4,Solved,127912,79360,315967,0.06455980783240918,2.100193675156577e-12,2.2006760461515135e-13,0.3628556446835739,-0.6410064383729622,-0.0034207923120297065,-0.36285368307246213,0.6410080219791056,0.0034446160902367987,0.0007812418879497237,5.405165734369619e-05,0.0011133870372387815,-0.0006740092741566989,-6.829149171018178e-05,-0.00036233970382217636,0.15696403168161757,1.0329569253185469,0.00013311105041774406,-0.15687876286354246,-1.0329007826942689,-0.00019168412945624606
1.52,0.014645537381628824,-7.515522224742166e-08,0.5393270285157021,1.4683371348310132e-07,4.099970141447762e-05,-3.5474663297615167e-07,2.4648187928537646e-05,0.000703036991098568,0.00013679756001654298,0.0,4,Solved,133161,79951,320826,0.06455878153176274,2.1151807993499378e-12,2.2011152666159828e-13,0.36285946932797253,-0.6410061878365026,-0.0034153892069223187,-0.362857021535778,0.6410076604537531,0.003442414771568506,0.0007541565132091754,4.781426064516201e-05,0.0010593129560401502,-0.0006639150925300667,-7.466245016859122e-05,-0.0004920583860498084,0.15693976059556344,1.0329405045082038,0.00014537053261514199,-0.15689868654058184,-1.0329139753167735,-0.00017836689361015902
1.5250000000000001,0.01464621694653464,-5.427226424321166e-08,0.5393270426238108,1.0819041792787329e-07,4.4457824508049134e-05,-3.5993742717577545e-07,2.4755296070375437e-05,0.0006840717773724516,0.00013547691454440967,0.0,4,Solved,123213,80292,302531,0.06455940145237868,1.061822206092695e-12,8.392083197324766e-14,0.36286316751003167,-0.6410059566725851,-0.003410135320364303,-0.3628602985690246,0.64100728129402,0.003439704301034668,0.0007300756872930236,4.543064419838025e-05,0.0010454627483495508,-0.0006501374525889987,-7.638013211249585e-05,-0.000575456087146677,0.1569531535932723,1.0329504232380589,0.0001354324004586157,-0.15688149663798165,-1.0329011671316937,-0.0001875004208679297
1.53,0.01464688990707662,-3.303873761382014e-08,0.539327056617166,6.891655913011425e-08,4.782112849479833e-05,-3.6488660774157894e-07,2.485455195792229e-05,0.000665138814195182,0.00013416396284731958,0.0,4,Solved,129314,81855,314394,0.06455867668194362,2.094088783690426e-12,2.220752709058537e-13,0.36286673213437337,-0.6410057375772528,-0.003405045263133119,-0.36286351951627377,0.6410068952454407,0.0034364955995915,0.0007016737346147724,4.297554255035809e-05,0.0010002578415521852,-0.0006405496272788922,-7.755424740752883e-05,-0.0006857598007684498,0.15693591211693536,1.032938826911098,0.00014382362237035613,-0.15689480391401023,-1.0329098820929494,-0.00017861340197827878
1.5350000000000001,0.014647556340679269,-1.2898037761764568e-08,0.539327070447006,3.16972609990517e-08,5.108978657340919e-05,-3.703009668070135e-07,2.4947265620204888e-05,0.0006461928924127658,0.00013285072913278903,0.0,4,Solved,130337,79390,308182,0.06455774139721271,2.136596257199951e-12,2.2232146103197317e-13,0.362870161646511,-0.6410055226887225,-0.003400096655348976,-0.3628666846314268,0.6410065122561955,0.003432828917693587,0.000675565373388234,4.312467436445559e-05,0.0009830107260991097,-0.00062832214388644,-7.583809730860894e-05,-0.0007651125451938994,0.15691570930890758,1.0329238623554033,0.00015381196409592577,-0.15691143136758437,-1.0329217466768943,-0.00016832304480091337
1.54,0.014648216309979268,4.5415747790625106e-09,0.5393270840780947,-5.168509197525432e-10,5.4263950863655634e-05,-3.7478454125283757e-07,2.5034465090875895e-05,0.0006273282761204344,0.0001315485107472424,0.0,4,Solved,138842,79730,333591,0.06455836979979182,2.11117478902993e-12,2.2124734871595535e-13,0.36287347009043763,-0.6410053007806132,-0.0033951401856585537,-0.362869779740815,0.6410061454364124,0.003428866047801259,0.0006526256323948988,4.528816378749543e-05,0.0009969805784910133,-0.000613113373177862,-7.167021448211139e-05,-0.0008110824363128102,0.15689495403874018,1.0329088036359042,0.0001640829833166541,-0.15692819765227148,-1.0329339167966691,-0.00015794451501090133
1.545,0.014648869860718707,1.8189102732888105e-08,0.5393270974861968,-2.5722384709195435e-08,5.734370495011696e-05,-3.7763757270949673e-07,2.5116676265703245e-05,0.000608381998677083,0.00013024401717809628,0.0,4,Solved,136007,79220,314313,0.06455790310125997,2.1294580569983864e-12,2.2276230102343756e-13,0.36287667289685915,-0.6410050626144922,-0.0033900193745533525,-0.36287278819991686,0.6410058047189716,0.0034247714051752975,0.0006327238199866098,4.919588729831231e-05,0.0010423473597180428,-0.0005943372359598497,-6.58176530012092e-05,-0.000824452704195882,0.1569019213480176,1.032913436172614,0.00015886100837110895,-0.15691769987608423,-1.0329264496201596,-0.00016310536306847042
1.55,0.014649516990085626,2.775133279896213e-08,0.5393271106778819,-4.336867366493894e-08,6.0328721931767285e-05,-3.7956562414671067e-07,2.519440381326744e-05,0.0005894383599039069,0.0001289509278875996,0.0,4,Solved,123283,78578,300357,0.06455752897258145,1.0692014826344776e-12,7.864901291487763e-14,0.3628797704698097,-0.6410048080049593,-0.003384724953016431,-0.36287570845717754,0.6410054904120784,0.0034205592700346124,0.0006109551039084615,5.205539089396082e-05,0.0010700943309859515,-0.000577398190749553,-6.093284852701664e-05,-0.0008545741114791617,0.1569121945540107,1.0329204635613032,0.00015196141068808919,-0.15690399748916423,-1.032916595214382,-0.0001700253986226348
1.555,0.014650157743258745,3.3771802442021235e-08,0.5393271236473877,-5.44410750880788e-08,6.32191615981429e-05,-3.819823523104652e-07,2.526794090143866e-05,0.0005705316844712207,0.0001276720399818779,0.0,4,Solved,131519,80081,310196,0.06455844242091044,1.0654164769977257e-12,7.280026153801157e-14,0.3628827526004311,-0.6410045432205068,-0.003379358392448764,-0.3628785507092885,0.6410051965699652,0.003416131393284614,0.0005870001975694266,5.353209930220377e-05,0.0010756844193668743,-0.0005626611455564096,-5.737680460473732e-05,-0.0009063570227158533,0.1568847381428187,1.032899392476328,0.00016607315232802317,-0.15692840430073832,-1.032935078734567,-0.00015592043271617988
1.56,0.014650792187175701,3.658441035569246e-08,0.539327136387889,-5.957706203204998e-08,6.601540984244175e-05,-3.8400168678964226e-07,2.5337522324165973e-05,0.0005517478435109208,0.0001264145081137656,0.0,4,Solved,124946,79210,306239,0.06455761617951639,2.1102911424376965e-12,2.2315420622747318e-13,0.36288563086405523,-0.6410042664999057,-0.0033738333983168852,-0.36288130432480975,0.6410049253078823,0.0034115760537562884,0.0005683120754725255,5.647256194211262e-05,0.0011245237215621077,-0.0005429614692327033,-5.227494423155982e-05,-0.0009145594201651295,0.15689933899007713,1.032909748390599,0.0001568741992133773,-0.15691033650563055,-1.0329218588722622,-0.00016529269679043052
1.565,0.014651420375435058,3.653013521116837e-08,0.5393271488973687,-5.9416469088410475e-08,6.871776243454818e-05,-3.8534935569217297e-07,2.5403148896165566e-05,0.0005329421466908181,0.00012516090072613016,0.0,4,Solved,130627,80532,311628,0.06455857233533994,1.063351888720021e-12,8.610750140582101e-14,0.3628884062824471,-0.6410039811924831,-0.00336815523678652,-0.36288396830209774,0.6410046732381675,0.0034068883783996214,0.0005465197072975015,5.739414466547954e-05,0.0011432004976074715,-0.0005261700173195327,-4.925937458143201e-05,-0.0009530138455043078,0.15687821551132608,1.0328927082548993,0.00016769470819011324,-0.15693036440836977,-1.0329371573654391,-0.00015419286227848949
1.57,0.014652042498752746,3.4320758335209506e-08,0.5393271611439961,-5.527588805583016e-08,7.132776098320167e-05,-3.8624233098302507e-07,2.5465338509486664e-05,0.0005148204385006218,0.00012398886063997658,0.0,4,Solved,134555,80142,314334,0.06455723534560734,1.0724833187009362e-12,8.080622631348908e-14,0.36289108847009793,-0.6410036897114729,-0.0033622849194909752,-0.3628865394157478,0.6410044398169964,0.0034021091743749294,0.0005299363226798335,5.8811372785414276e-05,0.0011946323820477174,-0.0005064302696594532,-4.508018055056744e-05,-0.0009580481565027055,0.15690245548327875,1.0329109022014926,0.0001531672515830536,-0.15690140361505714,-1.0329157655297174,-0.0001692339457912555
1.575,0.014652658712529354,3.059823056745355e-08,0.5393271731105465,-4.833989874018987e-08,7.384663866157889e-05,-3.8701910466081425e-07,2.5523364308299364e-05,0.0004963218904087548,0.00012277762254397733,0.0,4,Solved,125838,79520,304475,0.06455738929179479,1.0550095679477422e-12,7.733563464282937e-14,0.3628936703234568,-0.6410033985016659,-0.0033562970809397816,-0.3628890237080813,0.6410042177932238,0.003397162033556383,0.0005075766744783182,5.78196948407646e-05,0.0011997558685468517,-0.000490606369718117,-4.4023214219661787e-05,-0.0010104233369166622,0.15689620301175142,1.0329064927875178,0.00015576363628280127,-0.15690515760911355,-1.0329182286687166,-0.00016666389055397648
1.58,0.01465326884010201,2.627295663412744e-08,0.5393271848619224,-4.0280162547718793e-08,7.62726694950846e-05,-3.8847316191743617e-07,2.557747894471765e-05,0.0004778211548379774,0.0001215698084212086,0.0,4,Solved,128703,79099,307030,0.06455753615541548,2.1251814366000154e-12,2.2468965165008126e-13,0.362896144591042,-0.6410031122008815,-0.0033502587574466697,-0.36289142569003713,0.6410040007923792,0.0033919773558509594,0.00048658622371887996,5.684122109979998e-05,0.0012130551394098003,-0.0004737393873525176,-4.305724217079502e-05,-0.0010547910928807834,0.15689011115555293,1.0329014207299767,0.0001581730331840295,-0.15690831197578653,-1.0329205784866478,-0.00016447317315260984
1.585,0.014653872952015354,2.166407742368405e-08,0.5393271964033157,-3.170441356778941e-08,7.860634484233271e-05,-3.8968813146738493e-07,2.5627567611940218e-05,0.00045934670485737,0.00012036648350650672,0.0,4,Solved,131247,87425,317179,0.06455704850213054,1.0543566166975066e-12,7.727147086475345e-14,0.3628985169559471,-0.6410028312867057,-0.003344133817291227,-0.3628937404517109,0.6410037882655631,0.0033865899943830314,0.0004665934453123123,5.570461787150592e-05,0.0012330324111955234,-0.00045591507535283594,-4.220385393788788e-05,-0.0010927947110451674,0.15689833041416817,1.0329070224497532,0.00015294226484735752,-0.15689761545951195,-1.0329127760340886,-0.00016981053689196863
1.59,0.014654471079612394,1.7205368838887586e-08,0.5393272077299157,-2.3411889157964265e-08,8.08478652443293e-05,-3.9090838601101404e-07,2.5673611350331398e-05,0.00044096093218204125,0.00011917454795106646,0.0,4,Solved,129244,79470,308723,0.06455683541808635,2.1305588240084482e-12,2.2595001295867313e-13,0.3629007847912455,-0.6410025594861757,-0.0033379593830720625,-0.3628959715432253,0.6410035765849976,0.0033809614630467017,0.0004450762972118231,5.34515567748918e-05,0.0012362934185318815,-0.0004398961304218352,-4.246399513930985e-05,-0.001147759856946369,0.15690192894899965,1.0329093666893816,0.0001503180683355878,-0.15689172558330122,-1.0329083976273705,-0.00017251615840423908
1.595,0.014655063305097726,1.3375425537960692e-08,0.5393272188401469,-1.627972490852312e-08,8.299785625603415e-05,-3.9260744378218115e-07,2.5715558438296446e-05,0.0004227110737390809,0.00011799988982552595,0.0,4,Solved,122712,79160,300057,0.0645573635344864,1.0697413393775051e-12,8.599412013976145e-14,0.3629029432640104,-0.6410023006388621,-0.0033317930053551378,-0.3628981253835898,0.6410033619090727,0.003375032982660406,0.00042294995681158796,5.06527590347636e-05,0.0012314350664110322,-0.000424827877694072,-4.3272496517002055e-05,-0.0012110905021447613,0.15688610688485516,1.0328979308769235,0.00015825121559762484,-0.15690526201419083,-1.0329178165517825,-0.00016468486057753326
1.6,0.014655649710293293,1.0220532867350714e-08,0.5393272297343004,-1.0404614887019264e-08,8.505694546461764e-05,-3.941024956216259e-07,2.575331705738905e-05,0.0004045704720723556,0.00011684001765101892,0.0,4,Solved,130847,80893,310256,0.0645584558394873,2.143301416747284e-12,2.2624080106353143e-13,0.3629049997481674,-0.6410020524726581,-0.0033255769181336006,-0.36290019600529894,0.6410031464121614,0.003368860914300845,0.00040367432503205024,4.8945618332475926e-05,0.0012511217612181254,-0.00040715017964377886,-4.3020184036313225e-05,-0.0012501804510689333,0.1568595581711053,1.032878797893652,0.0001720829842275325,-0.15692989828777812,-1.0329352934317968,-0.0001508708226606617
1.605,0.014656230385232945,7.29860460301989e-09,0.5393272404147782,-4.991366132244196e-09,8.702583252437595e-05,-3.9404183338668465e-07,2.578685113982255e-05,0.00038660945829993045,0.00011570335489463824,0.0,4,Solved,128673,80211,321146,0.06455742301022122,2.1333845452015775e-12,2.2598976252082188e-13,0.36290697455418025,-0.6410018072338962,-0.0033191351703781534,-0.3629021649308156,0.6410029376970148,0.003362619929073268,0.00038927823264586493,4.9083351406271334e-05,0.0013131040460141728,-0.0003850432208681893,-4.095274752024661e-05,-0.0012471988248344008,0.1568802509149704,1.0328933425971167,0.00016032672103639007,-0.1569070773354459,-1.0329187681635394,-0.0001627405361161268
1.61,0.014656805426332698,4.57963068311318e-09,0.5393272508819789,2.92464748981125e-11,8.890528391056323e-05,-3.932231779661567e-07,2.5816037269213098e-05,0.0003687560997526552,0.00011457986948457837,0.0,4,Solved,128072,80122,307942,0.06455682504105509,2.1467672889190936e-12,2.264124573724902e-13,0.362908865417576,-0.641001567343906,-0.003312496045839488,-0.362904036024148,0.6410027332947832,0.003356280333422216,0.0003709271481850946,4.725563952566897e-05,0.0013378342119423397,-0.00036712435447893224,-4.084685231469321e-05,-0.0012817900562059105,0.15689174401176048,1.0329014762594826,0.00015361581682344548,-0.15689388260987822,-1.0329092006568814,-0.00016944387779312199
1.615,0.014657374914509726,2.6640346550707443e-09,0.5393272611373368,3.577008155043431e-09,9.069594242506648e-05,-3.933900896606953e-07,2.5840831378576165e-05,0.000351074085262939,0.0001134777278110161,0.0,4,Solved,123814,79601,302452,0.06455733512315096,1.0685578240668752e-12,7.619731685221532e-14,0.3629106585842139,-0.6410013393556349,-0.0033057941259133,-0.3629058247620086,0.6410025264680614,0.003349706227652192,0.00035058468407929986,4.452930557797519e-05,0.0013423159929919978,-0.0003516158397708257,-4.1703578847871007e-05,-0.00133685550953496,0.15687794537266656,1.0328915343916738,0.00016059567335594338,-0.15690583652004053,-1.0329173619704153,-0.0001625405983167402
1.62,0.014657938950042498,1.5649134537592439e-09,0.5393272711827324,5.618054285419711e-09,9.239861798408778e-05,-3.93914097127539e-07,2.58611291392218e-05,0.0003335233676887088,0.00011239190648326717,0.0,4,Solved,133012,80211,313522,0.06455793201250566,1.057794958313738e-12,8.170558535633472e-14,0.3629123577394864,-0.6410011214978583,-0.003299003032658482,-0.3629075292260806,0.6410023189427705,0.003342922725102767,0.00033277605046937826,4.295251543238132e-05,0.0013689075400680811,-0.0003338832985235115,-4.138334677356335e-05,-0.0013700824266121663,0.15686281322580073,1.0328807276317187,0.00016835110913555594,-0.15691949113937106,-1.0329269122000906,-0.0001547534113455432
1.625,0.014658497623554935,8.187695945725534e-10,0.5393272810175614,6.98984353563704e-09,9.40140543640114e-05,-3.9358356566951456e-07,2.587688023137148e-05,0.00031615502589387476,0.00011132867890750568,0.0,4,Solved,125577,79671,303403,0.06455745309925331,1.0670829035172677e-12,8.065225526168432e-14,0.36291397620797683,-0.6410009078994141,-0.0032920069008135406,-0.3629091380051003,0.6410021164527587,0.003336044525390883,0.00031774035464632875,4.2568212458889196e-05,0.001419462325223895,-0.00031380926847581,-3.993455049046264e-05,-0.0013795539880022852,0.15687162068480398,1.0328867507233253,0.0001631632538059366,-0.1569090939343614,-1.032919249588053,-0.000159988409017737
1.6300000000000001,0.014659051040467256,2.6625922684006413e-10,0.5393272906413046,7.993773015536835e-09,9.554312523181631e-05,-3.9276964216677874e-07,2.588799475111677e-05,0.00029893733625387944,0.00011028310607463448,0.0,4,Solved,126038,79791,304606,0.06455741622184585,1.0650995375392084e-12,8.451673606290441e-14,0.3629155144852253,-0.6410006987874555,-0.0032848075578668853,-0.3629106526127349,0.6410019188548235,0.003329068759312885,0.00030104842378320264,4.13496493747575e-05,0.0014536233091202039,-0.0002957736746025349,-3.92495797168419e-05,-0.0014056282785979808,0.15687089296538678,1.0328860948320808,0.00016313126460663392,-0.1569084836473518,-1.0329186595495337,-0.00015999273759492887
1.635,0.014659599292073113,4.49949625545789e-11,0.5393273000472565,8.387581440419915e-09,9.69866092706372e-05,-3.921650283011942e-07,2.5894414476467822e-05,0.0002818924533158799,0.00010925808041679442,0.0,4,Solved,136398,80432,316417,0.06455685351033999,1.0606228853920938e-12,8.053894479566774e-14,0.3629169699369569,-0.6410004955545785,-0.003277436752204086,-0.362912077707602,0.6410017248490041,0.0033219627273285727,0.00028455755406977124,4.020343347946589e-05,0.0014879890293741796,-0.0002779572354935288,-3.8508181949574695e-05,-0.0014316756803346607,0.15688206235183938,1.032893951752059,0.00015673463802166968,-0.15689616013705232,-1.0329096561654398,-0.0001663343609806212
1.6400000000000001,0.014660142494217182,2.279691903694624e-10,0.5393273092334812,8.041780304948803e-09,9.834548474587317e-05,-3.9206584722896747e-07,2.589609430351025e-05,0.00026505765571405875,0.00010825778841564912,0.0,4,Solved,125266,79410,308042,0.06455725305791502,1.0530776797232854e-12,7.71966410856783e-14,0.36291833717953076,-0.6410003006081754,-0.003269952547482918,-0.36291342107083613,0.6410015320665244,0.003314667632009454,0.00026614971999505807,3.822262337094842e-05,0.0015029457639985208,-0.0002625769530430032,-3.8577939777688944e-05,-0.0014772583417335247,0.15687159502930567,1.032886412520833,0.00016199293923420462,-0.15690542221583922,-1.0329160489266402,-0.0001610414876216029
1.645,0.014660680759783086,7.927571571315935e-10,0.5393273181972892,6.994947906515377e-09,9.962071464401338e-05,-3.922652557827362e-07,2.5892945152280817e-05,0.00024839089007814576,0.00010727722050042483,0.0,4,Solved,132440,80442,312610,0.06455719504873969,1.0591682424807954e-12,7.619165025142902e-14,0.36291961834298214,-0.641000112675473,-0.0032623427627624857,-0.36291468269204213,0.6410013417646971,0.003307194895034264,0.0002497045082935305,3.718783832067729e-05,0.0015347215300156912,-0.00024559465936605207,-3.77224321170219e-05,-0.0015061910004200328,0.15687168682538624,1.0328864190171063,0.0001616092273267398,-0.15690434344060572,-1.032915120779835,-0.0001613389230777621
1.6500000000000001,0.01466121419011386,1.4742118552653987e-09,0.5393273269401868,5.729140277341752e-09,0.00010081316216766195,-3.9225023078308023e-07,2.5884923166979074e-05,0.00023191369382197818,0.00010631891088054149,0.0,4,Solved,126418,88637,314995,0.06455695268335215,2.1373946645688255e-12,2.2754997264570883e-13,0.36292081740225257,-0.6409999298052669,-0.0032545772493695604,-0.3629158606467954,0.641001155766475,0.0032995739961591006,0.00023329974625110373,3.619107368341918e-05,0.0015654678599557954,-0.0002290151771904553,-3.6857822174148224e-05,-0.0015362636259003267,0.15687598100359923,1.0328893633105916,0.00015899219163482888,-0.15689915687886863,-1.0329112429336345,-0.00016386865566858123
1.655,0.014661742901784052,2.2566565486129625e-09,0.5393273354615987,4.279613253339656e-09,0.00010192382964865497,-3.9237615533195396e-07,2.5871982989334828e-05,0.00021563940714449653,0.00010538397364252783,0.0,4,Solved,130697,79360,309655,0.06455758692950465,2.1350493077466016e-12,2.278137378584509e-13,0.36292193244785914,-0.6409997528485349,-0.003246681543715154,-0.3629169591846888,0.6410009732256325,0.003291778939623334,0.0002162310086101384,3.488995311077943e-05,0.0015883972017450934,-0.00021358436699935658,-3.627675588206532e-05,-0.001574232898734968,0.1568607082419755,1.0328785945756627,0.0001669441092762501,-0.1569138249397958,-1.0329213908720745,-0.00015575731540087753
1.6600000000000001,0.01466226702789998,2.9698049446611755e-09,0.5393273437577325,2.9545481209839936e-09,0.000102953872959504,-3.9222387452399875e-07,2.5854110095025876e-05,0.00019962323254551294,0.00010447877837632707,0.0,4,Solved,123002,79731,301690,0.06455669102895259,1.0583567822228576e-12,8.021478434707635e-14,0.3629229712249749,-0.6409995785675446,-0.0032385958929081774,-0.3629179733811303,0.6410007974306261,0.0032838692783929728,0.00020216766175097317,3.4840462364330916e-05,0.0016363095518174301,-0.00019576547856100187,-3.444096079252465e-05,-0.001587232880218137,0.15687996563828696,1.0328920678890474,0.00015630655508660222,-0.15689378322210362,-1.0329070564632414,-0.00016630425194342057
1.665,0.01466278670165596,3.554948263413045e-09,0.5393273518253858,1.8678324896141495e-09,0.00010390445491716317,-3.921163054023507e-07,2.583122464462209e-05,0.00018380047424614452,0.00010359547811673308,0.0,4,Solved,128483,86804,313833,0.06455702387477827,2.1436160508397453e-12,2.2673478559617245e-13,0.362923929352935,-0.6409994093827831,-0.0032303700160012556,-0.36291891010066185,0.6410006260251455,0.0032757950509098655,0.00018468128496895633,3.3204936272879284e-05,0.0016512815717203916,-0.00018178622582188232,-3.4171915912196715e-05,-0.0016332450122448002,0.15687186347004511,1.0328861576815092,0.00016038082032470314,-0.1569012721753485,-1.0329123819964523,-0.0001620862920619037
1.67,0.014663302025377686,4.227024498320225e-09,0.5393273596637811,6.294685861673685e-10,0.0001047764822897859,-3.924995442170247e-07,2.580328608044948e-05,0.000168166725926485,0.00010273370405277274,0.0,4,Solved,125447,80061,305277,0.06455658880654795,1.053908682335633e-12,7.946490538983066e-14,0.3629248050817269,-0.6409992461533636,-0.003222029279217218,-0.36291977317543883,0.6410004580549953,0.003267530622543653,0.00016884838748217878,3.229438543820592e-05,0.0016794759129836329,-0.00016657000666661965,-3.322237648283301e-05,-0.0016660765810076097,0.15688101018663655,1.0328926221083625,0.00015527085098075653,-0.15689171473721367,-1.0329054209047672,-0.0001670203398286767
1.675,0.014663813119781037,4.913875290137219e-09,0.5393273672740369,-6.316486151020734e-10,0.0001055710172059201,-3.9310363588258413e-07,2.5770284338074464e-05,0.00015276510472654234,0.00010189817631572711,0.0,4,Solved,133883,79961,312330,0.06455695342073675,2.1437857917499814e-12,2.274527485099571e-13,0.36292559729701596,-0.6409990895776945,-0.003213594168410747,-0.36292056621678354,0.6410002927787536,0.0032590555092097493,0.00015157000110691487,3.069533586772402e-05,0.0016921994975189598,-0.00015335409624170858,-3.294608251506139e-05,-0.001714350746061865,0.1568722435908924,1.0328862554586984,0.0001597821704828533,-0.15690007861321154,-1.032911254731788,-0.00016234443739261573
1.68,0.014664320113738506,5.617904994742929e-09,0.5393273746515438,-1.9212165889668576e-09,0.00010628921178175973,-3.93848277751681e-07,2.573218262379987e-05,0.00013758234285114382,0.00010108688841646843,0.0,4,Solved,129445,79029,307481,0.06455712224599315,2.1449281022271805e-12,2.280731738857995e-13,0.36292630860994257,-0.6409989387524745,-0.0032050520033343917,-0.36292128922582007,0.6410001312209912,0.0032503825482513115,0.00013610272296935385,2.98286134753049e-05,0.0017193091439930155,-0.00013882816903653986,-3.190719184047389e-05,-0.0017482053897626586,0.15686822118366797,1.0328832659196754,0.00016178849927532077,-0.15690385224436906,-1.0329139559358904,-0.00016012746316938157
1.685,0.014664823129422327,6.1192223642818786e-09,0.5393273817935923,-2.8417336672251952e-09,0.00010693216462034649,-3.9419783870156464e-07,2.568896139000151e-05,0.00012262550439097645,0.00010030089180264039,0.0,4,Solved,123613,88517,323511,0.06455724034534727,1.0649986110746862e-12,7.845277813673746e-14,0.36292694538616366,-0.6409987913490958,-0.0031963553400811374,-0.36292193833589764,0.6409999756936747,0.003241559417994066,0.00012156555586779592,2.9260113105798393e-05,0.001752726475696997,-0.00012387130182216089,-3.059573117154584e-05,-0.0017756966292120997,0.1568651778972228,1.0328809479790075,0.00016332701484095263,-0.15690680402316895,-1.0329158455255563,-0.00015838314604282248
1.69,0.014665322304014234,6.331262121733174e-09,0.5393273886932274,-3.2332053305058705e-09,0.00010750111828688662,-3.941575678308501e-07,2.5640636429347555e-05,0.00010793663763041707,9.954401771412854e-05,0.0,4,Solved,130236,86613,322019,0.06455737027808069,1.059245252867009e-12,8.120141899839037e-14,0.36292751214707447,-0.6409986464145533,-0.0031874771334018752,-0.36292251211837,0.6409998275021203,0.0032326136803648613,0.00010791646302418792,2.881192321154488e-05,0.0017909612207765646,-0.00010872468844765893,-2.902950835268847e-05,-0.0017982356593695692,0.15686239641241623,1.0328788731342933,0.00016466618895028914,-0.15690947392565158,-1.032917924449291,-0.00015679124293934695
1.695,0.014665817773233326,6.223304185510342e-09,0.5393273953446871,-3.038542027774181e-09,0.00010799730783535805,-3.9376172988136486e-07,2.558714804067424e-05,9.346437804004053e-05,9.88115219771304e-05,0.0,4,Solved,130426,86964,332708,0.06455746795866316,1.0656541011118006e-12,8.26255890267043e-14,0.36292801273656417,-0.6409985031825118,-0.003178395019050497,-0.3629230092503728,0.6409996872990927,0.003223568131063346,9.495591957880463e-05,2.8540745065821198e-05,0.0018334415833945008,-9.32646381643204e-05,-2.741351226379758e-05,-0.0018164749820027831,0.1568604330726268,1.0328772710610012,0.00016559091449911418,-0.1569115631435333,-1.0329194873386105,-0.00015559131343551954
1.7,0.01466630966719201,5.8147049265066476e-09,0.5393274017552881,-2.293229542792217e-09,0.00010842189517226822,-3.9305427957250793e-07,2.5528527988421193e-05,7.925593291270713e-05,9.810823398719318e-05,0.0,4,Solved,132410,90070,347887,0.06455681423357419,2.1648844626361166e-12,2.2899174300061416e-13,0.36292845061167434,-0.6409983612381298,-0.0031690917102269816,-0.36292342892548457,0.6409995553330152,0.0032144406659356793,8.268866261260478e-05,2.8291671386911067e-05,0.0018788587770673158,-7.774487114894467e-05,-2.574627393629246e-05,-0.0018316109797633826,0.15687495645897825,1.0328877255931197,0.00015765519480842743,-0.15689710631077367,-1.032909027737187,-0.00016326358082226658
1.705,0.014666798125604704,5.323023714513479e-09,0.5393274079229732,-1.3894563417002213e-09,0.00010877615398266293,-3.9265145727685293e-07,2.5464745721262056e-05,6.527723780333276e-05,9.743005091980919e-05,0.0,4,Solved,135936,87395,336556,0.06455709563294519,2.1663544401852222e-12,2.2818715233324793e-13,0.36292881997612886,-0.6409982241349029,-0.0031596342538142215,-0.362923779597345,0.6409994280066823,0.003205164947701508,6.803890216022259e-05,2.6866006745688433e-05,0.0019000680187818428,-6.50712626532744e-05,-2.528954649062931e-05,-0.0018708294224803225,0.15686871325420249,1.03288323666846,0.00016088869528405516,-0.1569035597657891,-1.032913530127123,-0.00015975026511645682
1.71,0.014667283273441982,4.950729524494419e-09,0.5393274138473861,-6.998375779687165e-10,0.00010906123861975307,-3.9265944835720595e-07,2.5395816559115683e-05,5.154247038534924e-05,9.677811855039358e-05,0.0,4,Solved,132931,94298,340343,0.0645568605953887,1.0456322762881904e-12,8.201680820786993e-14,0.36292912063010246,-0.6409980926119199,-0.0031500385828237224,-0.36292406410378997,0.6409993046085194,0.0031957258345876338,5.488041641139694e-05,2.5945602126378596e-05,0.001931910354408591,-5.147679819261815e-05,-2.4295811925364015e-05,-0.001899234940436713,0.15687434475850892,1.0328871613934232,0.00015776347251077633,-0.15689824468082772,-1.0329097695262193,-0.00016256388065874385
1.715,0.014667765246406844,4.667244055179683e-09,0.5393274195242175,-1.7331154246341485e-10,0.00010927841025480342,-3.9276223607729254e-07,2.532174786035151e-05,3.8061967504645634e-05,9.615361118302089e-05,0.0,4,Solved,132441,83127,343719,0.06455696370938623,1.0725646415831294e-12,8.19654523015106e-14,0.36292935332364745,-0.6409979670761284,-0.003140311794071614,-0.3629242845193784,0.6409991848088232,0.0031861172283458657,4.0999574685229836e-05,2.457312028611759e-05,0.001954429365856263,-3.916619621467961e-05,-2.374949770433908e-05,-0.001936750895219511,0.15687228647071758,1.032885693631006,0.00015878591872559134,-0.15690066050822976,-1.0329114193501796,-0.0001612306007899373
1.72,0.014668244178767295,4.536493182303537e-09,0.5393274249511988,7.310458893423513e-11,0.00010942892024742477,-3.9302798338514086e-07,2.524254612854622e-05,2.482666590765165e-05,9.555526486245573e-05,0.0,4,Solved,129785,85962,321878,0.06455717454399869,2.1543952585805e-12,2.2813455921051997e-13,0.36292951868472584,-0.6409978477806401,-0.003130461288432542,-0.36292444295080734,0.6409990683908308,0.0031763327807735114,2.7798377178146467e-05,2.3404424557417564e-05,0.0019806214329484094,-2.67133801975243e-05,-2.299037933192038e-05,-0.0019703849610514137,0.15686806609514195,1.032882693105299,0.00016099051149320284,-0.15690539421316282,-1.032914792703979,-0.00015867063464991218
1.725,0.014668720205612391,4.4532833166348416e-09,0.5393274301267962,2.2836542338131412e-10,0.00010951403300803125,-3.9311784937098957e-07,2.5158234695052592e-05,1.1854526204318825e-05,9.49851981135061e-05,0.0,4,Solved,129444,81053,312481,0.06455718845648734,2.160242988533727e-12,2.2814497348060646e-13,0.3629296213075693,-0.6409977332408611,-0.0031204581632403687,-0.36292453760859433,0.6409989568250646,0.0031664025837884885,1.5678722877977117e-05,2.2592687026078294e-05,0.0020140057991999047,-1.3755881243136904e-05,-2.1884965561712317e-05,-0.0019965696761452584,0.15686804940953938,1.032882791131321,0.00016097210187826158,-0.15690596806365484,-1.0329150153037974,-0.00015834036088596513
1.73,0.014669193468981996,4.334144931354226e-09,0.5393274350485002,4.4594524226702386e-10,0.00010953508046297243,-3.92972738584465e-07,2.5068836651237224e-05,8.555181628876763e-07,9.444308490157528e-05,0.0,4,Solved,126048,80902,323781,0.06455765385157584,1.0637607230260224e-12,7.756429950855857e-14,0.3629296643204496,-0.6409976227777149,-0.0031102873727035705,-0.3629245683009746,0.6409988508807127,0.003156343030721148,3.887866876729725e-06,2.177548028113938e-05,0.0020476516824646544,-1.0640577971344968e-06,-2.0747900320538648e-05,-0.002022215222589316,0.15685855194692677,1.0328758868856052,0.0001659939330700783,-0.15691613605741905,-1.0329224616252135,-0.00015292977428503078
1.735,0.014669664109442895,4.080574712746503e-09,0.5393274397133782,9.046097959044283e-10,0.00010949339127495462,-3.9239377096117784e-07,2.4974375412617566e-05,1.3294644359209475e-05,9.392953090455754e-05,0.0,4,Solved,129124,80042,309504,0.06455720323006947,2.1679631203583246e-12,2.2945742900952037e-13,0.36292965454372167,-0.6409975142454826,-0.0030999009288432385,-0.36292453109535544,0.640998752698559,0.0031462035301683873,-5.858396674187364e-06,2.1664830055537e-05,0.002097053585954203,1.310582507451096e-05,-1.893057922289699e-05,-0.002031816380047547,0.15686913630162008,1.0328832726992558,0.0001602885464191271,-0.15690625285281506,-1.0329152516811115,-0.00015829463703287758
1.74,0.014670132270291333,3.703742795232647e-09,0.5393274441118375,1.5880871163827568e-09,0.00010939034174780144,-3.91654755441072e-07,2.4874901237809837e-05,2.5451611100035078e-05,9.344453587447936e-05,0.0,4,Solved,123063,79270,302922,0.06455684118725402,1.0492369295155954e-12,7.962292154973524e-14,0.3629295914304036,-0.6409974092647492,-0.003089320359378599,-0.3629244298580302,0.6409986611779669,0.003135964209455592,-1.712745788450064e-05,2.0572764712835693e-05,0.0021289329964054465,2.502397234370743e-05,-1.7903935606931408e-05,-0.0020585808457529715,0.15687819795267197,1.0328899090535708,0.00015537133538843744,-0.15689793951906345,-1.0329094589960643,-0.000162783140870764
1.745,0.014670598085949248,3.50467275809779e-09,0.5393274482357611,1.9529261714538145e-09,0.00010922723806119835,-3.915372311364197e-07,2.4770399751313016e-05,3.7371451580643544e-05,9.298475774230013e-05,0.0,4,Solved,136188,79730,313883,0.06455657710659593,2.1631412475643028e-12,2.2861272032067333e-13,0.362929467931605,-0.6409973114852758,-0.003078623646777055,-0.36292427426960994,0.6409985725670213,0.0031255485946974477,-2.9746896022782537e-05,1.891202127863687e-05,0.002146423864736077,3.520008315375063e-05,-1.7606804627715768e-05,-0.002099470182334398,0.15688483895394686,1.0328949497233293,0.00015184289248116147,-0.15689228663361898,-1.0329052337055349,-0.0001658525835748897
1.75,0.014671061695424127,3.657054524346168e-09,0.539327452097462,1.6804062968297284e-09,0.00010900537933389038,-3.92171194040879e-07,2.4660947987401982e-05,4.899874381985797e-05,9.255631166524073e-05,0.0,4,Solved,121639,78789,299215,0.06455750158170255,1.0548724842832353e-12,8.033494193937287e-14,0.3629292790989107,-0.6409972230539173,-0.0030678691120798194,-0.36292407204487037,0.6409984843823823,0.0031149000692421614,-4.312077055396114e-05,1.6908493032509304e-05,0.0021540302969121025,4.396065748015731e-05,-1.7657662144760338e-05,-0.002149852095558142,0.15686551495785853,1.032880815978499,0.00016211066119358283,-0.15691251044201157,-1.0329200253072408,-0.00015516626844351428
1.7550000000000001,0.0146715232501338,3.969446945737706e-09,0.5393274556949191,1.109125720777874e-09,0.00010872621224121324,-3.9263319319317733e-07,2.4546570413184163e-05,6.035687170428959e-05,9.215544016471849e-05,0.0,4,Solved,130026,79290,307351,0.06455737672625318,1.0579371793913882e-12,7.867040252659363e-14,0.3629290349443857,-0.6409971398900656,-0.003056979540545434,-0.36292381619365033,0.6409984007646348,0.00310409771459387,-5.26728826637532e-05,1.6459926562090165e-05,0.00219381237029944,5.597618941799222e-05,-1.6130086687617547e-05,-0.002167697428073988,0.1568690321029047,1.0328835324049757,0.00016026727284081685,-0.1569099179086685,-1.032918027620051,-0.00015658236482626528
1.76,0.014671982876901087,4.131542078825945e-09,0.5393274590251412,8.046962605572134e-10,0.00010839098902548974,-3.9243689509727564e-07,2.4427297106957656e-05,7.147228931190486e-05,9.17790877124871e-05,0.0,4,Solved,124466,81083,315886,0.06455709911518277,1.0689152021314743e-12,7.746718218645838e-14,0.36292874187370167,-0.6409970597947393,-0.0030459078957484165,-0.3629235029775873,0.6409983239612812,0.0030931903880379932,-6.259742227223746e-05,1.574259003439967e-05,0.0022280580133471157,6.71078291649852e-05,-1.487068267577695e-05,-0.002190712917265905,0.15687634228046474,1.0328888484306111,0.00015639541169662412,-0.1569036856807921,-1.0329135858429244,-0.00015998595102690005
1.7650000000000001,0.014672440703516521,4.264476967213125e-09,0.5393274620870062,5.564090901229129e-10,0.0001080009718127523,-3.9235963249328625e-07,2.430318678379475e-05,8.232227843719492e-05,9.14298285373301e-05,0.0,4,Solved,129404,87616,320625,0.06455742367000276,2.179622896064876e-12,2.286316015321006e-13,0.36292839634279644,-0.6409969849008699,-0.0030346994305941104,-0.36292313869942705,0.640998251845693,0.0030821348262644256,-7.346422458936723e-05,1.4496723049674492e-05,0.0022508838505374772,7.67184039092636e-05,-1.4138074482915533e-05,-0.0022247293201595624,0.15687036750907357,1.0328845768231874,0.000159597820924386,-0.1569107851116554,-1.0329187787200442,-0.00015630612466938275
1.77,0.014672896867209947,4.401558623615926e-09,0.5393274648794317,3.0186291063826814e-10,0.00010755750811321645,-3.92352529690423e-07,2.4174289725715186e-05,9.290522228332309e-05,9.110767893066467e-05,0.0,4,Solved,129114,80141,311699,0.06455734458603479,1.06065421082227e-12,7.925082877462321e-14,0.36292800090139365,-0.6409969146502685,-0.003023345182917595,-0.3629227236550863,0.6409981849767417,0.003070942118103996,-8.286984543260548e-05,1.3769176397802205e-05,0.0022841977616597283,8.722725982079994e-05,-1.288805655816967e-05,-0.0022478281135352397,0.1568734101797529,1.0328868154847348,0.00015801834829703236,-0.15690894718524995,-1.0329175133765567,-0.00015739280867758804
1.7750000000000001,0.014673351504122733,4.4662185432479565e-09,0.5393274674007673,1.7927299540368675e-10,0.00010706194519922969,-3.922204802309233e-07,2.4040666708013165e-05,0.00010321507446306018,9.08131049659098e-05,0.0,4,Solved,127081,90241,316248,0.06455757190083727,1.0418662255585756e-12,7.64097613124816e-14,0.3629275579138175,-0.6409968487079696,-0.003011837766470407,-0.362922258375023,0.6409981237299347,0.0030596218816544398,-9.244583436724226e-05,1.2822234630114755e-05,0.0023130755805888096,9.697586693396691e-05,-1.1843295623328034e-05,-0.002274905512355177,0.15687014758715515,1.0328845896037575,0.00015981408550638006,-0.1569137374850608,-1.0329211504133964,-0.00015500158061646836
1.78,0.014673804774621673,4.465600903980338e-09,0.5393274696510749,1.7601085393742064e-10,0.00010651583467070303,-3.9200100528687165e-07,2.3902418620349274e-05,0.00011317922240660033,9.0555007449262e-05,0.0,4,Solved,121550,79269,299636,0.06455670401807238,1.064132407797053e-12,7.922888509075975e-14,0.362927070318744,-0.6409967865602332,-0.0030001674353883627,-0.36292174332757654,0.6409980685212262,0.0030481863944096525,-0.0001009379732678649,1.2183084702702224e-05,0.0023481006370887573,0.00010706561903607108,-1.053267282313389e-05,-0.002295296895933474,0.15689063178241514,1.0328993467802572,0.00014896643165004318,-0.15689438204246395,-1.0329072642891581,-0.0001653907628894229
1.7850000000000001,0.014674256832499066,4.56514378173588e-09,0.5393274716318153,-3.931372244145852e-12,0.00010592067759789555,-3.922866561865333e-07,2.3759549002108586e-05,0.00012290648555230717,9.031984431982803e-05,0.0,4,Solved,124265,87045,309174,0.06455733049747905,1.055526232900246e-12,7.94009718810529e-14,0.36292653014058046,-0.6409967322643614,-0.002988420828231277,-0.3629211893049695,0.6409980152644721,0.0030365513555615665,-0.00011278983290014724,1.0019961888111207e-05,0.0023503095732775583,0.00011335173939812948,-1.0727798802518485e-05,-0.00234808441977646,0.15687871325229366,1.0328907586299665,0.000155370785305334,-0.15690788043446052,-1.0329172879596649,-0.00015838681288337842
1.79,0.014674707806065609,4.913036375231077e-09,0.5393274733423601,-6.349024151906268e-10,0.00010527777586723256,-3.930518523887007e-07,2.361217275729323e-05,0.00013231822705139556,9.011707874158426e-05,0.0,4,Solved,127922,79250,305607,0.06455751793877865,2.1476316246063856e-12,2.2769218947755283e-13,0.36292593877318874,-0.6409966854761646,-0.0029766005176146597,-0.36292059791189296,0.64099796424777,0.0030247166895525273,-0.00012198017113685829,8.93821179280158e-06,0.0023732560420752,0.00012159553010192305,-9.872256599467135e-06,-0.0023795821928901885,0.15687533160992256,1.0328885844167734,0.00015727413148525188,-0.15691242725044016,-1.0329202870204583,-0.00015603049802067497
1.795,0.01467515783404155,5.210869788361162e-09,0.5393274747810113,-1.179999833898435e-09,0.00010458852738473646,-3.9340275356855493e-07,2.346029677246445e-05,0.000141513624620795,8.993408135969636e-05,0.0,4,Solved,124004,80692,319333,0.06455808975582569,1.073155770104024e-12,7.844679568902839e-14,0.3629253040905181,-0.6409966431555731,-0.0029646466942228615,-0.3629199639502497,0.640997918634033,0.0030127446461875457,-0.000130291785986734,8.163827486063132e-06,0.0024024560317648424,0.0001302951694172597,-8.648045093812303e-06,-0.0024043811509997215,0.1568641404105404,1.032880714673857,0.00016334010584265855,-0.15692512678043283,-1.032929436093211,-0.00014939904366475192
1.8,0.014675607019648824,5.244435231160535e-09,0.5393274759414656,-1.247687019025462e-09,0.00010385405297187432,-3.930599769424426e-07,2.330402088793345e-05,0.0001504454585527996,8.977662931290298e-05,0.0,4,Solved,132169,79871,310818,0.06455703910812129,2.1619408347291453e-12,2.2736346276698701e-13,0.3629246351048971,-0.6409966020960053,-0.0029524896825579485,-0.36291928105028154,0.6409978817878507,0.0030007074514794584,-0.0001361911789997227,8.243937708162006e-06,0.0024506670059041514,0.00014080783009606172,-6.557362213976033e-06,-0.0024096158613970864,0.15688929841432242,1.0328987366432096,0.00015007683430665416,-0.15690147322965284,-1.0329126257299406,-0.00016211007854673233
1.805,0.014676055498015981,5.138486412160396e-09,0.5393274768194791,-1.0547876156335745e-09,0.00010307573948901305,-3.9286629469416547e-07,2.3143418121324512e-05,0.0001591058941025037,8.964532635718181e-05,0.0,4,Solved,124104,79179,301449,0.06455750011969547,1.0553745708095822e-12,7.881550369184206e-14,0.36292392423197,-0.6409965666956375,-0.0029402137267544727,-0.36291855975436527,0.640997849471531,0.002988523635265679,-0.00014619395434827784,6.341390584243649e-06,0.002458375930435865,0.00014663035747629726,-6.403832864405908e-06,-0.002454796852018496,0.15688081283097305,1.0328927832772345,0.0001546804947144205,-0.1569115132860018,-1.0329200019151275,-0.0001569200755348226
1.81,0.014676503395639882,5.203114690632674e-09,0.539327477412993,-1.1668079309155728e-09,0.00010225490313049633,-3.93291974162115e-07,2.297855440386428e-05,0.00016750816532866528,8.953900732810545e-05,0.0,4,Solved,130607,80001,310387,0.06455756701581454,1.0625961757775629e-12,7.88174583039131e-14,0.36292316935514896,-0.6409965383302535,-0.0029278531053794498,-0.3629178048663082,0.6409978202714834,0.0029761616833725163,-0.00015421948784427147,5.247639158413984e-06,0.0024813279991403314,0.000153925308536509,-5.484345220309693e-06,-0.002484183748829105,0.1568811122876915,1.0328931169531248,0.0001546559602188077,-0.15691283550334606,-1.0329210722530326,-0.00015635296506714383
1.815,0.014676950838573084,5.2653379535929695e-09,0.5393274777245307,-1.2765986139154978e-09,0.0001013928508545244,-3.935830872721672e-07,2.280951812453589e-05,0.00017564337186158646,8.945838058834004e-05,0.0,4,Solved,128513,79480,307060,0.06455804542425672,2.1456599665038792e-12,2.279857723676206e-13,0.36292237542190564,-0.6409965153276668,-0.0029153763120286467,-0.3629170141396154,0.6409977957953844,0.002963655960076537,-0.00016188878520716782,4.188672503361791e-06,0.002504755071787899,0.00016101254761738122,-4.523075806260118e-06,-0.0025125104741671365,0.15687228506355702,1.0328869197700514,0.00015948656434042438,-0.15692333932037766,-1.0329287267881075,-0.00015091745287250646
1.82,0.014677397956721057,5.21081068433455e-09,0.5393274777524081,-1.1770659207785622e-09,0.00010049093908274251,-3.934823888594102e-07,2.2636395091121133e-05,0.00018350591699608794,8.940387511137831e-05,0.0,4,Solved,123644,79780,301850,0.06455749951527494,1.0618947730820476e-12,7.464860000572028e-14,0.36292154918645797,-0.6409964954550766,-0.0029027360983713327,-0.3629161836625046,0.6409977783179683,0.002951056692227465,-0.00016755165855229543,3.838103139498716e-06,0.0025435555734675533,0.00016953447339708102,-2.8440540454995106e-06,-0.0025248610930544376,0.1568863965201758,1.032896930567407,0.00015215362007668624,-0.1569109912176809,-1.032919992244399,-0.00015765901051819362
1.825,0.014677844886750401,5.062569133190289e-09,0.5393274774863829,-9.050604310934911e-10,9.955060912629744e-05,-3.933418730437631e-07,2.24593003564505e-05,0.00019106528355556315,8.937793777729971e-05,0.0,4,Solved,130085,79761,308733,0.06455806977685759,1.0528288770902448e-12,7.717574470015148e-14,0.3629206885343867,-0.6409964808951117,-0.0028899688985048457,-0.3629153189186511,0.640997766159189,0.002938330657429066,-0.0001752330906435701,2.3221113577422734e-06,0.0025601361152427634,0.00017529568805715396,-2.1691783876281486e-06,-0.0025587630021240895,0.1568757115796286,1.0328897028526431,0.0001579479690320578,-0.15692340558562046,-1.0329291164297214,-0.00015119966569436189
1.83,0.014678291761029352,4.9273803700033586e-09,0.5393274769237965,-6.561231843872834e-10,9.857325340246524e-05,-3.932700824027948e-07,2.2278266825878957e-05,0.00019837830793271053,8.937585363601366e-05,0.0,4,Solved,127171,79701,306579,0.06455832739608261,2.140225206625926e-12,2.2761305796555444e-13,0.36291979635976085,-0.6409964708142742,-0.002877062161513531,-0.3629144195465683,0.6409977598584855,0.0029254933928639293,-0.0001806383628737868,1.8211983794421046e-06,0.0025954873704964764,0.00018298328624699869,-6.844226853231835e-07,-0.00257334425855989,0.15687195725753325,1.0328872552219757,0.00016008233554942015,-0.15692897162912636,-1.0329332383373218,-0.00014841674456336223
1.835,0.014678738698214858,4.585792480942144e-09,0.5393274760826626,-3.506878132430419e-11,9.756010294580717e-05,-3.9263828326460956e-07,2.209340445006949e-05,0.00020542934795199914,8.939882012161064e-05,0.0,4,Solved,128422,79450,305877,0.06455835759786469,1.0535913176967385e-12,8.024681896522384e-14,0.3629188803823218,-0.6409964623513074,-0.002863957773757791,-0.36291348013946934,0.6409977617797109,0.0029126060202291824,-0.00018496764742926948,1.6115676416019054e-06,0.0026378072790493117,0.00019120904856604346,1.062293024907756e-06,-0.0025803212583204666,0.1568734324825328,1.0328883591592974,0.00015939374345042958,-0.15692930304802208,-1.032933721565835,-0.000148470105764406
1.84,0.014679185822987446,4.03696815868436e-09,0.5393274749640827,9.62880549741334e-10,9.651248804778463e-05,-3.9165450720833647e-07,2.1904804822108073e-05,0.00021221824978483875,8.944607731364874e-05,0.0,4,Solved,134915,87285,321177,0.06455746206656973,2.130502295225923e-12,2.259154099687119e-13,0.36291794318699366,-0.6409964554743911,-0.0028506472012859293,-0.36291250081868814,0.6409977719470222,0.0028996802924590452,-0.00018914960934115864,1.226891429287945e-06,0.0026783587067563635,0.0001990383931024616,2.650978263114851e-06,-0.0025884175267269294,0.15689547568811027,1.032904310398238,0.00014780336380069905,-0.15690909275467155,-1.0329193930651157,-0.00015941817880009022
1.845,0.014679633253502123,3.5955116536600296e-09,0.5393274735655622,1.7718904950744605e-09,9.543169964552164e-05,-3.912774293497675e-07,2.1712559847312594e-05,0.00021875064090729886,8.951661719298605e-05,0.0,4,Solved,131188,81414,311108,0.06455778613879648,1.059956919592778e-12,8.110632914371538e-14,0.3629169745311576,-0.6409964555781578,-0.0028372390139127495,-0.36291149450497684,0.6409977850401163,0.0028866109065437684,-0.0001968338393131932,-8.126585867078414e-07,0.0026840017962990173,0.00020283502718072363,2.598301698544884e-06,-0.0026307659929561836,0.15689033761554871,1.0329008706229175,0.00015063700972399075,-0.1569161133131057,-1.0329245782207437,-0.0001559195628066373
1.85,0.014680081106034963,3.526661441644221e-09,0.5393274718869554,1.904428661219444e-09,9.43190125755548e-05,-3.916698684631398e-07,2.1516762304910604e-05,0.00022502853745705895,8.96105396757363e-05,0.0,4,Solved,123202,79410,301529,0.06455787512965226,1.0515354041011033e-12,8.381353136150181e-14,0.3629159716878707,-0.6409964640703226,-0.0028237723974875164,-0.36291046650087916,0.6409977996058863,0.00287336197697098,-0.00020313060828923185,-2.2614292847192275e-06,0.002699603906655,0.00020751400139170113,3.1123311076683866e-06,-0.002662492768549486,0.15689083921066124,1.0329014243547479,0.00015051463666572104,-0.15691769965622418,-1.0329260020744362,-0.00015531936542243665
1.855,0.014680529511713641,3.672097988625823e-09,0.5393274699315518,1.6412237945407428e-09,9.317582239307632e-05,-3.921085722724293e-07,2.131753817457874e-05,0.00023100276804920806,8.973365223073828e-05,0.0,4,Solved,123013,79751,304926,0.06455760649312187,1.0556381971007803e-12,7.777575384399723e-14,0.36291493849776196,-0.6409964794937248,-0.002810226443923878,-0.36290941587053094,0.6409978169565226,0.0028599578719702766,-0.00020905159469910593,-3.606719327515727e-06,0.00271564071861811,0.00021193703768331574,3.6975874766336576e-06,-0.002693073338170684,0.15689872953599102,1.032907327139363,0.00014649338914764288,-0.1569116344002249,-1.0329217038899499,-0.00015870390396045863
1.86,0.014680978598175217,4.042037900105561e-09,0.5393274677002472,9.670852876341335e-10,9.200350733906001e-05,-3.9279940830208027e-07,2.1114949470793517e-05,0.0002367417705951427,8.987729698643183e-05,0.0,4,Solved,130747,80863,322600,0.06455790169419778,2.1377964090622834e-12,2.2718233705319442e-13,0.36291387255114116,-0.6409965030555453,-0.002796635101321192,-0.3629083476325487,0.640997835895662,0.0028463680643616715,-0.00021601966552225159,-5.4141623038843625e-06,0.0027201178351218963,0.0002148643292527866,3.845734346369325e-06,-0.0027345476799084246,0.15689448080696408,1.032904498735523,0.00014891363470586076,-0.156917902038415,-1.0329264271071645,-0.00015558248761423044
1.865,0.014681428468251415,4.6111720367854565e-09,0.5393274651919823,-7.199360875734019e-11,9.080324875924728e-05,-3.93673138955638e-07,2.0909114299735064e-05,0.0002422233030223838,9.004415503306673e-05,0.0,4,Solved,131108,79379,308773,0.0645581904752166,2.152923043388332e-12,2.246713565854535e-13,0.3629127753646178,-0.6409965340986497,-0.0027829960889281997,-0.3629072627665829,0.6409978570651259,0.0028325982782746286,-0.0002217987026735997,-6.712893697830342e-06,0.0027329611852451663,0.00021844744850975763,4.4809145177705355e-06,-0.0027669519553977775,0.15689002932787396,1.0329016445500994,0.00015148262865532423,-0.15692430599508386,-1.0329310476034657,-0.0001523405753102847
1.87,0.014681879236335805,5.1621684285672045e-09,0.5393274624075444,-1.0817991019766383e-09,8.957632524176777e-05,-3.9425845099746936e-07,2.070012337399298e-05,0.00024746125520806647,9.023224006681376e-05,0.0,4,Solved,124044,80883,304255,0.0645579581921522,1.0555851970499056e-12,8.170217216262751e-14,0.36291165282512877,-0.640996570217315,-0.002769267079356366,-0.3629061579176259,0.6409978828656531,0.002818694324890491,-0.00022639955118331236,-7.548207403308776e-06,0.0027543694649291768,0.0002227200813722267,5.592275307638664e-06,-0.0027900993094126295,0.1568977247270591,1.032907410474286,0.00014764512383970852,-0.15691873666699763,-1.0329273310744351,-0.00015544056742242856
1.875,0.014682331016121363,5.6387358461425005e-09,0.5393274593477123,-1.9543874631553302e-09,8.832401427111533e-05,-3.9477963761209856e-07,2.04880964263563e-05,0.0002524256727761235,9.044542380021488e-05,0.0,4,Solved,126128,79560,313983,0.06455867337717838,1.0700806857565967e-12,7.795061977916883e-14,0.36291050448320317,-0.640996611971803,-0.0027554645832892455,-0.36290503616802766,0.6409979126483838,0.002804643302259385,-0.0002319242325018283,-8.861089035260085e-06,0.002764651671901468,0.0002255168160762544,6.188116033067138e-06,-0.002823631169029517,0.15688398797124875,1.0328977439926539,0.00015513707171736695,-0.1569344157680073,-1.0329387740348541,-0.0001472772490709289
1.8800000000000001,0.01468278392063229,5.967422046092515e-09,0.5393274560150226,-2.5575573992727656e-09,8.704758784999341e-05,-3.950220247825298e-07,2.0273112582617664e-05,0.0002571638743751947,9.067760005941997e-05,0.0,4,Solved,125397,79200,307551,0.06455862111890828,1.0600685533597816e-12,7.877411545594853e-14,0.36290933712475526,-0.6409966568293386,-0.002741539196674263,-0.3629038931243811,0.6409979488907382,0.002790498167646494,-0.0002345952034545502,-9.042855676421916e-06,0.0027986515275087807,0.00023073765376693448,7.921858831462887e-06,-0.002832755408075887,0.15688779292290558,1.0329005910785078,0.00015335675510698776,-0.15693270608403945,-1.0329379379025325,-0.0001483321759340339
1.885,0.014683238046154642,5.969358661316564e-09,0.5393274524104344,-2.5652419521796974e-09,8.574818785858147e-05,-3.9472375047080524e-07,2.005528808148878e-05,0.0002616573868735142,9.093115142191829e-05,0.0,4,Solved,129625,80052,309255,0.06455855259759605,2.1485048266763404e-12,2.2630261371637378e-13,0.36290815558761125,-0.6409967035126926,-0.0027274593817311643,-0.3629027262877494,0.6409979927942592,0.0027762940339800084,-0.00023752887736747027,-9.524082637831947e-06,0.0028275257577306096,0.00023520236571689904,9.326474522443857e-06,-0.0028462735534443263,0.156891767526171,1.032903662324132,0.00015146196024386351,-0.15693078431214433,-1.0329368415615368,-0.00014951249793408988
1.8900000000000001,0.014683693498216903,5.784368272085558e-09,0.5393274485379401,-2.2272564452049367e-09,8.442702935041452e-05,-3.944198716720037e-07,1.9834718842563464e-05,0.000265917859839414,9.120461483102045e-05,0.0,4,Solved,138121,80352,318441,0.06455764623226726,2.114448533549808e-12,2.25165470290619e-13,0.36290695853699567,-0.6409967534160127,-0.0027132507957658616,-0.3629015392953026,0.6409980428134447,0.0027620088775502216,-0.0002407415855248385,-1.0272415351502284e-05,0.0028512248751699923,0.0002389493677136315,1.0433297403662932e-05,-0.002864243462036443,0.15691403023003833,1.032920131504777,0.00013994278646565112,-0.1569107818985141,-1.0329223397162761,-0.00016028887126666322
1.895,0.014684150391304508,5.717396554447305e-09,0.5393274443944852,-2.093903251229738e-09,8.308542458348322e-05,-3.9491583737957196e-07,1.9611561309468956e-05,0.0002698815484458309,9.150464013627237e-05,0.0,4,Solved,131839,79029,310337,0.06455857430041886,1.0719670848590218e-12,8.144745159912911e-14,0.3629057352559544,-0.6409968119521061,-0.0026990272234766856,-0.3629003458411425,0.6409980937709001,0.0027475328158128084,-0.0002473305237702257,-1.262439506834323e-05,0.0028405375228273163,0.00023862001967534874,1.0035381255605555e-05,-0.0029157814867908816,0.15689628850232146,1.0329073564879903,0.00014951737580157025,-0.15693051123831397,-1.0329371888067018,-0.0001499998502382381
1.9000000000000001,0.014684608837387354,5.8707683554362755e-09,0.5393274399782889,-2.3610748015873607e-09,8.172466628821142e-05,-3.958161458594264e-07,1.9385854830933298e-05,0.00027364206626418164,9.182111826028023e-05,0.0,4,Solved,131058,79200,308723,0.06455888455735653,2.1163107972244806e-12,2.2541926931370364e-13,0.3629044897784397,-0.6409968774976045,-0.0026847649514182737,-0.36289914411125646,0.6409981471289927,0.0027328932069036437,-0.0002503703545580444,-1.3422070373595685e-05,0.0028603681511416936,0.0002415662826901674,1.1072362340710059e-05,-0.002936131946490283,0.1568918077238438,1.0329044296633272,0.00015218421408945678,-0.15693711512805095,-1.0329421529177045,-0.00014660176060541044
1.905,0.014685068915445873,5.8734496536007885e-09,0.5393274352999162,-2.3618207207415462e-09,8.034574481772166e-05,-3.959977053242583e-07,1.915772877297151e-05,0.00027718176996460655,9.21557486064416e-05,0.0,4,Solved,135987,80662,315907,0.0645586610703371,1.0524027807768014e-12,8.08964680456367e-14,0.36290323267347396,-0.6409969458185784,-0.002670377621330769,-0.3628979254548198,0.6409982068447535,0.0027181800017826137,-0.0002522151768714386,-1.3821813824147778e-05,0.002888837793581676,0.00024525042609936334,1.2494431158068408e-05,-0.0029470924815826957,0.15689934842677958,1.0329101287892486,0.00014845643088387618,-0.1569317402526415,-1.0329385771253936,-0.0001495800728012494
1.9100000000000001,0.014685530723571621,5.727094293692771e-09,0.5393274303621196,-2.0911826424429592e-09,7.894983302189725e-05,-3.9593470234330365e-07,1.8927294810817387e-05,0.0002804845938021576,9.251032914514111e-05,0.0,4,Solved,128733,79480,308613,0.0645591816569225,2.1093190835639976e-12,2.238649990073593e-13,0.36290196353901777,-0.6409970177634305,-0.0026558809332035077,-0.362896692560282,0.6409982719512118,0.0027033812941666957,-0.0002549833783544619,-1.4752713037067596e-05,0.0029063835371203515,0.00024755362342397636,1.3354436270676392e-05,-0.002968212935705591,0.15689036177393106,1.0329039185102753,0.00015349841196327243,-0.1569428835234392,-1.03294690651076,-0.0001437917279104306
1.915,0.014685994359633978,5.457454437272691e-09,0.5393274251691244,-1.596288670069833e-09,7.753810172962223e-05,-3.956584201608679e-07,1.8694660428809616e-05,0.00028355721078845926,9.288400819807274e-05,0.0,4,Solved,130065,78699,307120,0.06455943976114178,2.116666247775929e-12,2.2375620821319634e-13,0.36290068680203147,-0.6409970920515171,-0.002641247536372986,-0.36289544322679657,0.6409983435752917,0.002688528237269841,-0.00025568300467791185,-1.4927557906868627e-05,0.002940183220442348,0.00025148824279168846,1.4939865567619238e-05,-0.002972321279924155,0.1568878595240281,1.0329020054047147,0.0001550580364886393,-0.15694764444084092,-1.0329510361782686,-0.00014145879564256863
1.92,0.01468645992517405,4.9328382817952585e-09,0.5393274197245642,-6.402400168969414e-10,7.6111757895963e-05,-3.948002994072475e-07,1.8459952497442492e-05,0.00028637540347026356,9.327953809383746e-05,0.0,4,Solved,126720,88316,314244,0.06455863357614929,2.1310201318729726e-12,2.2398157530485697e-13,0.36289940928073916,-0.6409971668027318,-0.002626429780926046,-0.36289417304844485,0.6409984234728081,0.0026736723639052607,-0.00025547432822852704,-1.4965902210038339e-05,0.002979120135631688,0.00025581832526395157,1.6640802531906154e-05,-0.002970503587786911,0.15690763286326545,1.0329168645518438,0.00014476525608636992,-0.15692992697928076,-1.0329381372183886,-0.00015104192517505013
1.925,0.014686927514165967,4.381956668809343e-09,0.5393274140298082,3.686127567486129e-10,7.46719549217283e-05,-3.9422812824819774e-07,1.82232516118917e-05,0.00028899304580444344,9.369002502420934e-05,0.0,4,Solved,135586,79660,314834,0.06455928058443072,2.1228989307991068e-12,2.251900194230128e-13,0.3628981232453159,-0.640997246196293,-0.0026115105850419663,-0.3628928918830358,0.6409985074437429,0.002658734552823118,-0.00025843190137669685,-1.6461570199014965e-05,0.002987116224478296,0.00025661457864660167,1.6891460159591056e-05,-0.002998886932843012,0.15689576597122495,1.032908642733356,0.0001512970536317064,-0.15694398345587962,-1.0329484893508916,-0.00014375767484520698
1.93,0.014687397202525003,3.970435139268598e-09,0.5393274080846395,1.1248431910730848e-09,7.321970289680155e-05,-3.9397497603760305e-07,1.7984682321611337e-05,0.00029139191940622,9.411779011795699e-05,0.0,4,Solved,122521,79500,301269,0.06455898764135871,1.060498506236786e-12,8.38304197889543e-14,0.3628968303734537,-0.640997329898601,-0.0025964873646615737,-0.3628916001376447,0.640998595823874,0.0026437212100739456,-0.0002587632310609974,-1.6921106001189952e-05,0.0030163230934061886,0.0002595870310580945,1.817435739377876e-05,-0.003005278708600717,0.15690500582021447,1.0329155315958456,0.0001465662267487774,-0.15693690710563923,-1.0329438022617394,-0.00014773194419872958
1.935,0.014687869076979547,3.5946242888528043e-09,0.5393274018924561,1.812965350678659e-09,7.175609568886728e-05,-3.9363210128768946e-07,1.7744343432219727e-05,0.0002935805425515919,9.456199474588991e-05,0.0,4,Solved,129685,79420,307781,0.06455925581461112,2.1190821524208773e-12,2.2271573877529404e-13,0.3628955319104104,-0.6409974178847186,-0.002581360248328052,-0.3628902985886974,0.6409986884649145,0.0026286360313207326,-0.0002603945051183903,-1.8028539592784643e-05,0.00303156496371111,0.00026088551549936925,1.875424905529822e-05,-0.0030248812294868853,0.15690162003775118,1.0329134072482746,0.00014856329922193837,-0.15694247517680404,-1.032948093033778,-0.00014497952385428942
1.94,0.014688343218717271,3.3481875483084548e-09,0.5393273954589373,2.2632213862481343e-09,7.028217833968153e-05,-3.9340220997461377e-07,1.7502349014265354e-05,0.0002955570965562981,9.502268092372157e-05,0.0,4,Solved,127852,80122,319604,0.06455974147281572,2.104487228198587e-12,2.227041128245765e-13,0.36289422839762814,-0.6409975102628239,-0.0025661356324193797,-0.3628889886774604,0.6409987850925869,0.002613476453871213,-0.00026099887103387705,-1.8760989773188285e-05,0.0030538571236063475,0.0002627992372641528,1.96904512712291e-05,-0.0030366584911435306,0.15689348731424974,1.032907898967718,0.0001530877883405602,-0.1569528732413818,-1.0329558635650515,-0.00013967499337625344
1.945,0.01468881971686616,3.056952495493656e-09,0.5393273887866998,2.788446267727162e-09,6.879907249076234e-05,-3.927314189062968e-07,1.7258823466624655e-05,0.00029729871258270485,9.550248062949395e-05,0.0,4,Solved,124926,81675,305798,0.06455877162777353,1.062393313140555e-12,8.086759288767942e-14,0.36289292751241536,-0.6409976042051162,-0.0025507556376526963,-0.3628876649556008,0.6409988884426413,0.0025983043074193275,-0.00025972499317505107,-1.880575669974886e-05,0.00309074431113253,0.00026612249079017,2.1296136200813253e-05,-0.0030330405819188524,0.1569178244980731,1.032925679649414,0.00014028739275231573,-0.15693071398968766,-1.0329403460443765,-0.00015171037464966128
1.95,0.014689298660537281,2.852690408564877e-09,0.53932738188097,3.1574996530453057e-09,6.730789594885395e-05,-3.9236588385636435e-07,1.7013858180318185e-05,0.0002988334085914457,9.599816723639823e-05,0.0,4,Solved,132120,80612,311899,0.06455914106897008,2.1309224222264123e-12,2.2295775641711533e-13,0.36289162081847165,-0.6409977038468843,-0.0025353079600120352,-0.36288633785014207,0.6409989941433681,0.0025830357530962664,-0.00026248511306022185,-2.0640537394112617e-05,0.003088897066193207,0.0002650604937968748,2.1045160101874255e-05,-0.003067404787390265,0.15691197168491158,1.0329218393307722,0.00014357762338176319,-0.1569386953255804,-1.0329462571035213,-0.0001476858652581074
1.955,0.014689780121032319,3.0074250937558885e-09,0.5393273747464463,2.8747372359968074e-09,6.580962232242888e-05,-3.9272514572648567e-07,1.676756031773777e-05,0.0003001771303792927,9.650742970210336e-05,0.0,4,Solved,139353,80533,319393,0.06455853230574558,1.061416609665928e-12,8.251987724424709e-14,0.3628903048359751,-0.6409978106404142,-0.002519834838034726,-0.3628850126880005,0.6409991006637634,0.0025676323720701224,-0.00026376324570750456,-2.1815608842879098e-05,0.0030984931855414784,0.0002650988587522257,2.147201271207547e-05,-0.003089554053317272,0.1569320343538511,1.0329365168919293,0.00013313490608462134,-0.15692104167496232,-1.0329339824050743,-0.00015731027496886888
1.96,0.014690264187799796,3.5372318354406972e-09,0.5393273673815557,1.909564829364087e-09,6.430539441169448e-05,-3.937452674216585e-07,1.6520084997286408e-05,0.00030125323646183733,9.703943510469344e-05,0.0,4,Solved,126549,79931,305738,0.06455939823761782,2.1326586465106015e-12,2.2265316929851332e-13,0.3628889730703153,-0.6409979274163109,-0.002504407380949263,-0.36288369847340857,0.6409992052179396,0.0025520271356732167,-0.00026815851231235834,-2.4334433743468857e-05,0.0030769869054206034,0.00026143775139393644,2.0558055050408468e-05,-0.0031419598941526605,0.15691142594745203,1.0329221912678739,0.0001442832262846623,-0.15694361697329834,-1.032950371801885,-0.00014545554048419774
1.965,0.01469075094528018,4.38626808617435e-09,0.5393273597896865,3.581466236215862e-10,6.279630329138257e-05,-3.9497522782014315e-07,1.6271465248578463e-05,0.0003021800691463699,9.758010761903986e-05,0.0,4,Solved,130456,79169,308443,0.06455952454631568,1.050012584631795e-12,8.355866160274505e-14,0.36288763132998964,-0.6409980510246089,-0.0024889802186801556,-0.36288239108299036,0.6409993107667554,0.0025362691703320023,-0.00026858446287718075,-2.4969365107183782e-05,0.0030910171531381295,0.000261572344038832,2.1462989761287366e-05,-0.0031581408574103275,0.15691121791011478,1.0329224092258014,0.0001446668217563244,-0.15694598001083265,-1.0329523927410509,-0.00014431243157795099
1.97,0.014691240433503235,5.089027304382567e-09,0.5393273519789636,-9.343671970011012e-10,6.12830600867385e-05,-3.9547148460511035e-07,1.6021826982679433e-05,0.0003029367070639126,9.813199156374505e-05,0.0,4,Solved,131278,80532,311859,0.06456008234607917,1.061868239241558e-12,7.787075660441194e-14,0.3628862884154773,-0.6409981774191144,-0.00247347812021629,-0.3628810830637479,0.6409994210942973,0.0025204373693933336,-0.0002686796007315488,-2.5475938960114016e-05,0.0031066841524091788,0.00026170425817064597,2.2452233030207033e-05,-0.003171923316389283,0.15690158035539983,1.0329156760007745,0.00015008359725171425,-0.15695785640319143,-1.0329613175372667,-0.0001381300684263355
1.975,0.014691732725452763,5.485917942097132e-09,0.53932734395115,-1.671825965491882e-09,5.976666793660861e-05,-3.952984813880067e-07,1.5771301438894074e-05,0.00030347630150669315,9.870015026185721e-05,0.0,4,Solved,129634,79039,307891,0.06455972626756559,2.1123504706831224e-12,2.2147476350976598e-13,0.36288495151267286,-0.6409983040050266,-0.0024578459700190032,-0.36287976930712423,0.6409995388193291,0.002504590800950046,-0.00026661421204639144,-2.5217074858136694e-05,0.003139545118493973,0.0002635264551541717,2.4244239711679495e-05,-0.0031677021834836897,0.15691206259077667,1.0329236397092247,0.000144730076801779,-0.1569494541437188,-1.0329556202810495,-0.0001427313369554838
1.98,0.014692227890246925,5.5460117647847195e-09,0.539327335708426,-1.7912872384653767e-09,5.824809824455857e-05,-3.94808993024573e-07,1.55199560936062e-05,0.0003038526779658219,9.927888382890766e-05,0.0,4,Solved,124325,80041,302832,0.06455954102141097,1.0628358981956214e-12,7.98527155014134e-14,0.362883620097986,-0.6409984316247759,-0.0024420978276522144,-0.3628784519565344,0.6409996628971841,0.002488719210982433,-0.0002661427895096108,-2.572002745590077e-05,0.0031564074110955785,0.0002635280695964508,2.5182251502039742e-05,-0.0031787507837266003,0.15691912902186236,1.032928938058508,0.00014116572407404764,-0.1569445799569363,-1.0329526563425755,-0.00014551780022881082
1.985,0.014692725982598197,5.537809373787013e-09,0.5393273272618601,-1.776978144958048e-09,5.672818086746941e-05,-3.947438532596711e-07,1.5267914614819287e-05,0.00030404488301743804,9.987059953573423e-05,0.0,4,Solved,124505,87626,311137,0.06456012114466052,1.053615688679621e-12,8.260221572555418e-14,0.36288228847409765,-0.6409985631468533,-0.0024262957057634253,-0.36287713819517964,0.6409997901020112,0.0024727643648687378,-0.00026652622957918585,-2.667830896188914e-05,0.003163178791463246,0.0002623305414112403,2.5607189217207177e-05,-0.0031991170627100325,0.15690865683913108,1.032921849672909,0.0001469880137816553,-0.15695717903861037,-1.0329619383145683,-0.0001389462992128043
1.99,0.014693227067584243,5.452597181111542e-09,0.539327318617162,-1.6207989006267385e-09,5.520784728697472e-05,-3.9463555357338006e-07,1.5015278767712611e-05,0.0003040578064752426,0.0001004743272515373,0.0,4,Solved,122041,79590,304966,0.06455984624284376,1.0670669436758561e-12,7.342957322583913e-14,0.3628809618530975,-0.6409986966696395,-0.0024104028778682398,-0.36287582450353373,0.6409999221821615,0.002456766830108036,-0.0002646173551138188,-2.672521049235247e-05,0.0031887995948638973,0.0002630905600009804,2.693087492391823e-05,-0.0031998691022742335,0.15691738948563472,1.0329284481249568,0.00014253845025256944,-0.15695055797456867,-1.0329575398855002,-0.00014264861291142907
1.995,0.014693731201285906,5.214966595511164e-09,0.5393273097767621,-1.1859461400460932e-09,5.368796393984157e-05,-3.943388807163984e-07,1.4762148849684064e-05,0.000303899946758915,0.00010108897488624894,0.0,4,Solved,123754,80462,303733,0.06455974432748211,1.0580083918082799e-12,7.93726137097377e-14,0.36287964103539294,-0.6409988324222153,-0.0023944217238504512,-0.36287451170238466,0.6410000588231388,0.002440728025864689,-0.00026394167718447436,-2.7424639959974306e-05,0.003201243470134844,0.000262300033958844,2.758202728013915e-05,-0.0032130415563365045,0.15692229113537956,1.0329322997404042,0.00014013004907763776,-0.15694781383594128,-1.0329559092397138,-0.0001442999067690491
2.0,0.014694238442121695,5.0258100526778885e-09,0.5393273007424848,-8.351848269291741e-10,5.216941936531812e-05,-3.9437950919902403e-07,1.4508638439454816e-05,0.00030355616987256455,0.00010171620122435322,0.0,4,Solved,138442,116991,364810,0.06455969877154309,1.057123707475377e-12,8.059039259750212e-14,0.36287832219971305,-0.6409989725614248,-0.002378397946446201,-0.3628732053690028,0.6410001978324983,0.002424606096930421,-0.0002637322120290218,-2.841615280970121e-05,0.0032071625857391186,0.0002606694034614919,2.794258221612213e-05,-0.0032319606163385183,0.156925890557647,1.0329352811545456,0.00013841086878082161,-0.15694629764950888,-1.0329551803446895,-0.0001452705703814577
2.005,0.014694748848000176,4.974965539336411e-09,0.539327291517483,-7.345826304571346e-10,5.0653095503763e-05,-3.947610430214939e-07,1.425483222474059e-05,0.000303049648831455,0.00010235353898200348,0.0,4,Solved,139784,107073,376912,0.06456030784083425,2.0925475388311487e-12,2.2047733287470486e-13,0.36287700351961893,-0.6409991180561035,-0.0023623575978312375,-0.36287190888226123,0.6410003380780296,0.0024083787453179385,-0.00026382235292801676,-2.9538191494810668e-05,0.003208735206452996,0.00025847081820275,2.811721257134732e-05,-0.0032544934741168662,0.15691496146479705,1.0329277846126106,0.00014446769573901028,-0.1569593017112411,-1.032964925453348,-0.00013846630540815486
2.0100000000000002,0.014695262465540598,4.951104647083597e-09,0.539327282109436,-6.873794192852275e-10,4.9139769707454476e-05,-3.9494094417421006e-07,1.4000826240435816e-05,0.00030238811505435754,0.0001030001101571085,0.0,4,Solved,128583,82957,323871,0.06456021878778767,2.114799461656031e-12,2.1984614806284995e-13,0.36287569135791514,-0.6409992661974353,-0.0023462506334232373,-0.36287061721925795,0.6410004820033067,0.0023920996863959344,-0.00026160178195632936,-2.9690236216324406e-05,0.0032298007748822596,0.000258315133461773,2.9210320979302107e-05,-0.003256798312060734,0.15691963034105053,1.0329314222520232,0.0001421974614278124,-0.156956744649107,-1.0329635006046027,-0.00013998841291335188
2.015,0.014695779345246695,4.808171479012586e-09,0.5393272725230808,-4.2676600182223017e-10,4.763025967482155e-05,-3.947311136904448e-07,1.3746731065594033e-05,0.00030155426779721414,0.00010365766701641228,0.0,4,Solved,152177,86313,361433,0.06456062857221877,2.1007329729849737e-12,2.21109730425982e-13,0.3628743887511879,-0.6409994161334834,-0.0023300580776493,-0.3628693289096143,0.6410006303458764,0.0023757916455627074,-0.0002598850392951957,-3.0179719806970583e-05,0.003244349641781322,0.000257312002165393,2.9962177366415875e-05,-0.00326486000512868,0.1569128310196793,1.0329272062062678,0.0001460699988437528,-0.15696565824902126,-1.0329700571555003,-0.00013535107419818877
2.02,0.014696299543867239,4.5381212907039446e-09,0.5393272627626986,6.39529498735105e-11,4.6125436759889766e-05,-3.9423269249837373e-07,1.3492640025368406e-05,0.00030054865820973393,0.00010432648323448828,0.0,4,Solved,123674,82806,327057,0.06455995920354446,1.0658556586760094e-12,8.368630532868449e-14,0.36287309951145,-0.6409995665743091,-0.002313754343579956,-0.3628680417049228,0.6410007841834999,0.0023594839503983766,-0.00025657867864302934,-3.0033796145522323e-05,0.0032716605989801637,0.00025760622649360394,3.1281324759972096e-05,-0.003259419228359707,0.15693052543965588,1.0329400416982786,0.00013674691883277216,-0.15694993913999686,-1.0329593472567113,-0.00014395824169755424
2.025,0.014696823106651843,4.236030024748657e-09,0.5393272528355214,6.166187851104776e-10,4.462606937353912e-05,-3.9390987045715524e-07,1.3238632591923217e-05,0.0002994061605550875,0.00010500211699819383,0.0,4,Solved,126419,79982,309225,0.06456082910931571,1.0556813316521152e-12,7.554352740113721e-14,0.3628718179905428,-0.640999720461108,-0.002297399172544212,-0.36286676252484673,0.6410009403666518,0.002343120477912825,-0.0002561903706832147,-3.125300249588816e-05,0.003270736836917787,0.0002547533514492687,3.1211233001830296e-05,-0.003281500691072368,0.1569138537792754,1.032928291767153,0.00014584221388471856,-0.1569686636742905,-1.0329732657490514,-0.00013413053638323459
2.0300000000000002,0.014697350070450843,4.010308288921999e-09,0.5393272427437285,1.0287229573144207e-09,4.313286928674139e-05,-3.936503641446561e-07,1.2984817481320268e-05,0.00029810736861024485,0.00010568673562072828,0.0,4,Solved,126649,88647,320706,0.06456025241530493,1.067414584528142e-12,8.534437992307025e-14,0.3628705487236019,-0.6409998761927321,-0.00228096104409857,-0.36286548825455334,0.6410011004567803,0.0023267363932487403,-0.0002523894844069641,-3.1082082621272195e-05,0.0032988449582304815,0.00025499221326489625,3.2534134505493485e-05,-0.003273810383022692,0.15692907526842653,1.032939736318124,0.0001378559456552931,-0.15695540264363567,-1.0329640386448788,-0.00014139153476811267
2.035,0.0146978804753074,3.74866591551649e-09,0.5393272324913512,1.504438960038093e-09,4.164657014538405e-05,-3.9324908164731354e-07,1.2731264163558917e-05,0.00029667844939849024,0.00010637757139273646,0.0,4,Solved,128523,79831,308823,0.06456103653999987,2.1058442297174707e-12,2.2006190175407573e-13,0.36286929081954816,-0.641000034475682,-0.0022644550807253455,-0.3628642209861131,0.6410012635349887,0.002310320131364265,-0.0002511130049774628,-3.202407347447686e-05,0.003302856241280844,0.00025252012213540845,3.267147525669329e-05,-0.0032895242538652286,0.15691436395759786,1.032929704332796,0.00014589999752517342,-0.1569723131606831,-1.0329765846399979,-0.00013254875446244794
2.04,0.014698414369648773,3.5126851081281777e-09,0.5393272220896324,1.931215562219216e-09,4.016795674962279e-05,-3.927728468644967e-07,1.247810057293901e-05,0.0002950574192882842,0.00010708235768464077,0.0,4,Solved,122011,78819,301369,0.06456066459754022,1.0665460642496472e-12,8.093497864177471e-14,0.36286804856980004,-0.6410001935294969,-0.0022478511435592256,-0.362862957891592,0.6410014309611681,0.0022939054773008605,-0.0002467652874181313,-3.167706834230856e-05,0.0033327070588585737,0.00025275571558224636,3.4006038164764446e-05,-0.003278645089219886,0.15692499933402232,1.0329375600035655,0.0001403094881074407,-0.15696349029315199,-1.0329706335606434,-0.00013747698874751242
2.045,0.01469895180302544,3.1790250501495824e-09,0.5393272115449113,2.533603035932815e-09,3.869783581223605e-05,-3.920219488689311e-07,1.2225374609279095e-05,0.0002933234563569632,0.00010779083266510113,0.0,4,Solved,126740,79210,311298,0.06456004558063179,2.089966786607923e-12,2.1869643318585025e-13,0.36286682283682864,-0.6410003534782507,-0.0022311489674918233,-0.3628616993652387,0.6410016025080569,0.0022774962366567315,-0.00024413936127696984,-3.2189253178938134e-05,0.0033456647549390166,0.0002510929571147037,3.450804175898515e-05,-0.0032839812572303733,0.1569412991526337,1.0329497231255098,0.0001317243064048965,-0.15694920568604986,-1.0329607292901086,-0.00014532426791328886
2.05,0.014699492795962527,3.099403937634076e-09,0.5393272008579745,2.679267961182502e-09,3.723678606936445e-05,-3.920660037713612e-07,1.1973194699748803e-05,0.0002914465991192016,0.00010850688588824021,0.0,4,Solved,130787,79710,310798,0.0645607052152616,2.0912916264185915e-12,2.201765781566727e-13,0.3628656023991682,-0.6410005193660762,-0.002214458405105795,-0.3628604578151653,0.6410017730448659,0.0022609860495785834,-0.000244117404056497,-3.380730418837183e-05,0.0033332300902539393,0.0002465482443379276,3.385770101860148e-05,-0.0033139973298731253,0.15692885767413584,1.0329411940448598,0.00013847680886453463,-0.15696344594523493,-1.0329712834441855,-0.0001378969822748925
2.055,0.014700037377418752,3.3209993893300494e-09,0.5393271900350485,2.2744504468905957e-09,3.578544216858325e-05,-3.9249998998149224e-07,1.1721613658611529e-05,0.0002894723769126869,0.0001092251654684872,0.0,4,Solved,123242,78628,299846,0.06455987984872213,1.0556388043587744e-12,7.754164942219721e-14,0.3628643896297867,-0.6410006897689552,-0.0021977636569297074,-0.3628592318032028,0.6410019437881823,0.0022443940884326824,-0.000241599683217477,-3.425643860936499e-05,0.003342767410722457,0.00024437297568882116,3.4338057695127215e-05,-0.0033213920855250296,0.1569506809974053,1.0329572388112842,0.0001270265247075555,-0.15694410863875444,-1.0329580775795542,-0.00014846076422604773
2.06,0.01470058561033816,3.792781031469631e-09,0.5393271790836476,1.4133162975025272e-09,3.434471721860468e-05,-3.933095581620905e-07,1.1470828481692985e-05,0.00028721572559008607,0.0001099682075413142,0.0,4,Solved,122952,78779,299746,0.06456122029940102,1.058651638506845e-12,8.356695612821328e-14,0.36286317904136817,-0.6410008670169651,-0.002181124816795198,-0.36285802896778396,0.6410021120977588,0.002227664123029545,-0.00024252881179771528,-3.6208958444992876e-05,0.003317925813689232,0.00023811786049616058,3.323721619720447e-05,-0.003362310889493636,0.15692266634151067,1.0329371004957484,0.00014211203731014476,-0.1569736996061753,-1.0329795247904163,-0.00013283502099935583
2.065,0.014701137575598046,4.450234838053895e-09,0.5393271679971972,2.078854051093925e-10,3.2915710590823514e-05,-3.9404414867929587e-07,1.1220838152481778e-05,0.00028485161187606823,0.00011071277499948441,0.0,4,Solved,132570,79600,310477,0.06456079763219731,2.09420847447725e-12,2.19154671022293e-13,0.3628619798620899,-0.6410010472158046,-0.0021644674552820965,-0.3628568420369342,0.641002282420873,0.0022108741698503363,-0.00023814202339309944,-3.593602337453863e-05,0.0033404117007569496,0.00023694857098982924,3.459772697132309e-05,-0.0033552764627040143,0.1569340494792506,1.0329461284051262,0.00013619175595320476,-0.15696389552314133,-1.032972762115157,-0.00013808741416933404
2.07,0.014701693236845545,4.885270067514954e-09,0.5393271567726381,-5.975675677563547e-10,3.149853797344326e-05,-3.9407536352448815e-07,1.0971633450164601e-05,0.00028249206915167827,0.00011144848488784447,0.0,4,Solved,127741,79050,306248,0.06456111026768709,2.0951468865716326e-12,2.1813358127470742e-13,0.36286079620251555,-0.6410012281721034,-0.002147751640053733,-0.36285566665666885,0.6410024565543974,0.0021940668695977794,-0.0002358641450982993,-3.6354452104585924e-05,0.003345049221975726,0.00023390467085858472,3.4978005081478115e-05,-0.0033656042588423845,0.15692952936959348,1.0329432377944776,0.00013875905821120172,-0.15697023478188069,-1.0329777642829934,-0.0001348277978315695
2.075,0.014702252572907732,5.192447713000459e-09,0.5393271454368369,-1.1666724624618749e-09,3.0093360841964932e-05,-3.9406053347540375e-07,1.0723337269741395e-05,0.0002800497227508608,0.00011218519699897479,0.0,4,Solved,124334,79390,307662,0.06456110488406445,1.0580211707239414e-12,7.922955612655602e-14,0.3628596271947929,-0.6410014098655783,-0.0021309864881522266,-0.36285450375003864,0.6410026338009877,0.0021772360851115957,-0.00023250385479689598,-3.633042856797664e-05,0.0033583576334370747,0.00023176878765808378,3.575366852441791e-05,-0.003366592521555815,0.1569319380203481,1.0329454223224879,0.00013763495597184197,-0.15696965406484936,-1.0329776781450313,-0.00013525932793326758
2.08,0.014702815604727814,5.312007262486884e-09,0.5393271339956872,-1.3911883278214088e-09,2.870074164712624e-05,-3.9387575949712226e-07,1.0476037018273988e-05,0.00027749045431149665,0.00011292657600765483,0.0,4,Solved,136357,80001,316037,0.06456085911600902,2.093247020046603e-12,2.182317483698877e-13,0.3628584744662223,-0.6410015918366746,-0.0021141634033465667,-0.36285335266592866,0.6410028144401942,0.0021603937872941986,-0.00022931108555067586,-3.6437361558427034e-05,0.003368821335424379,0.00022925617976274565,3.6369771882516986e-05,-0.0033697462994024597,0.1569398014756322,1.0329513110722057,0.00013356953346754764,-0.1569635555506086,-1.0329737458561443,-0.0001386631741230194
2.085,0.014703382353556112,5.370228168284115e-09,0.5393271224510251,-1.4980883831338912e-09,2.732125489640437e-05,-3.9392098274857356e-07,1.0229811580674386e-05,0.00027482055845336987,0.00011367154911658154,0.0,4,Solved,122361,80001,301429,0.06456098441004453,1.043487330731106e-12,7.809428915340336e-14,0.3628573342695488,-0.6410017760865785,-0.0020973236920393177,-0.3628522182187322,0.641002996462966,0.0021435020054167272,-0.0002272558349706061,-3.7116215048896966e-05,0.003367431531919064,0.0002253897401560216,3.643040164632606e-05,-0.003384094450230218,0.15693928248289757,1.0329513979501639,0.00013398961436861205,-0.15696582311341473,-1.0329757505607124,-0.00013756616269593267
2.09,0.014703952834297575,5.472741772749054e-09,0.5393271108052942,-1.6818569533883608e-09,2.5955420064190773e-05,-3.942519037642005e-07,9.984725637587098e-06,0.0002720513871350731,0.00011441920629881662,0.0,4,Solved,130667,78940,307912,0.06456140948651558,1.06540934816707e-12,8.114268234197366e-14,0.36285620543283953,-0.6410019631845766,-0.0020804841859429816,-0.36285110244523333,0.6410031791435249,0.002126547121230311,-0.00022484499591213762,-3.761756928495815e-05,0.003368253276876772,0.00022173471442356055,3.660549334710586e-05,-0.0033955992220437653,0.15693208699955746,1.0329466760542785,0.0001379867767420704,-0.1569747450767053,-1.0329825517842492,-0.00013289768762469
2.095,0.014704527059393565,5.497240793020578e-09,0.539327099067523,-1.725106301223048e-09,2.4603717677699622e-05,-3.9434873049274514e-07,9.740849057470066e-06,0.0002691869632293055,0.00011516922283546706,0.0,4,Solved,129906,88437,316908,0.06456138949604802,2.0835570174475934e-12,2.1709759878208498e-13,0.36285509326549015,-0.6410021507968381,-0.002063601347164704,-0.3628500007439087,0.6410033644976697,0.0021095758017326805,-0.0002209012920560432,-3.7467048227233e-05,0.003382094947669462,0.00021947268809933203,3.7368422411170263e-05,-0.003393462303857191,0.1569348054854611,1.0329489862971,0.00013667615632987205,-0.15697371429850343,-1.0329822319367683,-0.00013355483598967148
2.1,0.01470510503932497,5.353665229834497e-09,0.5393270872450886,-1.4629284186619165e-09,2.3266614887531558e-05,-3.941249724964803e-07,9.498250897444813e-06,0.00026623050240934666,0.00011592106088600554,0.0,4,Solved,138111,79330,316959,0.0645612172454532,2.06921811591988e-12,2.1760630337092074e-13,0.362853999966006,-0.641002338247403,-0.0020466601563279003,-0.3628489116536488,0.6410035529772206,0.002092606162938311,-0.0002172318810931215,-3.750935487234629e-05,0.0033923589593421364,0.00021678378819980148,3.790645283681519e-05,-0.003394285383606592,0.15694092128136986,1.0329537057614013,0.00013353913680534864,-0.15696930928069783,-1.0329794759272513,-0.00013603920399980144
2.105,0.014705686786855215,5.169403153735078e-09,0.5393270753408693,-1.1234229548320086e-09,2.194460793424892e-05,-3.940319516088954e-07,9.257009824565013e-06,0.00026316689735433814,0.00011667628361665403,0.0,4,Solved,132220,79280,309505,0.06456115102239286,2.0915521304388364e-12,2.173955847611708e-13,0.3628529225133921,-0.6410025272487292,-0.002029694794841156,-0.3628478391474484,0.6410037428097355,0.0020756071507381855,-0.00021439012680309758,-3.799038532541387e-05,0.0033936096997142125,0.00021305155784234116,3.80071465450423e-05,-0.0034034910858486097,0.15694449642516292,1.032956730349869,0.0001317519929924125,-0.15696734458511644,-1.0329784163582858,-0.0001371895504152181
2.11,0.014706272312988747,5.075240901107287e-09,0.5393270633580048,-9.45097000743579e-10,2.0638176232635067e-05,-3.9426778806962983e-07,9.017171793912866e-06,0.0002600226027104074,0.00011743206104951212,0.0,4,Solved,131378,86483,317049,0.06456156704758685,2.104632036646895e-12,2.1782579904194925e-13,0.3628518580117164,-0.6410027191395451,-0.0020127371478934146,-0.36284678685997207,0.641003932496212,0.0020585498800638233,-0.00021196865604656808,-3.863047031708814e-05,0.003390202237568204,0.00020879650773718386,3.78944844499733e-05,-0.0034167753010267434,0.15693735351484378,1.03295206014816,0.0001357072008396112,-0.15697609648794278,-1.0329850727613896,-0.0001325944333663632
2.115,0.01470686161805525,5.0149022428071526e-09,0.5393270513046319,-8.304210620755022e-10,1.934769564631002e-05,-3.9444107702883006e-07,8.778797484109111e-06,0.00025680106343370596,0.00011818816734371988,0.0,4,Solved,129855,79770,309044,0.06456200716853867,1.0499311982803535e-12,7.864369259009373e-14,0.3628508101722192,-0.6410029121881542,-0.00199575741249903,-0.3628457516134175,0.6410041234765661,0.0020414670532436664,-0.00020803747263597704,-3.8602152587520304e-05,0.003399769863869075,0.00020594169453561051,3.8389133018147015e-05,-0.0034165044890228343,0.1569295889283004,1.0329469364551283,0.00014001313960799197,-0.15698548665234138,-1.0329921146966188,-0.00012765531152279723
2.12,0.014707454708695732,4.7678206519696485e-09,0.5393270391865134,-3.809762508219597e-10,1.807359855451016e-05,-3.9399392311081275e-07,8.541959351338384e-06,0.00025348491917348895,0.00011894643377115441,0.0,4,Solved,123383,79059,301469,0.06456139273135622,1.0457470862181334e-12,8.153659010395015e-14,0.36284978688365993,-0.6410031032189251,-0.001978688558941116,-0.3628447262951191,0.6410043187795055,0.0020244286556923554,-0.00020247411072316944,-3.7959282069198e-05,0.0034230689846872268,0.00020453331963261702,3.949003656294396e-05,-0.003401903637033634,0.1569456522074611,1.0329586968490436,0.00013148774801830022,-0.1569709515488829,-1.0329822837016995,-0.00013556240856174524
2.125,0.014708051589960325,4.418309773273289e-09,0.5393270270083427,2.57332731881789e-10,1.681630509086873e-05,-3.9353534829038203e-07,8.306696232201008e-06,0.00025009938386233584,0.00011970409146046704,0.0,4,Solved,125046,79541,302381,0.06456176237160638,1.0654128093648978e-12,7.783828931538298e-14,0.3628487830870616,-0.6410032948730392,-0.001961581394214662,-0.3628437165533275,0.6410045155421313,0.0020073867093145874,-0.00019966395276406834,-3.857040878675281e-05,0.0034204463118536355,0.0002002990812519918,3.926861340936398e-05,-0.003412680558584612,0.1569393291533632,1.0329546603184443,0.00013497555372155067,-0.1569788182958481,-1.032988197945702,-0.00013145903389201238
2.13,0.014708652259198908,4.171627258510715e-09,0.539327014777348,7.103870358858121e-10,1.557616266696322e-05,-3.933862570957687e-07,8.073071614005159e-06,0.0002466368129309123,0.0001204620003342877,0.0,4,Solved,125287,81344,318651,0.0645613834970831,1.0622586745175518e-12,7.810490240840364e-14,0.3628477975922341,-0.6410034877295961,-0.001944451918684395,-0.3628427241414735,0.641004712977295,0.0019903280096158164,-0.0001954507734501195,-3.8576423565814406e-05,0.003429544604552005,0.00019732854829320406,3.9628442684213973e-05,-0.0034111673333875377,0.15694987346553974,1.0329625288135351,0.00012941054258160025,-0.15696974515906698,-1.0329821359533295,-0.00013643030604034635
2.1350000000000002,0.014709256715236088,4.0213762136627374e-09,0.5393270024970496,9.878812052085426e-10,1.435353800118874e-05,-3.934194193314427e-07,7.841131354921005e-06,0.00024310843912384974,0.00012121875856469138,0.0,4,Solved,122762,79240,300457,0.06456194016516696,1.0579544289627405e-12,7.980847489613205e-14,0.3628468279227608,-0.6410036829453432,-0.001927326874891619,-0.36284175211788555,0.6410049098105556,0.0019732285719146012,-0.00019297333926399115,-3.934373069899715e-05,0.003422076316516754,0.0001925211362197536,3.920366068442417e-05,-0.0034256808201638136,0.15693959483615,1.0329555805192103,0.00013500044758554046,-0.1569815594172964,-1.0329910426426714,-0.00013021631798130023
2.14,0.01470986495706214,3.993626072401213e-09,0.5393269901731381,1.0394219384934726e-09,1.3148791448225262e-05,-3.935009077881511e-07,7.6109343178755484e-06,0.00023949794284746842,0.00012197666660316037,0.0,4,Solved,134263,79470,312240,0.06456177079424558,2.0657037677854035e-12,2.1628722256205164e-13,0.3628458769250079,-0.6410038791459101,-0.001910184539076841,-0.3628407982276953,0.6410051071761356,0.0019561128517969566,-0.0001884155922155222,-3.917783419119382e-05,0.0034327178266609112,0.0001896642404211374,3.9647609101370214e-05,-0.0034215338156558034,0.15694532488195956,1.0329601581679375,0.00013203080133275256,-0.15697730574727883,-1.0329883327079292,-0.00013258452281332615
2.145,0.014710476991058872,3.94978187247214e-09,0.5393269778135814,1.1169401733181687e-09,1.1962336679767641e-05,-3.933677158076764e-07,7.382528099907029e-06,0.00023580914476619783,0.00012273524148381866,0.0,4,Solved,129665,79681,308032,0.06456222761437481,1.0519611366362426e-12,8.185312242197276e-14,0.3628449460477454,-0.6410040756860984,-0.0018930151349260437,-0.3628398616404838,0.6410053054542809,0.0019389933154899722,-0.00018473513540033108,-3.939330059279519e-05,0.0034347074677641837,0.00018581045359479365,3.966479633230056e-05,-0.003425509214873227,0.1569370684458631,1.0329545260917938,0.0001365008356921264,-0.15698687493730415,-1.032995641829997,-0.00012756235223330894
2.15,0.014711092807136176,3.8734060443084834e-09,0.5393269654240848,1.2511907360711924e-09,1.0794454073772916e-05,-3.930378783783569e-07,7.1559356216148425e-06,0.00023208432248899704,0.00012348936048530484,0.0,4,Solved,152638,104969,369328,0.06456179653429166,2.0856170108230824e-12,2.163922138840506e-13,0.3628440384588348,-0.6410042711962797,-0.00187579248764803,-0.36283893949441526,0.6410055058305241,0.0019218986508243853,-0.00017943324425376197,-3.8918832053663506e-05,0.0034510667683183274,0.00018355581757325163,4.034078341407235e-05,-0.0034146302597432903,0.15694860287921053,1.032963179286184,0.00013038671849186897,-0.1569767199693855,-1.0329887445486665,-0.00013310353238646957
2.1550000000000002,0.01471171238491383,3.760323099995508e-09,0.5393269530091983,1.45278665428488e-09,9.64533850457616e-06,-3.9268773433982463e-07,6.931209692470372e-06,0.00022830753816211383,0.0001242409570348352,0.0,4,Solved,131659,79751,320615,0.0645623862678805,2.0748814530260914e-12,2.1700410085014732e-13,0.3628431514961737,-0.6410044669823716,-0.0018585434968942675,-0.36283803477057125,0.6410057068445417,0.001904804448350125,-0.00017607583885475035,-3.9310095006644805e-05,0.003449041240411403,0.00017926520251802116,4.012034402189474e-05,-0.003421629209200018,0.15693724497493036,1.0329554009398214,0.0001365002313371377,-0.1569894069636061,-1.032998180286088,-0.00012643705271957916
2.16,0.014712335713977079,3.6619605030317028e-09,0.5393269405717137,1.6267200710010418e-09,8.515269370342537e-06,-3.9231666542309283e-07,6.708391444156129e-06,0.00022447742651046656,0.000124990103242311,0.0,4,Solved,137199,80322,318391,0.06456153262273692,1.0706482104530897e-12,7.96883001876075e-14,0.3628422880705791,-0.6410046618347184,-0.0018412455435008691,-0.3628371450311041,0.6410059096424311,0.0018877358467083653,-0.00017048276056604814,-3.87564938573985e-05,0.00346660943350723,0.00017711357798900392,4.084402114837821e-05,-0.0034085325729419345,0.15695811267906493,1.032970746889458,0.00012538219988131378,-0.1569698398870489,-1.0329845219637908,-0.0001370033259051986
2.165,0.014712962780195269,3.6166008011785264e-09,0.5393269281135897,1.706701775358135e-09,7.404494515730897e-06,-3.921959531081614e-07,6.487515951151288e-06,0.0002206002664591381,0.0001257362170006555,0.0,4,Solved,124084,79660,302732,0.06456212377270432,1.0594438072618666e-12,8.627044214941667e-14,0.36284144158010845,-0.6410048587287952,-0.001823961554901303,-0.3628362772694383,0.6410061111554785,0.0018706323636894543,-0.00016854201292519183,-3.9775862897038854e-05,0.00345040351201911,0.00017124354362560537,3.996418393616225e-05,-0.0034287294957467507,0.1569466211946853,1.0329630156189582,0.00013155510502979153,-0.1569826176541849,-1.032993980363269,-0.00013027496056229018
2.17,0.014713593568438852,3.791535848338323e-09,0.5393269156406317,1.3864707215646146e-09,6.313240816797882e-06,-3.9249539321514247e-07,6.268617824585075e-06,0.0002166780648269653,0.00012647936347732594,0.0,4,Solved,122832,79851,305578,0.06456246556196124,1.0579017517745023e-12,8.189779301889757e-14,0.36284061161044096,-0.6410050574364828,-0.0018066978735819341,-0.3628354321793419,0.6410063113822241,0.0018534900320420096,-0.0001643509320756644,-3.972230653198621e-05,0.0034542981645107372,0.00016757472928168775,4.010109845840274e-05,-0.003428354491753403,0.15694087404238397,1.0329592505593415,0.00013464948729774638,-0.15698963057853665,-1.0329994489913799,-0.00012663220337646706
2.1750000000000003,0.014714228064586428,3.88216920084983e-09,0.5393269031604758,1.2136668765637105e-09,5.241735941833127e-06,-3.922859882246835e-07,6.051733173301135e-06,0.00021270971955109926,0.0001272197329088958,0.0,4,Solved,132149,79981,311638,0.06456177176549345,1.0621746298761683e-12,7.593130086117419e-14,0.3628398059702546,-0.6410052543919159,-0.0017893848697346105,-0.3628346022198319,0.641006513621892,0.0018363808099516085,-0.00015903291202596167,-3.918162958007093e-05,0.003468127490515638,0.0001649763673565525,4.067365677236153e-05,-0.0034175829650795525,0.15695794871775962,1.0329718870978988,0.00012557439054974398,-0.15697375582411402,-1.0329883482478952,-0.0001351914402272379
2.18,0.014714866252506247,3.9742792878938935e-09,0.5393268906771783,1.0409261439390374e-09,4.1901975664989685e-06,-3.9223976233572046e-07,5.836894922463041e-06,0.00020870076751431816,0.0001279563608685504,0.0,4,Solved,122301,79640,301009,0.06456142098779759,1.0655883375880737e-12,8.366424765106081e-14,0.36283901797037005,-0.6410054525839711,-0.0017720855596116383,-0.3628337944247077,0.6410067148035627,0.0018192439711400027,-0.00015667710923153734,-3.993011124858939e-05,0.0034544762236732337,0.00015933857628019378,3.996397133068467e-05,-0.0034338366478590342,0.15697276543134733,1.0329827358047614,0.00011773911311543057,-0.15696034738642628,-1.0329792182358974,-0.00014245329145180828
2.185,0.014715508133060459,4.462273210584341e-09,0.5393268781883797,1.557514837578673e-10,3.1589980573279697e-06,-3.933486503483332e-07,5.624180072411134e-06,0.0002045823993362426,0.00012869743153330143,0.0,4,Solved,130957,84730,313923,0.06456372791391644,1.0685123374549061e-12,8.532713567229674e-14,0.36283823466579507,-0.641005657510501,-0.0017549236900835708,-0.36283302273462903,0.6410069095453451,0.001801958288134334,-0.00015668261973350974,-4.1659697407208415e-05,0.00341779687843122,0.00015105897085027355,3.8307283940241474e-05,-0.0034725822177603598,0.15691836544876037,1.032943930804665,0.00014676536062763676,-0.1570159950922808,-1.033019646622663,-0.00011289942619870002
2.19,0.014716153725928214,4.887745612883284e-09,0.5393268656917217,-6.29320208712123e-10,2.1486644695266343e-06,-3.935134763419536e-07,5.413602951402036e-06,0.00020037999867998857,0.00012943976903538395,0.0,4,Solved,126909,86283,312520,0.06456204958698092,1.0498231018438117e-12,7.886710639978976e-14,0.3628374813942627,-0.6410058579377376,-0.0017376736759066036,-0.3628322628019896,0.6410071091154426,0.0017847517078644123,-0.00014672263848040286,-3.908819402043784e-05,0.0034712215763068603,0.00015260171558316261,4.094047380364348e-05,-0.0034207938869262686,0.15695684778089353,1.0329721768479576,0.00012628026544357762,-0.15697829505699148,-1.0329927933916947,-0.00013295279557339642
2.195,0.014716802990914634,4.804414502475797e-09,0.539326853196466,-4.906499355160937e-10,1.159194372765073e-06,-3.926512123011416e-07,5.205087983552551e-06,0.00019625105076265432,0.00013016588205593771,0.0,4,Solved,122963,79420,301679,0.06456207091602705,1.0538177176555158e-12,7.876913489146532e-14,0.36283675621743056,-0.6410060548523315,-0.0017203484518922938,-0.36283151586143014,0.641007312055452,0.001767612965307929,-0.0001439260849439711,-3.9570190275667315e-05,0.00346108861921136,0.00014731106778698242,4.037038059971202e-05,-0.0034322930712030533,0.15695797478855703,1.0329733361666387,0.00012568937150321573,-0.15697824472276478,-1.0329931346564327,-0.00013304840138853868
2.2,0.01471745585645159,4.875855954547613e-09,0.5393268407169407,-6.202948772531473e-10,1.9030574815554674e-07,-3.9283171997267037e-07,4.998703014993797e-06,0.00019212536481767845,0.0001308836897540364,0.0,4,Solved,124556,82235,304936,0.06456155924877341,1.0549376112801257e-12,8.27237115862736e-14,0.3628360450742871,-0.6410062540381712,-0.0017030757420572122,-0.36283079538629154,0.6410075121996979,0.0017504161309548384,-0.00014112896080517722,-4.000984790568261e-05,0.0034502629818314403,0.00014199697931543056,3.981506524300064e-05,-0.0034440671796936947,0.15697099990819555,1.0329832771390972,0.0001188508738610123,-0.15696660585903568,-1.0329849479803745,-0.00013931267301113735
2.205,0.014718112326386354,5.210613538228863e-09,0.5393268282545103,-1.222939793669896e-09,-7.576267670915032e-07,-3.938157848031542e-07,4.794539214941304e-06,0.0001878735858193702,0.00013160834490628237,0.0,4,Solved,122171,80552,299756,0.06456294715122948,1.056250702696119e-12,8.093934856085021e-14,0.36283534182538707,-0.6410064579800259,-0.0016859173644144187,-0.3628301085405177,0.6410077070595035,0.001733101779416968,-0.0001403581492255703,-4.1288721523834727e-05,0.003419411402314984,0.00013433101079782933,3.8437639633266795e-05,-0.003475348210641133,0.1569414561786355,1.0329623588946348,0.00013457540074626224,-0.1569969056958106,-1.0330071544196717,-0.0001231723818241255
2.21,0.014718772394942481,5.601961758273791e-09,0.5393268158129729,-1.934479205624648e-09,-1.6843173086769034e-06,-3.945171740924373e-07,4.592516658712124e-06,0.00018365898251485329,0.00013232075903426462,0.0,4,Solved,122321,79680,308272,0.06456301712369653,1.0682903071722927e-12,8.030407815836612e-14,0.36283465834156625,-0.6410066609229521,-0.0016687652124770134,-0.36282944337356304,0.6410079021397082,0.0017157798998384184,-0.00013431692694488507,-4.014860359806185e-05,0.003437661798027216,0.0001321790438677354,3.938443951017165e-05,-0.003457245514445742,0.15694122385943954,1.0329628690070618,0.00013482338307840491,-0.156998287111283,-1.0330082739791444,-0.00012240211641796478
2.215,0.014719436011544846,5.5474448485002276e-09,0.5393268034029465,-1.8416990987374582e-09,-2.5898733579873933e-06,-3.9399978010493526e-07,4.3927130125064085e-06,0.00017940254754623383,0.0001330305820501654,0.0,4,Solved,124505,78559,301720,0.06456288161273936,1.0520156806309336e-12,8.242641972339108e-14,0.36283400541252797,-0.6410068582247334,-0.0016515197482058616,-0.3628287889763846,0.6410081017528536,0.0016985518744421601,-0.00012813695383955166,-3.902628328367305e-05,0.00345668278694728,0.00013004326032974592,4.026668283726274e-05,-0.0034379455574658647,0.15694597406427874,1.0329661520443412,0.00013224616263720785,-0.15699427980790803,-1.0330061058038298,-0.0001245871977280709
2.22,0.014720103149488514,5.163400023383647e-09,0.5393267910283133,-1.1449842466496483e-09,-3.474189956847529e-06,-3.9316207618140324e-07,4.195092356015505e-06,0.00017517814451923792,0.00013372858409836048,0.0,4,Solved,138892,87916,340153,0.06456209816480216,2.0421034249155503e-12,2.1409333427795042e-13,0.3628333807695393,-0.6410070514868504,-0.0016342031828424223,-0.36282814747918213,0.6410083042098327,0.0016813972705212973,-0.0001228161018106948,-3.8417255214575766e-05,0.003467770353061853,0.00012717628516642599,4.0637504453662704e-05,-0.003426270570264579,0.15696460798746334,1.0329799342974644,0.00012233078645381302,-0.15697658808245973,-1.0329935706368345,-0.0001340624106703628
2.225,0.014720773753910742,4.8164850205943495e-09,0.539326778686463,-5.061720995626021e-10,-4.337382652472444e-06,-3.9298330741379343e-07,3.9997010814921516e-06,0.0001709412205758472,0.00013441971094011644,0.0,4,Solved,141858,87275,346936,0.06456260940380307,2.0642278605507307e-12,2.1402123388056807e-13,0.3628327731280954,-0.6410072460794625,-0.0016169212043109938,-0.36282753017919894,0.6410085042931394,0.0016642121717271887,-0.00012068219695752751,-3.9242002603468786e-05,0.003448958045246485,0.00012103281946839892,3.9624242417131716e-05,-0.003444110599755854,0.15695477714609382,1.0329732256700799,0.0001275369457939494,-0.1569872697496329,-1.033001750460849,-0.00012839696006738784
2.23,0.014721447792127857,4.691496046053979e-09,0.5393267663801795,-2.6893515032623823e-10,-5.17940059885837e-06,-3.933394205283213e-07,3.8065206394595432e-06,0.00016671411301150165,0.00013510253346938537,0.0,4,Solved,129124,85702,330033,0.06456272748899304,1.0721690586400284e-12,8.721315863748316e-14,0.36283218175316356,-0.6410074419956272,-0.001599681956035657,-0.36282693762289875,0.6410087017378101,0.0016469901705816273,-0.00011670489014863143,-3.9150900823172834e-05,0.003447125161603383,0.00011685525878801567,3.9403183967254186e-05,-0.0034446489589149277,0.1569535676265996,1.032972663852749,0.00012818178230972552,-0.15698934411696464,-1.0330036398238887,-0.00012731044799267418
2.235,0.014722125223439131,4.5934841408014305e-09,0.5393267541216016,-8.592780911521946e-11,-6.000287845861912e-06,-3.9345566418826787e-07,3.6155777676216672e-06,0.00016248498853067757,0.00013577821542813735,0.0,4,Solved,132982,87536,331646,0.06456298910366384,2.0538702521589367e-12,2.1379740034205844e-13,0.3628316110493577,-0.6410076370709178,-0.0015824447898471767,-0.3628263651353312,0.6410088983640913,0.0016297736027994342,-0.00011246274265748596,-3.893245664026513e-05,0.0034476578712637133,0.00011295108571165851,3.927698936791558e-05,-0.003442474235569322,0.15694899364819054,1.0329697519670276,0.00013061817538045242,-0.1569947397575626,-1.0330078256586215,-0.0001244462706243288
2.24,0.014722806013382234,4.444717067340674e-09,0.5393267419149762,1.8544554086992587e-10,-6.800018976874486e-06,-3.93261126949862e-07,3.426880933514911e-06,0.00015825317592396666,0.00013644672366000285,0.0,4,Solved,129405,91042,343910,0.06456285616552045,1.0528843739415909e-12,8.187640905010431e-14,0.36283106417138866,-0.6410078299161652,-0.0015651812478066677,-0.36282580949661497,0.6410090954185256,0.0016125926198970798,-0.0001073486715098042,-3.8340905046378216e-05,0.00345607547503302,0.00010993486837141784,3.949800689942637e-05,-0.0034320817455960467,0.15695325432941326,1.032973102645606,0.00012833062989980293,-0.15699127172217858,-1.0330056986483271,-0.00012631633847330991
2.245,0.014723490125398605,4.228657724633644e-09,0.5393267297632163,5.78311751762601e-10,-7.578585886238113e-06,-3.929072853388195e-07,3.2404392040112984e-06,0.00015401963666032865,0.00013710790983583143,0.0,4,Solved,135787,83678,336987,0.06456274983906858,1.0644301694852545e-12,8.217139997362821e-14,0.36283054068534404,-0.6410080208528679,-0.0015478959533938687,-0.3628252710879801,0.6410092924920698,0.0015954442530691983,-0.0001029514995727244,-3.8091793870024004e-05,0.003457762501716633,0.00010620863403397025,3.9364656061524156e-05,-0.003428090194107302,0.1569568663457447,1.032976024673452,0.00012637705425412647,-0.15698842121956172,-1.0330039974250973,-0.00012785892515813113
2.25,0.014724177522198123,4.066579077958011e-09,0.5393267176689082,8.743771131487994e-10,-8.335988918836645e-06,-3.927482316385539e-07,3.0562558578982273e-06,0.00014978794639613046,0.00013776148544042443,0.0,4,Solved,124525,80512,310186,0.06456407687581216,1.054795504054405e-12,8.383811536617587e-14,0.3628300374210438,-0.6410082112713187,-0.0015306186898701233,-0.36282475299372896,0.6410094880881858,0.0015783003006825524,-9.914022332300686e-05,-3.808055376889102e-05,0.0034539754660456038,0.00010192054244284994,3.8965981075492944e-05,-0.003429265237859854,0.15693002544089216,1.032956694101794,0.00014070476639880983,-0.1570169771878228,-1.0330252300129945,-0.00011288968905878504
2.255,0.014724868254655098,3.734669431991681e-09,0.5393267056251022,1.4713702639277054e-09,-9.071472400548013e-06,-3.918351322336491e-07,2.8745354469138408e-06,0.00014525170685402713,0.00013844319179872353,0.0,4,Solved,131308,80652,314835,0.06456252406958819,1.0569829350608523e-12,8.066440757554976e-14,0.36282956950470685,-0.6410083956796021,-0.0015132262909935193,-0.36282424276415354,0.6410096881177614,0.0015612864565985696,-8.992095771020241e-05,-3.6121140234370735e-05,0.003494701601170782,0.00010213207732099408,4.067345992614797e-05,-0.003385289853443356,0.15696427427640913,1.032982016118371,0.00012230042176197562,-0.15698245069971872,-1.033000385113411,-0.00013114760855235743
2.2600000000000002,0.014725562328364047,3.240300469766336e-09,0.5393266936310873,2.366569607780164e-09,-9.784674534068951e-06,-3.908240910345014e-07,2.6949355109405904e-06,0.0001409518866312023,0.00013909004672545076,0.0,4,Solved,123373,79520,302391,0.06456236967852072,1.0658399650473978e-12,8.328562796606979e-14,0.3628291273421826,-0.6410085783097188,-0.0014958014127617045,-0.3628237489137006,0.6410098879715481,0.0015443209754742548,-8.743273792789218e-05,-3.678245682758289e-05,0.0034786872498380546,9.657800814078028e-05,3.952921316169559e-05,-0.003398175495102392,0.15696890460318902,1.0329856687643688,0.00011976928083704092,-0.15697852551840016,-1.0329979148563315,-0.0001332790458053228
2.265,0.014726259572184711,3.1876330623817484e-09,0.5393266817082749,2.4675960114078137e-09,-1.0476764781665207e-05,-3.911670141779709e-07,2.5175765492216768e-06,0.00013672811011360058,0.00013972106049759024,0.0,4,Solved,130386,79120,307040,0.06456304527270215,1.0449311931127363e-12,8.172159343448643e-14,0.3628286956307171,-0.641008764801479,-0.0014784760750646477,-0.36282328478233894,0.6410100814597257,0.0015272724848155608,-8.562537176061453e-05,-3.762737008415487e-05,0.003456116910335767,9.035398304836708e-05,3.8171841165911574e-05,-0.0034173216953488576,0.15695474187325392,1.0329758755132443,0.00012720046711945542,-0.15699329052909183,-1.0330087243632344,-0.00012548243207998825
2.27,0.014726959946807405,3.416127467604447e-09,0.5393266698588454,2.0511537927814763e-09,-1.114777343690924e-05,-3.9165801031090395e-07,2.3424513924068925e-06,0.00013251992793853235,0.0001403430075880463,0.0,4,Solved,130888,80412,311499,0.06456304077789692,1.0549545089541383e-12,8.293825977342595e-14,0.3628282806827078,-0.641008951817305,-0.0014611923991476896,-0.36282284391175434,0.6410102718798971,0.0015102003095531467,-8.126238445527063e-05,-3.726186670719871e-05,0.0034571401914290406,8.672697177987843e-05,3.8031218208012405e-05,-0.003412589065741834,0.15695584164556564,1.0329770260386475,0.00012654667982593118,-0.15699278893320395,-1.0330086524463507,-0.00012576370072128436
2.275,0.014727663405019506,3.644741461735614e-09,0.5393266580840137,1.6274576238743016e-09,-1.1797798127141709e-05,-3.9172769497123273e-07,2.169558194667423e-06,0.0001283303831288187,0.00014095576279959452,0.0,4,Solved,124876,79009,306860,0.0645632233898344,1.0612151905430063e-12,7.867253024988588e-14,0.36282788677823496,-0.6410091371695731,-0.0014439090651687091,-0.36282242176840346,0.6410104613438997,0.0014931471479049995,-7.714602992637458e-05,-3.6948279325306855e-05,0.0034563847679124097,8.291021820251676e-05,3.780924364046699e-05,-0.0034093657399355405,0.15695310219321132,1.032975339707813,0.00012792275270858504,-0.15699625837166753,-1.0330115742373505,-0.00012397481569315617
2.2800000000000002,0.014728369915264909,3.835491787126298e-09,0.5393266463882239,1.2704570731228878e-09,-1.2426817554515939e-05,-3.9159288193650466e-07,1.9989210947573047e-06,0.0001241141823867091,0.0001415649336764894,0.0,4,Solved,131368,80762,310556,0.06456270501649518,1.0578785258018053e-12,8.010383187602832e-14,0.3628275150804601,-0.6410093202238438,-0.0014266156370852775,-0.3628220172505846,0.6410106503160136,0.001476124888418419,-7.2486659855405e-05,-3.6394995202281726e-05,0.003460244144301881,7.957806830425163e-05,3.778986089867866e-05,-0.0034012230946803006,0.15696523239269772,1.0329844491533817,0.00012142661961216049,-0.15698454598564127,-1.0330032802639229,-0.00013016169655315503
2.285,0.014729079442289208,4.060486947610878e-09,0.5393266347738194,8.542042282888129e-10,-1.3034838544128417e-05,-3.9168717589956265e-07,1.8304990839151795e-06,0.0001199386327440185,0.0001421622229621778,0.0,4,Solved,124436,87586,314695,0.06456350041961681,1.0544914080133585e-12,8.196005392670413e-14,0.3628271600138377,-0.6410095032295356,-0.0014093617566446786,-0.362821635697315,0.6410108365116323,0.001459085142295738,-7.003555807406651e-05,-3.673170948721161e-05,0.0034445733891832276,7.415548306486068e-05,3.6893395763703955e-05,-0.003412395939145089,0.15694861940554247,1.0329726907552295,0.00013010966486263822,-0.15700169895574145,-1.033016006713869,-0.00012113047536289126
2.29,0.014729791927248874,4.300182591443705e-09,0.5393266232397321,4.102958750650573e-10,-1.3622058271335776e-05,-3.9173308590353015e-07,1.6643003343120216e-06,0.0001157816446387089,0.00014275029005908238,0.0,4,Solved,125918,79450,305868,0.06456318457944388,1.072239861665253e-12,8.714634749763526e-14,0.3628268262547882,-0.6410096839231311,-0.0013921041810486953,-0.3628212721557558,0.6410110222253744,0.0014420723269449093,-6.458660564557116e-05,-3.5761795143969994e-05,0.003456112278384875,7.174432870211052e-05,3.730537777903123e-05,-0.0033961107107798607,0.15695655807142866,1.032978768207424,0.00012581780512708357,-0.1569942287951269,-1.033010953271102,-0.00012507585593730412
2.295,0.01473050732523881,4.375264940307947e-09,0.5393266117895432,2.650531375382557e-10,-1.4188573606439808e-05,-3.914274524070542e-07,1.5002985857263343e-06,0.00011165515578397711,0.00014332831552476476,0.0,4,Solved,125337,79390,303062,0.06456308203939397,1.0577001293383655e-12,8.372962402628389e-14,0.3628265152186306,-0.6410098616390917,-0.0013748283040726167,-0.3628209248371233,0.6410112079206484,0.0014251021832307495,-6.0626677120845646e-05,-3.5403176962294725e-05,0.0034546150537493564,6.795959918106595e-05,3.7037493185559785e-05,-0.0033926489449800246,0.15695960463109715,1.0329812756887375,0.0001241061563576636,-0.15699161438527606,-1.0330093126303035,-0.0001264670415810691
2.3000000000000003,0.014731225583670963,4.452996949370645e-09,0.5393266004290012,1.1936470679428222e-10,-1.473455454841426e-05,-3.9137413163337206e-07,1.3384866678304698e-06,0.00010756066935039142,0.00014389586632907925,0.0,4,Solved,124054,79340,309214,0.06456287027025177,1.0694590101047487e-12,8.102267373172969e-14,0.3628262223779683,-0.6410100381894253,-0.0013575741826133776,-0.3628205978491009,0.641011391646069,0.0014081357365028177,-5.720055893208334e-05,-3.525091432718099e-05,0.003448366794593469,6.370407468481452e-05,3.6562399517030495e-05,-0.003393719348731745,0.15696516882827027,1.032985589488783,0.0001210731911340356,-0.15698649199429815,-1.0330059243240284,-0.00012916951981444184
2.305,0.014731946652884574,4.627981779411705e-09,0.5393265891596337,-1.996792771445442e-10,-1.5260139114391383e-05,-3.916934149014299e-07,1.1788534307429814e-06,0.00010349048633518374,0.00014445401320781212,0.0,4,Solved,130216,91162,322530,0.06456353107770282,2.0658828116411887e-12,2.118481457610361e-13,0.3628259437254768,-0.6410102150698084,-0.0013403775667064689,-0.36282029489316014,0.6410115718260385,0.0013911383227436663,-5.475332409842569e-05,-3.545645557991313e-05,0.0034333806635416944,5.852961411724573e-05,3.5703463520678966e-05,-0.003403311502523737,0.1569512057434712,1.0329758916645007,0.00012833197110787814,-0.15700086851078943,-1.0330164972432452,-0.00012159086427835698
2.31,0.014732670487081725,4.805288831797411e-09,0.5393265779842958,-5.251240105611192e-10,-1.576543998942288e-05,-3.918710012176351e-07,1.0213862152805269e-06,9.944269293798579e-05,0.00014500297148816797,0.0,4,Solved,125397,80853,308122,0.06456293491005936,1.0712844213643114e-12,8.49780105968355e-14,0.3628256847761155,-0.6410103895924708,-0.0013231873032385358,-0.362820010179629,0.6410117510559405,0.0013741621556582265,-4.9831191487511514e-05,-3.455482816138916e-05,0.0034411437147929985,5.588168811034132e-05,3.593822727739223e-05,-0.003389945058329337,0.15696534360421324,1.0329862143404727,0.00012078939316178182,-0.15698710857198855,-1.0330069585609498,-0.00012883062076469025
2.315,0.014733397039958034,4.911828325632728e-09,0.5393265669030839,-7.20902916852174e-10,-1.6250570091600414e-05,-3.919700015500781e-07,8.660720217302057e-07,9.54176310440212e-05,0.00014554261093447935,0.0,4,Solved,131488,79259,309254,0.06456364727965767,2.0646078498587577e-12,2.1149291115438596e-13,0.3628254427683182,-0.6410105630155711,-0.0013060276090794303,-0.3628197462701045,0.6410119281038617,0.0013571840561220519,-4.744454628348779e-05,-3.476788781822391e-05,0.003425904845757525,5.073053142635214e-05,3.5076011072824414e-05,-0.0033993742413472926,0.156950209421175,1.0329756777245171,0.00012864642092736154,-0.1570025861120684,-1.0330183564745228,-0.00012066577227216772
2.32,0.014734126262680676,5.006005316259982e-09,0.5393265559169595,-8.942024851587146e-10,-1.6715668740649938e-05,-3.920359412437467e-07,7.128838832424214e-07,9.142559390276529e-05,0.00014607208255093768,0.0,4,Solved,131208,79830,318942,0.06456303003546493,2.0580454101119973e-12,2.1217863292370367e-13,0.36282522075732815,-0.6410107338247032,-0.0012888698301193597,-0.36281949975366534,0.6410121043841991,0.0013402336155826765,-4.238760307599968e-05,-3.377782280447662e-05,0.003435297582111899,4.8346725236026446e-05,3.537182602062339e-05,-0.0033839968594646273,0.15696452715307113,1.032986321790646,0.00012102088460161128,-0.1569885750294294,-1.0330084805674389,-0.00012799963213456174
2.325,0.014734858102994165,5.00490912974694e-09,0.5393265450302683,-8.925548555938155e-10,-1.7160915751444904e-05,-3.920209509467061e-07,5.618025876388787e-07,8.746980609393428e-05,0.0001465910024564982,0.0,4,Solved,127591,79480,305687,0.06456343943277583,2.05814388780348e-12,2.1126952940207457e-13,0.3628250162129893,-0.6410109030625513,-0.0012717350795169316,-0.36281927272987824,0.6410122787271156,0.0013232906058574148,-3.9915435195298235e-05,-3.3892980127460394e-05,0.003421486516660347,4.345703440000279e-05,3.4550024477985265e-05,-0.003391644996930682,0.15695611190293285,1.0329805627763156,0.0001253340879953998,-0.1569972916835971,-1.0330150309244133,-0.0001233920122814301
2.33,0.01473559250928475,5.04342477773753e-09,0.5393265342455111,-9.607839802001432e-10,-1.7586484323284732e-05,-3.9219681093031233e-07,4.128085137516516e-07,8.354694167907151e-05,0.0001470998792192305,0.0,4,Solved,125747,79380,304575,0.06456286593302296,1.068915122621373e-12,8.143083495158625e-14,0.362824828553833,-0.6410110707786635,-0.001254627776361623,-0.36281906538747816,0.6410124509757094,0.0013063514784467983,-3.594827410495296e-05,-3.3322681701827045e-05,0.003421457036948419,4.0140676436108345e-05,3.438616039721937e-05,-0.003385340219112916,0.15696961270451204,1.0329904575414146,0.00011815119932733882,-0.1569841162917453,-1.0330058549283674,-0.00013028619871476515
2.335,0.014736329437248273,5.129603128541591e-09,0.5393265235633073,-1.1135809180881885e-09,-1.799248500881387e-05,-3.9258271653404055e-07,2.6589596746390015e-07,7.963636842994062e-05,0.00014760095040634028,0.0,4,Solved,134845,80162,314144,0.0645632245626567,2.0529498042810332e-12,2.113522188759679e-13,0.3628246535726774,-0.6410112387787669,-0.0012375860222211574,-0.3628188818044429,0.6410126193537258,0.001289379052432149,-3.435242122620904e-05,-3.377844574637779e-05,0.0033997239638133628,3.4443882879464864e-05,3.3224360080271446e-05,-0.003400546428165989,0.15696225197583982,1.0329854673079903,0.00012191566643094136,-0.15699168481598105,-1.0330115930025072,-0.00012624604394072521
2.34,0.014737068840685942,5.3709108105520216e-09,0.5393265129843411,-1.5479599537590612e-09,-1.8379047396435116e-05,-3.932748020666589e-07,1.210182884534067e-07,7.577034868828802e-05,0.00014809083675506639,0.0,4,Solved,126238,79349,304796,0.06456301401347952,1.0629609812916576e-12,8.38115571262251e-14,0.3628244904094354,-0.6410114070311013,-0.0012206161844330607,-0.36281872243452207,0.6410127837788506,0.0012723677448354094,-3.149065533676714e-05,-3.3571753550907025e-05,0.0033901517181151755,3.0154525960184354e-05,3.266829802888959e-05,-0.0034034586784221473,0.15696751354829924,1.0329894818214123,0.00011908271111679882,-0.15698662669796046,-1.0330082242156724,-0.00012881638178710773
2.345,0.014737810661548403,5.668517755503071e-09,0.5393265025132781,-2.085819980729877e-09,-1.874641319290491e-05,-3.939924018186867e-07,-2.184247728830543e-08,7.194706741665758e-05,0.0001485696514889864,0.0,4,Solved,127581,79190,305086,0.06456357045866405,1.0779996455981582e-12,8.423676230458242e-14,0.3628243386175127,-0.6410115753595411,-0.001203719470681435,-0.36281858721065646,0.6410129443113974,0.001255317062634904,-2.9600499378120952e-05,-3.372799092568151e-05,0.0033721983063570646,2.4970504702567556e-05,3.174842459723158e-05,-0.003414602740461064,0.15695534803312544,1.032981180635341,0.00012544124337294116,-0.15699899169586937,-1.0330171273386248,-0.00012220121934904032
2.35,0.014738554847883526,5.93242529270583e-09,0.5393264921489165,-2.564457656095756e-09,-1.909476127953901e-05,-3.9450118856988876e-07,-1.6270619868986718e-07,6.81552167191179e-05,0.0001490384905924381,0.0,4,Solved,131098,81754,312250,0.0645636450074422,1.0559306022868748e-12,8.767307985595563e-14,0.3628242027552273,-0.6410117415133758,-0.0011868525591896002,-0.3628184712957866,0.641013103265022,0.0012382710836207774,-2.5561070369543615e-05,-3.291827336678643e-05,0.0033741410024196103,2.19773898215614e-05,3.181607944974422e-05,-0.0034056982688098754,0.15695443801563191,1.032980633260468,0.00012584899765660101,-0.15700001288841836,-1.0330183201190752,-0.00012154134046921305
2.355,0.014739301343911923,5.9564574982251764e-09,0.5393264818922499,-2.608303951070764e-09,-1.942431151585017e-05,-3.94470242750927e-07,-3.016197407266398e-07,6.442167108028799e-05,0.00014949477688224087,0.0,4,Solved,130026,79430,308613,0.06456379167047584,1.0773917829543286e-12,8.765107802936012e-14,0.3628240872588896,-0.6410119035858649,-0.0011699723989880243,-0.36281836968339753,0.6410132624328464,0.0012212735102556486,-2.1456170162224896e-05,-3.209626859869686e-05,0.003377295538807362,1.921207340994409e-05,3.18438108010343e-05,-0.0033954663385797864,0.15695164344287368,1.0329788766875787,0.00012726068453146656,-0.15700296368806843,-1.0330206667276134,-0.00011987769913505908
2.36,0.014740050090332253,5.746430113321128e-09,0.5393264717472098,-2.2248077188176695e-09,-1.9735324253551367e-05,-3.9411135500487173e-07,-4.385940319744721e-07,6.072734108376405e-05,0.00014994061628031703,0.0,4,Solved,130136,79580,308182,0.06456319395324972,2.0486181037257813e-12,2.117119658388863e-13,0.36282399374297686,-0.6410120611011638,-0.0011530630888926037,-0.3628182802633195,0.6410134222041903,0.001204340907037169,-1.686285568304744e-05,-3.112818147278502e-05,0.0033849094217745217,1.6992256679977785e-05,3.202350771339208e-05,-0.003380631150696195,0.15696548361602158,1.0329890304188967,0.00011989272269187308,-0.15698924093269787,-1.0330111032519955,-0.00012699875907181446
2.365,0.014740801036494784,5.461981749156216e-09,0.5393264617141218,-1.700041062906489e-09,-2.002798133735571e-05,-3.939776280644989e-07,-5.736608488847428e-07,5.707297213433071e-05,0.00015037594896791112,0.0,4,Solved,126228,89639,314554,0.06456385572872385,1.0782328163104175e-12,8.276520192655021e-14,0.3628239157561231,-0.6410122170949233,-0.0011361830610200165,-0.3628182091004629,0.6410135795053719,0.0011874155067262255,-1.4734249198520485e-05,-3.124614245073118e-05,0.0033701730096090655,1.2398509162802448e-05,3.110057675055804e-05,-0.003388020539152559,0.1569512438292564,1.0329789974929795,0.0001272914313006049,-0.15700358821919322,-1.0330216916595816,-0.0001193582355298708
2.37,0.014741554130393507,5.197785833887973e-09,0.5393264517943752,-1.2115631721852471e-09,-2.0302481598562963e-05,-3.939248642505213e-07,-7.068449555877582e-07,5.345618398802896e-05,0.00015080116999782522,0.0,4,Solved,124566,79420,308192,0.06456353511589255,1.066420295018701e-12,7.694022544030081e-14,0.3628238560947831,-0.641012370352337,-0.0011193068580140498,-0.36281815300993253,0.6410137355106239,0.001170523399515954,-1.006405181183202e-05,-3.0276546738793893e-05,0.0033785945878273675,1.0415349539843846e-05,3.1262705158609306e-05,-0.003372124848890941,0.15695879710529384,1.0329846259046565,0.00012321297886800988,-0.15699604802962308,-1.0330165618542808,-0.00012321549320942724
2.375,0.014742309315296796,4.8420393252054685e-09,0.539326441989498,-5.581308605462264e-10,-2.0559066510905345e-05,-3.9363726549789714e-07,-8.381912218816793e-07,4.989970626769191e-05,0.00015121368452695964,0.0,4,Solved,127161,85431,311448,0.0645636086649969,1.0614117564017753e-12,8.59286895862762e-14,0.3628238154581523,-0.6410125206886121,-0.0011024261988633707,-0.3628181107123242,0.6410138903220447,0.0011536733995841126,-6.821408985154424e-06,-2.993592081446388e-05,0.0033745495720016146,7.1520784211333485e-06,3.076996091844228e-05,-0.0033686027323014925,0.15695739498524586,1.0329839285572593,0.00012385101197799945,-0.15699749525727627,-1.0330177386399504,-0.0001223522295801526
2.38,0.014743066529607312,4.5286298724109465e-09,0.5393264323013003,1.8817215829597008e-11,-2.0798021835147917e-05,-3.934791864285703e-07,-9.677206502057617e-07,4.639100807792842e-05,0.00015161493451471448,0.0,4,Solved,125437,79360,303634,0.06456405004386602,1.070672247210655e-12,8.135576823727459e-14,0.36282379175535245,-0.6410126689895704,-0.0010855586637861625,-0.36281808376617264,0.6410140430165726,0.001136848459783931,-3.3419439605208426e-06,-2.948684055002362e-05,0.00337284969368974,4.204835088935922e-06,3.039049040047985e-05,-0.0033626198691575795,0.15694797295424268,1.0329773834629599,0.00012868760747356515,-0.15700696064289554,-1.0330248007018563,-0.00011728506038457236
2.3850000000000002,0.01474382572097221,4.150236107328053e-09,0.5393264227301907,7.100934273241288e-10,-2.101955578555895e-05,-3.9299550589904684e-07,-1.0954628689512903e-06,4.292295370346479e-05,0.00015200600662972123,0.0,4,Solved,126239,79971,311989,0.06456378126174941,1.0717606451930825e-12,7.82928817206475e-14,0.3628237903452743,-0.6410128129805183,-0.0010686544127518633,-0.3628180664018532,0.6410141958272287,0.0011200989746648568,1.7635684267268408e-06,-2.8361107411448037e-05,0.0033861687847393804,2.9677650124590223e-06,3.067058545799802e-05,-0.0033415102550102367,0.15695453895989467,1.03298221362235,0.00012507720036831875,-0.15700042545236328,-1.0330205001879906,-0.00012066359457226381
2.39,0.014744586839613091,3.6792603169930125e-09,0.5393264132791034,1.5680450124699848e-09,-2.1223864465885533e-05,-3.9227798733662155e-07,-1.221449013689823e-06,3.9493409979812085e-05,0.00015238721009969237,0.0,4,Solved,129915,79430,312040,0.06456358483679078,2.0630635627400483e-12,2.1169213902105257e-13,0.36282381072716147,-0.641012953114194,-0.0010517169578053648,-0.3628180586787949,0.6410143481750733,0.0011034219576733998,5.636994131580691e-06,-2.7812883938758876e-05,0.0033884360322220717,5.8967045406941e-07,3.034247494471341e-05,-0.0033313491977662877,0.15695931177256964,1.032985701377028,0.00012240093742178437,-0.15699564298489407,-1.0330173573886525,-0.000123137901915924
2.395,0.014745349836201446,3.3215225722734856e-09,0.5393264039477841,2.2211040788151313e-09,-2.1411134720101244e-05,-3.9186902548610224e-07,-1.3457032653042572e-06,3.609941782953972e-05,0.00015275848086527475,0.0,4,Solved,130246,79650,313722,0.06456343624419297,2.050068557545744e-12,2.1114087452062818e-13,0.36282384791254874,-0.6410130917405462,-0.0010347918623822153,-0.3628180652992551,0.6410144977932557,0.0010867723850232535,8.657131606070253e-06,-2.766826445692453e-05,0.003382825626317525,-2.6069682529596572e-06,2.9658854630767498e-05,-0.0033289548455798837,0.15696250860176117,1.0329884182340499,0.00012056048540373084,-0.1569923047238558,-1.0330149799070876,-0.00012479521043739911
2.4,0.014746114649879068,3.184521131839285e-09,0.5393263947336147,2.472039425580948e-09,-2.158164591949966e-05,-3.918468749663946e-07,-1.468286897868112e-06,3.278223181649664e-05,0.0001531153850232814,0.0,4,Solved,134103,80191,313432,0.06456369809281406,1.0696570165152094e-12,8.516271605673806e-14,0.3628238982074075,-0.6410132301530541,-0.0010179101538056732,-0.3628180893181596,0.6410146434054844,0.001070119611033818,1.1012079582830506e-05,-2.769036721564875e-05,0.0033721021752336623,-6.278921352328799e-06,2.8782254992386638e-05,-0.003331620181517811,0.15695684396463291,1.0329846204769724,0.00012337163726423053,-0.15699791015479497,-1.033019169485025,-0.00012177967083757211
2.4050000000000002,0.014746881212605334,3.2149518956486083e-09,0.5393263856390097,2.4144159642598315e-09,-2.173575324937534e-05,-3.9189669919656315e-07,-1.5892199815496269e-06,2.952031630811114e-05,0.00015346056410793372,0.0,4,Solved,135726,79250,313712,0.0645636184597913,2.0286954383418455e-12,2.1132736618814164e-13,0.3628239630978108,-0.6410133672246511,-0.0010010548316202461,-0.36281812859022755,0.641014786068916,0.001053481010667457,1.4299961564332078e-05,-2.7237014222377592e-05,0.0033704041774451944,-8.924722216058475e-06,2.8375271903488062e-05,-0.0033251708867725552,0.1569587557824554,1.0329862177736095,0.0001222003335596183,-0.15699587954943897,-1.0330178953566609,-0.0001227629932223717
2.41,0.014747649466947545,3.313378381919103e-09,0.539326376664462,2.2293864372124366e-09,-2.187372156839838e-05,-3.9185218163349925e-07,-1.7085423975499003e-06,2.6317238419928588e-05,0.0001537935803143024,0.0,4,Solved,128593,79379,306880,0.06456391153277716,2.0334581739656384e-12,2.102526980067522e-13,0.3628240430642088,-0.6410135024525048,-0.0009842182265269836,-0.36281818208261396,0.6410149262678387,0.0010368646564766079,1.713885383577965e-05,-2.692101888411203e-05,0.0033653231399870397,-1.1897482107921706e-05,2.7828622467094225e-05,-0.003322029661596376,0.1569524688205944,1.0329818791387901,0.00012531780342831705,-0.15700206892207885,-1.0330225845244345,-0.00011944944623522847
2.415,0.014748419353890874,3.4247268940077898e-09,0.5393263678103271,2.0178712616951834e-09,-2.1995831261738675e-05,-3.916530424963041e-07,-1.8262830457975982e-06,2.3164647613282313e-05,0.00015411550327995677,0.0,4,Solved,132671,80031,316748,0.06456369754957193,2.038317001783817e-12,2.1082282211926367e-13,0.36282414030433763,-0.6410136346554052,-0.0009673775544784349,-0.3628182470731924,0.6410150651641193,0.0010202937290588769,2.1000285110984415e-05,-2.6131610014942034e-05,0.0033700279172605013,-1.3754224386563794e-05,2.77504768719432e-05,-0.0033090204359571785,0.15695731429757823,1.032985595054891,0.0001225979281264886,-0.15699708712111488,-1.033019160793151,-0.00012198542111999996
2.42,0.014749190818197718,3.4998126367442323e-09,0.5393263590766083,1.871778084086993e-09,-2.210233293494776e-05,-3.913538742439897e-07,-1.9424779242547316e-06,2.0064540265663197e-05,0.0001544260803481631,0.0,4,Solved,128473,79761,307792,0.0645636635515417,2.0647355211786984e-12,2.1126137215715516e-13,0.36282425395999923,-0.6410137641001629,-0.0009505380344831662,-0.3628183239315106,0.6410152024958392,0.0010037633983510264,2.390733826456941e-05,-2.5730763727881388e-05,0.0033665588169539584,-1.6464739387999246e-05,2.728865285636591e-05,-0.003304110239290488,0.15695817107830434,1.0329864146461618,0.00012195343552236705,-0.15699606206366784,-1.0330186168246671,-0.0001224517596349768
2.4250000000000003,0.014749963801024706,3.621073390429502e-09,0.5393263504630618,1.6433942180217105e-09,-2.2193509061746237e-05,-3.912315238595243e-07,-2.0571660152373717e-06,1.7023627643893526e-05,0.0001547246343792835,0.0,4,Solved,131207,78788,308202,0.06456274585049258,1.0610746447985444e-12,8.178948202878096e-14,0.3628243814415514,-0.6410138916983964,-0.0009337207380439591,-0.3628184146853179,0.6410153373465196,0.000987252932767698,2.6577339313409055e-05,-2.5381822281989613e-05,0.0033614598554501172,-1.9292044021870673e-05,2.6770049744425135e-05,-0.003300766495765718,0.15697879152321226,1.0330016470060968,0.00011104088447875615,-0.15697554091330201,-1.0330039336078813,-0.0001331089846194143
2.43,0.014750738266800673,3.991052362987803e-09,0.5393263419697742,9.683619141764202e-10,-2.2269451662226408e-05,-3.91884171421043e-07,-2.170331728349102e-06,1.3962677736837337e-05,0.00015502116518937924,0.0,4,Solved,127891,80141,315657,0.06456366513281263,2.0517839609647033e-12,2.110880776864764e-13,0.3628245115585537,-0.6410140219585231,-0.0009170274875811461,-0.3628185306057162,0.6410154652008179,0.0009706610772998258,2.568968022978441e-05,-2.6476020800049273e-05,0.003323621464883369,-2.5784078368358856e-05,2.480926465672912e-05,-0.003330015388809584,0.15695824175088277,1.0329869018072175,0.0001215728108596582,-0.1569956460845348,-1.033018642125002,-0.00012248136663761967
2.435,0.014751514171767578,4.628585607274552e-09,0.5393263335962438,-1.951253871899992e-10,-2.233032116178091e-05,-3.928804701427045e-07,-2.282089327440744e-06,1.1006243095395872e-05,0.00015529970599228982,0.0,4,Solved,123704,80032,302251,0.06456385413464662,1.064770556048709e-12,8.65519397145824e-14,0.36282464762049593,-0.6410141526548815,-0.0009004244729158823,-0.36281866770557375,0.6410155882971441,0.0009540218513552134,2.823269116862956e-05,-2.5924077627340155e-05,0.0033185704813485763,-2.8548122297364037e-05,2.4498151397921863e-05,-0.0033265049193222777,0.15695394204875945,1.0329840755140296,0.00012369003414468245,-0.15699970695282398,-1.0330216661543459,-0.00012020200462717493
2.44,0.014752291422641936,5.1096130180743305e-09,0.5393263253423859,-1.0804236485552515e-09,-2.237669356571008e-05,-3.931766431386513e-07,-2.392456406495167e-06,8.131952435093239e-06,0.00015556347040131957,0.0,4,Solved,128714,78829,304856,0.06456372891246118,2.0404858326684703e-12,2.0999868119032098e-13,0.36282479815239,-0.6410142796637233,-0.0008838275570087679,-0.36281881646611897,0.6410157107576698,0.0009374194873539273,3.136959204987934e-05,-2.506759754825397e-05,0.003319922382378337,-3.058517775842627e-05,2.4488742974796835e-05,-0.0033165411395563445,0.15695684854979536,1.0329862441763549,0.0001220245401466542,-0.1569965674434099,-1.0330196625993788,-0.00012170655171373063
2.445,0.014753069957857261,5.39584738867575e-09,0.5393263172072595,-1.6097502498852924e-09,-2.240888218919583e-05,-3.931901452168292e-07,-2.5014640407676284e-06,5.3170073240547335e-06,0.00015581543272866267,0.0,4,Solved,129365,85852,313181,0.06456414914559885,1.069972133417071e-12,8.263124814889897e-14,0.36282496251573915,-0.6410144032557837,-0.0008672393308365719,-0.3628189769708362,0.641015832364396,0.0009208516872221289,3.389887854314886e-05,-2.44943543353605e-05,0.0033161715339111255,-3.313352621987409e-05,2.4215539303132823e-05,-0.0033116160978471764,0.15694751106531052,1.0329797406644639,0.00012675388405128916,-0.15700568123676628,-1.0330263863295817,-0.00011680631625591362
2.45,0.01475384972139403,5.4599509556020954e-09,0.5393263091894644,-1.732859595075364e-09,-2.242715545798102e-05,-3.9290774373270617e-07,-2.6091462055133726e-06,2.555662946241822e-06,0.0001560565812561493,0.0,4,Solved,126830,79089,305498,0.0645636413294189,1.0746987171450125e-12,8.464236237127535e-14,0.3628251442506887,-0.6410145219809144,-0.0008506258672567019,-0.36281914518863684,0.6410159545879506,0.0009043526876109176,3.799801060247708e-05,-2.326720700659652e-05,0.003327029846832269,-3.401257429035134e-05,2.459012811529852e-05,-0.0032920213753303063,0.1569588193231446,1.0329880094172876,0.00012066734086772642,-0.15699408747532442,-1.0330182612707024,-0.00012273960350546987
2.455,0.014754630656238608,5.3265374701730294e-09,0.539326301289367,-1.4915137964621875e-09,-2.2431796820147695e-05,-3.9256659470296387e-07,-2.7155451688141618e-06,1.5596003828407927e-07,0.0001562855720693879,0.0,4,Solved,128704,78859,305176,0.06456360271041835,2.0549595791027404e-12,2.1063790445072445e-13,0.36282534017733514,-0.6410146374291251,-0.000834014244128914,-0.36281932371122444,0.6410160758268307,0.0008878956723246948,4.001217803336443e-05,-2.2975573387575677e-05,0.00331927928687969,-3.684677051039116e-05,2.402941463820295e-05,-0.003290988661332002,0.1569597315749926,1.0329889428880883,0.0001200507129406708,-0.1569931207470868,-1.0330176433666935,-0.00012314488822678346
2.46,0.0147554127220545,5.218927070822133e-09,0.5393262935045178,-1.2910649700280988e-09,-2.242294571796019e-05,-3.9262474923937617e-07,-2.820648424601233e-06,2.8572642780705006e-06,0.0001565109944666312,0.0,4,Solved,127541,78768,308273,0.06456369089194725,2.0500147937025815e-12,2.1163022345370712e-13,0.36282554595862476,-0.6410147516247489,-0.0008174454892574808,-0.36281951691366576,0.6410161941781808,0.0008714400885102956,4.194919611029924e-05,-2.2753187649831655e-05,0.0033101331413919292,-3.98573314892158e-05,2.3439810530925116e-05,-0.003291224539938927,0.1569575994918264,1.0329874903339389,0.00012095226838565883,-0.15699473952209167,-1.033019054271156,-0.00012214928221819505
2.465,0.01475619587206549,5.138247899546208e-09,0.5393262858332695,-1.1386098852744828e-09,-2.2400798553289113e-05,-3.9279027352329727e-07,-2.9245683191317423e-06,5.459132396212512e-06,0.00015671904201990583,0.0,4,Solved,125357,80011,311328,0.06456365000364078,1.0677682921155558e-12,8.64390228031101e-14,0.3628257619790412,-0.6410148642521282,-0.0008009135036605111,-0.3628197236779124,0.6410163099344499,0.0008549921512574259,4.40671207005578e-05,-2.2381266855847374e-05,0.0033039509610843505,-4.2376291248905814e-05,2.296510497440188e-05,-0.0032885422592226973,0.15695843569893897,1.0329882643547863,0.0001203399959894473,-0.15699358198941163,-1.0330184000582525,-0.0001226117545167296
2.47,0.014756980018037099,5.074604821722554e-09,0.5393262782789402,-1.0176558374545192e-09,-2.2365911573408375e-05,-3.929630942322197e-07,-3.0273207384925347e-06,7.981492075144448e-06,0.00015691318128460487,0.0,4,Solved,124115,79420,301790,0.06456374980704525,1.0793307265668934e-12,8.40874439501113e-14,0.3628259878467522,-0.6410149752535219,-0.0007844174817401365,-0.36281994338585244,0.6410164230606348,0.0008385527011629491,4.593935250522773e-05,-2.2085517270113573e-05,0.0032960924218866884,-4.5011334244870754e-05,2.240637477552112e-05,-0.0032874942752121918,0.15695606759068684,1.0329867667678887,0.00012140955144477997,-0.1569956327717081,-1.033019996912724,-0.00012139224487340507
2.475,0.014757765101708432,5.020186996679178e-09,0.5393262708417478,-9.143961947479281e-10,-2.2318586924683963e-05,-3.9310269908364926e-07,-3.128937163894078e-06,1.044685062110914e-05,0.00015709606386298203,0.0,4,Solved,136107,79821,313462,0.0645635843780912,2.0432211133835073e-12,2.119102756277172e-13,0.36282622407917253,-0.6410150842744532,-0.0007679502446014151,-0.3628201749513919,0.6410165339140345,0.0008221291584197836,4.814456360246122e-05,-2.162556010570666e-05,0.0032917203505253775,-4.7210197291186145e-05,2.201800820995467e-05,-0.0032829074348121007,0.15695976492842525,1.0329894822056371,0.00011930392532669487,-0.15699159867980167,-1.0330173500494593,-0.00012335424949482438
2.48,0.014758551067439354,4.985962332267239e-09,0.5393262635204947,-8.479323088028932e-10,-2.2259103228398768e-05,-3.9328188219119893e-07,-3.229452600838641e-06,1.2856145560532864e-05,0.0001572677652790322,0.0,4,Solved,133913,80281,313422,0.06456386119071301,1.0658847536821648e-12,8.06015002554077e-14,0.3628264691178818,-0.6410151919458597,-0.0007515238396954566,-0.36282041941963883,0.6410166419078775,0.0008057097165277248,4.961444427798252e-05,-2.1476059574104343e-05,0.003281054319081638,-5.004205176210451e-05,2.132980131371394e-05,-0.0032845691510323214,0.1569533812045406,1.0329851175502973,0.0001224702803126582,-0.15699761185917918,-1.0330217790514082,-0.0001200475836874829
2.485,0.014759337857167695,4.966280364931675e-09,0.5393262563145828,-8.092921606956922e-10,-2.2187762555628613e-05,-3.9340983539395466e-07,-3.32890879134195e-06,1.520089313129579e-05,0.00015742746360637998,0.0,4,Solved,130376,81143,309835,0.06456393124240487,2.063263999773088e-12,2.1161359916156783e-13,0.362826724591131,-0.6410152973976916,-0.0007351208248102658,-0.362820674554228,0.6410167479125725,0.0007893120151974286,5.2106523068698204e-05,-2.0844950153926027e-05,0.0032803198675850857,-5.171719343262725e-05,2.1116251967849606e-05,-0.003276263711822806,0.15695163118668914,1.032984015998686,0.00012321788694854384,-0.15699898731636533,-1.0330228998784778,-0.00011916491873189735
2.49,0.014760125411155409,4.851176316646246e-09,0.5393262492236619,-5.99028421146706e-10,-2.2104883528950513e-05,-3.9325305241941393e-07,-3.4273382503767495e-06,1.748480869085406e-05,0.00015757548158927033,0.0,4,Solved,128332,79490,306319,0.06456375036069058,1.0710970502974333e-12,8.607599403647337e-14,0.3628269931254927,-0.6410153994767036,-0.0007187145532032352,-0.3628209371391203,0.6410168531129495,0.0007729628965323478,5.4802499845661296e-05,-2.0142144453980883e-05,0.003281904696219193,-5.30815714398344e-05,2.098953436954048e-05,-0.0032655976177516062,0.1569555420460964,1.0329869256266324,0.00012099216888144093,-0.15699468474791334,-1.0330200057710492,-0.00012125713358862399
2.495,0.014760913671171286,4.68564951524727e-09,0.5393262422460295,-2.9606081734195704e-10,-2.2010770389934267e-05,-3.9307309434343106e-07,-3.524779004984512e-06,1.9706561677608216e-05,0.00015771177142096475,0.0,4,Solved,137380,81254,318071,0.06456364804098605,1.058625792219379e-12,8.175327125158542e-14,0.362827272777771,-0.6410154991065617,-0.0007023205920208258,-0.3628212085504169,0.6410169566350775,0.0007566469827661232,5.671714019517355e-05,-1.9787349380947075e-05,0.0032767821712910684,-5.510946518084316e-05,2.052130602957603e-05,-0.003261603314998436,0.15695770158018033,1.0329886387441338,0.00011968172888362152,-0.15699216320676235,-1.0330183686557768,-0.0001224200992223783
2.5,0.01476170258185821,4.577025587739573e-09,0.5393262353815893,-9.500117917786014e-11,-2.1905709298229222e-05,-3.9310110866083715e-07,-3.621262474640624e-06,2.1876346105259024e-05,0.00015783769301744673,0.0,4,Solved,128753,79169,308513,0.06456350983540127,2.0465044988104638e-12,2.110604620830553e-13,0.36282756066367017,-0.6410155974610606,-0.0006859634029142646,-0.36282149113697676,0.6410170572875447,0.0007403400089631605,5.8184969143691904e-05,-1.9595762037356314e-05,0.0032679439372256753,-5.74842051297538e-05,1.9879669588499055e-05,-0.003261282864207589,0.15696049890495437,1.032990772056594,0.00011804224039103777,-0.1569889327489612,-1.0330161573664203,-0.00012394082703632667
2.505,0.014762492088800813,4.587843879955584e-09,0.5393262286292301,-1.1069426812012817e-10,-2.1789977680888173e-05,-3.933817130391452e-07,-3.7168277860813917e-06,2.3984685753842074e-05,0.00015795187813486577,0.0,4,Solved,129144,80182,307310,0.06456394403482217,2.040964142281786e-12,2.1075550502281358e-13,0.3628278541712008,-0.6410156954979326,-0.000669664599362824,-0.36282178699133677,0.641017154192878,0.000724020558187771,5.9080120714786e-05,-1.961406742195499e-05,0.003254379832957896,-6.032505844294611e-05,1.9061643645578177e-05,-0.003265650706260366,0.156950527295339,1.032983793604022,0.0001230747553546578,-0.15699847974241124,-1.0330231045571547,-0.0001187810438408509
2.5100000000000002,0.014763282132597184,4.637751671370498e-09,0.5393262219854854,-2.0068969722559263e-10,-2.1663890068089543e-05,-3.935421682756333e-07,-3.811510496648681e-06,2.6031650512227894e-05,0.00015805449076159933,0.0,4,Solved,125527,88157,315455,0.06456334588541783,1.0578067574705719e-12,8.186861872316928e-14,0.36282815713781835,-0.641015791333827,-0.0006533865376375553,-0.36282209173268887,0.6410172493352048,0.0007077264494190674,6.162693329744281e-05,-1.8882249201891114e-05,0.003256436051948715,-6.14041590831211e-05,1.900504287702561e-05,-0.003254364822085126,0.15696369810213562,1.0329933697136473,0.00011603162813639377,-0.15698489110302943,-1.0330135341666853,-0.00012568911141971447
2.515,0.014764072657503126,4.708149045103162e-09,0.5393262154495977,-3.2762702176927713e-10,-2.1527739013538772e-05,-3.9376081864272913e-07,-3.905345761716595e-06,2.8022196341233545e-05,0.00015814624185055723,0.0,4,Solved,126579,79390,305256,0.06456427887219372,1.0788399671762603e-12,8.086591362051136e-14,0.3628284655350875,-0.6410158865941534,-0.0006371628733313327,-0.3628224088352736,0.6410173410954485,0.0006914241981981401,6.175558257830945e-05,-1.915850637548216e-05,0.0032370401947086906,-6.479004800366985e-05,1.7934945158929212e-05,-0.0032644962311350945,0.15694254800745802,1.032978452944327,0.00012691620175700415,-0.15700565366451824,-1.0330284619550996,-0.00011466271748592624
2.52,0.014764863613852491,4.766474937781696e-09,0.5393262090213886,-4.353766438733895e-10,-2.1381769518247806e-05,-3.9378367114702464e-07,-3.998359254304999e-06,2.9970345140575997e-05,0.00015822885476725102,0.0,4,Solved,130657,79440,308122,0.06456371281912487,2.059685146250254e-12,2.0991993793704979e-13,0.36282878560805537,-0.6410159783338489,-0.0006209348372546377,-0.36282273163380135,0.6410174324340105,0.0006751727910977471,6.553965927029069e-05,-1.7831637653060974e-05,0.003251266712168361,-6.445464161661725e-05,1.847667624999662e-05,-0.0032409560393352617,0.15695515652607234,1.0329874353927817,0.00012013855165190589,-0.1569925471347499,-1.033019405105998,-0.00012132521413350334
2.525,0.014765654948972157,4.6402765316875035e-09,0.5393262027005525,-2.0831951003393658e-10,-2.1226252561464658e-05,-3.9342841720402093e-07,-4.090603689312445e-06,3.184870070048214e-05,0.00015829914312990797,0.0,4,Solved,125697,78859,302101,0.06456319968909506,1.0651579994698545e-12,8.212795637806356e-14,0.3628291174086369,-0.6410160667000414,-0.0006046990517696877,-0.36282305946548876,0.6410175231915073,0.0006589757366306747,6.694920375429192e-05,-1.7569585936061017e-05,0.0032445052980265834,-6.633401468215429e-05,1.7943697540017562e-05,-0.0032383929337137145,0.15696611419868073,1.0329955903581587,0.00011425710338675973,-0.156981176568825,-1.033011195025521,-0.00012707253565348938
2.5300000000000002,0.014766446605895187,4.673846119301898e-09,0.5393261964861561,-2.6547507875190223e-10,-2.1061494879607915e-05,-3.9374602967251344e-07,-4.182095317172609e-06,3.368232448774384e-05,0.00015835988174116782,0.0,4,Solved,128243,80402,316638,0.06456373010896826,1.0613902252464678e-12,8.102217034884827e-14,0.36282945043039244,-0.6410161561350013,-0.0005885496336657502,-0.3628234023662614,0.6410176089979076,0.0006427391196965014,6.641936128181655e-05,-1.8087797752124418e-05,0.0032202630450403166,-7.010239275730495e-05,1.666110700277747e-05,-0.003253250736027276,0.1569540834227271,1.0329869346520428,0.00012034770105486004,-0.15699267722640303,-1.0330196817434922,-0.00012088140415311291
2.535,0.014767238531969496,4.876384275477389e-09,0.5393261903743768,-6.309010172010249e-10,-2.0887761243342385e-05,-3.943051855953849e-07,-4.272884501584337e-06,3.54465769246596e-05,0.00015840820963972186,0.0,4,Solved,130046,79200,308253,0.06456406915052491,2.0562467263925876e-12,2.0993677377566765e-13,0.36282978691118695,-0.6410162453097659,-0.000572464062234187,-0.3628237575812811,0.641017691308511,0.0006264856139489987,6.790688368920778e-05,-1.76737396466625e-05,0.0032150249937309347,-7.171464667986792e-05,1.6332480873491345e-05,-0.003249093249322864,0.15694605941561804,1.0329814070774126,0.00012439079731736393,-0.1570001923662233,-1.0330251064083986,-0.00011672189879328398
2.54,0.014768030662784273,4.95591821362653e-09,0.5393261843634278,-7.783333811523019e-10,-2.0705420509487968e-05,-3.9429372778423926e-07,-4.363008237448202e-06,3.714026748442042e-05,0.0001584441337189429,0.0,4,Solved,124495,81003,308913,0.06456388164953225,1.0764207065494993e-12,8.518089781949047e-14,0.36283013461647057,-0.641016330680712,-0.0005563676146711093,-0.36282411665456044,0.6410177737062622,0.000610290037960391,7.06578084172331e-05,-1.6691624856468942e-05,0.0032221203394208796,-7.192578656215104e-05,1.65705787673773e-05,-0.0032325778240385734,0.15694993554789619,1.0329842673280523,0.00012219287984252964,-0.15699578835887953,-1.033022106392516,-0.00011880836300931555
2.545,0.01476882293692647,4.850988403401388e-09,0.5393261784529241,-5.903008145227304e-10,-2.0514822365629157e-05,-3.9394291015592703e-07,-4.452501854025805e-06,3.876329064407508e-05,0.00015846766563108869,0.0,4,Solved,143731,80262,323691,0.06456356269927949,1.0650367557795124e-12,8.101952701766893e-14,0.36283049361053377,-0.6410164123143338,-0.000540256369720231,-0.3628244788340911,0.6410178561469997,0.0005941564499305787,7.259834335627936e-05,-1.6092520762223353e-05,0.0032223843696669616,-7.280982505545412e-05,1.643397277956186e-05,-0.0032228644372027672,0.15695677671934258,1.0329892358096744,0.00011843664599048363,-0.15698847310654548,-1.0330170031884718,-0.0001224434745004548
2.5500000000000003,0.01476961529815135,4.7375779826817185e-09,0.5393261726401612,-3.824976181031001e-10,-2.0316268850775386e-05,-3.938397339439612e-07,-4.5413840539562484e-06,4.0336632460191994e-05,0.00015848116831424934,0.0,4,Solved,135075,79641,314234,0.06456365787458977,1.0547160622731246e-12,8.859348740211897e-14,0.3628308585427221,-0.6410164926705301,-0.0005241778137302636,-0.3628248490078267,0.6410179362956645,0.0005780375800102069,7.328878172924677e-05,-1.605620183131608e-05,0.0032113528475926525,-7.488134978208322e-05,1.5770651258158936e-05,-0.003224393969257511,0.15695423330217198,1.032987611646269,0.00011958035252187209,-0.15699048426235127,-1.0330185259934364,-0.0001211812065574948
2.555,0.014770407694140316,4.706545425882839e-09,0.5393261669230563,-3.2281236877691876e-10,-2.0110031911404355e-05,-3.939890921623855e-07,-4.629700068782357e-06,4.1845396531827125e-05,0.00015848317235928202,0.0,4,Solved,125026,79760,303062,0.06456392642857717,1.0678144794454938e-12,8.655666580734161e-14,0.3628312280094569,-0.641016572177727,-0.0005081427318750037,-0.3628252280046365,0.64101801374292,0.0005619228163494397,7.433304934048135e-05,-1.580210875339218e-05,0.0032041764852608077,-7.644919832098549e-05,1.530746084958634e-05,-0.003222045586804806,0.15694792861649218,1.0329832000476402,0.0001226977581780239,-0.15699629447564695,-1.0330228228572347,-0.00011793979161832052
2.56,0.014771200069417872,4.648070825454313e-09,0.5393261613023742,-2.156031583500973e-10,-1.9896418215178475e-05,-3.939473848507654e-07,-4.7174717059193335e-06,4.330131158049974e-05,0.00015847501235146852,0.0,4,Solved,136989,80913,317400,0.06456390057089344,1.068195048960546e-12,8.551182535362572e-14,0.36283160576273904,-0.6410166490703407,-0.0004921144615227776,-0.36282561151094206,0.6410180902535793,0.0005458490008815551,7.639508574290121e-05,-1.510785910343355e-05,0.0032066546242176435,-7.691192261049527e-05,1.5295886159274702e-05,-0.0032099981671693985,0.15694813546763528,1.032983429805845,0.000122397820303242,-0.15699552951431822,-1.033022409134295,-0.00011813247821513282
2.565,0.014771992370646747,4.487922892422818e-09,0.5393261557764674,7.505239842587744e-11,-1.9675711443359344e-05,-3.936410611122131e-07,-4.804738509114159e-06,4.469244631577629e-05,0.000158455231175557,0.0,4,Solved,133332,79530,311789,0.06456398843125755,1.0657448319015938e-12,8.482458937994551e-14,0.3628319933226561,-0.6410167227672046,-0.0004760767104922196,-0.36282599744069804,0.641018166467208,0.0005298326019750823,7.829478577577484e-05,-1.4502949080258254e-05,0.0032081886082603907,-7.740652902625458e-05,1.5206796804831506e-05,-0.0031988658376616965,0.15694572481107485,1.032981997962355,0.0001235063485943376,-0.1569976373272676,-1.0330238149001207,-0.00011685576220471133
2.57,0.014772784561520607,4.232484345101982e-09,0.5393261503401275,5.391714284551227e-10,-1.944804546342665e-05,-3.931763439969274e-07,-4.89147666793557e-06,4.609899752519038e-05,0.00015843305446612088,0.0,4,Solved,129404,79390,307731,0.06456372880325768,2.030149831116954e-12,2.1063510479507554e-13,0.36283239178238813,-0.6410167930873567,-0.00046002057503446254,-0.3628263848321257,0.6410182428113357,0.0005138829652043188,8.066203652751277e-05,-1.3783589321421242e-05,0.0032132875680384162,-7.756435932353066e-05,1.5306473884531952e-05,-0.0031840407049284368,0.15695127640826115,1.0329858456884096,0.00012032619169054363,-0.15699130605380046,-1.033019660852123,-0.00011997831855625894
2.575,0.014773576598771442,3.944946701985875e-09,0.5393261449901239,1.063253142728781e-09,-1.9213617497221423e-05,-3.9276429918408976e-07,-4.97780206852256e-06,4.738996732885562e-05,0.0001583935451277199,0.0,4,Solved,124385,80312,311429,0.06456380382613729,1.0586614961179884e-12,8.20569854764723e-14,0.36283279840663796,-0.641016861312101,-0.0004439683548491805,-0.3628267756379195,0.6410183179870143,0.0004979778388454668,8.181163379839829e-05,-1.3553798056280704e-05,0.0032086333502957484,-7.85917831108142e-05,1.4861213206906027e-05,-0.003179037743741786,0.15694916311912357,1.032984543528844,0.00012122354503137756,-0.1569929792393782,-1.0330208612181966,-0.00011894041316912695
2.58,0.014774368406161533,3.729013963154037e-09,0.539326139729218,1.457287510339827e-09,-1.8972915074781032e-05,-3.925146009755338e-07,-5.063692679393009e-06,4.8639232670832775e-05,0.00015834519768328234,0.0,4,Solved,130166,79490,314834,0.06456344183648038,2.043283036466699e-12,2.1044336427614618e-13,0.36283321182957984,-0.6410169279465828,-0.0004279301339069219,-0.3628271705255864,0.6410183914799449,0.00048210723729449624,8.33065584538148e-05,-1.318021216237251e-05,0.0032070424897504965,-7.927305190316182e-05,1.4593536806858116e-05,-0.003170892871563227,0.15695676138481357,1.0329900918636983,0.00011700958202437724,-0.15698473844446392,-1.0330150693836861,-0.00012306050329076053
2.585,0.014775159937663969,3.6356002456897155e-09,0.5393261345549551,1.6286774999234805e-09,-1.87261628566643e-05,-3.925136696481698e-07,-5.149210471716387e-06,4.981256703218633e-05,0.00015828408229453538,0.0,4,Solved,125718,79650,304746,0.06456267044076888,1.0648846983998971e-12,9.042290423884019e-14,0.36283362824542853,-0.6410169944806465,-0.00041193807728132683,-0.36282757272669147,0.641018461846135,0.00046623918599200095,8.3313313644263e-05,-1.3384360429291128e-05,0.003192763855896312,-8.125161238899674e-05,1.3740904709735922e-05,-0.0031754245117230624,0.15697419664681583,1.0330027270523021,0.00010772928754509052,-0.15696704791660324,-1.0330025308127535,-0.00013214144217137222
2.59,0.014775951155837429,3.9421273996381986e-09,0.5393261294660483,1.0761642980353245e-09,-1.8473518326558724e-05,-3.934546852644551e-07,-5.234312677248506e-06,5.101561255928231e-05,0.00015822259094558412,0.0,4,Solved,123844,88036,311458,0.06456371572961256,1.0637902387973177e-12,8.151649939947439e-14,0.3628340357379328,-0.6410170657395604,-0.00039610087677110676,-0.36282799422723344,0.6410185243434812,0.00045026545936255254,8.03400482884876e-05,-1.4801377083004955e-05,0.0031507371842964815,-8.636069224815872e-05,1.1707952998102402e-05,-0.003207556402472361,0.1569496844308817,1.0329852967587203,0.00012029362785392972,-0.1569906670073876,-1.033019451673801,-0.00011955719941275995
2.595,0.014776742020108957,4.560583869395139e-09,0.5393261244604002,-4.985821222666641e-11,-1.8215162856891785e-05,-3.94573409127117e-07,-5.319126579059329e-06,5.208583699670822e-05,0.00015814172891339797,0.0,4,Solved,129845,78949,307772,0.06456308605065122,2.066174855462976e-12,2.1096779816093334e-13,0.3628344405689269,-0.6410171380539932,-0.00038035639106581633,-0.36282842793942993,0.641018582668564,0.0004342482429746586,8.140267249513306e-05,-1.4246444013161212e-05,0.0031476318900435355,-8.705818308685958e-05,1.1634292693830455e-05,-0.003200850511883118,0.15696361425097763,1.0329953780719074,0.00011291614712969149,-0.1569764603403444,-1.0330093768104196,-0.00012674793263097204
2.6,0.01477753246179108,5.178058667025043e-09,0.5393261195353547,-1.178496607660812e-09,-1.7951510373210648e-05,-3.954000447722701e-07,-5.4035840412534994e-06,5.3169821156204e-05,0.00015805836601517808,0.0,4,Solved,130186,80482,309214,0.06456413120525563,2.0493768999950984e-12,2.1132410881706385e-13,0.36283484332398774,-0.6410172108609244,-0.0003646957029893384,-0.36282887305555306,0.6410186375626121,0.0004181967463399459,8.00259686648513e-05,-1.4759613453449397e-05,0.003121907278237081,-9.037139015366704e-05,1.0560405986056357e-05,-0.0032166109631190957,0.15693956969072625,1.032978266180693,0.00012531527859740237,-0.15699967573743184,-1.03302609928409,-0.00011429746660853671
2.605,0.014778322446482244,5.706949710088002e-09,0.5393261146874216,-2.1489131145306955e-09,-1.7682689107581816e-05,-3.9585222976886057e-07,-5.487803574008151e-06,5.414082086510613e-05,0.00015795810117027627,0.0,4,Solved,132320,79450,309795,0.06456399601748697,1.0597895695527742e-12,7.594735013416116e-14,0.36283525122269067,-0.641017280587603,-0.00034904878494167353,-0.362829321673274,0.6410186926112243,0.00040218114150465824,8.263601497045557e-05,-1.3425946603198595e-05,0.003134293719526265,-8.935265966469343e-05,1.1292413170001806e-05,-0.00319431394699065,0.15694217389442225,1.0329801701311319,0.00012382743930232007,-0.15699644539145885,-1.0330239362797915,-0.00011568165258389314
2.61,0.014779111884300134,5.811899566381402e-09,0.5393261099197092,-2.34936820256773e-09,-1.740930671478192e-05,-3.954390851068091e-07,-5.571787909847649e-06,5.502428641504435e-05,0.00015784372645171043,0.0,4,Solved,127120,80152,314825,0.06456338806317616,1.0616847112946499e-12,8.706203421288179e-14,0.3628356702673454,-0.6410173446792533,-0.00033335506797661085,-0.36282976667563643,0.6410187503130915,0.0003862620114240447,8.463063843844246e-05,-1.2429192770631957e-05,0.0031417259001723058,-8.880781434469819e-05,1.1696056735160952e-05,-0.0031769309416453066,0.15695545429118357,1.0329895942133032,0.00011671473267653088,-0.15698263953105004,-1.0330142090108185,-0.00012267966727136451
2.615,0.014779900724856696,5.749215609402969e-09,0.5393261052264973,-2.235841083460841e-09,-1.713162091978857e-05,-3.9525069565116275e-07,-5.655532995286133e-06,5.5876394278858164e-05,0.00015772145245811635,0.0,4,Solved,127380,79821,304776,0.06456370809431962,1.0828563968201287e-12,8.48481736984888e-14,0.3628360922282969,-0.6410174072200283,-0.0003176897296945008,-0.36283021605778354,0.6410188068775377,0.00037036455296558243,8.428612702647903e-05,-1.2557218482361245e-05,0.0031274081518349313,-9.061825946528798e-05,1.1067028933717209e-05,-0.0031811998874133754,0.1569477280591741,1.032984305417485,0.00012059279122201363,-0.1569897326328013,-1.033019329509114,-0.0001186843308087216
2.62,0.014780688922484587,5.68246857161348e-09,0.5393261006028297,-2.109717308236334e-09,-1.684985275521394e-05,-3.9535362294231384e-07,-5.739091964476428e-06,5.6661377953256676e-05,0.0001575877629532637,0.0,4,Solved,129104,79350,307070,0.06456355390255628,1.0672216484566624e-12,8.596681412440103e-14,0.36283651633652286,-0.6410174684970413,-0.00030205881035316994,-0.3628306700484161,0.6410188620565865,0.00035448299760011004,8.521716661316214e-05,-1.206392968412196e-05,0.0031253926260962402,-9.096230539165436e-05,1.1011087918159501e-05,-0.0031731411529484655,0.15695068635101705,1.0329865984252147,0.00011890075120369447,-0.15698626476810124,-1.0330168624409004,-0.00012023942203708577
2.625,0.014781476426972563,5.5359336650655e-09,0.539326096051148,-1.8370885920830724e-09,-1.6564280615753852e-05,-3.9538770068969606e-07,-5.822459196990477e-06,5.7413750930432576e-05,0.0001574465484469122,0.0,4,Solved,140064,81584,322149,0.0645643108950381,1.0740155910783678e-12,8.248478183263323e-14,0.36283694340867906,-0.6410175281444991,-0.00028645331701053766,-0.3628311273811058,0.6410189162041402,0.000338626658226172,8.558968720755446e-05,-1.1844793532717709e-05,0.0031182919366723144,-9.18420933918407e-05,1.070907836043205e-05,-0.003170078044468701,0.15693350277058932,1.0329740854921876,0.00012775203323233704,-0.15700287436944457,-1.0330289743206096,-0.00011129095049143629
2.63,0.014782263203212532,5.2091519314516495e-09,0.5393260915628164,-1.2393863409081002e-09,-1.6275028791121447e-05,-3.9493921607113566e-07,-5.905649617527446e-06,5.813799757982494e-05,0.0001572976047661932,0.0,4,Solved,124896,79651,306479,0.06456381969602412,1.0628051294833098e-12,8.399143043428657e-14,0.3628373814097452,-0.6410175831986668,-0.00027080189295025886,-0.36283158007638855,0.6410189726828416,0.00032286733597684553,8.897066944870121e-05,-1.0481492825456883e-05,0.0031382317102798714,-8.972376725656321e-05,1.1665465426902347e-05,-0.003139886007291595,0.156944050381815,1.0329818613771697,0.00012199722995347383,-0.15699163157332024,-1.033021115136386,-0.00011692382653019016
2.6350000000000002,0.014783049195916125,4.630540763567727e-09,0.5393260871358748,-1.8356290138608885e-10,-1.598240682113466e-05,-3.9407012687144133e-07,-5.988736613209752e-06,5.8768454064328824e-05,0.00015713466504074303,0.0,4,Solved,138953,79671,317039,0.0645633924072497,1.067479491962366e-12,7.870801481079027e-14,0.3628378299826046,-0.6410176341339111,-0.0002551046809784215,-0.3628320275890596,0.6410190308396837,0.0003072050126971379,9.026165687188442e-05,-9.998144579791949e-06,0.003140328200099523,-8.938779897441604e-05,1.1606399639356445e-05,-0.0031275544133198543,0.1569531643261794,1.0329884645028655,0.00011699230934000608,-0.15698194795715326,-1.0330142785159953,-0.00012180408503238368
2.64,0.01478383434202501,4.141244921683213e-09,0.539326082780288,7.154002905290975e-10,-1.5686820448338752e-05,-3.937286979918711e-07,-6.071709889388629e-06,5.934517941855277e-05,0.00015696188997454347,0.0,4,Solved,131809,79801,310426,0.06456368659044304,1.0729946958710413e-12,8.504038052911475e-14,0.3628382800808486,-0.6410176848967655,-0.0002394422024708756,-0.3628324781556927,0.6410190865301051,0.00029155937255425605,8.991149674950336e-05,-1.0249631820668722e-05,0.0031273936305626295,-9.062795323180082e-05,1.083658028781657e-05,-0.003130174229270788,0.15694608493754236,1.0329834918822587,0.00012048487758672366,-0.1569884036852464,-1.0330189854470886,-0.00011819768176595597
2.645,0.014784618594908733,3.829520139203411e-09,0.5393260784936897,1.290239091126933e-09,-1.538850786727394e-05,-3.936696905247876e-07,-6.154596950760976e-06,5.9866319431336985e-05,0.00015677887051201135,0.0,4,Solved,132480,79861,311509,0.06456385442684077,1.063858831205401e-12,8.362126387951181e-14,0.3628387319900141,-0.6410177352523118,-0.00022381091705727396,-0.36283293100525177,0.6410191400635462,0.0002759342992377491,9.073449284030493e-05,-9.956554494232037e-06,0.003125541074911321,-9.05764571771163e-05,1.0620159076343457e-05,-0.0031216505996461367,0.15694189512010118,1.0329806256463654,0.00012247289712642373,-0.15699205085000456,-1.0330216708294524,-0.00011607158410961175
2.65,0.01478540190828174,3.5415313408325726e-09,0.5393260742749637,1.8161660902331017e-09,-1.5087708009879111e-05,-3.9333991124987837e-07,-6.237402580065256e-06,6.035209552308633e-05,0.00015658808190959238,0.0,4,Solved,130888,78378,312590,0.06456366134861519,2.0604392247612207e-12,2.1049840320650935e-13,0.362839189960817,-0.641017783309603,-0.00020817038225797352,-0.362833381489162,0.6410191933729503,0.0002603706169466683,9.22059691013496e-05,-9.389572957935605e-06,0.003129849050028742,-8.982283361600951e-05,1.0685770544799482e-05,-0.003106880141912722,0.1569458086824686,1.0329833924269305,0.000120174738514217,-0.15698751179509893,-1.033018581577843,-0.00011826207954758278
2.6550000000000002,0.014786184240403679,3.276477452278596e-09,0.5393260701214596,2.2976262595927463e-09,-1.4784618086833091e-05,-3.9291808938270796e-07,-6.3201518423363336e-06,6.078821248064447e-05,0.0001563876399221566,0.0,4,Solved,126700,86774,311738,0.06456311478138635,2.051580777018511e-12,2.1118919076224723e-13,0.362839652842908,-0.6410178296917249,-0.00019252959355008445,-0.36283383038140543,0.6410192459613128,0.00024485970801956474,9.286879056388086e-05,-9.20072162293322e-06,0.0031271082480319942,-8.978813806698615e-05,1.0409837923236173e-05,-0.0030990900295299892,0.15695744281667265,1.0329918652342107,0.00011384071943266796,-0.1569752912419171,-1.0330098365021816,-0.0001244747500312595
2.66,0.01478696554331199,3.233407282938193e-09,0.5393260660285458,2.3768002162117577e-09,-1.447948209494857e-05,-3.9300893458039433e-07,-6.402856965281532e-06,6.118133248201688e-05,0.0001561783234024725,0.0,4,Solved,121770,78368,297452,0.06456348941699483,1.0675783118346162e-12,8.08000422444348e-14,0.362840112644678,-0.6410178777678622,-0.00017695987100155918,-0.3628342853052742,0.64101929462461,0.00022933063168609463,9.140631030833751e-05,-9.875276544496673e-06,0.003105309070819979,-9.181577929313823e-05,9.301205162325593e-06,-0.0031102774394267314,0.156948460313666,1.0329856080536368,0.00011833305539618888,-0.15698367394766316,-1.0330158306719173,-0.00011986148370907144
2.665,0.014787745773169884,3.4523395008295645e-09,0.5393260619928394,1.9768205186787875e-09,-1.4172513038624624e-05,-3.9341986837882133e-07,-6.4855381869433374e-06,6.152947361998675e-05,0.0001559600114237152,0.0,4,Solved,124435,77867,299495,0.06456369463753625,1.07701180594692e-12,8.292661363857089e-14,0.36284056969669587,-0.6410179269035375,-0.00016145606267690182,-0.3628347455512493,0.6410193401065565,0.00021378891339049423,9.14483171021395e-05,-9.793607911586099e-06,0.0030977715850706495,-9.225457609315341e-05,8.96475634859038e-06,-0.0031071325204704817,0.15694335803103998,1.0329820637010354,0.00012079176500857526,-0.15698814317328938,-1.03301911420058,-0.00011728417186417683
2.67,0.014788524881215534,3.6861398104784032e-09,0.5393260580133398,1.5437913181705455e-09,-1.3863971288246856e-05,-3.9349220204685083e-07,-6.5682215642616814e-06,6.181962439187506e-05,0.00015573131751670923,0.0,4,Solved,124184,78238,299857,0.06456356831288523,1.0596541797504264e-12,8.534873361213835e-14,0.36284102917997785,-0.6410179744738936,-0.0001459671617564541,-0.36283520538255865,0.6410193850496053,0.0001982858890538984,9.223104868451518e-05,-9.332181073076426e-06,0.003097813606162178,-9.182359626678783e-05,9.00329328356208e-06,-0.0030963454582555484,0.15694572997529585,1.0329838139223075,0.00011932833193731088,-0.1569851647825843,-1.0330170930061637,-0.00011862522371131926
2.6750000000000003,0.014789302816869177,3.869280523149055e-09,0.5393260540896774,1.2014101945011746e-09,-1.355413453014581e-05,-3.933753392444127e-07,-6.6509177274671494e-06,6.205957767652177e-05,0.00015549307937057222,0.0,4,Solved,126228,78749,311418,0.06456336204939825,2.0400071646817098e-12,2.112451817576431e-13,0.3628414909247179,-0.6410180204180097,-0.00013049156403528353,-0.3628356644448922,0.6410194295526378,0.0001828235246257223,9.247014299064323e-05,-9.092893162983754e-06,0.0030933893508610054,-9.184753185308973e-05,8.835501998660803e-06,-0.0030899458665208383,0.15694984175092017,1.0329868665927728,0.0001169556914085824,-0.15698047798911993,-1.033013792790372,-0.00012086659783433486
2.68,0.014790079536771217,4.082265823041263e-09,0.5393260502195089,8.070248127977498e-10,-1.3243215441542595e-05,-3.9343556192780294e-07,-6.733635258793771e-06,6.226209997438217e-05,0.0001552467701566424,0.0,4,Solved,124184,78529,299827,0.064564398062286,1.0637926170562039e-12,8.419297932932355e-14,0.362841951443428,-0.6410180661295805,-0.00011505927485414247,-0.36283612587034236,0.6410194723147067,0.00016737224741589636,9.190493047951669e-05,-9.169568394106282e-06,0.0030819260629517667,-9.261643460517556e-05,8.372134644391066e-06,-0.0030904936053464905,0.15692641561017923,1.0329702022522438,0.0001290415427600092,-0.1570034735080967,-1.033030368996576,-0.00010860756013448667
2.685,0.014790855014699657,4.1305172378975245e-09,0.5393260464003025,7.083892641182566e-10,-1.2931283400153192e-05,-3.929492759108287e-07,-6.816361387492263e-06,6.247209733518248e-05,0.00015499775014198348,0.0,4,Solved,123864,79941,300477,0.06456333888283762,1.0667485259638621e-12,8.057900376193288e-14,0.3628424215296074,-0.6410181069437492,-9.957232659423698e-05,-0.3628365788971842,0.6410195180847844,0.00015203058998467474,9.545139280693581e-05,-7.518662855109975e-06,0.003107634726215787,-8.932382625494197e-05,9.650824714213998e-06,-0.003053742216531362,0.15694949004777098,1.032986683966528,0.00011665429794937279,-0.1569796086480932,-1.033013422125402,-0.00012092314608433439
2.69,0.014791629211942986,3.946941173910674e-09,0.539326042630233,1.0344659291673332e-09,-1.261851333776745e-05,-3.9222767025248134e-07,-6.899165896819542e-06,6.259371473370972e-05,0.00015473468555825536,0.0,4,Solved,140315,78889,318743,0.06456379227873399,2.0462402100017563e-12,2.1070371340501195e-13,0.36284289632387157,-0.641018145325126,-8.40724356158675e-05,-0.3628370277874282,0.6410195644633333,0.00013675716365640805,9.46905777743967e-05,-7.771053990534783e-06,0.003095030707574443,-9.010587425014754e-05,9.038214046798353e-06,-0.0030552789712304804,0.1569389084528974,1.0329792383718546,0.00012194641652372948,-0.15698966915215817,-1.0330206764597438,-0.00011548049477121923
2.695,0.014792402066304255,3.830431221752204e-09,0.5393260389075105,1.2431944412839484e-09,-1.2305276491892336e-05,-3.9190497547543954e-07,-6.98202545639814e-06,6.268132726269633e-05,0.00015446395106202525,0.0,4,Solved,125367,78348,300738,0.0645634285573183,1.0654786492350167e-12,8.515921287084668e-14,0.36284337294783686,-0.6410181824964974,-6.858503629619207e-05,-0.36283747490010243,0.6410196103073762,0.0001215269334807694,9.57875600869772e-05,-7.216554828470041e-06,0.003099152569297621,-8.901206103314545e-05,9.251145485225865e-06,-0.0030399731228937243,0.15694654113634363,1.0329847342049294,0.00011766491127804856,-0.15698138851487697,-1.0330148569170927,-0.00011964899058173333
2.7,0.014793173540160246,3.7135311196108542e-09,0.5393260352298206,1.4531717220147147e-09,-1.1991738361783374e-05,-3.916203469258333e-07,-7.064969998875039e-06,6.271708685990344e-05,0.0001541834602171086,0.0,4,Solved,122732,78438,298423,0.0645641066644892,1.0727009124604328e-12,8.391109650907852e-14,0.36284385057711804,-0.6410182188510167,-5.3116410390290216e-05,-0.36283792066938714,0.6410196553063173,0.00010633406039170279,9.540076340562668e-05,-7.301405820282456e-06,0.0030902140794922487,-8.928396972203255e-05,8.839799009600641e-06,-0.003037657800432318,0.156930961445986,1.0329736840174268,0.00012554482759279508,-0.15699644934988888,-1.0330257066318271,-0.0001116173109366245
2.705,0.014793943590648291,3.5672453837682926e-09,0.5393260315947186,1.7139453046857575e-09,-1.1678107645009879e-05,-3.9113133646493915e-07,-7.147990879369839e-06,6.27307626010943e-05,0.00015389670760432755,0.0,4,Solved,135757,80833,313913,0.06456291848140934,2.033776006598229e-12,2.1077029358279793e-13,0.3628443343544913,-0.641018252169798,-3.761912720943436e-05,-0.36283835967978906,0.6410197017798206,9.122648591906472e-05,9.769236906647238e-05,-6.254396523126621e-06,0.0031056149736902287,-8.686525934262766e-05,9.583876309102054e-06,-0.0030108793844923483,0.1569568851992251,1.0329923747723275,0.00011168500212485796,-0.1569698662152881,-1.0330066957025494,-0.00012536345796581124
2.71,0.0147947121794823,3.4524677378422837e-09,0.539326028000079,1.9205399887031308e-09,-1.136455610149306e-05,-3.908987011867456e-07,-7.231120709991985e-06,6.268800544351611e-05,0.00015359975312518386,0.0,4,Solved,128553,78458,310065,0.06456323971951013,1.0768358226212805e-12,8.557155730291357e-14,0.3628448153397981,-0.6410182864078184,-2.217266899983737e-05,-0.3628388004363353,0.6410197458346456,7.612517976928856e-05,9.526264543011206e-05,-7.220115736733219e-06,0.0030786098451897276,-8.903094971854095e-05,8.3200963426104e-06,-0.0030264387250203703,0.15694898705556298,1.0329870543669744,0.00011555991498068723,-0.15697723896240617,-1.033011835512162,-0.0001213341466698805
2.715,0.014795479261154397,3.6670178480742087e-09,0.5393260244452853,1.5310381348925844e-09,-1.1051319200806735e-05,-3.914276262150835e-07,-7.3143510090788624e-06,6.261812376010407e-05,0.00015329606689453234,0.0,4,Solved,127802,78448,303252,0.06456356705084458,1.0706207070314532e-12,8.799672404251517e-14,0.3628452883496662,-0.641018323265507,-6.822845697860111e-06,-0.36283924774937937,0.6410197857993809,6.098482146945478e-05,9.420121543875107e-05,-7.465396872712287e-06,0.0030642765118355244,-8.979526754070907e-05,7.78319016938391e-06,-0.0030292086660579564,0.1569410821229583,1.0329816734048414,0.00011944608865845796,-0.15698465366063705,-1.0330170728135133,-0.00011728386983977473
2.72,0.014796244810815548,3.9318844566459235e-09,0.5393260209295421,1.0448639604073036e-09,-1.0738460216718719e-05,-3.9171834155801216e-07,-7.3976807755330765e-06,6.254039486616515e-05,0.00015298800387745723,0.0,4,Solved,126940,87395,312190,0.06456283733633857,1.0676844722562352e-12,8.770297288871137e-14,0.36284575995522,-0.6410183594657763,8.491765749655932e-06,-0.36283969496182156,0.6410198249785528,4.5867440716778474e-05,9.443587899442552e-05,-7.094003793584648e-06,0.0030620484537332623,-8.92568774428341e-05,7.867812035069641e-06,-0.0030197495021965473,0.15695720512343161,1.0329929205207118,0.00011073639279436175,-0.15696782483752572,-1.033005397381417,-0.00012589938942119563
2.725,0.014797008789693237,4.2787452285750085e-09,0.5393260174506536,4.106597249948689e-10,-1.0426154122973454e-05,-3.922146903728106e-07,-7.481149241813901e-06,6.239829691784741e-05,0.00015266852481554406,0.0,4,Solved,125067,78578,301219,0.06456351717975775,1.0880219760950675e-12,8.237339512133532e-14,0.3628462236814294,-0.6410183977066002,2.3714858095632487e-05,-0.36284014809365933,0.6410198607875789,3.07171715608468e-05,9.166972312137501e-05,-7.996762693387088e-06,0.0030331516799454138,-9.157199126746588e-05,6.712802831021426e-06,-0.0030368944648769456,0.15694148185262366,1.0329817582486742,0.00011869133588465016,-0.1569829216100116,-1.033016274876124,-0.0001178164937619381
2.73,0.01479777113763957,4.768433987543805e-09,0.5393260140059026,-4.846338642797527e-10,-1.0114752689697997e-05,-3.928758638373147e-07,-7.564763740932875e-06,6.219469537495817e-05,0.00015233825103436822,0.0,4,Solved,127581,78989,306299,0.06456345133773289,2.0429178045745878e-12,2.112696025645454e-13,0.36284668157108196,-0.6410184366399003,3.88682082855573e-05,-0.3628406044530299,0.6410198946495379,1.5556194698631608e-05,9.154665714325182e-05,-7.650632427919656e-06,0.0030290249714201613,-9.112584639296531e-05,6.8087331113898495e-06,-0.003029177805031561,0.15694260072350807,1.0329825821375078,0.00011789227913349348,-0.1569812729355207,-1.0330152214037263,-0.00011846549189080596
2.735,0.014798531812786312,5.134407534234154e-09,0.5393260105937339,-1.1577245489322366e-09,-9.804459182133707e-06,-3.9312127979341094e-07,-7.648513496366522e-06,6.196597517089219e-05,0.00015200136317775962,0.0,4,Solved,129324,79139,310807,0.0645633391683758,2.045420426129086e-12,2.1179888888932913e-13,0.36284713790302775,-0.64101847427833,5.399321273712465e-05,-0.36284105946223383,0.6410199286387016,4.264755936050652e-07,9.111894844296328e-05,-7.446568861897907e-06,0.0030223705770402107,-9.096347191252553e-05,6.790190666132735e-06,-0.003023860190735132,0.15694454623796422,1.032984129471543,0.00011665914483484358,-0.156978730000457,-1.0330134266940127,-0.000119559422794749
2.74,0.014799290779891755,5.416245235168177e-09,0.539326007212133,-1.6750949708892149e-09,-9.49542062472553e-06,-3.9334856009624923e-07,-7.732416749034374e-06,6.169605561350249e-05,0.00015165611559857809,0.0,4,Solved,125187,80051,312180,0.06456375108886356,1.0739886950746556e-12,8.621407172865196e-14,0.36284759073176703,-0.6410185113814646,6.907403192612103e-05,-0.3628415147151904,0.6410199620430223,-1.4687250217447753e-05,9.023985499109508e-05,-7.401950144327212e-06,0.0030120964382601397,-9.114918987077942e-05,6.609671718792178e-06,-0.0030220563181644995,0.1569349143129004,1.032977306845723,0.00012147065874798967,-0.15698781106894966,-1.033020017421817,-0.00011460027830073995
2.745,0.014800047998066833,5.546903363385631e-09,0.5393260038606746,-1.916364574961783e-09,-9.187835188458855e-06,-3.933423034503502e-07,-7.816469280581436e-06,6.139406316611894e-05,0.00015130353524635856,0.0,4,Solved,126139,79270,303594,0.0645629637970782,1.0614998620739388e-12,8.349750713792969e-14,0.36284804402821347,-0.6410185461958736,8.414815459053357e-05,-0.3628419658786309,0.6410199966546724,-2.9746918655793752e-05,9.09743154348517e-05,-6.682244953072394e-06,0.003016652458921752,-8.966939370318367e-05,7.1188243772775635e-06,-0.0030053011914331035,0.15695221337459447,1.0329896576602453,0.00011222434543430066,-0.156969986710925,-1.0330074207532511,-0.0001236962884567183
2.75,0.01480080343523495,5.595478798001167e-09,0.5393260005362476,-2.0029455431433413e-09,-8.881820400371593e-06,-3.934978385689904e-07,-7.90066681228933e-06,6.107345410056798e-05,0.0001509450461820872,0.0,4,Solved,130156,87395,323421,0.06456402142367142,1.0627111214445264e-12,8.165171879505079e-14,0.3628484916757174,-0.6410185816289802,9.915987932242664e-05,-0.3628424189237914,0.6410200297061899,-4.4807575409057675e-05,8.862055289781815e-05,-7.34267607887673e-06,0.0029929500281320673,-9.126397505799624e-05,6.284774492607698e-06,-0.0030166666468183544,0.15692815989864647,1.0329726439376525,0.00012457911080861328,-0.1569935878171734,-1.0330243427787427,-0.00011116091017993812
2.755,0.014801557068469818,5.59031208371293e-09,0.5393259972362986,-1.9918059540346995e-09,-8.577418847854655e-06,-3.935402530841263e-07,-7.985002763743836e-06,6.0752137805266436e-05,0.00015058306459249228,0.0,4,Solved,132481,88367,336696,0.06456335077903155,1.0766682748544634e-12,8.897779625607173e-14,0.3628489402672271,-0.6410186147937502,0.00011416824339921294,-0.36284286723533243,0.6410200641341185,-5.9809482454774125e-05,9.047653699851353e-05,-6.182073646800762e-06,0.0030074387587920104,-8.865060109880218e-05,7.263696736780738e-06,-0.002989699224068828,0.15694267531378445,1.032982964982724,0.00011675985223018678,-0.1569783596717365,-1.0330136124645048,-0.00011888073109691945
2.7600000000000002,0.014802308860380024,5.3502116035926484e-09,0.5393259939608509,-1.5527981318074064e-09,-8.274799509975957e-06,-3.9319365172047256e-07,-8.069520450521776e-06,6.035984035890479e-05,0.00015020907361547358,0.0,4,Solved,135957,86063,336165,0.06456408415856359,2.033508568836533e-12,2.1079797716061304e-13,0.3628493898613942,-0.6410186459598667,0.00012917584052773922,-0.3628433102117394,0.6410200996943991,-7.474956085775534e-05,8.95983843655849e-05,-6.264682767487258e-06,0.002997680315224476,-8.858915004279645e-05,7.013255533866753e-06,-0.002986911672189647,0.1569259610681975,1.0329711160732447,0.000125261114596104,-0.15699464323148246,-1.0330253465370174,-0.00011019750059977709
2.765,0.01480305876416502,4.9881033599240006e-09,0.5393259907080701,-8.911373166107044e-10,-7.974204833098908e-06,-3.926811114324361e-07,-8.154184151621051e-06,5.996061169820606e-05,0.00014983066660336514,0.0,4,Solved,132541,87455,331576,0.06456370970519154,2.043897031418186e-12,2.1126936116015542e-13,0.3628498439314171,-0.6410186738891145,0.00014421375229489678,-0.3628437441246287,0.6410201377019044,-8.959611443078114e-05,9.165756369271954e-05,-5.1539350307944095e-06,0.003014166395697771,-8.562677695470107e-05,7.972545691119996e-06,-0.002957719643184563,0.15693386182178282,1.0329768087377713,0.00012086063651154466,-0.15698611627926629,-1.0330193552830647,-0.00011446857662663872
2.77,0.01480380675228065,4.400310395603094e-09,0.5393259874765314,1.8114822907678541e-10,-7.67571846910664e-06,-3.9179370122339654e-07,-8.239025649521436e-06,5.951446205462152e-05,0.00014944321467386492,0.0,4,Solved,132631,83858,336717,0.06456266194286775,1.0691526280319658e-12,8.821536362100416e-14,0.36285030364953835,-0.6410186985578086,0.0001592927367026919,-0.3628441674821658,0.6410201782221089,-0.0001043377619104779,9.218374051949769e-05,-4.792023601527746e-06,0.0030169683173957816,-8.406657566967945e-05,8.185996009373482e-06,-0.002942110559389775,0.15695673849843436,1.0329932490200637,0.00010869127321551436,-0.15696279518421596,-1.033002591085884,-0.00012648736120441948
2.775,0.014804552788517576,4.02503347068966e-09,0.5393259842594842,8.748510289235381e-10,-7.37948191667235e-06,-3.91798537627406e-07,-8.324004301237433e-06,5.907260335252384e-05,0.00014905202578695397,0.0,4,Solved,144423,93687,357205,0.0645624276113217,2.054136095293264e-12,2.1014449166532282e-13,0.36285075413479045,-0.6410187268189653,0.00017427498988456787,-0.362844595260214,0.6410202147728388,-0.00011911157258971134,8.876763640758902e-05,-6.199385550833494e-06,0.002982981500262864,-8.656748936892491e-05,6.751766269599566e-06,-0.002963112905311974,0.15696435778523085,1.032998841781147,0.00010448918346465529,-0.15695476228253988,-1.0329970027131814,-0.0001304884834052857
2.7800000000000002,0.014805296862963021,4.264760422571017e-09,0.539325981049187,4.5388682887519997e-10,-7.085414872082143e-06,-3.9316957541818156e-07,-8.409129883190334e-06,5.864314378294464e-05,0.00014865885825829776,0.0,4,Solved,133302,80792,321397,0.06456389061813475,2.0414379635513056e-12,2.1166351100150127e-13,0.36285118366564845,-0.6410187632586086,0.00018905187527062456,-0.36284503938611573,0.6410202428843058,-0.00013402537176052996,8.404520356605308e-05,-7.98167255696542e-06,0.0029371403149786573,-9.036421848185459e-05,4.900485811421767e-06,-0.0029958171823473113,0.15692836291042925,1.0329732479637648,0.00012299622615569608,-0.15698999707977623,-1.033022249890156,-0.000111879397713774
2.785,0.014806038934325211,4.739426212397364e-09,0.5393259778521641,-4.0773580886380795e-10,-6.793735478506815e-06,-3.941616680162737e-07,-8.494461871383003e-06,5.811589797284591e-05,0.00014825120657598924,0.0,4,Solved,125678,81654,320886,0.06456448900207129,1.06970020547808e-12,8.570999559791446e-14,0.3628516078416056,-0.6410188000028508,0.0002037711166170744,-0.3628454833666001,0.6410202701884298,-0.0001489310089461959,8.537122546260737e-05,-6.947242763349918e-06,0.002948216482790282,-8.782146839943596e-05,5.813220102550242e-06,-0.0029715635132743197,0.15691563689589993,1.0329637439840702,0.00012948681355794614,-0.15700262580157576,-1.0330318240331406,-0.00010513021466052654
2.79,0.014806778975712873,4.733966594698396e-09,0.5393259746669237,-4.1091655522695574e-10,-6.504521274990283e-06,-3.934044778727175e-07,-8.579877042004883e-06,5.7680615784354534e-05,0.0001478503336900289,0.0,4,Solved,133883,79010,312310,0.06456334734907376,1.0702790688856995e-12,8.296311012457039e-14,0.362852045454134,-0.6410188294842981,0.00021860290967993967,-0.3628459089258584,0.641020304472574,-0.0001636573089638626,8.898053812623256e-05,-5.2247954097399e-06,0.002978383713338798,-8.336132230818463e-05,7.522398848743186e-06,-0.0029279196124903013,0.1569397692918101,1.032981584654291,0.00011665051954928797,-0.15697758188312289,-1.0330135575851802,-0.000117901948159583
2.795,0.014807516975904942,4.401374134312172e-09,0.5393259714901993,1.8629539252075475e-10,-6.21771410384629e-06,-3.9238658352057557e-07,-8.665519027061146e-06,5.712457304754562e-05,0.00014743215152747207,0.0,4,Solved,129544,78358,309234,0.0645631188868813,2.046271839113455e-12,2.1059718884749935e-13,0.36285248732769604,-0.6410188560886513,0.0002334665776093111,-0.36284632460515587,0.6410203412586881,-0.00017828446672206794,8.803062390452197e-05,-5.37802399333891e-06,0.0029691216160483086,-8.300508030713576e-05,7.252934049806148e-06,-0.002923743397017298,0.15694452545460358,1.0329849929134862,0.00011390721754209953,-0.15697227514468529,-1.0330099021901007,-0.0001204958276116381
2.8000000000000003,0.014808252844070932,4.215963319663505e-09,0.5393259683301044,5.26528621969867e-10,-5.933947098831149e-06,-3.922705004401022e-07,-8.751342034549126e-06,5.650092567046963e-05,0.00014700246502343819,0.0,4,Solved,130808,81033,310817,0.06456334319008822,1.0602618343294115e-12,8.159904078808234e-14,0.3628529219565852,-0.6410188845267476,0.0002482605911286333,-0.3628467407704795,0.641020375678699,-0.00019291366740646965,8.62385393890093e-05,-5.882576061860261e-06,0.002952051661801082,-8.341449796527826e-05,6.648258093446023e-06,-0.002927235079392397,0.1569391288492678,1.0329812101363394,0.00011647717276052608,-0.15697719065021676,-1.0330134910414115,-0.00011775797381048989
2.805,0.014808986545402972,4.195961118925483e-09,0.539325965184076,5.661837853496626e-10,-5.653361848156633e-06,-3.924741141676345e-07,-8.837329142361407e-06,5.585935707310242e-05,0.00014656701930081407,0.0,4,Solved,125767,78297,301570,0.06456253296746627,1.074782663083169e-12,8.123085790206218e-14,0.3628533503967003,-0.641018914192099,0.00026299427679528516,-0.36284715616331187,0.6410204084530537,-0.00020753479598840054,8.53579125665717e-05,-5.964164434872302e-06,0.002943255053846314,-8.289592056002396e-05,6.493824427827924e-06,-0.0029222838137947355,0.15695731614591388,1.0329942638814866,0.0001068160534910521,-0.156958817039108,-1.0330005274794603,-0.00012717142229883992
2.81,0.014809718079792335,4.427177592037991e-09,0.5393259620476304,1.5011884846089162e-10,-5.375806127848566e-06,-3.932117562524995e-07,-8.923415964061512e-06,5.529245603485943e-05,0.00014613673965193911,0.0,4,Solved,130707,78468,311077,0.06456273366487811,2.0398903839380007e-12,2.1178071727975345e-13,0.3628537651290119,-0.6410189483360622,0.0002775962128749581,-0.36284757894083397,0.6410204365085744,-0.0002222181672727307,8.138867069499317e-05,-7.3777037863442305e-06,0.00290531323222408,-8.568975676741585e-05,5.048702177171216e-06,-0.002946221835848132,0.15695181572783823,1.0329906768018262,0.00010948101481764318,-0.15696363412427813,-1.0330037386380497,-0.00012439982547722949
2.815,0.014810447441216944,5.0510017205645006e-09,0.5393259589172699,-9.8043664333898e-10,-5.101177857155567e-06,-3.946161468406739e-07,-9.009672170201607e-06,5.467061147953776e-05,0.0001456963573399553,0.0,4,Solved,131940,79681,309955,0.06456389602986815,1.0595771897662455e-12,8.20511321707854e-14,0.3628541625518833,-0.6410189877512611,0.0002920353018692171,-0.36284801256346005,0.6410204591414437,-0.00023699415606644043,7.824738443366953e-05,-8.205637450345977e-06,0.0028762246319553844,-8.745936364172267e-05,4.191260252886289e-06,-0.0029612361943939136,0.15692545300690072,1.0329718060064312,0.00012303022608685453,-0.15698936838615393,-1.0330223364778903,-0.00011071880641652995
2.82,0.014811174560835472,5.599291837890824e-09,0.5393259557943325,-1.9835057013912e-09,-4.829909402920052e-06,-3.9525334704855284e-07,-9.096105133033747e-06,5.396640938085372e-05,0.00014524291840258726,0.0,4,Solved,124816,78559,301490,0.0645626828823193,1.064470857011936e-12,8.855150237660998e-14,0.3628545575807597,-0.6410190252494882,0.00030645361556033707,-0.3628484411797769,0.6410204834811741,-0.00025172025529026135,7.952483353210962e-05,-7.050804775525729e-06,0.0028885318733495725,-8.46290323075344e-05,5.295657929032626e-06,-0.0029347566053774207,0.15695240995101856,1.0329911208644995,0.00010886640530929045,-0.15696207250191116,-1.0330029261171088,-0.00012468358376608072
2.825,0.014811899402156945,5.946785110005763e-09,0.539325952677929,-2.6195543345272643e-09,-4.562159295600584e-06,-3.9561074046859654e-07,-9.182658999949043e-06,5.327790341906634e-05,0.00014478750319051503,0.0,4,Solved,124906,98126,327408,0.06456293046487811,1.0689204725695173e-12,8.275713344534835e-14,0.36285494467568247,-0.6410190634534768,0.0003208021048725088,-0.36284887028331997,0.6410205070182978,-0.0002664446836212576,7.606721925704301e-05,-8.015265227269421e-06,0.002857297417313131,-8.66390595093492e-05,4.332444688235376e-06,-0.0029516073850041524,0.15694637181157722,1.032986918467375,0.0001118638194541074,-0.1569675518465065,-1.0330068874380498,-0.00012153971668350208
2.83,0.014812621947561395,6.438503609307607e-09,0.5393259495638612,-3.51080944865454e-09,-4.297920612541505e-06,-3.966183265221117e-07,-9.269363022716382e-06,5.255498881476082e-05,0.00014432445601421685,0.0,4,Solved,130466,95611,332859,0.06456377156010532,2.0386218573469276e-12,2.1205882487787488e-13,0.36285531760490003,-0.6410191047982858,0.00033502404376037755,-0.3628493059729011,0.6410205274256043,-0.00028122335656981956,7.36317118804285e-05,-8.432523946635142e-06,0.0028358326052768173,-8.751248810817646e-05,3.917970327121582e-06,-0.002958559072391357,0.15692722873977916,1.0329733212585552,0.00012175614860016205,-0.15698617408387033,-1.033020344961685,-0.00011148198677611735
2.835,0.014813342150965097,6.73827609427104e-09,0.5393259464541111,-4.0563612503900606e-09,-4.0374392711533175e-06,-3.97035141401582e-07,-9.356214779110522e-06,5.178489249432715e-05,0.0001438526149868915,0.0,4,Solved,126689,84950,322099,0.06456333599180762,1.0581131890953406e-12,7.858399019969147e-14,0.36285568818148656,-0.6410191438427966,0.0003492299614355605,-0.3628497358452601,0.6410205500479236,-0.0002959450870511207,7.445772199084147e-05,-7.414657956657484e-06,0.00284468479583109,-8.500395776232774e-05,4.905510273610185e-06,-0.00293506075637133,0.15693671892931624,1.0329801461777357,0.00011670824015512104,-0.15697623185767376,-1.033013375868922,-0.0001163546125014903
2.84,0.01481405997613369,6.682637267936202e-09,0.5393259433511257,-3.9537948123697144e-09,-3.7808805334119334e-06,-3.968893740464086e-07,-9.443193632916204e-06,5.099422077300076e-05,0.00014337483053269143,0.0,4,Solved,132029,94238,343449,0.06456334666474285,2.0375977921314324e-12,2.1095697011525212e-13,0.36285605765593415,-0.6410191803681268,0.00036343260813586,-0.3628501583115416,0.6410205750680048,-0.0003105963497675398,7.356114800910863e-05,-7.2370051811836126e-06,0.002837815094876332,-8.418546217753487e-05,5.0628131277060866e-06,-0.0029271146855399614,0.1569362481770479,1.0329798434462802,0.00011684104593437153,-0.15697626806779227,-1.0330135466358856,-0.00011604341676062281
2.845,0.014814775397499992,6.480635241745261e-09,0.5393259402536631,-3.5786864934274465e-09,-3.528311364094241e-06,-3.9684992617464433e-07,-9.530286636739977e-06,5.019221109737058e-05,0.00014289216883550015,0.0,4,Solved,135947,98707,350913,0.06456446470180463,1.0568721115957946e-12,8.4044820679021e-14,0.3628564229602771,-0.641019216062433,0.0003776027429226787,-0.3628505763130584,0.6410206008533422,-0.0003252055289084734,7.276567364157268e-05,-7.079362980637295e-06,0.0028315443723743975,-8.324534486406045e-05,5.212022011559454e-06,-0.0029183971068829618,0.15691127836868435,1.0329619507897412,0.00012988184711580116,-0.1570011202220786,-1.033031435228874,-0.00010276428608536675
2.85,0.01481548842055276,5.918120753020821e-09,0.539325937153907,-2.5508537695118677e-09,-3.27952226586044e-06,-3.9598749800898794e-07,-9.617412341791569e-06,4.9486165003236315e-05,0.00014241657039627896,0.0,4,Solved,135927,86673,339782,0.06456324968135015,2.0486371002224623e-12,2.117088107470369e-13,0.3628567981406004,-0.641019245722214,0.0003918617401318785,-0.36285097674598715,0.6410206330033792,-0.0003396500590464011,7.65696792582227e-05,-5.20612974176082e-06,0.0028651977349388336,-7.803356978687667e-05,7.200863939407175e-06,-0.002869473507084609,0.1569379921353612,1.0329810623725342,0.00011563219769150225,-0.1569736118590158,-1.0330119949016023,-0.00011691943741399963
2.855,0.01481619903120354,5.019555943757903e-09,0.539325934046914,-9.073889513342726e-10,-3.0344732081518177e-06,-3.9482228634323344e-07,-9.704692643962787e-06,4.867317379771269e-05,0.0001419253331111819,0.0,4,Solved,127531,90731,333680,0.06456315349288372,1.0625490644096614e-12,7.956891630159205e-14,0.36285717725102695,-0.6410192727636596,0.00040615581936528943,-0.3628513650030999,0.6410206680639476,-0.0003539830981501452,7.538219846560969e-05,-5.537757670559217e-06,0.0028547130381802784,-7.74104060553903e-05,6.889619211312373e-06,-0.00286466805473458,0.15694019460133443,1.032982824875874,0.00011432972237094912,-0.15697132442360567,-1.0330104558861395,-0.00011794779364306854
2.86,0.01481690718373161,4.334400405480907e-09,0.5393259309398836,3.5562020042309096e-10,-2.793419353470275e-06,-3.9455016457262604e-07,-9.792005855375828e-06,4.791877130163106e-05,0.00014143766181241383,0.0,4,Solved,142569,85521,348588,0.0645634500534753,1.0595074340564983e-12,7.90861141861479e-14,0.3628575499695678,-0.641019301892144,0.00042038786452976504,-0.3628517513389144,0.6410207011913563,-0.00036830090191700533,7.402885492450432e-05,-6.011554162542857e-06,0.0028409752270477898,-7.71991300598329e-05,6.4535014598847365e-06,-0.0028628425547958664,0.15693283391731067,1.0329776484297806,0.0001179709734903658,-0.15697791855820803,-1.0330152008556048,-0.00011422356146165159
2.865,0.014817612867151391,3.831184700123534e-09,0.5393259278327922,1.2838702890142339e-09,-2.55630796703484e-06,-3.944219563742273e-07,-9.879449901718327e-06,4.707273799883514e-05,0.00014093563605485773,0.0,4,Solved,128062,81224,313913,0.06456390036112038,1.0565702346979971e-12,8.043565568274285e-14,0.3628579192772052,-0.6410193316666883,0.0004345857083297117,-0.3628521322955072,0.641020733790794,-0.00038257495911813783,7.378147877306482e-05,-5.920873054311269e-06,0.0028386639392416597,-7.555885531893223e-05,6.558347604208791e-06,-0.0028495462366228868,0.15692299315323935,1.0329705958635307,0.0001229546294095392,-0.15698752205625918,-1.033022405777926,-0.00010899874254811433
2.87,0.014818316024864858,3.3078148715233862e-09,0.5393259247298625,2.2398087404977048e-09,-2.323476882375375e-06,-3.937728498007158e-07,-9.966948589558534e-06,4.6235738950168274e-05,0.00014043147784630202,0.0,4,Solved,126018,80592,311128,0.0645629482358693,1.064167537976934e-12,7.817989179332215e-14,0.3628582925661245,-0.641019358906168,0.00044881796264709014,-0.36285250004953784,0.6410207688921704,-0.0003967359244494986,7.526903603084277e-05,-5.146207992142628e-06,0.002851636735003449,-7.225526035795836e-05,7.3125138363429675e-06,-0.002820751017750761,0.15694340266626933,1.0329854417271696,0.00011203932272962306,-0.15696656506088247,-1.0330071717739089,-0.00011979077896961573
2.875,0.014819016643286484,2.8675798574270724e-09,0.5393259216295788,3.0437921240255892e-09,-2.094892031549841e-06,-3.9327705358829386e-07,-1.0054521218605139e-05,4.536474002946664e-05,0.0001399194208649385,0.0,4,Solved,130066,93636,328240,0.06456317614993044,2.0463069097609088e-12,2.118635886539722e-13,0.3628586621197525,-0.6410193872235027,0.0004630143319714222,-0.36285286225690055,0.6410208030619364,-0.0004108531956931576,7.305541870719404e-05,-5.990956068742546e-06,0.002831191566589695,-7.258481092097425e-05,6.530034807104425e-06,-0.0028252176998345723,0.15693808379433358,1.0329816575147437,0.00011461397367363646,-0.1569714531624728,-1.033010818398887,-0.00011704485170515298
2.88,0.014819714678845212,2.763414168888247e-09,0.5393259185249616,3.236126050547374e-09,-1.870754742452916e-06,-3.933927409778317e-07,-1.01421522205501e-05,4.446634101527979e-05,0.00013940038359662061,0.0,4,Solved,138441,80412,323642,0.06456324206393955,2.056733948778375e-12,2.1177895481594845e-13,0.36285902342978743,-0.6410194183328359,0.0004771341894975883,-0.3628532231503533,0.6410208347791606,-0.0004249666001784324,7.176508482184531e-05,-6.367546998926893e-06,0.0028192286375533517,-7.194462832516089e-05,6.2250994367825144e-06,-0.0028210395556742007,0.1569370072179514,1.0329808688347084,0.00011498632701411047,-0.1569723814011748,-1.0330118730230329,-0.00011640532763266706
2.8850000000000002,0.014820410124056051,2.8646903839570633e-09,0.5393259154179314,3.0483661810375213e-09,-1.6509889301965206e-06,-3.9352276705565194e-07,-1.0229789849165937e-05,4.3620478890425476e-05,0.00013888452111055337,0.0,4,Solved,127060,81073,313953,0.06456280889187122,1.0643693314065167e-12,8.271942929953937e-14,0.3628593789223215,-0.6410194509413432,0.000491198522513328,-0.3628535805561768,0.6410208652113796,-0.00043905411018723095,7.068406985468946e-05,-6.616490554328707e-06,0.0028086888120998107,-7.121024452443764e-05,5.99983002473415e-06,-0.0028151998975773636,0.1569458582714264,1.032987519194909,0.00011018531086116267,-0.1569630801137171,-1.0330049422699394,-0.00012106240266149773
2.89,0.014821102981537227,3.198892137772743e-09,0.5393259123084599,2.4345747339688523e-09,-1.4354286989676542e-06,-3.939370554403553e-07,-1.0317447537894073e-05,4.277044249852318e-05,0.0001383642401596972,0.0,4,Solved,131098,93136,332087,0.06456295335149795,1.0629602749395822e-12,8.783294744645561e-14,0.3628597241265866,-0.6410194866608011,0.0005051669346821344,-0.3628539391486213,0.6410208928710027,-0.0004531551756456518,6.79823156361967e-05,-7.47688419852045e-06,0.0027837939976960374,-7.20876302542645e-05,5.236333012876179e-06,-0.0028235587368734003,0.15694231691106425,1.0329848688506247,0.00011188836733467301,-0.15696625559432326,-1.0330072536239672,-0.00011920979293595221
2.895,0.01482179322500182,3.781949490516074e-09,0.5393259091821406,1.3663877786481062e-09,-1.224110437172704e-06,-3.946741024476859e-07,-1.0405094912297762e-05,4.192926644677653e-05,0.00013784039592101962,0.0,4,Solved,125367,80512,309275,0.06456351656479647,1.064982060612237e-12,8.105655314007342e-14,0.36286005782461017,-0.6410195258121318,0.0005190278065107148,-0.362854300505873,0.6410209180512537,-0.00046728046544274504,6.593813213451205e-05,-8.054251017462815e-06,0.0027644890081463926,-7.243354695995224e-05,4.911849483184356e-06,-0.002826115170980226,0.1569293865833826,1.0329759486633827,0.00011850264809255163,-0.15697862163768808,-1.0330162650367436,-0.00011241918237075654
2.9,0.014822480816687612,4.345306899727714e-09,0.5393259060373582,3.2836526508499526e-10,-1.0172001588398142e-06,-3.950048129822125e-07,-1.0492801572388582e-05,4.100364815081229e-05,0.00013730411705183216,0.0,4,Solved,133612,80713,316247,0.06456308934331235,1.06908781629871e-12,8.14938075037601e-14,0.36286038741722426,-0.6410195644395515,0.0005328539034234167,-0.36285465640516046,0.6410209444155452,-0.00048135662265380173,6.592405463319252e-05,-7.513966271524904e-06,0.0027656882269176866,-7.039138791401464e-05,5.5038412973452006e-06,-0.002808111566269835,0.15693878018950286,1.032982771083957,0.00011345920511586719,-0.15696899497423736,-1.0330094294929977,-0.00011725002006761154
2.9050000000000002,0.014823165715709304,4.75545109280296e-09,0.5393259028879902,-4.3024072437439263e-10,-8.149304648312768e-07,-3.950669251887446e-07,-1.058048365680421e-05,4.009413160729486e-05,0.0001367662729189919,0.0,4,Solved,126759,80793,317671,0.06456336429271278,1.0719486949558633e-12,8.346464267657865e-14,0.36286071194901376,-0.6410196026990704,0.000546639249766914,-0.3628550074621886,0.6410209715697965,-0.0004953888023921207,6.426362084505186e-05,-7.737299726199708e-06,0.002751404782308353,-7.012079983086343e-05,5.386636044068385e-06,-0.002805354785906658,0.15693225790132578,1.0329782214482515,0.00011673285224976693,-0.15697501704696037,-1.0330138286834045,-0.00011382293852015219
2.91,0.014823847905235114,5.083261544817388e-09,0.5393258997313651,-1.035463697869888e-09,-6.172915143067821e-07,-3.951589296862483e-07,-1.0668176970568091e-05,3.9141776594595824e-05,0.00013621997873441418,0.0,4,Solved,129304,82146,316347,0.06456335843528435,2.0642756387063497e-12,2.12039034588337e-13,0.36286103137673936,-0.6410196404880707,0.0005603842790495669,-0.36285535348331877,0.6410209996398781,-0.000509375708637852,6.366068821088703e-05,-7.442501691107287e-06,0.002747429583132864,-6.86303100482989e-05,5.759128114724604e-06,-0.0027921592483755166,0.15693234356967686,1.0329782857452703,0.00011654584371332314,-0.15697459206984232,-1.0330137349645496,-0.0001138174068854406
2.915,0.01482452734444623,5.236153234185889e-09,0.5393258965702586,-1.3202981949886052e-09,-4.2448749195684994e-07,-3.950410099764755e-07,-1.0755846352614705e-05,3.817289059858544e-05,0.00013566833991270313,0.0,4,Solved,133352,80041,315296,0.06456329315196419,2.068190225186084e-12,2.1259033275832103e-13,0.36286134762941047,-0.6410196769783836,0.0005741077758828267,-0.36285569216138613,0.6410210293930166,-0.0005232977321405922,6.300803221363952e-05,-7.2052625409947575e-06,0.0027429196897745868,-6.717171442550663e-05,6.07268806387093e-06,-0.0027793105881291774,0.15693349718583355,1.0329793648329448,0.0001158398190324988,-0.15697326649768223,-1.033012690431427,-0.00011429919009217426
2.92,0.01482520402885633,5.251319028013748e-09,0.5393258934015951,-1.3506907736593295e-09,-2.3640521277979257e-07,-3.948874656722232e-07,-1.084343834336632e-05,3.725389225228462e-05,0.00013511886480451035,0.0,4,Solved,135656,79661,317620,0.06456284771368391,2.0488665664831052e-12,2.1185313182048012e-13,0.3628616602719582,-0.6410197126632471,0.0005878028742920262,-0.36285602438859776,0.6410210605149793,-0.0005371606053541053,6.224191398018617e-05,-7.094392044444094e-06,0.00273647056539214,-6.599086799506846e-05,6.320461337990788e-06,-0.0027681485444915072,0.15694333266818375,1.032986403910747,0.00011048411647559322,-0.15696299275007158,-1.0330055634189426,-0.00011949140535096156
2.9250000000000003,0.01482587795137547,5.272616896624316e-09,0.5393258902222743,-1.3862573521809987e-09,-5.295248861616049e-08,-3.9508773036471195e-07,-1.0930987490856423e-05,3.630849595369479e-05,0.0001345628791457522,0.0,4,Solved,122862,82045,316167,0.06456332269503307,1.0611081618429192e-12,8.123544438513876e-14,0.36286196361362977,-0.6410197501062486,0.0006014168943899964,-0.36285635579818637,0.6410210904660232,-0.0005510161171202291,5.9658373121162714e-05,-7.740450245486636e-06,0.00271380172544745,-6.649878196129013e-05,5.778936056135082e-06,-0.0027730774173382773,0.1569325426553193,1.0329787367179697,0.00011602921909488406,-0.1569734180527865,-1.033013163120529,-0.00011376791160563024
2.93,0.014826549073216585,5.344915142509179e-09,0.5393258870352048,-1.5139632374602478e-09,1.256838333861192e-07,-3.954104334445261e-07,-1.1018474439792176e-05,3.533712915760583e-05,0.00013400043257162295,0.0,4,Solved,127842,79801,310717,0.06456309539445287,2.0519389767907956e-12,2.1180593535641734e-13,0.3628622597861295,-0.6410197881875589,0.0006149700285775875,-0.3628566838556049,0.6410211203040961,-0.0005648433023987115,5.897454800765822e-05,-7.539504871612658e-06,0.0027085164043698417,-6.505841848179143e-05,6.0853192206548105e-06,-0.0027604511824755582,0.1569374009689008,1.032982349467106,0.00011335142325070103,-0.15696824266113235,-1.033009526311246,-0.00011625608785574355
2.935,0.014827217369037088,5.348796115847537e-09,0.5393258838403513,-1.5180041546772967e-09,2.9943546682997005e-07,-3.95560272525024e-07,-1.1105879533840812e-05,3.435848690619274e-05,0.00013343365886020397,0.0,4,Solved,136378,80121,318692,0.06456318447971834,1.0596512911051766e-12,7.888458579541904e-14,0.3628625498116738,-0.6410198264880272,0.0006284720711524146,-0.3628570074004389,0.6410211504615462,-0.0005786314685775898,5.739048800803655e-05,-7.738679953526314e-06,0.002695063515596496,-6.45045867823023e-05,5.995387472365688e-06,-0.0027558074373002666,0.15693522425676898,1.0329809978388573,0.00011439148260056586,-0.15697014923938457,-1.0330109516754935,-0.0001150076378844211
2.94,0.014827882822154066,5.341129886924958e-09,0.5393258806389012,-1.499919109756088e-09,4.683027619118323e-07,-3.957502500972926e-07,-1.1193184075766797e-05,3.3384259357458217e-05,0.00013286416854946622,0.0,4,Solved,140956,81834,326787,0.0645636470154344,2.0632424144200374e-12,2.1163085639907696e-13,0.36286283310096096,-0.6410198652109714,0.0006419173713078514,-0.36285732697212186,0.6410211806714793,-0.0005923853205539207,5.6197165647397055e-05,-7.750640043025023e-06,0.0026850942885009183,-6.355253323185429e-05,6.068961414933327e-06,-0.0027474880795184432,0.1569248544672398,1.0329734773966064,0.00011975197461073653,-0.15698017814021065,-1.0330183522469505,-0.00010947790661388536
2.945,0.014828545414914308,5.187539890109027e-09,0.5393258774308116,-1.2189593959765053e-09,6.322811551354038e-07,-3.95527163810149e-07,-1.128037664263881e-05,3.24018831367437e-05,0.0001322900344426118,0.0,4,Solved,135416,82075,321788,0.06456322481568164,1.0660888113555004e-12,8.147247103498634e-14,0.36286311592841536,-0.6410199018343614,0.000655362374925309,-0.36285763625734035,0.6410212135289036,-0.0006060474887974763,5.6831766305343154e-05,-7.055769117175587e-06,0.0026915852161451415,-6.076455048096915e-05,6.889436928925649e-06,-0.002722528671853463,0.15693411036007468,1.0329802567984436,0.00011473470199482168,-0.15697062940151382,-1.0330115970509062,-0.00011430092326075627
2.95,0.014829205123983133,4.875150280395006e-09,0.5393258742136948,-6.480982530776346e-10,7.913249159921137e-07,-3.950957369031237e-07,-1.1367444142761289e-05,3.141308626394097e-05,0.00013171178011156962,0.0,4,Solved,128984,79661,309965,0.06456313495163124,2.04764018241311e-12,2.1147074218457395e-13,0.36286339682665003,-0.6410199373709391,0.0006687931899554545,-0.36285793663564503,0.6410212480633245,-0.0006196309638674847,5.578084583968002e-05,-7.141339228457814e-06,0.0026826250321748957,-5.963817321584519e-05,6.916923323533195e-06,-0.0027128397160372207,0.1569359916782364,1.032981672220347,0.00011359700529671958,-0.1569684546569254,-1.0330101592260998,-0.00011525249836213125
2.955,0.014829861930011684,4.612802996765062e-09,0.5393258709881342,-1.6470325297749587e-10,9.454134086495338e-07,-3.949810376118407e-07,-1.1454370352095063e-05,3.0420483133825505e-05,0.00013112961326856872,0.0,4,Solved,137750,81083,317691,0.06456312833115643,2.0751957598042166e-12,2.1220470957413872e-13,0.3628636715292058,-0.6410199738179916,0.0006821696942247292,-0.3628582323048931,0.6410212822881766,-0.0006331749524338008,5.441229524150185e-05,-7.385459856647564e-06,0.0026704875785202318,-5.882247974912291e-05,6.797763836814465e-06,-0.002706143317215849,0.15693613309684615,1.0329818207330068,0.00011339218953530575,-0.15696809719756935,-1.033010053298503,-0.00011525309271496957
2.96,0.014830515819792079,4.445665037353473e-09,0.5393258677522113,1.4541224410538966e-10,1.0945834195646533e-06,-3.9504933175752474e-07,-1.1541126770846096e-05,2.9446197629723254e-05,0.00013054608792469432,0.0,4,Solved,127401,79841,305968,0.06456329962389916,1.0641753418262773e-12,8.316204334469482e-14,0.36286393943423906,-0.6410200115319962,0.0006954845284418773,-0.362858524021131,0.6410213159310676,-0.0006466858224276675,5.305499967590037e-05,-7.644856829552854e-06,0.0026580102649852583,-5.805157732121416e-05,6.683440652097089e-06,-0.002699579449324943,0.15693210528220047,1.0329790679458473,0.00011539477777000634,-0.15697180210463174,-1.0330127939823865,-0.00011307240094199777
2.965,0.014831166779207112,4.3298831303495814e-09,0.5393258645052221,3.592513915569345e-10,1.2388610145881642e-06,-3.950552642318956e-07,-1.1627719694987702e-05,2.8458703147128045e-05,0.00012995764193586367,0.0,4,Solved,125868,78919,302662,0.06456409239525085,1.0615307403158687e-12,8.649172743061182e-14,0.36286420258684116,-0.6410200495689591,0.0007087561936440254,-0.3628588096640743,0.6410213499323859,-0.0006601441841619818,5.237105900992292e-05,-7.585108081965339e-06,0.0026519091271726422,-5.654489670784849e-05,6.873671107371196e-06,-0.002686481332934063,0.1569138293005861,1.0329664402404204,0.0001250563379995487,-0.15699010550854903,-1.0330254783240136,-0.00010317119966327381
2.97,0.014831814811510961,3.991736872738891e-09,0.5393258612399097,9.708769770246171e-10,1.3784334478660862e-06,-3.9426496087686394e-07,-1.1714054024257542e-05,2.7570592907812306e-05,0.00012937653480648586,0.0,4,Solved,129154,80011,316437,0.06456331057171619,2.0718715355783005e-12,2.1171760803122708e-13,0.3628644727072335,-0.6410200832863105,0.0007220871492141615,-0.3628590784608866,0.6410213893703505,-0.0006734463056207621,5.5139530713495653e-05,-6.2111538523711536e-06,0.002675639825917251,-5.1943241761686226e-05,8.53300844605531e-06,-0.0026432327076375663,0.15693153307598945,1.0329789944635384,0.00011542051826050315,-0.15697192414797526,-1.033012969147459,-0.00011265441581391414
2.975,0.014832459919729911,3.3953457598492898e-09,0.5393258579514277,2.0537987396347897e-09,1.5134804076756119e-06,-3.931251749405651e-07,-1.180022465449748e-05,2.662428894214443e-05,0.00012878599190424713,0.0,4,Solved,123423,81183,303183,0.06456352650823029,1.060804629459428e-12,8.711372831348212e-14,0.36286474638484545,-0.6410201147091629,0.0007354461564501332,-0.36285933362398604,0.6410214320952752,-0.0006866226626629456,5.4508138088508626e-05,-6.330081613261974e-06,0.002669359046129454,-5.043721629530626e-05,8.554894934450839e-06,-0.0026299532774083684,0.15692696360779287,1.032975622614799,0.00011761251783218365,-0.15697623306562436,-1.0330164241316846,-0.00011026789042748159
2.98,0.014833102052392712,2.877079006313273e-09,0.5393258546537927,2.997715776828472e-09,1.6436800752068942e-06,-3.9235578552278186e-07,-1.1886192823181394e-05,2.565106450741938e-05,0.00012818921943921969,0.0,4,Solved,130266,81003,309455,0.06456401916995247,2.0474029907805636e-12,2.1245030931829395e-13,0.3628650193984161,-0.6410201457384286,0.0007487952692577819,-0.3628595786313914,0.6410214758193642,-0.0006997106125775556,5.4694089568864704e-05,-6.125500537636211e-06,0.0026701857939787133,-4.8068766849687254e-05,8.867495956201131e-06,-0.0026093985942365725,0.15691644367722776,1.0329679994545196,0.00012297237358079762,-0.1569867780697254,-1.0330243067192395,-0.00010464996638372994
2.985,0.014833741214388017,2.306271448674755e-09,0.5393258513477879,4.031414773089309e-09,1.7692118317184582e-06,-3.9120085633067477e-07,-1.1971886818373116e-05,2.4760420517487585e-05,0.00012759861093483032,0.0,4,Solved,123934,88968,311538,0.06456245585378476,1.0604174174538362e-12,7.930618552065071e-14,0.3628652992865249,-0.641020173605355,0.000762198301460569,-0.36285980656118366,0.6410215233545691,-0.000712645199395978,5.685383096767604e-05,-5.219573911056212e-06,0.0026875533673244574,-4.396216430941016e-05,9.917700591757871e-06,-0.0025720342466260078,0.15695058063885006,1.0329926328062853,0.00010466247798282468,-0.15695217340929965,-1.032999293660556,-0.00012286190082436577
2.99,0.014834377406575129,1.9376598626812248e-09,0.5393258480250339,4.7012803938465855e-09,1.890244990380564e-06,-3.906938893118238e-07,-1.2057355806689782e-05,2.3829951027198282e-05,0.00012699956735935279,0.0,4,Solved,125787,79450,305597,0.06456292248418523,1.0676249595981453e-12,8.422953197514807e-14,0.3628655712496583,-0.6410202051301019,0.0007755189527116168,-0.36286003240106907,0.6410215682530795,-0.000725561782828299,5.280564441829205e-05,-6.992645761936899e-06,0.0026487648378752606,-4.596913682385707e-05,8.388821829352704e-06,-0.002590691515383133,0.1569400465255178,1.0329854137567864,0.00011000392446028393,-0.15696243161518145,-1.0330067597469637,-0.00011731195288808212
2.995,0.014835010578104173,2.149306850163101e-09,0.5393258446851615,4.316714547581343e-09,2.0064969572599528e-06,-3.913060887276775e-07,-1.2142596900900474e-05,2.2859886583398424e-05,0.00012639287471708654,0.0,4,Solved,131729,80101,310586,0.06456395006634866,1.0682609759722374e-12,8.356560498456907e-14,0.36286582858663324,-0.641020242247872,0.0007886988217918659,-0.36286026216674355,0.6410216083696729,-0.0007385181059032916,5.059527565634997e-05,-7.695843556713192e-06,0.00262751964359964,-4.597275751184264e-05,7.793445141953988e-06,-0.0025916755425625256,0.15691759563912705,1.032969523127998,0.00012173241078861415,-0.1569853034849445,-1.0330232010615785,-0.00010523323262958553
3.0,0.014835640761320639,2.4236354715820987e-09,0.5393258413334242,3.80422174959079e-09,2.118362409835678e-06,-3.912005187087428e-07,-1.2227445549760913e-05,2.208298042288841e-05,0.00012580559188961593,0.0,4,Solved,126048,79339,303082,0.06456289882424074,1.0756326598261127e-12,8.607566161910666e-14,0.3628660876616942,-0.641020277653275,0.0008018816686014288,-0.36286048093989937,0.6410216510551696,-0.0007513689343353375,5.263193708725872e-05,-6.687710679793067e-06,0.0026425386395735584,-4.232166635393149e-05,9.01525032183408e-06,-0.002555990929929784,0.15694024628816752,1.0329858544155024,0.0001094839710291322,-0.15696177789527477,-1.0330063811878518,-0.00011746982466790964
3.005,0.014836267968336177,2.624504460743119e-09,0.5393258379658519,3.4231801967698963e-09,2.22609234629831e-06,-3.908311822155193e-07,-1.2312104201692873e-05,2.1155024640303303e-05,0.00012519725448750462,0.0,4,Solved,128473,80362,315667,0.06456233270198647,1.060753973767476e-12,8.57873535512377e-14,0.36286634333244894,-0.6410203134339272,0.0008150251626564132,-0.36286069327832265,0.6410216941729634,-0.0007641560025459273,5.017437917571793e-05,-7.4487067960695465e-06,0.002619629312784098,-4.257507172954689e-05,8.381076978843918e-06,-0.0025583050642598235,0.1569527356564209,1.032995083649872,0.00010273967514039423,-0.15694921511253196,-1.0329973232317835,-0.00012399042034008328
3.0100000000000002,0.014836892106757801,3.2137124528774135e-09,0.5393258345889088,2.343953471668413e-09,2.329040682084889e-06,-3.916240040931068e-07,-1.2396453656683372e-05,2.0223861005965038e-05,0.00012458485720345143,0.0,4,Solved,125036,79090,314894,0.0645630785707071,1.0690458591379767e-12,8.468478275070367e-14,0.362866580361228,-0.6410203554374408,0.000827994617375543,-0.3628609136095195,0.6410217317740486,-0.0007770134311857273,4.5594661627482155e-05,-9.003530284423458e-06,0.0025769033142739126,-4.5073631095362865e-05,6.977163189945188e-06,-0.002580200654808534,0.1569360215017009,1.0329831655103014,0.00011133425967861799,-0.1569656172282326,-1.0330092571313136,-0.00011523004826819805
3.015,0.01483751316936204,4.0921116101485726e-09,0.5393258312024868,7.361729169297651e-10,2.4272844479784256e-06,-3.9274108713595846e-07,-1.2480518791399945e-05,1.9265343558520052e-05,0.00012396646172921008,0.0,4,Solved,140285,80792,320215,0.06456364451628248,2.054068607804147e-12,2.1224537075549695e-13,0.3628668031743214,-0.6410204008596725,0.0008408318288516676,-0.3628611373988287,0.6410217666164995,-0.000789898516215704,4.388267613887505e-05,-9.134414845405853e-06,0.0025611375399511114,-4.4586348124703675e-05,6.965789626673477e-06,-0.0025749899975076995,0.15692333878945205,1.0329741322179316,0.0001178723550939601,-0.15697811650021315,-1.0330183122605197,-0.00010850774535469188
3.02,0.0148381311273055,4.776642712078919e-09,0.5393258278072293,-5.267973616777034e-10,2.520718063651482e-06,-3.929962183099384e-07,-1.2564258942771873e-05,1.8305754103059608e-05,0.0001233446077706445,0.0,4,Solved,135436,81243,316117,0.06456351241960218,2.0432907036340773e-12,2.128255874773332e-13,0.3628670239382541,-0.6410204441065053,0.0008536501009837435,-0.3628613523694244,0.6410218043536452,-0.0008026970448969937,4.434070890695097e-05,-8.338973316195003e-06,0.0025652922986312116,-4.197098149176884e-05,7.921369167604085e-06,-0.0025496532758775346,0.15692634474674622,1.0329764066583762,0.00011613841905199699,-0.15697493418280586,-1.0330161987136348,-0.00011004113534200239
3.025,0.014838745968553958,5.101495962632125e-09,0.5393258244018675,-1.1345950179427385e-09,2.6093802116358556e-06,-3.926182640053907e-07,-1.2647663898640713e-05,1.7351427789994086e-05,0.0001227201445636664,0.0,4,Solved,130015,79169,307902,0.0645628576470284,1.0712005243467095e-12,8.768633112008105e-14,0.36286724509706464,-0.641020484306107,0.000866472396591048,-0.36286155608616694,0.6410218458347617,-0.0008153851024430982,4.418257572688956e-05,-7.847243467801229e-06,0.0025639381618454853,-3.994682630086603e-05,8.538715720546216e-06,-0.002529645020151025,0.15694090571993546,1.0329869725557883,0.00010831567906099185,-0.15696021730454734,-1.0330057223524545,-0.00011767260335447515
3.0300000000000002,0.014839357681423287,5.310785636517063e-09,0.5393258209885567,-1.5218613938091778e-09,2.693303460693419e-06,-3.9261197645707797e-07,-1.2730708011258301e-05,1.6409268218716468e-05,0.00012209381435503893,0.0,4,Solved,127451,78399,304855,0.06456367578852659,1.0646038369441142e-12,8.106705260521351e-14,0.3628674577320817,-0.6410205255078286,0.0008792163501915071,-0.3628617575151352,0.6410218869892532,-0.000828044107033965,4.145907384288495e-05,-8.489736752880449e-06,0.002538821503254912,-4.052044814444628e-05,8.037705243700467e-06,-0.0025332038624549897,0.15692276006408568,1.0329740592873502,0.00011770045413849679,-0.15697823436968864,-1.0330188126164255,-0.00010808354783949968
3.035,0.014839966258741458,5.4489451096172216e-09,0.539325817567152,-1.776305483559895e-09,2.7725635568405712e-06,-3.9265042597898344e-07,-1.2813373756795484e-05,1.5483096677561858e-05,0.00012146629317713161,0.0,4,Solved,132911,81444,312902,0.06456312240428985,1.0603144716827142e-12,8.369987886532338e-14,0.36286766655522107,-0.6410205656475194,0.0008919227940964229,-0.362861952063644,0.6410219298574774,-0.0008406322670037085,4.197985374758954e-05,-7.735487725060623e-06,0.0025429038341936356,-3.78679538688084e-05,8.914971395656719e-06,-0.002507374169381491,0.15693508006381093,1.032982967162876,0.00011105412194225596,-0.15696570711072416,-1.0330099584686376,-0.00011455685270937313
3.04,0.014840571688224561,5.391701558441912e-09,0.5393258141392239,-1.6728081822471177e-09,2.847188936720135e-06,-3.9247429695452925e-07,-1.2895656248407791e-05,1.4551577057581222e-05,0.00012083491388728832,0.0,4,Solved,130066,78248,307020,0.064563832267747,1.0561695231423016e-12,8.518849355572777e-14,0.3628678711810319,-0.6410206051430735,0.0009045877969091959,-0.36286214006810374,0.6410219739906854,-0.0008531526396506644,4.0253018674108466e-05,-8.004083944910622e-06,0.0025264910705639215,-3.7434594279221e-05,8.771378842210498e-06,-0.002501874561588611,0.15691928278275916,1.0329716842882974,0.00011921653304704234,-0.15698147908701227,-1.033021316283952,-0.0001061940500229527
3.045,0.014841173964091414,5.203375423321185e-09,0.5393258106994494,-1.3295583307526567e-09,2.917279688516797e-06,-3.9213517606356425e-07,-1.2977499334388892e-05,1.3672578857696264e-05,0.00012020582800450085,0.0,4,Solved,128042,78879,303984,0.06456291194061813,2.0602050439208374e-12,2.1292197876793956e-13,0.36286807595313386,-0.6410206425631527,0.0009172468816511729,-0.362862317711003,0.6410220211125603,-0.0008655686455278886,4.143511600138862e-05,-7.156072618841933e-06,0.0025353384984124513,-3.428668405034414e-05,9.840515877955919e-06,-0.002470872690852195,0.15693996160371357,1.032986609480749,0.00010814210736995202,-0.15696057483965417,-1.03300659104989,-0.00011708568438553157
3.0500000000000003,0.014841773084886552,4.912450328038634e-09,0.5393258072451186,-7.956460563598855e-10,2.9829648132319682e-06,-3.9186443478076e-07,-1.3058940363290599e-05,1.2776196118419555e-05,0.00011957214681851703,0.0,4,Solved,125206,87054,311358,0.06456307449189154,1.0685505757547484e-12,7.957857610241318e-14,0.3628682752455664,-0.6410206806897061,0.0009298477239125467,-0.3628624905949178,0.6410220683501017,-0.0008779317727047021,3.884524979579113e-05,-7.924973298643623e-06,0.0025101993004169594,-3.47734312197353e-05,9.198464931471885e-06,-0.0024737397798830323,0.15693623854724914,1.0329840937675205,0.00010992728509522006,-0.1569641252317069,-1.0330091918702646,-0.00011512548449867743
3.055,0.014842369022940788,4.8312508509440605e-09,0.5393258037841342,-6.390509143330663e-10,3.044127200887951e-06,-3.92229703842505e-07,-1.3139954703273335e-05,1.186967643375058e-05,0.00011893409088287322,0.0,4,Solved,127020,79140,304846,0.06456382161775241,1.0584750338757188e-12,8.056662807153608e-14,0.36286846369187337,-0.6410207216019855,0.0009423413516403392,-0.36286266376479936,0.6410221134406552,-0.0008902902569585613,3.693983564435669e-05,-8.349180097640767e-06,0.0024911389881863586,-3.455999795357348e-05,8.902663924910114e-06,-0.0024703612126533944,0.15691980584897877,1.0329726068641476,0.0001184135244895589,-0.15698062807328186,-1.0330211458840386,-0.00010638006457750744
3.06,0.014842961778852738,4.703315385232312e-09,0.5393258003202458,-4.036183429404682e-10,3.100894528291783e-06,-3.921477722449066e-07,-1.3220496691166443e-05,1.1019794758238103e-05,0.00011830008341282938,0.0,4,Solved,122812,78688,299285,0.06456330637106757,1.0814617599349633e-12,8.141790797364212e-14,0.3628686514584811,-0.6410207607577378,0.0009548187138849416,-0.3628628273357757,0.6410221607215271,-0.0009025521648041401,3.7970059593770596e-05,-7.5036586349882565e-06,0.002498318747899634,-3.151531394663267e-05,9.807316936140524e-06,-0.00244052558478163,0.1569311207607302,1.0329806542806392,0.00011228304100087244,-0.1569689920018489,-1.033012901937081,-0.00011240063073628171
3.065,0.014843551350164583,4.42090815571192e-09,0.5393257968555625,1.112402511964847e-10,3.1533728217178385e-06,-3.917118295644456e-07,-1.3300594805742552e-05,1.014004994752318e-05,0.00011765908805694117,0.0,4,Solved,125908,78939,302442,0.0645626961790267,1.0633778794664605e-12,7.926263422557577e-14,0.3628688379636463,-0.6410207987608989,0.00096727440135544,-0.362862981859722,0.6410222096529883,-0.0009147220808570761,3.688295530617584e-05,-7.663010545201938e-06,0.0024864344069691876,-3.0508334890314495e-05,9.774503308086758e-06,-0.002429623862140865,0.1569446659004426,1.0329906329776963,0.00010503345749233064,-0.15695540349776874,-1.0330031388644272,-0.00011944655664300665
3.0700000000000003,0.014844137708484695,4.338066286000646e-09,0.5393257933847665,2.6902178238570814e-10,3.2014708175028535e-06,-3.920015333297434e-07,-1.3380206446745662e-05,9.278806091731522e-06,0.000117016957607339,0.0,4,Solved,127000,79830,313792,0.06456352976919794,2.0390909198712493e-12,2.119278111155495e-13,0.3628690120414547,-0.6410208405101759,0.0009796054829789296,-0.3628631385562592,0.6410222554721902,-0.0009269020930952297,3.3469163162700935e-05,-8.788626108718534e-06,0.0024528789516488694,-3.189909940776093e-05,8.775953332991928e-06,-0.002440198936580807,0.15692616658575242,1.0329773731417746,0.00011455556588512204,-0.1569737344145594,-1.033016476307167,-0.00010975977248031857
3.075,0.014844720848143736,4.433719828762898e-09,0.5393257899077396,9.889719861592547e-11,3.245271911602177e-06,-3.924220137749485e-07,-1.3459336389501911e-05,8.413583948034102e-06,0.00011637142043948459,0.0,4,Solved,129555,79681,311098,0.06456343450882325,2.051656766977129e-12,2.120574916480159e-13,0.36286917885450554,-0.6410208834682221,0.0009918580628002487,-0.3628632923173301,0.6410223007252263,-0.0009390452422840077,3.329711004054785e-05,-8.468722547899261e-06,0.0024489161867751854,-3.0018927929165065e-05,9.225450280397162e-06,-0.00242102577380594,0.1569284077446384,1.032979068584019,0.00011323694171817206,-0.15697139278926228,-1.033014952141172,-0.00011089373737006783
3.08,0.014845300751610082,4.430080954514488e-09,0.5393257864250071,1.0365882650294892e-10,3.2847582262524143e-06,-3.923313820237666e-07,-1.3537965065225309e-05,7.554223969524005e-06,0.00011572342801632551,0.0,4,Solved,135666,79260,313733,0.06456337274395535,1.0713887161686155e-12,8.450855559002961e-14,0.3628693433870486,-0.6410209255080938,0.0010040781672758432,-0.3628634381216315,0.6410223475122478,-0.0009511046810001719,3.266330206819969e-05,-8.370000892885298e-06,0.0024407923999866334,-2.8607623393906977e-05,9.443165728210646e-06,-0.0024058436660861176,0.1569297974517296,1.032980201147786,0.00011236230729148538,-0.15696990561481503,-1.0330139639032856,-0.00011158941974662786
3.085,0.014845877409299239,4.391682025893619e-09,0.5393257829372916,1.718592255793e-10,3.319976725847743e-06,-3.9219566407139283e-07,-1.3616077050702583e-05,6.704699968552121e-06,0.00011507353135465146,0.0,4,Solved,130487,80141,316628,0.06456298196704349,1.062544769986259e-12,8.297957256240847e-14,0.36286950397018225,-0.6410209674415375,0.0010162500245637141,-0.3628635777096524,0.6410223950151702,-0.0009630953249482639,3.1771692944040884e-05,-8.39795048779163e-06,0.0024301414019584494,-2.7473235147066613e-05,9.539142635345166e-06,-0.0023930167095339867,0.15693869471271435,1.032986713066476,0.00010756116521876346,-0.1569609704976234,-1.0330077114726959,-0.0001161897652606812
3.09,0.014846450815965504,4.440564684938249e-09,0.5393257794456601,8.416883438476035e-11,3.351008712516233e-06,-3.9238957435167815e-07,-1.3693652372115451e-05,5.87840325350924e-06,0.0001144234352812834,0.0,4,Solved,129495,78519,306810,0.06456322447571511,2.0460492227999675e-12,2.124372493407967e-13,0.3628696554276851,-0.6410210114757754,0.0010283253213658724,-0.36286371639636117,0.6410224409615988,-0.0009750646022073412,2.93292773714042e-05,-9.067668750484775e-06,0.0024051043877038715,-2.7923178874570033e-05,8.968365867743207e-06,-0.002394395379850674,0.1569331959572089,1.0329828992341619,0.00011030883441520262,-0.15696634298313974,-1.0330115916114417,-0.00011328467799019062
3.095,0.014847020965436875,4.632700913101726e-09,0.5393257759507677,-2.64020662528033e-10,3.3779283486240954e-06,-3.9283900975193224e-07,-1.377068489898322e-05,5.055772677192687e-06,0.00011377064871228174,0.0,4,Solved,126679,79239,305717,0.06456295569248892,1.0519201331388258e-12,8.310874649728524e-14,0.3628697976205799,-0.6410210574454156,0.001040302074732387,-0.3628638544182193,0.6410224855491877,-0.0009870136694110536,2.7857739361642248e-05,-9.27616299934802e-06,0.002388880473781281,-2.7412370588637246e-05,8.886163701501337e-06,-0.0023868057996209386,0.1569394128316185,1.0329874139736188,0.00010695501065464047,-0.1569601414693053,-1.0330072910798227,-0.00011644277819647539
3.1,0.014847587852578371,4.913071834750423e-09,0.5393257724489064,-7.733081876243623e-10,3.400829416865903e-06,-3.934017437740658e-07,-1.3847140677496214e-05,4.2745887936921394e-06,0.00011311924756627145,0.0,4,Solved,132290,79490,310226,0.06456360397250238,1.061247645943486e-12,8.108719523623657e-14,0.3628699292798907,-0.6410211058392938,0.0010521674114340167,-0.3628639934123268,0.6410225284263218,-0.0009989545005749253,2.533317356980912e-05,-9.936873586148149e-06,0.0023625993403584094,-2.807059325891729e-05,8.379313249224981e-06,-0.002389077112577608,0.15692487015469755,1.0329772224224527,0.00011447242692650313,-0.15697459306223704,-1.033017663560038,-0.0001087524365887285
3.105,0.014848151479680874,5.185359333433078e-09,0.5393257689387847,-1.270815749530864e-09,3.4198602237805674e-06,-3.937560967421419e-07,-1.3923027465939188e-05,3.4973442711570934e-06,0.00011246616176890856,0.0,4,Solved,127791,78508,303945,0.06456290204564015,2.0618442363320905e-12,2.1246615306957234e-13,0.36287005597349586,-0.6410211540355949,0.0010639715326402823,-0.3628641280055581,0.6410225722158596,-0.001010836056465344,2.534642188819676e-05,-9.452622873044587e-06,0.002359605767000068,-2.617861528657268e-05,8.99941980005345e-06,-0.0023679123241895214,0.1569410901597925,1.0329886648208182,0.00010589694174051422,-0.1569584216603377,-1.0330064327302424,-0.00011713344258880503
3.11,0.014848711846141772,5.3906454481433216e-09,0.5393257654193673,-1.6449616594788992e-09,3.4351435600508664e-06,-3.940686004907155e-07,-1.3998303230633134e-05,2.7759274884087084e-06,0.0001118155760485983,0.0,4,Solved,124375,78558,301700,0.0645637271970685,1.06694354208273e-12,8.220498023912152e-14,0.36287017426357165,-0.6410212037787479,0.0010756812547912742,-0.36286426206417755,0.6410226152759071,-0.0010226906146078192,2.2557032051647406e-05,-1.0266018095028525e-05,0.0023302747386007836,-2.7240352137176714e-05,8.368027755370876e-06,-0.002372882085753194,0.15692237440469076,1.0329756222116355,0.00011560758387182667,-0.15697691874993888,-1.033019635153096,-0.00010727814579499515
3.115,0.014849268944667352,5.577593480270029e-09,0.5393257618915551,-1.985846245222887e-09,3.446740856634692e-06,-3.943245182751554e-07,-1.407301569462796e-05,2.0107121224968185e-06,0.00011115827547622783,0.0,4,Solved,131498,100039,330214,0.0645635506191163,2.0620072814611866e-12,2.1248670907689454e-13,0.3628702883175278,-0.6410212529718037,0.001087335254154933,-0.3628643911853925,0.6410226595411135,-0.0010344788540116768,2.2982188643464122e-05,-9.56998660544497e-06,0.0023310973290937152,-2.490839382754913e-05,9.16126821184433e-06,-0.0023476184324836887,0.1569264673864553,1.0329786192063048,0.00011339300248567859,-0.1569727646568973,-1.0330168099058608,-0.00010932326253533582
3.12,0.014849822743693652,5.49957433339379e-09,0.5393257583623948,-1.8456145781283353e-09,3.4544944103851865e-06,-3.940374552356401e-07,-1.4147129439235469e-05,1.2480853222803055e-06,0.00011049765684261484,0.0,4,Solved,128994,79049,307431,0.0645635836198673,2.0603142636011977e-12,2.1238541854772127e-13,0.36287040221616473,-0.641021299920456,0.0010989721770698225,-0.36286451097962685,0.6410227065448053,-0.0010461614866042197,2.266129270838851e-05,-9.277302417325375e-06,0.002324932909113076,-2.333891250786737e-05,9.553918067263626e-06,-0.002329181256545252,0.15692594735601662,1.0329783242226338,0.00011357386030050066,-0.15697326361758385,-1.0330173379178769,-0.0001089608898400398
3.125,0.014850373236902388,5.268332723271666e-09,0.5393257548322535,-1.4232846100103496e-09,3.458472127767254e-06,-3.936764645487659e-07,-1.4220626940374201e-05,5.148855168380008e-07,0.00010983636078166698,0.0,4,Solved,128313,79200,305347,0.06456380907628592,1.0564690009131198e-12,7.781106057659248e-14,0.36287051488709426,-0.6410213454459965,0.0011105802545164716,-0.36286462264977604,0.6410227554450515,-0.0010577494532753781,2.246594631740852e-05,-8.998112234550657e-06,0.0023194285166378385,-2.167645666677294e-05,9.924388317986905e-06,-0.002309914986595975,0.15692105951087068,1.032974855498863,0.00011603139634767771,-0.15697811319020433,-1.0330209452205747,-0.00010634075882460206
3.13,0.014850920421102323,4.878028217713928e-09,0.5393257513001942,-7.10649412064516e-10,3.4587703784735924e-06,-3.9309877720089737e-07,-1.4293492148992522e-05,3.215012305118784e-07,0.00010917420170118914,0.0,4,Solved,125527,87816,316989,0.0645633863596591,1.0668707063392738e-12,8.501645642754914e-14,0.3628706292766367,-0.641021388719032,0.0011221835687692159,-0.36286472347351073,0.6410228071482644,-0.0010692178354797818,2.3165905081207215e-05,-8.438900119656587e-06,0.0023214871418630015,-1.9171647183932293e-05,1.0606322694044717e-05,-0.0022829196557576075,0.15693061106619535,1.032981870160653,0.00011090438399499869,-0.1569685242394028,-1.0330141817545455,-0.00011129343078991274
3.1350000000000002,0.014851464289850588,4.415752660189022e-09,0.539325747765474,1.3561084397389364e-10,3.4554574115775155e-06,-3.925764194777542e-07,-1.436572167477471e-05,9.643606579209348e-07,0.0001085104322696694,0.0,4,Solved,128422,79189,311248,0.06456327891161881,1.0648147785783035e-12,8.602876308727671e-14,0.36287074208110975,-0.6410214315410138,0.0011337501181026108,-0.36286481683669103,0.6410228598181564,-0.0010805978744268235,2.218130854599937e-05,-8.646436729052665e-06,0.0023079376039456976,-1.8343520641639234e-05,1.0489002875659857e-05,-0.002271389597166585,0.1569330787245193,1.0329837720744448,0.00010948623570353356,-0.15696600948052747,-1.033012462585901,-0.00011254963110615827
3.14,0.014852004833863577,4.09167384433744e-09,0.5393257442308936,7.330809734825485e-10,3.448567675357657e-06,-3.924811856113776e-07,-1.4437304277868937e-05,1.6652693582104197e-06,0.0001078446513250612,0.0,4,Solved,126498,79400,304816,0.06456343647581146,1.0580165107478852e-12,8.542602407527841e-14,0.3628708487736205,-0.641021475918538,0.0011452370828684017,-0.3628649072770934,0.6410229113812685,-0.0010919316557613037,2.07951138597766e-05,-9.023913187688761e-06,0.0022904309359642713,-1.7925843436307696e-05,1.0201068716157592e-05,-0.0022636673205736245,0.15692972157108345,1.0329814728206141,0.00011112132486098373,-0.1569693464264478,-1.0330149836129834,-0.00011074634378009669
3.145,0.014852542044643731,3.90620824871275e-09,0.5393257406970469,1.0759706584899692e-09,3.43814666397782e-06,-3.9251258915677445e-07,-1.450822656460006e-05,2.36424306461748e-06,0.00010717755166254986,0.0,4,Solved,128884,79280,310677,0.0645631181641501,1.0618783810941829e-12,8.056754993921609e-14,0.36287095035978045,-0.6410215213436451,0.0011566525119162117,-0.36286499386515436,0.6410229623198116,-0.001103210378712185,2.000993440162952e-05,-9.12620469745184e-06,0.002278219569240322,-1.6926610289703024e-05,1.0180201540559794e-05,-0.0022504986556673955,0.15693691785420988,1.032986792354428,0.00010725253689085157,-0.15696215127537227,-1.0330098906264016,-0.00011444577142049502
3.15,0.014853075918095529,3.869108038736875e-09,0.5393257371646243,1.147021076623438e-09,3.424275264351653e-06,-3.927128918248324e-07,-1.4578473174496794e-05,3.0464603756420996e-06,0.00010650996394100618,0.0,4,Solved,134434,81985,325224,0.064563937562407,2.050486700989867e-12,2.1206695893526736e-13,0.3628710442260716,-0.6410215688534239,0.0011679719212917877,-0.36286507937368084,0.6410230115823465,-0.001114457753552528,1.7965744452931865e-05,-9.742671284211666e-06,0.0022544011206066744,-1.72265173515382e-05,9.645781684371376e-06,-0.0022487799067664647,0.1569188264969855,1.0329739657501744,0.0001166133025989355,-0.15698028401989683,-1.033023000998512,-0.0001049056462316883
3.1550000000000002,0.014853606455570437,3.870366441217495e-09,0.5393257336341117,1.1424363172445137e-09,3.407079319155802e-06,-3.926399044923515e-07,-1.4648026887685969e-05,3.6989299660839447e-06,0.00010584324860459846,0.0,4,Solved,126058,78679,303323,0.06456359618748499,1.069842998939362e-12,8.725577081728344e-14,0.362871137526024,-0.6410216152078998,0.0011792593151269644,-0.3628651569076379,0.6410230623810816,-0.0011256089852973738,1.9121433142750723e-05,-8.972188403989985e-06,0.00225947731776703,-1.4385982677298625e-05,1.0488654582500981e-05,-0.0022180076717421456,0.15692662708110428,1.032979588086979,0.00011241316380463215,-0.1569724358622185,-1.0330175389997598,-0.00010895922578075376
3.16,0.014854133654989762,3.7196875008262215e-09,0.5393257301060417,1.410807828569489e-09,3.386655305364255e-06,-3.9210251498881513e-07,-1.4716890061571229e-05,4.344467940488995e-06,0.00010517453561517543,0.0,4,Solved,128433,79420,306078,0.06456321264828833,2.0414822706161088e-12,2.127429143088241e-13,0.3628712322565563,-0.6410216597869153,0.0011905325538711761,-0.36286522458997306,0.6410231153318156,-0.0011366455037611007,1.884557749264941e-05,-8.879412595681378e-06,0.0022514789918429458,-1.297732055436986e-05,1.0658779894479731e-05,-0.0022001792649697332,0.15693507507678933,1.0329859774729322,0.0001078947697332511,-0.15696401228875742,-1.0330114023726134,-0.00011331002807760755
3.165,0.014854657508193397,3.649248725977008e-09,0.5393257265803277,1.5371756701603024e-09,3.3630495657625435e-06,-3.9195034013109246e-07,-1.4785045340385746e-05,4.970205083378527e-06,0.00010450534241800621,0.0,4,Solved,133482,80162,312210,0.06456323105291364,1.0703795944281133e-12,8.436801643007124e-14,0.36287132125604354,-0.6410217057159205,0.0012017253584471383,-0.36286528971275545,0.6410231673048156,-0.0011476328756173078,1.7122911803374398e-05,-9.381084504292668e-06,0.0022300398527379515,-1.30587498669681e-05,1.022975083957887e-05,-0.0021956413377706165,0.1569351465257183,1.0329859378889354,0.00010772528808339263,-0.15696396684683456,-1.0330116968466183,-0.00011331483882312364
3.17,0.014855178015475118,3.772563969520712e-09,0.5393257230577368,1.3125263681572515e-09,3.33637538602799e-06,-3.922323928069856e-07,-1.4852482504398025e-05,5.576067953297351e-06,0.00010383617106869864,0.0,4,Solved,125958,79651,305577,0.06456362141950404,1.082894250423122e-12,8.248026086451006e-14,0.36287140172975746,-0.6410217540456624,0.001212810639575688,-0.3628653552768536,0.6410232172193093,-0.0011585974592099222,1.5421196457227887e-05,-9.84763333139704e-06,0.002208459727372684,-1.315910114206035e-05,9.828968628641137e-06,-0.0021911009761787273,0.15692640705992306,1.0329798524551315,0.00011218179171889918,-0.15697264623328755,-1.0330179427120647,-0.00010872121709732452
3.1750000000000003,0.014855695168891596,3.967652746988804e-09,0.5393257195392159,9.53241569788248e-10,3.306676046583373e-06,-3.923992169223657e-07,-1.4919208081556345e-05,6.184901987438421e-06,0.00010316382391870032,0.0,4,Solved,125708,79420,303243,0.06456335930784826,1.0606434715124803e-12,8.170705128814274e-14,0.3628714781875506,-0.6410218025699522,0.0012238297887529304,-0.36286541676154116,0.641023267249321,-0.0011694972270168199,1.5208290175710812e-05,-9.614649920097728e-06,0.0022007375656337095,-1.1740432339776402e-05,1.0121566161852523e-05,-0.0021725862486639967,0.15693248110090866,1.0329842757649972,0.00010891522694803378,-0.15696660523343284,-1.0330137489255722,-0.00011183002479599687
3.18,0.014856208956781747,4.139647594395533e-09,0.5393257160248289,6.345205234503798e-10,3.273964822862569e-06,-3.9243193096820666e-07,-1.4985199819886784e-05,6.778064597236868e-06,0.00010249077180058781,0.0,4,Solved,138581,80071,318171,0.06456354189159844,1.060339763524297e-12,8.506411241786839e-14,0.3628715503308586,-0.6410218513768883,0.0012347802674555592,-0.36286547456288093,0.6410233173226427,-0.0011803340422546714,1.3921991950249845e-05,-9.854699895160991e-06,0.0021830567429796457,-1.1447799694128443e-05,9.950535295559478e-06,-0.0021638827033942164,0.15692856222791723,1.0329815840074945,0.00011086572286689235,-0.15697054934825658,-1.033016670265575,-0.00010972594346144239
3.185,0.014856719378523432,4.3297705003470405e-09,0.5393257125136306,2.8320733677635425e-10,3.23834827278289e-06,-3.925089254509911e-07,-1.5050449970124647e-05,7.351692227856932e-06,0.00010181736823146365,0.0,4,Solved,125857,79169,303123,0.06456367656399503,1.054551879080495e-12,8.117259228656627e-14,0.36287161816594277,-0.6410219004158932,0.0012456610867962392,-0.3628655288937023,0.6410233675180163,-0.0011911081833992628,1.3337764496829765e-05,-9.778558511992716e-06,0.0021715870807456554,-1.0491052739373802e-05,1.009882713121636e-05,-0.0021488294891533672,0.15692569278956067,1.032979684197849,0.00011226639028557046,-0.15697342307859885,-1.0330188250239205,-0.00010817398388358285
3.19,0.014857226429187818,4.436023624177611e-09,0.539325709006723,8.371785703215254e-11,3.1998906935028145e-06,-3.923775776064472e-07,-1.5114957692074686e-05,7.917817935763247e-06,0.00010114244570388819,0.0,4,Solved,125567,79780,305617,0.06456342266608264,1.076792381028675e-12,8.102403599168614e-14,0.3628716845096571,-0.6410219484234935,0.001256497706305903,-0.3628655769924107,0.6410234190316625,-0.0012017935472814268,1.3230270824723125e-05,-9.489349949509619e-06,0.002164492066787342,-9.05069757915708e-06,1.0435691835377263e-05,-0.002129279400409329,0.15693151159383262,1.0329839735956343,0.00010913245882913418,-0.15696761648527,-1.0330147626573223,-0.0001111617745557788
3.1950000000000003,0.014857730100601992,4.483792072582446e-09,0.5393257055064725,-7.1348092872508595e-12,3.1586248806454524e-06,-3.922650513182446e-07,-1.5178713334662236e-05,8.475738507719915e-06,0.00010046603359238916,0.0,4,Solved,126700,85922,312290,0.06456326355897504,1.0616063272316582e-12,8.162985965930814e-14,0.3628717472228453,-0.6410219963667324,0.0012672702854519722,-0.3628656210244216,0.6410234708313866,-0.0012124093483040273,1.2098588823924611e-05,-9.65235963682002e-06,0.00214792230965922,-8.647852528613844e-06,1.0314917184886479e-05,-0.0021190768674197564,0.15693550349144195,1.0329868080847053,0.0001069550700033692,-0.156963729072575,-1.0330122169436007,-0.00011317380557020098
3.2,0.01485823039377181,4.6121683183788515e-09,0.5393257020125959,-2.4125937894505984e-10,3.1146656790139334e-06,-3.9249213665066356e-07,-1.5241691048717263e-05,8.99736794206587e-06,9.979145426468379e-05,0.0,4,Solved,137850,78408,315185,0.06456334142716486,2.0625498208156283e-12,2.126849444327052e-13,0.362871802388748,-0.641022046000623,0.001277940891907689,-0.36286566523037467,0.6410235211913329,-0.0012229927933347044,1.0335817792692387e-05,-1.0102560088481264e-05,0.0021249845909891477,-8.975197786494546e-06,9.920291276054212e-06,-0.002115085290845834,0.15693363872997293,1.0329858587527778,0.00010790658074057829,-0.1569658163444727,-1.0330134628346377,-0.00011204382544118182
3.205,0.01485872733304182,4.832788067965287e-09,0.5393256985196817,-6.424034325859203e-10,3.0683348255327214e-06,-3.929145343387342e-07,-1.530384907321234e-05,9.433895486160407e-06,9.912398721266167e-05,0.0,4,Solved,127500,79009,303734,0.0645639872149101,2.0406033039786255e-12,2.1262882352363104e-13,0.36287185018211565,-0.641022097283327,0.001288506939922727,-0.3628657103751417,0.6410235704056576,-0.0012335455745807946,9.047986728101036e-06,-1.0358019709353834e-05,0.002105387756495383,-9.074807604345185e-06,9.795626351207008e-06,-0.0021075596812227945,0.15691946926177094,1.0329757037183689,0.00011516655331182506,-0.1569797898468426,-1.0330237954385617,-0.00010468556594280941
3.21,0.014859220919392822,4.933167896393135e-09,0.5393256950272883,-8.284398208842738e-10,3.0197461795560432e-06,-3.9288593842132525e-07,-1.5365269297227404e-05,9.91923721866214e-06,9.844866464542658e-05,0.0,4,Solved,130656,78859,317510,0.06456332684736087,2.0365525870132055e-12,2.1118495030355503e-13,0.3628718985022534,-0.6410221465925985,0.0012990417347422659,-0.3628657483129535,0.6410236219268398,-0.001243993954312717,1.0072202189593479e-05,-9.548271376384074e-06,0.0021079526708295397,-6.615461277416383e-06,1.0629533825445495e-05,-0.0020778566987833774,0.15693441693669502,1.032986499441721,0.00010730012938602604,-0.1569648692568298,-1.0330132295577739,-0.00011241408876230916
3.215,0.01485971111470167,4.885919258638781e-09,0.539325691544558,-7.441044973973653e-10,2.9686615384905838e-06,-3.927006913551926e-07,-1.542591311091743e-05,1.0414453810613761e-05,9.77699379038422e-05,0.0,4,Solved,125306,79460,304074,0.06456312765515781,1.0534510427945098e-12,7.978070088319048e-14,0.36287194397670003,-0.6410221954694203,0.0013095164697747104,-0.36286578196996533,0.6410236739922118,-0.0012543663483677706,8.461974726553637e-06,-9.921069664830542e-06,0.002086359420345274,-6.8062888938831655e-06,1.0277949381913842e-05,-0.0020721922998012273,0.15693945009984922,1.0329901702579727,0.00010461417704095653,-0.15696006796385253,-1.033010042482525,-0.00011490083365105132
3.22,0.014860197929781868,4.9930630840935855e-09,0.5393256880730543,-9.348570214226164e-10,2.9152677966755964e-06,-3.931352152622224e-07,-1.5485740759889645e-05,1.0845412057623357e-05,9.709684452546697e-05,0.0,4,Solved,136067,79250,317680,0.06456308857312133,2.0580667503372365e-12,2.1231288716938744e-13,0.36287197917883934,-0.6410222471526132,0.0013198601204082664,-0.3628658192615388,0.6410237232819759,-0.0012647330286079774,6.106034397143267e-06,-1.0603339942017449e-05,0.002057051781466978,-7.895311201348682e-06,9.591913621212104e-06,-0.0020740710878319342,0.15694010369389047,1.0329908351446477,0.00010421831304764356,-0.15695930965354513,-1.0330094171699413,-0.0001152083190762221
3.225,0.014860681372476377,5.300807020032499e-09,0.5393256846135489,-1.4894075152354132e-09,2.8597278588344384e-06,-3.939843169871358e-07,-1.5544788635575374e-05,1.1291264388990946e-05,9.6419541816951e-05,0.0,4,Solved,125086,81253,304725,0.06456390080894166,1.0547094433612036e-12,8.319524476869248e-14,0.3628720021958846,-0.6410223021338991,0.0013300548755818505,-0.3628658621975844,0.6410237693226559,-0.0012751112169367158,3.6085473087201583e-06,-1.1250132045187043e-05,0.0020269279385966336,-9.05658004111062e-06,8.964005882912315e-06,-0.0020766838036280558,0.15692216905314016,1.032978072042268,0.00011352829983214552,-0.15697725706262997,-1.0330224129430665,-0.00010577006138884632
3.23,0.014861161416558152,5.572735359780771e-09,0.5393256811652941,-1.9841102993359727e-09,2.8019235975125178e-06,-3.94431118550204e-07,-1.5603043996820235e-05,1.1742625269522862e-05,9.573882149459404e-05,0.0,4,Solved,129254,79249,316017,0.06456344235615746,1.064099481860612e-12,7.70670292965737e-14,0.36287202211214736,-0.6410223561591588,0.0013401850549774226,-0.3628659015059835,0.641023816360579,-0.001285416126727558,4.224554563799934e-06,-1.052577689308238e-05,0.0020253642601809345,-7.087971496726224e-06,9.68963102330821e-06,-0.0020506355351971256,0.15693280678971838,1.0329857479215263,0.0001079760176635309,-0.15696674685996145,-1.0330150776985194,-0.00011116397398597754
3.235,0.014861638059810311,5.645451193299916e-09,0.539325677730263,-2.117219911938615e-09,2.7419282827996934e-06,-3.944632839946337e-07,-1.566048213210968e-05,1.2164942887713401e-05,9.505966610157654e-05,0.0,4,Solved,127201,80452,306599,0.06456347827576425,2.0405366419324435e-12,2.124524329887114e-13,0.362872039513155,-0.6410224091881367,0.0013502555473330468,-0.36286593679561907,0.6410238643710529,-0.0012956422437059283,2.995631809011882e-06,-1.0659243446074601e-05,0.002006629750587786,-7.040020518163209e-06,9.547513174585884e-06,-0.0020416168303377612,0.15693201231329904,1.032985353442376,0.0001083707294285459,-0.15696753370911334,-1.033015652412228,-0.00011065650957719151
3.24,0.01486211130295465,5.6933392943998606e-09,0.5393256743094441,-2.201086420046225e-09,2.6798408736232863e-06,-3.9468270828594934e-07,-1.571711520784066e-05,1.2587361471827615e-05,9.43782614692628e-05,0.0,4,Solved,125948,86964,311428,0.06456369718311133,1.0691808507641925e-12,8.300110918425599e-14,0.36287205126782046,-0.6410224626261155,0.0013602368345453858,-0.36286597127645615,0.6410239119192767,-0.0013058185303458573,1.9282191982438803e-06,-1.0709519215166431e-05,0.0019893597839176075,-6.806365415608273e-06,9.485331160657617e-06,-0.0020310425343217087,0.1569274162711716,1.0329821201351708,0.0001107566763551391,-0.15697220855790264,-1.0330191549297814,-0.00010813487020191608
3.245,0.014862581136112414,5.658471857343332e-09,0.5393256709032781,-2.133797383481993e-09,2.615672556994088e-06,-3.947805710132924e-07,-1.5772927055616326e-05,1.2995301916937513e-05,9.369635549440764e-05,0.0,4,Solved,139744,80081,322860,0.06456322258205377,2.0552702927953806e-12,2.1151720638865382e-13,0.3628720602431064,-0.6410225153065079,0.0013701540462715818,-0.362866002154292,0.6410239601577606,-0.001315919319467899,1.7091513212295864e-06,-1.0429917810616761e-05,0.0019794834051788624,-5.764757606856432e-06,9.750520640119824e-06,-0.002012956198983897,0.1569380318002629,1.032989967382829,0.00010522587768193961,-0.15696167664331687,-1.0330115613128603,-0.0001135341866031336
3.25,0.014863047560814812,5.59543755663703e-09,0.5393256675115262,-2.01216671243555e-09,2.549529726718028e-06,-3.950086941766998e-07,-1.5827908675073746e-05,1.3381482816523406e-05,9.30148270396501e-05,0.0,4,Solved,125818,79820,306449,0.06456424397832938,1.0541938591235495e-12,8.226226905899759e-14,0.36287206266208083,-0.6410225690101281,0.0013799713269497568,-0.3628660334397588,0.6410240073232085,-0.0013259798743985663,-3.196557715070693e-07,-1.0943148506581825e-05,0.0019528322400063519,-6.5838743565273664e-06,9.230382834761708e-06,-0.002011526202972084,0.1569156910889547,1.032973872444666,0.0001168752381723376,-0.15698407678871007,-1.0330279036532701,-0.00010176101016294324
3.255,0.014863510576592865,5.437789118066538e-09,0.5393256641338322,-1.721032014139112e-09,2.4815013406808413e-06,-3.9491087011485313e-07,-1.588205977986414e-05,1.3755025335645036e-05,9.233271870197608e-05,0.0,4,Solved,129094,79400,307040,0.06456361324555725,2.0480720514917703e-12,2.1181301274020813e-13,0.3628720668930964,-0.6410226202349807,0.0013897630652894813,-0.3628660569230696,0.6410240569162197,-0.0013359252670202203,1.6136096163167368e-06,-9.805660042576032e-06,0.0019619229092967673,-3.4598041689922544e-06,1.035550859297688e-05,-0.001974253524638468,0.15692999270303998,1.0329842107854406,0.00010939179901732034,-0.15696981786612693,-1.033017811928916,-0.00010912524023276894
3.2600000000000002,0.014863970177287925,5.043718133804985e-09,0.5393256607714856,-1.0003852666721874e-09,2.4116235159989498e-06,-3.9437610713995015e-07,-1.593538161538007e-05,1.4123957884569271e-05,9.16489894723015e-05,0.0,4,Solved,147118,80342,326587,0.0645631393993103,2.040615298785936e-12,2.1155272322128602e-13,0.36287207311947134,-0.6410226693778801,0.001399530209672399,-0.3628660724394765,0.6410241084823941,-0.0013457540678109448,1.0148645877808966e-06,-9.846202655169935e-06,0.0019478182882051004,-2.8613423819097883e-06,1.028704124776138e-05,-0.001960082983749416,0.1569407981556721,1.032992063178077,0.0001037270312155611,-0.15695913494803485,-1.0330102303889648,-0.00011465858030132323
3.265,0.014864426361305272,4.798208334492126e-09,0.5393256574248538,-5.434035238092181e-10,2.3399713209695632e-06,-3.945202913382559e-07,-1.5987853471509755e-05,1.4464508184971638e-05,9.096637744950038e-05,0.0,4,Solved,125708,79660,304605,0.06456385300112667,1.062137160035957e-12,8.055643410859804e-14,0.36287207099396435,-0.6410227211176027,0.0014091759221877003,-0.36286609057225283,0.6410241573613561,-0.0013555625635268027,-1.3692488106631747e-06,-1.0671351346053136e-05,0.001916780316360602,-4.131200934286322e-06,9.450458447998269e-06,-0.001962724230087005,0.15692513822067536,1.0329809086595791,0.00011189096442562157,-0.15697484326501143,-1.0330216480180268,-0.00010637752714582017
3.27,0.014864879130687958,4.689657734853947e-09,0.5393256540938601,-3.3835171080136895e-10,2.2666499470911836e-06,-3.947576407235431e-07,-1.6039486513284036e-05,1.4797809209944191e-05,9.02827216355334e-05,0.0,4,Solved,132350,80472,315996,0.06456359906436253,1.0702920048363748e-12,8.75155896820046e-14,0.3628720653636461,-0.6410227732032988,0.0014187428359308488,-0.36286610659759316,0.6410242057637727,-0.001365307620830676,-9.702537463366265e-07,-1.0259951065444169e-05,0.0019110659968696552,-2.603765923636439e-06,9.826065808507861e-06,-0.0019399560700081378,0.15693088963739643,1.0329851955893747,0.00010889418875039467,-0.1569691603626928,-1.0330175850298005,-0.00010926204146346348
3.275,0.014865328478512293,4.527216288130238e-09,0.5393256507800617,-3.9445399344527514e-11,2.191684341592381e-06,-3.9466518342512056e-07,-1.6090271800480895e-05,1.5122016666887732e-05,8.959810569431809e-05,0.0,4,Solved,135155,89238,324343,0.06456336132690163,2.0205760085412133e-12,2.1140944108669218e-13,0.36287205865678684,-0.6410228246508373,0.0014282531622714714,-0.36286611814553976,0.6410242546493902,-0.0013749665642409745,-1.5825061021379755e-06,-1.0311566190722255e-05,0.0018960854769178655,-2.1164570231485065e-06,9.746731447116845e-06,-0.0019263566253956228,0.15693637511274738,1.0329892934486165,0.00010603009465497333,-0.15696379573779956,-1.033013781230426,-0.00011199994958165453
3.2800000000000002,0.014865774405302215,4.458150512941366e-09,0.5393256474828569,9.090946562760702e-11,2.115165850120447e-06,-3.948273901631115e-07,-1.6140198441904783e-05,1.542128812070354e-05,8.891443953744031e-05,0.0,4,Solved,129084,96803,328321,0.06456373841350062,2.0471491602639746e-12,2.1160128260768304e-13,0.36287204618430097,-0.6410228775103262,0.0014376629642515737,-0.36286613014004143,0.6410243019782457,-0.0013845828221742806,-3.0943728543844216e-06,-1.0740886816045032e-05,0.001872588484675586,-2.5878257474957687e-06,9.287717523239347e-06,-0.0019211691218671847,0.1569282966911054,1.0329835133457483,0.00011024831679355326,-0.15697192435465757,-1.03301981461601,-0.00010767336455313097
3.285,0.014866216911232532,4.464488507821985e-09,0.5393256442035526,8.190426665730374e-11,2.037176683910207e-06,-3.950000467021818e-07,-1.6189276956905405e-05,1.571585666595306e-05,8.822946608677121e-05,0.0,4,Solved,132731,85722,328520,0.06456410059491058,2.0590309567879076e-12,2.117102931142516e-13,0.3628720304950428,-0.6410229305525731,0.001446994815941649,-0.36286614010062007,0.6410243489097366,-0.0013941333798332478,-3.1697755584197063e-06,-1.0527272466314997e-05,0.0018621998781108116,-1.6061549297517492e-06,9.449684904365048e-06,-0.0019027960008342656,0.15692049284445517,1.0329779845680849,0.00011435004390072744,-0.1569798290798502,-1.0330256095185693,-0.00010345639687911915
3.29,0.014866655991055088,4.3361058331452005e-09,0.5393256409439571,3.1280403124296104e-10,1.9577510839279524e-06,-3.946332836094578e-07,-1.623749558719107e-05,1.5996153895164367e-05,8.754438433029032e-05,0.0,4,Solved,133592,95761,347066,0.06456379904039442,2.0381914510322473e-12,2.107607656532814e-13,0.362872018599317,-0.6410229808568864,0.0014563121759981785,-0.3628661411050773,0.6410243983194668,-0.0014035543356708067,-1.8558387669000186e-06,-9.7661815392116e-06,0.0018642703235749775,7.24442088686816e-07,1.0158712657425048e-05,-0.0018718677359828525,0.15692756964231494,1.0329830974749332,0.00011063199353711135,-0.15697287186008654,-1.0330207846463106,-0.00010705611573466858
3.295,0.014867091647941132,4.062917372470931e-09,0.5393256377041998,8.071440893284342e-10,1.8769963510410184e-06,-3.9402455081968577e-07,-1.6284847674876803e-05,1.6251992736395158e-05,8.686021869345284e-05,0.0,4,Solved,131939,89469,337408,0.06456342126311566,1.076759587880235e-12,8.355288989019254e-14,0.3628720095793827,-0.6410230291986794,0.0014656051279882255,-0.36286613430443343,0.6410244494221686,-0.0014128551211209145,-1.760530290358628e-06,-9.60704771294863e-06,0.0018548332671446896,1.7855727501752286e-06,1.0262785588055612e-05,-0.0018523493619329587,0.15693623420117445,1.0329893934833863,0.00010606348028678956,-0.1569642943280655,-1.0330147402098506,-0.00011151928418440457
3.3000000000000003,0.014867523884207283,3.8832152453289515e-09,0.5393256344846796,1.1356331011756262e-09,1.795010818472638e-06,-3.938509373033686e-07,-1.6331335370233527e-05,1.6492762432298584e-05,8.617589130316148e-05,0.0,4,Solved,131488,86182,333771,0.06456407437550128,1.0562705622306306e-12,8.643288391683223e-14,0.3628719966061681,-0.641023078686423,0.0014748095895123377,-0.36286612670058177,0.6410244990914055,-0.0014220993819882733,-3.1390701144593146e-06,-1.0083663906749571e-05,0.001831667308282386,1.3491269773551008e-06,9.727114204688445e-06,-0.0018464794350171794,0.1569217731266519,1.0329791774391293,0.00011362106087839965,-0.1569788298483992,-1.0330251900080205,-0.00010386199260540358
3.305,0.014867952696436391,3.768946112745912e-09,0.5393256312858006,1.3425278484896965e-09,1.7118437757303545e-06,-3.93650390552603e-07,-1.6376960121217875e-05,1.672677672935068e-05,8.549065918279771e-05,0.0,4,Solved,132410,103235,348899,0.06456389287262476,1.077171103018459e-12,7.972831040285879e-14,0.36287198454428377,-0.6410231271055666,0.0014839688577486293,-0.36286611351534404,0.6410245495270788,-0.0014312434241810594,-1.934479587786334e-06,-9.431311169553767e-06,0.0018319263367773753,3.4828121485545973e-06,1.0318188841366267e-05,-0.0018171058712119087,0.15692618330706462,1.0329823504321531,0.00011129437504465748,-0.15697462447291974,-1.0330222859619962,-0.00010606667173524194
3.31,0.014868378091677561,3.5460771098859036e-09,0.5393256281046449,1.7436539767091877e-09,1.6276384271970635e-06,-3.930718256016332e-07,-1.642168978646076e-05,1.6909960451073186e-05,8.480930227893668e-05,0.0,4,Solved,147659,90220,373907,0.06456302992369761,1.0671296457562514e-12,8.283605135497538e-14,0.3628719763372643,-0.6410231735509102,0.0014931073358027667,-0.3628660923223365,0.6410246017935435,-0.0014402622850345432,-1.4407703114301869e-06,-9.199273207555086e-06,0.001824891568227623,4.741871767514845e-06,1.0543477524156363e-05,-0.0017948920650671968,0.15694541995324215,1.0329965252988573,0.00010118732251065327,-0.156955479844865,-1.0330084787791618,-0.00011606252272051268
3.315,0.01486880008324945,3.5005350100447185e-09,0.5393256249404998,1.8275388995392843e-09,1.5425837692345993e-06,-3.9313818009149893e-07,-1.6465551724507886e-05,1.7078851421275573e-05,8.412815387494862e-05,0.0,4,Solved,131318,83758,328190,0.06456398817832461,1.0560636147135675e-12,8.136815918504364e-14,0.3628719604307434,-0.6410232229624184,0.0015021186448564222,-0.3628660748953685,0.6410246508434498,-0.0014492619547922185,-4.323424233056424e-06,-1.0317620089943238e-05,0.0017873023010225506,2.6605159633665533e-06,9.346328711036745e-06,-0.0018031924507880186,0.15692440956351203,1.0329813806030292,0.00011214052564759889,-0.15697653848793053,-1.0330238108531937,-0.00010502640296803267
3.3200000000000003,0.014869218663585305,3.6628088838586247e-09,0.5393256217989781,1.5307343902127147e-09,1.4566777930130788e-06,-3.934155259641172e-07,-1.650854962558159e-05,1.725038191181051e-05,8.344496857714199e-05,0.0,4,Solved,141277,88668,338099,0.06456359671608723,1.0713761486394493e-12,7.87596725454031e-14,0.362871941393839,-0.6410232729032171,0.001511044438560197,-0.3628660565763498,0.6410246989843106,-0.001458200500956392,-3.4759640716934693e-06,-9.780110111473216e-06,0.0017836635389335,4.31502663007927e-06,9.809820792767433e-06,-0.0017774764261055842,0.1569333000992143,1.0329878416503322,0.00010745735239158396,-0.1569676706210681,-1.0330175474573957,-0.00010963197974440905
3.325,0.014869633818426058,3.775504945672002e-09,0.5393256186807023,1.3194964967060226e-09,1.369873123442219e-06,-3.9333334257109125e-07,-1.6550693137796802e-05,1.743712029026884e-05,8.275838603772967e-05,0.0,4,Solved,133953,81464,320555,0.0645638024898171,2.0519647184823677e-12,2.1080408714013383e-13,0.3628719216166506,-0.6410233222670545,0.0015199081596679778,-0.3628660348223102,0.6410247472783768,-0.0014670542084466208,-4.269977536236656e-06,-9.931452968129458e-06,0.001765501541413729,4.375182461967549e-06,9.566637880686737e-06,-0.0017662367507701305,0.15692891350878238,1.0329848063779932,0.00010973192709835274,-0.1569721611180933,-1.0330208398370735,-0.00010726065838721294
3.33,0.014870045536678101,3.918850770064185e-09,0.539325615587332,1.0524262108159046e-09,1.2821444986753523e-06,-3.9329639076845184e-07,-1.659197038879838e-05,1.761650038905368e-05,8.207103338081896e-05,0.0,4,Solved,134164,85251,330624,0.06456333114388797,2.0425088353080038e-12,2.112424778696568e-13,0.36287190028386784,-0.6410233712752403,0.0015287026950164234,-0.36286601043402755,0.6410247954591375,-0.001475829857911259,-4.265536461454729e-06,-9.719203589474495e-06,0.0017545060781166473,5.2072311567178475e-06,9.683851796413875e-06,-0.0017477510044380251,0.15693965373556854,1.0329926146278807,0.00010409003164810697,-0.1569615412244158,-1.0330132983022076,-0.00011280444080845541
3.335,0.014870453819540552,4.12084292123446e-09,0.5393256125190925,6.806698946679301e-10,1.1935708683915123e-06,-3.9347407207582696e-07,-1.663237542892468e-05,1.7778256564048477e-05,8.13842163534e-05,0.0,4,Solved,137279,80492,318812,0.06456381711251988,2.048409102666213e-12,2.1131766313456326e-13,0.36287187334114107,-0.6410234216094736,0.0015373906250690447,-0.36286598764096384,0.6410248418379121,-0.0014845644625570654,-6.128640133460793e-06,-1.0288211633591013e-05,0.0017263739042687497,4.1310597520232915e-06,9.019612480009624e-06,-0.0017463195418321819,0.1569289882878477,1.032985082591824,0.00010966347801073966,-0.1569722945467328,-1.033021073800318,-0.0001071438844302546
3.34,0.01487085866721653,4.40114277826094e-09,0.5393256094764187,1.661445432259758e-10,1.1042211450149712e-06,-3.937548578264481e-07,-1.6671912259939715e-05,1.7930924935847097e-05,8.069679954252994e-05,0.0,4,Solved,126038,81303,315015,0.06456369711974724,1.060758118875828e-12,8.316808588310752e-14,0.36287184283886353,-0.6410234721198593,0.0015459903023562992,-0.36286596449620667,0.6410248875383311,-0.0014932393149572477,-6.0883518433323655e-06,-9.984878053745558e-06,0.0017156109862160181,4.950891658639876e-06,9.219092548902777e-06,-0.0017274554717459636,0.15693193428442787,1.0329872848195456,0.00010812202303533931,-0.15696947490558213,-1.033019153915956,-0.00010858867823207216
3.345,0.014871260078579673,4.598801725546024e-09,0.5393256064604055,-1.9929659819259883e-10,1.0141501520291508e-06,-3.937963742426129e-07,-1.6710574325669858e-05,1.8067491835089957e-05,8.000981519997995e-05,0.0,4,Solved,124595,79180,302671,0.06456350685863757,1.0668111557346504e-12,7.826891990597906e-14,0.36287181096670584,-0.64102352181251,0.0015545217354025695,-0.3628659389315381,0.6410249335128076,-0.0015018340487916318,-6.563830162813103e-06,-9.909748476923973e-06,0.001700080021593125,5.219392575169218e-06,9.182289017607455e-06,-0.00171328243859083,0.15693668670363783,1.0329906619947056,0.00010563175415487716,-0.1569649223337864,-1.0330161097382011,-0.00011096849425300509
3.35,0.014871658064037998,4.808492497291858e-09,0.5393256034713491,-5.838642748452252e-10,9.235094462178907e-07,-3.940114561196289e-07,-1.6748344309151055e-05,1.8162731627890592e-05,7.932624486181799e-05,0.0,4,Solved,129244,92574,337217,0.06456443545730399,1.0623703758847257e-12,8.563010198369944e-14,0.3628717744250321,-0.6410235721917944,0.0015629529678996335,-0.36286591463152074,0.6410249782542607,-0.0015103801891434116,-7.800651730208361e-06,-1.0182563690411658e-05,0.0016770589441605808,4.621925603935e-06,8.80202032207335e-06,-0.0017065071471291176,0.15691593991809422,1.0329759943744594,0.00011651754708489785,-0.1569857266817055,-1.0330309673168638,-0.0001000153760984022
3.355,0.014872052631245653,4.871101160926652e-09,0.5393256005088533,-7.038766596755294e-10,8.324287377779282e-07,-3.9376676587268976e-07,-1.6785243774636656e-05,1.8253502352707104e-05,7.864165717730194e-05,0.0,4,Solved,127101,79631,308333,0.0645638354304082,1.06232056414099e-12,8.39944818580455e-14,0.36287174273073214,-0.6410236191252616,0.0015713698078617332,-0.36286588225208466,0.6410250258977057,-0.0015187916216750411,-5.378328147893842e-06,-8.882376843620949e-06,0.0016874667711686763,7.69573029595336e-06,9.992613814408207e-06,-0.0016662624050695456,0.15692960958614563,1.0329858052651029,0.00010932473503922649,-0.15697211055141333,-1.0330213668865311,-0.00010713926909302115
3.36,0.014872443768220202,4.6422271207406794e-09,0.5393255975739364,-2.9235462204627064e-10,7.408691507391467e-07,-3.930730990554453e-07,-1.6821280875363214e-05,1.8353212700498757e-05,7.795456037557523e-05,0.0,4,Solved,127140,78909,304445,0.06456400523799938,1.0744369208534725e-12,8.723128751446895e-14,0.3628717156982716,-0.6410236630722956,0.0015797709976277357,-0.36286584186317195,0.641025075932144,-0.001527069399010435,-5.4142467886847114e-06,-8.73061334597049e-06,0.0016754634012726645,8.341744603710792e-06,1.0019015239819228e-05,-0.0016483875487644704,0.15692622940505924,1.0329834310892774,0.0001110675688760777,-0.15697571348962208,-1.03302408380799,-0.0001052870902709097
3.365,0.014872831477215982,4.361241091716374e-09,0.5393255946673188,2.187136602905006e-10,6.489091979662574e-07,-3.9257613874074154e-07,-1.6856426206808313e-05,1.841156675781128e-05,7.727096072539767e-05,0.0,4,Solved,135787,79340,321297,0.06456321884381075,2.0474625378536598e-12,2.1118600094204698e-13,0.3628716906470948,-0.6410237055509775,0.0015881289743530885,-0.36286579645338235,0.6410251268350489,-0.001535240713401436,-4.738228387848149e-06,-8.347721930281255e-06,0.0016690178823604465,9.576697047519856e-06,1.028556991152555e-05,-0.0016248589231804796,0.1569438881693288,1.03299616147616,0.00010176657483954256,-0.15695808155886892,-1.033011501500972,-0.00011453655904341997
3.37,0.014873215765934696,4.194413914130061e-09,0.5393255917881398,5.271482856224483e-10,5.566756411479614e-07,-3.9259783486907215e-07,-1.6890709583966444e-05,1.8473348383681123e-05,7.658538676575263e-05,0.0,4,Solved,126790,79981,307301,0.0645632432434001,1.0794250109055039e-12,8.801689092869684e-14,0.36287165959770096,-0.6410237501652645,0.001596369439706701,-0.36286575413424266,0.6410251750200587,-0.0015433795870201323,-7.175476996871021e-06,-9.29030622485052e-06,0.0016342537797176208,7.736361365314301e-06,9.226486714485063e-06,-0.0016296207145126854,0.1569434695209029,1.032996034612794,0.00010196992257743998,-0.15695862147200693,-1.0330118918944016,-0.00011425348483087066
3.375,0.014873596624077199,4.3835530411679605e-09,0.5393255889369128,1.9048092809750538e-10,4.641404856194121e-07,-3.9340548288019476e-07,-1.692412264700838e-05,1.8529133352814395e-05,7.589942014417334e-05,0.0,4,Solved,128513,79019,305968,0.06456379018268339,1.0626801322934911e-12,8.683993462099629e-14,0.3628716168313682,-0.6410237989622587,0.0016044399824246052,-0.3628657206249012,0.6410252184116475,-0.001551538206521457,-9.470989736975688e-06,-1.006094097251797e-05,0.0016007214483925749,6.012291766569727e-06,8.330007330884136e-06,-0.0016330946827580169,0.1569312749935429,1.0329875678980873,0.00010837589098692548,-0.15697095214463577,-1.0330206429229343,-0.00010776525097703375
3.38,0.01487397405467489,4.7073306082696e-09,0.5393255861150504,-3.97146385322944e-10,3.7138276121621404e-07,-3.9407989295569163e-07,-1.6956664136264072e-05,1.8565396401827608e-05,7.521426786148053e-05,0.0,4,Solved,126889,79160,304756,0.06456398592380008,1.0702665849541393e-12,8.227628322329105e-14,0.3628715691025607,-0.6410238485019136,0.0016124027330474179,-0.3628656893197352,0.641025260389933,-0.0015596541642365332,-9.60768084420578e-06,-9.81391349408944e-06,0.0015870490896858008,6.4144018062683e-06,8.43743440834394e-06,-0.0016166536863485915,0.15692739648681084,1.0329846273823633,0.00011041533895720857,-0.15697492381298944,-1.0330237747808013,-0.0001056639810915592
3.3850000000000002,0.014874348059190514,4.8941032875411525e-09,0.5393255833229482,-7.411961194374708e-10,2.784697633695736e-07,-3.9416162546753116e-07,-1.6988339035459924e-05,1.859367339533596e-05,7.452872246554845e-05,0.0,4,Solved,130647,80232,320675,0.06456503430959644,1.0749562020402696e-12,8.458342118755039e-14,0.3628715226440765,-0.6410238961041752,0.001620314969702672,-0.36286565411484395,0.6410253036423658,-0.0015676699277787688,-9.087939259241828e-06,-9.335364109844536e-06,0.0015793389849524954,7.451742376928701e-06,8.787990900916154e-06,-0.001594202366707438,0.15690407371993786,1.0329683180663252,0.00012273691110875723,-0.15699871668514223,-1.033040548953543,-9.319155368533017e-05
3.39,0.014874718668297468,4.651319823630615e-09,0.5393255805549745,-3.0959775070414846e-10,1.8572629492872376e-07,-3.931186367071285e-07,-1.7019072607357048e-05,1.8502656590979835e-05,7.385627532361762e-05,0.0,4,Solved,124545,79570,304285,0.06456419679000044,1.059898344922352e-12,8.065401457762764e-14,0.3628714917608718,-0.6410239362283855,0.0016283017651772724,-0.3628656018791791,0.6410253539716174,-0.0015754598118023285,-4.252218765868528e-06,-7.193668401517305e-06,0.0016092179390697606,1.242780540896856e-05,1.0881331968086077e-05,-0.0015339899462780576,0.15692312252392782,1.0329817149203036,0.00011261417897633538,-0.1569794548047148,-1.033027148640007,-0.00010333183455925129
3.395,0.014875085901633939,3.9225304529779336e-09,0.5393255778079215,1.010260225943102e-09,9.337853624041595e-08,-3.914677924163787e-07,-1.7048986256620917e-05,1.847019718092722e-05,7.317525728523616e-05,0.0,4,Solved,128522,79641,306659,0.06456303687151352,2.0514788054308198e-12,2.1127221936695682e-13,0.36287147423800925,-0.6410239707754258,0.0016363420070142577,-0.3628655347279409,0.64102540943713,-0.0015830448540539003,-2.9882671035392254e-06,-6.727706124443744e-06,0.001607331026694154,1.4116807409778769e-05,1.1232672103974396e-05,-0.0015056329003823462,0.15694925724533182,1.0330004953409535,9.88360824996266e-05,-0.1569533771977587,-1.0330085899442163,-0.00011705532536485433
3.4,0.014875449709514432,3.419243131415582e-09,0.5393255750890709,1.9343047970043593e-09,1.0471160580847467e-09,-3.9111866356995687e-07,-1.7078057556257816e-05,1.8468749536149456e-05,7.248894366093131e-05,0.0,4,Solved,138151,80162,318091,0.06456294492750735,1.0689267481815296e-12,8.12928591725957e-14,0.3628714493840339,-0.6410240089133631,0.0016442473654496776,-0.36286547264623736,0.6410254606495915,-0.0015906135027182445,-6.265376479646893e-06,-8.200562737174732e-06,0.0015637496491842995,1.1310476779907774e-05,9.615567736718984e-06,-0.001518950345117408,0.1569516008711928,1.0330023608194352,9.759731030148172e-05,-0.15695130392272796,-1.0330071188401175,-0.0001181853656364067
3.4050000000000002,0.01487581009796381,3.545988778946759e-09,0.5393255724007741,1.7170297056897704e-09,-9.117375841594225e-08,-3.922047790777794e-07,-1.7106250165296124e-05,1.842168120372991e-05,7.180784032280094e-05,0.0,4,Solved,125337,80001,305286,0.06456413430766918,1.0639994487405355e-12,8.034097279341998e-14,0.3628714075238045,-0.6410240542797379,0.0016519267806582238,-0.3628654256537655,0.6410255039124444,-0.0015982564873612015,-9.772483723891606e-06,-9.63151428576979e-06,0.0015173942872831023,8.128796340001588e-06,8.040430734327843e-06,-0.0015349450740204673,0.15692506845397608,1.032983387524612,0.00011141445884852557,-0.15697777178603783,-1.0330261489227068,-0.00010435649695070635
3.41,0.014876167072264765,3.93775239530036e-09,0.5393255697435789,1.0052386945066443e-09,-1.8319305122101286e-07,-3.9302630691278993e-07,-1.7133616176702262e-05,1.8401706306228435e-05,7.112184589544279e-05,0.0,4,Solved,129604,79660,308894,0.06456368654607107,2.041339865991073e-12,2.1092868355585768e-13,0.3628713618655916,-0.6410241003803527,0.0016595024569159335,-0.36286538045616495,0.6410255456847146,-0.001605851451123247,-8.728870760964954e-06,-8.960925019107343e-06,0.0015135153501008164,9.623440180733454e-06,8.55503737777438e-06,-0.0015084769017859952,0.15693516910338778,1.0329908050365362,0.00010616043851642001,-0.15696781623743483,-1.0330189847371372,-0.00010954272029459163
3.415,0.014876520611974116,4.225889360842763e-09,0.5393255671183966,4.740366984306109e-10,-2.7513614321573357e-07,-3.931846557868669e-07,-1.7160129524318166e-05,1.8377669449162646e-05,7.043549943202744e-05,0.0,4,Solved,137520,79750,317319,0.0645638720703353,2.0630033101880826e-12,2.1165352474775094e-13,0.3628713158761528,-0.641024145528708,0.0016670091111304004,-0.36286533348202876,0.6410255876355497,-0.0016133635370873328,-9.510218837909467e-06,-9.073592227502901e-06,0.0014932280202938166,9.244277612519561e-06,8.288492545753758e-06,-0.0014983614949055642,0.15693133096614661,1.0329880601757984,0.00010815340367674692,-0.15697173264006511,-1.0330219531253648,-0.00010749756987357837
3.42,0.014876870718330005,4.506251987863841e-09,0.539325564526197,-4.251520917366148e-11,-3.6694975771391807e-07,-3.9334345588587405e-07,-1.718580377218447e-05,1.8354115269098456e-05,6.974813455201632e-05,0.0,4,Solved,128572,80733,308974,0.06456391473925474,2.04346883767068e-12,2.1145239216868375e-13,0.362871267986636,-0.6410241902739323,0.0016744330112826793,-0.36286528632089454,0.6410256291538697,-0.0016208062852234744,-9.627499265297618e-06,-8.870027243670236e-06,0.0014791347589198076,9.55484248995958e-06,8.316128393151979e-06,-0.0014820250553449542,0.15693059215293528,1.032987580224366,0.00010854481806102488,-0.15697258201727995,-1.0330226358280759,-0.00010705365735435044
3.4250000000000003,0.014877217386503752,4.702265550376653e-09,0.539325561968361,-4.0541904201450087e-10,-4.5863358431197155e-07,-3.9334692991803923e-07,-1.7210632809804052e-05,1.832420305381123e-05,6.906047150216822e-05,0.0,4,Solved,124676,79159,301911,0.06456360981244526,1.066400566759519e-12,8.089911425576646e-14,0.36287121991837684,-0.641024233857292,0.0016817899673580335,-0.36286523727729986,0.641025670976634,-0.0016281637017729609,-9.6069345453987e-06,-8.619523918720614e-06,0.0014662200135515788,9.977534828975643e-06,8.398114957604093e-06,-0.0014644668676315601,0.15693763548427472,1.0329926868794743,0.0001048726131252407,-0.1569656809701982,-1.0330177569991241,-0.00011066752383000374
3.43,0.014877560619540452,4.877211895256431e-09,0.539325559443622,-7.266316834998176e-10,-5.501162415611983e-07,-3.93497425047549e-07,-1.723461109438849e-05,1.8275579916168675e-05,6.837400650286276e-05,0.0,4,Solved,124455,87776,313792,0.06456389772417276,1.0509310639017497e-12,8.192842682623277e-14,0.36287116834420197,-0.6410242777884035,0.0016890487263366638,-0.36286518988951155,0.6410257116407218,-0.0016354668037459458,-1.0782977930973362e-05,-8.893287835766228e-06,0.0014421433574103833,9.15037778066372e-06,7.966408493044357e-06,-0.00145802073423043,0.1569313685426858,1.0329883001306952,0.00010815713351544265,-0.15697203388924164,-1.0330223635867641,-0.00010733631035908659
3.435,0.014877900419320121,5.061209869609221e-09,0.5393255569521155,-1.0627764384835873e-09,-6.413408665557281e-07,-3.937366974481523e-07,-1.7257752162969113e-05,1.8225271115061972e-05,6.768681365710217e-05,0.0,4,Solved,127441,78909,309034,0.06456459481473183,1.072574150418504e-12,8.265688704338559e-14,0.3628711142622415,-0.6410243215053805,0.001696218013429229,-0.36286514321128643,0.6410257516692914,-0.0016427067055789877,-1.0844287158933911e-05,-8.650007731523368e-06,0.001428308612496926,9.45613781586128e-06,8.031802765234608e-06,-0.0014413124511430456,0.15691632264615996,1.0329774076631466,0.00011604703914565132,-0.156987313332631,-1.0330335170357092,-9.937454085948051e-05
3.44,0.014878236793615707,4.999612657669069e-09,0.5393255544929934,-9.56083998675002e-10,-7.322001198349578e-07,-3.9329200890716485e-07,-1.7280025823243846e-05,1.8129488877926777e-05,6.700401220689188e-05,0.0,4,Solved,130838,79209,309134,0.06456436055631223,2.0613360601350554e-12,2.1100913767009854e-13,0.3628710680469151,-0.6410243608358808,0.0017033901077778803,-0.36286508729346456,0.6410257953230922,-0.0016497908539180718,-8.188434511772344e-06,-7.369078936194627e-06,0.0014383942024574286,1.2325173313425085e-05,9.177579861698575e-06,-0.0014006060161927327,0.15692161236673338,1.0329813747098675,0.00011325715371610167,-0.15698206526808248,-1.0330297689009957,-0.00010212943443677529
3.4450000000000003,0.014878569752916748,4.5802029855865595e-09,0.5393255520652559,-1.9797736277115188e-10,-8.22564703413779e-07,-3.9224364822207713e-07,-1.7301473142668856e-05,1.804135756758061e-05,6.631967593856184e-05,0.0,4,Solved,132650,80523,311008,0.06456370182622621,1.0733367268056481e-12,8.416079305537848e-14,0.36287103206121946,-0.6410243953065078,0.001710585630191969,-0.3628650198460464,0.6410258430133465,-0.0016566985086598925,-6.531773203887003e-06,-6.592324988022332e-06,0.0014395726682660942,1.427323382044947e-05,9.770028628352764e-06,-0.0013688186902146245,0.1569364883823324,1.0329920723502342,0.00010542013520616727,-0.15696725127188316,-1.0330192292196194,-0.00010993709905731864
3.45,0.014878899282751497,4.125603380900364e-09,0.5393255496731355,6.32341438799735e-10,-9.125278967404892e-07,-3.9163734172100553e-07,-1.7322095450285633e-05,1.7963588525638048e-05,6.563286597214848e-05,0.0,4,Solved,126960,79410,319093,0.06456389821131293,1.0595081261523318e-12,8.53174972132007e-14,0.3628709965527702,-0.6410244294669543,0.00171771504696118,-0.3628649503990434,0.641025890082378,-0.0016635191956158007,-7.4667762143292905e-06,-6.985322508849997e-06,0.0014168449113766846,1.3651660240605649e-05,9.18942510891435e-06,-0.001360927081865437,0.1569323035965282,1.0329891339372674,0.00010755734206719353,-0.15697155295398776,-1.033022371381007,-0.00010775715424233886
3.455,0.014879225377517166,3.854546373901896e-09,0.5393255473167251,1.1317452416821884e-09,-1.002100293927357e-06,-3.9155671903216846e-07,-1.7341888519094155e-05,1.7880939375401506e-05,6.494594113732272e-05,0.0,4,Solved,129324,79280,306679,0.06456374586732015,2.054203451247834e-12,2.1111905012117213e-13,0.36287095880997744,-0.6410244645007275,0.001724751832213057,-0.3628648816959901,0.6410259353484711,-0.001670279328181061,-7.6033752709403525e-06,-7.022209181241068e-06,0.0014010445624328405,1.3803147343198218e-05,8.967742836759488e-06,-0.0013460775912209398,0.1569359051957872,1.0329917952524221,0.0001056413844372484,-0.15696810185536433,-1.0330199338771224,-0.00010962447786141295
3.46,0.014879548042164261,3.729692073645017e-09,0.5393255449951269,1.3630378155880007e-09,-1.0912036894015656e-06,-3.9163039114811484e-07,-1.7360847128580083e-05,1.7777546523834776e-05,6.426064124552587e-05,0.0,4,Solved,136819,78778,313202,0.0645637264442825,2.048768765101211e-12,2.1079198241727775e-13,0.3628709185658956,-0.6410245004896039,0.0017316923523112693,-0.36286481422883565,0.6410259787660466,-0.0016769823578537885,-8.344614873954707e-06,-7.3108160539937594e-06,0.001379508491691919,1.3291870147488821e-05,8.504539478849038e-06,-0.0013369234242022472,0.15693647440349628,1.0329923111348196,0.00010530503048379306,-0.1569676100773786,-1.03301962310852,-0.00010992797351726364
3.465,0.014879867279362424,3.78637583413864e-09,0.5393255427087421,1.2618413972581979e-09,-1.1797834015465537e-06,-3.919083381538537e-07,-1.737898912446399e-05,1.767617002255289e-05,6.357449937791143e-05,0.0,4,Solved,133402,79861,311138,0.0645638146452528,1.0681187474964177e-12,8.150798372013495e-14,0.36287087426313924,-0.6410245378634867,0.001738522725884535,-0.3628647495825684,0.6410260198522115,-0.0016836420756864289,-9.206354884308522e-06,-7.579983378647881e-06,0.001357139078852288,1.2689626674388147e-05,8.03632795664582e-06,-0.0013285993922218194,0.15693462662082533,1.0329910820454817,0.00010624790201047032,-0.1569695648093716,-1.033021034324045,-0.00010895183134285852
3.47,0.014880183084489951,3.971866243045591e-09,0.5393255404592466,9.231364335435167e-10,-1.267849960142344e-06,-3.9222839606943125e-07,-1.73963121293563e-05,1.757090510965992e-05,6.288806824823684e-05,0.0,4,Solved,136859,85211,335804,0.06456442589561386,1.0631186872230394e-12,8.367907519458109e-14,0.36287082661687003,-0.6410245760207892,0.0017452503347436415,-0.362864687041768,0.6410260591751644,-0.0016902510280945224,-9.749338506945172e-06,-7.66486987929457e-06,0.0013377775410251726,1.2386553256393635e-05,7.757529817052061e-06,-0.0013172457646902676,0.1569216646025152,1.0329817881428056,0.00011304270974657013,-0.1569830857548177,-1.0330308143298217,-0.00010201965997948137
3.475,0.014880495499029924,4.086549411764378e-09,0.5393255382403518,7.076466767912984e-10,-1.3550106889162637e-06,-3.9208322855930693e-07,-1.7412724979192482e-05,1.7315288151865263e-05,6.221820458430298e-05,0.0,4,Solved,127361,80802,315797,0.06456346436434249,2.040683549176359e-12,2.1118687244630548e-13,0.36287078379350374,-0.6410246117868195,0.0017519436208515175,-0.362864619858327,0.6410261002204759,-0.0016967402076506811,-7.78778888313889e-06,-6.8285508325353355e-06,0.0013391710810809606,1.4128202779400628e-05,8.500170301821097e-06,-0.0012849631744977566,0.15694278566835498,1.032997110739698,0.0001019731965278863,-0.15696167969447217,-1.0330154298294798,-0.00011315508711225245
3.48,0.014880804549225546,4.157470227305468e-09,0.5393255360487924,5.743997399227659e-10,-1.4410077042229404e-06,-3.920131537681789e-07,-1.7428380749407053e-05,1.714266015908083e-05,6.153813568488192e-05,0.0,4,Solved,132320,79370,311759,0.0645638766631971,1.0678724495232859e-12,8.456532416441757e-14,0.36287073888648436,-0.6410246481514198,0.0017585413949842913,-0.3628645547415087,0.6410261399077091,-0.0017031709184811825,-9.764467807869321e-06,-7.555034237009936e-06,0.0013065756462199063,1.2303874438861919e-05,7.5830611338614205e-06,-0.0012868234259795534,0.1569337585083938,1.032990697242625,0.00010664460881509258,-0.1569707726012267,-1.0330220266111536,-0.00010846110055476351
3.485,0.014881110177430793,4.399329912149229e-09,0.5393255338940409,1.3322661449170944e-10,-1.5263156457278916e-06,-3.924148845026161e-07,-1.7443246223906802e-05,1.700968542075337e-05,6.0852951438655406e-05,0.0,4,Solved,126369,79240,303493,0.06456453859754573,1.0607469028859836e-12,8.446043224442202e-14,0.3628706889437103,-0.641024685796335,0.0017650205921090221,-0.36286449378812846,0.6410261772925544,-0.0017095665434230622,-1.014482014261073e-05,-7.513316718388216e-06,0.001288667160440879,1.2112916091100707e-05,7.411166920589818e-06,-0.0012740004034987836,0.15691985409393563,1.032980462426968,0.00011385664341018276,-0.15698494094342957,-1.0330326175607316,-0.00010117388370270131
3.49,0.014881412391990178,4.509567744229746e-09,0.5393255317779818,-7.431857663247162e-11,-1.6108434884328756e-06,-3.9223043220083717e-07,-1.745728936524514e-05,1.6828332826393306e-05,6.017297157129288e-05,0.0,4,Solved,126228,78539,303343,0.06456400708022272,1.0692617026406493e-12,8.135907846991103e-14,0.36287064452895534,-0.6410247202537046,0.001771475872619464,-0.3628644267643529,0.64102621679084,-0.0017158322250991063,-8.055841745272503e-06,-6.495346424927176e-06,0.001292566017654832,1.4256593795697148e-05,8.213505142775986e-06,-0.001239301957649115,0.15693124440902223,1.0329889436494875,0.0001079124984724988,-0.15697348293739408,-1.0330241132835636,-0.00010714605762338776
3.495,0.014881711199181618,4.424618660436912e-09,0.5393255297001213,7.381771253114429e-11,-1.6945126175927363e-06,-3.9173271208152276e-07,-1.747056027810014e-05,1.6678697051373875e-05,5.948851086252156e-05,0.0,4,Solved,137941,80291,316398,0.0645640587579475,2.052796414451618e-12,2.1061415025875165e-13,0.36287060422256795,-0.6410247523742534,0.0017778951166973682,-0.3628643550300146,0.6410262575788884,-0.0017219800692912324,-8.058561954943048e-06,-6.378239265272347e-06,0.0012780729005706286,1.4418321698198064e-05,8.125300588976926e-06,-0.0012230361117731338,0.15693031622416018,1.032988327802358,0.00010836876794607152,-0.15697460065832045,-1.03302494012716,-0.00010664906163727683
3.5,0.014882006585103904,4.326933218443161e-09,0.539325527657901,2.497770553332388e-10,-1.7774078947061025e-06,-3.914795504934976e-07,-1.7483025439303565e-05,1.650734084948236e-05,5.8805877968622056e-05,0.0,4,Solved,126569,78849,303774,0.0645629798807922,1.0645618552737967e-12,8.535261334997345e-14,0.3628705646696524,-0.6410247837388787,0.001784246673418619,-0.3628642820471817,0.6410262981902635,-0.0017280416709639242,-7.811265744001112e-06,-6.20658436768461e-06,0.0012651460825396582,1.472115457473671e-05,8.122968996734668e-06,-0.0012051582940660304,0.15695729135574718,1.0330076780926751,9.434574615094999e-05,-0.1569480243663813,-1.0330061265682864,-0.00012055792423118802
3.505,0.014882298587839442,4.490813187733747e-09,0.5393255256498831,-4.266955009088472e-11,-1.8591861703382304e-06,-3.9213972211165494e-07,-1.7494650906441125e-05,1.6243017132313458e-05,5.813440850051275e-05,0.0,4,Solved,126589,79069,306890,0.06456449030017317,1.0592061024084338e-12,8.080817433136674e-14,0.36287051268162424,-0.6410248201474618,0.001790405783497389,-0.36286422187759815,0.6410263328073351,-0.0017341414146909825,-1.2104441500703661e-05,-7.9665168527363e-06,0.0012097658537104591,1.0264978596279433e-05,6.162321576577401e-06,-0.0012296394015060485,0.15692094042994517,1.0329818025703428,0.00011319563511151435,-0.15698415444773736,-1.0330318448027707,-0.0001017841239397253
3.5100000000000002,0.014882587217692827,4.878953795364194e-09,0.5393255236787409,-7.480153917550216e-10,-1.9397465737488907e-06,-3.9288812676904805e-07,-1.7505532729946683e-05,1.6042250022511287e-05,5.74541005288285e-05,0.0,4,Solved,129314,87496,316067,0.06456416542085612,2.067196313093404e-12,2.1117956703859832e-13,0.3628704579957495,-0.641024856638347,0.0017964629035983903,-0.3628641644888033,0.6410263663039643,-0.0017401889959834092,-1.0187344589995814e-05,-6.876141811962767e-06,0.0012123790178592267,1.2263216709440873e-05,7.040405099116499e-06,-0.0011962407996213011,0.15692835107297767,1.032987129895263,0.00010935928773665892,-0.15697679657612615,-1.033026646733698,-0.00010561484413965357
3.515,0.01488287242818439,4.970096608262735e-09,0.53932552174597,-9.200085356781356e-10,-2.019458527617567e-06,-3.926755370607098e-07,-1.7515652166546502e-05,1.5877890849283428e-05,5.676935443524443e-05,0.0,4,Solved,135536,80562,314834,0.06456370892235157,1.0797092161405846e-12,7.712858410454646e-14,0.3628704086295513,-0.6410248896939624,0.001802495707702369,-0.3628641012814881,0.6410264021535481,-0.0017461069962195312,-9.665892840810074e-06,-6.4428676791275775e-06,0.001202667657117675,1.2897012150659253e-05,7.254429563659437e-06,-0.0011751761403022128,0.1569387232028271,1.0329948466582033,0.00010402324993677422,-0.15696680178186764,-1.033019342757625,-0.000110862082563409
3.52,0.014883154238215882,5.010441652142785e-09,0.5393255198505769,-9.937745829420413e-10,-2.098143224257474e-06,-3.927046849126814e-07,-1.7524953812065026e-05,1.5628490864073594e-05,5.609424045288216e-05,0.0,4,Solved,129344,79380,306650,0.06456371182148314,2.047333588728368e-12,2.1029008360582427e-13,0.3628703569368658,-0.6410249228994802,0.0018084314451612096,-0.3628640405948253,0.6410264368313998,-0.0017519679156009728,-1.0780411788167169e-05,-6.768909702497182e-06,0.0011768493190598393,1.164298437225908e-05,6.733953366094895e-06,-0.0011701287597259665,0.15693884460518018,1.032995095611484,0.00010397277304529878,-0.15696683059189873,-1.0330193891437303,-0.00011087449193547984
3.525,0.014883432689383158,5.1446292210903974e-09,0.5393255179926306,-1.2335215928469821e-09,-2.1754365611459107e-06,-3.9316269528724496e-07,-1.753347425948787e-05,1.5343742831539232e-05,5.5423243692518524e-05,0.0,4,Solved,126359,84089,309304,0.06456390255619841,1.0620805919956594e-12,8.382440618350997e-14,0.3628702997838587,-0.6410249575112629,0.0018142387069703394,-0.3628639861030408,0.6410264689953259,-0.001757802985495026,-1.186504048918901e-05,-7.022772239806233e-06,0.0011512010272481132,1.0406557269512472e-05,6.240517061245328e-06,-0.0011649118267982558,0.15693494109766584,1.0329920022412822,0.00010599835508190626,-0.15697075756034115,-1.0330224408991746,-0.00010887485129152496
3.5300000000000002,0.014883707782724336,5.31777005692612e-09,0.539325516172075,-1.5446140924977723e-09,-2.251312993734602e-06,-3.936525415093752e-07,-1.7541225436080743e-05,1.5065389788293231e-05,5.475064638328669e-05,0.0,4,Solved,138943,81464,328290,0.06456341031758783,2.0565656224578788e-12,2.1062996764612956e-13,0.36287023928416207,-0.6410249926231538,0.0018199361850698692,-0.3628639357651619,0.6410264996630148,-0.0017635935323272712,-1.226331944614138e-05,-7.025263873512496e-06,0.0011316705728125474,9.840494476667492e-06,6.065615373620433e-06,-0.001153582970005968,0.1569461296537068,1.0329999959023832,0.0001002015537473184,-0.15695954758240424,-1.0330145650814053,-0.0001146848019958274
3.535,0.01488397949990669,5.584649662054322e-09,0.5393255143861293,-2.0248907824793326e-09,-2.3259026198416826e-06,-3.943903166143996e-07,-1.7548239428073168e-05,1.4827903007850258e-05,5.4073256229370934e-05,0.0,4,Solved,127330,79220,305407,0.06456420732623629,2.0588261891967173e-12,2.1206754847019865e-13,0.36287017071690975,-0.641025030138132,0.0018254827733326935,-0.3628638939618729,0.6410265269164043,-0.001769380838473795,-1.4677557296110525e-05,-7.809673985703446e-06,0.001094465213442731,7.382483632790433e-06,5.059129065130711e-06,-0.0011599836826398516,0.1569281889853696,1.032987242617888,0.00010957198130471248,-0.15697743458173738,-1.0330273172197806,-0.00010534753766461061
3.54,0.014884247811985132,5.889977374167785e-09,0.5393255126390788,-2.577610861476688e-09,-2.3994436582989866e-06,-3.950302341206292e-07,-1.7554531107429803e-05,1.4636753934672282e-05,5.3389619988386524e-05,0.0,4,Solved,126429,79230,303764,0.0645651894929715,1.0711559530043084e-12,8.958091556606917e-14,0.3628700993828932,-0.6410250672851174,0.0018309300125921558,-0.3628638548237833,0.6410265534212523,-0.0017751136057766236,-1.4010464761165137e-05,-7.191526060652588e-06,0.0010860073900598138,8.112742361639298e-06,5.45311070040092e-06,-0.0011376814109595485,0.15690679097907115,1.0329719626055858,0.00012083980134534631,-0.15699930917125102,-1.033043031887544,-9.397638092916473e-05
3.545,0.014884512735020101,5.722633508163741e-09,0.5393255109271622,-2.278627301795709e-09,-2.471780854831055e-06,-3.943199364048464e-07,-1.756000794835868e-05,1.4338050718204017e-05,5.271888368671226e-05,0.0,4,Solved,142148,81133,321968,0.06456414682675161,2.052378058690886e-12,2.102512807088732e-13,0.3628700431425643,-0.6410250969066759,0.0018364370246863077,-0.3628638013838575,0.6410265865356861,-0.0017806323843853069,-9.427004652216217e-06,-5.121411832363222e-06,0.0011114944208442845,1.2390207446797162e-05,7.3673917512813e-06,-0.0010812953615573244,0.15693001658051292,1.032988514398915,0.00010871771316378636,-0.1569757986802409,-1.0330263492280258,-0.00010618789446571062
3.5500000000000003,0.014884774287807254,5.106234258960767e-09,0.5393255092483912,-1.1576099998857433e-09,-2.5427417055528823e-06,-3.9312585665374376e-07,-1.756480150735925e-05,1.4119455311070164e-05,5.203807742110835e-05,0.0,4,Solved,124736,79761,303784,0.06456381127721093,1.0607528271666343e-12,8.889000203706356e-14,0.36286999688066696,-0.6410251220479406,0.0018419575678100418,-0.36286373845960934,0.6410266231410015,-0.0017859835774556067,-9.119549831274111e-06,-4.969682488566204e-06,0.001099248260781953,1.2737004255249878e-05,7.2932309099601806e-06,-0.0010627885926827796,0.15693768811116487,1.0329940296608993,0.00010471628936789787,-0.15696821961704566,-1.033020980435375,-0.00011018378557299545
3.555,0.014885032419968205,4.590588386218404e-09,0.53932550760879,-2.0899871551155968e-10,-2.6127510743340664e-06,-3.9278812209054896e-07,-1.756886820789362e-05,1.3925711890401716e-05,5.13539389605582e-05,0.0,4,Solved,125357,79931,303924,0.06456402128126403,2.0498389221767173e-12,2.1169083564910498e-13,0.3628699484577644,-0.6410251481549455,0.0018473813118508426,-0.36286367752817467,0.6410266576514534,-0.001791277800853762,-1.0051366807554377e-05,-5.384123748881189e-06,0.0010751438636676888,1.1835157244318145e-05,6.652979108693276e-06,-0.0010561381754917599,0.15693314776320383,1.0329909250238416,0.00010709433694685738,-0.15697295866643626,-1.0330243405002244,-0.00010776942707612898
3.56,0.014885287142217069,4.261363854936387e-09,0.5393255060081348,4.011597566260747e-10,-2.681711702740272e-06,-3.9284891089905495e-07,-1.757218977507944e-05,1.3698330261052928e-05,5.0673877781387934e-05,0.0,4,Solved,131589,81675,312150,0.0645641702061156,1.0738476664253135e-12,8.174669415508186e-14,0.3628698981019603,-0.6410251751343167,0.0018527075280397134,-0.3628636186587084,0.641026690167561,-0.0017965156564805425,-1.0087742989320162e-05,-5.406822238690025e-06,0.001058634724460738,1.1735886269041512e-05,6.406813076264602e-06,-0.0010418514519343921,0.15692992262252098,1.032988583054633,0.00010875686701338332,-0.15697617085846868,-1.0330267232978496,-0.00010613505595912816
3.565,0.014885538460850976,4.005761506298741e-09,0.5393255044465436,8.726613969099732e-10,-2.749565017792218e-06,-3.927859527906313e-07,-1.757479947467266e-05,1.3490847421049809e-05,4.9991381068380616e-05,0.0,4,Solved,127380,79570,309805,0.0645643840801376,2.050413946614563e-12,2.1035742066048818e-13,0.36286984909608183,-0.641025201533173,0.001857966234583545,-0.3628635585247737,0.6410267221258408,-0.0018016671725182112,-9.615847538318903e-06,-5.201131448741575e-06,0.0010471221879287621,1.2221337740078536e-05,6.38199849956695e-06,-0.0010226108952455229,0.15692525120992928,1.032985305509146,0.00011118545165187195,-0.1569809391878819,-1.0330301452822015,-0.00010370403831646244
3.5700000000000003,0.01488578636412688,3.732577537857883e-09,0.5393255029245865,1.371168762901446e-09,-2.8164042903687947e-06,-3.924213649815347e-07,-1.757668802227271e-05,1.3286134972623294e-05,4.930853263232497e-05,0.0,4,Solved,135606,79711,315126,0.06456418723945474,1.0723854304234875e-12,7.880274036520379e-14,0.36286980486949616,-0.6410252259264941,0.001863189318079072,-0.36286349358787917,0.6410267549382827,-0.0018067005499125518,-8.33810120923696e-06,-4.674524805042413e-06,0.001042908787025648,1.3498054490113688e-05,6.678458995804579e-06,-0.0009960719192519372,0.1569297984447292,1.03298855593506,0.00010880171062108748,-0.15697646394760717,-1.0330269958312759,-0.00010609606146589629
3.575,0.014886030853166707,3.4390267167722773e-09,0.5393255014417028,1.9048658425878585e-09,-2.8822144826445378e-06,-3.919357321784961e-07,-1.7577860786685445e-05,1.3080734082050114e-05,4.862549960314205e-05,0.0,4,Solved,128814,80192,316117,0.06456338645117593,2.0394701075320943e-12,2.1011674471885534e-13,0.3628697645897216,-0.6410252488776048,0.0018683689057540627,-0.36286342471950844,0.6410267880684015,-0.0018116236854651114,-7.866921258674612e-06,-4.53636873629362e-06,0.0010312686984821962,1.3964927765653333e-05,6.595168598646598e-06,-0.0009769671533496373,0.1569476873038175,1.0330015675319524,9.952784411258037e-05,-0.15695877100019176,-1.0330141832188149,-0.00011534873240198851
3.58,0.014886271937464736,3.3885312350315916e-09,0.5393254999956617,2.0002433525310932e-09,-2.946907560142948e-06,-3.9213301440692996e-07,-1.7578296693880334e-05,1.2838920623141978e-05,4.794661425828163e-05,0.0,4,Solved,135215,78909,313482,0.06456386157776171,1.0770292256672535e-12,8.250650513616861e-14,0.36286971757326686,-0.641025275014857,0.001873405999331079,-0.36286336295880073,0.6410268169823249,-0.001816535502656885,-1.0416742177321799e-05,-5.6675193664325015e-06,0.0009916242561117154,1.1294406518908399e-05,5.2682834028258476e-06,-0.0009858368161893391,0.15693723203133678,1.0329939994461128,0.0001049366985800433,-0.15696923524442927,-1.0330217852441874,-0.00010997021951016449
3.585,0.014886509626814223,3.6860890979618594e-09,0.5393254985839201,1.4607478949515098e-09,-3.0103930010772387e-06,-3.928529013804129e-07,-1.7578028265035196e-05,1.2607625486344981e-05,4.726642867036407e-05,0.0,4,Solved,130025,79219,307290,0.06456336286417841,2.0427052577778226e-12,2.1134942663185728e-13,0.36286966332342874,-0.6410253040823506,0.0018782959440526493,-0.3628633088970631,0.6410268420034959,-0.0018214407085019788,-1.1150191728138328e-05,-5.907586695563515e-06,0.0009688769928453004,1.0486298471550153e-05,4.8378610959305215e-06,-0.0009778466123721657,0.15694884127853936,1.0330022312961054,9.895974118546728e-05,-0.15695788715541956,-1.0330138058268545,-0.00011591326650880659
3.59,0.014886743928775405,4.221044600415217e-09,0.5393254972041789,4.859472510977836e-10,-3.072600244626804e-06,-3.937901745431745e-07,-1.7577017027049307e-05,1.2326823625308736e-05,4.6592404669048376e-05,0.0,4,Solved,130246,90651,320245,0.06456470960852269,1.0625257579050096e-12,8.37538969747357e-14,0.36286959953607917,-0.6410253367956086,0.0018830173822894892,-0.36286326527190343,0.6410268625204826,-0.0018263606141320076,-1.3829828907971654e-05,-6.947198913761696e-06,0.0009279497024224158,7.556783976455542e-06,3.6390279797222537e-06,-0.0009879961344769809,0.15691841219123476,1.0329808263332014,0.00011481427267858697,-0.15698830954567553,-1.033035353736363,-0.00010008062209255053
3.595,0.014886974859914292,4.7600184592634304e-09,0.5393254958573536,-5.038587472268246e-10,-3.1333928870998568e-06,-3.9424146247166423e-07,-1.7575318852442354e-05,1.2055620583855675e-05,4.5916374843967564e-05,0.0,4,Solved,126599,79881,306229,0.064563647110805,1.0716725034060687e-12,8.871470459711868e-14,0.36286953807101374,-0.6410253673641381,0.0018876805344886023,-0.3628632202091293,0.641026884183322,-0.0018311851328930682,-1.1296960787959288e-05,-5.584812777842053e-06,0.0009355872151588264,9.961357186591175e-06,4.774645317085214e-06,-0.0009496522149754716,0.1569429316294197,1.0329980176907838,0.00010213205017710256,-0.15696395556700737,-1.03301835377288,-0.00011275187363074045
3.6,0.01488720241574541,5.070131960546776e-09,0.5393254945484882,-1.077056604727412e-09,-3.1928218091807776e-06,-3.942761087419279e-07,-1.7572907909253567e-05,1.1769639830033108e-05,4.524292378088278e-05,0.0,4,Solved,128663,79400,306088,0.0645652713334853,2.0330006828606868e-12,2.1090840738704542e-13,0.3628694763319115,-0.6410253970708516,0.001892263243677116,-0.36286317630189396,0.6410269055992823,-0.0018359365325503847,-1.3039650212885637e-05,-6.166705043858195e-06,0.000903917332556393,8.010422754742921e-06,3.974322270713637e-06,-0.0009506052184493005,0.15690655019660538,1.0329720991305436,0.00012110019236095726,-0.1570004205348952,-1.0330443413357648,-9.380393484830495e-05
3.605,0.014887426609863499,5.1680882349148994e-09,0.5393254932753704,-1.2655845095832949e-09,-3.2507699703428196e-06,-3.9383124500120474e-07,-1.7569796183680004e-05,1.1472409271352195e-05,4.457078839388156e-05,0.0,4,Solved,128192,78939,304435,0.0645646200128262,1.061178239867668e-12,8.318703821947879e-14,0.36286942515967885,-0.6410254213783384,0.0018968624749359844,-0.3628631229728522,0.6410269313979384,-0.0018405178877752416,-8.391425708246124e-06,-4.03230726445448e-06,0.0009302711249248519,1.2415819108113945e-05,5.915457895485273e-06,-0.000893554763916714,0.15692125101407645,1.0329826045316097,0.00011346766086507503,-0.1569857334147948,-1.0330339202052192,-0.0001014647421431524
3.61,0.01488764743893561,4.7099148984189566e-09,0.5393254920371612,-4.416894703836861e-10,-3.3072656980703587e-06,-3.9242731550747965e-07,-1.756600922166339e-05,1.1193876028594296e-05,4.389678296877784e-05,0.0,4,Solved,134254,85171,340343,0.06456352924336252,2.0464420972213908e-12,2.1071110882320465e-13,0.3628693891566766,-0.6410254390042597,0.0019015205447677108,-0.3628630554929024,0.6410269628392512,-0.0018448870698401297,-6.398726831131144e-06,-3.201197951130393e-06,0.0009325147928163735,1.4230980084615812e-05,6.529113002534012e-06,-0.0008606634787083636,0.1569459433117414,1.0330001285742938,0.00010059368515310724,-0.15696108182489846,-1.0330164678938003,-0.0001143646041432349
3.615,0.014887864892273006,4.302459863078367e-09,0.539325490835938,3.0387555832546747e-10,-3.362407859904903e-06,-3.919659879716124e-07,-1.7561549696699583e-05,1.0923347169827739e-05,4.322097999759074e-05,0.0,4,Solved,146767,113915,382954,0.06456384885752986,1.0762025649177912e-12,8.494364619420372e-14,0.3628693503335414,-0.6410254582194089,0.0019060719651869465,-0.36286299165000807,0.6410269916005443,-0.0018492097560027546,-8.654125073840852e-06,-4.2510044454554e-06,0.0008956035857207626,1.1821681339162325e-05,5.260649172508038e-06,-0.0008669575242842968,0.15693849387322406,1.0329950518555666,0.0001044606749216908,-0.15696850938680995,-1.0330215817204778,-0.00011053850082644801
3.62,0.014888078957863569,4.254866351969e-09,0.5393254896729477,3.9935147898652694e-10,-3.416305594815985e-06,-3.924314103812191e-07,-1.7556438404692658e-05,1.0689341388410092e-05,4.254173310693308e-05,0.0,4,Solved,135116,91724,342046,0.06456423411336974,1.0801883792100514e-12,8.605763220488004e-14,0.3628693042883555,-0.6410254804997573,0.0019104766645067477,-0.36286293553310567,0.6410270161426789,-0.0018535262491668925,-9.583413184668562e-06,-4.588973263399276e-06,0.000871168108799296,1.0827077212709867e-05,4.68377160775999e-06,-0.0008608325930048168,0.15692988356541593,1.0329889940871109,0.00010893995057917159,-0.15697718919189782,-1.0330277458139159,-0.00010607622827905947
3.625,0.014888289623581893,4.299199798508436e-09,0.5393254885501129,3.2144687226932175e-10,-3.4690722189994156e-06,-3.926931716653939e-07,-1.755066784830235e-05,1.0463134161156756e-05,4.186176369995011e-05,0.0,4,Solved,138050,83648,337267,0.06456446855232043,1.0581828916480067e-12,8.451692376222798e-14,0.36286925803709613,-0.6410255024060924,0.0019148003513843352,-0.36286287993619304,0.6410270398519237,-0.0018577710016142554,-9.039553389700984e-06,-4.250932345422419e-06,0.0008603985265205705,1.1309930490405468e-05,4.778741248424759e-06,-0.0008410576223878656,0.1569248450481959,1.032985328286293,0.00011155958817630448,-0.15698231282142658,-1.0330314968371268,-0.0001034754557131459
3.63,0.014888496891740164,4.2353459070550505e-09,0.5393254874668907,4.348190215993409e-10,-3.5206961430623638e-06,-3.924359305388308e-07,-1.754423468722098e-05,1.0232057429132343e-05,4.1182633156151735e-05,0.0,4,Solved,130427,81765,317940,0.06456376985697106,2.047824212918137e-12,2.101600583838879e-13,0.36286921704899544,-0.6410255216670353,0.001919093287635431,-0.36286281946137694,0.6410270650375854,-0.0018618938095921057,-7.644921178892274e-06,-3.598843633775859e-06,0.0008573281217473411,1.261690304195008e-05,5.2031683836689695e-06,-0.000813592256127293,0.15694049173784516,1.0329966105221988,0.00010344813397609071,-0.15696674605998903,-1.033020317711537,-0.00011160519865495846
3.6350000000000002,0.014888700766814816,4.17138718914543e-09,0.5393254864218842,5.506984753939212e-10,-3.5711465312767302e-06,-3.9232607525582187e-07,-1.7537142554605424e-05,9.995342145751836e-06,4.050426703494288e-05,0.0,4,Solved,154812,95200,368295,0.06456445413253617,2.0547981673416984e-12,2.1023470046244717e-13,0.3628691748201681,-0.6410255412711947,0.001923296028412472,-0.3628627606971449,0.6410270887459989,-0.0018659541811152282,-8.97165718070075e-06,-4.125502561814338e-06,0.0008294275871594889,1.1192059101924783e-05,4.450246157073625e-06,-0.0008109721878271272,0.15692535117473272,1.0329857710078156,0.00011129666131577039,-0.15698198463083496,-1.0330312661205787,-0.00010377345714848615
3.64,0.014888901254230171,4.182157346746378e-09,0.5393254854145311,5.300929336147589e-10,-3.6203877070808447e-06,-3.923172110106573e-07,-1.7529389529360198e-05,9.74883234501106e-06,3.9827359102482e-05,0.0,4,Solved,134003,82967,331105,0.06456418845164374,2.048804715152917e-12,2.1035072962960046e-13,0.3628691340291343,-0.6410255599635577,0.0019274320661485577,-0.3628627010797598,0.6410271122555716,-0.0018699286969687849,-7.628336995092128e-06,-3.4930182306374746e-06,0.0008256610117823309,1.2405966904536843e-05,4.863329976909049e-06,-0.0007842324771261445,0.1569312629379451,1.0329900561692746,0.00010822370553968047,-0.15697607461758525,-1.0330270152263,-0.00010688874248897849
3.645,0.014889098353525818,4.097168524041051e-09,0.5393254844447363,6.816565543079121e-10,-3.6684348808606674e-06,-3.9201894471501356e-07,-1.752099743231058e-05,9.520174391680606e-06,3.914863776318506e-05,0.0,4,Solved,136318,86473,338430,0.06456379478339674,2.0193144761366915e-12,2.1110187532379158e-13,0.362869096629548,-0.6410255769689908,0.0019315201542108684,-0.3628626385452563,0.6410271363262988,-0.0018737987837450976,-7.380898710829223e-06,-3.3421864259184113e-06,0.000812261309308484,1.2581637985574858e-05,4.785140394221815e-06,-0.0007671763028468191,0.15694018315347472,1.0329964355633152,0.00010359493417605029,-0.15696724009097135,-1.033020716534348,-0.00011154137842182329
3.65,0.014889292059213789,4.112627827360702e-09,0.539325483512533,6.538671698325661e-10,-3.715346564313154e-06,-3.9210662141283587e-07,-1.7511957196591072e-05,9.289701289801011e-06,3.847039845598171e-05,0.0,4,Solved,129504,104487,351323,0.06456442324331886,2.0443303688134898e-12,2.1105513149296e-13,0.36286905589811774,-0.6410255951968686,0.0019354990637043387,-0.36286257978798936,0.6410271580708987,-0.0018776258183719457,-8.65248868823733e-06,-3.838570830004954e-06,0.0007848451704702024,1.1209505859675802e-05,4.073502882101133e-06,-0.0007641523539551137,0.15692737591672296,1.0329869795836333,0.00011030493454126978,-0.1569808801441566,-1.0330307718931018,-0.00010467719561005139
3.6550000000000002,0.014889482445964192,4.2180097508706174e-09,0.5393254826072147,4.601446441116534e-10,-3.760487406741537e-06,-3.9222111329272565e-07,-1.7502114497114948e-05,8.813481561700395e-06,3.7820773903441684e-05,0.0,4,Solved,125978,80853,311528,0.06456429383209268,1.0709902040922723e-12,8.56780894244775e-14,0.3628690168473151,-0.641025613142866,0.001939403131176942,-0.36286252210087716,0.6410271795154998,-0.0018813747572685923,-7.261361692380481e-06,-3.4319182748614568e-06,0.000778067052364701,1.175065332845544e-05,4.429700662271329e-06,-0.0007402443789209864,0.1569291645198585,1.0329886737613878,0.00010931573539930546,-0.156978451103477,-1.033028701313483,-0.00010587212282294283
3.66,0.014889669556151043,4.223738880970643e-09,0.5393254817241636,4.4462501355281905e-10,-3.8035053706817e-06,-3.9197155768628686e-07,-1.7491733156635783e-05,8.501309829510669e-06,3.71526469265999e-05,0.0,4,Solved,125377,81103,310016,0.06456379760746987,1.0712922032230073e-12,8.764501687252224e-14,0.3628689824604706,-0.6410256292641217,0.0019432634017290456,-0.3628624619274708,0.6410272020181046,-0.0018850150936851287,-6.624132883425492e-06,-3.0919720237102113e-06,0.0007680304835874762,1.2228496476668991e-05,4.547816595900518e-06,-0.0007199377003290402,0.15694038134108887,1.0329966325863207,0.00010348437646074633,-0.15696722233873825,-1.033020761719518,-0.0001117532450511146
3.665,0.014889853287922139,4.2742641644430555e-09,0.5393254808786146,3.514505423697911e-10,-3.8453002617227125e-06,-3.920231654620124e-07,-1.7480749696137454e-05,8.268485126103847e-06,3.6475757959121796e-05,0.0,4,Solved,123924,80993,316728,0.06456407390884801,1.0617676423276307e-12,8.725668396110635e-14,0.3628689452944945,-0.6410256462325384,0.0019470198919700394,-0.36286240513082446,0.6410272225290681,-0.001888607665959987,-7.967109950754151e-06,-3.5851577203193644e-06,0.0007401980583295691,1.0792635972716795e-05,3.820959186805463e-06,-0.000717483844476105,0.15693419429279717,1.0329922905090647,0.00010668543884514681,-0.15697346044734478,-1.0330251825415682,-0.00010858166147047412
3.67,0.014890033632169158,4.461427952954115e-09,0.5393254800719406,1.0702714206070288e-11,-3.885969161130211e-06,-3.9236997615127413e-07,-1.7469160469938537e-05,8.045457879513005e-06,3.5798195140371464e-05,0.0,4,Solved,138121,82385,324814,0.06456386016019759,2.046573888311658e-12,2.114182537762941e-13,0.3628689046928994,-0.64102566404382,0.0019506674235935577,-0.36286235218907353,0.6410272410113036,-0.0018921578256357223,-8.22952877956328e-06,-3.5483578829325457e-06,0.0007223584228059288,1.045245699628494e-05,3.6181979170462585e-06,-0.000705056910653928,0.1569388833495505,1.0329957472239824,0.00010428625749198041,-0.15696883727897093,-1.0330217625631615,-0.00011101524798444624
3.6750000000000003,0.014890210590339393,4.7003907429225645e-09,0.5393254793032951,-4.247603926212407e-10,-3.925517625211946e-06,-3.927651716048963e-07,-1.745695862827791e-05,7.820152615040254e-06,3.512132750917333e-05,0.0,4,Solved,128102,81324,311489,0.06456400177050745,2.055456035264448e-12,2.1210889024253e-13,0.3628688603221875,-0.6410256826564931,0.0019542036860855645,-0.362862303482085,0.641027257568631,-0.0018956679560203685,-9.30578310332511e-06,-3.834315243384801e-06,0.0006971944919471442,9.272907119093767e-06,3.1173789392177636e-06,-0.0006999653721482577,0.15693601813762767,1.0329935893954676,0.00010577996505496489,-0.1569717721685201,-1.0330240283281191,-0.00010954791509557466
3.68,0.014890384166583712,5.00215570917256e-09,0.5393254785714299,-9.745231773343656e-10,-3.963928285058603e-06,-3.932536492930605e-07,-1.7444147884537584e-05,7.592174268209535e-06,3.4445231455626644e-05,0.0,4,Solved,142870,80682,324733,0.06456414811527565,2.0623843886121125e-12,2.114973940762593e-13,0.3628688120627388,-0.6410257019465493,0.001957627959388382,-0.3628622591637609,0.6410272723301933,-0.0018991388806576515,-9.889671925148382e-06,-3.874087155805639e-06,0.0006766090187916263,8.59129365109093e-06,2.848038148155679e-06,-0.0006903224139470556,0.15693271155008143,1.0329913332958531,0.00010754091360071365,-0.15697515535236467,-1.0330263698444104,-0.00010781638184030503
3.685,0.014890554365715968,5.2635657554536156e-09,0.5393254778774609,-1.452067647178718e-09,-4.001185005097937e-06,-3.935800236678946e-07,-1.743072655875097e-05,7.358101609632015e-06,3.3770262833445435e-05,0.0,4,Solved,134464,82897,331556,0.0645647014883836,1.0640861872351723e-12,8.309959280732256e-14,0.3628687625966764,-0.6410257206127818,0.001960965314177365,-0.3628622165852553,0.6410272865703742,-0.0019025456506556594,-9.903374636715837e-06,-3.6450679477420774e-06,0.0006613424157828735,8.465070496407026e-06,2.8483229994206196e-06,-0.000675383189272183,0.15692057875453191,1.0329825795853724,0.00011385309594073616,-0.1569873616806338,-1.0330352238141376,-0.00010153353652914357
3.69,0.01489072119369876,5.302367152587738e-09,0.5393254772218518,-1.5269457131209048e-09,-4.037261205728035e-06,-3.9335217855595793e-07,-1.7416697897164613e-05,7.120908611815681e-06,3.309642299430993e-05,0.0,4,Solved,130105,80923,313552,0.06456435605921348,2.036766495229904e-12,2.114222855472439e-13,0.3628687193389282,-0.6410257355536976,0.001964283422633649,-0.36286216837066837,0.641027303359951,-0.0019058207306086644,-7.829800336321061e-06,-2.571253465525405e-06,0.0006650480513713117,1.0422971246411567e-05,3.682614916663892e-06,-0.0006415022462440238,0.15692833406522627,1.032988143210729,0.00010986941946898833,-0.1569796641670707,-1.0330296969474158,-0.00010555850127649124
3.6950000000000003,0.014890884655151917,5.0654440306950466e-09,0.5393254766046593,-1.0980696828242346e-09,-4.072141176467222e-06,-3.927570188381485e-07,-1.7402063998546433e-05,6.881375702519394e-06,3.242340507654693e-05,0.0,4,Solved,129825,82145,318502,0.06456396092133844,2.054783968663175e-12,2.105243147913988e-13,0.36286868235017256,-0.6410257472059108,0.001967582244376366,-0.36286211450921924,0.641027322283192,-0.001908964313975502,-7.106652272099987e-06,-2.177736648402623e-06,0.000656241399496077,1.1015922978017703e-05,3.8507393302861264e-06,-0.0006201642908682642,0.1569372101422445,1.032994457650969,0.00010527462988721317,-0.156970787150421,-1.033023374741415,-0.00011021020201199921
3.7,0.014891044748232211,4.822790373266097e-09,0.539325476024546,-6.519647904443116e-10,-4.105860268283479e-06,-3.9256469760183915e-07,-1.7386840203826956e-05,6.656272231974324e-06,3.174890546761501e-05,0.0,4,Solved,127480,82326,324352,0.06456402517024347,1.0603999673976895e-12,8.835325153678281e-14,0.36286864439591854,-0.6410257589700831,0.001970795004240147,-0.36286206214322914,0.6410273399767547,-0.0019120433967444706,-7.90727651634568e-06,-2.465538393690135e-06,0.0006334673507755766,1.0125503607036241e-05,3.340582406804473e-06,-0.00061284684398523,0.15693569982535516,1.0329934524259523,0.00010608216022929089,-0.1569723878210915,-1.0330244027238955,-0.00010944216620843708
3.705,0.014891201472022301,4.7072532625994845e-09,0.5393254754790714,-4.3457547697015854e-10,-4.138444360232425e-06,-3.9275747196160455e-07,-1.737101254087778e-05,6.4219091359346976e-06,3.1075989568088276e-05,0.0,4,Solved,130216,80833,314323,0.06456361344736443,2.0400859179034634e-12,2.1033769352784442e-13,0.3628686034619682,-0.6410257717381547,0.0019739020377696785,-0.36286201339769275,0.641027355673164,-0.001915077790147505,-8.375605432222043e-06,-2.6124926051657725e-06,0.0006133642485918481,9.503509867565794e-06,3.0107357550768005e-06,-0.0006028720081472204,0.1569450665204007,1.033000146615932,0.00010126574220703296,-0.15696310718707795,-1.0330178151578309,-0.00011428952959956746
3.71,0.014891354837616366,4.773337365042941e-09,0.5393254749654995,-5.467923569907609e-10,-4.169819582957691e-06,-3.933292867378098e-07,-1.7354588326429366e-05,6.178590240747117e-06,3.0405104115572827e-05,0.0,4,Solved,128713,81104,312952,0.06456428463112653,2.040847468936245e-12,2.1062819999424776e-13,0.3628685553739717,-0.6410257872083803,0.001976864678576955,-0.36286197262234426,0.6410273677185716,-0.001918106291855259,-1.0443713325043185e-05,-3.4030451324019155e-06,0.0005786813399164532,7.265815892443116e-06,2.0258415431410134e-06,-0.0006075116283106079,0.15693043722750616,1.0329896210774325,0.0001089058620185288,-0.15697806783354568,-1.0330285540980244,-0.0001066325465936288
3.715,0.014891504877529313,4.970252063026563e-09,0.5393254744805592,-9.010943958121175e-10,-4.1997326170906315e-06,-3.9389110352748407e-07,-1.733751555593425e-05,5.839238267662378e-06,2.9745322666085844e-05,0.0,4,Solved,138061,82346,324813,0.06456415706596001,1.0699365871868516e-12,8.153804677908043e-14,0.36286850510532986,-0.6410258032225588,0.001979724551057067,-0.36286193573149456,0.6410273784633442,-0.0019210871911022418,-9.80963403249744e-06,-3.079091571697783e-06,0.0005674254169657612,7.444977553696286e-06,2.227109625388092e-06,-0.000588672502261281,0.15693306357851988,1.0329915346254785,0.00010756490773785625,-0.1569751651744379,-1.0330265130553602,-0.00010809341300562934
3.72,0.014891651602852605,5.076764480191509e-09,0.5393254740235784,-1.0950051413095119e-09,-4.228115485602502e-06,-3.9404579208907234e-07,-1.731991411029785e-05,5.586496365343661e-06,2.9076531755675e-05,0.0,4,Solved,127210,80412,311098,0.06456421190053466,1.0855851666309867e-12,7.95773856920175e-14,0.3628684559192185,-0.6410258181848545,0.001982514707571548,-0.36286189900993565,0.6410273893508752,-0.0019239878770945674,-9.860862865216048e-06,-2.938883039138061e-06,0.0005517436288754714,7.279706889760228e-06,2.146112210458096e-06,-0.0005744406767147495,0.15693184095586227,1.0329906889979528,0.00010825292958818288,-0.15697640763902135,-1.0330273904085545,-0.00010745702215523946
3.725,0.014891794968153124,5.124290199122809e-09,0.5393254736034387,-1.181224230847963e-09,-4.255397025379328e-06,-3.941119809687385e-07,-1.7301751634998903e-05,5.37138040773254e-06,2.840418370830835e-05,0.0,4,Solved,126458,85662,314063,0.06456399632687869,1.0624247399222035e-12,8.265686189849084e-14,0.3628684070793869,-0.6410258321682433,0.001985232499151313,-0.3628618624140691,0.6410274000824174,-0.001926811508866217,-9.71123705912413e-06,-2.707783717172099e-06,0.0005380717723025937,7.348106809038934e-06,2.146318675928574e-06,-0.0005582482578596987,0.15693672312589727,1.0329941801178626,0.00010579542931930764,-0.1569716174519707,-1.033023941230059,-0.00010995439380997611
3.73,0.01489193497651046,5.14965577312662e-09,0.539325473219475,-1.2250914514524313e-09,-4.281579763206915e-06,-3.942543261157187e-07,-1.7283015063920286e-05,5.144447065242241e-06,2.7733874774992817e-05,0.0,4,Solved,143471,84359,331937,0.06456435213261742,2.065775699064892e-12,2.1163411535834152e-13,0.3628683565790625,-0.6410258461346937,0.00198785918371821,-0.3628618280545899,0.6410274097564367,-0.0019295769765627134,-1.03600523833853e-05,-2.849680582836404e-06,0.000516849669687451,6.5615439262571915e-06,1.8001300084609229e-06,-0.0005496225379894202,0.15692881402865586,1.0329885113004504,0.00010994008465205057,-0.15697952789010242,-1.0330296341218788,-0.00010586555819603927
3.735,0.014892071633011336,5.145174247782258e-09,0.539325472870433,-1.2147626744460281e-09,-4.306649261880517e-06,-3.9433149047899307e-07,-1.7263724677640277e-05,4.9298860028203555e-06,2.7062863490139315e-05,0.0,4,Solved,126799,82796,325696,0.06456420682230267,1.0618300699166209e-12,8.102489056674989e-14,0.3628683069376719,-0.6410258589836422,0.0019904177592925828,-0.36286179336273516,0.6410274194738365,-0.001932261477369088,-9.649828615948336e-06,-2.3940087734887895e-06,0.0005082337523274739,7.188126443683234e-06,2.0339305410816644e-06,-0.0005284446494592556,0.15693234220907337,1.0329909128141446,0.00010816962461979184,-0.15697607551830187,-1.0330273091568427,-0.00010767514639732777
3.74,0.014892204936723528,5.044271595661562e-09,0.5393254725579862,-1.0292921348837976e-09,-4.330649799923124e-06,-3.9422482991952604e-07,-1.7243870378112422e-05,4.7126593871104895e-06,2.6393047516560398e-05,0.0,4,Solved,132090,90120,339652,0.0645643602857133,1.0558419976941303e-12,7.752439802017912e-14,0.36286825902281533,-0.6410258705022867,0.0019929162115443267,-0.36286175741444343,0.6410274294001898,-0.0019348572263799104,-9.540683047388376e-06,-2.247713331229735e-06,0.000493979984240959,7.196395743393589e-06,1.954312786396297e-06,-0.0005129355652426718,0.15692873944990987,1.0329884433584293,0.00011010142582336059,-0.15697970226255134,-1.0330297645714128,-0.00010580358967907466
3.745,0.014892334892921117,4.886008453003019e-09,0.5393254722816523,-7.389866452806562e-10,-4.353569027285242e-06,-3.940495516572012e-07,-1.722345958435228e-05,4.499955168756899e-06,2.5723481438962963e-05,0.0,4,Solved,132229,83628,322028,0.064564311186967,1.063525977073577e-12,8.372263853485816e-14,0.3628682135872392,-0.6410258804976935,0.001995361012730826,-0.3628617194760523,0.6410274397631441,-0.001937357950074213,-8.790252612403e-06,-1.8429728358220059e-06,0.0004855730516287186,7.851082964126585e-06,2.1473885296315907e-06,-0.0004916252564385204,0.15692990383178398,1.0329892497327728,0.00010954391101894541,-0.15697857002980675,-1.033028978991472,-0.00010641617916968396
3.75,0.014892461501266318,4.646185828457502e-09,0.5393254720403093,-3.0000096207112825e-10,-4.3754404206346015e-06,-3.937533878949907e-07,-1.720249699894874e-05,4.2933613004419615e-06,2.5053960230354356e-05,0.0,4,Solved,130937,80502,316138,0.06456409539625632,2.0637697103570832e-12,2.1160683973276963e-13,0.3628681712954958,-0.6410258888619822,0.001997758109516823,-0.3628616788356898,0.6410274506953861,-0.0019397579359073708,-8.239439227081994e-06,-1.5662191971662237e-06,0.0004752957123853493,8.318495927936418e-06,2.2112743020741307e-06,-0.0004722329649631109,0.1569347997094468,1.032992744547617,0.00010704982585079295,-0.15697373500555356,-1.0330255263401011,-0.00010895875130455211
3.755,0.014892584764963237,4.4230698580910085e-09,0.5393254718338476,1.1024843232445439e-10,-4.396271618995284e-06,-3.9360063558042515e-07,-1.7180980656524764e-05,4.082313507737564e-06,2.438557474076316e-05,0.0,4,Solved,126839,81123,310546,0.06456438080930317,1.0735458894927706e-12,8.552906145469594e-14,0.3628681292885979,-0.6410258969940505,0.0020000807941113635,-0.3628616383705416,0.6410274608052278,-0.0019420840985741531,-8.508670983908588e-06,-1.6661983272442743e-06,0.00045737255118535544,7.951570553451641e-06,1.9016282731606914e-06,-0.00046052373679851896,0.15692840201375619,1.0329881751836303,0.00011040060873202732,-0.1569801604081566,-1.0330300929488507,-0.00010566884534823245
3.7600000000000002,0.014892704688539335,4.234110966945606e-09,0.5393254716615742,4.5721227134788227e-10,-4.416058572089705e-06,-3.9345389138343286e-07,-1.715891777479138e-05,3.87643302615202e-06,2.3717587431118648e-05,0.0,4,Solved,137139,81775,325245,0.06456417637714784,2.0437152525732633e-12,2.1039136778225044e-13,0.3628680893270382,-0.6410259041686052,0.00200234467503145,-0.36286159632891,0.6410274708455044,-0.0019443210562048697,-7.65560164664586e-06,-1.289400163137012e-06,0.00044966731242793785,8.71354280005023e-06,2.0758014215455054e-06,-0.0004386473048989874,0.1569330307789978,1.0329914681116281,0.00010803536870206441,-0.1569755666809576,-1.0330268220343655,-0.00010809104777345485
3.765,0.014892821273004253,4.03966651859657e-09,0.5393254715230429,8.128454892757394e-10,-4.434827899903701e-06,-3.9323548668829233e-07,-1.7136313001669098e-05,3.6741272759443783e-06,2.304989201477871e-05,0.0,4,Solved,133172,80852,317189,0.06456366357470206,2.045125993187604e-12,2.105497670726726e-13,0.3628680511703209,-0.6410259105880155,0.0020045477729391794,-0.36286155290864464,0.64102748061888,-0.0019464710408767852,-7.616088757885678e-06,-1.2810566352358644e-06,0.000434587811526392,8.671774521261458e-06,1.8785151383636951e-06,-0.00042419556105427486,0.1569445095685598,1.0329997549787733,0.00010214508581164909,-0.1569642164305768,-1.033018617195233,-0.00011401755338237956
3.77,0.01489293452890057,4.031394189356364e-09,0.5393254714174485,8.322587717331665e-10,-4.452526877684284e-06,-3.935105172223189e-07,-1.7113150734931163e-05,3.4485923533856723e-06,2.2386048030285138e-05,0.0,4,Solved,123524,82086,309224,0.06456444460656954,1.0708997935397647e-12,8.482995849793594e-14,0.3628680074437044,-0.6410259194162405,0.0020066219068200124,-0.3628615157129612,0.6410274870086216,-0.0019486023908215316,-9.493967249455212e-06,-2.07505560610054e-06,0.00040170737662226615,6.629901503702345e-06,8.96627296643335e-07,-0.0004275635755015714,0.15692710098000873,1.0329872668177777,0.00011119507571854406,-0.1569816393597424,-1.0330311137051127,-0.0001050315545488614
3.775,0.014893044469404556,4.160755872278392e-09,0.5393254713437666,5.973556446218521e-10,-4.46908102721041e-06,-3.9379679852735453e-07,-1.708945297432884e-05,3.222311611357299e-06,2.1722763721876362e-05,0.0,4,Solved,136588,94549,335484,0.06456374984827842,2.0593098012030622e-12,2.1132572696763046e-13,0.362867963432055,-0.6410259280702375,0.002008615233738976,-0.3628614795316827,0.6410274926032664,-0.0019506671775887168,-8.358521322824873e-06,-1.513240575874803e-06,0.0003965476040116444,7.631580131079389e-06,1.2605705399245212e-06,-0.0004032745412575603,0.1569425260459694,1.03299835338094,0.00010327367993388506,-0.15696622486099937,-1.0330199975724548,-0.00011302347153141329
3.7800000000000002,0.014893151092220667,4.296022836282975e-09,0.5393254713023509,3.50033456155127e-10,-4.484548970571165e-06,-3.9399339391304913e-07,-1.706522489340406e-05,3.011952002020251e-06,2.1059096067440044e-05,0.0,4,Solved,127480,80743,313332,0.06456348149449861,1.0582388339220669e-12,8.546906763904161e-14,0.3628679168963538,-0.6410259374324531,0.0020105091786853826,-0.36286144649552887,0.641027496524957,-0.0019526842860461684,-9.936258170178103e-06,-2.101273050080206e-06,0.0003669926992765258,5.93604365630446e-06,4.8283102481936e-07,-0.0004034415429834817,0.15694907459476318,1.0330025449299927,9.99764688892041e-05,-0.15695998696812533,-1.0330157039119778,-0.00011635974825053842
3.785,0.014893254425371231,4.716827487897524e-09,0.5393254712800811,-4.1343902645379926e-10,-4.498702312588533e-06,-3.948963494585586e-07,-1.7040390645249506e-05,2.7121419713372633e-06,2.040728938137454e-05,0.0,4,Solved,157868,111180,403893,0.06456429272087334,1.0767309447760046e-12,8.493822781310356e-14,0.36286785987527415,-0.6410259512915045,0.0020122256781022227,-0.36286142578335207,0.6410274956700167,-0.0019547316776890884,-1.2384554893854524e-05,-3.2010970330933793e-06,0.0003275448692508123,2.9534078310182524e-06,-5.838660557617425e-07,-0.00041342699305563094,0.1569304701389503,1.0329896947431936,0.00010967340049459931,-0.15697832580062332,-1.0330286835339735,-0.00010675538914386217
3.79,0.01489335448366381,5.2526614991309024e-09,0.5393254712718468,-1.3910348186275734e-09,-4.511444106471632e-06,-3.9569003379041687e-07,-1.7015099771137867e-05,2.4775177412509906e-06,1.974636924607314e-05,0.0,4,Solved,177115,121460,445371,0.0645651606827255,1.0807825606881748e-12,8.445254974919097e-14,0.36286779960600773,-0.6410259656827157,0.0020138348163113878,-0.36286140961336055,0.6410274937110373,-0.0019567397778887143,-1.1854612847422245e-05,-2.6751844570079177e-06,0.00031790663535392254,3.408083027418371e-06,-2.7039342647185925e-07,-0.000393821835918397,0.15691146014694318,1.032975966108857,0.00011966942904794036,-0.1569975053077036,-1.033042570923608,-9.678115761873983e-05
3.795,0.014893451236614872,5.372187657362357e-09,0.5393254712981203,-1.6196469458468804e-09,-4.523122630593256e-06,-3.9520735139005044e-07,-1.6989275210486744e-05,2.2510937831575836e-06,1.9087784555561392e-05,0.0,4,Solved,177655,119706,446513,0.06456410080229842,2.0309130003257512e-12,2.101937193143931e-13,0.3628677519505964,-0.6410259734440572,0.002015485657321327,-0.3628613815013785,0.6410274973136652,-0.0019585599788047962,-8.004215755830067e-06,-8.38348204494925e-07,0.00033817415701684625,7.084771847535347e-06,1.3518790220086879e-06,-0.00034431757663784296,0.15693491078489263,1.032992797352902,0.00010757857602247473,-0.1569739744035067,-1.0330256128367747,-0.0001089708300257489
3.8000000000000003,0.01489354469581546,5.1043142225166824e-09,0.5393254713586817,-1.1378681302607795e-09,-4.53368367499396e-06,-3.943607200696134e-07,-1.6962953892647387e-05,2.0374236871129936e-06,1.8427417594046797e-05,0.0,4,Solved,177826,117011,450972,0.06456477920833072,2.035394935179695e-12,2.108254286514006e-13,0.3628677110190956,-0.6410259777800742,0.002017124754152048,-0.36286134727814906,0.6410275032910594,-0.0019602460008941993,-8.294509244208384e-06,-8.851223962968172e-07,0.0003209698968461162,6.706126853889396e-06,1.0978630864846318e-06,-0.0003323716944672522,0.1569199674950096,1.032981924964757,0.00011536693296081172,-0.15698894662464963,-1.0330364673332915,-0.00010125009958183329
3.805,0.014893634850160391,4.7288302817788045e-09,0.5393254714524415,-4.542397289038804e-10,-4.543260478642877e-06,-3.9368599993744357e-07,-1.6936126210466122e-05,1.8554846242045095e-06,1.77669397180209e-05,0.0,4,Solved,161385,117042,427768,0.06456411780315507,1.0627179680332254e-12,8.185220095837776e-14,0.36286767671952913,-0.6410259790830425,0.0020187497578418897,-0.36286130687237766,0.6410275112977419,-0.001961800511469903,-5.9124090598392964e-06,1.3547698964536295e-07,0.0003276066521503207,8.9973872898975e-06,1.9219862685153837e-06,-0.00029663319594768454,0.15693468231850974,1.0329925276350125,0.00010776007763983109,-0.15697426558420885,-1.0330258848504812,-0.00010891893630972409
3.81,0.014893721703378904,4.236916259397473e-09,0.5393254715789235,4.4436980009380334e-10,-4.5518657751993115e-06,-3.930131877249102e-07,-1.6908795422200834e-05,1.6535991235079346e-06,1.7106991477717098e-05,0.0,4,Solved,186102,129234,456041,0.06456389831936332,2.0645161390230366e-12,2.1185538206938361e-13,0.36286764659886944,-0.6410259788404751,0.002020337201941976,-0.3628612627096824,0.6410275198442874,-0.001963247223100562,-6.089737376697404e-06,-7.460313405577612e-09,0.0003107855799927015,8.74000876246031e-06,1.5747789571834686e-06,-0.00028440225331185056,0.1569395264702615,1.032996006253341,0.00010526258185315184,-0.15696942014589635,-1.0330223731098132,-0.00011149194049031801
3.815,0.014893805256656761,3.94107421261939e-09,0.5393254717388014,9.908400565569173e-10,-4.559537347703933e-06,-3.9298562710322605e-07,-1.6880968329512475e-05,1.4652928722159463e-06,1.6446593605221297e-05,0.0,4,Solved,180932,119987,442105,0.06456331903222594,1.0626488292624367e-12,8.257254697137187e-14,0.3628676131914464,-0.6410259802879824,0.0020218184046134034,-0.36286122214414274,0.6410275256790092,-0.001964655102272155,-7.073090824137331e-06,-4.704696993587773e-07,0.00028657645098688957,7.706623616218876e-06,9.073167964385258e-07,-0.0002796211076034798,0.1569526078890846,1.033005227192668,9.852868065278467e-05,-0.15695647351211725,-1.033013104515615,-0.0001182840580900419
3.8200000000000003,0.01489388552046251,4.0301296639140335e-09,0.5393254719272556,8.387593062750896e-10,-4.566222067541319e-06,-3.937666739544873e-07,-1.6852612732262115e-05,1.2741353784169825e-06,1.579125241912653e-05,0.0,4,Solved,178748,126960,445040,0.06456475105457574,1.0593386838493669e-12,8.708770555516291e-14,0.3628675683956425,-0.641025986850511,0.0020231175380136623,-0.36286119368608105,0.6410275256384096,-0.0019661000964320678,-1.0212408467941698e-05,-1.8506074638087659e-06,0.000242070322919535,4.361013975279297e-06,-5.900181123148596e-07,-0.00029513572941265216,0.15692120131896622,1.0329824410238604,0.00011485322481015887,-0.1569879946205479,-1.0330360168732118,-0.0001020016840644213
3.825,0.01489396252202186,4.3105069794831346e-09,0.5393254721382557,3.2836951474283046e-10,-4.571724342176003e-06,-3.9429003876473046e-07,-1.6823741012320015e-05,1.001726532167023e-06,1.5140478906141419e-05,0.0,4,Solved,181392,120748,451422,0.0645644263395271,1.0612183197675204e-12,8.725297680109345e-14,0.36286752443630127,-0.641025992964511,0.002024344471433843,-0.3628611655502432,0.6410275253845491,-0.0019674724924040547,-7.874987330029687e-06,-8.250808220184458e-07,0.0002474361559821011,6.449688377737108e-06,2.93112092071034e-07,-0.000260831101890959,0.15692768631654794,1.0329875306561818,0.00011160459795700292,-0.1569814417636719,-1.0330308214324335,-0.00010534966151059917
3.83,0.014894036267688924,4.334412205111336e-09,0.5393254723738932,2.764288089979335e-10,-4.576043411810062e-06,-3.9386879874122016e-07,-1.679438574022689e-05,7.844578580127052e-07,1.4487936970959496e-05,0.0,4,Solved,142970,84530,363647,0.06456488371187612,1.0750339701297486e-12,8.225928732188524e-14,0.36286748834546434,-0.6410259955357254,0.0020255665556870458,-0.3628611305498836,0.6410275279533638,-0.0019687053301446775,-6.784727012109916e-06,-3.1656230397745925e-07,0.00024236626576878287,7.371119292394094e-06,6.565053121679591e-07,-0.00023705735817495483,0.15691763400950115,1.0329802392970078,0.0001168768717868949,-0.15699164176045546,-1.0330381393900179,-0.00010012625712164864
3.835,0.014894106760514229,4.10868647698415e-09,0.5393254726315366,6.788464521458664e-10,-4.579195301309771e-06,-3.9300259736575204e-07,-1.6764512103970402e-05,5.894004132542384e-07,1.3840225629518026e-05,0.0,4,Solved,127201,90982,326437,0.06456380857341659,1.0639829712406204e-12,8.252867863967961e-14,0.36286746320389984,-0.6410259935950553,0.002026810885909893,-0.36286108585356813,0.6410275344627974,-0.001969771730466422,-3.866570860898194e-06,8.363825522462736e-07,0.0002531147129154458,9.984043427305637e-06,1.7157669006905616e-06,-0.00019747391036276384,0.1569415764155827,1.0329973718556982,0.00010441754486265262,-0.1569675044031633,-1.0330209371746655,-0.00011269950468623834
3.84,0.014894174000975181,3.7992954073745944e-09,0.539325472912328,1.2400931687687111e-09,-4.581228453734669e-06,-3.923937800645631e-07,-1.6734196023083364e-05,3.4747649478371885e-07,1.3185764991297307e-05,0.0,4,Solved,130116,79480,311448,0.06456429397774283,2.0518283171228144e-12,2.106034918314181e-13,0.36286743963583407,-0.6410259914354635,0.0020279935946480973,-0.36286104031424643,0.6410275404277206,-0.001970756048624122,-5.262681687397312e-06,1.7606983409713485e-07,0.00022559016239705006,8.547901571215416e-06,8.634897341262374e-07,-0.0001963200985869403,0.15693073810666364,1.0329896295271086,0.00011004152414281723,-0.15697836499793083,-1.0330287036438852,-0.00010714231408282955
3.845,0.0148942379612361,3.6850994088756226e-09,0.5393254732256921,1.4495894046675388e-09,-4.582449612614242e-06,-3.923435636180063e-07,-1.670340942102523e-05,1.876484457352059e-07,1.252996550844523e-05,0.0,4,Solved,126880,79450,304966,0.06456385069146908,1.0735015937879293e-12,7.979138988517772e-14,0.3628674149353807,-0.6410259898664988,0.002029091649313575,-0.3628609960243961,0.6410275447811252,-0.001971681797804797,-4.7327942405835524e-06,4.012783481398181e-07,0.00021558970363627297,9.065530301272118e-06,8.763139206880377e-07,-0.00017769820429700594,0.15694104616614882,1.0329970355558773,0.00010474744354184189,-0.15696840894723943,-1.0330216110635053,-0.00011241593378825854
3.85,0.01489429867379354,3.6882524669878677e-09,0.5393254735724747,1.4444543712985323e-09,-4.582642927869968e-06,-3.9244542380453716e-07,-1.6672088095646706e-05,1.0553465288057854e-07,1.1886625502648064e-05,0.0,4,Solved,135826,79651,325505,0.06456401012458629,2.0566488760157526e-12,2.1013662294100106e-13,0.3628673879024674,-0.6410259894544085,0.0020300910391787964,-0.36286095490552994,0.6410275469547361,-0.0019725629366164612,-5.8537914560282885e-06,-1.1990621111092342e-07,0.00018944135304867064,7.673229946462864e-06,1.5570296455912433e-07,-0.00017516953627073792,0.15693690551056744,1.0329941399267601,0.00010688884960048503,-0.15697225015344468,-1.0330241619933807,-0.000110444841673736
3.855,0.014894356158115516,3.885994201214367e-09,0.5393254739521508,1.0842078835065787e-09,-4.581697168268597e-06,-3.9282752240341936e-07,-1.6640332043507852e-05,2.751548848037619e-07,1.1235779882185381e-05,0.0,4,Solved,126810,80071,307451,0.06456457222837103,1.0647704913079716e-12,7.321135041611731e-14,0.36286735699127165,-0.6410259904603639,0.0020309797660980847,-0.3628609182324636,0.6410275466793,-0.0019734118907149714,-6.408728054188149e-06,-2.529933485851742e-07,0.000169929888723634,7.110039650453102e-06,-1.881946840482039e-07,-0.00016618276259871732,0.156924438397878,1.032985069503862,0.00011337487575278694,-0.15698474603817306,-1.0330331556539365,-0.00010404056308097604
3.86,0.014894410377210598,4.042579846797231e-09,0.5393254743638826,7.931054109369208e-10,-4.579970188614654e-06,-3.927856271404237e-07,-1.660810436334455e-05,4.161585823974351e-07,1.0583310707396425e-05,0.0,4,Solved,131508,79410,315226,0.06456353621367276,2.06391253153472e-12,2.111080532644715e-13,0.362867329762174,-0.64102598939781,0.0020318297825904575,-0.3628608780129902,0.6410275475270177,-0.0019741571969059046,-4.8190566159927175e-06,5.091424660203856e-07,0.000169965535477147,8.660064447390197e-06,3.993034727193947e-07,-0.00013769292903681712,0.15694790123730173,1.0330017489005643,0.00010132317762870876,-0.15696175272073276,-1.0330165794187642,-0.00011608572265118763
3.865,0.01489446138016474,4.21266581549418e-09,0.5393254747936528,4.800249837934267e-10,-4.577071481010036e-06,-3.9292079158611425e-07,-1.6575302597105335e-05,7.385856362010589e-07,9.949222240904196e-06,0.0,4,Solved,132249,80031,311618,0.06456452984897916,2.0399124717464076e-12,2.112186084282636e-13,0.3628672990095697,-0.6410259901217438,0.002032568647162936,-0.3628608430760343,0.6410275463020884,-0.0019748709931868727,-7.027768148019657e-06,-5.612929244289697e-07,0.0001330685358664203,5.891425055820991e-06,-6.501278081039194e-07,-0.00014600527616845656,0.1569252670704676,1.0329857366735007,0.00011301307085502768,-0.15698395345173938,-1.0330324775836666,-0.00010455973721697245
3.87,0.01489450919209797,4.486202658525759e-09,0.5393254752373458,-2.161657525410001e-11,-4.572835124249922e-06,-3.931996121056507e-07,-1.6542113779754883e-05,9.086876429604344e-07,9.302606285173858e-06,0.0,4,Solved,127821,80032,315206,0.06456419147560773,1.0675457008904173e-12,8.697258472513768e-14,0.362867268216595,-0.6410259905025788,0.0020332313322595367,-0.3628608093126446,0.6410275448553568,-0.001975518919679596,-5.5981513133650965e-06,2.3186950293350516e-07,0.00013207563455231602,7.3164596529886195e-06,-5.905753865413233e-08,-0.00011870412834746126,0.15693277183838594,1.032991092699989,0.00010916733550825319,-0.1569764395021084,-1.0330270636097236,-0.00010849177847825312
3.875,0.014894553749869347,4.577184172259914e-09,0.5393254757135061,-1.932452135912754e-10,-4.567888660209147e-06,-3.930100406856258e-07,-1.650847904571759e-05,1.0435446378308147e-06,8.651719263495549e-06,0.0,4,Solved,131178,79650,310126,0.06456417477171042,2.05935658685462e-12,2.105403582306945e-13,0.362867240419153,-0.6410259888152072,0.002033852253299869,-0.36286077249512405,0.6410275444753144,-0.0019760673295117766,-5.535006327534596e-06,4.0536943993564446e-07,0.00011891475024604039,7.402308299058038e-06,-8.478203418751712e-08,-0.00010363397429093908,0.15693321692593612,1.032991347050591,0.00010895912517732286,-0.15697601219433344,-1.0330267963473667,-0.00010877516197158012
3.88,0.014894595054364397,4.62505625640639e-09,0.5393254762223506,-2.832204023549005e-10,-4.562282636609261e-06,-3.9292610191783707e-07,-1.6474395805012472e-05,1.1729023593051453e-06,8.001529042710929e-06,0.0,4,Solved,125918,79310,303734,0.06456417294104153,1.0577862682075001e-12,8.237904574344141e-14,0.3628672127170814,-0.6410259863807732,0.002034405297991777,-0.3628607354217262,0.6410275438281776,-0.001976542611830976,-5.546635680103459e-06,5.389892837314834e-07,0.00010505882547767594,7.429147847523533e-06,-1.5646505316032634e-07,-8.930904996354649e-05,0.1569332942767346,1.0329913432563982,0.0001089450125129768,-0.15697595717394713,-1.0330267670566644,-0.00010886796997722937
3.8850000000000002,0.014894633110571523,4.6490130384635635e-09,0.5393254767641066,-3.279748183656901e-10,-4.556034670323989e-06,-3.928959693669546e-07,-1.6439859594938686e-05,1.3006506069315845e-06,7.352505548672195e-06,0.0,4,Solved,134203,80292,312921,0.06456407768490403,1.0647910106301571e-12,8.194660559007257e-14,0.36286718493061565,-0.6410259833241451,0.0020348886974337677,-0.3628606982409432,0.6410275427953431,-0.001976946787396261,-5.567864886044856e-06,6.571831075717781e-07,9.107761091052222e-05,7.446304439785653e-06,-2.3743339842638952e-07,-7.51598855650915e-05,0.156935345379351,1.0329928218809235,0.0001079162427715279,-0.15697392198733237,-1.0330252429584645,-0.00010997915638361683
3.89,0.01489466792403997,4.6760703832459035e-09,0.5393254773378678,-3.7693844194289027e-10,-4.54915519258729e-06,-3.9295231889183413e-07,-1.6404869830607282e-05,1.4258934342026718e-06,6.704538529573001e-06,0.0,4,Solved,125938,79701,305537,0.0645642944299704,1.0671821059740437e-12,8.080631163837126e-14,0.3628671559704863,-0.6410259801310632,0.002035292574966479,-0.36286066203455614,0.6410275409270518,-0.001977289998529281,-5.943881151537908e-06,6.261879456973846e-07,7.390068549666608e-05,7.11122155631663e-06,-4.5967913981146127e-07,-6.426131590752494e-05,0.15693095531817655,1.032989342250983,0.00011020980266874259,-0.1569784204623142,-1.0330287108795264,-0.0001077511432782626
3.895,0.014894699508406443,4.6990538841694954e-09,0.5393254779406218,-4.1904350623128417e-10,-4.541582354230277e-06,-3.9297187768049053e-07,-1.6369404746572448e-05,1.578687955713204e-06,6.061072883773696e-06,0.0,4,Solved,130586,79731,309044,0.06456457316454416,2.0473430306590844e-12,2.108151593298272e-13,0.3628671275913554,-0.641025976253888,0.0020356311441868764,-0.3628606253479332,0.6410275389136031,-0.0019775582060931104,-5.504713555450889e-06,8.69903959872614e-07,6.355111198156076e-05,7.489594364072608e-06,-3.64928173936977e-07,-4.655697958730069e-05,0.1569246296781142,1.0329848777067816,0.00011353737385102216,-0.1569848510333725,-1.0330331706327065,-0.00010449289029293814
3.9,0.014894727890118,4.601775049968045e-09,0.5393254785669099,-2.4492779059249927e-10,-4.533141207871204e-06,-3.926295443294365e-07,-1.6333460611338677e-05,1.7703079962145994e-06,5.4229801070368505e-06,0.0,4,Solved,132912,80061,312159,0.06456470123363343,2.03979090263819e-12,2.1053034323076353e-13,0.362867104804654,-0.6410259698475421,0.0020359478723912983,-0.36286058365595336,0.6410275387829149,-0.001977708113652238,-3.9344143617486804e-06,1.5422432426211798e-06,6.314624813167883e-05,8.904759373673282e-06,1.9124696688200178e-07,-1.895044403600954e-05,0.15692151914776573,1.0329828253944187,0.00011514731333837391,-0.15698788829476046,-1.033035219738135,-0.00010297785380449476
3.9050000000000002,0.01489475307769836,4.2807629978731236e-09,0.5393254792179263,3.354052335435594e-10,-4.523823228041734e-06,-3.918403266039023e-07,-1.6297082512851827e-05,1.9377139201851057e-06,4.7837134895911965e-06,0.0,4,Solved,125687,79531,303834,0.0645632099885675,2.0322854774675e-12,2.112082751557027e-13,0.3628670911692283,-0.6410259595013352,0.002036276372588471,-0.3628605331644418,0.6410275417926973,-0.001977706551823854,-1.9265112679457834e-06,2.4048166279647156e-06,6.735116773656185e-05,1.0898851968530031e-05,8.648370262647908e-07,1.3146424916533116e-05,0.1569546301895074,1.0330065330944278,9.802054156041408e-05,-0.15695476669305977,-1.03301135981708,-0.0001202097944191165
3.91,0.014894775061248302,4.079882676171953e-09,0.53932547989715,7.064931126820672e-10,-4.5137804148521035e-06,-3.9183207788026226e-07,-1.6260255422336656e-05,2.071108274903894e-06,4.142768607023427e-06,0.0,4,Solved,126398,79100,304715,0.06456419812376608,1.0652508803127761e-12,8.803956404376646e-14,0.3628670703718413,-0.6410259524083781,0.0020364686325059604,-0.3628604899532362,0.6410275407473413,-0.0019777019616683132,-5.626208648959913e-06,7.909695144059007e-07,1.9346137892824848e-05,7.169010073014381e-06,-8.904094187009168e-07,-7.030123352005446e-06,0.15693249032914305,1.032990681649937,0.0001094639156732255,-0.1569768646328417,-1.0330271699802573,-0.0001088615855655945
3.915,0.014894793838269006,4.243323928573291e-09,0.5393254806025675,4.155594242565453e-10,-4.503090105425087e-06,-3.9251957383157905e-07,-1.6222998521075663e-05,2.1850566155591878e-06,3.501545228262929e-06,0.0,4,Solved,127972,100079,330965,0.06456353309731379,1.0641323448915979e-12,8.478500607389114e-14,0.36286704272692366,-0.6410259478906315,0.0020365278544311753,-0.36286045349503154,0.641027536318976,-0.0019776915502797846,-5.481580806304896e-06,9.728761470746228e-07,6.767051231170822e-06,7.36530557073189e-06,-8.8349667126109e-07,8.125230076044646e-06,0.1569475920939097,1.0330013485490586,0.00010170853000422894,-0.1569619024771069,-1.0330165295570206,-0.00011667732783040839
3.92,0.014894809417330035,4.5344621044282555e-09,0.5393254813349679,-1.1174961976326479e-10,-4.491745601807969e-06,-3.9319504931415445e-07,-1.6185276951983467e-05,2.3457004040461913e-06,2.8667344213645645e-06,0.0,4,Solved,125588,79690,305296,0.06456417856731407,1.060656846956068e-12,7.78021738046109e-14,0.3628670079773752,-0.6410259458800244,0.0020364522125367345,-0.3628604242509088,0.6410275286142358,-0.0019776773991523992,-7.927755766955205e-06,3.8159956030398575e-08,-2.9677722438081634e-05,4.8482827311793134e-06,-1.9580085067104238e-06,-6.077268879774122e-07,0.1569328727181775,1.032990907169419,0.00010935582810272344,-0.15697650233847513,-1.0330268570770251,-0.00010914655383190987
3.9250000000000003,0.014894821808808408,4.9739059505810086e-09,0.5393254820935937,-9.120793679029859e-10,-4.479722079092273e-06,-3.939288528739152e-07,-1.6147139979466247e-05,2.450983599512765e-06,2.228773341234183e-06,0.0,4,Solved,126038,79290,303464,0.06456409538992938,1.067383734298349e-12,8.094204017625505e-14,0.3628669684293251,-0.641025944864263,0.0020362650247392412,-0.3628603997152947,0.6410275190972091,-0.0019776365816381388,-7.914748390374185e-06,3.0649876974803394e-07,-4.26911260903913e-05,4.9385846096685275e-06,-1.8689621460513062e-06,1.3975469903284389e-05,0.15693468852716627,1.032992210464868,0.00010850090187263967,-0.15697471066105975,-1.0330255262388701,-0.00011008630344504168
3.93,0.01489483100041937,5.304975865060504e-09,0.5393254828820169,-1.5183959219339442e-09,-4.467195678580883e-06,-3.942558651233717e-07,-1.6108567880035946e-05,2.5483059639442282e-06,1.5918744619452485e-06,0.0,4,Solved,131869,79199,314524,0.06456414704803964,1.0735534032317298e-12,8.14576623180968e-14,0.36286692785682956,-0.6410259429445064,0.0020360038695270036,-0.3628603758082574,0.6410275095769472,-0.0019775319418997685,-8.255197256582497e-06,4.324391920723559e-07,-5.862721148217285e-05,4.678674934693298e-06,-1.925953220668474e-06,2.557181480721714e-05,0.15693351858176185,1.0329913181026817,0.0001091857640270453,-0.1569758914046026,-1.0330263527686343,-0.00010949383844121654
3.935,0.014894836998896611,5.534723679191226e-09,0.5393254837000574,-1.938895411649572e-09,-4.4541751446405866e-06,-3.9446634713223687e-07,-1.606956168514882e-05,2.6438277716318294e-06,9.596612232915944e-07,0.0,4,Solved,132591,80302,321567,0.06456452920228688,2.0426823041844604e-12,2.1060799719966456e-13,0.3628668861895583,-0.6410259401585492,0.0020356688018636714,-0.36286035258736954,0.6410275000353944,-0.0019773637480799376,-8.392399219839505e-06,6.353047856574214e-07,-7.264340715310865e-05,4.624104577856095e-06,-1.8970194538146947e-06,3.902313955055361e-05,0.15692501875963283,1.0329851447591316,0.00011367362909289736,-0.1569844597438296,-1.03303246723659,-0.00010509034740270571
3.94,0.0148948398152393,5.566283385039554e-09,0.539325484544876,-1.9985498847645754e-09,-4.440627452367182e-06,-3.943205088869944e-07,-1.603010800191859e-05,2.758231424666205e-06,3.541211341150439e-07,0.0,4,Solved,128723,79500,306720,0.06456425991431608,2.0406571601439342e-12,2.1108388339107984e-13,0.36286684839378947,-0.6410259346107484,0.0020353040739317318,-0.3628603252918869,0.6410274924991156,-0.0019770880106954277,-7.0145370206787465e-06,1.409371130779382e-06,-7.322953550275897e-05,6.014676548216899e-06,-1.2592348182179664e-06,6.586023235747451e-05,0.15693102387156785,1.0329894005476472,0.00011062234307605343,-0.15697840794287504,-1.0330281586290573,-0.00010824304000405469
3.9450000000000003,0.0148948394575745,5.376397314423452e-09,0.5393254854152297,-1.6525336962697736e-09,-4.426548138702322e-06,-3.93941156249666e-07,-1.599023445005335e-05,2.8529632176115945e-06,3.733117401436059e-07,0.0,4,Solved,130296,79421,307551,0.06456403353334424,1.0730282244004808e-12,8.845113775721232e-14,0.3628668141937636,-0.6410259267492919,0.0020349072785788634,-0.3628602940816261,0.6410274864915433,-0.0019767075243903604,-6.723277423594476e-06,1.6745811550057875e-06,-8.346036082475754e-05,6.403887682027704e-06,-1.1648138277679645e-06,8.295309775898425e-05,0.1569360299609495,1.0329929708618903,0.00010808929280920535,-0.15697342550105187,-1.0330245365335078,-0.00011086726455824518
3.95,0.014894835923991098,5.157945881564061e-09,0.5393254863136765,-1.2492799768157769e-09,-4.41202690641146e-06,-3.938289712080735e-07,-1.594993014926146e-05,2.9407166658669648e-06,9.78219994022722e-07,0.0,4,Solved,133091,80322,320645,0.06456474478541126,1.0752832957763089e-12,8.24913532584518e-14,0.36286677896866554,-0.6410259187419399,0.002034436024201921,-0.36286026342547645,0.6410274797942552,-0.00197626507806396,-7.258126994173932e-06,1.552684321055943e-06,-0.00010143984316155227,5.9608422472956435e-06,-1.4514375688172742e-06,9.223113498309121e-05,0.15692023584071374,1.0329815634998452,0.00011631520272043206,-0.1569892754246267,-1.0330359165665801,-0.00010272518622958262
3.955,0.014894829225899046,4.8485670116032796e-09,0.5393254872391132,-6.82231139056407e-10,-4.397033896647655e-06,-3.93466137404157e-07,-1.590918930715974e-05,3.0471021476656606e-06,1.6053216246704308e-06,0.0,4,Solved,126439,79841,305817,0.0645640201234567,1.0613734685113196e-12,7.933239329446723e-14,0.36286674944127734,-0.6410259078969712,0.0020339500345073888,-0.36286022671910834,0.6410274751423627,-0.0019757012495616654,-5.017679884990755e-06,2.5585674697277555e-06,-9.447459961820579e-05,8.257693430964736e-06,-5.998466635650436e-07,0.00012639750017740155,0.15693643346612715,1.032993106943959,0.00010796664769158465,-0.15697309061528245,-1.0330243219753072,-0.00011116862119969108
3.96,0.014894819375177204,4.4278305688517636e-09,0.5393254881907928,8.832424088787934e-11,-4.3815368400549395e-06,-3.9298500380945963e-07,-1.5868020250020866e-05,3.141679050328064e-06,2.2315004021391558e-06,0.0,4,Solved,125147,86434,309755,0.06456397613224768,1.054888479829894e-12,7.676641528598008e-14,0.36286672257167235,-0.6410258959537285,0.0020334209454683327,-0.36286018704494716,0.6410274708085869,-0.0019750447472212905,-5.604039159366458e-06,2.27948719615207e-06,-0.00011334040067087867,7.7371643708984e-06,-1.0361439049755909e-06,0.00013465568574542105,0.15693723201528512,1.0329937138173682,0.00010758326541384688,-0.15697226182685536,-1.0330236181159629,-0.00011165997964521682
3.9650000000000003,0.014894806374032402,4.1831251775281865e-09,0.5393254891691799,5.417824800000756e-10,-4.365587598557374e-06,-3.9302913008988093e-07,-1.5826433881113445e-05,3.222067455860522e-06,2.85948763601559e-06,0.0,4,Solved,134364,79891,313061,0.06456404586618864,1.0731929323373896e-12,8.699109415540477e-14,0.3628666924418747,-0.6410258854404417,0.0020327946967100695,-0.36286015017179435,0.6410274642478531,-0.0019743500586072438,-6.308582472007029e-06,1.988166336036364e-06,-0.00013318410805759865,7.14190417207674e-06,-1.4883570623129887e-06,0.00014184498082501275,0.15693572999628524,1.0329925386300067,0.00010839530329141471,-0.15697378876077966,-1.0330247338590182,-0.00011094288495950362
3.97,0.014894790224133004,4.096022345932892e-09,0.5393254901741781,7.062343111936375e-10,-4.349241896751763e-06,-3.932366553872548e-07,-1.5784424412490158e-05,3.301621482227441e-06,3.48736036037679e-06,0.0,4,Solved,122732,79630,301369,0.06456397561793871,1.0724590831875903e-12,8.843823772218217e-14,0.36286665961465153,-0.6410258759755946,0.0020320766928248564,-0.36286011547786357,0.6410274558571707,-0.0019736121692657984,-6.743185027608939e-06,1.830803807841216e-06,-0.00015056431459010131,6.80729613268072e-06,-1.7989977028241152e-06,0.00015142836581295407,0.15693713696272868,1.0329935972849227,0.00010772893648510334,-0.15697241466733297,-1.0330236098870194,-0.00011170451029926881
3.975,0.014894770935621521,4.133334502415806e-09,0.5393254912043166,6.413671805825917e-10,-4.332482237336679e-06,-3.9350094382471236e-07,-1.574199037800645e-05,3.38714877023474e-06,4.113537616716733e-06,0.0,4,Solved,130096,80222,308753,0.06456397325738843,2.067513796803056e-12,2.108108658256967e-13,0.3628666238930321,-0.6410258675107032,0.002031265551973256,-0.3628600832449744,0.6410274457445936,-0.00197283279769567,-7.417546540839896e-06,1.6039317465250814e-06,-0.0001700171360816729,6.210830971660921e-06,-2.1643620828243734e-06,0.00015887320115575874,0.1569371257582316,1.0329935775511885,0.00010779105864848013,-0.15697241921586438,-1.0330235721182148,-0.00011174324638105815
3.98,0.014894748516016217,4.280750103255196e-09,0.539325492259114,3.741139366049377e-10,-4.31531622316059e-06,-3.938386954726008e-07,-1.5699143038117138e-05,3.4640473797929815e-06,4.73926135804067e-06,0.0,4,Solved,128262,80131,315405,0.06456414888075322,2.062290644008245e-12,2.1133227283824684e-13,0.36286658473726935,-0.6410258600387259,0.0020303576095955854,-0.36286005395364207,0.6410274339054417,-0.001972016000742724,-8.114007418683119e-06,1.4237508049264203e-06,-0.00018932248262836516,5.62673551170483e-06,-2.4967802707281122e-06,0.00016637873986642546,0.15693324385119345,1.0329906996004987,0.00010986741368671631,-0.1569763276387228,-1.0330263820920516,-0.00010976506031381758
3.985,0.014894722970329252,4.467394478313043e-09,0.5393254933391047,3.2881174421460484e-11,-4.2977755838193475e-06,-3.940864318787991e-07,-1.5655877223765868e-05,3.539545776134991e-06,5.363282659941976e-06,0.0,4,Solved,123503,81154,303854,0.06456426098426288,1.073386612815715e-12,7.994860858253268e-14,0.3628665441208746,-0.6410258525460418,0.002029371827941194,-0.36286002560318775,0.6410274213583874,-0.001971143204073662,-8.139723222597826e-06,1.5454227807047576e-06,-0.00020242424721569164,5.699476455139768e-06,-2.5165238347626327e-06,0.00018001636065832777,0.15693063509348404,1.0329888213906842,0.00011129273231229452,-0.15697892209201095,-1.033028175748206,-0.00010844643360362646
3.99,0.014894694304821095,4.590688273395881e-09,0.5393254944436365,-1.9512141626281527e-10,-4.279879317736533e-06,-3.940927519533627e-07,-1.5612203437399246e-05,3.604489208293513e-06,5.98683388154326e-06,0.0,4,Solved,130156,79390,312801,0.06456379349975676,2.063264519598669e-12,2.1201867911606505e-13,0.3628665046337444,-0.6410258438613727,0.002028332949671279,-0.3628599955349511,0.6410274092827875,-0.0019701900683900763,-7.744892167024529e-06,1.8583877739090462e-06,-0.00021139224113009037,6.224954894974243e-06,-2.34948187270885e-06,0.00019770099553034567,0.15694051208386817,1.0329962154425616,0.00010633226522797473,-0.15696925129326894,-1.0330206959961081,-0.00011348327533876706
3.995,0.014894662541655865,4.69499074068933e-09,0.539325495566133,-3.854526556728176e-10,-4.261499188446255e-06,-3.942299375226605e-07,-1.5568068694768916e-05,3.736230497125639e-06,6.601727301753008e-06,0.0,4,Solved,127952,87876,315627,0.06456423555810208,1.0637598973723593e-12,8.240243100598507e-14,0.36286646242817727,-0.6410258358425717,0.0020272036870102863,-0.3628599683075103,0.641027396185499,-0.001969194033242842,-8.903996698110073e-06,1.4390845037309923e-06,-0.00023547624387027985,4.938054874850574e-06,-2.7901637048656465e-06,0.00020027676457795994,0.1569311385120708,1.0329890985235999,0.00011118628558070394,-0.15697844507818287,-1.0330277689296332,-0.00010875847968298188
4.0,0.01489462769728422,4.817457992010365e-09,0.5393254967032185,-6.077982202917615e-10,-4.242563069635885e-06,-3.9444581716026097e-07,-1.5523563808444607e-05,3.809779695914218e-06,7.220992155336244e-06,0.0,4,Solved,124084,79921,303633,0.06456416196227187,1.0671694133245557e-12,8.375084570305522e-14,0.362866418948733,-0.6410258277057401,0.0020259982747219763,-0.36285994218060347,0.6410273827157237,-0.0019681413941274213,-8.569363044178986e-06,1.7458802823741808e-06,-0.00024488382199661785,5.4156716644606955e-06,-2.6324904791748514e-06,0.0002173477668489027,0.15693267668243385,1.032990268590722,0.00011049754159314992,-0.15697699646797791,-1.03302659139635,-0.00010953049239450838
4.005,0.014894589756986978,4.848334076895795e-09,0.5393254978648259,-6.647572179029993e-10,-4.223293628038584e-06,-3.9442467696765454e-07,-1.5478643103803165e-05,3.886913306510496e-06,7.83806197712067e-06,0.0,4,Solved,125347,79000,301781,0.06456451892427606,1.0542577957699934e-12,7.98013050341304e-14,0.3628663764146938,-0.6410258184195665,0.0020247388009977953,-0.36285991458690264,0.6410273696871092,-0.001967010583184821,-8.471083639222568e-06,1.9267118579096624e-06,-0.00025660382396645723,5.592553803699487e-06,-2.5883672621098353e-06,0.00023205336958497715,0.15692477480586808,1.032984459243439,0.00011466512018675043,-0.15698491446500676,-1.033032302788417,-0.00010546985583175052
4.01,0.014894548738857824,4.74017137250776e-09,0.5393254990488779,-4.694392916233971e-10,-4.2036104342201305e-06,-3.94112698277214e-07,-1.5433315404474486e-05,3.971936386182508e-06,8.4528995283757e-06,0.0,4,Solved,128132,79390,306118,0.06456394329925864,1.0613027511018691e-12,8.21522196404178e-14,0.36286633853658046,-0.6410258066076013,0.0020234582060948665,-0.36285988198343627,0.6410273585560021,-0.001965768991752304,-6.989432608466232e-06,2.638230023822102e-06,-0.0002558728876675807,7.139853273994508e-06,-1.9951797097956197e-06,0.0002591347610242186,0.15693762662419042,1.0329935626206062,0.00010805565444418696,-0.1569720014266433,-1.0330230927881383,-0.00011219937601942812
4.015,0.014894504644080427,4.549719463343154e-09,0.5393255002551574,-1.2159259991202065e-10,-4.18357938333296e-06,-3.9383305238051153e-07,-1.5387601622161384e-05,4.026252565129423e-06,9.068869228988243e-06,0.0,4,Solved,125808,80793,316778,0.06456418690805128,1.063427872817746e-12,8.259751228233785e-14,0.36286630119462987,-0.6410257942908892,0.002022119627654031,-0.3628598482606735,0.6410273472691651,-0.001964453960408672,-7.783601269700917e-06,2.3515102059882735e-06,-0.0002755836684745525,6.496399048812814e-06,-2.423177697266279e-06,0.00026566519240002684,0.1569321905364319,1.0329896289016829,0.00011094159923753059,-0.1569775161483984,-1.0330269905288205,-0.00010940362669086032
4.0200000000000005,0.014894457475681522,4.438487714379326e-09,0.5393255014844949,8.410224245751298e-11,-4.163254570447468e-06,-3.938213880827505e-07,-1.5341478222614724e-05,4.09434888457129e-06,9.68167782407449e-06,0.0,4,Solved,129234,79590,307441,0.06456423532333655,2.0417298412460655e-12,2.1211484213129212e-13,0.3628662629713401,-0.6410257821035017,0.002020709379101134,-0.3628598148532342,0.6410273352063366,-0.00196307955692655,-7.559618824531796e-06,2.4904405626723738e-06,-0.0002863993698859136,6.808694767850022e-06,-2.405651139879151e-06,0.0002810363825382426,0.1569311844228097,1.0329888210605345,0.00011152118750418585,-0.1569785490968461,-1.0330277651733848,-0.00010892324590852315
4.025,0.01489440725116413,4.314294498163576e-09,0.5393255027359353,3.1144921970692664e-10,-4.142565557629586e-06,-3.9368199411434944e-07,-1.5294955673702896e-05,4.167357804712253e-06,1.0292041871000413e-05,0.0,4,Solved,129315,79500,307120,0.06456446034550667,2.0484698514162895e-12,2.1071841874400923e-13,0.3628662263684117,-0.6410257690395957,0.002019249761207674,-0.3628597793615742,0.641027323371662,-0.001961623843380282,-7.16808101050575e-06,2.689645214677159e-06,-0.0002956428808673736,7.296071075536316e-06,-2.3416360441385717e-06,0.00029789509176306195,0.1569258240836693,1.0329851521067988,0.00011436776249866486,-0.15698390282470998,-1.0330313655281067,-0.00010618516184087802
4.03,0.014894353977495148,4.1134344756887496e-09,0.5393255040113547,6.761854039672644e-10,-4.12153751086059e-06,-3.93287783959823e-07,-1.5248042081303313e-05,4.232262625402051e-06,1.090169940180478e-05,0.0,4,Solved,132240,81624,313683,0.0645637238421461,1.0844072514890483e-12,8.772145666000066e-14,0.3628661944552749,-0.6410257537725393,0.002017769582420225,-0.36285973859788284,0.641027313023244,-0.001960058452191229,-5.86777972344712e-06,3.283983043917925e-06,-0.0002963589619626281,8.726670976286045e-06,-1.8961638405400335e-06,0.0003231906982391523,0.15694232649061748,1.032996772549122,0.00010585154017941471,-0.15696738564221843,-1.0330195814743377,-0.00011482512211037152
4.035,0.01489429765740549,3.9464940601718836e-09,0.5393255053101013,9.821588206649312e-10,-4.100225107969069e-06,-3.931424288011889e-07,-1.5200736085424338e-05,4.283419872776861e-06,1.1510563664715626e-05,0.0,4,Solved,125186,79270,302722,0.06456402894055509,1.0813932269107334e-12,8.770991220339172e-14,0.36286616040816344,-0.6410257394377701,0.002016206875486998,-0.3628596993244684,0.6410273010979177,-0.001958445783943629,-7.430677953659767e-06,2.601466548096414e-06,-0.00032327234736034117,7.291604703294725e-06,-2.6943673781472194e-06,0.0003222048851359641,0.15693538784822708,1.0329918246467145,0.00010949700911448007,-0.15697433614059378,-1.0330244630488814,-0.00011128645631409479
4.04,0.01489423829550633,3.989927427468986e-09,0.539325506629768,9.06148120753267e-10,-4.078663461386961e-06,-3.9342556021415236e-07,-1.5153040913746946e-05,4.33151026784817e-06,1.2118301953432166e-05,0.0,4,Solved,128173,79500,306188,0.06456393714847831,1.0698676691117455e-12,8.28519916537215e-14,0.3628661222932293,-0.6410257266800727,0.0020145439190609213,-0.36285966344180076,0.641027287000208,-0.001956803981127353,-7.76081172279441e-06,2.5184447646510834e-06,-0.0003388379390212022,7.102047082646103e-06,-2.898697076570755e-06,0.0003324826130080779,0.1569374465248826,1.0329932484650135,0.00010848804059715267,-0.15697228471988212,-1.033022994375653,-0.0001124006038527024
4.045,0.014894175898306234,4.121798096115431e-09,0.539325507971948,6.663258080430107e-10,-4.056883182412688e-06,-3.9369424838685877e-07,-1.510496108208148e-05,4.372401145857848e-06,1.2724918291870083e-05,0.0,4,Solved,132921,79861,311839,0.0645643344635767,1.0769330280228496e-12,8.327904931745228e-14,0.3628660813509573,-0.6410257147060022,0.0020127934568881993,-0.36285962959279,0.6410272714502291,-0.0019551207372163148,-8.480415664468828e-06,2.31569567424694e-06,-0.0003576116010298739,6.553404893885117e-06,-3.243462712536045e-06,0.0003394626978265197,0.15692848319461322,1.0329867858119617,0.00011320433005235369,-0.1569812656446207,-1.0330293514172273,-0.0001077970166617972
4.05,0.014894110472942059,4.253422390394648e-09,0.5393255093373571,4.2345125504126667e-10,-4.034907973322247e-06,-3.937496465223569e-07,-1.505649189551701e-05,4.411042145200307e-06,1.332970924010574e-05,0.0,4,Solved,126629,78859,305247,0.0645642060174578,1.081680781170752e-12,8.412454004679989e-14,0.3628660414853475,-0.6410257016898186,0.0020109920198821264,-0.3628595938527087,0.6410272562870232,-0.00195335993483591,-7.648862282061829e-06,2.7857024463408965e-06,-0.00036214526468392096,7.542591824548592e-06,-2.897271941016628e-06,0.0003606046029313217,0.156931345177224,1.0329887389532073,0.0001117849921890305,-0.15697840164844146,-1.0330272962793248,-0.00010933280036383578
4.055,0.014894042026994174,4.274881758505316e-09,0.5393255107243047,3.7955578901731377e-10,-4.012752045556159e-06,-3.935194964207419e-07,-1.5007639911008783e-05,4.443862098657517e-06,1.3933408596463782e-05,0.0,4,Solved,126529,81304,306749,0.0645639202294143,1.0701064073357338e-12,8.009235133637294e-14,0.3628660041669104,-0.6410256871083595,0.002009153775192792,-0.3628595547328191,0.6410272420802037,-0.0019515078383079245,-7.345607826604996e-06,2.99977021356222e-06,-0.0003713456957369958,8.018429471707617e-06,-2.8036407125002166e-06,0.0003769880792144118,0.15693766926531638,1.0329932775230177,0.00010857199747505642,-0.15697211973053712,-1.0330227236706289,-0.00011264609549671263
4.0600000000000005,0.014893970568797758,4.308893152727583e-09,0.5393255121329441,3.1579140607711283e-10,-3.990428850460102e-06,-3.934860559358474e-07,-1.4958401667170605e-05,4.479589727617576e-06,1.4534726862656183e-05,0.0,4,Solved,137971,88307,325405,0.06456407323309207,2.0475211689055748e-12,2.108254125577746e-13,0.3628659651136497,-0.6410256728402125,0.0020072398635293644,-0.3628595165081343,0.6410272269339162,-0.0019496037185406916,-8.121735377685155e-06,2.7606898617251716e-06,-0.0003903983243635342,7.407243418043888e-06,-3.171156459707814e-06,0.0003834432542191093,0.15693369207836,1.0329907495358197,0.00011073307509957413,-0.1569761435117843,-1.0330251717294732,-0.00011059291802218345
4.065,0.014893896113087408,4.386228173245613e-09,0.5393255135628926,1.7473087640927246e-10,-3.967897896957487e-06,-3.9360190468918577e-07,-1.4908772408699381e-05,4.5256164094765094e-06,1.5132910420896915e-05,0.0,4,Solved,132119,79460,310316,0.06456386525642677,1.0607077347044976e-12,8.340207027184351e-14,0.3628659244009574,-0.6410256586564758,0.002005250995418887,-0.36285947922767314,0.6410272111158577,-0.0019476472435111037,-8.164450846835447e-06,2.8833510957877457e-06,-0.0004027301331896504,7.493095049762782e-06,-3.1586898802118117e-06,0.00039654379201876195,0.15693879497589994,1.032993958092255,0.00010811752922265751,-0.1569710135988458,-1.0330218441028283,-0.00011333298052255632
4.07,0.014893818669074117,4.484275380222346e-09,0.5393255150128402,-3.1679724650420953e-12,-3.94516250513367e-06,-3.937972261294679e-07,-1.4858768517903122e-05,4.55965717029726e-06,1.5730645909874137e-05,0.0,4,Solved,128583,79450,306980,0.06456391202224268,1.060927273052556e-12,8.994221121480042e-14,0.36286588071885817,-0.641025645146357,0.002003175591414863,-0.36285944414985627,0.6410271940613864,-0.0019456504539402952,-9.121623841267294e-06,2.586110292259207e-06,-0.00042331578740030225,6.705915326720093e-06,-3.570075203739448e-06,0.0004012870766996723,0.15693769662178672,1.0329931337852185,0.00010875967361833122,-0.1569721139217389,-1.033022592355883,-0.00011280557217056871
4.075,0.014893738238164176,4.674636681177853e-09,0.5393255164837528,-3.4886927680554516e-10,-3.9222976665141985e-06,-3.9416838966595966e-07,-1.4808391175306525e-05,4.5823892080995494e-06,1.632762886204659e-05,0.0,4,Solved,127911,78338,308323,0.06456436867623346,1.0769655759887679e-12,8.242927618372986e-14,0.36286583282575985,-0.6410256327131814,0.002001003212296992,-0.3628594123555707,0.6410271753259701,-0.0019436242812899632,-9.891487969396187e-06,2.422225388829316e-06,-0.0004419415071551176,6.132007515474893e-06,-3.859208146191341e-06,0.0004078951346877638,0.15692748197939177,1.0329857274980367,0.00011414002810011473,-0.15698234316286663,-1.0330298988197353,-0.0001075414876805463
4.08,0.014893654826877274,4.809099061947125e-09,0.5393255179760449,-5.960566406295568e-10,-3.899335227375207e-06,-3.9424172265059443e-07,-1.4757638432033612e-05,4.600011102214379e-06,1.6922933083728808e-05,0.0,4,Solved,131499,80983,322369,0.06456379127464872,1.0625506891319744e-12,8.241827431809518e-14,0.36286578640333716,-0.6410256187959679,0.001998786514741466,-0.3628593781165283,0.6410271574760289,-0.0019415165130135406,-8.89521111749194e-06,3.0121067919618043e-06,-0.0004443591460897713,7.322482860611815e-06,-3.385380196768771e-06,0.00043062664773157344,0.15694039017427952,1.0329949142761883,0.00010754850169406309,-0.15696952435036585,-1.0330206603943795,-0.00011423341678214864
4.085,0.014893568450783039,4.871293380681283e-09,0.539325519487523,-7.10232155923724e-10,-3.8762255286969875e-06,-3.9427308068827515e-07,-1.4706495917158981e-05,4.640880541807125e-06,1.751381019735366e-05,0.0,4,Solved,128643,79180,304745,0.06456367359888028,2.058249676196997e-12,2.1090188417456038e-13,0.36286573829084307,-0.6410256049662386,0.001996496252359009,-0.36285934482251997,0.6410271390341209,-0.0019393567520458184,-1.0106221201716752e-05,2.6084762146669156e-06,-0.00046716068829349457,6.230476778807475e-06,-3.879818564818384e-06,0.00043291182907252565,0.15694280712665082,1.0329967385972851,0.00010639143367645781,-0.156967117525847,-1.0330187775820845,-0.0001155042367846437
4.09,0.014893479128041448,5.073062096974038e-09,0.5393255210170453,-1.0739544135186505e-09,-3.852900460988247e-06,-3.9480113452909775e-07,-1.4654980573575826e-05,4.683313705143459e-06,1.810264861544804e-05,0.0,4,Solved,131138,78528,307550,0.06456445380540095,1.0631670306027337e-12,8.395604183181331e-14,0.3628656829680038,-0.6410255934199454,0.001994082014954592,-0.3628593180652244,0.6410271177993674,-0.0019371958309678783,-1.170800146362744e-05,2.1165199566129625e-06,-0.0004933067879322385,4.774004032959117e-06,-4.4810250640272815e-06,0.00043175333101393707,0.1569253079163452,1.0329842371376043,0.00011559308627974966,-0.15698469961645947,-1.0330312608864152,-0.00010640132959064635
4.095,0.014893386872023266,5.2246344156937575e-09,0.5393255225660134,-1.349623939115864e-09,-3.829338888084509e-06,-3.9502163150493544e-07,-1.4603080520506802e-05,4.736638222023121e-06,1.868733203484812e-05,0.0,4,Solved,128673,79921,313943,0.06456458308139872,1.0649980684498394e-12,8.25973578124266e-14,0.36286562892753155,-0.6410255802672566,0.0019916214059713215,-0.3628592894448621,0.6410270976279013,-0.001934956569176818,-1.022872120224331e-05,2.9545553425636895e-06,-0.0004914566867209672,6.350084746429193e-06,-3.751203953047339e-06,0.0004585161014639909,0.15692237868476241,1.0329821021592476,0.00011723977219964085,-0.1569876900680657,-1.0330333293023795,-0.00010486438079135986
4.1,0.014893291704572603,5.036043755624017e-09,0.539325524133443,-1.0096678304308039e-09,-3.8054432819103328e-06,-3.944319384386594e-07,-1.4550797067879018e-05,4.813888161327603e-06,1.9268158413409563e-05,0.0,4,Solved,128112,79009,305016,0.06456402416489361,2.0610927869685103e-12,2.113241821912929e-13,0.36286558378190026,-0.6410255625992652,0.0019891833036519606,-0.3628592515784734,0.6410270814730936,-0.0019325704833418804,-8.239471961453273e-06,3.900176245309348e-06,-0.0004851498004223422,8.39195386524542e-06,-2.899672529093666e-06,0.0004896539774841927,0.15693496964721143,1.0329907946724735,0.00011073160382941184,-0.15697493768419798,-1.0330243866382978,-0.00011154027147081284
4.105,0.014893193625042243,4.674003340385343e-09,0.539325525719058,-3.491015945552793e-10,-3.781305606691902e-06,-3.938487153000769e-07,-1.4498175614283207e-05,4.832135735984955e-06,1.9853014669342504e-05,0.0,4,Solved,129845,79481,306479,0.06456419576970895,2.059367139533209e-12,2.114597011101065e-13,0.36286554172602115,-0.6410255434060054,0.001986715503962043,-0.3628592098906185,0.6410270663261965,-0.0019300904122508864,-8.521015149502097e-06,3.798748430380416e-06,-0.0004991463483470032,8.31934542033907e-06,-3.110841011026907e-06,0.0005003313536043911,0.1569310927747302,1.0329879759748615,0.00011280212472276648,-0.15697882520602596,-1.0330271323153433,-0.00010958638656134048
4.11,0.014893092617918881,4.354468057099106e-09,0.539325527324906,2.375065206812606e-10,-3.757148803093302e-06,-3.93564692904447e-07,-1.444520037543909e-05,4.833105214625386e-06,2.043793601739922e-05,0.0,4,Solved,132030,79450,310777,0.06456409904981776,1.0564518904954372e-12,8.080609218915775e-14,0.36286550043074656,-0.6410255238031962,0.001984197008537294,-0.3628591663343662,0.6410270510065311,-0.0019275379439226122,-8.090294958053755e-06,3.996320979594903e-06,-0.000506768717023179,8.9801797239955e-06,-3.034222341164303e-06,0.0005172909989022542,0.15693320941621183,1.0329894249669311,0.00011175971793584364,-0.15697672752108424,-1.0330255847970842,-0.00011074805082020589
4.115,0.014892988691494377,4.060372168884693e-09,0.539325528951522,7.772175116159026e-10,-3.7329952104055334e-06,-3.9331155383483667e-07,-1.4391868272288354e-05,4.831349457620657e-06,2.102096605112683e-05,0.0,4,Solved,127611,78849,304525,0.06456404544666426,2.0569612414343336e-12,2.1093359179414966e-13,0.36286546020468974,-0.6410255037648998,0.0019816303226728397,-0.36285912056394193,0.6410270355399892,-0.0019249110090220785,-8.019411296330085e-06,4.013525145968496e-06,-0.0005177342157667166,9.27945876898801e-06,-3.130534453605246e-06,0.0005308234700069501,0.15693437727836718,1.0329901936478054,0.00011120463454915222,-0.15697557969966006,-1.0330247271466282,-0.00011142213213319857
4.12,0.014892881855622547,3.849546978238362e-09,0.5393255305982196,1.1645285653003365e-09,-3.7088515724292944e-06,-3.931757490499441e-07,-1.4338179546285748e-05,4.827966285613756e-06,2.1602019487586804e-05,0.0,4,Solved,123704,80202,301981,0.06456375536055124,1.0754437495599963e-12,8.61925694010147e-14,0.3628654197487843,-0.641025483902578,0.001979003450089607,-0.36285907387427135,0.6410270193348052,-0.0019222220370686991,-8.14431775423536e-06,3.94538272136699e-06,-0.0005304844306925814,9.385468409235767e-06,-3.310573340061831e-06,0.0005424828630666531,0.15694083234322986,1.0329947415234086,0.00010792169693105071,-0.1569692075864429,-1.0330200857688199,-0.00011481672838121662
4.125,0.014892772126334242,3.802231083992774e-09,0.539325532262627,1.2539862573673645e-09,-3.6846691618668665e-06,-3.9332784343033657e-07,-1.428411823456656e-05,4.846523765387222e-06,2.2178633895441305e-05,0.0,4,Solved,130677,86253,320185,0.06456383979597338,1.0490012555251032e-12,7.756269855838562e-14,0.36286537545102543,-0.641025465799112,0.0019762825981076287,-0.3628590301179189,0.6410270009316884,-0.001919505185880775,-9.339096684909571e-06,3.413144783591033e-06,-0.0005532796833670058,8.33972873632361e-06,-3.914598369511958e-06,0.0005440343890191483,0.15693803159056588,1.0329938227285531,0.00010964058542442655,-0.15697273161209513,-1.0330214367355741,-0.00011305041850350888
4.13,0.014892659586596484,3.907908328602738e-09,0.5393255339342615,1.0644865587949921e-09,-3.6598204758768328e-06,-3.9368983447399255e-07,-1.4229554723986122e-05,5.089298170904933e-06,2.2727113527830106e-05,0.0,4,Solved,124355,79410,303032,0.06456368391262246,1.0793991120318028e-12,8.623241036089549e-14,0.3628653279061961,-0.6410254492162458,0.0019734653563633063,-0.36285899084064666,0.6410269810123262,-0.0019167626072997728,-9.630922288519652e-06,3.2499878181644585e-06,-0.0005702647567589438,7.537842424672261e-06,-4.028386686589702e-06,0.000551524036208848,0.15694226669586364,1.0329957771079794,0.00010733261153701022,-0.15696781187455028,-1.0330189426019594,-0.00011565104192049969
4.135,0.014892544277389258,4.111359180851582e-09,0.5393255356121602,6.962968588850891e-10,-3.634050982053659e-06,-3.9416727369138535e-07,-1.4174741578295779e-05,5.1620859295027015e-06,2.3293195946000533e-05,0.0,4,Solved,128834,79450,306749,0.0645636683252442,2.059587757413611e-12,2.1242042006668418e-13,0.3628652754063784,-0.6410254345552502,0.0019705402001327214,-0.36285895696848575,0.6410269589057125,-0.0019140067255935588,-1.108628340931063e-05,2.72987584482402e-06,-0.0005948766741299563,6.272425773630226e-06,-4.669767652352956e-06,0.0005510021928764768,0.15694253325005048,1.032995941423587,0.00010729927595056442,-0.15696759100561108,-1.0330186932039072,-0.00011580229867636358
4.14,0.014892426114201825,4.499516965050545e-09,0.5393255373102097,-9.864860638742497e-12,-3.608190560300589e-06,-3.9487524736602413e-07,-1.411958524011698e-05,5.186468286325809e-06,2.3862776451729575e-05,0.0,4,Solved,130246,86062,315275,0.06456497403419059,2.0526176797733197e-12,2.1057324703772874e-13,0.3628652155581395,-0.6410254222945584,0.0019674918635706573,-0.3628589295813353,0.6410269338307933,-0.001911253821767262,-1.2568826868847652e-05,2.2744470973018616e-06,-0.0006195478624866915,4.951200129060606e-06,-5.233743829830045e-06,0.0005503385820323958,0.15691333428993903,1.032974887101138,0.00012260107081953254,-0.15699685853701156,-1.0330395845470495,-0.00010062496489972619
4.1450000000000005,0.014892305116406147,4.7157082562407215e-09,0.5393255390235048,-4.11880577392385e-10,-3.5821584808201303e-06,-3.9474230475303716e-07,-1.4064072711991341e-05,5.229306786410974e-06,2.4427596361521914e-05,0.0,4,Solved,139634,79811,318472,0.06456465128909553,2.0504334531859586e-12,2.112114463411781e-13,0.3628651637103296,-0.6410254057913903,0.0019644598621330494,-0.36285889367903335,0.6410269126640625,-0.0019083647168664651,-8.93457539539186e-06,3.952051408237334e-06,-0.0005978334809033605,8.64959441740701e-06,-3.595249574000556e-06,0.0005960034508267561,0.15692066753596506,1.0329800979453208,0.00011889529867474072,-0.15698961187309332,-1.0330344206255284,-0.00010442652347567701
4.15,0.01489218130763435,4.427718332540787e-09,0.5393255407482976,1.0055266110713614e-10,-3.555842296470335e-06,-3.93540567189597e-07,-1.4008209924100691e-05,5.2984362058467686e-06,2.498805322429587e-05,0.0,4,Solved,127641,79801,306689,0.06456403011742058,2.0453745796584433e-12,2.1192045050511698e-13,0.3628651259831495,-0.6410253830601623,0.0019614995696405424,-0.36285884337856333,0.6410268974153972,-0.0019052844124989418,-6.622574041825624e-06,4.925488539632094e-06,-0.0005882614368647188,1.1011387738707949e-05,-2.698991503499692e-06,0.0006294390601524237,0.15693435486529642,1.032989824017842,0.00011177985536365109,-0.15697572707676818,-1.0330244818787293,-0.00011171386630555788
4.155,0.014892054685841174,3.994183563065955e-09,0.5393255424911273,8.869531762336925e-10,-3.5293703753883276e-06,-3.9263880160445864e-07,-1.3952049762721983e-05,5.288364196627434e-06,2.555384217170102e-05,0.0,4,Solved,131318,79681,309906,0.06456349677795784,1.0844915390749117e-12,8.891855411735689e-14,0.3628650923270019,-0.6410253587505184,0.0019585210003587065,-0.36285878807282107,0.6410268831773897,-0.0019021035898569864,-6.795450237904529e-06,4.822755743716709e-06,-0.000600641120813035,1.111684605566766e-05,-2.9395355887800838e-06,0.0006407490595052488,0.15694618015084852,1.0329982422835784,0.00010568588421947657,-0.15696397665300615,-1.0330159484473254,-0.00011792623698981274
4.16,0.014891925236744288,3.797835769334207e-09,0.5393255442546864,1.250293443066628e-09,-3.5029639681256556e-06,-3.926793303252819e-07,-1.3895545266963615e-05,5.2827405172953855e-06,2.6117237599327746e-05,0.0,4,Solved,132801,79511,316968,0.0645639704039737,1.0736530771454724e-12,8.042643238054269e-14,0.3628650519657413,-0.6410253375178506,0.001955425458972192,-0.3628587383189259,0.6410268653111484,-0.0018989214699600841,-8.91773162385932e-06,3.879184073852596e-06,-0.0006313536445924593,9.193602262112812e-06,-3.9750571730353e-06,0.0006336667369576369,0.15693545737336181,1.0329905750164337,0.00011129752512773741,-0.15697466497432647,-1.0330235264635792,-0.0001124462590088883
4.165,0.01489179297368717,3.871714756438515e-09,0.5393255460370823,1.1203726776353614e-09,-3.476603383352674e-06,-3.931100250358515e-07,-1.383872046374865e-05,5.26244115950057e-06,2.6680290727268454e-05,0.0,4,Solved,134244,79590,311839,0.06456443922773533,2.046191144362009e-12,2.111323671334642e-13,0.36286500660524107,-0.6410253182165461,0.001952228793947662,-0.36285869233323426,0.6410268449517137,-0.0018957226682701476,-9.189480357838112e-06,3.846756398515023e-06,-0.0006447059438600128,9.199641408577602e-06,-4.133452499185016e-06,0.0006438298008311818,0.15692519570740965,1.0329830290984559,0.00011668585537645974,-0.15698501206486878,-1.0330310276437653,-0.0001071662992758782
4.17,0.014891657904845472,3.905239957232533e-09,0.5393255478405063,1.0557565085166458e-09,-3.450323187310919e-06,-3.929922452920334e-07,-1.3781551112342195e-05,5.255880418715767e-06,2.7239436490644235e-05,0.0,4,Solved,128172,79500,306138,0.06456507829344277,1.0604561370109199e-12,8.222293715827314e-14,0.3628649652168122,-0.6410252968606289,0.0019490137157805432,-0.3628586411533493,0.6410268260520419,-0.0018924249005647434,-7.687435704252555e-06,4.541360785946852e-06,-0.0006419827133572971,1.092402881245686e-05,-3.553191563387088e-06,0.0006700027768876746,0.15691091534993992,1.032972709207475,0.00012416999670511334,-0.1569994464149329,-1.0330412526950843,-9.979162689863418e-05
4.175,0.014891520062485165,3.6130440065867517e-09,0.5393255496596786,1.5765227330988597e-09,-3.4239378652812064e-06,-3.9187604408455483e-07,-1.3724011224800314e-05,5.311986321649295e-06,2.7790856951691865e-05,0.0,4,Solved,131198,80122,309825,0.06456399740272753,2.034843856272213e-12,2.1115193645328197e-13,0.362864938919365,-0.6410252692374581,0.0019458791349068795,-0.3628585742849508,0.641026813076283,-0.0018889295284691804,-3.6583497399247053e-06,6.151307731696531e-06,-0.0006170036901481456,1.5004184636070473e-05,-1.9815016600638333e-06,0.0007183845923115342,0.15693477580295442,1.0329898546756224,0.0001117353951421792,-0.1569753969262875,-1.0330239584436405,-0.00011239264894018106
4.18,0.014891379456540853,3.1076484257350468e-09,0.5393255514935242,2.4898492713847408e-09,-3.3974584768891057e-06,-3.9068100192159634e-07,-1.3666178294397396e-05,5.285541844643752e-06,2.8346702841168775e-05,0.0,4,Solved,127731,79570,306389,0.06456343891659147,2.049525672351927e-12,2.1180724074006818e-13,0.3628649196799664,-0.6410252392546142,0.0019427534754193193,-0.3628584993417701,0.6410268019823844,-0.0018853087897136704,-3.960748350777963e-06,5.901429553978297e-06,-0.0006304734415283677,1.5006738651713433e-05,-2.365076975925632e-06,0.0007281285543377664,0.1569471430881426,1.0329986788975727,0.00010531913337723838,-0.15696306275661445,-1.0330150226654635,-0.00011893685764497437
4.1850000000000005,0.014891236068732524,2.9326894906755544e-09,0.5393255533492556,2.8115662099743333e-09,-3.3711537154417094e-06,-3.90664518074286e-07,-1.3608016197229543e-05,5.248830936756968e-06,2.890185349918374e-05,0.0,4,Solved,126589,79650,304295,0.06456376127551727,1.0574867534401768e-12,8.240708672195281e-14,0.36286489273913025,-0.6410252130850118,0.0019395029818512423,-0.3628584306310406,0.641026786453634,-0.001881697076326992,-6.332378023995237e-06,4.8106251656816555e-06,-0.0006630930741223399,1.2921659431275126e-05,-3.574020594401797e-06,0.0007186362508975144,0.15693978839222342,1.0329934206757054,0.00010914151050554202,-0.15697044038579613,-1.0330201804082764,-0.00011524288135195642
4.19,0.014891089911727787,3.145548483515625e-09,0.5393255552254804,2.426175887751529e-09,-3.3450133245226466e-06,-3.9125295754340466e-07,-1.3549526932132974e-05,5.216992917831628e-06,2.9454883330491678e-05,0.0,4,Solved,134975,80673,315055,0.06456410453444393,1.0622896523467287e-12,8.76420249619317e-14,0.36286485787347633,-0.6410251902932579,0.0019361257320486213,-0.3628583684072911,0.6410267669640068,-0.0018780967629358127,-7.412491891372654e-06,4.39812801791252e-06,-0.0006837063806207279,1.2129961385453653e-05,-4.102132390267552e-06,0.00072105710236191,0.15693202218943011,1.0329878382396087,0.00011318668367516128,-0.15697824094081034,-1.033025672551103,-0.0001113242212865803
4.195,0.014890940997476034,3.4725064305432972e-09,0.5393255571218529,1.8254750997010965e-09,-3.3190362887907703e-06,-3.9157765347975017e-07,-1.3490708124048215e-05,5.184305088901551e-06,3.0005268261910307e-05,0.0,4,Solved,126859,80041,305758,0.06456323348126612,1.0645669129813596e-12,7.914675360236658e-14,0.36286482149877713,-0.6410251676752361,0.0019326820488579169,-0.3628583062721219,0.6410267467299957,-0.001874447991599905,-7.19977148303256e-06,4.604622535003659e-06,-0.0006921515049308109,1.2624060552019663e-05,-4.008804808766327e-06,0.0007355532934573754,0.1569513728991265,1.0330018318287975,0.00010324701964978761,-0.1569590711501567,-1.033011735700258,-0.00012135112028781706
4.2,0.014890789352306137,3.940511617640398e-09,0.5393255590377635,9.688563609924069e-10,-3.293101363097007e-06,-3.92178448407073e-07,-1.3431532725666754e-05,5.206332591155425e-06,3.0547992961169916e-05,0.0,4,Solved,129044,79240,307361,0.06456387165953,1.0570087613571404e-12,8.23238722625421e-14,0.36286477619307383,-0.641025148190512,0.0019291047284579741,-0.36285825203574823,0.6410267228137014,-0.0018708183144474603,-1.0299286441496549e-05,3.448090909533863e-06,-0.0007309328479374388,9.681167053999202e-06,-5.272895725101744e-06,0.0007196590389386266,0.1569370457158665,1.032991337942336,0.00011068043309512342,-0.15697325356458042,-1.03302194655248,-0.00011409999711036589
4.205,0.014890634993247501,4.619736817474228e-09,0.5393255609726569,-2.724461356578113e-10,-3.2671647844645476e-06,-3.930973352625738e-07,-1.3372052322500638e-05,5.179882806907015e-06,3.1092875639731113e-05,0.0,4,Solved,126539,85842,310617,0.06456420893239621,1.0705771061576892e-12,8.184051269896791e-14,0.3628647226724616,-0.6410251309403907,0.0019254022677497702,-0.3628582048349712,0.641026696127219,-0.0018671998228256958,-1.0993833696110755e-05,3.4513507315433477e-06,-0.0007469352326539879,9.275460442632559e-06,-5.376504333415873e-06,0.0007263838642174457,0.1569293504372106,1.0329858709777755,0.000114758718532087,-0.1569809922616422,-1.0330273429183394,-0.0001101475486901247
4.21,0.01489047791071305,5.149317154476815e-09,0.5393255629269087,-1.2463437615238266e-09,-3.2414072024776225e-06,-3.9342074274441864e-07,-1.331224895498246e-05,5.140549393570068e-06,3.163620980124297e-05,0.0,4,Solved,129224,79310,308002,0.06456328832079482,2.058082327034926e-12,2.108306383275427e-13,0.3628646695229166,-0.64102511189787,0.001921656121758467,-0.3628581558387827,0.6410266706797548,-0.0018635116836278542,-1.040508675510466e-05,4.036021112837991e-06,-0.0007508485406249782,1.0146588379890773e-05,-4.905057411513486e-06,0.0007450970015501887,0.1569501535524216,1.0330005439854164,0.00010408821485034529,-0.1569603139749029,-1.033012613132717,-0.00012092999109445681
4.215,0.01489031812749234,5.616792592310683e-09,0.5393255648990776,-2.1015106196725494e-09,-3.2157360512607324e-06,-3.9394243351072125e-07,-1.3252103486399583e-05,5.144644363700033e-06,3.217367670526591e-05,0.0,4,Solved,130246,80021,308182,0.06456404926465939,1.061736407486293e-12,8.230825545449447e-14,0.36286460858442304,-0.6410250947217536,0.0019177915496177656,-0.3628581135364353,0.6410266429022634,-0.001859829026556829,-1.337191086149834e-05,3.053039414122195e-06,-0.0007875620586727496,7.356696779640897e-06,-5.967127725641975e-06,0.0007309474681064526,0.1569329573037132,1.0329882508959976,0.00011309633734906377,-0.15697753119602736,-1.0330247882345502,-0.00011205942531499598
4.22,0.01489015566849193,6.131894837474935e-09,0.5393255668859841,-3.040157967899014e-09,-3.1900370983101518e-06,-3.9469547471998213e-07,-1.3191632595505573e-05,5.144523919724068e-06,3.270789250581977e-05,0.0,4,Solved,130467,79540,307301,0.06456440550264733,2.070235195687989e-12,2.1128738072731708e-13,0.36286454194064427,-0.6410250782694321,0.0019138268580943742,-0.3628580760531091,0.641026614019915,-0.0018561339999246325,-1.3320243105282432e-05,3.4385991910576433e-06,-0.0007966236661398194,7.58594391049615e-06,-5.655858412846059e-06,0.0007443398557425426,0.15692491951867862,1.0329824032257606,0.00011737044136841981,-0.1569854794158648,-1.0330304880423573,-0.00010794356694030589
4.225,0.014889990533651943,6.324793453681698e-09,0.5393255688896609,-3.39503758437211e-09,-3.1644176017228324e-06,-3.946907067491235e-07,-1.3130866832748926e-05,5.105921291351556e-06,3.3244233964269435e-05,0.0,4,Solved,134604,80192,320756,0.06456356868638284,1.0809367524623678e-12,8.84358939925766e-14,0.3628644794172785,-0.6410250582337519,0.001909854377394352,-0.362858033166428,0.6410265882172453,-0.0018523349602260718,-1.197745704582492e-05,4.366703837370048e-06,-0.0007931881060279985,9.238126053032103e-06,-4.846111017307456e-06,0.0007700738667093022,0.1569435572124689,1.0329956863387968,0.0001078522073416274,-0.1569669693414084,-1.0330170989821255,-0.0001175820244584857
4.23,0.014889822727926473,6.313388043708964e-09,0.5393255709104043,-3.371066617210978e-09,-3.138939356201009e-06,-3.947289778946594e-07,-1.3069764945717735e-05,5.095590096541679e-06,3.377550712630693e-05,0.0,4,Solved,124635,80031,302922,0.06456429434113053,1.0756268584722328e-12,8.235096767619345e-14,0.3628644141070431,-0.6410250380336939,0.0019058105342960687,-0.3628579919148892,0.6410265621709731,-0.0018484959631713208,-1.3779748753272893e-05,3.8291126725539525e-06,-0.0008191190715498623,7.613646415327754e-06,-5.440847118842758e-06,0.0007663840762019249,0.1569273402163683,1.0329839647702987,0.00011634616067885202,-0.15698311962323475,-1.0330287094580886,-0.00010923917420835238
4.235,0.01488965226853306,6.242961010822858e-09,0.5393255729459887,-3.2357736389756356e-09,-3.113556247686837e-06,-3.948822554509901e-07,-1.3008370449173529e-05,5.0591961381079806e-06,3.4307169608246944e-05,0.0,4,Solved,126729,79100,303764,0.06456428677623585,1.0583844752771131e-12,8.178774848427e-14,0.36286434827514413,-0.6410250167508665,0.0019017152552354057,-0.3628579499294062,0.6410265367648407,-0.0018445976524502012,-1.2774440190632104e-05,4.524021303676165e-06,-0.0008191214155938232,8.919069109233636e-06,-4.855347460969183e-06,0.0007884712203997605,0.1569275006492378,1.032983996280858,0.00011638522843356008,-0.15698301180363966,-1.0330285884197736,-0.00010932994506052767
4.24,0.014889479155626285,5.906684814667646e-09,0.5393255750003761,-2.6176658685570758e-09,-3.088380779771803e-06,-3.945138597171478e-07,-1.2946664544768426e-05,5.023850747186898e-06,3.4836574468105786e-05,0.0,4,Solved,132761,80211,311949,0.06456391851740505,2.056520465647164e-12,2.1155489787249898e-13,0.3628642873921126,-0.6410249923379603,0.00189761872256105,-0.36285790156259207,0.641026513962686,-0.0018405904289205835,-1.1786183157646055e-05,5.106924022774267e-06,-0.000819496649145378,1.0184911527117387e-05,-4.374912890716881e-06,0.0008100920674057347,0.1569357500372256,1.0329897709057967,0.0001121905569395843,-0.15697476397592905,-1.0330226962784808,-0.00011366661999868264
4.245,0.014889303401777609,5.463905749806394e-09,0.5393255770734717,-1.8018199506032848e-09,-3.063412453319462e-06,-3.9421268421416945e-07,-1.2884657567316931e-05,4.976561494551159e-06,3.536433402889298e-05,0.0,4,Solved,127180,79430,304976,0.0645638269055733,2.0587727441146205e-12,2.1163226670893414e-13,0.36286422716269406,-0.6410249670871345,0.0018934808986862004,-0.3628578510602155,0.6410264914605843,-0.0018365148615868008,-1.221905494393834e-05,5.010583631709101e-06,-0.0008329469459409044,1.0061134087767767e-05,-4.582255034493883e-06,0.0008185230293031061,0.1569376946166327,1.032991112293659,0.0001112730145563549,-0.1569728429673732,-1.0330212304891728,-0.00011472447214750631
4.25,0.014889125014583624,5.1071201807791806e-09,0.5393255791655981,-1.1395225434287411e-09,-3.038693715813805e-06,-3.942627047914227e-07,-1.282234671441083e-05,4.924624755320123e-06,3.589009425037668e-05,0.0,4,Solved,124415,80873,303844,0.06456319696910583,1.0632955185581282e-12,8.466812987001335e-14,0.3628641639148625,-0.641024942740954,0.001889267460491893,-0.36285780203079143,0.6410264675215006,-0.0018324058171345142,-1.294119849613131e-05,4.775181027691405e-06,-0.0008491968329974007,9.648259268227677e-06,-4.921137877067834e-06,0.0008240497374325821,0.15695233135855288,1.0330015574616647,0.00010386565821624522,-0.1569588639275287,-1.0330111515056932,-0.00012211538496632377
4.255,0.014888944062282692,5.016007115404863e-09,0.5393255812698851,-9.581675150844334e-10,-3.01374376801294e-06,-3.949524256558168e-07,-1.2759605235314353e-05,5.071911273134572e-06,3.639070197566843e-05,0.0,4,Solved,132481,80252,312019,0.06456415612145935,1.0551583067426173e-12,8.296936741200773e-14,0.3628640905585016,-0.6410249227957748,0.001884905362968114,-0.36285776331982106,0.6410264389850655,-0.0018283362352657924,-1.5823590775689366e-05,3.4836624932530443e-06,-0.0008878499479940818,6.4897683536814846e-06,-6.209109384984542e-06,0.0008072779462064256,0.15693009138560562,1.0329856034547509,0.00011545761589691278,-0.15698049625353236,-1.0330264979433497,-0.00011083075283543267
4.26,0.014888760584584467,5.1264292104020876e-09,0.5393255833829329,-1.149366424679676e-09,-2.9883270054978735e-06,-3.9565556849310076e-07,-1.2696651135453298e-05,5.061435919118901e-06,3.690635425840045e-05,0.0,4,Solved,132471,79571,310767,0.0645641338408219,1.0537956691397115e-12,8.515374162341865e-14,0.36286401352195136,-0.6410249038744438,0.0018804566397204888,-0.36285772791575666,0.6410264091307546,-0.001824244970695892,-1.5156177893299214e-05,3.97052729320359e-06,-0.0008911419483678479,7.465706114144047e-06,-5.8225807707638275e-06,0.0008255017811308625,0.15693063019711023,1.0329859142645281,0.00011534072022678517,-0.15698002422718305,-1.0330261414531503,-0.0001110729402947069
4.265,0.014888574510011424,5.075392878267031e-09,0.5393255855143716,-1.0542990431337204e-09,-2.9631672833791763e-06,-3.9563078746584303e-07,-1.2633407866172804e-05,5.014143455577367e-06,3.742417594753273e-05,0.0,4,Solved,126499,79380,303894,0.06456397387397511,1.0553469590155364e-12,7.702346241664054e-14,0.362863939431584,-0.6410248828063123,0.0018759885497397323,-0.3628576880693252,0.6410263808851306,-0.0018200657900697634,-1.4605999668040485e-05,4.365690891244642e-06,-0.0008953435038614313,8.30909632342371e-06,-5.539917427394931e-06,0.0008427174529900294,0.15693416606439461,1.0329883174205508,0.00011363518283992727,-0.1569764829219345,-1.0330235819836018,-0.00011292799965630543
4.2700000000000005,0.014888385852125843,4.932985689317453e-09,0.5393255876648004,-7.926764830504443e-10,-2.9382604803706113e-06,-3.9547272379566316e-07,-1.2569884422308826e-05,4.9582141277591816e-06,3.7940492837971604e-05,0.0,4,Solved,130626,87105,317470,0.06456420619058405,2.0608246384034997e-12,2.116782701270907e-13,0.36286386623030803,-0.6410248606954368,0.0018714827735756053,-0.3628576457925725,0.6410263531424449,-0.0018158175335471999,-1.467021129081231e-05,4.456085675121011e-06,-0.0009050657062235,8.563333592260426e-06,-5.554507485864861e-06,0.0008543047094793676,0.15692924326008093,1.032984628601109,0.00011633142986293483,-0.15698156507962707,-1.0330272990493448,-0.00011033332853016928
4.275,0.01488819462975783,4.73018722605159e-09,0.5393255898335342,-4.212511385855874e-10,-2.9135562659268417e-06,-3.9521615121817094e-07,-1.2506052660881081e-05,4.936999759622164e-06,3.845019246084158e-05,0.0,4,Solved,127802,79651,306970,0.06456375648777331,1.0674223555350735e-12,8.079635720472105e-14,0.36286379556937987,-0.6410248370875071,0.0018669526521746486,-0.3628575996748561,0.6410263263748409,-0.0018114872634515608,-1.3785682699394815e-05,4.888658982648625e-06,-0.0009067329485981954,9.669251787226975e-06,-5.225946106051722e-06,0.0008738843502462531,0.15693895728765234,1.0329915843609765,0.00011139176466952622,-0.1569717635393711,-1.033020103804373,-0.0001154492592576772
4.28,0.014888000861570095,4.5197049990708185e-09,0.5393255920203421,-3.42680128614782e-11,-2.8890068473203688e-06,-3.950554274989521e-07,-1.2441948503965398e-05,4.887136707690674e-06,3.8960450089327435e-05,0.0,4,Solved,129305,79270,307240,0.06456404466754297,2.0372248094209454e-12,2.1166819445842487e-13,0.3628637241078571,-0.6410248135726554,0.001862368027985631,-0.3628575529736364,0.641026299000587,-0.0018071057018625256,-1.4632086002865318e-05,4.5831628955134716e-06,-0.0009237162238387865,9.136785495251456e-06,-5.6333377732855116e-06,0.000878001557370376,0.15693247563993576,1.032986868886044,0.00011488640429224276,-0.15697828564883207,-1.0330247146806875,-0.00011209379838440266
4.285,0.014887804544944415,4.385676034987171e-09,0.5393255942250047,2.1367065910459047e-10,-2.8647416663094262e-06,-3.950430470580014e-07,-1.2377558713452594e-05,4.831132023130085e-06,3.946900890371091e-05,0.0,4,Solved,125016,79480,308142,0.06456409938061945,1.057152857456129e-12,7.752491144289737e-14,0.3628636519799388,-0.6410247900193227,0.001857730682110864,-0.36285750538810885,0.6410262711625729,-0.0018026716744877441,-1.4301112581967e-05,4.789665448610718e-06,-0.000930034076734747,9.775537206710221e-06,-5.526338043454243e-06,0.0008926794795347663,0.15693117155453057,1.0329858837471722,0.00011568905895376596,-0.15697961669073002,-1.0330255900899112,-0.00011143351287159064
4.29,0.01488760569275575,4.213576431760916e-09,0.539325596447484,5.280807571702943e-10,-2.8407624331133067e-06,-3.948080997253828e-07,-1.2312886907509462e-05,4.77292848130983e-06,3.9975266212542444e-05,0.0,4,Solved,126539,79961,306879,0.06456332751123593,1.0660796354044506e-12,8.349110593201298e-14,0.36286358218255066,-0.6410247651891144,0.0018530682731689398,-0.36285745390322965,0.6410262440942034,-0.0017981580635790227,-1.3742965202767927e-05,5.076941633449155e-06,-0.0009341701920003223,1.0651609772050261e-05,-5.341824920275015e-06,0.0009094286728391247,0.15694819030763044,1.032998136461386,0.00010696820831185233,-0.15696274681315442,-1.033013240179775,-0.00012027861317436045
4.295,0.014887404327672065,4.164187695130109e-09,0.5393255986846607,6.224204594740492e-10,-2.816981647443011e-06,-3.949898206445496e-07,-1.2247904133896408e-05,4.753826759211299e-06,4.047459915910847e-05,0.0,4,Solved,128663,101571,335785,0.06456462570438089,2.066696612989295e-12,2.113053115677775e-13,0.36286350652572114,-0.6410247427618042,0.0018483047709433203,-0.3628574071181735,0.6410262142905877,-0.0017936413046207797,-1.6054551642340994e-05,4.107223767229266e-06,-0.0009650033043658902,8.51476817651102e-06,-6.353854329927337e-06,0.0008994193730337712,0.1569193563319609,1.0329772639717276,0.00012209410373738663,-0.1569915332785788,-1.0330340112700942,-0.00010530815159154543
4.3,0.014887200470796015,4.166657819612326e-09,0.5393256009344628,6.174004640591077e-10,-2.7933275935319266e-06,-3.949658513997533e-07,-1.2182654314487264e-05,4.713424808254375e-06,4.097358838327559e-05,0.0,4,Solved,165032,128252,434872,0.06456351448936654,1.056574498705247e-12,8.028414029711862e-14,0.36286343445829733,-0.6410247184265639,0.0018435264190037632,-0.3628573555289883,0.6410261860187255,-0.0017890357507528447,-1.334988156724276e-05,5.348686615735272e-06,-0.0009496218187049239,1.1507957367624738e-05,-5.209528383401289e-06,0.0009354669103505045,0.15694409459607228,1.0329949424000278,0.00010932481691277384,-0.15696686667494722,-1.0330162318298646,-0.000118215279160445
4.305,0.014886994126023491,4.050331297563033e-09,0.5393256032005463,8.273034212734236e-10,-2.7698868834287354e-06,-3.946734560534525e-07,-1.2117117692411978e-05,4.674678652413552e-06,4.14694514540953e-05,0.0,4,Solved,177345,119216,445512,0.06456401094396075,1.074915280165173e-12,8.229449877144718e-14,0.36286336277149134,-0.6410246937787536,0.0018387054818598974,-0.36285730224283314,0.641026157620993,-0.0017843697523529406,-1.4990551095060996e-05,4.66318683328503e-06,-0.0009738435663439383,1.0113889078038295e-05,-5.976457119613451e-06,0.0009318112878325737,0.15693288173386005,1.0329868361759873,0.00011527513000795663,-0.15697803754797798,-1.033024175103372,-0.00011242808021413174
4.3100000000000005,0.014886785304138124,4.082001576385546e-09,0.5393256054825895,7.700559621758593e-10,-2.7466791757342258e-06,-3.947727663330631e-07,-1.2051319145685702e-05,4.615258342348977e-06,4.196528729945637e-05,0.0,4,Solved,173037,121339,442406,0.06456405889936329,1.0717049010317513e-12,8.360000577333149e-14,0.36286328888449576,-0.6410246697492378,0.0018338189059941303,-0.3628572496921191,0.641026128145158,-0.0017796669911148194,-1.465134673594437e-05,4.895670071126179e-06,-0.0009797003157916424,1.0777096934413642e-05,-5.842972783093557e-06,0.000946377944773968,0.1569317648505745,1.0329859587131895,0.00011597998562102408,-0.15697919557601514,-1.0330249423898126,-0.00011186675775979251
4.315,0.014886574007667127,4.059310190421954e-09,0.5393256077819565,8.084116523841391e-10,-2.7237979840431813e-06,-3.945806054702693e-07,-1.19852490767266e-05,4.5507209950768466e-06,4.2459099860723465e-05,0.0,4,Solved,158009,118293,432266,0.06456429958496011,2.0529725639902492e-12,2.1328245777908262e-13,0.36286321725085235,-0.6410246443569221,0.001828908536368957,-0.36285719328039284,0.6410260995439919,-0.0017748862335225733,-1.4122731810311434e-05,5.194549609945488e-06,-0.0009837138278733014,1.1625772585748541e-05,-5.640835191813704e-06,0.0009626791254725888,0.1569264047932121,1.0329820189931045,0.00011889200337607267,-0.15698463084513833,-1.0330287933593618,-0.00010909146171001057
4.32,0.014886360253612748,3.9192776988999915e-09,0.5393256100979095,1.0582614885848018e-09,-2.7012115048292447e-06,-3.9406605520510555e-07,-1.1918901315202916e-05,4.499918703920239e-06,4.294891277773061e-05,0.0,4,Solved,174941,118273,437246,0.06456387964975899,2.053481108393211e-12,2.1229390574337462e-13,0.36286315115498774,-0.6410246163687617,0.0018240039773186603,-0.3628571298418251,0.6410260730830741,-0.00176999839151009,-1.263046003370179e-05,5.854331631317202e-06,-0.000979120517464366,1.3401190854871323e-05,-5.068449344089346e-06,0.000987487519461141,0.1569356964651164,1.0329886012781522,0.00011411838581078696,-0.1569753398849451,-1.0330220743961438,-0.00011402004708261851
4.325,0.014886144056713674,3.709488655283763e-09,0.5393256124301258,1.4368237275265415e-09,-2.678908119772565e-06,-3.935458017576639e-07,-1.185229094697403e-05,4.435207130424072e-06,4.3437128931706204e-05,0.0,4,Solved,188456,119085,454529,0.06456383321231032,1.0667166630379249e-12,8.004219886706608e-14,0.3628630875371391,-0.6410245873351342,0.0018190774515137826,-0.36285706239650123,0.6410260472045273,-0.0017650318275474653,-1.2787689801781582e-05,5.777363348783959e-06,-0.0009894249002549479,1.356494002213678e-05,-5.241537104573905e-06,0.0009972696163151479,0.15693666404396328,1.0329892311867843,0.00011369008385820573,-0.1569744150116219,-1.0330213313969652,-0.00011459446029069625
4.33,0.014885925425222424,3.6021270232597763e-09,0.5393256147792107,1.6316158379478626e-09,-2.656933005820982e-06,-3.9337112047119677e-07,-1.178541398088163e-05,4.369083363384696e-06,4.392292235262805e-05,0.0,4,Solved,176654,118123,435663,0.06456348595689904,1.0721153671320449e-12,8.110819294433155e-14,0.3628630227462996,-0.6410245588210031,0.0018140955912113585,-0.36285699453281894,0.6410260203329464,-0.0017600205061238557,-1.3078980237254532e-05,5.655726101228894e-06,-0.001001018083839481,1.3590285990915623e-05,-5.45696823918452e-06,0.0010056496984722665,0.15694439274252786,1.03299467722382,0.00010974867289193089,-0.1569667981030163,-1.0330157753103846,-0.00011867259857974335
4.335,0.014885704379837187,3.6784920724150234e-09,0.5393256171426903,1.4933301259257937e-09,-2.6352200945471346e-06,-3.9360047836197844e-07,-1.1718254816003e-05,4.330713548575399e-06,4.4403255451283724e-05,0.0,4,Solved,196370,120708,455631,0.06456417321417666,1.0609739137032904e-12,8.278735708625878e-14,0.3628629526272456,-0.641024532579461,0.0018090195079271112,-0.3628569306931223,0.641025990840786,-0.0017550037995266651,-1.4658434474647458e-05,4.9889785934685115e-06,-0.0010246637893247658,1.2234641499625278e-05,-6.1772146372258516e-06,0.0010018914454207961,0.15692893467448565,1.032983546616451,0.00011790380672304768,-0.15698223580054724,-1.0330267714268266,-0.00011067777761161096
4.34,0.014885480938541763,3.8520223248172704e-09,0.5393256195185392,1.173950929721012e-09,-2.613727315557969e-06,-3.9374213303570777e-07,-1.1650843137710953e-05,4.2749685382677155e-06,4.488251969026412e-05,0.0,4,Solved,176263,114256,431065,0.06456327371056568,1.0435339814452467e-12,7.986014706632612e-14,0.36286288269250355,-0.6410245059267731,0.0018039003037898281,-0.36285686534163547,0.6410259614171374,-0.0017499312132843762,-1.356173137331779e-05,5.54761702270674e-06,-0.0010233966031830103,1.3624759246178515e-05,-5.697101650941326e-06,0.0010229008318059253,0.15694904196962065,1.0329978783467773,0.00010751097576449671,-0.15696223603089424,-1.0330123793690509,-0.00012120278439486683
4.345,0.014885255111972613,4.070514714431832e-09,0.5393256219082934,7.730510339563398e-10,-2.592483349972321e-06,-3.939776256873123e-07,-1.1583159778299983e-05,4.238922739658851e-06,4.5357363058349036e-05,0.0,4,Solved,186783,128983,460750,0.06456371636559712,2.0667343173304675e-12,2.1113641828029268e-13,0.3628628076148189,-0.6410244810904446,0.0017986907083272232,-0.3628568038472607,0.6410259298114334,-0.001744850601365007,-1.5983466722195287e-05,4.598884487802461e-06,-0.0010542113101473375,1.1436171997741808e-05,-6.715396962064363e-06,0.0010117305791992374,0.15693901081082692,1.032990671981768,0.00011285504265875121,-0.156972272183853,-1.0330194618495538,-0.0001160148837078109
4.3500000000000005,0.014885026918963297,4.495137658681137e-09,0.5393256243120756,-1.8151624575010452e-12,-2.571445432029949e-06,-3.9462393265627117e-07,-1.1515225361305166e-05,4.191449734720622e-06,4.583030917421239e-05,0.0,4,Solved,167887,119426,435603,0.06456406557380887,2.028284420897816e-12,2.1131110209676317e-13,0.36286272580607837,-0.6410244583136487,0.001793377088676339,-0.36285674778830673,0.6410258957480052,-0.0017397761996677762,-1.663221418205904e-05,4.526939307760782e-06,-0.0010684616569299277,1.106400876208731e-05,-6.873705863126565e-06,0.001016988871325511,0.15693108474956793,1.032984956321955,0.00011713459892509754,-0.15698022543418788,-1.0330250491809418,-0.00011188891227222381
4.355,0.014884796366331027,4.82807128187073e-09,0.5393256267313504,-6.143541273699295e-10,-2.550674865006363e-06,-3.948130482703913e-07,-1.1447040047360211e-05,4.132210117559364e-06,4.630137902998091e-05,0.0,4,Solved,180621,119807,450521,0.06456344300941083,2.0671765187986287e-12,2.112504829133435e-13,0.36286264484450276,-0.6410244340424892,0.001788030669160889,-0.3628566894606017,0.6410258627429477,-0.0017346374255876528,-1.5918849504232196e-05,5.062036645642743e-06,-0.0010699280370223465,1.2067003404394928e-05,-6.42639222948068e-06,0.0010349077304093542,0.15694503469662838,1.0329948292336648,0.00010997134299786013,-0.15696634287623373,-1.0330150881505733,-0.00011919540828037599
4.36,0.01488456346766968,5.085722683267489e-09,0.5393256291662565,-1.0870057209646821e-09,-2.5301735936362765e-06,-3.9502158092329965e-07,-1.1378600320509645e-05,4.083500676582365e-06,4.676910102552927e-05,0.0,4,Solved,175251,119225,452816,0.06456337537528543,2.0477964280129353e-12,2.1164832115965816e-13,0.3628625600658649,-0.641024410342156,0.0017826098776486676,-0.36285663355796954,0.6410258287255837,-0.0017294764380268294,-1.7649465761633624e-05,4.535141507149528e-06,-0.0010936271554371697,1.060745092724915e-05,-7.041946362549788e-06,0.001030480529132566,0.15694681975785435,1.0329959739009293,0.00010924687647143405,-0.15696505341013142,-1.033014006004567,-0.00011998350291689019
4.365,0.014884328282278026,5.483919619943795e-09,0.539325631607468,-1.8100282782555094e-09,-2.5095382065875285e-06,-3.957722186405189e-07,-1.130980878365855e-05,4.19021336820375e-06,4.721686103731317e-05,0.0,4,Solved,164891,120157,435262,0.06456376453634138,2.0372055507786736e-12,2.118518915524871e-13,0.3628624667405785,-0.6410243896027958,0.00177706459593467,-0.3628565863646713,0.6410257917988786,-0.0017243434483457656,-1.935202522966512e-05,3.8980306536902996e-06,-0.0011193571098539823,8.670021568016993e-06,-7.602777237799344e-06,0.001024066827321696,0.1569378328807794,1.032989408901804,0.00011405583820404207,-0.15697370805321853,-1.0330202325814621,-0.00011541433772310842
4.37,0.014884090852948043,5.904795420274493e-09,0.5393256340466102,-2.5751999245675317e-09,-2.488504737097148e-06,-3.9648061309101037e-07,-1.1240822936205518e-05,4.205545477804055e-06,4.767144319263635e-05,0.0,4,Solved,191111,123183,469407,0.06456376860386852,1.0538838037098753e-12,8.532553118928709e-14,0.3628623690676239,-0.6410243697154933,0.0017714345579397087,-0.36285654355238117,0.6410257540984965,-0.0017191994669596207,-1.9676441046464828e-05,4.024584088284043e-06,-0.001130530564565349,8.491033742266202e-06,-7.500811225616475e-06,0.0010319324065987598,0.15693751229356584,1.0329892700049916,0.00011440500673975719,-0.15697396491099602,-1.0330202976618963,-0.00011522917933091384
4.375,0.014883851130443293,6.1798376382380915e-09,0.5393256364971144,-3.0758448076381253e-09,-2.4676325393002743e-06,-3.968534313086078e-07,-1.1171629386870622e-05,4.150183848953101e-06,4.8131136998987936e-05,0.0,4,Solved,182695,120597,445933,0.06456406572269584,1.0579117434303495e-12,8.179759549627797e-14,0.3628622696762665,-0.6410243489781394,0.0017657509140369804,-0.3628565012468376,0.6410257168602703,-0.0017140144545228784,-2.0027171828093054e-05,4.222730439890029e-06,-0.0011409316473062667,8.447343676325919e-06,-7.415540011064662e-06,0.001040384551736793,0.15693121545404287,1.0329845061251375,0.00011791438684367264,-0.15698045751029177,-1.0330250515631334,-0.00011183345576790619
4.38,0.014883609125976006,6.2427163623448615e-09,0.5393256389644975,-3.1897242353206354e-09,-2.4469587674166933e-06,-3.968735401230673e-07,-1.1102179464869479e-05,4.1333537248406475e-06,4.858364537466346e-05,0.0,4,Solved,191561,121870,458356,0.06456332569430623,2.0663404497774994e-12,2.1238607203364008e-13,0.362862172225591,-0.6410243259745722,0.0017600465937079271,-0.36285645590277127,0.6410256814203835,-0.0017087560243099257,-1.914890742888926e-05,4.837978001933577e-06,-0.0011409188784722729,9.487018125726532e-06,-6.881077804898821e-06,0.0010591933235648224,0.15694732995205476,1.032996146191412,0.00010964221862982645,-0.1569643533742451,-1.0330132111088997,-0.00012027467611393676
4.385,0.014883364871593458,6.199429878072693e-09,0.5393256414445867,-3.104317401812375e-09,-2.426323183462553e-06,-3.970581774572193e-07,-1.1032496610778625e-05,4.123277595325356e-06,4.90330278610352e-05,0.0,4,Solved,186503,119125,445952,0.06456464490080192,2.0450264800302943e-12,2.1135069114616841e-13,0.3628620706672092,-0.6410243036727848,0.0017542651656826495,-0.3628564138534126,0.6410256449536123,-0.001703481099105204,-2.1085945029472376e-05,4.215842791453728e-06,-0.0011665102280349606,7.713487801902386e-06,-7.557764247089108e-06,0.0010522724238500732,0.1569179098136446,1.032974878074097,0.0001253041787364794,-0.15699373825790677,-1.0330343184128308,-0.0001047835239541689
4.39,0.014883118369925662,5.99741961029901e-09,0.539325643936535,-2.7315123312218873e-09,-2.405818887755587e-06,-3.968671513210869e-07,-1.0962600234301726e-05,4.089315486797694e-06,4.94829405575382e-05,0.0,4,Solved,138551,96422,370850,0.06456418049127731,2.060002721329426e-12,2.1182694177350925e-13,0.3628619752455676,-0.6410242776742291,0.0017485002096776462,-0.3628563646011231,0.6410256118406167,-0.001698096809004565,-1.7781092705280357e-05,5.82041325170858e-06,-0.0011441827814865733,1.1264837181780842e-05,-6.031146620062988e-06,0.0010931174575151495,0.15692848572249712,1.0329822315271366,0.00011989710718897744,-0.15698320414303704,-1.033026887860437,-0.00011033809618811608
4.3950000000000005,0.01488286962302564,5.365425889229157e-09,0.5393256464435962,-1.578267440914689e-09,-2.3855551167716524e-06,-3.9582575511957397e-07,-1.08924851632714e-05,4.045513190764835e-06,4.993114765527687e-05,0.0,4,Solved,134474,79971,318332,0.06456371490107375,1.064249970213164e-12,8.552414590051812e-14,0.3628618905544998,-0.6410242466714888,0.0017427940391983071,-0.36285630331076846,0.6410255832710995,-0.0016925615170724033,-1.6379830098725313e-05,6.439999614088182e-06,-0.0011393147689783105,1.2937736078346089e-05,-5.513172878104908e-06,0.0011163794038844415,0.1569385598933787,1.0329894367479164,0.00011471265359887533,-0.15697313320946302,-1.03301943841718,-0.00011569860498663959
4.4,0.014882618640809087,4.6859071480191555e-09,0.5393256489652396,-3.313060498629009e-10,-2.365566533752778e-06,-3.9516667901592923e-07,-1.0822150994829029e-05,3.980733211601835e-06,5.037763890183175e-05,0.0,4,Solved,126920,80522,307130,0.06456391802040752,1.0785135581758827e-12,8.402239566376095e-14,0.3628618076963028,-0.641024215106506,0.001737063880611443,-0.3628562388536302,0.6410255548936615,-0.0016869585974223869,-1.6697570452542323e-05,6.228703817663789e-06,-0.0011504990340394745,1.2883707815379135e-05,-5.780184894538049e-06,0.0011234713061599852,0.1569341612844988,1.0329861193951386,0.00011713330206671102,-0.1569775748207107,-1.0330226883265203,-0.00011342462820222626
4.405,0.01488236543203233,4.1185010876042065e-09,0.5393256514993255,7.130950113642733e-10,-2.345893758210197e-06,-3.94828387618374e-07,-1.0751602810787497e-05,3.913631722851268e-06,5.08219598988241e-05,0.0,4,Solved,127020,80983,306980,0.06456399222495596,2.0358306708291043e-12,2.1193865186672494e-13,0.36286172578816095,-0.6410241835512251,0.001731300278537846,-0.3628561720367234,0.6410255261396719,-0.0016812981152819911,-1.6181672397314002e-05,6.360157116610217e-06,-0.0011542513584038479,1.3693829287463711e-05,-5.733845168651558e-06,0.001137870466541206,0.1569324201254146,1.0329848315950456,0.00011816532841849043,-0.15697936594226883,-1.0330238755992953,-0.00011254347314412068
4.41,0.014882110009638627,3.601607795637293e-09,0.539325654048677,1.6613624509035204e-09,-2.3265558705745222e-06,-3.9437273001571474e-07,-1.0680838245901567e-05,3.846466720999211e-06,5.1263526221901374e-05,0.0,4,Solved,128783,80332,309996,0.06456287748158204,1.0681073428619498e-12,8.345501555306233e-14,0.3628616474317845,-0.6410241509873245,0.0017255267688778496,-0.362856100181154,0.6410254979462551,-0.0016755571399942664,-1.534265135625681e-05,6.6078082519393545e-06,-0.001155056693365329,1.4832491292391497e-05,-5.578830907005317e-06,0.001155097937773132,0.15695731168958588,1.033002647939539,0.00010515911028006102,-0.15695471377730474,-1.0330060397053127,-0.00012566422907102018
4.415,0.014881852405710912,3.3836187144166637e-09,0.5393256566106522,2.068335531998298e-09,-2.307398283562197e-06,-3.946368093335414e-07,-1.0609815875086454e-05,3.840234273532756e-06,5.169503886112106e-05,0.0,4,Solved,124926,79681,303894,0.0645652615400426,1.0756658308833819e-12,8.242401357549904e-14,0.3628615603455715,-0.6410241228980553,0.001719628961539529,-0.3628560361649411,0.6410254649868813,-0.0016698504597712448,-1.8793008727528914e-05,4.9863679834780966e-06,-0.0011957946170039295,1.147932723115691e-05,-7.235659119098714e-06,0.001132339170437623,0.15690447734247778,1.0329645245117876,0.0001331939713100827,-0.1570077829147656,-1.0330441846406817,-9.774062930043638e-05
4.42,0.014881592678060392,3.239603737015189e-09,0.5393256591785415,2.32745774072991e-09,-2.288041290915002e-06,-3.94265717270659e-07,-1.0538529283923487e-05,3.920933267484644e-06,5.211532580358905e-05,0.0,4,Solved,126048,80352,305788,0.06456369107798297,2.0791974088126485e-12,2.1207069371529004e-13,0.36286148482366726,-0.6410240904869398,0.0017137871978725617,-0.3628559606245758,0.6410254362621133,-0.001663998048282638,-1.2696245341774884e-05,7.431831402445248e-06,-0.0011503590541346999,1.7497931879639578e-05,-4.79565104390939e-06,0.0011956847039507315,0.15693892801850162,1.0329893091531623,0.00011503848344900573,-0.15697299634745246,-1.0330190572477276,-0.00011614291456760684
4.425,0.014881330830815104,2.7396607612881445e-09,0.5393256617556217,3.228068119862312e-09,-2.268577550832258e-06,-3.929396115117293e-07,-1.046709339725255e-05,3.870129643419977e-06,5.2545196527045044e-05,0.0,4,Solved,138953,80993,319313,0.06456360965685638,2.047693528937226e-12,2.1119497409145284e-13,0.3628614201511679,-0.6410240543502403,0.0017080007186979905,-0.362855873454059,0.64102541091846,-0.0016580016655866818,-1.3082035588216301e-05,7.100827922209415e-06,-0.0011618453503175303,1.7424557006603498e-05,-5.237804208263912e-06,0.001201821062585657,0.15694061653899,1.0329905036437173,0.00011420951490693204,-0.15697138127082064,-1.0330177545097021,-0.00011712176672408687
4.43,0.014881066827343423,2.496924178064403e-09,0.5393256643503788,3.6686759098604993e-09,-2.249453282179023e-06,-3.925638935509652e-07,-1.0395455180427409e-05,3.800527182982991e-06,5.297478753513112e-05,0.0,4,Solved,132370,79731,312220,0.0645641144511429,1.06719370090819e-12,8.745218481285334e-14,0.3628613529942832,-0.641024020028191,0.0017021504433986378,-0.3628557872873008,0.6410253832327033,-0.0016519812869475715,-1.366805164739149e-05,6.715828758660183e-06,-0.0011755106407080934,1.712397893792297e-05,-5.72459227570732e-06,0.001205671440086952,0.15692945058877167,1.0329823423750104,0.0001201476842290493,-0.1569826127623933,-1.0330258312182865,-0.00011133146082574197
4.4350000000000005,0.014880800686758133,2.3948318262571957e-09,0.5393256669625224,3.849194126933587e-09,-2.2306300639474468e-06,-3.9220438248070315e-07,-1.0323616656098744e-05,3.7436127417407604e-06,5.340081953042023e-05,0.0,4,Solved,125597,80451,305808,0.06456364506230017,2.044469317338732e-12,2.1144663117997212e-13,0.36286128892885416,-0.6410239849387088,0.0016962866798494768,-0.36285569661233813,0.6410253557786413,-0.0016458871584763186,-1.2261899434533749e-05,7.212465529039045e-06,-0.0011709901798059024,1.8812240513843798e-05,-5.3387151042931276e-06,0.001227594316002454,0.1569397029348159,1.0329896748986351,0.00011478581879964402,-0.1569723749258166,-1.0330183209968027,-0.00011686242334838194
4.44,0.014880532422447731,2.3559556102540668e-09,0.5393256695921713,3.911823564534588e-09,-2.2121184977816734e-06,-3.918036763942466e-07,-1.0251583625053075e-05,3.674838434634525e-06,5.382500080189126e-05,0.0,4,Solved,137901,80542,318992,0.06456384433133955,1.068050717876933e-12,8.498152026649164e-14,0.36286122622649686,-0.6410239497826429,0.0016903949764995121,-0.36285560311198317,0.6410253278720518,-0.0016397343407561244,-1.2730617323707688e-05,6.919528262162904e-06,-0.001183223181321909,1.864305459762576e-05,-5.730909832389188e-06,0.001232636232521581,0.1569352531066535,1.032986401213913,0.00011719098686461751,-0.1569769968067084,-1.0330215093014328,-0.0001145916251677962
4.445,0.01488026205606059,2.469452967621743e-09,0.5393256722354678,3.6961586332049354e-09,-2.1938501134588954e-06,-3.9161356923805975e-07,-1.0179325194025898e-05,3.647305522586761e-06,5.424195101428819e-05,0.0,4,Solved,126348,79851,305337,0.06456408640186213,1.0591583996402643e-12,7.538971216041366e-14,0.36286116382401906,-0.6410239149586312,0.0016844645151646413,-0.36285550824113594,0.6410252992933004,-0.0016335341225179652,-1.2327476775738922e-05,6.996586056284162e-06,-0.001188040085000865,1.9203511153099833e-05,-5.701087816658427e-06,0.0012450223616436427,0.15692982466113115,1.03298252233388,0.00012008912430131861,-0.1569825354955026,-1.0330253824297941,-0.00011183042934717079
4.45,0.014879989624124741,2.5744881980097345e-09,0.5393256748896751,3.4918768129355773e-09,-2.1756350143565205e-06,-3.9116630220377506e-07,-1.0106857024606779e-05,3.6450407431547503e-06,5.46529626159126e-05,0.0,4,Solved,127220,80122,307521,0.0645633091137035,1.073639468050428e-12,7.716771309033802e-14,0.362861106260093,-0.6410238784267007,0.0016785361267738117,-0.3628554078076876,0.641025272089737,-0.001627246209179668,-1.0985282463002485e-05,7.5072980768635775e-06,-0.0011841620824478765,2.068224655131969e-05,-5.269758522200993e-06,0.0012659726465258341,0.1569468937727067,1.0329946629575026,0.00011111600470344427,-0.15696537349064835,-1.033012945819256,-0.00012100615191497996
4.455,0.01487971513575994,2.7586677854233435e-09,0.5393256775567482,3.146316893347216e-09,-2.1575234983658136e-06,-3.9101600891947225e-07,-1.0034213115042365e-05,3.604005098551346e-06,5.506561111021546e-05,0.0,4,Solved,126429,80482,313262,0.06456326151784816,1.0601088318465597e-12,8.572637797078262e-14,0.3628610460031252,-0.6410238433006713,0.0016725435155825294,-0.3628553090823216,0.6410252431196354,-0.0016209376498880945,-1.2760482798000946e-05,6.722706940498503e-06,-0.001208029691475832,1.914446276308223e-05,-6.1216968195790425e-06,0.0012590132963849283,0.15694798098482587,1.0329953390721514,0.00011058971271497095,-0.15696438533405882,-1.0330121842855706,-0.00012167963076808476
4.46,0.014879438591180464,3.2599836600356406e-09,0.5393256802353921,2.2273660438775353e-09,-2.1396328133672215e-06,-3.9162599894415566e-07,-9.961370963185598e-06,3.5754303458382725e-06,5.547492890666472e-05,0.0,4,Solved,134484,79339,312981,0.06456362710974006,1.0647135749632513e-12,8.317725427986327e-14,0.3628609764777049,-0.6410238119630269,0.0016664277885476023,-0.3628552185716427,0.6410252100454361,-0.0016146679983409808,-1.4678174934127313e-05,5.9805670730980875e-06,-0.0012332068827633827,1.741985983528989e-05,-6.924180588111174e-06,0.001250633468800632,0.1569395966782174,1.0329893426807792,0.00011504517305855991,-0.1569727430797302,-1.033018033755841,-0.00011739811802317017
4.465,0.01487916000397754,3.916913404542269e-09,0.5393256829268053,1.0220109171775748e-09,-2.121975574670807e-06,-3.9228446868527133e-07,-9.888358140527559e-06,3.5141799943906277e-06,5.5883798012459356e-05,0.0,4,Solved,127901,79440,305297,0.0645637292305198,1.0588596846117862e-12,8.961045933343702e-14,0.36286090160265083,-0.6410237820416657,0.001660227415209248,-0.36285513217345144,0.6410251751540434,-0.0016083994818705846,-1.5193501249305228e-05,5.988749628737311e-06,-0.0012447140186288628,1.7188307967900387e-05,-7.0094113195060025e-06,0.0012557653898388232,0.1569372304728086,1.0329875706956202,0.00011636659789159075,-0.15697516187860353,-1.0330196676883168,-0.00011623755322333813
4.47,0.014878879377754431,4.503774726890421e-09,0.5393256856332769,-5.871433582137732e-11,-2.1046508853214015e-06,-3.926084527137826e-07,-9.815163365358129e-06,3.444491312831972e-06,5.629036010033901e-05,0.0,4,Solved,133673,92885,326647,0.06456335031576123,2.0655847666489127e-12,2.125085722678126e-13,0.36286082525426444,-0.6410237514896782,0.0016539807073700813,-0.3628550458539672,0.6410251404526394,-0.0016020944669147684,-1.5337307660248574e-05,6.190005911617305e-06,-0.0012524829857421195,1.732034759479401e-05,-6.892808881807486e-06,0.0012645148609238997,0.15694577553901695,1.0329935307641027,0.0001119704969553714,-0.15696674253290369,-1.0330136050521797,-0.00012078038879662839
4.4750000000000005,0.014878596734326479,5.047186564675862e-09,0.5393256883523337,-1.0568457311732113e-09,-2.087594187530932e-06,-3.930270227388864e-07,-9.741771891482796e-06,3.4060075894596106e-06,5.6691260103653815e-05,0.0,4,Solved,126368,79570,306068,0.06456349894237128,1.050394668513192e-12,7.707370660842539e-14,0.36286074371787513,-0.6410237218997515,0.001647653895325141,-0.3628549636001336,0.6410251044584943,-0.0015957872578711999,-1.6960978841641524e-05,5.7464051599684944e-06,-0.0012739417600610467,1.588702732390299e-05,-7.390234494219156e-06,0.0012594767119255266,0.15694234991801329,1.0329910692817552,0.00011386181752387981,-0.15697019846291074,-1.0330159830779404,-0.00011904788192030407
4.48,0.014878312096103172,5.611730157431259e-09,0.5393256910833657,-2.0894605563356903e-09,-2.0707408289786845e-06,-3.936744184930357e-07,-9.668207107473852e-06,3.3592203957740292e-06,5.708956843704807e-05,0.0,4,Solved,129064,79730,307642,0.06456369701268304,2.0491861998236105e-12,2.126402625977046e-13,0.3628606558629619,-0.641023693467004,0.001641237424767267,-0.3628548865617953,0.6410250669276383,-0.001589488043003463,-1.7992426036486004e-05,5.648315127318561e-06,-0.001289572435656839,1.5096457367998102e-05,-7.578940092396791e-06,0.0012601206282915167,0.15693767784650742,1.0329877084773187,0.00011643787804208599,-0.156974889935657,-1.0330191522029286,-0.00011664634304050177
4.485,0.014878025471087778,6.054329041668365e-09,0.5393256938284691,-2.8989670005900447e-09,-2.0541534615574847e-06,-3.941312590473652e-07,-9.594469574491538e-06,3.296942768325436e-06,5.7486243595907183e-05,0.0,4,Solved,133562,81544,314233,0.06456350930786986,2.0503934420764778e-12,2.130323494903074e-13,0.36286056529295607,-0.641023664403189,0.0016347659095117897,-0.36285481100163564,0.6410250296263621,-0.0015831628959508248,-1.8211814254149467e-05,5.915910780257411e-06,-0.0012975289075374428,1.5128932622766916e-05,-7.384822081102822e-06,0.0012683068672131586,0.1569419664940371,1.0329906413402137,0.0001143050551224551,-0.15697067685918467,-1.0330161489259178,-0.00011893025041123927
4.49,0.01487773687148375,6.34204883516576e-09,0.5393256965872254,-3.4229629048832446e-09,-2.037853638843826e-06,-3.944969928781699e-07,-9.520558025587949e-06,3.240627703549985e-06,5.7879657831546335e-05,0.0,4,Solved,128963,79611,319985,0.06456383045327198,2.0836751775660794e-12,2.1298386257154948e-13,0.36286047134159916,-0.6410236350403031,0.0016282339707359805,-0.3628547375659756,0.6410249922020363,-0.0015768178427950509,-1.918551710214142e-05,5.843184987535337e-06,-0.0013123249909389317,1.4406395390200556e-05,-7.54927875073252e-06,0.0012695256993355707,0.15693487913293672,1.0329854414639292,0.00011816376130232328,-0.15697787178689768,-1.0330212872523516,-0.0001152167243918763
4.495,0.01487744631894347,6.480458898197514e-09,0.5393256993613083,-3.672464540785397e-09,-2.0217898700573833e-06,-3.947399600342467e-07,-9.446466944306028e-06,3.1983330974638857e-06,5.8268141000731475e-05,0.0,4,Solved,128383,79090,305637,0.0645641007584388,1.0672405429939235e-12,8.376780693497734e-14,0.36286037645064384,-0.641023604429079,0.0016216631300166174,-0.36285466392656246,0.6410249555538758,-0.0015704319575416518,-1.8856620024472116e-05,6.296830493239773e-06,-0.0013154821353204451,1.494909334428362e-05,-7.191907685340395e-06,0.0012822700976194716,0.15692864273610255,1.032980863291396,0.00012158160779095289,-0.15698410811538271,-1.0330256121350208,-0.00011198666218257537
