time_s,root_x_m,root_y_m,root_z_m,roll_rad,pitch_rad,yaw_rad,virtual_pitch_rad,angular_speed_radps,linear_speed_mps,force_x_n,contacts,status,controller_step_ns,plant_step_ns,loop_ns,torque_utilization,dynamics_residual,contact_residual,q_left_hip,q_left_knee,q_left_wheel,q_right_hip,q_right_knee,q_right_wheel,v_left_hip,v_left_knee,v_left_wheel,v_right_hip,v_right_knee,v_right_wheel,tau_left_hip,tau_left_knee,tau_left_wheel,tau_right_hip,tau_right_knee,tau_right_wheel
0.0,0.014799506307338641,0.0,0.5393262157295499,0.0,0.0,0.0,-2.0419989583692627e-06,0.0,0.0,0.0,4,Solved,159501,120347,493603,0.06454776851999044,1.3500311979441904e-12,7.620640229966114e-14,0.3629274758349686,-0.6411483720759341,0.0,-0.36292747583496926,0.641148372075935,0.0,0.0,0.0,0.0,0.0,0.0,0.0,0.15687589906713884,1.032758155254713,0.0007258474396930467,-0.15687431965188647,-1.0327642963198471,-0.0007258610950101203
0.005,0.014799560029226739,4.000978036813937e-13,0.5393259379290672,-6.675727421789372e-13,-2.722233643366026e-07,-3.6318495465620846e-12,-4.70529953673651e-06,9.249904574449654e-05,9.612396155311753e-05,0.0,4,NumericalOrInvalid,159872,87065,376972,0.06562778454291707,5.670452907224899e-08,6.076907639113649e-08,0.362921579829485,-0.641132871156275,2.8856371215413487e-05,-0.3629215797329214,0.6411328708875647,-2.885679079000324e-05,-0.0015628082995723506,0.004270158283765526,0.008340062447866177,0.001562834742096856,-0.0042702316639178905,-0.008340177634675868,0.15687589906713884,1.032758155254713,0.0007258474396930467,-0.15687431965188647,-1.0327642963198471,-0.0007258610950101203
0.01,0.01479963631715271,1.315840995673406e-12,0.5393254275917915,-2.2666369603244374e-12,-7.72277905404754e-07,-8.447742255382816e-12,-1.0656063206631619e-05,9.616451331665423e-05,9.845392105785348e-05,0.0,4,NumericalOrInvalid,153250,95680,372574,0.06894745898733694,5.012492309456856e-07,8.755689778051683e-08,0.36291407044368756,-0.6411098292269125,7.974298606091087e-05,-0.36291407020944777,0.6411098285733356,-7.974402584858013e-05,-0.001349642178416769,0.004585825702727838,0.011050658253751856,0.0013496686491896647,-0.004585900469783041,-0.01105078170851253,0.15687589906713884,1.032758155254713,0.0007258474396930467,-0.15687431965188647,-1.0327642963198471,-0.0007258610950101203
0.015,0.014799649669964,2.3172367061463034e-12,0.5393250374669951,-4.062546588542258e-12,-1.163669050394922e-06,-1.1363047566158375e-11,-1.7916429510547275e-05,6.475223414064704e-05,6.304047723200708e-05,0.0,4,NumericalOrInvalid,144583,86143,345864,0.0680443039913855,3.9674961257504153e-07,4.2307675092716646e-07,0.3629091907323617,-0.6410886735835195,0.00013930068521108657,-0.3629091903864678,0.6410886726033227,-0.0001393022972665756,-0.0007103817633921194,0.003959354101781233,0.012438307072808668,0.0007104009889097686,-0.003959412397202088,-0.012438414705425763,0.15687589906713884,1.032758155254713,0.0007258474396930467,-0.15687431965188647,-1.0327642963198471,-0.0007258610950101203
0.02,0.014799581774318444,3.2711884681492722e-12,0.5393248424462878,-5.788119580344726e-12,-1.382724122455237e-06,-1.3377138341366058e-11,-2.614804362954532e-05,3.0252214729947803e-05,3.079764108065474e-05,0.0,4,NumericalOrInvalid,128483,90401,334863,0.06503693066677395,1.9817125032447565e-07,3.683394813142543e-08,0.36290760234543246,-0.6410708275316269,0.0002056217481577852,-0.3629076019272327,0.6410708263121598,-0.000205623850719739,-6.603684062615189e-05,0.0033337062473552297,0.013853779535906942,6.604824020724884e-05,-0.003333747530066299,-0.013853871984945606,0.15687589906713884,1.032758155254713,0.0007258474396930467,-0.15687431965188647,-1.0327642963198471,-0.0007258610950101203
0.025,0.014799434585458454,4.15218233794478e-12,0.5393248340239846,-7.377809833398418e-12,-1.4418108046221234e-06,-1.5388524619905425e-11,-3.5495074652599476e-05,1.9228899286782033e-07,3.746596400298626e-05,0.0,4,Solved,151757,84269,353508,0.06489054521997398,7.1049815833817336e-09,5.207336532515958e-09,0.36290895742897555,-0.6410554404866666,0.0002800677206556383,-0.36290895697394515,0.6410554391019349,-0.000280070256291132,0.00048160725173334543,0.002940590124169764,0.015632600129937575,-0.00048160236573042514,-0.0029406182710424475,-0.01563268376642162,0.15718207997658684,1.0382487235195836,-0.0007964376565424774,-0.1576353571523568,-1.0309256965466054,0.0005591051559457963
0.03,0.014799302428082417,-1.2389104117739818e-07,0.5393249855382717,2.317610722382996e-07,-1.0701071192359656e-06,-3.5068829422026115e-08,-4.5013809094119655e-05,0.0001695483299357491,6.539682461814485e-05,0.0,4,Solved,135846,80492,322819,0.06483023873874522,5.7191584801330464e-11,9.910200047744122e-12,0.3629106836589176,-0.6410407670609028,0.0003493189810264608,-0.36291174623801237,0.6410428115763397,-0.00034808317795157915,0.0002512433077580408,0.0029440105583662577,0.01269665150019004,-0.0005879682599524767,-0.002293804734777325,-0.012309071934089335,0.15506180443018217,1.028200370853195,0.00031496218749442565,-0.15877223799560544,-1.0372838198199235,0.0007335958272279258
0.035,0.01479925973901974,-2.766784265153261e-07,0.5393252026037278,5.15900446747248e-07,-1.304246676934916e-07,-7.61423719538622e-08,-5.273343293521275e-05,0.0001985869640681841,4.049949945194033e-05,0.0,4,Solved,134975,79600,326467,0.06458878664289498,1.3926637620897964e-12,3.952134301245247e-13,0.36291332318917086,-0.6410295202414996,0.0004070469387450727,-0.3629144914659379,0.6410324873560201,-0.0004023564537405069,0.0006950647081208931,0.0018247497050459286,0.010828173511669323,-0.0005229196177545587,-0.0019172534273642077,-0.009904257779262505,0.15715072912086356,1.0334205862863197,-0.0002331226158206031,-0.15677234839080675,-1.0327777521593497,0.00011319842457482062
0.04,0.014799216120989129,-2.3610378589324714e-07,0.5393253885605348,4.397258986591418e-07,9.107929547244188e-07,-9.191295620348391e-08,-5.9304806528607606e-05,0.0002134134475690885,3.8853762181302944e-05,0.0,4,Solved,134364,81043,319102,0.06456366081970291,1.0602076947306602e-12,8.719816928519537e-14,0.362916872417849,-0.6410214912854458,0.00045655080342661426,-0.36291729075178564,0.6410240974644135,-0.0004477211671798055,0.0007143726567010647,0.0014729144913158253,0.009303871570922377,-0.0005786109421059417,-0.0015345084104560714,-0.008545178964790404,0.1569851954592871,1.0330185731152466,-0.00013311283703066452,-0.15685465023960213,-1.032932068238019,6.176292344417215e-05
0.045,0.014799168497765584,-1.9552850408081028e-07,0.5393255688491334,3.642942439516504e-07,1.9787938289806537e-06,-9.757691569936186e-08,-6.507691519587314e-05,0.00021260757040534226,3.767403062794699e-05,0.0,4,Solved,131268,79460,313833,0.06456030345326637,2.0739211986383323e-12,2.1066452076702602e-13,0.36292050492075206,-0.6410150195830319,0.0004996016084590724,-0.36292029880692217,0.6410172613848464,-0.00048764154600837743,0.000730837246652626,0.0011854593805033617,0.008164748293065727,-0.0006136163572170397,-0.0012651248376207211,-0.007626405065490961,0.15695516073521537,1.032964855252262,-8.752989694855671e-05,-0.15686403728129278,-1.0329050197722434,3.1977993113494506e-05
0.05,0.01479910712252522,-1.488655001104305e-07,0.5393257352670414,2.7776342473199936e-07,3.024330028506284e-06,-1.0275856344178837e-07,-7.027945702597094e-05,0.0002078411242209873,3.602700463558277e-05,0.0,4,Solved,126879,80001,309465,0.06455782113237701,1.0516544109559918e-12,7.848178357067813e-14,0.3629241997142983,-0.6410097556072346,0.0005378145144499264,-0.3629234579678892,0.6410115680717855,-0.0005236775054729112,0.0007420117282789831,0.0009713711339117192,0.007306824915810584,-0.0006420736780815202,-0.0010604137709600862,-0.006939062818130109,0.1569182267430735,1.0329251381180322,-5.0550930125517245e-05,-0.1568878435276651,-1.032899153534964,2.7021406422950427e-05
0.055,0.014799029529532232,-1.0129575471248988e-07,0.5393258846019044,1.8963280396770945e-07,4.043412384447118e-06,-1.075453163360296e-07,-7.505803113207443e-05,0.0002023342361251846,3.435310140436191e-05,0.0,4,Solved,128303,88989,321136,0.06455798502094737,2.0717224103811277e-12,2.1431193950559313e-13,0.3629279437661305,-0.6410054006264275,0.0005723871022030678,-0.36292673100728223,0.641006774651675,-0.0005566016386738196,0.0007519279119632177,0.0008088489871138433,0.006661909367155733,-0.0006619588527805496,-0.000894869647402378,-0.006356967011356165,0.15693246218806384,1.0329277603351579,-4.9439894439692246e-05,-0.15686520612448268,-1.0328736602804536,6.904442074828551e-06
0.06,0.014798934127931804,-5.675659689328039e-08,0.5393260152596228,1.0717729631502113e-07,5.0341761440372515e-06,-1.1254232975014919e-07,-7.950347391554755e-05,0.00019648575502696,3.318621867004087e-05,0.0,4,Solved,129635,79891,312791,0.0645566066593494,2.070604608244657e-12,2.1268382020822596e-13,0.3629317094272191,-0.641001758989032,0.0006039571471142326,-0.36293010267454395,0.6410027180823337,-0.00058699438856333,0.0007531992012502891,0.0006779481409776915,0.006088986505518709,-0.0006820864169189584,-0.0007582814405823256,-0.005898986990134647,0.15690681098977544,1.0329057065495904,-3.32279122991344e-05,-0.1568832676252054,-1.032883891089696,1.381563399734625e-05
0.065,0.014798819680570865,-1.7584737565599137e-08,0.5393261266811148,3.4716980345920916e-08,5.994550283325863e-06,-1.1809222164528091e-07,-8.367254967576468e-05,0.00018995256698756892,3.2900696178879946e-05,0.0,4,Solved,126950,79531,308643,0.06455646258267136,2.0592328425126765e-12,2.1100355078636224e-13,0.36293547699045237,-0.6409986969607735,0.000632961687515412,-0.36293355172144504,0.6409992914639152,-0.0006151673421585587,0.0007533899288893746,0.0005709625393326763,0.005614064416700435,-0.0006948136828151894,-0.0006385869092532196,-0.005463247195406895,0.15687837666195226,1.0328842990857159,-1.874617956237785e-05,-0.15690792313805613,-1.0329034013227418,2.704480416858094e-05
0.07,0.014798685195038701,1.423294011813095e-08,0.5393262188928,-2.4108354508708788e-08,6.922682447310773e-06,-1.225427961494841e-07,-8.759992248797872e-05,0.00018339594598494613,3.365583023142136e-05,0.0,4,Solved,127381,79511,308883,0.0645566904357555,1.0486536396428736e-12,7.971228463853869e-14,0.36293924895818586,-0.6409961175830542,0.0006598314238796934,-0.36293704283686296,0.6409964280893402,-0.0006411437935147389,0.0007550107548419943,0.0004806774095325761,0.005217918975142685,-0.0007005515172442874,-0.0005301712365690125,-0.005020823825056813,0.15690578692278156,1.032907046972088,-3.5158044722197114e-05,-0.156876095091242,-1.0328832724942976,1.3441494178029548e-05
0.075,0.014798529993924366,3.809739860694395e-08,0.5393262922970273,-6.818481014938919e-08,7.818123807972547e-06,-1.2670337459860605e-07,-9.130761019846561e-05,0.00017652637179098576,3.554618864034796e-05,0.0,4,Solved,134714,89239,355612,0.06455652953133588,1.0469587653615286e-12,8.905091952318268e-14,0.36294300289342746,-0.6409939633026022,0.0006846509983216052,-0.362940567655225,0.6409940687117562,-0.0006651123174757284,0.000748154212667772,0.0003987273491545439,0.004798136564930974,-0.0007080289390983282,-0.00043410118580873526,-0.0046456314915779865,0.15689651761889453,1.032904472501374,-3.388789075211602e-05,-0.15688253395490498,-1.0328933837097922,2.0353911088196582e-05
0.08,0.014798353351892744,5.445856255422456e-08,0.5393263475866494,-9.833901158006741e-08,8.679044585611712e-06,-1.313863377148053e-07,-9.480905604913707e-05,0.00016945297616977712,3.839959503651451e-05,0.0,4,Solved,130016,80122,320345,0.0645567039502988,2.0669875202736233e-12,2.129849573616338e-13,0.3629467184767372,-0.6409921931276238,0.0007074495594013638,-0.3629441158613097,0.6409921657041271,-0.0006872065751833133,0.0007400454313033532,0.000324977140860888,0.004403656575694809,-0.000710926357531437,-0.0003458372588735169,-0.004270713930040815,0.15689427516238663,1.0329072632047809,-3.687423891683917e-05,-0.15688248596983068,-1.032899817607017,2.425224724612557e-05
0.085,0.014798154744366248,6.37985742221606e-08,0.5393263855910371,-1.1548642865437709e-07,9.504702680075262e-06,-1.3576171810662258e-07,-9.811268744077343e-05,0.00016230789706910052,4.1992255122575986e-05,0.0,4,Solved,127511,79630,309505,0.06455728827375301,1.0573849455172095e-12,7.852902847443758e-14,0.36295038727502393,-0.640990774836248,0.0007282997594663961,-0.36294766919293925,0.6409906822775391,-0.0007074485926414776,0.0007299351772536156,0.0002566164654596617,0.00401677649399734,-0.0007107431489272144,-0.0002646776851117278,-0.003902938417803592,0.1569003146683511,1.0329166123800482,-4.4357906168431276e-05,-0.15687475906699253,-1.0329013313769058,2.4272575531562e-05
0.09,0.014797933745696127,6.715551287997055e-08,0.5393264071788372,-1.2155392393581157e-07,1.0294846987007953e-05,-1.3997240029499788e-07,-0.00010122387875994716,0.00015519450573536585,4.6109807984688916e-05,0.0,4,Solved,125898,80713,325124,0.06455811350226916,1.0500630735977776e-12,7.969375658691089e-14,0.3629539963659201,-0.64098968742324,0.0007471903375026739,-0.36295121706717853,0.640989583577561,-0.0007259037537221312,0.0007168254722180422,0.0001917448945334241,0.0036212151884967097,-0.0007090666580458138,-0.0001904212833146699,-0.0035522049152139,0.15686835177814526,1.0329004906944022,-3.225790544711639e-05,-0.15690529781520712,-1.0329298160363065,4.406291577833913e-05
0.095,0.014797690006337018,6.544482230142981e-08,0.5393264132618049,-1.1825777566314837e-07,1.1049512072211825e-05,-1.4309902977443884e-07,-0.00010414627012372419,0.00014809801005861528,5.058833074099036e-05,0.0,4,Solved,128102,85302,316548,0.0645576504850289,2.066401526965758e-12,2.1305549826548115e-13,0.362957550717233,-0.6409889067827189,0.000764252702891016,-0.3629547322329203,0.6409888451481546,-0.0007424714980529814,0.0007073200521875824,0.00013257534256372737,0.0032750601745214704,-0.0006993237831700004,-0.00011978683382114931,-0.003156868450918124,0.15688832736000807,1.032920054271087,-4.68865639328139e-05,-0.15688366610335333,-1.0329224077604624,3.675763119750281e-05
0.1,0.014797423171869294,5.969469681833775e-08,0.5393264047721555,-1.0750695112840356e-07,1.1768399629092865e-05,-1.4515563200757374e-07,-0.00010688247403115708,0.00014090668925226252,5.5322211890369186e-05,0.0,4,Solved,133222,85181,346445,0.06455826995156363,2.05456810124857e-12,2.11806510915305e-13,0.36296104144409336,-0.6409884189722649,0.0007794810044201825,-0.3629582017136955,0.6409884378195544,-0.000757176206128928,0.0006924925108428596,7.437115741724642e-05,0.0028944941496445663,-0.0006905709713294982,-5.6384259894292394e-05,-0.0027989785419411813,0.15688347506174238,1.0329231049855592,-4.84551924271872e-05,-0.15688714729758255,-1.0329323192250182,4.224845802317475e-05
0.105,0.014797132874681363,5.15032291200884e-08,0.5393263826256597,-9.224678116528811e-08,1.2450902729953373e-05,-1.471116411662585e-07,-0.00010943450285317171,0.00013360503333825058,6.0228826125224287e-05,0.0,4,Solved,125768,79309,317590,0.06455900659398763,1.0514936986228526e-12,8.387783253096875e-14,0.36296445552922735,-0.6409882132945176,0.0007928242337475464,-0.36296161751534045,0.6409883329447151,-0.0007700811133987505,0.0006768172606624513,1.9067476798328273e-05,0.0025196103629960835,-0.0006785369841046558,2.241197133168509e-06,-0.0024374987156802596,0.15687646747529024,1.0329246897159339,-4.857464379065716e-05,-0.15689326716150875,-1.032944105503802,4.8808823549256416e-05
0.11,0.014796818817780829,4.187439995666611e-08,0.5393263477256032,-7.434734617201317e-08,1.309678438690233e-05,-1.4841245748664662e-07,-0.0001118039833772204,0.00012630945613063667,6.524142968564359e-05,0.0,4,Solved,124516,78929,301800,0.06455913594726838,1.0614047830211654e-12,8.567444908821323e-14,0.3629677905722527,-0.6409882753974252,0.00080432115262237,-0.3629649632452092,0.6409885083798446,-0.0007811566663373988,0.0006609066146647377,-3.336958417171682e-05,0.0021539080067692414,-0.0006632174808421329,5.6667423672230035e-05,-0.002068539694213367,0.1568833374505022,1.0329364954059015,-5.557300068093755e-05,-0.1568854695618435,-1.032946175156294,4.8001237113606476e-05
0.115,0.014796480756343591,3.17825131858615e-08,0.5393263009584423,-5.5610070514064834e-08,1.3706037302992159e-05,-1.4925736199115853e-07,-0.00011399254555995164,0.00011896214752267256,7.03264957044748e-05,0.0,4,Solved,130276,79701,315536,0.06456037162551125,2.047515902996474e-12,2.1077880245226957e-13,0.3629710377281025,-0.6409885937242403,0.000813953224978121,-0.362968229636885,0.6409889406742061,-0.0007904306355785156,0.0006422132979778098,-8.383489947247454e-05,0.0017760212192393739,-0.0006469842721433776,0.0001060936781022309,-0.0017137277589284942,0.1568651460672051,1.0329308291584414,-4.929219786603705e-05,-0.15690307297759792,-1.03296594600818,5.998221597047639e-05
0.12,0.014796118458326771,2.1948120662459886e-08,0.5393262432060653,-3.737245403251926e-08,1.4278523229134676e-05,-1.4942998057340027e-07,-0.00011600171402599117,0.00011161806999712865,7.545666370244441e-05,0.0,4,Solved,141598,82626,325835,0.06455984998219731,2.053557156530399e-12,2.1102954453344758e-13,0.3629741966200335,-0.6409891525149326,0.000821780843831364,-0.36297139987912674,0.640989611865372,-0.000797853221195914,0.000625221878083794,-0.0001303922235792171,0.0014262126150929291,-0.0006257790214111889,0.00015282489003549477,-0.0013330752319744544,0.15688618163070928,1.0329531123096172,-6.283527355614813e-05,-0.15688156191079644,-1.032957599715157,5.155133881002628e-05
0.125,0.014795731744820491,1.2924001041848876e-08,0.5393261753126233,-2.0651366697764412e-08,1.4814394567434963e-05,-1.4927378823553523e-07,-0.00011783308166497094,0.00010429997665794079,8.060957072385442e-05,0.0,4,Solved,131077,79570,311649,0.06456033903577352,2.049826602983749e-12,2.1022795320974758e-13,0.36297725562456484,-0.6409899411665266,0.0008277606695993431,-0.36297447015070217,0.6409905007075575,-0.0008034803342572639,0.0006032612701869186,-0.00017596095223445022,0.0010435401986003908,-0.0006065709091075123,0.00019432275637886538,-0.0009879970305080414,0.15688521615403556,1.0329593601263456,-6.479177882358657e-05,-0.15688202009754648,-1.0329654245723763,5.4138143651570534e-05
0.13,0.01479532044446901,5.435102929863482e-09,0.5393260980944893,-6.773758251832462e-09,1.531368958067747e-05,-1.4957793375742558e-07,-0.00011948839295409795,9.695484301251584e-05,8.578095864492873e-05,0.0,4,Solved,128323,79140,308472,0.06456127357865026,2.0462149512668623e-12,2.0999846487928207e-13,0.36298020122905905,-0.6409909490076316,0.0008318355237383844,-0.3629774388974176,0.6409915870061889,-0.0008073846729704406,0.0005800691502656211,-0.00021866461762155942,0.000663486791806734,-0.0005855502779518996,0.000232538935281412,-0.0006436756426028559,0.15687392778542353,1.0329585902579097,-6.105154847834463e-05,-0.15689323399733682,-1.032980377258404,6.192562272132478e-05
0.135,0.01479488441284939,-4.5407347333665635e-10,0.5393260123478372,4.130186901849182e-09,1.577647408105276e-05,-1.4961593342044109e-07,-0.00012096939860151017,8.967785226676251e-05,9.095307758498318e-05,0.0,4,Solved,133252,82846,316919,0.06456133466637652,1.045101292255675e-12,8.211265736027031e-14,0.362983033060018,-0.6409921593037098,0.0008340688868257045,-0.3629802928668797,0.6409928577605202,-0.0008095210455850674,0.0005575766423284646,-0.00025771499746164646,0.00030282367328781,-0.0005613146883062929,0.00026858907001833863,-0.000283818587772442,0.15688194563179866,1.0329714915144033,-6.68880570598267e-05,-0.156885080383423,-1.0329813546620243,5.951436885681417e-05
0.14,0.014794423555878214,-4.790918803883895e-09,0.5393259188308088,1.2150514774667362e-08,1.620308392064824e-05,-1.4942244534080818e-07,-0.0001222780462338963,8.244482333445153e-05,9.612074309979012e-05,0.0,4,Solved,127310,79020,310226,0.06456156214124399,1.0420494897925792e-12,8.295608863078866e-14,0.36298574452859717,-0.6409935581962141,0.0008344680093596496,-0.3629830262853937,0.6409942984382369,-0.0008099035383337017,0.0005324452524612822,-0.0002945546233005641,-6.819217091961727e-05,-0.0005372717393176629,0.00030126121526657067,6.113537815565287e-05,0.15688779314363646,1.0329825270588617,-7.132017747712707e-05,-0.15687962493316607,-1.0329849942599039,5.813294710043474e-05
0.145,0.01479393780957921,-7.452558135184434e-09,0.5393258182858971,1.7072025745923793e-08,1.6593900767321018e-05,-1.4960837469651255e-07,-0.00012341635652986238,7.533662373691123e-05,0.00010126619243759968,0.0,4,Solved,126930,79660,313011,0.06456294375156214,1.0383551436735087e-12,8.500121046033824e-14,0.3629883241193401,-0.6409951336307812,0.0008329941776867176,-0.36298563924307264,0.6409958929931955,-0.000808595332077681,0.0005052220453940404,-0.00032885599191748757,-0.00044527194202096586,-0.0005131410448479003,0.000330826544613481,0.0003948957797171278,0.15686537963820835,1.0329741264891559,-6.094777342387299e-05,-0.1569018667821712,-1.0330071000249943,7.079943481574424e-05
0.15,0.014793427120236447,-8.76924498352008e-09,0.539325711445514,1.9495938596590105e-08,1.694917280842889e-05,-1.4946665646663775e-07,-0.00012438661225365984,6.818764422860537e-05,0.00010640471367677522,0.0,4,Solved,125998,79861,310727,0.0645629769005434,1.0486592869293044e-12,8.428145808357341e-14,0.36299077516686146,-0.6409968665207311,0.0008297510185625537,-0.36298811663532976,0.6409976330890816,-0.0008055208319622076,0.00048048810196285244,-0.00035853180976900715,-0.0007839405559424374,-0.0004840487550861648,0.00035963545427750615,0.000761135651041114,0.15687439640086728,1.0329877376953427,-6.633778250414203e-05,-0.15689329285138037,-1.0330076304086944,6.73224584576395e-05
0.155,0.014792891410727023,-9.220691666609822e-09,0.539325599011304,2.030789091860052e-08,1.7268788846161778e-05,-1.4878724014897014e-07,-0.00012519106124716286,6.108935337215766e-05,0.00011152034374644775,0.0,4,Solved,127201,79431,305577,0.06456319144975835,1.0433703024374113e-12,8.370080397840775e-14,0.36299309471943614,-0.6409987413690004,0.0008247834163061589,-0.3629904506375639,0.6409995077950827,-0.0008006661564656561,0.0004531509945077501,-0.0003860781341946382,-0.0011329826485131345,-0.00045561400051475097,0.00038534879310443774,0.001110614899020982,0.15687911323057463,1.0329977061057378,-6.92745414658602e-05,-0.15688894444584803,-1.0330110631961336,6.566770552477376e-05
0.16,0.014792330676500905,-8.82129997891051e-09,0.5393254816494346,1.954971175959992e-08,1.7553091981875742e-05,-1.4839629841680302e-07,-0.0001258321307801821,5.404513059756345e-05,0.00011661165691644828,0.0,4,Solved,128653,78758,304776,0.06456393394555594,1.0500356580143835e-12,8.524565941097295e-14,0.3629952724804812,-0.6410007469272997,0.0008180614742685142,-0.36299264242921,0.6410015033977153,-0.0007940949427563005,0.0004240980157862907,-0.0004113046321578643,-0.0014851702581519977,-0.00042715152909825123,0.0004085409143602053,0.0014499526868697766,0.15687223294601357,1.0329993451127508,-6.597587063837245e-05,-0.15689644108690334,-1.033022943128895,6.979313393734658e-05
0.165,0.014791744924017448,-7.78997936258379e-09,0.539325359988686,1.7623967926507536e-08,1.7802375686368804e-05,-1.4808811303320807e-07,-0.00012631235564193594,4.707465455482249e-05,0.00012167295591226496,0.0,4,Solved,137489,86684,326066,0.06456390631160609,2.0371249110363517e-12,2.0894648384011012e-13,0.36299730614740316,-0.6410028690683645,0.0008096252932500785,-0.3629946861279469,0.641003610071358,-0.0007858037704746402,0.0003954119251314085,-0.0004333855742821327,-0.0018219702495457133,-0.00039675495316277595,0.00043011838542937456,0.0017971083857049816,0.1568815725263536,1.0330130639786466,-7.063789772283346e-05,-0.156887878483326,-1.0330225009856975,6.545459016139112e-05
0.17,0.014791134200137088,-6.371620622953052e-09,0.5393252346377803,1.4985308803505913e-08,1.8017086235321842e-05,-1.4789445399154708e-07,-0.0001266343776842432,4.020337657736461e-05,0.00012669903426142622,0.0,4,Solved,132530,79550,312029,0.06456417786617458,1.0475778549138226e-12,8.348610804604464e-14,0.36299918956694216,-0.6410050958749366,0.000799477610978253,-0.3629965807477568,0.6410058165880468,-0.0007758293756163268,0.0003644497037895351,-0.0004535711727029119,-0.0021679925854402593,-0.000367298288045723,0.0004490461965760465,0.002126923263022579,0.1568860204060754,1.0330221166880973,-7.260284882898737e-05,-0.15688451591304514,-1.0330268458587932,6.339707565069068e-05
0.17500000000000002,0.01479049859502604,-4.600677420855249e-09,0.5393251061812917,1.1704602996191965e-08,1.8197860060032367e-05,-1.4820308424530665e-07,-0.0001268009339048211,3.3484634444856934e-05,0.00013168074258681787,0.0,4,Solved,132490,79210,309675,0.06456446562207901,1.0572878980711786e-12,8.158535646748004e-14,0.363000914425709,-0.641007417193432,0.0007875955424024085,-0.3629983286079296,0.6410081106534924,-0.0007642367267751572,0.00033221898491469614,-0.0004716389258831206,-0.002515556221751837,-0.00033800182759533156,0.00046563606153987607,0.0024465743449625914,0.1568886137600852,1.0330294955829313,-7.32286790609615e-05,-0.15688308387919336,-1.0330314499532642,6.202867036001085e-05
0.18,0.014789838250218462,-2.5677350623149687e-09,0.5393249751516821,7.948306831175082e-09,1.8345667550072404e-05,-1.4893720705949963e-07,-0.0001268148042417534,2.6991719558685585e-05,0.0001366139440885867,0.0,4,Solved,127491,78980,308032,0.06456550895083822,2.0398835545626047e-12,2.0839507894397473e-13,0.3630024763820173,-0.6410098230318947,0.0007739815440054763,-0.36299993058737295,0.641010482351292,-0.000751067687072007,0.00029938655310558863,-0.00048779219286919427,-0.00286128478761449,-0.00030889064153170225,0.0004804713492904643,0.0027590283136853366,0.1568750277500519,1.033026350360179,-6.543972219196679e-05,-0.15689746868229493,-1.0330481432134115,6.877736367638788e-05
0.185,0.014789153274765387,-5.731419302234395e-10,0.5393248420777609,4.2623625214636785e-09,1.84609933625833e-05,-1.494976183654687e-07,-0.00012667919642929217,2.0447974646184556e-05,0.00014151579441521557,0.0,4,Solved,127070,80422,317530,0.06456631960904405,1.0394787307239727e-12,8.192268299106277e-14,0.3630038785753998,-0.6410122986745083,0.0007587214641104507,-0.36300137724209264,0.6410129246467241,-0.0007362845803715263,0.0002679932317794653,-0.000500337248745659,-0.0031797029529614415,-0.00027651601446325013,0.0004941087616364404,0.0030887510820423168,0.15686645157492604,1.0330260791436894,-5.980905906734637e-05,-0.15690731782882705,-1.0330611137447048,7.289941100209201e-05
0.19,0.014788443742803605,9.586149529570476e-10,0.5393247075427589,1.4213543911966892e-09,1.8543665619548057e-05,-1.4926152696846566e-07,-0.0001263970877864946,1.395075393123513e-05,0.00014637557900053113,0.0,4,Solved,132260,79480,311308,0.06456644491990263,1.0405911692199527e-12,7.934568292583701e-14,0.36300512709975186,-0.6410148286960511,0.0007419287315991938,-0.36300265607046805,0.6410154310516895,-0.0007198246983886729,0.00023768663676563038,-0.0005101333553339995,-0.003478427771202335,-0.00024213346851820783,0.0005063906117084041,0.0034279463420977046,0.15687297720666363,1.033036090004678,-6.173671422254395e-05,-0.1569022160270326,-1.033063118718442,6.897356140314658e-05
0.195,0.014787709817589452,1.94190863864188e-09,0.5393245720492169,-4.103352064360022e-10,1.8594240633212333e-05,-1.4861370669302875e-07,-0.000125971585686665,7.586241163845444e-06,0.0001511859885186998,0.0,4,Solved,129044,79500,306609,0.06456649602045071,2.0442658293201153e-12,2.1039401910125446e-13,0.36300622026572843,-0.6410174036059695,0.0007236306439653995,-0.36300376531051304,0.6410179917300495,-0.0007017129923109259,0.00020610257675969325,-0.0005185751380535462,-0.003781083924232625,-0.0002084912851454997,0.0005163178821438029,0.003752600866746873,0.15688087114322094,1.0330473287051747,-6.417708276688363e-05,-0.15689589349459696,-1.0330639363272114,6.415123125266181e-05
0.2,0.014786951693909459,2.575970993792181e-09,0.5393244360669174,-1.5901794565236807e-09,1.8613406006235027e-05,-1.4822571202433995e-07,-0.00012540592692484868,1.3655954504262656e-06,0.0001559435236660156,0.0,4,Solved,132090,79951,311859,0.06456712060255164,1.0452480423096218e-12,8.057230434787985e-14,0.36300715119451415,-0.641020016686384,0.0007038031781794058,-0.3630047091722951,0.6410205947947649,-0.0006820280181426789,0.00017306663483238513,-0.0005256807782193344,-0.004089166315283243,-0.0001757689699679423,0.0005238497193451237,0.004060717768665034,0.15687596105587473,1.0330487141682188,-5.980036318687453e-05,-0.15690234017367122,-1.0330739296408262,6.566100551940588e-05
0.20500000000000002,0.014786169575985907,2.9417082635942663e-09,0.53932430005175,-2.270304041296266e-09,1.8601751924982277e-05,-1.4797322171785884e-07,-0.00012470342692763462,4.776260545174355e-06,0.0001606503653959396,0.0,4,Solved,130276,82476,319323,0.06456736690935,2.0356147089392685e-12,2.0931056909402612e-13,0.36300791949384686,-0.6410226588852529,0.0006824800322625993,-0.36300548574794345,0.6410232314480898,-0.0006607928875541953,0.00014085301253257876,-0.0005306738988135634,-0.00438248698758785,-0.00014181167776158965,0.0005300289779769717,0.004372060340451557,0.15687933671383802,1.0330560556347002,-5.945035314677669e-05,-0.1569008067798961,-1.0330778705496,6.279415597732193e-05
0.21,0.014785363688626813,3.031750991359044e-09,0.5393241644295129,-2.4412593523597106e-09,1.8559909422268966e-05,-1.4764188845171458e-07,-0.00012386743404114287,1.0744935693582898e-05,0.00016529863090069334,0.0,4,Solved,126159,79450,303894,0.06456760654998085,1.0250001037997594e-12,8.27327898877061e-14,0.363008525326323,-0.6410253217493307,0.0006596964338443457,-0.3630060936136438,0.6410258932138735,-0.0006380311454148172,0.00010815879485679233,-0.0005342435544508419,-0.0046738199929497,-0.0001081892782148968,0.0005342960888265391,0.0046734835636607994,0.15688209096699807,1.0330626422070832,-5.8563016628099615e-05,-0.15689980688377536,-1.0330817047996936,5.997446825094051e-05
0.215,0.014784534287491423,2.9531542562493446e-09,0.5393240295966802,-2.2982781315307455e-09,1.848863909065291e-05,-1.474108306553731e-07,-0.00012290140094353336,1.6580108991479728e-05,0.00016989042616737286,0.0,4,Solved,133532,80081,312820,0.06456755457139023,1.0503401842994834e-12,8.206247977698457e-14,0.3630089668353187,-0.6410279984340995,0.0006354660327683621,-0.36300653428533,0.6410285712258438,-0.0006137898315256235,7.516175762163106e-05,-0.0005364806542699367,-0.004961943714981475,-7.48528978946115e-05,0.0005368799160629781,0.004965817274357962,0.15689220035352353,1.0330745870384181,-6.123597264980128e-05,-0.15689211938492809,-1.0330808731422436,5.3433768925537806e-05
0.22,0.014783681671334807,2.8626226399013975e-09,0.5393238959282488,-2.126845766302211e-09,1.8388915833366037e-05,-1.475481316134841e-07,-0.00012180876953175318,2.215118297742511e-05,0.00017440618910335239,0.0,4,Solved,130056,79290,308183,0.06456803440060546,2.046547103828653e-12,2.0999033675112022e-13,0.36300923935013224,-0.6410306836187205,0.0006097721243971332,-0.36300681334144996,0.6410312554054458,-0.0005881479478607459,4.0813195356028883e-05,-0.000537821846834476,-0.005257735186291771,-4.318177871197134e-05,0.0005372349701960948,0.005237909997095073,0.15688922537061376,1.0330766046260982,-5.7020612663682685e-05,-0.1568967081326947,-1.0330885504096874,5.3128349693240114e-05
0.225,0.014782806146226051,2.865904406032983e-09,0.5393237637972977,-2.1237123609081828e-09,1.8261587641668382e-05,-1.479914037538541e-07,-0.00012059324496079988,2.7681854271509348e-05,0.00017887023715442728,0.0,4,Solved,129584,80692,308293,0.06457008322976508,2.049146324218372e-12,2.104823951308392e-13,0.36300934193072887,-0.6410333701405625,0.0005826378684476829,-0.3630069316587995,0.6410339378483695,-0.0005611471448840218,7.037525884697494e-06,-0.0005373891254549256,-0.005540790519800972,-1.0707206528390446e-05,0.0005364220541279538,0.005509510780644032,0.15685234833396872,1.0330543477910232,-3.487241360775321e-05,-0.1569364751012852,-1.0331213316762413,7.074263485671976e-05
0.23,0.01478190802174232,2.516126594624358e-09,0.5393236335518706,-1.4887883074398771e-09,1.810740705894649e-05,-1.47187501777009e-07,-0.00011925827627305794,3.289008211229507e-05,0.00018324714140592052,0.0,4,Solved,136187,83918,340964,0.06456880300354104,2.047879137572885e-12,2.1076569038224607e-13,0.363009296872822,-0.641036041933734,0.0005542898014012989,-0.3630068689355978,0.641036620426694,-0.0005326267769338235,-1.970295096680578e-05,-0.0005328262365841802,-0.005756982720533525,2.7984232223182597e-05,0.0005369670965231523,0.005834822659425008,0.15688731597366581,1.033083583195077,-4.99873321983562e-05,-0.15690313712471118,-1.0331008480566566,5.036494159507044e-05
0.23500000000000001,0.014780987661558356,1.6848655810698036e-09,0.5393235055192492,2.4888290011354934e-11,1.7927442073092352e-05,-1.4571718491001904e-07,-0.00011780773815808157,3.807953027094735e-05,0.00018757131732411345,0.0,4,Solved,137449,87656,344360,0.06456887233971823,1.0413460881983965e-12,8.492467884317955e-14,0.36300909975979867,-0.6410386952937649,0.0005247161485875609,-0.3630066307658539,0.6410392933165261,-0.0005026665351528648,-5.252655084087793e-05,-0.0005296772620521974,-0.006021118142697325,6.0745730538856705e-05,0.0005334344889461972,0.006098314082895333,0.15689357795362907,1.0330915029805774,-4.9993421634847507e-05,-0.15689919750275041,-1.0331019574354916,4.4947043579588934e-05
0.24,0.014780045319804619,1.0505179005098102e-09,0.5393233800115311,1.191898430988053e-09,1.7721706060268197e-05,-1.4531651594868478e-07,-0.00011624528538069637,4.317889702276321e-05,0.00019183143615332044,0.0,4,Solved,134254,80713,326527,0.06456957009931073,2.047913861438749e-12,2.103784608000793e-13,0.3630087368985522,-0.6410413302422137,0.0004938196450915709,-0.3630062317382139,0.6410419435371554,-0.0004714333308438256,-8.59274537115392e-05,-0.0005256393926719583,-0.00628608362999555,9.252931793256342e-05,0.0005282448206208517,0.006347004561827234,0.15688395203499664,1.033088377393368,-4.140833321709281e-05,-0.15691168022439647,-1.0331131215889717,4.7792931143078724e-05
0.245,0.014779081395157597,5.757909365533557e-10,0.5393232572899023,2.066379637236394e-09,1.749136925873912e-05,-1.4509293734101284e-07,-0.00011457451182146957,4.7945471625527764e-05,0.00019600212056175806,0.0,4,Solved,123965,81494,317279,0.06456923409618201,1.0565306100544236e-12,8.663152640530522e-14,0.3630082150321227,-0.6410439394178932,0.0004616733761409439,-0.3630056700685441,0.6410445679040458,-0.0004389237903706966,-0.00011669745659693139,-0.0005197643511257398,-0.006526200512309068,0.00012555777927085793,0.0005230720654405641,0.006606613381683334,0.15689971391171928,1.0331025319236338,-4.6101224154802566e-05,-0.1568980580942191,-1.0331077455389122,3.707832769126343e-05
0.25,0.014778096286701244,2.4220700153855936e-10,0.5393231376095652,2.681754839374091e-09,1.723744981834538e-05,-1.4502043156452103e-07,-0.00011279945369264845,5.2688310919462385e-05,0.00020010892000810483,0.0,4,Solved,124966,79210,304405,0.06457006882929944,1.04719360270593e-12,8.067337598521071e-14,0.36300753141154785,-0.6410465186670927,0.00042827721440062444,-0.3630049508240379,0.6410471584988762,-0.00040521021456924516,-0.00015010823540145005,-0.000513683354318427,-0.006782698770261741,0.0001560961293828697,0.0005152937093168649,0.006835064584585375,0.15688802698474438,1.033097040921586,-3.629313799272491e-05,-0.15691255567994877,-1.033121101268791,4.0606421024078344e-05
0.255,0.014777090337066942,1.642859002351347e-10,0.5393230212653551,2.8261637975306405e-09,1.6960227508131756e-05,-1.451071351968996e-07,-0.00011092378951039373,5.7252831477550847e-05,0.0002041346960428141,0.0,4,Solved,125557,79520,302802,0.06456960467062287,1.044613433970047e-12,7.935042528132896e-14,0.36300668902946276,-0.6410490613130886,0.0003936825409775152,-0.36300407361863846,0.6410497102502583,-0.0003703145190955072,-0.00018079276393879256,-0.0005055579060241999,-0.007011378329926053,0.00018839171482710974,0.0005075152263090824,0.007076745180086731,0.15690720438426883,1.0331136747299658,-4.216551365627113e-05,-0.15689606966070133,-1.0331116964639142,2.8110478498705916e-05
0.26,0.014776063980300153,2.8339537662273237e-10,0.5393229084815837,2.609028418773104e-09,1.666076153330781e-05,-1.4538202679198508e-07,-0.00010895137586678706,6.163385629025719e-05,0.00020807825589800233,0.0,4,Solved,124676,99829,323381,0.06456998498386815,1.0466138292667574e-12,8.643295033710897e-14,0.3630056852958023,-0.6410515642583844,0.00035788302249304885,-0.36300304570835723,0.6410522164091114,-0.00033431686161608553,-0.00021412101537865848,-0.0004977190871514722,-0.007260467023822699,0.00021713384258155002,0.0004975292798767864,0.007283128575593307,0.15690450270029455,1.033113823213425,-3.663894963010437e-05,-0.1569024889565421,-1.0331197597418904,2.7077114596532633e-05
0.265,0.01477501771846744,7.705069716484815e-10,0.5393227994767122,1.7202778035302481e-09,1.634053677184602e-05,-1.4619920248235643e-07,-0.00010688593041213388,6.559077442486481e-05,0.00021190688243205387,0.0,4,Solved,132620,79480,310987,0.06457060198773781,1.057904787079516e-12,8.293131671549484e-14,0.3630045196552622,-0.641054023807471,0.0003208817491058038,-0.3630018740715833,0.6410546707851419,-0.00029728842658099047,-0.00024590565323280984,-0.0004884867708447734,-0.007495119219058351,0.0002458844196597826,0.000486920633079106,0.007489109224546455,0.1568946487536492,1.033109457100506,-2.7374912710026907e-05,-0.15691418570731533,-1.033129631803805,2.8928612815020593e-05
0.27,0.01477395201823525,1.366778003679216e-09,0.5393226944642155,6.255023655375708e-10,1.6000605908628567e-05,-1.467524416184712e-07,-0.00010473161239609874,6.961390387871081e-05,0.0002156776807127979,0.0,4,Solved,133542,78589,310126,0.06457037267581953,2.050036017367901e-12,2.1002860908780896e-13,0.363003200861505,-0.6410564316707529,0.0002827822596407209,-0.36300055367055384,0.6410570722985572,-0.0002592021448820237,-0.0002757917919184408,-0.0004774317610409075,-0.007704876615947779,0.00027631811121184535,0.0004763534779280329,0.007704381370130272,0.1569055101517797,1.0331193565179786,-2.8493768420566475e-05,-0.15690634032768083,-1.0331259628131124,2.048602830893302e-05
0.275,0.014772867203606651,1.914348526220511e-09,0.5393225936314248,-3.808585201438774e-10,1.5640755415602277e-05,-1.4715956098920808e-07,-0.0001024921848724693,7.351726345576295e-05,0.00021936678514094873,0.0,4,Solved,135005,80041,310977,0.06457109061270813,2.0449041637476536e-12,2.1054204657911663e-13,0.3630017294665034,-0.6410587838225801,0.00024361299808663072,-0.3629990878649471,0.6410594164892393,-0.00022010683007745864,-0.00030673892985186426,-0.0004662178135358731,-0.007921589975565425,0.00030453007646963944,0.0004643027116786067,0.00789734068564201,0.15689514614746927,1.0331134826359296,-1.863426073287258e-05,-0.15691965520128653,-1.03313744980333,2.275007509474312e-05
0.28,0.01477176374616128,2.4013124156293223e-09,0.5393224971453833,-1.2760755376745606e-09,1.526190764840122e-05,-1.4747000052203541e-07,-0.00010017155117163367,7.725285381490486e-05,0.00022296683599746484,0.0,4,Solved,128192,79540,315787,0.06457139783185877,1.0596683045685362e-12,8.618549269235839e-14,0.3630001112245458,-0.6410610749841781,0.0002034391046194386,-0.3629974767004843,0.6410617008599423,-0.00018001460241961432,-0.00033508669720612547,-0.0004533791279085332,-0.00811212189984066,0.00033418136053967593,0.0004523780928350368,0.008100959805479237,0.15689166055164483,1.0331137239173538,-1.1946753948615417e-05,-0.1569265635403477,-1.0331423653097402,2.1678790254505126e-05
0.28500000000000003,0.014770642153481416,2.5491311937693524e-09,0.5393224051408849,-1.553020702336096e-09,1.486523357236752e-05,-1.4717982245857576e-07,-9.777349988215828e-05,8.067915649368817e-05,0.0002264612614157153,0.0,4,Solved,125126,78688,305858,0.06457113453901536,1.0474910545471312e-12,8.770321238882817e-14,0.3629983565983173,-0.6410632987889628,0.00016236199148360626,-0.3629957173938008,0.6410639253870432,-0.00013890148851910828,-0.0003616605877629263,-0.00043949625971491396,-0.00828621991637665,0.00036381944319187733,0.00044036512929845,0.008305541406118132,0.1569044648602608,1.033123174394305,-1.3923363625512198e-05,-0.15691659119532453,-1.0331381526242458,1.171858600682457e-05
0.29,0.014769502936880752,2.4300323823040595e-09,0.5393223177527378,-1.3366464013891432e-09,1.445180498426253e-05,-1.4684432331739738e-07,-9.53021019521109e-05,8.402387598246195e-05,0.00022987022844408995,0.0,4,Solved,126860,79661,305126,0.06457131925430538,1.0619951903192748e-12,8.370884368757956e-14,0.3629964643678535,-0.64106545400191,0.00012038169770791122,-0.36299381696307126,0.6410660839919803,-9.684612842166531e-05,-0.000389818319549901,-0.00042586105190584603,-0.008471145274697084,0.00039113148078298094,0.00042642070031909037,0.008483378305732744,0.1569048149526616,1.0331246311279956,-9.19435899457698e-06,-0.1569194332884131,-1.0331411080688861,8.266965108577515e-06
0.295,0.014768346549755828,2.3187610078390855e-09,0.5393222351337245,-1.1296222701855042e-09,1.4022038468377666e-05,-1.468368997467036e-07,-9.276116900007614e-05,8.721724271723843e-05,0.00023318564537190046,0.0,4,Solved,139734,79921,318602,0.06457139930080762,2.0583703723171666e-12,2.1214371134347515e-13,0.3629944342948139,-0.641067538912598,7.750720796860012e-05,-0.362991781363647,0.6410681715054798,-5.391873528667507e-05,-0.00041701827968222,-0.00041151801820273797,-0.00864599808135185,0.0004179900995288267,0.0004120114152307607,0.008655493298063121,0.1569110518571559,1.0331287368881068,-7.3235051963798605e-06,-0.15691793343833052,-1.0331423888129219,2.1757961825077335e-06
0.3,0.014767173639225716,2.2903049426198145e-09,0.5393221573825594,-1.0730514989973371e-09,1.3577986099616119e-05,-1.4703406245361969e-07,-9.015429944584154e-05,8.977517569221055e-05,0.0002363496109003521,0.0,4,Solved,125758,79320,307511,0.06457165803663219,1.0506835214253957e-12,8.256897641562464e-14,0.36299227036458687,-0.6410695519914136,3.3761259740135186e-05,-0.3629896176237165,0.6410701841897831,-1.0174459339236279e-05,-0.0004435219227149399,-0.0003971206744612387,-0.008819920582715057,0.0004428135539841483,0.0003966813897003685,0.008813099642126803,0.1569068944823651,1.0331278601386338,-8.579325951616467e-08,-0.15692461748439038,-1.033146528586115,7.3241749823607e-07
0.305,0.01476598485676388,2.351352412402378e-09,0.5393220845970127,-1.1815080732971215e-09,1.3121626746359627e-05,-1.4727009160515285e-07,-8.748573131664725e-05,9.228952730733777e-05,0.00023942820859126045,0.0,4,Solved,132510,79370,310456,0.06457208867153995,2.0611057466588728e-12,2.1199470130739417e-13,0.36298997781669784,-0.6410714893497321,-1.0801581387708921e-05,-0.3629873280038099,0.641072120222413,3.4361666750844117e-05,-0.00046874630087081034,-0.0003814895342992486,-0.00897635606239313,0.0004682363632085998,0.0003813302395983201,0.008971947844119393,0.1569005178258856,1.0331234905734945,8.300919817661669e-06,-0.15693369695259202,-1.0331534187446392,2.6439758114625514e-07
0.31,0.014764780572226988,2.2603868626693234e-09,0.5393220168804368,-1.0153645858132198e-09,1.2652470056072901e-05,-1.470836115347518e-07,-8.475932936039235e-05,9.486758422255266e-05,0.00024243399813946538,0.0,4,Solved,131378,80101,310076,0.06457135047960619,1.058438066520938e-12,8.571359658199005e-14,0.36298756472856103,-0.6410733456953365,-5.608677863218163e-05,-0.3629849089996697,0.6410739796985309,7.970323672678124e-05,-0.0004921284702102327,-0.0003649084550130876,-0.00911290322669255,0.0004944298280007381,0.0003660318122115825,0.009134527200450273,0.15692055962054485,1.033138269290347,3.3113869482363297e-06,-0.1569171785239349,-1.033141607673699,-1.3477104450430576e-05
0.315,0.01476356125648048,2.1203953663160003e-09,0.5393219543017324,-7.558645327363986e-10,1.2170849340959087e-05,-1.4705351509950128e-07,-8.197883310991055e-05,9.726578190507177e-05,0.00024533659543141015,0.0,4,Solved,131618,79040,308693,0.0645720016896581,2.0525399621194202e-12,2.1193023193571275e-13,0.36298502790324344,-0.6410751220683453,-0.00010211670895721345,-0.3629823710694067,0.6410757573500329,0.00012574792797484996,-0.0005177829141121968,-0.00034927368122052827,-0.009270004534906595,0.0005166441329476517,0.0003489749746413641,0.00926066974139791,0.15690934454931388,1.0331299800910736,1.4378350349726208e-05,-0.156931692725067,-1.0331520270345296,-1.1386156877200497e-05
0.32,0.014762327469165386,2.076292948848623e-09,0.5393218969130135,-6.693548267439262e-10,1.1677778905700536e-05,-1.4727867058381537e-07,-7.914807038678724e-05,9.94945761212073e-05,0.0002481363399398441,0.0,4,Solved,126378,81093,305377,0.06457183304476707,1.053701045602176e-12,8.254527765137032e-14,0.36298237206411127,-0.6410768163796933,-0.0001488471968894039,-0.3629797177772198,0.6410774517325911,0.00017246033220709152,-0.000540386748445048,-0.00033235510335937477,-0.00939893141766401,0.0005402835784570892,0.00033256441856230735,0.009399041894003132,0.15691660995176862,1.0331348403840912,1.6029089671630647e-05,-0.15692785004824805,-1.0331493287162732,-1.8753997488213455e-05
0.325,0.01476107974962599,2.0045302706623947e-09,0.5393218447579459,-5.346272136494646e-10,1.1174033503187866e-05,-1.4734366391848438e-07,-7.627083247952482e-05,0.00010156618985882958,0.0002508319152367911,0.0,4,Solved,124155,86293,308914,0.06457257039422312,1.0570377388499204e-12,8.456927328145786e-14,0.3629796026555018,-0.6410784264074384,-0.0001962252166353211,-0.36297695161893995,0.6410790615833548,0.00021981376312484198,-0.0005631798328541486,-0.00031552271481036204,-0.009528782084027894,0.0005621697232390927,0.00031533028840048086,0.009520544274461916,0.15690302231744913,1.0331247674008484,2.8463602101676322e-05,-0.15694496100095162,-1.03316112630757,-1.5433792229312523e-05
0.33,0.014759818658152209,1.8474928022782488e-09,0.5393217978804392,-2.482211939653371e-10,1.0660473635760721e-05,-1.470616558289755e-07,-7.335084961507935e-05,0.00010345205366323552,0.00025341865373025064,0.0,4,Solved,131087,79260,309915,0.06457189271494473,2.0664404331585422e-12,2.130023317014479e-13,0.3629767298015975,-0.6410799480370077,-0.0002441566860356412,-0.3629740707373502,0.6410805877861716,0.00026782283309272536,-0.000582492570814668,-0.0002972913216686399,-0.009626808252574543,0.0005858224043790956,0.0002989087470421671,0.009658006443294625,0.15692066911721753,1.0331367563562193,2.4893366745779474e-05,-0.15693070466121378,-1.0331502834391157,-2.8260303891856646e-05
0.335,0.014758544758194212,1.570582221322107e-09,0.5393217563075046,2.5725310661618177e-10,1.0137947958923606e-05,-1.4663965170569483e-07,-7.039186108981218e-05,0.00010519099577068038,0.0002559001441882456,0.0,4,Solved,124776,78889,304465,0.06457213679570901,1.0509092353324822e-12,7.789671499118045e-14,0.36297375455520414,-0.6410813815908972,-0.00029263038428398787,-0.36297108240278064,0.6410820273592012,0.00031641942558640826,-0.0006037409833077971,-0.00028005450711259764,-0.009742070694227655,0.0006059066385000648,0.0002809962075753778,0.009762357918074975,0.1569183646888411,1.0331340234616595,3.164521585184987e-05,-0.1569369683468317,-1.0331541887313442,-3.0707547194197156e-05
0.34,0.01475725864739642,1.4065932873257373e-09,0.5393217200494597,5.593256936089717e-10,9.607556860076573e-06,-1.4656186913819106e-07,-6.739744420809726e-05,0.00010662502834235226,0.0002582569115737352,0.0,4,Solved,124024,78489,300498,0.0645717357627774,1.051334914990683e-12,8.160961075299886e-14,0.3629706786914056,-0.6410827275498306,-0.00034163670131217086,-0.36296799461836576,0.6410833778611266,0.000365534566340594,-0.0006231396482860966,-0.00026234492726332544,-0.0098428358402939,0.0006256686729351807,0.00026323305199162187,0.009865589653069575,0.15692917652231567,1.0331406922679933,3.163884937796039e-05,-0.15692937659180292,-1.0331477722044384,-4.0168490837726284e-05
0.34500000000000003,0.014755960933437713,1.3934914992198659e-09,0.5393216891067648,5.864748786650917e-10,9.070438654737807e-06,-1.467523343816324e-07,-6.437136721692206e-05,0.00010795122532722422,0.0002605105153595423,0.0,4,Solved,134284,85491,336515,0.06457152044441544,1.046103989507859e-12,8.041146541728113e-14,0.36296750334248956,-0.6410839863724686,-0.00039116616561143177,-0.3629648150199419,0.6410846370003876,0.0004150990328973249,-0.0006433757185437655,-0.00024508464463721634,-0.009949994266382814,0.0006431175033549203,0.00024462449652761696,0.009946603531777417,0.15693551542192996,1.033144327110647,3.408962849580787e-05,-0.1569268184071111,-1.0331442430803344,-4.711464122803253e-05
0.35000000000000003,0.014754652175840413,1.6632326423663803e-09,0.5393216634717353,9.970003867147668e-11,8.527285983256783e-06,-1.474823120710672e-07,-6.131713291602967e-05,0.00010904853988854136,0.0002626465274406137,0.0,4,Solved,137339,79770,327588,0.06457262934382058,2.0649042259977158e-12,2.1492028534457475e-13,0.36296422779120563,-0.6410851592756143,-0.0004412272901460324,-0.3629615535762471,0.6410858024012098,0.0004650261876884626,-0.0006633017281864378,-0.00022794078794941613,-0.010055790122472713,0.000658775446551807,0.00022577645706670703,0.010013482999565202,0.1569117819278731,1.033126329238691,5.188956440897901e-05,-0.15695391316599588,-1.0331620695011292,-3.8812130511503847e-05
0.355,0.014753332971537293,1.925372547736995e-09,0.5393216431274154,-3.798768899591518e-10,7.979065142497092e-06,-1.4776761434044462e-07,-5.823839780924036e-05,0.00011003323584389018,0.00026467610139642813,0.0,4,Solved,127741,79831,310066,0.06457240322612537,1.0487357294520139e-12,8.424582009214253e-14,0.3629608679385139,-0.6410862400835894,-0.0004916742730155968,-0.3629582031124934,0.6410868789209146,0.0005153839995429567,-0.0006781513787386119,-0.00020869849490265678,-0.010114052243092883,0.0006780005125935129,0.00020866898601450674,0.010112278858851605,0.15691818470963592,1.0331293281425653,5.43276356172018e-05,-0.1569511619345181,-1.033158451618006,-4.587046258079095e-05
0.36,0.014752003884314295,1.833219711898496e-09,0.5393216280611379,-2.1824150361921583e-10,7.42639916203547e-06,-1.4719862547328287e-07,-5.513861177491701e-05,0.00011084068297649962,0.0002665915374884377,0.0,4,Solved,126509,82305,322579,0.06457165031988271,1.0620506029982279e-12,8.020415690923728e-14,0.3629574342211293,-0.6410872259930783,-0.0005424125246884817,-0.36295476202969656,0.6410878684466078,0.0005661898652583744,-0.000692864063956148,-0.00018987340763464678,-0.01017219583552333,0.0006954218892861738,0.00019107659420472341,0.010195868886238255,0.15693667684951443,1.03314067483685,5.048747216421043e-05,-0.15693629337995496,-1.0331464051181234,-5.920154302805025e-05
0.365,0.014750665517310144,1.6917907636631763e-09,0.5393216182426083,4.0457023273867825e-11,6.8702319051160595e-06,-1.4698905288820843e-07,-5.202125120252236e-05,0.00011147442969681784,0.0002683916779694469,0.0,4,Solved,126519,82176,314635,0.06457205491270658,1.070666593306803e-12,8.55904885752081e-14,0.36295392110112884,-0.6410881214583146,-0.000593497394780165,-0.3629512450661693,0.6410887658717214,0.0006173120341756341,-0.0007095210800916966,-0.0001722412549349885,-0.010248861666926248,0.0007091247577947802,0.00017211855055209113,0.010245681624333253,0.1569287853394435,1.0331327939757466,6.0179753886837635e-05,-0.15694766772410482,-1.0331528786033053,-5.9082725556541376e-05
0.37,0.014749318456308969,1.6869885389809473e-09,0.5393216136409171,5.262486780814018e-11,6.311318830933776e-06,-1.4715932151878621e-07,-4.888973056414055e-05,0.0001119719932946497,0.0002700808214577235,0.0,4,Solved,130116,93336,330405,0.06457185283278398,2.0763146820539833e-12,2.1535538922892034e-13,0.36295033251034875,-0.6410889265860077,-0.0006448972578447814,-0.362947657181242,0.641089570776932,0.0006687062828966333,-0.0007236021206567022,-0.00015388749432887963,-0.010302848770754758,0.0007236216900026368,0.0001538923321398889,0.010303055626773958,0.1569346064289254,1.0331359348337188,6.296794084193474e-05,-0.156946155761953,-1.0331496453245437,-6.552497995091606e-05
0.375,0.014747963338007762,1.6909160882073674e-09,0.5393216142305591,4.746778869707546e-11,5.750783051528309e-06,-1.4725587253464417e-07,-4.574730928411447e-05,0.0001121491642034115,0.0002716335139059207,0.0,4,Solved,130897,81223,328892,0.06457209568010343,1.0600984452117756e-12,8.698008897975195e-14,0.3629466746798527,-0.6410896400552586,-0.0006965612469798354,-0.36294400182799275,0.6410902834391915,0.0007203488415645993,-0.0007372977301802471,-0.0001355573066699558,-0.01035486138734354,0.0007364626900954276,0.00013528757920771247,0.010347599316503116,0.15692887955509696,1.0331286005178386,7.151880756708441e-05,-0.1569547363421536,-1.0331535308816548,-6.682576712348115e-05
0.38,0.0147466007847164,1.6700730758378419e-09,0.5393216199687635,8.603320898477775e-11,5.189637979001566e-06,-1.4722556762106593e-07,-4.2597393215870054e-05,0.00011228928271685756,0.0002730881728742241,0.0,4,Solved,125066,79891,313402,0.06457175062854746,1.0465643739734338e-12,8.539423104132927e-14,0.3629429545871523,-0.6410902613051054,-0.0007484303462834089,-0.3629402811368627,0.6410909052875937,0.000772224429311714,-0.000748937781353051,-0.00011703340233469279,-0.010388590017951633,0.0007496834973998543,0.00011740114584454087,0.010395526568158134,0.1569367613166315,1.0331318972027828,7.315481785018793e-05,-0.1569504168067159,-1.0331480100567594,-7.4706098621457e-05
0.385,0.014745231304821345,1.613631119102792e-09,0.539321630762287,1.8872536897243192e-10,4.6280497301872444e-06,-1.4710962671890878e-07,-3.9443182931015274e-05,0.0001123171760994279,0.00027443369245198267,0.0,4,Solved,125698,80492,309294,0.06457125531878465,1.0560657786492934e-12,8.553737947706635e-14,0.3629391758796652,-0.6410907916030999,-0.0008004751381822906,-0.3629365003142448,0.641091436547985,0.0008242889171882193,-0.0007607157153419506,-9.904545490346346e-05,-0.010424601470790903,0.000760930868288888,9.912734672416244e-05,0.010426585729376492,0.15694790494271094,1.033137224907687,7.311953991788598e-05,-0.1569429287953485,-1.0331400851005543,-8.422407534119879e-05
0.39,0.014743855500400457,1.7078889112179472e-09,0.5393216465405649,2.0339257052499097e-11,4.066876302708499e-06,-1.4745334370369937e-07,-3.6287814656793244e-05,0.00011215367128466895,0.0002756600871259564,0.0,4,Solved,135917,81544,320455,0.06457181846566841,1.0467719779219e-12,7.820384516738792e-14,0.36293533659074506,-0.6410912343953268,-0.0008527216468050702,-0.362932671009643,0.6410918749755188,0.0008764441276935317,-0.0007730628246583608,-8.184615729834642e-05,-0.010467780943758899,0.0007696040883517726,8.036574011969278e-05,0.01043614525213254,0.15693403068548972,1.0331244917776259,8.595555090174474e-05,-0.15696032181994393,-1.0331490954506946,-8.096499765572021e-05
0.395,0.01474247398485455,1.8862861541695554e-09,0.539321667197347,-3.035980144471363e-10,3.507141157607276e-06,-1.4778390398788888e-07,-3.313435214817105e-05,0.00011178204127791691,0.00027676774267886554,0.0,4,Solved,131889,80402,315466,0.06457201751818979,2.0345988509820617e-12,2.0833676580775395e-13,0.36293144707881053,-0.641091588560587,-0.000905088502845438,-0.3629287936501437,0.6410922245082183,0.0009287005700604867,-0.0007815974378457562,-6.378307246988527e-05,-0.010479222866214225,0.0007798301377254332,6.320588208250283e-05,0.010463372877732698,0.15693004660621235,1.0331192027863465,9.356427578202633e-05,-0.15696784393855384,-1.0331522802910367,-8.26359910580345e-05
0.4,0.01474108734936265,1.8315315760793064e-09,0.5393216926458558,-2.0788380177479157e-10,2.9496164794537274e-06,-1.4741415019699436e-07,-2.998595671651621e-05,0.00011131129294006818,0.0002777633844599132,0.0,4,Solved,129705,80612,325415,0.06457192451259162,2.0624498044567355e-12,2.0933534311366742e-13,0.36292751974718307,-0.6410918510437318,-0.0009574655134305546,-0.3629248643579995,0.6410924888995134,0.0009810978339524147,-0.0007885156498222051,-4.525772465317946e-05,-0.010474953349258562,0.0007903356813804881,4.624970936062837e-05,0.010492154488086181,0.15693287715025375,1.0331174283537,9.76548098810306e-05,-0.15696881464488877,-1.033150792201466,-8.784068934207248e-05
0.405,0.01473969619731916,1.551999944084376e-09,0.5393217228433823,2.962496525337614e-10,2.395050594406448e-06,-1.4664184357183606e-07,-2.6845486275722168e-05,0.00011061295714268285,0.0002786341078767295,0.0,4,Solved,136528,81604,321817,0.0645714717275153,2.014129001387182e-12,2.0949843422546355e-13,0.36292356048451063,-0.6410920224052707,-0.0010098076383592046,-0.36292088635515757,0.6410926684279964,0.0010336117378193202,-0.000794546593476467,-2.7214661521001125e-05,-0.01046610472507851,0.000799582278912938,2.9262056120747242e-05,0.010511874809681609,0.15694109873708417,1.0331209021216574,9.897126119242858e-05,-0.1569639181251753,-1.0331435476402449,-9.585689443511541e-05
0.41000000000000003,0.014738301142052724,1.2049983408137506e-09,0.5393217576950444,9.262270797157757e-10,1.8444004551669734e-06,-1.4595804151941154e-07,-2.371592077091742e-05,0.00010979824292178331,0.0002793934074647947,0.0,4,Solved,141157,86533,341795,0.06457076797328082,2.0333304869793097e-12,2.0857309477630148e-13,0.36291957021724347,-0.6410921054724915,-0.0010621153294999893,-0.3629168679820403,0.6410927622394547,0.0010861737961256872,-0.0008008592644970862,-9.793921845378796e-06,-0.010460461968761905,0.0008068877685226328,1.2009265528183567e-05,0.010514801940918321,0.15695561733576055,1.0331280694448033,9.69753412947347e-05,-0.15695268871372173,-1.033132287572493,-0.00010712391377050429
0.41500000000000004,0.014736902730579444,1.015438526442818e-09,0.5393217971110462,1.2755610606486945e-09,1.298054112959396e-06,-1.4590329886252703e-07,-2.0600103574594928e-05,0.00010890690451920089,0.00028004604378381527,0.0,4,Solved,129114,80061,322960,0.06457122815633035,1.0610739266249958e-12,8.387038634373877e-14,0.36291554439663654,-0.6410921049094149,-0.001114434732716784,-0.36291282209390946,0.641092767664683,0.0011386706831454975,-0.0008085036057055237,6.497543592721271e-06,-0.010468049842035717,0.0008111979703316274,-5.9461661135423265e-06,0.010491160016226075,0.1569440406043252,1.033116466511741,0.00010831806546284444,-0.1569676883394591,-1.0331396505012855,-0.00010493391344961404
0.42,0.014735501520959147,1.0197580365301773e-09,0.5393218409924321,1.2702387308444727e-09,7.565153038387036e-07,-1.4608464326641778e-07,-1.75007709111515e-05,0.00010789022390261879,0.00028058657653047466,0.0,4,Solved,139123,88076,346284,0.06457065474565288,1.0705401148637268e-12,8.293895466304314e-14,0.36291148998580613,-0.6410920205194097,-0.001166709760182001,-0.3629087504759344,0.6410926872676933,0.0011910927577911264,-0.0008129620025134175,2.3570823380780532e-05,-0.010448299391738093,0.0008168860252563578,-2.2615189489533605e-05,0.010481835859638862,0.1569555215335083,1.0331212370816245,0.00010782195020152224,-0.15695962318517148,-1.033130475930446,-0.00011448348924260061
0.425,0.014734098091448943,1.0917274524201064e-09,0.5393218892342456,1.1389489957502355e-09,2.2047587268397122e-07,-1.4622176513070602e-07,-1.4420605166547263e-05,0.00010673462235107428,0.00028101347092275895,0.0,4,Solved,125908,81694,313161,0.06457068318899598,1.067827040266133e-12,8.523401883570218e-14,0.36290741082770406,-0.6410918537471993,-0.001218913239419191,-0.3629046582465858,0.6410925221472312,0.0012434028545500703,-0.0008182307398144296,3.9675910878269684e-05,-0.010437509063864845,0.0008199808823799758,-3.9741018355796935e-05,0.010450782993796117,0.15695361364618324,1.0331162612368157,0.00011413995412294425,-0.1569651015759248,-1.0331309310239356,-0.0001170832454075779
0.43,0.014732693035849275,1.3155966319046203e-09,0.5393219417273766,7.30154124628723e-10,-3.0922258425753837e-07,-1.465633898059976e-07,-1.1362174440253694e-05,0.00010538164751751121,0.0002813202750887763,0.0,4,Solved,127551,80812,312861,0.06457141566301917,1.0614428857531872e-12,8.344751258283013e-14,0.3629033101666526,-0.6410916064011078,-0.0012710266651831026,-0.3629005515839742,0.6410922732939281,0.0012955566274314534,-0.0008218973280845019,5.580302410724219e-05,-0.010414703038341407,0.0008227245373206284,-5.6252825396657126e-05,0.010419304816669486,0.15693749265702434,1.0331014017316833,0.00012782184637315065,-0.15698619271167194,-1.0331426506083068,-0.00011179200420628303
0.435,0.014731287094717785,1.4170444552621344e-09,0.539321998356691,5.377329349516719e-10,-8.304878944741614e-07,-1.4629784213313967e-07,-8.327742292133439e-06,0.0001034036680444465,0.00028145591875168027,0.0,4,Solved,136177,82005,326367,0.06457025580554646,2.0509694281864695e-12,2.1034630742940152e-13,0.36289920509891177,-0.6410912752615238,-0.0013229223822819381,-0.3628964263247095,0.6410919468527658,0.0013476216165207824,-0.0008209352381998905,7.297037813240474e-05,-0.010357408802229106,0.0008270867124841493,-7.114373284237915e-05,0.010410567458548814,0.15695913592407282,1.0331127529319364,0.00012175470967110721,-0.156965913991296,-1.0331240928887433,-0.0001272112004588474
0.44,0.014729880879246513,1.3570222120299493e-09,0.5393220590070723,6.409828868675528e-10,-1.3422815880299525e-06,-1.4585846860415775e-07,-5.320311557835592e-06,0.00010173854063612755,0.00028153362124252285,0.0,4,Solved,126850,81304,313131,0.06456996836974098,1.0678682816658856e-12,8.07629471915189e-14,0.36289509432495143,-0.64109086417411,-0.0013746119943136039,-0.3628922905572737,0.6410915420230593,0.0013995246960863893,-0.0008234535084472879,8.821824921132317e-05,-0.010326691097312731,0.0008277114834416471,-8.732672106869486e-05,0.010362575733894942,0.15696403779785328,1.0331119814564411,0.0001244034019866577,-0.15696453628976126,-1.0331194939158557,-0.00013317568508933064
0.445,0.01472847472290822,1.5086416135092929e-09,0.5393221235503992,3.6483966315212267e-10,-1.8458189836829304e-06,-1.4614399897430802e-07,-2.3420026568503686e-06,9.998640154987545e-05,0.00028150684480620427,0.0,4,Solved,125176,79640,309335,0.06456987603438287,1.0672662609498547e-12,8.502094896836978e-14,0.36289097265084,-0.6410903787164016,-0.0014261448639142503,-0.3628881562515718,0.6410910570051654,0.0014511565065393943,-0.0008254196159949471,0.00010285755259959227,-0.010294920815192949,0.0008268001394936289,-0.00010327685868631895,0.010304086258576362,0.15696283693497345,1.0331078623656431,0.00013007184644589265,-0.15696862636902478,-1.033118016550126,-0.00013608609351791612
0.45,0.014727069190296035,1.8407595326358343e-09,0.5393221918570797,-2.4011027617424843e-10,-2.3403727477641237e-06,-1.4671033750549216e-07,6.047576683971656e-07,9.81956143470266e-05,0.0002813802523395035,0.0,4,Solved,127971,89429,330565,0.06457003183121895,1.0620166015135095e-12,8.117738278373721e-14,0.36288684447822256,-0.6410898198634383,-0.001477487792273417,-0.36288402707808726,0.6410904941316584,0.0015024926400589087,-0.0008262831754799814,0.00011756615811482595,-0.010252803771633026,0.0008256916813569362,-0.00011861583030655431,0.01024443976983152,0.15695896624802483,1.0331032965760223,0.000137439821767949,-0.1569785009187494,-1.0331205092995033,-0.00013621927617863628
0.455,0.014725665027471472,2.1126366514723046e-09,0.5393222638318903,-7.358587028718848e-10,-2.8237652134301562e-06,-1.47066198945235e-07,3.5182705193312646e-06,9.551870838071218e-05,0.00028105152416472344,0.0,4,Solved,134393,86773,333249,0.06456954593001983,2.0358881811831483e-12,2.1327656708845094e-13,0.3628827208119022,-0.6410891859806335,-0.0015285704228026865,-0.36287990529673864,0.641089857208132,0.001553549378553405,-0.0008242080857430714,0.00013276598726219162,-0.010194132081714484,0.0008239653242239099,-0.0001331008195129816,0.010190989156842545,0.1569647963890089,1.0331014022481684,0.00013903353049039542,-0.15697285610112044,-1.0331127348803173,-0.00014384544073463645
0.46,0.014724262891150926,2.249623006093821e-09,0.5393223393555326,-9.836279045030952e-10,-3.2944615759983838e-06,-1.472964649844143e-07,6.395611438102855e-06,9.333922640018766e-05,0.00028069107930981996,0.0,4,Solved,128052,80201,319103,0.06457004744292794,1.0709661106567758e-12,8.325617342516888e-14,0.3628786040753025,-0.6410884796279139,-0.0015793715450056877,-0.3628757947008084,0.641089147706832,0.001604292240788104,-0.0008232753984802819,0.00014681657979383347,-0.01013931258233066,0.000821394949098074,-0.00014763414383471056,0.01012202646267227,0.15695189222082095,1.0330876975423795,0.0001504844085165992,-0.1569892531532769,-1.033120759086847,-0.0001404082484507999
0.465,0.014722862979764528,2.2797021156694033e-09,0.5393224182679809,-1.0388597279503148e-09,-3.7546014478614828e-06,-1.4724209908382233e-07,9.235079449049252e-06,9.111619323789258e-05,0.00028023397384144044,0.0,4,Solved,124284,88797,316047,0.06456981114535605,1.0575353119944255e-12,8.426719555090164e-14,0.3628745024502058,-0.6410877011967743,-0.0016298156759556209,-0.3628716924472322,0.6410883698475282,0.0016547423695757876,-0.0008188721214002715,0.0001614685469170603,-0.01005691862788211,0.000820315419556602,-0.0001607614746931164,0.010070295907248596,0.15695397478651468,1.0330855037685456,0.00015427380667618713,-0.15699053689281975,-1.0331169783256968,-0.00014452217287158812
0.47000000000000003,0.014721465912502143,2.0225209303864724e-09,0.5393225004289169,-5.724561552618827e-10,-4.202839620674073e-06,-1.466172396741702e-07,1.2034715908760386e-05,8.863447317947101e-05,0.0002796550556664227,0.0,4,Solved,124695,80772,309184,0.06456890286225121,1.0510187146708323e-12,7.736083777068523e-14,0.36287042541596115,-0.6410868510302438,-0.001679835021894231,-0.3628675987832699,0.6410875274646961,0.0017049166745173754,-0.0008135986231400658,0.00017562451304235297,-0.009970171961065578,0.000818182676911881,-0.0001735286859033387,0.010012849831108271,0.1569709916404085,1.033092903700024,0.00015007693455343924,-0.156975551146271,-1.0331024457960194,-0.00015678974457709755
0.47500000000000003,0.014720072176502006,1.7036502333093147e-09,0.5393225857050459,1.2617847140120113e-11,-4.63890619160762e-06,-1.4628072743512893e-07,1.4792389882181002e-05,8.629825596177853e-05,0.0002790026795829849,0.0,4,Solved,125607,80251,307962,0.06456868666010157,1.0648107075600388e-12,8.575757596197959e-14,0.3628663676794065,-0.6410859350349773,-0.0017294812762547165,-0.36286352499920044,0.641086618428856,0.0017547128631838222,-0.0008106683264695883,0.00018816641596525985,-0.009903492631398772,0.0008129891179921391,-0.00018722149808396928,0.00992518078151831,0.156973798947963,1.033090592500822,0.00015318504477100783,-0.15697593024651138,-1.0330989865616251,-0.0001612211924325021
0.48,0.01471868218187391,1.631358317998951e-09,0.5393226739841709,1.521728401174269e-10,-5.063184015874027e-06,-1.466065511499545e-07,1.750642764726496e-05,8.386958912472615e-05,0.0002782484532011737,0.0,4,Solved,123813,83298,318752,0.06456854881005832,1.0657346628156974e-12,8.606286659438386e-14,0.3628623264154092,-0.6410849573930405,-0.0017787850051871994,-0.36285947991022216,0.6410856416907253,0.001804051529079055,-0.0008071404594002655,0.00020036548764680226,-0.009833772891646497,0.0008068740143776809,-0.0002006715472237459,0.009831040384414413,0.1569864253253127,1.033096780960933,0.00015141414059478446,-0.15696701002961028,-1.0330873707915564,-0.00017022185156358592
0.485,0.01471729653900945,1.8598292179174566e-09,0.5393227651570625,-2.5429841548810606e-10,-5.474348362660337e-06,-1.4752619624094328e-07,2.0175228824350922e-05,8.108865713681096e-05,0.0002773626617718057,0.0,4,Solved,131488,82135,320756,0.06456908425107025,2.0618915013224036e-12,2.1337466705627015e-13,0.3628583003789365,-0.6410839214412398,-0.0018277737708202047,-0.36285547381324273,0.6410845971333053,0.0018528591467814471,-0.0008044107883036957,0.0002116870356539076,-0.009775198559467662,0.000797955231140469,-0.00021431624326468673,0.009716772726634565,0.1569598702542191,1.0330722825433145,0.00016927274441614213,-0.15699659376369682,-1.033105348017124,-0.00015966577945918884
0.49,0.014715915876813345,2.173779868180493e-09,0.5393228590975828,-8.232596133805766e-10,-5.87082316678849e-06,-1.481630945090859e-07,2.2797109425356677e-05,7.807296443640626e-05,0.00027636183570832056,0.0,4,Solved,124455,80683,307631,0.06456832526180867,1.0584046496675936e-12,8.009462281719331e-14,0.3628543047540463,-0.6410828242807582,-0.0018763276501902724,-0.36285150049989573,0.6410834916070728,0.0019012110646914443,-0.0007961201549957175,0.00022452036989954716,-0.009669438083529217,0.0007929415452157193,-0.00022558715666234875,0.009640819380907986,0.15697082023025696,1.0330753333410494,0.0001679536037032887,-0.1569869069046235,-1.0330932041889387,-0.00016870421004907182
0.495,0.014714540595538915,2.2944976154111606e-09,0.53932295564667,-1.0464046985755051e-09,-6.252790994502481e-06,-1.4812744110358464e-07,2.537024041146387e-05,7.532399622065653e-05,0.0002753092725272422,0.0,4,Solved,132210,81694,317510,0.06456828869363765,2.0680759847924023e-12,2.1467147449851648e-13,0.3628503460292512,-0.6410816672232701,-0.0019243879532186748,-0.3628475586709829,0.6410823292245745,0.0019491212793410642,-0.0007893199644043226,0.0002359575215449187,-0.009575248510498202,0.0007858108571206286,-0.00023702074639300638,0.009544310677654157,0.15696742505327746,1.0330684313640008,0.00017387974433376045,-0.15699258269059688,-1.0330926190982024,-0.0001699249066243385
0.5,0.014713170961255712,2.3267753140545024e-09,0.5393230546322543,-1.1066299749909787e-09,-6.621463522339954e-06,-1.4804316190939239e-07,2.789318841658155e-05,7.267853587162341e-05,0.00027418545098354487,0.0,4,Solved,126198,83208,338309,0.06456759315014596,1.0631668450938448e-12,8.102671808202867e-14,0.3628464253937495,-0.6410804534102289,-0.0019719433005125713,-0.3628436518123402,0.641081112137803,0.001996558175431702,-0.0007811579652680227,0.0002472549138601569,-0.009469716261238256,0.0007789003290786499,-0.00024765085452159566,0.00945080186923398,0.15699194820763349,1.0330814904023353,0.00016559321309795935,-0.15697136341111143,-1.0330727368392503,-0.0001849215731320951
0.505,0.014711807464387949,2.4384264538502118e-09,0.5393231558929253,-1.3046699309694587e-09,-6.97615860507602e-06,-1.4848481704230595e-07,3.0364755589048143e-05,6.972644396709342e-05,0.00027294330712728963,0.0,4,Solved,123433,79440,301981,0.06456800434001841,1.0545341370465914e-12,8.122523029849907e-14,0.3628425371413441,-0.6410791898679148,-0.002019065657250954,-0.3628397943680914,0.6410798387388023,0.00204341024785839,-0.0007757837517858352,0.00025633984010494016,-0.009395561167107082,0.0007670495369726834,-0.0002593158454765641,0.009318296480904523,0.1569662436978489,1.0330587447794561,0.00018261500585509032,-0.1569988040942716,-1.0330880694402946,-0.00017473377233880608
0.51,0.01471045059244348,2.6623939046892806e-09,0.5393232592821509,-1.7081008842142167e-09,-7.316193526840572e-06,-1.4904319145905948e-07,3.2783322444753076e-05,6.689286114103258e-05,0.00027163241611188275,0.0,4,Solved,121089,79320,299175,0.06456760104722878,1.0641786143456456e-12,8.204413029048996e-14,0.36283869012954467,-0.6410778756511029,-0.002065680049708606,-0.3628359829792313,0.6410785140482649,0.002089713347787146,-0.0007656484880579019,0.0002671456831218993,-0.009275857687587314,0.0007595609939394093,-0.0002686858653675513,0.009223378104799677,0.15697205499084638,1.0330584139220098,0.00018381065311095642,-0.1569966329486791,-1.0330816167556605,-0.0001798019296607257
0.515,0.014709100796071467,2.623570585313256e-09,0.5393233646612634,-1.6371902011930083e-09,-7.641146082996575e-06,-1.4888938143585958e-07,3.514803409787451e-05,6.364370339775335e-05,0.0002701934328880755,0.0,4,Solved,130417,81204,309705,0.06456680148973724,1.0539651174474656e-12,8.59028892286414e-14,0.36283489550827264,-0.6410765105311537,-0.0021117048048579145,-0.36283221508342306,0.6410771435223036,0.002135512825606293,-0.0007549199332629632,0.0002769273589106971,-0.009158987524348287,0.0007500684240233912,-0.0002777203882009691,0.009118824258039344,0.156985056944539,1.0330634253512303,0.0001808151393090205,-0.1569849354372573,-1.033068823835796,-0.00018935317433782907
0.52,0.014707758582406466,2.5312394822596996e-09,0.5393234718727661,-1.4631062771848563e-09,-7.95000753800602e-06,-1.489791907273002e-07,3.7457292271379235e-05,6.057272410681713e-05,0.00026869578068892247,0.0,4,Solved,127781,89038,330575,0.06456775108388005,1.0585955539917404e-12,7.994599701643303e-14,0.3628311483421971,-0.6410751001144317,-0.002157191484354028,-0.3628285009648586,0.6410757258753563,0.0021807211570455502,-0.0007462388501806895,0.0002855314214072317,-0.00905742228261521,0.0007384758830507462,-0.0002873977408059381,0.008991513376811254,0.15696028262862788,1.0330410625451045,0.00019716600188744,-0.15701185734468537,-1.0330840173420808,-0.00017913250736761535
0.525,0.014706424211827504,2.3274232628004488e-09,0.5393235808193723,-1.0882423545859432e-09,-8.243909700468672e-06,-1.4874787183608665e-07,3.971009734456512e-05,5.7586708300839144e-05,0.0002671295897800955,0.0,4,Solved,135666,90772,340683,0.06456693851896014,2.0771689990470313e-12,2.1575893605378302e-13,0.36282745932573685,-0.641073642160676,-0.0022020389144820083,-0.36282483264740545,0.6410742665808218,0.0022254044602875328,-0.0007326634943539809,0.0002956163925137589,-0.008912187718782659,0.000730906204185741,-0.0002948730154702851,0.008901153058397157,0.1569744599432145,1.0330466575201782,0.000193494312820915,-0.1570000131231348,-1.0330710163033623,-0.00018873318915886068
0.53,0.014705098085866215,1.8256377481481782e-09,0.5393236913745871,-1.7245349247442443e-10,-8.522668202511891e-06,-1.4793884042472933e-07,4.190550920764886e-05,5.4512905800774965e-05,0.00026547732339457454,0.0,4,Solved,133923,87706,335254,0.06456649731298503,1.0802332222956162e-12,8.266813760984763e-14,0.36282383323700534,-0.6410721386088043,-0.0022462133771634653,-0.36282121088191793,0.6410727680863596,0.002269564301693872,-0.0007207070874975557,0.00030412438017281827,-0.008784493526158618,0.0007204549158945334,-0.000302943668834353,0.008787013510701672,0.15697994000242366,1.0330458866011072,0.00019404289471196878,-0.1569962572249857,-1.0330639570077604,-0.00019405451916354856
0.535,0.014703780586772505,1.3479243283830529e-09,0.5393238033971085,7.041603118368824e-10,-8.786148971776292e-06,-1.4748466381057762e-07,4.404250201201438e-05,5.149803075691144e-05,0.0002637579407574309,0.0,4,Solved,135246,85231,332428,0.0645663094137789,2.0652718519548104e-12,2.166673009626821e-13,0.36282026574672355,-0.6410705950221143,-0.0022897619573472652,-0.36281764464558447,0.6410712294299961,0.0023131228196685725,-0.0007091408885619875,0.0003118137016505665,-0.008660939626341251,0.000708905159316043,-0.0003109530555324753,0.008662633905983099,0.1569799893025473,1.033041329352917,0.00019733681155098963,-0.15699831052537006,-1.0330609506204624,-0.00019633349215914336
0.54,0.014702472053772524,9.90967628512279e-10,0.5393239167496168,1.3608131397994148e-09,-9.034512475527104e-06,-1.4726806425415352e-07,4.612029456769172e-05,4.844513853205215e-05,0.00026196184527351655,0.0,4,Solved,138802,93306,345863,0.06456564786915844,2.08695970526612e-12,2.1784194592514364e-13,0.3628167583491421,-0.6410690142500772,-0.0023326794324443527,-0.3628141371832687,0.6410696524626464,0.002356056204903234,-0.0006968204767384862,0.00031909045953938377,-0.008532921346312942,0.0006970014533980799,-0.0003183943814918072,0.008537107367823057,0.15699004695100058,1.0330442931428228,0.00019540134901045803,-0.1569902212675033,-1.033050365906535,-0.0002036654098187696
0.545,0.01470117287124835,8.242077531333202e-10,0.5393240312881625,1.6707995068223114e-09,-9.267449763424225e-06,-1.4737809987723962e-07,4.813810716674066e-05,4.534192007033056e-05,0.00026008932435110904,0.0,4,Solved,136408,82366,334262,0.06456630570244327,2.0643277033026327e-12,2.1699853827890359e-13,0.3628133094005376,-0.6410674003893065,-0.00237499073358889,-0.3628106953620768,0.6410680379309174,0.00239831234020975,-0.0006855394136602309,0.0003252888076973433,-0.00841611862695885,0.000683055337467258,-0.00032595293125031776,0.008395044008122516,0.15697168528749364,1.0330264701910417,0.00020788699749977991,-0.15701056113502446,-1.0330608912390924,-0.00019632889432513097
0.55,0.014699883408743742,7.550405967436911e-10,0.5393241468792037,1.7969878867396644e-09,-9.484723551685093e-06,-1.4730570812624246e-07,5.0095237048435745e-05,4.218860758539071e-05,0.0002581414648867385,0.0,4,Solved,127772,80753,314874,0.06456550576923,2.0790701203588443e-12,2.1754166258094662e-13,0.3628099281905154,-0.6410657524948977,-0.0024166198824616047,-0.36280731459619203,0.6410663911540002,0.002439941476607515,-0.0006704940776598522,0.00033248478981928357,-0.008266697083531381,0.0006719735948279418,-0.00033169597680741497,0.008280571108837361,0.15698482639871458,1.0330315327427368,0.00020409163829205855,-0.15699902946315977,-1.03304809230768,-0.00020517864125260286
0.555,0.014698604007133461,6.289258143150145e-10,0.5393242633985514,2.022820212188233e-09,-9.6862794817119e-06,-1.4691862858463423e-07,5.199101327134375e-05,3.906505426329152e-05,0.00025612976975932346,0.0,4,Solved,130677,86514,326848,0.06456483838531366,2.062992968875342e-12,2.174609979393137e-13,0.36280661668602,-0.6410640728437766,-0.0024575536852631794,-0.3628039967813952,0.6410647141380422,0.002480932433923263,-0.0006572615096715648,0.0003383008219619246,-0.008134360256196476,0.0006583909595511426,-0.0003379362441828721,0.008144240876111314,0.15699521614298886,1.033034626073815,0.00020161570758994135,-0.1569904114311741,-1.0330374141650185,-0.00021245741650865167
0.56,0.014697334980564756,7.199774488039776e-10,0.5393243807149377,1.856851220504647e-09,-9.872187419744442e-06,-1.4712569360207432e-07,5.382491814893049e-05,3.5919400936542206e-05,0.0002540501297160651,0.0,4,Solved,134744,81104,321737,0.06456486165911453,1.0692161517284431e-12,8.222484981227968e-14,0.3628033678393089,-0.6410623674293261,-0.002497863044034924,-0.3628007529794771,0.641063005458878,0.002521191675240416,-0.0006451889482474804,0.00034303034728327167,-0.008014362946021038,0.0006427684964703653,-0.0003443279322668621,0.007991207831011848,0.15699040535903921,1.0330267162146662,0.00020681449124952973,-0.1569968982094811,-1.0330377865458324,-0.00021186455297472295
0.5650000000000001,0.014696076661864791,1.0598341800444025e-09,0.539324498695712,1.2368272306985146e-09,-1.0042276633279668e-05,-1.476893737867581e-07,5.5596466754059307e-05,3.274609705721959e-05,0.0002519036470605758,0.0,4,Solved,143732,114586,390047,0.06456498998274812,2.0821991586675915e-12,2.1842212283643136e-13,0.3628001834911935,-0.6410606382000892,-0.0025375390406486577,-0.36279758547681495,0.6410612677210378,0.0025607071821416535,-0.0006317429092535748,0.0003478138129396901,-0.007883269717587186,0.000627729744465504,-0.0003497708316602074,0.007845200902152941,0.1569828223128182,1.0330170747042755,0.00021335105831548888,-0.1570059866334235,-1.03303983972397,-0.00020976067659055742
0.5700000000000001,0.01469482935991266,1.4158183222217308e-09,0.5393246172139265,5.821253228626337e-10,-1.019650729450076e-05,-1.4794548006569216e-07,5.730523037969459e-05,2.9580817504120457e-05,0.0002496963574718655,0.0,4,Solved,135466,100310,380399,0.0645645462150471,1.0674348530581303e-12,8.283924621936177e-14,0.3627970715459687,-0.6410588843742934,-0.002576514548358145,-0.36279448991182445,0.6410595061024936,0.002599526563832745,-0.0006165684261610306,0.00035281935333389056,-0.007737169998763564,0.0006137645400894768,-0.000354122334901281,0.007710408015564683,0.15698832211089134,1.0330167573967073,0.000213058566112145,-0.15700202728996165,-1.0330327394407537,-0.0002142522434156788
0.5750000000000001,0.014693593368260042,1.6786542302052035e-09,0.5393247361469828,9.616184948392353e-11,-1.033489467297634e-05,-1.4796948930775258e-07,5.895088182738779e-05,2.6405075244536397e-05,0.00024742774469615195,0.0,4,Solved,147579,107513,406799,0.06456452949861229,1.0724131635025147e-12,8.054133366018957e-14,0.3627940339446402,-0.641057107901978,-0.0026147769616893723,-0.3627914676975798,0.6410577229283378,0.0026376444917707615,-0.0006018851227356127,0.0003570458706236304,-0.007596772555762932,0.0005986262494862835,-0.0003584068613103911,0.007566463369560038,0.15698416797351972,1.0330093724802107,0.00021760089653396816,-0.15700757791158035,-1.0330324719777966,-0.00021375872021499987
0.58,0.014692368978665634,1.8664221478710366e-09,0.5393248553696951,-2.5193602277453445e-10,-1.0457377449382152e-05,-1.479174767072695e-07,6.0533155114815494e-05,2.32223250513406e-05,0.0002451006339630374,0.0,4,Solved,133943,104617,369238,0.06456510370899636,2.0846509706201834e-12,2.1881607786019934e-13,0.36279107329855914,-0.6410553106605554,-0.002652309793993445,-0.3627885196347382,0.6410559208437462,0.002675061130931632,-0.0005860180682272262,0.00036115155070157986,-0.007447167095960338,0.000583988543578183,-0.0003618682730213976,0.007428586119683056,0.1569664286199587,1.032992701327246,0.0002293098057915548,-0.15702789230636258,-1.0330416593439418,-0.00020570487235197556
0.585,0.014691156586447162,1.7013425525608004e-09,0.5393249747130037,3.9665673587881746e-11,-1.056283125505005e-05,-1.4706465895280008e-07,6.205216365519646e-05,1.9596651514546218e-05,0.00024266785780192805,0.0,4,Solved,146367,92274,355712,0.06456451552844573,2.1102931376454526e-12,2.1852716169815448e-13,0.3627882051316497,-0.6410534910484615,-0.0026890009728903295,-0.36278563824294857,0.6410541081295376,0.0027118753447712162,-0.0005657683801495054,0.00036585075643803583,-0.007266405634310013,0.0005715070074455029,-0.00036313853842924937,0.007319555644617876,0.15697599100737056,1.0329952932585886,0.00022623179989330835,-0.15701878800212624,-1.0330322484551318,-0.00021247419315538468
0.59,0.014689956551794477,1.0750982330263647e-09,0.5393250940407934,1.1733064571559838e-09,-1.0650419575719264e-05,-1.4557107056876205e-07,6.3507286793641e-05,1.6191795268987367e-05,0.0002402045983920315,0.0,4,Solved,129955,80703,322930,0.06456336065805668,2.090255791470477e-12,2.192419321447609e-13,0.3627854319461276,-0.6410516509694808,-0.0027248315888937476,-0.3627828230365535,0.641052286156393,0.0027480920948006766,-0.0005475770753167119,0.0003695679891471267,-0.007099879660755716,0.0005577782317767096,-0.0003653627246967488,0.007193182247867592,0.15699673225654545,1.033005958599399,0.00021746436707229108,-0.15699884586124746,-1.0330137705289069,-0.00022479678449693116
0.595,0.014688768965458562,4.914691454460783e-10,0.5393252133031408,2.239351359732369e-09,-1.072168431949777e-05,-1.4479600840920648e-07,6.489853706526698e-05,1.29826594065928e-05,0.0002377123382527561,0.0,4,Solved,127391,80161,309264,0.06456313574466031,1.0654919795653928e-12,8.250188798498308e-14,0.36278273962769,-0.6410497982894645,-0.0027599222146680235,-0.3627800871745218,0.6410504497033587,0.0027835774814699834,-0.0005327285226719475,0.00037132436267499043,-0.006964077871120549,0.0005404848984840861,-0.00036868569973002213,0.007033712712325494,0.15700864955529706,1.033010171914565,0.00021328127223459392,-0.1569881442251107,-1.0330018210914529,-0.0002322596462343447
0.6,0.014687594031040424,3.891913620617853e-10,0.539325332367172,2.43586723380138e-09,-1.07769312345863e-05,-1.452889402714147e-07,6.622601134473548e-05,9.752487192047626e-06,0.0002351681823862053,0.0,4,Solved,124255,89268,316378,0.06456350557366151,1.081320415811012e-12,8.339314453564842e-14,0.3627801172239062,-0.6410479406504141,-0.0027943821537807353,-0.3627774444963412,0.641048596247701,0.002818211950430962,-0.000519323151473392,0.0003718238924911504,-0.0068443493416149095,0.0005209334723279328,-0.0003721331285089776,0.0068563350134306245,0.156984034536388,1.032988699163994,0.00022760836295213362,-0.1570136621909855,-1.0330160891785842,-0.00022098938248938911
0.605,0.014686431984735314,5.986058608565755e-10,0.5393254511006937,2.056696801322932e-09,-1.0816111004574652e-05,-1.4583374162863558e-07,6.748969492498552e-05,6.5687927966260304e-06,0.00023258145539633546,0.0,4,Solved,127280,78939,309184,0.06456251125413945,2.0858208751871296e-12,2.195579889365017e-13,0.3627775750467122,-0.6410460756734618,-0.0028281228031556624,-0.36277488698528815,0.6410467325906022,0.002852075269168084,-0.0005015384180480766,0.0003739059559237646,-0.0066845678118281765,0.0005055390306133833,-0.00037327781648197007,0.006717289823475074,0.15700529504709032,1.0330001800662312,0.00021836713310970223,-0.15699349001263124,-1.0329979948247054,-0.00023298932087374157
0.61,0.014685283029849608,8.944257025178514e-10,0.5393255694146246,1.5152097931720026e-09,-1.0839471664227546e-05,-1.4623231090108182e-07,6.868973062284413e-05,3.4144186698218326e-06,0.00022994966297266837,0.0,4,Solved,124435,80021,311368,0.06456294963069584,1.0731789489555527e-12,8.385925251916359e-14,0.36277511125197787,-0.6410442057716804,-0.002861160530374594,-0.3627724177090044,0.641044859466543,0.0028851434012213597,-0.0004872305760220071,0.00037419569689125745,-0.006556562090796098,0.00048640790389181297,-0.0003756453571351039,0.006545060157729077,0.15698757518370873,1.0329836217081156,0.000228964692832304,-0.1570119339882675,-1.0330071940911334,-0.00022510783745187184
0.615,0.014684147368138844,1.3467600118378988e-09,0.5393256872181434,6.861084443315387e-10,-1.084718041511124e-05,-1.4672408794857225e-07,6.982629043326575e-05,3.4026918017112094e-07,0.00022728068857864664,0.0,4,Solved,132150,80282,313923,0.06456342561941636,2.095627814210937e-12,2.2031221417779124e-13,0.36277272865710664,-0.641042331383521,-0.0028934712419051473,-0.3627700351256511,0.6410429801069285,0.0029174342392020132,-0.0004697150320240975,0.00037547602882851685,-0.0063996725721799565,0.00047023242054489595,-0.0003761785625484993,0.006400586932578303,0.15697148117542029,1.032969495599583,0.0002388327832625368,-0.1570294942685452,-1.0330148099106617,-0.00021754618637289096
0.62,0.014683025231460508,1.4303088787714562e-09,0.5393258043963747,5.218897579397627e-10,-1.0839002919289113e-05,-1.461314576847436e-07,7.089976632588263e-05,2.971718645351402e-06,0.00022454976725915166,0.0,4,Solved,122622,80752,315486,0.06456209974518454,1.0507498084752009e-12,8.044637928818634e-14,0.36277044340618064,-0.6410404480338193,-0.0029249173924105172,-0.3627677262819145,0.6410411033110397,0.0029490812321356385,-0.00044893257032858045,0.00037758946479143435,-0.006216095531882424,0.00045642786160905827,-0.0003749990319445771,0.006282188268588909,0.15701286410378965,1.0329935959229526,0.00021877586922890532,-0.15698847343746333,-1.0329832269923327,-0.0002400197616258369
0.625,0.014681916858074351,1.3769891011448818e-09,0.5393259208340893,6.163247263712376e-10,-1.0814559728938583e-05,-1.4587467167922873e-07,7.191031291366427e-05,6.155522294103878e-06,0.00022178819667945516,0.0,4,Solved,124315,79881,305407,0.06456257956610285,1.0725483804786024e-12,7.810155018287066e-14,0.36276824078609365,-0.6410385654470717,-0.0029556417213320685,-0.3627655077945343,0.6410392236336786,0.002979938341059149,-0.00043519409700718773,0.0003759978127792755,-0.006097514835350304,0.0004355418016389501,-0.000376684064307098,0.006098103413969811,0.1569828932512457,1.0329689737343866,0.00023527766023935247,-0.15701897956408223,-1.0330012730576457,-0.00022559528253931926
0.63,0.014680822354900355,1.5745973989628999e-09,0.539326036438195,2.5569333609762115e-10,-1.0774533297090674e-05,-1.4617982249514912e-07,7.285825987403767e-05,9.226484868305443e-06,0.0002190015070063289,0.0,4,Solved,130997,82596,318462,0.06456178647603829,1.0657810235483749e-12,8.2704638069416e-14,0.36276612248585505,-0.6410366843601456,-0.0029856288018517588,-0.36276337776768613,0.6410373435834729,0.003010018411659397,-0.0004162805777445819,0.00037651456531021855,-0.005931068781292593,0.00041992451348421843,-0.00037573844015170824,0.0059614845513211185,0.15701528378289478,1.0329885836166126,0.00021989795227720136,-0.15698748139114624,-1.0329748966720154,-0.00024283962837011542
0.635,0.01467974188676555,1.8379355997447083e-09,0.5393261511203334,-2.2323392220788917e-10,-1.0719050228544897e-05,-1.466703709619553e-07,7.374413681761943e-05,1.236202562113729e-05,0.0002161717902866796,0.0,4,Solved,123874,80141,317419,0.06456161515530774,1.0662140008966457e-12,7.929003681843446e-14,0.36276408304995805,-0.641034809114014,-0.0030149334257110693,-0.3627613431991748,0.6410354626275638,0.003039266180673727,-0.0004025567610024004,0.0003742713561680438,-0.005814269653427049,0.00039854092296548406,-0.00037663145216292873,0.005775328420560857,0.1570163978108836,1.0329858424849239,0.00022064820345909275,-0.15698968412508066,-1.0329735352886458,-0.00024309467100566297
0.64,0.01467867589407784,2.579780668045149e-09,0.5393262647577315,-1.56816476759176e-09,-1.0645759340722815e-05,-1.482743013517174e-07,7.456888130973146e-05,1.6336452444204058e-05,0.00021320913004728884,0.0,4,Solved,128212,78959,309405,0.0645618684399877,2.0905174203781477e-12,2.2157554221928087e-13,0.3627621164741984,-0.6410329458542968,-0.0030436513322121255,-0.3627594188448176,0.6410335792328085,0.0030675889977516795,-0.00038742887328484374,0.00037176944990758535,-0.005696617425325022,0.0003760276970363753,-0.0003768588246500323,0.005590982900686612,0.1569848523018106,1.0329600756507022,0.00023733013598745627,-0.15701835966589323,-1.032989895039803,-0.00022883792404373513
0.645,0.01467762458910846,3.358249295422775e-09,0.5393263772619341,-2.988650268362455e-09,-1.0554203657524097e-05,-1.4935517828394182e-07,7.533197879508833e-05,1.946167555218521e-05,0.00021031268444433033,0.0,4,Solved,139574,81234,329703,0.06456110490348123,1.0814539254772762e-12,8.266930454993371e-14,0.3627602366271201,-0.6410310884801166,-0.0030716381654464133,-0.36275758746617354,0.6410317023304151,0.0030951310608968016,-0.00036861815907741755,0.00037143403358764647,-0.005531530054021441,0.00036000982700873146,-0.0003745923714138982,0.005453384224025973,0.15699817379737552,1.0329660096948665,0.00023142100652104325,-0.15700560511948794,-1.0329776784556997,-0.00023606596626503154
0.65,0.014676587667862595,3.7987297157227295e-09,0.5393264885770367,-3.795969690361235e-09,-1.0448228800654884e-05,-1.496751347610945e-07,7.603443292164021e-05,2.2358092715431078e-05,0.00020741336340805976,0.0,4,Solved,149502,81184,334933,0.06456097808479791,2.1086702912226584e-12,2.2186609148731782e-13,0.3627584442640773,-0.6410292370719182,-0.0030988629012780426,-0.36275584338995126,0.6410298346172819,0.0031219242883093546,-0.00035195842714434803,0.0003696945453913649,-0.005387357071526341,0.0003416056822949891,-0.0003730218919899902,0.00529562777489856,0.15699642593416235,1.0329615350923798,0.0002330483858508282,-0.15700746495642656,-1.0329756493567666,-0.000235660561217173
0.655,0.014675565252911233,4.101708358858114e-09,0.539326598616125,-4.346831957235784e-09,-1.0327968847736832e-05,-1.5009066695102053e-07,7.667680467944163e-05,2.5167964616561196e-05,0.00020449562057644677,0.0,4,Solved,128913,79510,311979,0.0645612654254655,2.087940110015675e-12,2.2047590901232053e-13,0.36275673602063985,-0.6410273948966593,-0.00312535874714801,-0.36275419001114273,0.6410279762395612,0.0031479398928328326,-0.00033501814057183073,0.0003677749508247716,-0.005240499395317141,0.0003236286855753645,-0.0003709653977373921,0.005141526817746034,0.15698573790976403,1.0329505768305587,0.00023921811084495303,-0.15701833673965027,-1.032980246807448,-0.0002305249884460758
0.66,0.014674557417557719,4.139396444482565e-09,0.5393267072945039,-4.41296255059009e-09,-1.019389166984771e-05,-1.501233625356539e-07,7.72598021208323e-05,2.7907841683335847e-05,0.0002015596691114305,0.0,4,Solved,129354,80422,312210,0.06456057801638268,2.1113140539504714e-12,2.2126325641822126e-13,0.3627551181206216,-0.6410255611098282,-0.0031510709000678715,-0.36275262078267667,0.6410261314959204,0.003173238247589444,-0.0003161931826876001,0.0003662468456599656,-0.005077198379014649,0.0003075463547383752,-0.0003678095949046605,0.00500508015620411,0.15699682509709303,1.0329555767723302,0.00023408307384358346,-0.15700750501852184,-1.0329692482621229,-0.0002364736339022053
0.665,0.014673564255480451,3.91082390915684e-09,0.5393268145282939,-3.9894433772052905e-09,-1.0046207892286527e-05,-1.4997817578444486e-07,7.778416144125895e-05,3.062216729736489e-05,0.00019860201897411604,0.0,4,Solved,132350,81544,317359,0.06456065361613667,1.0686846070578888e-12,8.137721732120868e-14,0.36275358872040425,-0.641023738571339,-0.00317602030924182,-0.36275113757215616,0.641024300843336,0.0031978051611117092,-0.0002992166511544842,0.0003635345578056059,-0.0049316832353812675,0.0002896008471602842,-0.00036520361833267096,0.0048522944335454106,0.15699176278612095,1.0329480841656429,0.00023709612386246521,-0.15701265458348512,-1.0329704578581866,-0.00023417793590913057
0.67,0.014672585860346359,3.6025469287343466e-09,0.5393269202320743,-3.4167641818255373e-09,-9.885037339002978e-06,-1.499555531735384e-07,7.825065112911596e-05,3.330624369512727e-05,0.00019562580653188856,0.0,4,Solved,123273,84640,312170,0.06456078731758408,1.0613316699434421e-12,8.598712551042787e-14,0.3627521471100986,-0.6410219299400893,-0.0032002208132682953,-0.362749741277488,0.6410224852332526,0.0032216346837338214,-0.00028127066152148063,0.0003607050703935482,-0.00477907161397576,0.0002725719510919056,-0.0003619338962759064,0.004708271694546269,0.1569841382537478,1.0329403548790694,0.00024141958230852831,-0.15702023656434433,-1.0329725970813453,-0.0002303469194872213
0.675,0.014671622294243241,3.11760202202351e-09,0.5393270243295891,-2.5243799762497644e-09,-9.71070005541975e-06,-1.4953758726428347e-07,7.866001118102224e-05,3.5896304086202334e-05,0.00019263926538427064,0.0,4,Solved,128293,80642,318221,0.06456003769621296,2.103235636580219e-12,2.219162616458304e-13,0.36275079875860106,-0.6410201343353911,-0.0032236235161330644,-0.362748425479093,0.6410206883189292,0.0032447842414100457,-0.00026214007295827566,0.00035823957108293745,-0.0046148825998245015,0.00025707965933318994,-0.0003578958122412629,0.004577560515814614,0.15699709046445517,1.032946716601195,0.00023490754444789773,-0.1570072822246569,-1.0329606031394074,-0.00023719245254855546
0.68,0.014670673602956633,2.5165050603366157e-09,0.5393271267683291,-1.4178486059833561e-09,-9.523628537948085e-06,-1.4910302569095164e-07,7.90131003414503e-05,3.842218913985747e-05,0.00018964075923909253,0.0,4,Solved,136458,81544,323211,0.06456010835020397,1.0602194343147845e-12,8.48163294342458e-14,0.3627495390680611,-0.6410183551166173,-0.0032462705822726787,-0.3627471935855651,0.6410189091908064,0.0032672212405411576,-0.00024531463935943427,0.00035444438223152495,-0.004472319991127611,0.00023944416819052897,-0.00035464022776033797,0.0044272582405589095,0.1569909912608628,1.0329399113756708,0.0002382352746327343,-0.15701331445954333,-1.0329617336032635,-0.00023406344215203827
0.685,0.014669739841261534,1.975679843212304e-09,0.5393272274803653,-4.1958362343326515e-10,-9.324058557205389e-06,-1.4888365336046332e-07,7.931080541598695e-05,4.09056143084174e-05,0.00018663034837440522,0.0,4,Solved,123103,80302,303543,0.0645598121219053,1.0786371773735426e-12,8.114024448519851e-14,0.3627483667209502,-0.6410165942986145,-0.003268177698841459,-0.3627460462638987,0.641017148797369,0.003288940827328708,-0.0002274184531423409,0.00035083223444010034,-0.004320749220467021,0.00022298835069179174,-0.0003505781640621923,0.004288219914437086,0.15699393132122388,1.0329390168702055,0.0002366994002691488,-0.157010151086012,-1.0329569939504848,-0.00023567089730419538
0.6900000000000001,0.014668821047584931,1.4536186069198633e-09,0.539327326393268,5.425043916358721e-10,-9.112267849593362e-06,-1.4860997113902196e-07,7.955402114957006e-05,4.331843045359286e-05,0.0001836132433118032,0.0,4,Solved,122371,78759,298614,0.06455977290353852,1.0671173206161359e-12,8.115819831300816e-14,0.36274728194163275,-0.641014853361107,-0.0032893457038233598,-0.3627449824198236,0.6410154087011142,0.003309953895771285,-0.00021014621858294575,0.00034662269179945555,-0.004175361401465947,0.00020612595056983534,-0.0003465144756652361,0.004145407176498914,0.15699118067853346,1.0329343919941418,0.0002380280928656279,-0.15701264265150447,-1.0329563664566164,-0.00023422522232744504
0.6950000000000001,0.014667917237843879,1.0133738728606704e-09,0.5393274234447943,1.3523645316702927e-09,-8.888666558758742e-06,-1.4833067754555182e-07,7.974367440133541e-05,4.564514971016899e-05,0.0001805925994319019,0.0,4,Solved,129425,86884,314013,0.0645590964370734,2.1120290188106026e-12,2.226871116027757e-13,0.362746284432963,-0.6410131336334515,-0.0033097780152952436,-0.36274400089592157,0.6410136901444792,0.0033302695483816962,-0.00019256449531923498,0.0003423582990546655,-0.004027044123205286,0.00018991303530189942,-0.000342047137391909,0.004008093470109181,0.1570024087354077,1.0329399354062236,0.00023201801802917889,-0.1570012021762257,-1.0329455429931744,-0.00023997464430637627
0.7000000000000001,0.014667028430193855,7.464640201440241e-10,0.5393275185771157,1.8454973502438364e-09,-8.653577999579219e-06,-1.4832109743356668e-07,7.988077585728166e-05,4.793063870585969e-05,0.00017756535526570135,0.0,4,Solved,123624,79049,301470,0.06455905733875023,1.0672083123964939e-12,8.065751606916879e-14,0.3627453686410582,-0.6410114386425646,-0.0033295270291283075,-0.36274310612704763,0.6410119923053558,0.003349849013194388,-0.0001770274164549262,0.0003369730308254487,-0.0038980522278878175,0.00017180198339526799,-0.00033810441629461487,0.003854284114050595,0.15701214491582027,1.0329449174200036,0.00022674148781574624,-0.15699162708851913,-1.0329362149413501,-0.00024468507291718023
0.705,0.014666154685688082,8.84933403114037e-10,0.5393276117327771,1.6021259597582905e-09,-8.406889250259302e-06,-1.4911219515958766e-07,7.996639056287787e-05,5.02914323567176e-05,0.00017451893038642572,0.0,4,Solved,121269,78999,297111,0.064559819227277,1.0705590493565412e-12,7.97410326125137e-14,0.362744525536913,-0.641009772909266,-0.003348680203210723,-0.3627423068273042,0.6410103130032055,0.0033686195968278113,-0.00016314782269209914,0.00033082136323018033,-0.00378538854627993,0.00015204067954942692,-0.0003345448090578983,0.0036871833715598676,0.15697912467335906,1.0329175602372773,0.00024363160532094808,-0.15702380114183956,-1.032957107636432,-0.0002275363090521416
0.71,0.014665296036389934,1.1645414925183166e-09,0.5393277028353338,1.090394261172109e-09,-8.14859718922657e-06,-1.494766990633865e-07,8.00014906239042e-05,5.2551889889166965e-05,0.0001714787108263323,0.0,4,Solved,124586,78689,301119,0.06455961555074599,1.0849383648055397e-12,7.810119501136796e-14,0.362743768828979,-0.6410081320898708,-0.0033671182359697864,-0.3627415888637236,0.641008660515796,0.003386715867380182,-0.00014362640188396035,0.00032657544007587825,-0.0036223242376944792,0.00013805817615498116,-0.0003280237053805369,0.003573548953645225,0.15698119378351608,1.03291743383562,0.00024220287186809978,-0.15702164361327944,-1.0329538488119359,-0.00022803989471198931
0.715,0.01466445244972387,1.1144675322098007e-09,0.539327791817119,1.1676822080740888e-09,-7.879185067037831e-06,-1.4863529409266563e-07,7.998710834030199e-05,5.4769004702808134e-05,0.00016843539363485186,0.0,4,Solved,125777,79410,311158,0.06455876186134736,1.0658877738708285e-12,8.065391265204483e-14,0.3627431074681658,-0.6410065131162616,-0.0033847568804226858,-0.3627409412530509,0.6410070397110627,0.0034042379361588536,-0.00012482378069807775,0.00032213157559017396,-0.003464434425122344,0.00012394261699414348,-0.0003218027248838659,0.0034579870925870583,0.15699841938648762,1.0329277901900276,0.00023266135758499777,-0.15700465203185904,-1.0329401897815578,-0.00023647793124950548
0.72,0.01466362399912092,9.993468892621816e-10,0.5393278786925695,1.3683149815007811e-09,-7.598396213973766e-06,-1.4799557571934367e-07,7.992444614420635e-05,5.710613049267189e-05,0.00016537080822360664,0.0,4,Solved,121881,78508,298664,0.06455827182434819,1.0786798477362796e-12,8.567899650535894e-14,0.36274253085928604,-0.6410049207238427,-0.0034016950934243743,-0.3627403731771322,0.6410054460619085,0.003421104044023421,-0.00010907994902815748,0.00031626022617477505,-0.0033360570226923215,0.00010684941642415375,-0.0003168721327772795,0.0033164814178095236,0.1570036030751571,1.0329299243963652,0.00022933421522155367,-0.15699806161043792,-1.032932349189571,-0.0002391625902466738
0.725,0.01466281067432558,1.1362533252769824e-09,0.5393279634328675,1.1174627055807473e-09,-7.30647903789638e-06,-1.4821139493831944e-07,7.981442688854927e-05,5.918891723631233e-05,0.00016233402938104448,0.0,4,Solved,131549,78779,307501,0.0645582315426086,2.0938178654516398e-12,2.224768085685655e-13,0.3627420287078326,-0.6410033593263964,-0.0034180218737055396,-0.36273989207531254,0.6410038771843237,0.0034372421576192996,-9.475314712238542e-05,0.00030984398518024356,-0.0032178278153775397,8.923728061687097e-05,-0.0003119014064448579,0.003168105192271362,0.15699963030850445,1.0329262564901538,0.00023083943027134502,-0.15700137428638694,-1.0329317046817377,-0.0002365880243986402
0.73,0.014662012326159301,1.4399333806074016e-09,0.5393280459858406,5.654699234611684e-10,-7.004703565288606e-06,-1.487899808691683e-07,7.965823249124857e-05,6.112108992346102e-05,0.00015931366670660785,0.0,4,Solved,167917,80692,348608,0.06455873717615442,2.096228116209395e-12,2.2266293220026337e-13,0.36274159948559287,-0.6410018290289441,-0.0034337422555609136,-0.3627394961524922,0.6410023352031287,0.0034526648170615406,-7.999423706163094e-05,0.0003037419119795876,-0.003094558204570009,7.256635753415905e-05,-0.0003062622427128098,0.0030284443961630463,0.15698618441141496,1.0329136342065743,0.00023709212689625132,-0.15701394650330078,-1.0329397948184706,-0.00022920837996158255
0.735,0.014661228884124284,1.6514649421157203e-09,0.5393281263128518,1.7715662628344428e-10,-6.693655723564423e-06,-1.489341828758256e-07,7.945700427418803e-05,6.291746914931944e-05,0.0001563096754681007,0.0,4,Solved,135947,86103,332869,0.06455835098469395,1.0622844156894355e-12,8.46313747692265e-14,0.3627412500918417,-0.6410003273072974,-0.0034487905112521432,-0.3627391758016587,0.6410008247001471,0.003467456569301991,-6.322517213128264e-05,0.0002982717290486902,-0.0029527422130368334,5.84690811773871e-05,-0.00029954121520567865,0.0029111548418508182,0.15699157647220185,1.0329158169512815,0.00023347029728912536,-0.1570078133180652,-1.0329336157551032,-0.00023150999393736099
0.74,0.014660460264768487,1.6879070982258365e-09,0.5393282043749241,1.0546296506512657e-10,-6.373960326393158e-06,-1.4866568261988118e-07,7.921193578303168e-05,6.460883299048972e-05,0.00015331966079175862,0.0,4,Solved,130196,80833,329763,0.06455799388295058,2.1156079526842634e-12,2.2282594877316014e-13,0.36274098053510656,-0.640998854869545,-0.0034631639684418293,-0.36273892825814374,0.6409993468238353,0.0034816395984426426,-4.776754998084512e-05,0.00029216597994147144,-0.0028222510742858383,4.360361633907724e-05,-0.00029313632440206385,0.002786496423574823,0.15699692834792037,1.032917596239,0.00022974435730940124,-0.1570017745278129,-1.0329279021272093,-0.00023379400813625077
0.745,0.01465970640826386,1.7289520835318564e-09,0.5393282801387664,2.925569884333765e-11,-6.045991576586417e-06,-1.4864304140591334e-07,7.892425997203837e-05,6.624582819480844e-05,0.00015033944164893047,0.0,4,Solved,135446,82266,322309,0.06455834474703692,1.0825915038428796e-12,7.924804007787664e-14,0.36274078466978166,-0.640997414997062,-0.003476919194128247,-0.3627387574166713,0.6409979001677082,0.0034951776979054374,-3.349670859030674e-05,0.0002853894269063848,-0.002703113966940793,2.793978647089079e-05,-0.00028698993947090756,0.0026546351601636335,0.15701744647376523,1.0329335159525908,0.00021855892234177922,-0.15698204721725556,-1.032908135795847,-0.00024322607451899864
0.75,0.014658967412759258,1.9565216836074296e-09,0.5393283535129951,-3.7469156261211927e-10,-5.708588815798904e-06,-1.495458085982056e-07,7.859560240039721e-05,6.839203044711439e-05,0.00014730790523841315,0.0,4,Solved,124014,80703,309104,0.0645581564439598,1.0650285374224017e-12,8.191673928146255e-14,0.3627406520299821,-0.6409960141268845,-0.003490177088054783,-0.36273867786452707,0.6409964830636221,0.003507972942671051,-2.1910931045370587e-05,0.00027691449437193235,-0.002616667466292453,7.958071103867278e-06,-0.0002812268765883036,0.0024949753304461127,0.15698888717687617,1.0329086034102566,0.00023208458639557684,-0.15700877577112743,-1.0329305031033569,-0.00022808289907275548
0.755,0.014658243330078882,2.3014327706798516e-09,0.5393284244519554,-9.931089414237016e-10,-5.361023584414513e-06,-1.5056590407494785e-07,7.822655357967341e-05,7.018159762024093e-05,0.000144320789393524,0.0,4,Solved,128613,80282,311368,0.06455822310050807,2.0983065572379235e-12,2.2300607202345966e-13,0.36274058873379494,-0.6409946490932549,-0.003502878267429677,-0.36273867968332,0.6409950986749053,0.0035201051829820535,-6.555397409348862e-06,0.0002705941698771963,-0.002488927214175581,-5.899084736291437e-06,-0.0002741847680000918,0.0023801747311359735,0.15698291438841613,1.0329034118568161,0.00023432333674298526,-0.15701313837029904,-1.0329315696081292,-0.00022429374894089138
0.76,0.01465753385224011,2.4246925307155854e-09,0.5393284930315201,-1.2212255195405736e-09,-5.0058132267140106e-06,-1.5049704195404007e-07,7.781841767111959e-05,7.157042650546291e-05,0.0001413875918028962,0.0,4,Solved,135987,81213,320395,0.0645573650191972,2.115719216065849e-12,2.2224757773611596e-13,0.36274060316933965,-0.6409933146488678,-0.003514919882845441,-0.36273874632387615,0.6409937512419162,0.0035316968662800307,9.140724529175043e-06,0.0002646010275362021,-0.002354186438135483,-1.8263587545849787e-05,-0.0002665690279188752,0.002276529660184035,0.15699918794001266,1.0329138438261303,0.0002246012115468272,-0.15699620869179898,-1.0329178403071553,-0.00023211373237833107
0.765,0.01465683881911316,2.4034810540211913e-09,0.5393285592240085,-1.1826199856812792e-09,-4.6439226745636695e-06,-1.5039824311601064e-07,7.737261062619062e-05,7.292353409144783e-05,0.00013846823860319695,0.0,4,Solved,127851,87706,345813,0.06455867108008147,1.0622354406121612e-12,8.254732669189854e-14,0.36274068668484044,-0.6409920148466712,-0.003526377008943923,-0.36273888350667083,0.6409924385491719,0.0035426952520196085,2.173538606344729e-05,0.00025707204907161744,-0.0022490193358577857,-3.3520257947783024e-05,-0.00026004030392324834,0.0021479874752818573,0.15697410643871074,1.0328902868953345,0.00023746745894346797,-0.1570243576394759,-1.0329387372813035,-0.00021667066899234147
0.77,0.014656158563928467,2.3352116548109783e-09,0.5393286228772727,-1.063682711776483e-09,-4.271823417707631e-06,-1.4998388782103826e-07,7.689136703328412e-05,7.564575493682751e-05,0.00013540613597731784,0.0,4,Solved,129044,80683,313983,0.06455758117325618,2.113970130303313e-12,2.2223231081427465e-13,0.3627408546685612,-0.6409907509448816,-0.0035371884327568865,-0.362739088902779,0.6409911672806363,0.0035531895462939844,4.146812292045497e-05,0.00025009751849997116,-0.0021040703043772617,-4.613210741970604e-05,-0.0002506086289218116,0.002065441299353127,0.15698917437674262,1.032905078976498,0.0002277188225507027,-0.15700446081347685,-1.0329212987720988,-0.0002249369662225769
0.775,0.01465549319122621,2.0362218653561308e-09,0.539328683934519,-5.270140477726491e-10,-3.8880677789166945e-06,-1.490566496345457e-07,7.637422099895111e-05,7.724616007111248e-05,0.00013248075659458243,0.0,4,Solved,126068,81574,317470,0.06455757197801915,1.0709056983797425e-12,8.524423249960088e-14,0.3627411029232777,-0.6409895216229435,-0.0035473610584490765,-0.3627393583368112,0.640989936745616,0.0035631932614734315,5.511904433150379e-05,0.0002432277210008131,-0.00198758790284631,-5.9040466987951615e-05,-0.00024330493432277953,0.001957098943886155,0.15698694883216444,1.0329024769447306,0.0002275334556781018,-0.15700536164693177,-1.0329211516483063,-0.0002230157045697747
0.78,0.014654841997119396,1.6328744513833007e-09,0.5393287425982302,2.098895854849127e-10,-3.498559751905976e-06,-1.484731529710583e-07,7.582301908645655e-05,7.83118043299958e-05,0.00012962819131455918,0.0,4,Solved,131829,79951,315967,0.06455843197389696,2.115016794037686e-12,2.2378868642100938e-13,0.3627414190287779,-0.6409883264862098,-0.003556949825379859,-0.3627396896117802,0.6409887429671626,0.0035726707843449722,6.863365410772467e-05,0.0002364099021694648,-0.0018706441043675626,-7.106667176695768e-05,-0.0002359212943852415,0.0018538757704585408,0.15696649777648272,1.032887581618394,0.00023755328101981532,-0.1570263764578219,-1.0329349115823514,-0.00021032634275332926
0.785,0.014654204970409847,9.108913410752517e-10,0.5393287988653087,1.5240655790503984e-09,-3.102861816509758e-06,-1.471638525490984e-07,7.523943709993332e-05,7.976603943525084e-05,0.0001267437428057923,0.0,4,Solved,129856,82876,321447,0.06455683491951489,1.07330021053498e-12,8.24966235213603e-14,0.36274181551490664,-0.6409871610118019,-0.003565855903343142,-0.3627400704215345,0.6409875915025325,0.0035817464092274456,8.640880087387806e-05,0.00023103483008538972,-0.00172116452430289,-7.958587976174932e-05,-0.0002267680769038463,0.0017885732117034364,0.15699909421721714,1.0329093587122382,0.00021801911587156418,-0.15699094748330933,-1.0329087644065302,-0.00022806688491674328
0.79,0.014653582058500118,1.831828433733688e-11,0.5393288527148903,3.15574994474316e-09,-2.700780532418285e-06,-1.460106820350721e-07,7.462427626460904e-05,8.075789662852299e-05,0.00012392943229455253,0.0,4,Solved,130006,89119,327900,0.0645587451541223,1.076832026516854e-12,8.305124809064424e-14,0.3627422787001853,-0.6409860317037505,-0.003574197637168158,-0.36274051004885277,0.6409864770955508,0.0035903256367928044,9.684420050092701e-05,0.0002226194577147434,-0.001632376731690951,-9.347589697389438e-05,-0.00022045682858114522,0.001666940537652144,0.15695850752226856,1.0328765997329254,0.00023903220528347527,-0.15703442933242948,-1.0329399224659568,-0.00020400449592675713
0.795,0.014652973296600424,-7.814661062145406e-10,0.5393289040309382,4.6121009660514e-09,-2.291086569708286e-06,-1.447438884698854e-07,7.398002062440562e-05,8.295316839562965e-05,0.00012099802579628897,0.0,4,Solved,130557,80341,315185,0.06455749288249196,2.116314560825211e-12,2.2170845481771576e-13,0.3627428240312997,-0.640984938108948,-0.003581895258118453,-0.3627410019378945,0.6409854069112456,0.0035985166856621954,0.00011721687636696183,0.00021626797893874774,-0.001477204781636791,-0.00010170516010547737,-0.00020997616537153942,0.0016182673941689126,0.1569802585375029,1.0328944429189848,0.00022497682510298157,-0.15700801890284674,-1.0329198861198714,-0.0002161650821109943
0.8,0.014652378793525312,-1.8015672694541913e-09,0.5393289527615212,6.4615098833459256e-09,-1.8720471539646688e-06,-1.4271371027663397e-07,7.330637245354569e-05,8.416136241417997e-05,0.00011819419857474787,0.0,4,Solved,123043,81664,310927,0.0645566989624157,1.0696196935794882e-12,7.984651715584213e-14,0.36274344940094316,-0.6409838792053454,-0.003588945581844203,-0.362741540990603,0.6409843803212866,0.0036063454601587695,0.00013037422642726043,0.0002089705919986816,-0.0013645983401250135,-0.00011189788433143893,-0.00020239226040160094,0.0015302258544214946,0.156997278586869,1.0329049754947786,0.00021408116314164293,-0.15698978397401267,-1.0329071833986512,-0.0002245579744007597
0.805,0.014651797900431444,-2.416935600442195e-09,0.5393289990764994,7.582864718689564e-09,-1.4487665099188266e-06,-1.4194839681932232e-07,7.26052097239799e-05,8.497776414265301e-05,0.00011545326084402576,0.0,4,Solved,130075,87806,324974,0.06455712047344461,2.107216253915862e-12,2.22620045228078e-13,0.36274413014898627,-0.6409828615290992,-0.003595529481191032,-0.36274213946604694,0.6409833874798567,0.003613652742414959,0.00014006820632746399,0.00020012105412189999,-0.0012841083148378498,-0.00012491894491066134,-0.00019616603743367414,0.001415151410236649,0.15700961481090508,1.0329139275751138,0.00020591266414220455,-0.1569756908560971,-1.0328961615421774,-0.00023024532810230348
0.81,0.01465123042614797,-2.2198020990575898e-09,0.5393290429838545,7.226554835386845e-09,-1.0220843118749317e-06,-1.427189398506672e-07,7.18777213297903e-05,8.553648013411346e-05,0.00011276200485907128,0.0,4,Solved,130406,81684,316288,0.0645572169004508,2.1131100759756782e-12,2.2259766322947974e-13,0.36274485063527434,-0.6409818900499654,-0.0036017785515754944,-0.36274280782913493,0.6409824234811955,0.003620331703669544,0.00014684880272526214,0.00019062987595561202,-0.0012261588183865263,-0.00013955140210258977,-0.00019068900794829221,0.0012824058225155267,0.15698080004798498,1.0328928975779195,0.00021938433728289629,-0.15700323203066235,-1.0329154704072128,-0.00021411789984708746
0.8150000000000001,0.014650676147385595,-1.5051747773858939e-09,0.5393290845065288,5.914645498324124e-09,-5.931038740082096e-07,-1.43566114298091e-07,7.11253004654751e-05,8.59584054882295e-05,0.00011010697531372452,0.0,4,Solved,123643,80362,303984,0.06455648775419945,1.0646936912156061e-12,7.79693357447251e-14,0.36274561890547546,-0.6409809589574095,-0.0036076070652470687,-0.3627435331773194,0.6409814941318981,0.003626493298134851,0.00015822610113288703,0.00018344890207532235,-0.0011248435448134337,-0.00014883561828277932,-0.00018283125831062137,0.0011981901202501746,0.15699582287305633,1.0329031481704676,0.00020969929766175152,-0.15698702615319413,-1.0329038040671912,-0.0002210610908140762
0.8200000000000001,0.014650134917410806,-6.721423485011059e-10,0.5393291236548806,4.377108156773108e-09,-1.622180659558311e-07,-1.4400520943123886e-07,7.034928774492027e-05,8.631749682597265e-05,0.00010748064774060462,0.0,4,Solved,124525,80572,306659,0.06455651815461254,1.0581424843421863e-12,7.740544342069706e-14,0.3627464341648715,-0.6409800674090643,-0.003613015000131204,-0.36274431272406654,0.6409806004821648,0.0036321633990541195,0.0001663395700274222,0.00017507748859422475,-0.0010520165344231518,-0.00016069057298199064,-0.00017614134074312078,0.0010906624347523405,0.15699241221654034,1.0329009527541193,0.00020978523248202312,-0.15698906554873937,-1.0329042904738006,-0.00021826757734338414
0.8250000000000001,0.01464960658694326,3.849974126508061e-10,0.5393291604362248,2.4321036670350665e-09,2.7021114226934964e-07,-1.4480386906080945e-07,6.955098738053166e-05,8.658758414958117e-05,0.00010488764392257104,0.0,4,Solved,124064,81313,314615,0.06455662312609083,1.0670642537470596e-12,8.214554690845837e-14,0.36274729031696573,-0.6409792166286746,-0.003618051543740092,-0.36274514907797223,0.6409797417900841,0.003637318663995266,0.00017456058128854574,0.0001670553521487721,-0.0009768202993268053,-0.00017173696851965908,-0.0001689564714683727,0.0009906698535358358,0.15699933190231707,1.0329059700174532,0.0002044851002084799,-0.15698162944755056,-1.032898854683109,-0.00022053637108383512
0.8300000000000001,0.014649091058662439,1.5539382288192e-09,0.5393291948551948,2.867157907238377e-10,7.043027361857965e-07,-1.4589231663055518e-07,6.873183773088106e-05,8.700256154498119e-05,0.00010230052684105697,0.0,4,Solved,123643,80722,306719,0.06455721457067509,1.0795815293189404e-12,7.569101627688712e-14,0.3627481834005967,-0.6409784072470094,-0.003622754540607279,-0.36274604437871444,0.6409789177128214,0.0036419477067675243,0.00018140244460185167,0.0001586073711888033,-0.0009157266275929061,-0.00018402251688437546,-0.0001621980728767927,0.0008819519739591421,0.1570125098933502,1.0329154331308015,0.00019579427502052497,-0.15696701425585152,-1.0328880314149995,-0.00022643409652018065
0.835,0.014648588265077835,2.9749173376928825e-09,0.5393292269254252,-2.3089077684052006e-09,1.1404411674622319e-06,-1.4782747841092904e-07,6.789301952767702e-05,8.736739016653416e-05,9.974392874790502e-05,0.0,4,Solved,130126,81143,314023,0.06455806506220227,2.1045383433873135e-12,2.2280880143817593e-13,0.362749102075706,-0.6409776427852721,-0.0036272256577701122,-0.3627470073315828,0.6409781248706633,0.003645974928694738,0.00018538265602904293,0.00014927577710700796,-0.0008791106214486074,-0.00019838437835806375,-0.00015627572891167287,0.0007538627727678797,0.1569536914062228,1.0328727410880871,0.0002248174804256927,-0.1570237300013144,-1.0329290409952363,-0.00019474203329395456
0.84,0.014648097958775648,4.125854114508996e-09,0.5393292566657802,-4.421673986958784e-09,1.5775383934776994e-06,-1.486763664880848e-07,6.703565587714979e-05,8.740795106060967e-05,9.724951404140072e-05,0.0,4,Solved,138041,83137,330374,0.06455728003146288,2.1017554410466406e-12,2.2241869194398849e-13,0.3627500692289323,-0.640976911418541,-0.0036312409797122766,-0.36274800924838424,0.6409773748744524,0.003649648979741097,0.00019884073874612334,0.00014437840535065803,-0.0007519931006207455,-0.00020185754851664072,-0.00014602197993087543,0.0007211174556624019,0.15696988903231396,1.0328844303826734,0.0002146720972507239,-0.15700618157499477,-1.0329164805034061,-0.00020196778602869726
0.845,0.014647619868757344,4.3224620913816025e-09,0.5393292841036902,-4.799989754423023e-09,2.014321659140359e-06,-1.4765916557167916e-07,6.616109419669356e-05,8.731300877094318e-05,9.479736666203851e-05,0.0,4,Solved,133202,80031,315617,0.06455711252696567,2.110545526648484e-12,2.218993997609494e-13,0.3627510931610278,-0.6409762091432112,-0.0036347126249948406,-0.36274903674774217,0.6409766714205778,0.0036530828598409044,0.00020885571723241236,0.0001379734663312869,-0.0006552257457416915,-0.00020802025348097254,-0.0001373095082213247,0.000663167872645138,0.1569719430525007,1.0328861836613399,0.00021178735740877527,-0.1570028176317526,-1.0329138004314506,-0.0002019140248882276
0.85,0.014647153830831441,3.9856123645113e-09,0.5393293092534779,-4.191329957280647e-09,2.4504693844288134e-06,-1.4662506079188643e-07,6.527061950536154e-05,8.716967899756506e-05,9.237817105570236e-05,0.0,4,Solved,124556,80322,305728,0.06455810303855006,1.0660853227634495e-12,7.644833408013484e-14,0.36275216498025903,-0.6409755399724975,-0.003637721572037235,-0.3627500954357747,0.6409760106977401,0.0036562214968023036,0.00021815124362888904,0.00013120738597187145,-0.0005654785286516943,-0.00021430914794899776,-0.00012886829944716257,0.0006034045674758302,0.15695262570934576,1.0328713121155315,0.00022043328965505487,-0.15702359594925513,-1.032929648616801,-0.0001896749753219905
0.855,0.014646699943803342,3.1083954291471783e-09,0.5393293320830129,-2.5937959590455763e-09,2.8880033544142095e-06,-1.4498293080781437e-07,6.436607270179008e-05,8.787757843662234e-05,8.988914298952034e-05,0.0,4,Solved,129855,81434,314233,0.06455644383386364,1.0746931187178314e-12,7.88363904431963e-14,0.36275329734996614,-0.6409749019697519,-0.003640196209405017,-0.3627511779820715,0.6409753969630522,0.003659165215171885,0.00023212603358213415,0.00012530338400233818,-0.00044731693733424756,-0.00021809213000555065,-0.00011885106403183202,0.0005781566685807836,0.15698308169716282,1.0328955312121895,0.00020214381532340282,-0.15698916444696212,-1.0329031013418182,-0.00020562277887803914
0.86,0.014646258188608449,1.8790718729227414e-09,0.5393293525812137,-3.4321719655539826e-10,3.3279478268589253e-06,-1.4346492090857653e-07,6.34477098175904e-05,8.792013607107318e-05,8.750541741682185e-05,0.0,4,Solved,125377,81033,314024,0.0645562414134619,1.068358495667879e-12,8.143582178713247e-14,0.3627544772577311,-0.6409743000226634,-0.00364224396639139,-0.3627522920841485,0.6409748249384594,0.003661830814362695,0.0002387040557875857,0.00011725750265552401,-0.00038353505446297786,-0.00022605128271421468,-0.00011158106601076116,0.0005025418814371004,0.15698910099520305,1.0328986793279986,0.0001968109448075094,-0.15698130627502105,-1.0328998626153905,-0.00020796501509632827
0.865,0.014645827986404498,9.681919787825062e-10,0.539329370843474,1.341199697956706e-09,3.766417563560028e-06,-1.4334161248244216e-07,6.251691375797806e-05,8.750517508468099e-05,8.520146356907326e-05,0.0,4,Solved,126249,80442,309124,0.06455701484415834,1.0711993857248177e-12,8.12047787144574e-14,0.3627556846224301,-0.6409737397142325,-0.003644014798394836,-0.36275344696247774,0.6409742863258715,0.003664090796550771,0.00024345472769072036,0.00010875429851533255,-0.0003337802648082807,-0.00023436341053425407,-0.00010527016111909316,0.0004177104601087823,0.15700876495425956,1.0329122375065334,0.0001848435899314927,-0.15696284225140897,-1.0328887079613243,-0.00021615586643340082
0.87,0.014645409316967594,8.215023547344295e-10,0.5393293869278504,1.632968540342179e-09,4.204290465309478e-06,-1.4458911112539429e-07,6.157545291570964e-05,8.774067211331499e-05,8.284837422890138e-05,0.0,4,Solved,127010,81664,318642,0.06455635506055031,2.117674953402005e-12,2.233716243384403e-13,0.36275690783457004,-0.6409732261445961,-0.003645637369796466,-0.36275465527360895,0.6409737749193294,0.003665843628679748,0.0002455716412549228,9.886856534931702e-05,-0.00031746782441243983,-0.0002466409198929884,-0.00010037604103538654,0.00030527393271376164,0.15698458230503082,1.032896757125065,0.00019536933257191405,-0.15698322370763768,-1.032901680968805,-0.00020325157565897833
0.875,0.014645002130635501,1.3545556225358262e-09,0.539329400863132,6.746149921411611e-10,4.642299526862589e-06,-1.46281864739379e-07,6.062376003592626e-05,8.738266433239801e-05,8.059538162124045e-05,0.0,4,Solved,131409,80011,318702,0.06455757353407557,2.10507511000463e-12,2.2211288933310716e-13,0.362758149356757,-0.6409727552196831,-0.0036470731074214457,-0.3627559091528105,0.6409732941426156,0.003667152247924783,0.00025023584741433994,9.11958693769778e-05,-0.0002663013471731039,-0.00025368210937586614,-9.346980016247048e-05,0.00023192401459471058,0.15695679683149014,1.0328775296221588,0.00020799053474382612,-0.15700971859280316,-1.032921176545209,-0.000187504411780441
0.88,0.014644605935594976,1.7053238202779388e-09,0.5393294126943453,2.9428932567659894e-11,5.077475888780327e-06,-1.464941170434173e-07,5.966328814322711e-05,8.679920356369714e-05,7.839831925372612e-05,0.0,4,Solved,124415,81283,309064,0.06455663016726475,1.0607212241080855e-12,8.522125201763147e-14,0.3627594270430172,-0.6409723162454786,-0.003648131567787692,-0.36275718318178235,0.6409728536817535,0.003668230585433086,0.00025917764414770846,8.56231019220779e-05,-0.00017476613574481413,-0.0002557163381139218,-8.466514974848784e-05,0.0002039510370551011,0.15697611350378032,1.0328915420762648,0.00019610067915865065,-0.15698898833192457,-1.032906082676236,-0.00019646963242057094
0.885,0.014644220572048764,1.6702995872943536e-09,0.5393294224239269,8.460715097637508e-11,5.509740990087715e-06,-1.459056242959421e-07,5.8695279858484504e-05,8.622565631898232e-05,7.623439589771767e-05,0.0,4,Solved,125097,87395,313192,0.06455633924158267,1.062051330314905e-12,7.892693411942855e-14,0.3627607383228527,-0.640971910889082,-0.003648838247759323,-0.36275847803866074,0.640972453066312,0.003669078596499886,0.0002644578395193456,7.81613973196412e-05,-0.00011830116972948755,-0.0002612670968419883,-7.721653602511821e-05,0.00014605431361097707,0.1569902709678623,1.0329014278653228,0.00018669613138226106,-0.1569741581514574,-1.0328979404574774,-0.00020247673627089716
0.89,0.014643845928880826,1.799661542228618e-09,0.539329430052718,-1.4963194798832509e-10,5.939442761001057e-06,-1.4621138168624896e-07,5.772089279797886e-05,8.576959072162252e-05,7.40855481857139e-05,0.0,4,Solved,121991,81444,306699,0.06455686493260981,1.0636738279790242e-12,8.010315832188068e-14,0.3627620676688838,-0.6409715456693523,-0.0036493413179330015,-0.36275980733914215,0.6409720851815136,0.0036695734670108915,0.0002669640210260373,6.97767934268615e-05,-8.801498934883319e-05,-0.00026905161876799276,-7.124336803689846e-05,6.700252615097837e-05,0.15697099104145418,1.0328891226597465,0.00019477923015766177,-0.1569910037753125,-1.032909838921757,-0.00019157648966329106
0.895,0.01464348181281257,2.1267063758566966e-09,0.5393294356604934,-7.454142839556752e-10,6.366062237711866e-06,-1.4676119828679967e-07,5.674098408814281e-05,8.496448462958529e-05,7.20076761020126e-05,0.0,4,Solved,130787,82586,322018,0.06455803864222277,1.057203131917483e-12,8.239739048980983e-14,0.36276341663832457,-0.6409712170248069,-0.0036496100083212176,-0.3627611633413207,0.6409717514081386,0.0036697692250752378,0.0002718129729353031,6.313716831243669e-05,-3.0260588082980037e-05,-0.00027279098416620146,-6.388468209159206e-05,1.9823360186111795e-05,0.15694510697903746,1.0328709420719897,0.00020648130229649256,-0.15701608244784365,-1.0329286182755644,-0.00017668013695330817
0.9,0.01464312795398993,2.0361659873806405e-09,0.5393294392861117,-5.915393951147385e-10,6.788567293719081e-06,-1.459377456253078e-07,5.575691537357348e-05,8.421852710946724e-05,6.995562666574163e-05,0.0,4,Solved,129575,79961,313111,0.06455652124433835,2.111143666600493e-12,2.212705015145356e-13,0.3627648030471411,-0.6409709163320111,-0.0036494769712700163,-0.3627625247721774,0.6409714599640629,0.0036698571987197914,0.0002810555399313162,5.821172678229731e-05,6.503904735408406e-05,-0.00027211876706913115,-5.4707388900218395e-05,1.5247102933404196e-05,0.15697788102021024,1.0328951994949025,0.00018734825023117017,-0.15698144097907285,-1.0329043399094135,-0.00019288007476641575
0.905,0.014642784210787576,1.5902982274142658e-09,0.5393294409423184,2.1469591904294362e-10,7.2070688500115665e-06,-1.4484335171884541e-07,5.4769593025277414e-05,8.332500374211041e-05,6.795347433474511e-05,0.0,4,Solved,123273,80212,311588,0.06455674829188987,1.0688010319390108e-12,8.00257742719397e-14,0.362766216018314,-0.6409706482873394,-0.003649039064157354,-0.3627638993308744,0.6409712059575123,0.003669764455040341,0.0002837986539850389,5.066040879879243e-05,0.00010343295986622782,-0.0002768984642425366,-4.829036426842828e-05,-4.1629749219619454e-05,0.15697305562885858,1.0328926224299413,0.00018789465174548378,-0.15698490320526048,-1.032907972670238,-0.00018920702046187486
0.91,0.014642450334534372,1.3368216070775908e-09,0.5393294406759943,6.805219632668625e-10,7.6207109904375425e-06,-1.446780440381799e-07,5.378009885356212e-05,8.232012721353914e-05,6.599531569544202e-05,0.0,4,Solved,136658,86684,336406,0.06455680612320376,2.1038439255468345e-12,2.2190921517874218e-13,0.36276764390934374,-0.6409704162993669,-0.0036483948169298394,-0.3627652939323091,0.6409709845307718,0.003669415526626933,0.0002869237116211662,4.366249627544588e-05,0.00014650737594251048,-0.00028041826838850803,-4.1713165600018736e-05,-8.920748755642191e-05,0.15696890792595736,1.0328952285655513,0.00018866268071056802,-0.15698974636856522,-1.0329088979712602,-0.0001846905247265545
0.915,0.014642126313945592,1.0164950785780322e-09,0.5393294385596764,1.2712856395851917e-09,8.030555673890422e-06,-1.4448724234718157e-07,5.278982470469509e-05,8.182249936141981e-05,6.400593976124915e-05,0.0,4,Solved,129785,80863,321036,0.06455669096878122,2.09976236155888e-12,2.2119095156826127e-13,0.36276909086188175,-0.6409702160523203,-0.0036475144434235524,-0.36276670454580445,0.6409707977057616,0.0036688650527213346,0.000291197487755946,3.7717609738117945e-05,0.00019642930236259256,-0.000283411433651807,-3.4585384594718636e-05,-0.0001247318873387597,0.15697370912956635,1.032895083552152,0.00018366764704804014,-0.15698133024598296,-1.0329070555004995,-0.000187383329687514
0.92,0.014641812035966479,6.056265955221385e-10,0.5393294346463029,2.0301321377164723e-09,8.43688387252229e-06,-1.4432589001799311e-07,5.17992001086869e-05,8.078266128733835e-05,6.21151253477531e-05,0.0,4,Solved,127511,80503,317109,0.06455645749794184,2.1115847478031045e-12,2.2095701800888858e-13,0.36277055230832833,-0.640970048855629,-0.0036464298865185943,-0.3627681304073951,0.6409706432495628,0.0036681027724054546,0.0002931819841808812,3.069264747612486e-05,0.00023129044946132888,-0.00028650106782528156,-2.8511608424405413e-05,-0.00017155886628318862,0.1569837986645184,1.0329033199670694,0.00017656146245228693,-0.1569701176979612,-1.0329000391358125,-0.0001913829758510059
0.925,0.014641507047479308,5.560680360254108e-10,0.5393294289603822,2.1292538400042033e-09,8.837233044778237e-06,-1.4479880604725037e-07,5.0809447404819194e-05,7.959899784120534e-05,6.0274426518463695e-05,0.0,4,Solved,123604,79180,300438,0.06455703395825774,1.0574424439656425e-12,7.97220951230263e-14,0.3627720173799703,-0.6409699185545127,-0.00364522774111562,-0.36276957647766206,0.6409705167003518,0.003667063268275221,0.00029307187151468025,2.3084852176707256e-05,0.0002472761083449336,-0.0002911775339048287,-2.3242616055134554e-05,-0.0002327067264580308,0.15696612488661818,1.032891594051547,0.00018376960930387067,-0.15698621487355932,-1.0329125433321238,-0.00018122200460573586
0.93,0.014641211175915443,7.870917972189631e-10,0.5393294215439951,1.7100264421105083e-09,9.231422914589632e-06,-1.4533912131347198e-07,4.982147394373536e-05,7.831285194133901e-05,5.847858344309017e-05,0.0,4,Solved,127912,78788,304425,0.06455727541141261,2.100519862910765e-12,2.2150573950464707e-13,0.36277348939644405,-0.6409698218672399,-0.0036438716416426443,-0.36277103589816084,0.6409704202848223,0.003665805116379741,0.0002954409770717253,1.692253083789785e-05,0.00028778664815156844,-0.0002925332088473064,-1.673204400611667e-05,-0.0002649613175573625,0.15696136406141215,1.032888867584758,0.00018436440757544265,-0.1569898054694305,-1.0329164065826018,-0.00017760693750805097
0.935,0.014640924224756107,9.580918855503524e-10,0.5393294124338686,1.3905980238497337e-09,9.61909200227813e-06,-1.4522797290713754e-07,4.883629843312125e-05,7.701758076566724e-05,5.671716647497654e-05,0.0,4,Solved,135386,80572,315476,0.06455698968584835,2.0932669144387783e-12,2.206751051152516e-13,0.36277497447585294,-0.640969755037168,-0.0036423016174347363,-0.3627724995206209,0.640970356949437,0.003664410238669409,0.00029822425947126114,1.107231586926017e-05,0.0003321009562529485,-0.00029302530251982753,-1.0043473570053666e-05,-0.0002890063225007036,0.1569673785196146,1.0328946242134214,0.00017939078766112353,-0.15698230156690018,-1.0329118349735735,-0.00017963494725134352
0.9400000000000001,0.014640646020053955,1.0754592188144477e-09,0.5393294016703966,1.1679709511807029e-09,1.0000061050883505e-05,-1.449762958019564e-07,4.7854774568150585e-05,7.56283064614885e-05,5.49992449983445e-05,0.0,4,Solved,122822,79069,301529,0.0645568713116034,1.062533648316456e-12,8.58800414413315e-14,0.3627764685311356,-0.6409697184389472,-0.0036405485584390836,-0.3627739679560106,0.6409703251071647,0.0036628691387189747,0.00029937403563590225,4.899703012704894e-06,0.00036362689860409655,-0.0002942914523128753,-3.991928191054447e-06,-0.00032164447217035154,0.1569701718576815,1.0328979235527833,0.00017611480916009106,-0.15697823820641263,-1.0329099409856544,-0.00017994634411719234
0.9450000000000001,0.014640376359279872,1.2504386591743916e-09,0.5393293893068629,8.439562978041805e-10,1.0373880663365653e-05,-1.4501147154787535e-07,4.687783142144651e-05,7.418238748114827e-05,5.3320346617263826e-05,0.0,4,Solved,137259,79059,313462,0.06455689487248972,2.097791477532982e-12,2.212618651666054e-13,0.36277796560296344,-0.6409697129034572,-0.0036386599232094406,-0.3627754435004047,0.6409703224581276,0.0036611552591080316,0.0002996139426281124,-1.3406854290743889e-06,0.00038779865125377917,-0.0002958188697681504,1.7118032169257167e-06,-0.0003574658100270901,0.1569698287303951,1.0328988079926045,0.0001744775182510986,-0.15697727027206176,-1.0329103179598356,-0.00017868696781295215
0.9500000000000001,0.014640115065701169,1.5075495199492115e-09,0.5393293753886662,3.7227054565511825e-10,1.0740338089653123e-05,-1.4527612025995785e-07,4.590634331734589e-05,7.269149928825526e-05,5.167984388410777e-05,0.0,4,Solved,138372,79550,317089,0.06455728984574213,2.1041459594488326e-12,2.2140814098033264e-13,0.36277946281780227,-0.6409697381937759,-0.0036366577355293494,-0.36277692593383176,0.6409703480882045,0.003659267179909894,0.0002994995006185073,-7.4608837650150334e-06,0.00040951072415153754,-0.00029710144649765886,7.338632994276651e-06,-0.000391658668877075,0.156961945550851,1.0328943410008538,0.00017675633844363865,-0.15698417041808424,-1.0329166375318741,-0.00017342823487645901
0.9550000000000001,0.01463986198433575,1.7498521627597723e-09,0.539329359959883,-7.390511519047144e-11,1.1099404125410211e-05,-1.4541070108973227e-07,4.494119796199224e-05,7.123503872438541e-05,5.0067497802955345e-05,0.0,4,Solved,121410,79550,298914,0.06455713847563084,1.0629403699666885e-12,8.163575306172221e-14,0.3627809625650972,-0.6409697919492647,-0.003634518594855958,-0.36277841035157254,0.6409704030434251,0.003657248672092934,0.00030041469107128515,-1.2883440955829717e-05,0.0004406289935440411,-0.00029691514513028195,1.3356416134452577e-05,-0.0004123796817140757,0.15696537986703818,1.0328979490744874,0.00017319486908413633,-0.15697922039367893,-1.0329142156100934,-0.00017422828517277004
0.96,0.014639616953208761,1.9067377517793347e-09,0.5393293430690848,-3.6445233377613125e-10,1.1450978390685992e-05,-1.4539360487642788e-07,4.3983140647421595e-05,6.968372594966113e-05,4.84992744006555e-05,0.0,4,Solved,129755,79140,306930,0.06455745938084395,2.083613054514112e-12,2.213216182588365e-13,0.36278246344876963,-0.6409698734624311,-0.0036322499450001694,-0.3627798949474206,0.640970486728275,0.003655111841940214,0.00030019227912637746,-1.8518722600667797e-05,0.0004630895995206226,-0.00029709139627150593,1.8931379877880768e-05,-0.00043795124989717235,0.1569586443502119,1.032894440776055,0.00017491742272321165,-0.15698477852145015,-1.0329193500935032,-0.00016967695578311247
0.965,0.014639379769590457,1.9796991940703027e-09,0.5393293247594458,-5.012391655164056e-10,1.1794631825489681e-05,-1.4527427540776732e-07,4.303299740054943e-05,6.809312166972153e-05,4.6968417707993094e-05,0.0,4,Solved,123473,85261,306679,0.06455833874115852,1.0600590688197977e-12,7.966732260106866e-14,0.36278396558511955,-0.6409699813994345,-0.0036298459217034436,-0.3627813764620207,0.6409705992718668,0.0036528816798798037,0.00030075360733465724,-2.3582982244812334e-05,0.0004931884959270089,-0.00029595257521123833,2.4829252179134016e-05,-0.00045204644407456103,0.15694500815411758,1.0328851283302813,0.0001803133070050096,-0.15699978088518118,-1.0329334198585363,-0.00016071612604484276
0.97,0.014639150492150525,1.8043646297685366e-09,0.5393293050859396,-1.9056089486384875e-10,1.213207492265096e-05,-1.444877138038952e-07,4.209196641185789e-05,6.720333000581498e-05,4.538468632869368e-05,0.0,4,Solved,130867,79490,309104,0.06455734625790185,2.1189264422296856e-12,2.217364509506884e-13,0.36278547961909413,-0.6409701115501366,-0.003627234686728737,-0.3627828469465533,0.6409707429660321,0.003650650930600367,0.00030433890107044333,-2.7625936169558525e-05,0.0005421339196458049,-0.00029304287132630834,3.1274731187700365e-05,-0.0004428846198204444,0.1569626198476416,1.032899683987844,0.00016933902648287957,-0.1569783541043595,-1.0329175401264297,-0.00016977216427106588
0.975,0.014638929057941435,1.461735100491191e-09,0.5393292841044535,4.2748299571637647e-10,1.2464004317954978e-05,-1.436077954663489e-07,4.11600377961357e-05,6.571185339981821e-05,4.390582959820226e-05,0.0,4,Solved,131960,79179,309074,0.06455759259968712,2.120185035874867e-12,2.2099920363779363e-13,0.36278699766951916,-0.6409702658721378,-0.003624474223306383,-0.3627843094254703,0.6409709144746715,0.003648378645203984,0.00030331525665295385,-3.296857729869108e-05,0.0005593949911319723,-0.0002922870022278566,3.6275683101349196e-05,-0.0004626680982431442,0.15695702597358033,1.0328974374901678,0.0001705751504003256,-0.15698305771693885,-1.0329214815949939,-0.00016581112398111745
0.98,0.014638714986894305,1.150411321292041e-09,0.5393292618415763,9.954051034500771e-10,1.2787714245850335e-05,-1.4315600071189246e-07,4.023825501284391e-05,6.410934664649292e-05,4.247460537445856e-05,0.0,4,Solved,129374,79300,306899,0.06455696576175517,2.1129906147580595e-12,2.2091815952540034e-13,0.36278851322879124,-0.6409704454458044,-0.0036216076106046083,-0.3627857651183243,0.6409711122343958,0.0036460381963318287,0.00030315417619198275,-3.7838799719029394e-05,0.0005831840389310047,-0.0002905422909060765,4.168528279691814e-05,-0.00047226561062102584,0.15697523741195146,1.0329114521880827,0.0001594713986304834,-0.1569635424490378,-1.0329096008624319,-0.00017423856337870882
0.985,0.014638508139515689,9.977840863073759e-10,0.5393292383402976,1.2789729671057426e-09,1.3103272931211594e-05,-1.4325642710258086e-07,3.9327187695975066e-05,6.243055853277223e-05,4.108238057154468e-05,0.0,4,Solved,124866,80001,309465,0.06455722845572083,1.0594999562295695e-12,8.172148111742131e-14,0.36279001699316094,-0.6409706529429843,-0.0036187163441771058,-0.36278722043696604,0.6409713318569706,0.0036435654225483102,0.00029934085253477665,-4.3875363323264706e-05,0.0005756446866609585,-0.00029156983657629423,4.5399110704834206e-05,-0.0005098507533588783,0.15696697196817744,1.032907027706529,0.00016202130412357424,-0.1569704447778308,-1.0329156552915333,-0.00016914202552210396
0.99,0.01463830830673425,1.1991902648953146e-09,0.5393292136679948,9.174743821084344e-10,1.3410094148741502e-05,-1.439494511923258e-07,3.842750417894237e-05,6.063857932990982e-05,3.9734731162991144e-05,0.0,4,Solved,123413,80372,301920,0.06455744926265891,1.0623331270490614e-12,8.048560774971024e-14,0.36279150463560844,-0.6409708880924315,-0.003615830965770014,-0.36278867588041236,0.6409715717523569,0.003640946348971971,0.0002964898536393142,-4.908688707818492e-05,0.0005785879412702616,-0.00029094507776060544,4.966994245736565e-05,-0.0005336580226780334,0.1569628649728647,1.0329055042442379,0.00016248565716564273,-0.1569734484410725,-1.0329191882025426,-0.00016609748681459965
0.995,0.014638115298007001,1.5266825145985114e-09,0.5393291878726846,3.2077456496481963e-10,1.3707784877681476e-05,-1.4451282215067968e-07,3.753986817362454e-05,5.880073862336489e-05,3.842339178484392e-05,0.0,4,Solved,122532,78458,304776,0.06455721794488119,1.071475659201825e-12,8.584311441299304e-14,0.36279297887349127,-0.6409711479091849,-0.0036129197333396447,-0.36279012575822134,0.6409718334286953,0.003638229085682175,0.00029392048623170364,-5.384356930415102e-05,0.0005852139354985638,-0.0002895073306840035,5.4082064320711255e-05,-0.0005505227185833031,0.1569732590284311,1.032915487118099,0.00015573477909875397,-0.15696268528724439,-1.0329125159851902,-0.000170047522461419
1.0,0.014637929012893021,1.9574387636756284e-09,0.5393291610206837,-4.6339578773347206e-10,1.3996642946898444e-05,-1.4524928293336805e-07,3.666498489466585e-05,5.7111750611961586e-05,3.712222855725391e-05,6.0,4,Solved,134114,86404,329232,0.0645576343692977,1.0733496294430066e-12,8.279084905797212e-14,0.3627944344655382,-0.6409714325144001,-0.0036100281760063887,-0.3627915736007133,0.6409721143475409,0.00363538446476613,0.00028942820876415185,-5.8929171994501884e-05,0.0005742884041540574,-0.0002897762195172496,5.756860670276536e-05,-0.0005816578830768968,0.1569604420493187,1.0329065853164972,0.00016062246485456843,-0.15697372900514872,-1.0329221499087633,-0.00016297083105277046
1.0050000000000001,0.014722799579674366,2.4539061695787078e-09,0.5393255474257064,-1.351711012623253e-09,0.000554513240092452,-1.4601716389056616e-07,0.00019754878825444097,0.21617023113442183,0.03401740296121287,6.0,4,Solved,129896,80142,319814,0.06454807394418684,2.2984838878284266e-12,2.5147939286540577e-13,0.36366650510291654,-0.6410686054503902,-0.003684514337296695,-0.3636636480751186,0.6410692807369471,0.0037098166631408616,0.2905673043835574,-0.032400247618294256,-0.025268546708187758,-0.2905683742329037,0.03239897204164286,0.02525538916199264,0.15116638272889396,1.0327479488394147,0.0009140727158141039,-0.15118756295624042,-1.0327691831069894,-0.0009123771491698427
1.01,0.015019310727188574,2.788610394246167e-09,0.5393130444079848,-1.9083748991382697e-09,0.002436537107170889,-1.4628901044592902e-07,0.0004823713068184563,0.4826422967986226,0.07618296873177052,6.0,4,Solved,128413,80833,318381,0.06465778951900053,1.0865472848952168e-12,2.236613672046417e-13,0.3659696858270058,-0.641319059024129,-0.003883462851304364,-0.36596683255340146,0.641319729843426,0.0039087177132968816,0.5741832779965774,-0.06193925857226632,-0.04951498865745271,-0.5741838291931736,0.0619386094950507,0.04950786470065624,0.14357710241122792,1.034508638908217,0.0028753384627835253,-0.14359103839310802,-1.0345246323040085,-0.002877191047352963
1.0150000000000001,0.015524696734817494,2.9346517678016184e-09,0.5392918412376179,-2.079212836819544e-09,0.005634646616607935,-1.4637079388961313e-07,0.0008884540958414406,0.7435180060954966,0.11773972289573836,6.0,4,Solved,131288,79430,309555,0.0649625195453434,4.973799150320701e-14,1.2746748101477579e-14,0.36966357818623574,-0.6416991605322451,-0.004176930057379772,-0.3696607297483566,0.6416998283828671,0.004202134890368796,0.8487505554814467,-0.08542060989277159,-0.064778275456053,-0.848751797432227,0.08542005185822452,0.06476635300502379,0.13577912598477496,1.039366446162337,0.004242852460684071,-0.13581780225174644,-1.0394003127254945,-0.004232003760879696
1.02,0.016235825051485596,2.8341007377812943e-09,0.5392620065922682,-1.7613330749898165e-09,0.010119404248109764,-1.4611385926214116e-07,0.0014107353591332424,0.998471346671837,0.15867929649374587,6.0,4,Solved,130106,78589,311187,0.06544272495866627,2.6432189770275727e-12,9.746370377428093e-13,0.37469895220145094,-0.6421726205509439,-0.004519607891639159,-0.3746960992713646,0.6421732911150273,0.004544854329142301,1.1129340635190887,-0.10083622115775795,-0.07091702246587658,-1.1129317527221214,0.1008374636266837,0.07093869688585178,0.12778509429904092,1.047077333782686,0.005030577557980124,-0.12778501357715644,-1.0470835993386602,-0.0050393993035714535
1.025,0.017149661094305206,2.548891490660416e-09,0.5392233269174017,-1.0639903016861548e-09,0.015860947354255073,-1.4591053695790757e-07,0.002044334002937445,1.2474194588538827,0.19902214421759726,6.0,4,Solved,149262,86103,339572,0.06608409741003488,8.283235208850215e-13,4.1389114358025836e-13,0.3810201169307065,-0.6426935107758527,-0.004865814616948337,-0.3810172614704931,0.6426941841164518,0.004891090237356535,1.365474773623513,-0.10632289036452618,-0.067917947771999,-1.365475443318576,0.10632300873234328,0.06791338071072196,0.11948379303041938,1.0573149691922223,0.005317354844485826,-0.11951722807099203,-1.057345558560558,-0.005309068293523187
1.03,0.018263247239552693,2.231856866418824e-09,0.5391753445703417,-2.7047163455066214e-10,0.022829002840662506,-1.4582923414339553e-07,0.00278457283854019,1.4902798407815967,0.2387836710661714,6.0,4,Solved,147649,81584,335423,0.06686493401169598,6.537173889381597e-12,2.602640325477523e-13,0.3885653916988868,-0.6432070789726256,-0.005169739361770978,-0.38856253106686195,0.6432077569039855,0.005195070741526242,1.605215091622733,-0.10018166072301729,-0.0557481048128083,-1.6052129385486884,0.10018308551449735,0.055769603271717705,0.11087426153522854,1.069803108681703,0.005129612890552369,-0.11091502452872194,-1.0698389441871357,-0.005117539032442873
1.035,0.019576686909423907,1.654101445331382e-09,0.539103187054842,1.1768430684692961e-09,0.030974678726453896,-1.4811760707067612e-07,0.0035220372723532827,1.7227853514447753,0.27884188442598395,6.0,4,Solved,129454,107222,339632,0.06853491708961999,1.869008740165928e-12,1.9292206721033267e-13,0.3969904413042025,-0.6430243143209786,-0.004954290916372537,-0.396987565521264,0.6430250017007517,0.004980002662089834,1.7933888385745085,0.00490872350538215,0.01682550720012357,-1.7933838455233821,-0.004906017893366074,-0.01674194457181952,0.10421259537570825,1.0965292598490544,-0.0011586412804241819,-0.10424376975337378,-1.0965586734339199,0.0011656447987869328
1.04,0.021082423271054994,8.761233869401151e-10,0.5390304510913209,2.9592453395554024e-09,0.04029838282912123,-1.4892071009434136e-07,0.004436626052504939,1.9578333742198557,0.3166994055990849,6.0,4,Solved,145515,92535,340403,0.06851993671575579,2.3423216498417268e-12,8.218981051300034e-13,0.40673363269617735,-0.6432414824229803,-0.005137388846897689,-0.4067307215783458,0.6432421864633853,0.005163514141718988,2.044957905146055,-0.058137712178405944,-0.057220110707401066,-2.0449496030614243,0.05814135935289199,0.057305737297905536,0.09189221253986193,1.0963111376234551,0.006586072488524759,-0.09189321849554068,-1.0963189874520927,-0.006594173409275176
1.045,0.022777937486534908,2.204032709685656e-10,0.5389547230750286,4.496547076129273e-09,0.05076655787046183,-1.489635460428649e-07,0.0055012566881872385,2.1830883574891002,0.35454930350265706,6.0,4,Solved,140896,96011,356363,0.06943071791391625,1.513316979934458e-12,4.621858451514527e-13,0.417580663238882,-0.6434568590482088,-0.005330448079804837,-0.41757771727786386,0.6434575772409236,0.005356914079274479,2.2504222213598477,-0.027146566654835995,-0.02010018479053103,-2.250416168604691,0.027148862172601394,0.020157613398865973,0.08162629296376603,1.11089148662266,0.0059306970532954015,-0.08141905080377954,-1.1107297271480916,-0.006043520181644522
1.05,0.024661087772453277,4.597955395493747e-10,0.5388671723320295,4.4927896658796146e-09,0.062337595913326126,-1.521596216693696e-07,0.006652938681188162,2.4006965413481294,0.391961045321622,6.0,4,Solved,142459,87235,346435,0.07063320434854278,7.673861546209082e-13,6.218636716681658e-14,0.4293689121544811,-0.6433856884005386,-0.0052250244636694275,-0.42936604832366193,0.643386377098641,0.0052507747740977665,2.4291738478357865,0.04345931336751118,0.05042448267614573,-2.4292051477461603,-0.043470510921717546,-0.050700268091181826,0.0712820211217049,1.1300657094397233,0.0030254178063000266,-0.07136075728612801,-1.1301312695766845,-0.0029946560691786655
1.055,0.02673017063444031,1.364250230364313e-09,0.5387582960679794,3.431783501908641e-09,0.07496457183163666,-1.576745479786022e-07,0.00782079725928282,2.6001169436024747,0.43018467565910773,6.0,4,Solved,135035,114806,367814,0.0734433034335555,1.1084466677857563e-12,1.4832579608992091e-13,0.4417949057086233,-0.642467486143369,-0.004471732949071835,-0.44179217354894074,0.64246813123115,0.004496667961798658,2.5056396204360563,0.3161455043583275,0.24140689833881174,-2.5056636666034544,-0.3161529659253567,-0.24147020401717953,0.06495722126135926,1.1750165738606388,-0.011551028874470896,-0.06504396767736256,-1.175092854936888,0.011585465760826547
1.06,0.028982873340919427,1.4450137107875394e-09,0.5386277613266011,3.962038447124103e-09,0.0886148456451362,-1.6129282544131768e-07,0.009042353301263902,2.8143130036387305,0.4655204627991696,6.0,4,Solved,143892,106952,368316,0.07304960181704082,3.1726900807749e-12,4.454214774796128e-13,0.454985745838064,-0.6411267208456369,-0.003579765501841264,-0.4549830896441313,0.6411273458563487,0.0036043799610701297,2.715065480087865,0.2632577232247246,0.1548786381030346,-2.7150753911159025,-0.26325968885334605,-0.1549275022171694,0.0490199327644158,1.168793629072653,-0.000653293370542796,-0.0490061492534932,-1.1687903677777982,0.0006384678330360274
1.065,0.031413233095288096,1.0945770697548124e-09,0.5384951629852482,5.108663197468868e-09,0.10329166892489162,-1.6155838495448812e-07,0.010441633076148694,3.014644368631423,0.5009142541797452,6.0,4,Solved,140906,104938,378074,0.07386257315339541,1.5313484280302136e-12,3.461675390781238e-13,0.46899783395597955,-0.6395763663967993,-0.0026574856860896944,-0.4689952404903222,0.6395769769257984,0.002681649198479425,2.857215176270968,0.35073275836604356,0.21290724087684623,-2.8572295470429507,-0.3507363156329351,-0.2130209278481661,0.03579430819575467,1.1817776547926266,-0.0008592285544537832,-0.03581715801758695,-1.1818011704543265,0.0008637575642293602
1.07,0.034019187707101786,7.086270882544475e-10,0.5383410821708636,6.394732061870193e-09,0.11892644158749215,-1.630466569816694e-07,0.011863816068454935,3.191135462371298,0.5368854815669271,6.0,4,Solved,133081,118263,366222,0.076568266048187,5.326850072151501e-13,1.5543122344752192e-15,0.4833989710891824,-0.6369590546956709,-0.0010473563776433068,-0.4833964476082328,0.6369596488144721,0.0010710192523914978,2.876594976232456,0.6814876248663448,0.41807933562045596,-2.876609109379796,-0.6814909113778138,-0.4181661307136719,0.027219510290045615,1.2250273049559028,-0.015313224476734916,-0.027296288969225622,-1.225092256770992,0.015345183762241803
1.075,0.03679820787077367,-1.3286828867086886e-10,0.5381620471262061,8.578905224747771e-09,0.1354790267222791,-1.6469493386113536e-07,0.013324992869968189,3.3872333638970287,0.5704397081394317,6.0,4,Solved,129855,103726,340664,0.07614339316324682,3.1112890042095387e-12,6.927791673660977e-13,0.4982825707205926,-0.6336137919860103,0.0008899383267621093,-0.49828008126716805,0.6336143848451316,-0.0008664619693251319,3.031014946044665,0.6896640190549188,0.3845975897836456,-3.031017143614487,-0.6896624341458342,-0.38459986238572225,0.009249028639952767,1.2179518700736511,-0.00636520468925987,-0.009859454561977227,-1.2182942906119492,0.006683633522407518
1.08,0.03974498895287342,-6.081390305171079e-09,0.5379770991907059,1.9661483400703195e-08,0.15295899236445015,-1.5291216948891114e-07,0.014946887359387073,3.5668555002310276,0.6038138739694863,6.0,4,Solved,129755,90662,324923,0.07685282742011999,5.961984386034186e-12,2.1467272404152027e-12,0.5136902852738442,-0.6297295040169074,0.0030785789994109618,-0.513687492173657,0.6297302742985773,-0.0030521059621071863,3.111507987442055,0.8450784901663592,0.48191128610170514,-3.1114055460206798,-0.8450215281811658,-0.4809138053681992,-0.005460131740694851,1.2295842054722692,-0.008189110284446847,0.00539093886238513,-1.2296452387219199,0.008206019012489928
1.085,0.042856958189842455,-1.795838388573205e-08,0.5377561602321088,4.165769302882931e-08,0.1712586370534533,-1.3758610443197564e-07,0.01650185023783784,3.729872538310943,0.6368809591914454,6.0,0,Solved,128523,115759,349831,0.07832402370444273,2.4280577548552174e-13,1.2040368702059823e-13,0.5290197375866352,-0.6241230030183103,0.006135950743130803,-0.5290164292111428,0.6241240332253721,-0.006104170491140476,3.124371321267805,1.121967796916914,0.6234298339527314,-3.124265383770822,-1.1219182876513956,-0.6223863213515197,-0.018822577902869432,1.2530484101343589,-0.015563231155824982,0.018651630561251364,-1.2531843792710837,0.01563417951980238
1.09,0.046128794685905285,-2.712108866589937e-08,0.537527220376867,5.8767053911819274e-08,0.19042032505942538,-1.2828576978816662e-07,0.018201680568545826,3.8983268995064124,0.6686591303667011,6.0,4,Solved,132741,100981,338700,0.0791163760591042,1.4729946922232575e-12,9.947598300641403e-14,0.5446839829508926,-0.6177856451371762,0.009556369425562738,-0.5446800780229583,0.6177869262960101,-0.009518498315298093,3.0454401311090398,1.5590275412550143,0.7789762331981956,-3.045318615962528,-1.5589779371197248,-0.7773951801299523,-0.03381598684365825,1.2658620169456671,-0.0218509602837383,0.03383780039613881,-1.2658535136554876,0.021824281228602593
1.095,0.04955787343680524,-3.4032836722517647e-08,0.5372614786342532,7.264795253924717e-08,0.210323633760779,-1.2962278553041824e-07,0.019877628024920508,4.048758693847426,0.7001397300022837,6.0,4,Solved,133222,99127,336075,0.07953500604229302,3.850253449400043e-13,2.347011474057581e-13,0.5602876680319728,-0.6100278002059902,0.013542141116206568,-0.5602831489723095,0.6100293000080157,-0.013497644571753101,3.151682829011565,1.5890054155100235,0.822101536248405,-3.1515603074735323,-1.5889659371040994,-0.8208938919079972,-0.050781307949796975,1.2725600966766883,-0.0201417075839324,0.05112127430891976,-1.2723276874864078,0.0199610730300111
1.1,0.053139349399916984,-3.540096024703713e-08,0.5369835257060397,7.545012342611933e-08,0.23100724655591193,-1.3060322958063344e-07,0.02166529434720503,4.177809588833324,0.7308563569557677,0.0,4,SolvedWithSlack,144313,122111,370770,0.08177086159512134,5.227818178354937e-12,1.461497589616556e-12,0.5758130177189441,-0.6009266056754551,0.0181121466682335,-0.5758080118760199,0.6009282028882137,-0.018065088046390985,3.046845782343171,2.032026774482249,0.9886433950407176,-3.0467622149113125,-2.032020266957555,-0.9887326098234881,-0.06268357804516557,1.3083217967948961,-0.03961805224147869,0.06270523489087557,-1.3083337855219415,0.03962074734161487
1.105,0.05679072050736189,-3.2094618775220714e-08,0.5366988562571338,6.877577474373214e-08,0.2518732440783034,-1.2899893198264212e-07,0.023348857384444425,4.13169127089064,0.7282901577497417,0.0,4,SolvedWithSlack,145435,94228,343810,0.0771372693491321,7.145734515715578e-13,2.0117241206207837e-13,0.5903692754614793,-0.5903962955505052,0.023251473266624464,-0.5903638649103281,0.5903979254645932,-0.02320290094566124,2.8046270530269366,2.191380584680499,1.0666812565648762,-2.8045461612341325,-2.1913741602149117,-1.0662124012750407,-0.08427696150893901,1.2341785036264186,-0.02055937662283195,0.0842914235838701,-1.2341963095861137,0.02056713069003405
1.11,0.06039160965983996,-2.7484093371446747e-08,0.5364393355639641,5.984095901749803e-08,0.2721228242723322,-1.258422081338823e-07,0.024933595584217722,4.007031331027088,0.7177953944185073,0.0,4,Solved,136868,99638,348448,0.073551674734891,2.894573469802708e-12,6.480371794737039e-13,0.6031027574988672,-0.5778006592873952,0.029142846811937007,-0.6030969236689229,0.577802310314454,-0.029091342490435056,2.4672958879212836,2.55721904592266,1.232848865513585,-2.4672090432276956,-2.5572132100900977,-1.232199569048143,-0.09960379110936925,1.176807873143863,-0.013888623315383632,0.09959418019246985,-1.176826795758256,0.013871590272069129
1.115,0.06394206356572617,-2.231628389390814e-08,0.5362183920603382,5.028993987465939e-08,0.29180813379699627,-1.243772950469778e-07,0.026511915526038418,3.870642441309806,0.7071642649910023,0.0,4,Solved,142770,110869,367054,0.07119036485009815,7.300826609935029e-13,2.1171953079601735e-13,0.6144034415553361,-0.5638747342637137,0.03591272372133981,-0.6143971921256769,0.563876397097557,-0.03585819983126209,2.092329465669732,2.997703272239373,1.4521582351050912,-2.092248390093822,-2.997703903261433,-1.4516054031585508,-0.11047353465817891,1.138855768134187,-0.017938638848936716,0.11021707190338903,-1.1390458376015704,0.018038005778140704
1.12,0.06744261786572042,-1.7943830864281947e-08,0.5360235149423704,4.232984511742314e-08,0.310887347725456,-1.2369275748534552e-07,0.02802645564696806,3.775230734982882,0.6972716908558847,0.0,4,Solved,127070,86293,318772,0.06616778945876806,3.4505731605349865e-13,9.769962616701378e-14,0.6242371865166755,-0.548541016108733,0.04349644638168542,-0.6242304412206497,0.5485427263464585,-0.04343805180472962,1.8659609208955519,3.148417901734706,1.5736924795511449,-1.8658496220166754,-3.1484023332577573,-1.5727830694489027,-0.1267182636140865,1.058684631340289,-0.007017664228166446,0.1270666012589227,-1.0584373093458925,0.0068298108654231676
1.125,0.07089370340612343,-1.342706800666157e-08,0.5358509603796646,3.281079547629884e-08,0.3293507767166149,-1.1644521890863386e-07,0.029434570259924794,3.6505164697344927,0.6871559204822083,0.0,4,SolvedWithSlack,152298,85251,341385,0.0634050750239735,3.0706494027097036e-12,1.2787548797632553e-12,0.63234293713059,-0.5313001198194522,0.05211967124822246,-0.6323357520630626,0.5313018164532486,-0.05206131462840212,1.5454329765038601,3.486432828573565,1.7665778779326804,-1.5453745651215942,-3.486447078051703,-1.7665206978812207,-0.13628049573709208,1.014481200383576,-0.009067725148785004,0.13657522636988226,-1.0142947574987027,0.00894729962187128
1.1300000000000001,0.07429666151767303,-5.537933569483198e-09,0.5357062476399147,1.7512068346624345e-08,0.3472340795508058,-1.1716081613125193e-07,0.03080104515676179,3.5205166554834846,0.6771526643926289,0.0,0,SolvedWithSlack,158539,90411,352916,0.061387476885720625,2.8350655156827997e-12,1.000532989792191e-12,0.638997657184028,-0.5126688882806266,0.061523628787179256,-0.6389902502934219,0.5126704607803158,-0.061466588739513474,1.2072922826104935,3.853176744363187,1.9508300605382511,-1.2072599293346504,-3.853207805084032,-1.951211362924646,-0.14301875221086896,0.9821396753350984,-0.01630540420242822,0.1429008361578207,-0.98219963017153,0.016293686830288204
1.135,0.07765449803812322,2.519313496205245e-09,0.535590705616536,2.3356546446013207e-09,0.3645521570051358,-1.2034917320419832e-07,0.03214847580571891,3.421885981909221,0.6685053005656353,0.0,4,Solved,129434,104547,337668,0.05843219141379584,7.64028338776348e-12,8.08686451136964e-13,0.6442175572634927,-0.492691841142173,0.07157175923406524,-0.6442100549568641,0.49269326612950065,-0.07151572476062255,0.8378861744839007,4.269543151913485,2.085733423462628,-0.8378770708275678,-4.269571533406537,-2.085940849135727,-0.15053264022299037,0.9346765098725743,-0.012701672592910175,0.15021029080912415,-0.9349150626207334,0.012826371838933166
1.1400000000000001,0.08096706693305186,6.734168844698708e-09,0.5354867758486135,-3.702753014367147e-09,0.38123372351385676,-1.3293021651510805e-07,0.033413827248973973,3.2998613995494783,0.6597544092848494,0.0,4,Solved,128512,85492,323051,0.05514144689739007,1.9190781831258735e-13,2.0355939156502245e-13,0.6478807347853711,-0.4711341857527863,0.08235194298913187,-0.6478730676591732,0.4711355335444459,-0.08229527204235579,0.640226845288171,4.382274802934185,2.2165169613602176,-0.6401784926322632,-4.382281824821288,-2.2161965728400017,-0.1592859535513582,0.8821658873401704,-0.009558689603082475,0.15916561010632999,-0.8822631503582411,0.009589783862413596
1.145,0.08423774136803747,7.2993812745972285e-09,0.5354022260955836,-3.6618149341576017e-09,0.3973255585262231,-1.3807300707724651e-07,0.034603708606183364,3.1777341186505734,0.6512911565470075,0.0,4,Solved,142980,102504,349860,0.05367930488068015,3.686293026419594e-12,3.7125857943465235e-13,0.6498824747941964,-0.44779775311692227,0.0941006264989035,-0.6498745514222702,0.4477990608198803,-0.09404153271200212,0.3188484271131007,4.720901487738379,2.406639839678186,-0.3187920697404159,-4.720906903873542,-2.406151836954968,-0.16149257702884842,0.8588106958353928,-0.017873935174493163,0.16142123222870788,-0.8588688780908824,0.01788189932466961
1.1500000000000001,0.08746895392252829,6.215321885264691e-09,0.5353359110473594,-7.058962393750075e-10,0.4128302782982554,-1.4210697243029064e-07,0.035735789990411534,3.0541217910607266,0.643396727280505,0.0,4,SolvedWithSlack,144413,99869,350472,0.053032999520151475,3.078661502604375e-12,1.8640644583456378e-13,0.6503190990319272,-0.4228549809417291,0.10660444768180999,-0.6503108897122185,0.4228562525033903,-0.10654283461536437,-0.01810029446829045,5.083676547554794,2.5704520589259445,0.018159243200434466,-5.083683508037335,-2.5699534280496596,-0.160585931002293,0.8484482170693585,-0.030639266236529843,0.16044281367258442,-0.8485279923224236,0.030636825705932947
1.155,0.09066411857647151,3.5987694897352757e-09,0.5352827524792189,6.218895283210003e-09,0.427730960609302,-1.5384203747490907e-07,0.03679575070662589,2.9346129041489313,0.6365861842105551,0.0,4,SolvedWithSlack,144533,100159,346634,0.05271497779036302,5.473131400063227e-12,1.5845103007450234e-12,0.6490596513148638,-0.39609065674086125,0.1197223030765478,-0.6490511811533113,0.3960918856969372,-0.11965847146205537,-0.36195589355317076,5.4545543015920614,2.701866373427931,0.3620067030031952,-5.45456471363569,-2.701453080053813,-0.15760964561349836,0.8434396446458083,-0.04048161625786572,0.1577898350787715,-0.8433493390356368,0.04041828427764156
1.16,0.09382865743973379,1.9005959527589002e-09,0.5352435626405869,9.771203258144114e-09,0.44203861308414777,-1.5634287877515216e-07,0.03779691206265141,2.8163193283795667,0.6308664257821501,0.0,4,SolvedWithSlack,158519,92384,355311,0.05377525918207647,3.401820327006468e-12,1.7852386235972517e-13,0.6460303212593334,-0.3673790197214465,0.1334713383472798,-0.6460215844345685,0.3673801263129994,-0.13340679362561447,-0.7258725450267436,5.86218092008717,2.854633248756665,0.7259221461304787,-5.862211615855536,-2.8545071056550855,-0.1500043548960386,0.860221053568557,-0.05878880181005269,0.14971349211762802,-0.8604041469132235,0.058848993340823386
1.165,0.096964633194129,-7.555816219938299e-10,0.5352019588046184,1.8421839035481224e-08,0.455682506410632,-1.7930777470154472e-07,0.038634124881408605,2.6671241256557736,0.6248941874459288,0.0,4,SolvedWithSlack,142639,109587,356012,0.05969007039365675,6.827958540906419e-12,9.793277300218506e-13,0.6407862866267593,-0.33594646953143875,0.14710071584548137,-0.6407773549983001,0.3359474534983264,-0.147033185981514,-1.1956028748661196,6.452300246143123,2.8253457661649084,1.1956456871684351,-6.452321913393679,-2.8246696105936415,-0.12719384263193065,0.955041126298508,-0.09808112002487877,0.1276119268233549,-0.9547739360389564,0.0979144546492681
1.17,0.10009070800422426,-2.890213769646985e-09,0.535191461270497,2.5590760439772277e-08,0.4688239733861945,-1.9958214909213842e-07,0.039528609236933326,2.593615591561019,0.6253392147729828,0.0,4,SolvedWithSlack,145255,90541,338579,0.07831785289913426,4.090949801138777e-12,1.7897350268469836e-12,0.6337956224294556,-0.3026163460549224,0.16260579129260316,-0.6337865349085237,0.30261708230769824,-0.1625370442466761,-1.5614503799793953,6.857354039579455,3.2647635756918363,1.5614719564779151,-6.857422655299887,-3.2647682712616106,-0.10964245936435527,1.0052011115841832,-0.13314034992852825,0.1097144047297816,-1.0051209391806326,0.13303586587644298
1.175,0.10320744095130038,-1.4321633692076061e-09,0.5351714198534415,2.6112578774912984e-08,0.4812816820112313,-2.2122003393867954e-07,0.04019559322441116,2.4447324074540657,0.6236197675370305,0.0,0,SolvedWithSlack,144814,81965,336255,0.11434130198929415,7.340531245456257e-13,1.220135104063047e-13,0.6238935309694987,-0.2653658466787522,0.17548887880898525,-0.6238843981483336,0.2653661667179936,-0.17542480941892605,-2.1516158978015714,7.642567637087896,2.990623165571429,2.151613761485281,-7.642671736601404,-2.9915039209479515,-0.05732992354306189,1.2459088679785926,-0.19438021338180006,0.05772337694479573,-1.2456595575869993,0.19421748177060175
1.18,0.10633352110665682,4.662530716210396e-09,0.5351497166404233,1.508104597916079e-08,0.49310061055789867,-2.2521630190888507e-07,0.04068902082544093,2.297293575303578,0.6261333661482954,0.0,0,SolvedWithSlack,139304,101532,347717,0.45713366263353383,1.1880550491690563e-12,1.687538997430238e-13,0.6107478356725929,-0.22358235213739558,0.18599174719328565,-0.6107386649234338,0.22358195330728156,-0.18593824578739818,-2.990794127062397,8.915520519483618,1.047439918970966,2.990815576013369,-8.915688932028417,-1.050756885781983,0.12770895473514154,1.8443691629266847,-0.7770881036882658,-0.1279882366997601,-1.8445780671575776,0.7771272264770075
1.185,0.109506108696097,1.296744914279214e-08,0.535093841568827,-3.4328447032629973e-09,0.5042774185790323,-2.0240581813783727e-07,0.0415337680719159,2.217513986630456,0.6433188458145284,0.0,4,SolvedWithSlack,137339,80702,320756,0.06297064598940305,2.5863755581667647e-12,1.3100631690576847e-13,0.5937055189947766,-0.1777206984554301,0.18895502245065998,-0.5936962559619618,0.17771918063419895,-0.18891189736212652,-3.7767023322762756,9.607274112737723,-2.819182648738824,3.776718576678551,-9.607529293397233,2.8176227145201502,0.04414520293667293,1.0075303358304488,0.07422518456588195,-0.04413929469588142,-1.0075239821300992,-0.07424126157532362
1.19,0.11273661114548106,1.4841918824891169e-08,0.5349182166074552,-1.998689164138693e-09,0.5148582107593612,-2.2812225882226824e-07,0.04253961856702559,2.089987214466421,0.6511360356413239,0.0,0,SolvedWithSlack,143391,72597,328180,0.21471402951532986,6.566969190657801e-13,2.0961010704922955e-13,0.5726256303044187,-0.12548841010006562,0.18623119091836235,-0.5726163010966796,0.1254855672287839,-0.1861965698516655,-4.413326325423295,10.857734810393017,1.6442723210534236,4.413349810767696,-10.858032882474548,-1.6458501316342384,-0.14693506780287016,0.9673128888085827,-0.10414999008590728,-0.48190215432628764,-1.4465847705029553,0.36501385017606075
1.195,0.11603057809866131,-4.356789147567351e-06,0.5346177847022848,1.205193177468072e-05,0.5252744919541594,-3.66556159253223e-05,0.04289532524904367,2.0467693583736324,0.6676983883277254,0.0,0,MaxIterations,8544570,63390,8722577,0.0,79.45076011438717,13.644375901321549,0.548571832648678,-0.06748329227139319,0.19398522768285686,-0.5486347246732566,0.06753119878386654,-0.17836957540360152,-5.130896203113606,12.196247224198864,0.682041902216251,5.093157366608463,-12.197440121916987,5.386528443852043,-0.14693506780287016,0.9673128888085827,-0.10414999008590728,-0.48190215432628764,-1.4465847705029553,0.36501385017606075
1.2,0.11936451071916349,-1.9844957631302254e-05,0.5340158860192488,5.954319757719666e-05,0.5351533773123623,-0.00022854379177489798,0.04215144733181617,1.92729455720501,0.6851898016965914,0.0,0,SolvedWithSlack,895141,81254,1095639,0.07584284681140104,1.9241497284383513e-11,3.907985046680551e-12,0.5204884619986883,-0.0020577116329777573,0.1908600312416086,-0.5209145775574201,0.0020151482431371177,-0.122759020644582,-5.94171156046984,13.675046307476402,-1.4984911789800628,5.845826430037324,-13.704390103224029,14.947833308655962,-0.5971350683210945,-0.21570233186655358,9.642644703328207e-05,1.2134855489824166,0.5614332012975363,0.012504233126592497
1.205,0.12258736649966988,-3.4555201752683784e-05,0.5332324366179623,9.939911919794027e-05,0.5431768787515858,-0.0003807863674587404,0.040981383758214494,1.2852353761304347,0.636882295376403,0.0,0,MaxIterations,8369189,62689,8542387,0.0,85.07103230082154,16.91137785823466,0.487903897741229,0.06632377871703332,0.1929131183635124,-0.4884150790608087,-0.06584957284301969,-0.07051343144462403,-6.934968230014016,13.747412273519,0.38970390838534047,6.965034740688337,-13.634361700742044,10.673449173213003,-0.5971350683210945,-0.21570233186655358,9.642644703328207e-05,1.2134855489824166,0.5614332012975363,0.012504233126592497
1.21,0.12545123838126546,-2.8498877317134312e-05,0.5323798343830396,7.233633361829233e-05,0.5471549131110163,-0.0002284152175759399,0.04040295023643861,0.4729666421745546,0.5719431819696444,0.0,0,MaxIterations,8556483,62979,8735141,0.0,85.64494911357531,17.145768399198925,0.45012906903061084,0.13551974214836304,0.194657900305615,-0.4501355587205469,-0.1344094916949001,-0.015418971418507968,-7.965783798733668,13.8952277255151,0.31849164730208135,8.11400440941089,-13.758610012887281,11.252384739901894,-0.5971350683210945,-0.21570233186655358,9.642644703328207e-05,1.2134855489824166,0.5614332012975363,0.012504233126592497
1.215,0.1279522060323825,-2.3811137715692113e-06,0.5314399992095808,-9.246854117809268e-06,0.5470714893823664,0.0002250116854306573,0.04036114134884346,0.3589858149033598,0.5100303374484373,0.0,0,MaxIterations,8472314,69612,8662143,0.0,86.89868702068665,17.4661953756739,0.4072596685490725,0.20533567310119366,0.19596935827677683,-0.40617106254234453,-0.20347003896202315,0.042646032425257024,-8.976400884987225,14.002963793327716,0.22116687006178612,9.242508098925297,-13.84200238296406,11.857080871897656,-0.5971350683210945,-0.21570233186655358,9.642644703328207e-05,1.2134855489824166,0.5614332012975363,0.012504233126592497
1.22,0.13008730630707036,4.1705977509521286e-05,0.5304016142645369,-0.00012728276107589837,0.5429625241587609,0.0009771699701205836,0.04089179423181365,1.1547817616100906,0.45265297001684807,0.0,0,MaxIterations,8406020,58160,8573676,0.0,88.78247317011781,18.011208285496416,0.3594051006177529,0.2755632343808205,0.19670925605030035,-0.35663587935531915,-0.27281237726143776,0.10382076555013159,-9.963987222173127,14.068038842046503,0.09522122946737985,10.346501134889312,-13.879706691993041,12.490964823744656,-0.5971350683210945,-0.21570233186655358,9.642644703328207e-05,1.2134855489824166,0.5614332012975363,0.012504233126592497
1.225,0.13185066400629003,0.00010051223896224499,0.5292479770678326,-0.00025877247371989414,0.5348784163125611,0.002021613472485025,0.04203407387897607,1.9455730789304533,0.4028066567592133,0.0,0,MaxIterations,8393415,57789,8549781,0.0,91.25070938322514,18.646562488131696,0.3066895218459026,0.3459827083745857,0.19672803549405696,-0.30166562408596065,-0.34219432869481786,0.16826056410153775,-10.92551918353808,14.08838694503644,-0.06143488928318231,11.421597080546267,-13.867207095478117,13.157108033790747,-0.5971350683210945,-0.21570233186655358,9.642644703328207e-05,1.2134855489824166,0.5614332012975363,0.012504233126592497
1.23,0.13323392963709077,0.00016969497552214163,0.5279572816122019,-0.0003765654423806487,0.5228853442987255,0.0033471653132555973,0.04382985663814921,2.722454270592597,0.3656273686809432,0.0,0,MaxIterations,8691178,83448,8910482,0.0,94.26047130068544,19.355791271041877,0.24925266366649185,0.41636567667788404,0.1958671550273195,-0.24141836165676697,-0.4113528717641447,0.23613455093370553,-11.85782774314615,14.06248672243217,-0.2503940497874411,12.463262587045362,-13.800602150948382,13.85803513295762,-0.5971350683210945,-0.21570233186655358,9.642644703328207e-05,1.2134855489824166,0.5614332012975363,0.012504233126592497
1.235,0.13422685117881625,0.00024393601819748173,0.5265029485618806,-0.0004503773723256143,0.5070660476458395,0.004937587029602085,0.046323024735101456,3.4814878662921083,0.3482982249661222,0.0,0,MaxIterations,8454020,64121,8660039,0.0,97.76948950043023,20.124995312895827,0.1872503858135345,0.4864777575121795,0.1939617512848063,-0.1760747835394982,-0.48000793242137013,0.307622423627898,-12.757658942673366,13.989364106405366,-0.47269557641925275,13.467000662203223,-13.676833411943122,14.595570501163067,-0.5971350683210945,-0.21570233186655358,9.642644703328207e-05,1.2134855489824166,0.5614332012975363,0.012504233126592497
1.24,0.1348179544855097,0.0003171060909656608,0.5248540208718144,-0.0004479684840953573,0.4875200060454766,0.0067715298468299595,0.049558731088989366,4.219176900747579,0.3576373445502822,0.0,0,MaxIterations,8433601,58581,8599535,0.0,101.73386363129725,20.942849138133447,0.12085485990459424,0.5560813270434868,0.19084352766190954,-0.10583753787659805,-0.547867057406015,0.3829106140569602,-13.62175776774615,13.868587103033793,-0.7287868625097802,14.428509974087845,-13.493826346110733,15.370731655509658,-0.5971350683210945,-0.21570233186655358,9.642644703328207e-05,1.2134855489824166,0.5614332012975363,0.012504233126592497
1.245,0.13499529913891659,0.00038246941385573356,0.5229756399120752,-0.0003363964197750014,0.4643629506119017,0.00882273782912494,0.053582694773619134,4.932283887585882,0.39601208059498944,0.0,0,MaxIterations,8414304,62598,8578515,0.0,106.10588072418008,21.80035983660913,0.05025425270486871,0.6249382187296623,0.18634379116567246,-0.030929833140681574,-0.6146305378361882,0.462188057312219,-14.446979068289531,13.700262673238964,-1.0184995692940684,15.343821785572265,-13.250548370783982,16.183669655275956,-0.5971350683210945,-0.21570233186655358,9.642644703328207e-05,1.2134855489824166,0.5614332012975363,0.012504233126592497
1.25,0.1347472694515561,0.0004329204561787984,0.5208296116636452,-8.326350970197096e-05,0.4377256612302729,0.011060460767656675,0.058440584054614435,5.617913830447667,0.4603854152949089,0.0,0,MaxIterations,8656031,66836,8834259,0.0,110.83237666401975,22.690502226097898,-0.024348220704854366,0.6928124177363031,0.1802965637643316,0.048406601626776555,-0.6799966231685688,0.5456417904476514,-15.23042288847231,13.485036789795128,-1.3410408377237562,16.209424709804978,-12.947003309369867,17.033651238455892,-0.5971350683210945,-0.21570233186655358,9.642644703328207e-05,1.2134855489824166,0.5614332012975363,0.012504233126592497
1.2550000000000001,0.13406335500551755,0.0004612440451409983,0.5183750632307553,0.0003421117198107627,0.4077520258735033,0.013450039205582352,0.06417753802470787,6.273642902432075,0.5454971695869671,0.0,0,MaxIterations,8512100,60314,8686789,0.0,115.85405811873758,23.607879452242376,-0.10273597296912215,0.7594727519370743,0.17254168746798937,0.13191417127602573,-0.7436665741942692,0.6334525707218023,-15.969585867552542,13.224092266106132,-1.695001585809065,17.022387444768526,-12.584184054475644,17.91907649548644,-0.5971350683210945,-0.21570233186655358,9.642644703328207e-05,1.2134855489824166,0.5614332012975363,0.012504233126592497
1.26,0.1329348730406754,0.0004603885343462976,0.5155691772234663,0.0009676598973338891,0.37459636855567313,0.0159536328996124,0.07083787035113313,6.897653626176984,0.6466675920086165,0.0,0,MaxIterations,8445464,64783,8611427,0.0,121.10607706447288,24.548528831200837,-0.18468149283903584,0.8246955441987349,0.16292782984877932,0.21932268635097582,-0.8053493957406178,0.7257906771676299,-16.66251577818019,12.919136165618848,-2.078384477017868,17.78048247466699,-12.163998788771485,18.837527784416842,-0.5971350683210945,-0.21570233186655358,9.642644703328207e-05,1.2134855489824166,0.5614332012975363,0.012504233126592497
1.2650000000000001,0.1313555876509717,0.0004237393797881581,0.5123679771500255,0.0018177171701335784,0.33842009595666117,0.01853106711160399,0.07846498900231069,7.488859634146487,0.7605070271257504,0.0,0,MaxIterations,8424654,70323,8598533,0.0,126.51993795770575,25.5099271603016,-0.2699495343734935,0.888267149805575,0.15131528623132903,0.31035324030219436,-0.8647661390789719,0.8228120442398114,-17.307953182979578,12.572369006515808,-2.4886531352267056,18.482303871933244,-11.689177042856572,19.78584757060175,-0.5971350683210945,-0.21570233186655358,9.642644703328207e-05,1.2134855489824166,0.5614332012975363,0.012504233126592497
1.27,0.1293221890656943,0.0003453781474475558,0.5087271234669264,0.0029124191212545527,0.299387766652664,0.021140764521197005,0.08710155285100829,8.047006614974928,0.8846515890205496,0.0,0,MaxIterations,8580509,62278,8759487,0.0,132.02656297615965,26.49117374062662,-0.35830093174034305,0.9499862714141009,0.13757847333538922,0.40472262095475436,-0.9216536747472038,0.9246548659926955,-17.90544334441349,12.186430719328069,-2.922801897347222,19.127364580970106,-11.163155590439324,20.760242991213012,-0.5971350683210945,-0.21570233186655358,9.642644703328207e-05,1.2134855489824166,0.5614332012975363,0.012504233126592497
1.2750000000000001,0.12683461016876743,0.0002203109690005556,0.5046026703391824,0.0042673669882042,0.257662742937707,0.023740716661344117,0.09678986918426431,8.572737884505624,1.017388232324527,0.0,1,SolvedWithSlack,835579,92154,1032811,0.5682236427431555,2.396660647718818e-11,2.7462476737127872e-12,-0.4494968451622716,1.0096659309933602,0.12160802162555966,0.5021481020283479,-0.9757678311463891,1.0314367927157737,-18.45540364221207,11.76432254694606,-3.3774423662443733,19.716156054991924,-10.589943114562395,21.756412849680014,-0.3208095436490822,-2.764462559539068,0.5423518320652693,-0.02571006062698359,3.5252206814687543,-0.9659801926633644
1.28,0.12402692947665239,8.636786324789029e-05,0.5000702352129636,0.005650203371649119,0.2147864295832979,0.026168158863244386,0.108249049584143,8.550424905105706,1.0839712833812294,0.0,1,SolvedWithSlack,372023,157698,632064,0.48083717269456927,1.5417889187574474e-11,2.9558577807620168e-12,-0.5380743539812712,1.060561722748145,0.14646124698113105,0.597911893480561,-1.0242858394233385,1.0915754592129636,-17.249665538854245,9.123354398552687,10.552146532483729,19.17658870162651,-9.999348357107603,10.306288921395616,0.5114290423722557,-2.393908911096889,0.3189998852329823,0.5505144211934543,3.765273618248488,-0.8174231935807678
1.285,0.12110459367558993,4.3723248478794596e-05,0.4954146186537017,0.006556762382884859,0.17218689217392213,0.028188696244653016,0.11907746377776537,8.513067302835967,1.108901720460415,0.0,2,MaxIterations,8158763,113604,8373709,0.0,130.28876724710523,23.0964079469411,-0.6267848048031448,1.1128395223998422,0.16912593737878728,0.692222793846624,-1.0726523807160775,1.136435767161739,-17.850033566321795,10.897226060829988,2.1221785515050886,18.45794543915423,-8.97490027684055,5.367047449200865,0.5114290423722557,-2.393908911096889,0.3189998852329823,0.5505144211934543,3.765273618248488,-0.8174231935807678
1.29,0.11809883893381314,4.781515734057774e-05,0.4906220223015541,0.007233454041239668,0.13009184170783217,0.029549250920845167,0.1298660683355026,8.388411562229106,1.1448704926203488,0.0,1,SolvedWithSlack,133172,96352,335744,0.6495668667354711,1.7124079931818414e-12,1.2079226507921703e-13,-0.7151083774145153,1.166965804582069,0.17283762856382007,0.7808863763337041,-1.1103974679809017,1.1228208010364045,-17.50313796177416,10.621698073405508,0.19012166546135095,17.591058287711988,-7.519115170924841,-0.5015461216562986,-0.4431244193625302,-4.809168668756952,1.010078299413371,-0.9043589553938458,4.052397242104818,-1.1042636734503009
1.295,0.11503895057958297,7.989431252583769e-05,0.48575486945196455,0.007918751493194577,0.08869958956376016,0.030998892054004953,0.1406056470190434,8.197144592741138,1.148024816641392,0.0,1,SolvedWithSlack,139795,182605,425614,0.5767911675834266,3.949063298591682e-12,1.4601653219870059e-12,-0.797654647137636,1.211262954834601,0.22785507615697068,0.8657405490019883,-1.1460820478954552,1.1154083499554,-16.171507465171455,8.696123271208585,9.95488126344204,16.37475984398667,-6.316124154686423,-7.038088318792495,0.7365284988689046,-4.206818243496931,0.6171682615901136,-0.05097037040732127,4.69059515982436,-0.9805449848918253
1.3,0.11198452506098192,0.00015181727448286602,0.48095452226713886,0.008492511189383047,0.04826101669739803,0.0322398329484706,0.15016166281608098,8.016771196249032,1.130057960796215,0.0,2,SolvedWithSlack,141327,101813,347747,0.5501012614898446,4.476419235288631e-12,1.0480505352461478e-12,-0.8764047696440831,1.2536693561885526,0.25910047904038463,0.9456176409173254,-1.1772411604249065,1.102584417314179,-15.246891594575418,7.776119327464346,7.511927307829405,15.616597167531554,-5.85448917145262,-2.4932212067929482,-1.388578359242581,-5.871121905276362,0.9351721445327358,-2.485732021024986,3.4436821804436355,-0.7151952242105934
1.305,0.10897924632064304,0.0002537383548598063,0.47627224932285794,0.009024215047534057,0.008812912988969884,0.033346339969104265,0.15936525270662116,7.796755743720002,1.1001631826950555,0.0,2,SolvedWithSlack,140736,138652,386109,0.6125747150894043,1.0160761121369433e-12,2.0339285811132868e-13,-0.9502502362691913,1.2894879099226624,0.29740823439545055,1.0199827632407343,-1.203023393464181,1.0876252445018044,-14.564793471569175,7.053212778138134,5.7284601297928495,14.359132860794405,-4.584913868211719,-4.4245878009397055,1.043989359648723,-4.955440289521124,0.727297918393,-0.4021716651479498,5.091642492960837,-1.0413770156519873
1.31,0.10605570751224452,0.0004054571089324947,0.4717857644088678,0.009388437414482764,-0.02973025011642221,0.03397640821220246,0.16762205158222312,7.630051313360137,1.051031316503872,0.0,2,SolvedWithSlack,130376,92124,330765,0.8238136461459279,1.497024726404561e-12,9.592326932761353e-14,-1.0202054305172736,1.3219218019770396,0.32528669801322646,1.0901837201734943,-1.2263155463076638,1.0860144978798918,-13.535773599225944,5.918784482994856,6.667931740420859,13.770315753968685,-4.534609566474054,1.2263429134241124,-0.0731760857096825,-6.98981129669916,1.4004831984480774,-2.082347332520204,5.056450979440266,-1.3167864577893156
1.315,0.10326251050264812,0.0005971610722940245,0.467594159935379,0.009663048487644403,-0.06709843182285521,0.03458327820001193,0.17513807564228914,7.337730679566758,0.976185197693481,0.0,2,SolvedWithSlack,139424,102974,347517,0.7186320392659508,8.384404281969182e-13,9.947598300641403e-14,-1.083978399712664,1.3483947254705313,0.37297843392682645,1.1538910104794224,-1.243716325473233,1.0585198218102998,-12.283771415055426,5.001742724612957,10.459943673493463,12.067482198654197,-2.7558826345043737,-10.263988906003254,-1.497746922303003,-7.394810022406045,1.2216744667521162,-3.657775271587934,3.585615200938622,-0.7548197788406477
1.32,0.10063800390412887,0.0008526513845878799,0.46378389018775457,0.009695561268195645,-0.10321143815199867,0.034804953306116576,0.18102930563786124,7.1410550716645425,0.8944806280031598,0.0,2,SolvedWithSlack,144262,96181,342186,0.6590554410229715,1.5436540934388177e-12,5.584421813864537e-13,-1.1431488146950555,1.372176883995944,0.4135822390551503,1.212080213933654,-1.2581472080927565,1.0315673478777942,-11.500117558302685,4.5013471518919665,7.296024998665726,11.301026796788191,-2.7986162699736106,-3.6147168134434287,1.5639720228614908,-5.820364972390813,0.8611569649162896,-0.8787535596773711,5.476396223198302,-1.1203942497390516
1.325,0.09820428599124688,0.0011596389039976274,0.460359079206568,0.009597276665461757,-0.13817100716691977,0.03499364576546208,0.1859049494348025,6.879121777233606,0.8068567144598006,0.0,2,Solved,134153,105018,357065,0.8127799878260381,2.9400926138123396e-12,2.6334490144108713e-13,-1.196533075359653,1.3902436732346388,0.46297929306451996,1.2650880553104766,-1.2685700639446347,1.0074073069758094,-10.290201034591899,3.3993948119674435,9.630265104893862,10.074841463515469,-1.4426410793648627,-7.011039740205149,0.1563633353956515,-7.070963179854594,1.3817259793042647,-2.568191004685781,4.476204191883458,-1.1743147105276592
1.33,0.09668616910349359,0.00163557016306436,0.45761945905791723,0.009036359741166422,-0.16627071702537827,0.03515949494431982,0.19012570373932522,4.514375864460956,0.5039526742866888,0.0,2,Solved,126719,111751,339251,0.6747351847677585,2.3367974222310295e-12,2.475519789157943e-13,-1.2354360803061986,1.4056555864286497,0.5136119940527807,1.3023714613510067,-1.2757733085681693,0.9717340774362516,-6.2897462121141965,2.8234398537971717,10.732852972126668,5.911487444622932,-1.346441755396615,-7.759422511853892,0.16190983079405477,-5.871058762372206,1.1470498141051895,-2.1269911221116735,3.3881884828474584,-0.9081336073918328
1.335,0.09663276687425947,0.002369950448389387,0.45580174534160234,0.007679828045845288,-0.1830961800749221,0.03508100868329515,0.1914603795195512,2.6136500779004597,0.35213717022469293,0.0,4,Solved,128333,123704,358707,0.531160857780431,9.205969320191798e-13,7.627232179174825e-14,-1.258383357840047,1.4164904515778007,0.5910054119232234,1.3228857103274705,-1.27986232580059,0.9119160496179225,-3.524450252093082,2.2011298507478796,14.687176316311627,3.077144624851646,-0.9436762687645672,-11.690545535513554,0.16767806168467692,-4.981082322996395,0.9029734582267326,-1.7589341845689614,2.801669273083625,-0.7207519833718721
1.34,0.09767760446255928,0.003287098077812711,0.45471696950025514,0.00588821567348438,-0.1915924334520613,0.035160816561273435,0.19000218139690186,1.2469109963025957,0.37758273763583833,0.0,4,Solved,125477,102824,334182,0.454993933808558,2.0590196214698153e-12,3.9307446186853667e-13,-1.269959304326255,1.4271193812570029,0.6648891778511193,1.3323781367538712,-1.2847671719919889,0.850447532189528,-1.6001532999744756,2.046463938533626,15.10742400417123,1.2142795883564512,-0.9974021774170544,-12.90741369636972,0.15903835304264097,-4.428009938743989,0.7734896874745486,-1.4983019134473343,2.462033818068921,-0.6340030607499203
1.345,0.0994444997335869,0.004255135738458763,0.4541599754417623,0.003938501867614725,-0.19472203969082627,0.0352502070807111,0.18655313664727025,0.5023186757011252,0.44755997024748234,0.0,2,SolvedWithSlack,136768,106291,342787,0.43057019521443357,3.765876499528531e-13,9.658940314238862e-14,-1.2739103881031426,1.4367895620481803,0.7440789467726839,1.3346226090182034,-1.2898874987135056,0.7805935133043163,-0.316146665385166,1.8486896695901558,16.38231390800768,0.009264850267616836,-1.0236521247361727,-14.68169888128631,-0.7643870063147273,-4.644140516469905,0.731969331864537,-2.251385278775241,1.6652707766539034,-0.3763169690438299
1.35,0.101646888968758,0.005211246370842893,0.45397228388346167,0.001973400673169715,-0.19473840862005937,0.03528522707513078,0.18173548658197472,0.4232616677287383,0.501963902101175,0.0,2,Solved,129375,91182,326848,0.3150736018984213,1.3270357035466418e-12,3.3639757646142243e-14,-1.2730270113402546,1.4452013083175677,0.8282474753305769,1.3322879898374147,-1.2947495712849428,0.7033177282472162,0.4594468485729418,1.5692104840311738,17.148459736652335,-0.7347759700576533,-0.9298408152719536,-15.947113574851395,0.12832268986814055,-3.805025980619506,0.5356251232273163,-1.2392522366605916,2.200207028427539,-0.473499089002793
1.355,0.10408479498585112,0.006135695225864397,0.45404437522749563,6.2501431743595e-05,-0.19322230284320469,0.03529406739809125,0.17609201398767169,0.5252507541722361,0.532053471990541,0.0,2,Solved,125898,81373,307511,0.27535355514426313,4.476419235288631e-13,1.0269562977782698e-13,-1.2691420629769465,1.4522818647458653,0.9162884517028905,1.3272427024968025,-1.2989788163731264,0.6208157516887783,0.955279156919873,1.3136585471052307,17.917242561706953,-1.158026578370715,-0.7873962123194045,-16.853164763004763,0.10442161714433121,-3.6426465328051196,0.4681010437452473,-1.1800926648653074,2.1142292339286746,-0.41383972480956255
1.36,0.10663251347692893,0.007012574776156552,0.4543057010586621,-0.0017302172118072306,-0.19114975529035264,0.03534106277096266,0.16988292345069894,0.5634282501417974,0.5479011621059725,0.0,1,Solved,131618,83588,316097,0.24612143001035297,3.201328091506639e-13,6.622480341889059e-14,-1.26333770136543,1.4580716695505211,1.0075263424094627,1.3205999272019269,-1.3024042865369636,0.5346804334414156,1.299156465450193,1.0545357613998136,18.47378859209296,-1.4442939710030815,-0.6182921855987628,-17.485665123589467,0.08153150891386104,-3.5174192569578655,0.41840643101760006,-1.1369113005673295,2.03965212100701,-0.36627392718519314
1.365,0.10926070439526692,0.007842210131761425,0.454729938809605,-0.003410521501201136,-0.1887420532426434,0.03539362031724676,0.16331225473085545,0.6030005222505725,0.5643948926339335,0.0,1,Solved,129314,91402,319824,0.21165129514715328,1.2152501227546963e-12,2.58792987040124e-13,-1.2557636835657724,1.4621474869533877,1.1031843439978488,1.312604505788677,-1.3049659168361674,0.4458214968078393,1.7689877540351706,0.3690807077508967,20.93376678838301,-1.7031292960695714,-0.44531430925033383,-17.965877792531973,0.035932966205386635,-3.3864207223544525,0.3299546059704521,-1.1229105649962523,1.9711306550333452,-0.26656279505120956
1.37,0.11196331873818631,0.008626077340357514,0.455302029437918,-0.004979759257377056,-0.18603665466960506,0.03545113057066936,0.15673627792521128,0.6383294711724441,0.5810404588800254,0.0,2,Solved,124746,103536,340333,0.20403826850502912,1.8747781105332706e-12,2.1449508835758024e-13,-1.246705996372336,1.464493252314197,1.2027997989028476,1.3032721320285683,-1.30613418433254,0.3545658907256093,1.8623145710359155,0.4848297569428522,19.546275950624906,-2.090946998845302,0.1194230152744565,-19.3394739287553,0.048673221012681976,-3.264612296080466,0.29339044790221386,-1.0479650418057505,1.920536113106574,-0.2706748358626273
1.375,0.11473380344722382,0.009374750068304077,0.45600859256123216,-0.006477248650011086,-0.18307333390758887,0.03544782080997698,0.15010553258371095,0.6732428505213931,0.597417779773398,0.0,2,Solved,126219,103285,329403,0.19951082197204217,2.341182803178299e-12,1.8204882046291004e-13,-1.236881067792541,1.4664754395488722,1.299488028000027,1.292751904884561,-1.3059039468912879,0.26097485844443963,2.043162874369677,0.31993288713571255,19.26475322010575,-2.136405168756308,0.0384559140536575,-18.502315235773686,0.02694747029919442,-3.192173151552675,0.31917035072295874,-1.009616029318467,1.8344023052476803,-0.2742454568478206
1.3800000000000001,0.11756538675209796,0.010078437063737311,0.45683772753301954,-0.00786499394333376,-0.17990612522952965,0.03545228270284331,0.14331422072691843,0.7045487774721731,0.6127695271454408,0.0,2,SolvedWithSlack,145765,96081,344390,0.2484258574582249,1.2809753258125056e-12,2.722266856380884e-13,-1.2260063686109883,1.4674797582015702,1.3962336035633827,1.2816526464734188,-1.3055255059311577,0.16839462116748743,2.2670657079005188,0.11663791247439315,19.423481273630024,-2.2853863663521943,0.11438836641708752,-18.57131199144751,-0.7650728262469711,-3.6443213126866705,0.42232395767898234,-1.7463987634995168,1.2004343233301125,-0.1300969297566086
1.385,0.12045335444881933,0.010742196028053787,0.45777518962014174,-0.00916345943070345,-0.1765206051347667,0.03542167037142034,0.136370126305035,0.7388833526400748,0.6274156344295809,0.0,2,Solved,126729,83818,319875,0.1885466437952288,1.4193646258320314e-12,1.5432100042289676e-14,-1.214065556077578,1.4674165355378581,1.4937622478937738,1.269705228560431,-1.3046067288012473,0.07478289205828649,2.471062977341259,-0.09942352219317768,19.569473250951777,-2.4630864923660556,0.2336474042386963,-18.83731677510718,-0.012067187700333493,-3.016746300723661,0.27522275550418396,-0.9416107093837196,1.7126800818789147,-0.22556873698608992
1.3900000000000001,0.12339261975871647,0.011368740480216948,0.4588089624918413,-0.010378379022222316,-0.17292957629953656,0.03535475678987881,0.12932213464802006,0.7705822131372875,0.6409705652910063,0.0,1,Solved,131128,81043,311648,0.18381334801856186,2.251865360847205e-12,2.595701431573616e-13,-1.201102156616807,1.4663238778917984,1.5921664711365315,1.2569147846319872,-1.3029860262016477,-0.019843781351262885,2.674533153261768,-0.29694205606218,19.761959646515606,-2.6235115670732956,0.38375483165418217,-18.99379554360269,-0.03265543948285149,-2.94101356829699,0.25349319318244495,-0.9127370465984059,1.6547439192454778,-0.2004366892213291
1.395,0.1263780960022183,0.011957750516837291,0.45992854225944474,-0.01149770968505282,-0.1691505606037408,0.035300399420331,0.12221051626604147,0.7996029512845912,0.6533657599517793,0.0,3,Solved,126418,143391,371522,0.17925655330388354,6.409872632673341e-13,2.9465319073551655e-13,-1.187047792209873,1.4639170155867902,1.6926500464261707,1.2433696651525719,-1.3006360994309558,-0.11515302732751863,2.9991448051452823,-0.8516771950133561,21.114141801034535,-2.76630291769354,0.5244374983734479,-19.1092416747741,-0.07192576712907378,-2.8681048528621367,0.20676308411921965,-0.9069151499816284,1.5956172388992511,-0.1404634736981788
1.4000000000000001,0.12939190454295155,0.012453525310121118,0.46114676614505695,-0.012385728758190167,-0.16563924627980983,0.0352691477266864,0.11677060802526472,0.6144307378600501,0.6593580511233056,0.0,2,SolvedWithSlack,141347,113334,369098,0.2352453441973923,3.606559495494821e-13,2.1266322036694874e-13,-1.1762803245416673,1.4560376155012125,1.7585802871187586,1.229571738566094,-1.2962719008764723,-0.21109375760629373,1.5320196812811187,-2.1891913206581024,7.400340040911278,-2.7130863310337174,1.0566857964021243,-19.096705348004928,-0.6664584089778121,-3.16554486495985,0.3999170851355669,-1.4607602501204417,1.0525402313208,-0.14887090158196523
1.405,0.1324142470387091,0.01279370948746488,0.46248136707990634,-0.012916954343812377,-0.16294237044013984,0.035205954347736206,0.11548028391406469,0.5464851277234497,0.6682758242417411,0.0,2,SolvedWithSlack,139053,102754,342256,0.17337153559813023,5.492273302820649e-13,3.375077994860476e-13,-1.1696764078956439,1.443645287051395,1.7837136048562021,1.216069987346165,-1.291202237713554,-0.3072383963066992,1.3546307880347885,-2.5167065337149523,4.942552703472726,-2.7306519773123594,0.9826455677315689,-19.405088863129663,0.6917611544977225,-2.0666706154544268,0.12098170095221471,-0.07784249641648062,2.007750689109352,-0.2947316105168214
1.41,0.13547211685011684,0.013088525552579815,0.463872026589888,-0.013342728669341355,-0.1601525632706679,0.03515634536284589,0.11422834530113242,0.576207090462013,0.6784459856406624,0.0,2,Solved,131218,93226,324904,0.21224871232326595,3.914646384828302e-13,1.1531053889513032e-13,-1.1624514907413217,1.430856713648129,1.8093272761128556,1.202193557877204,-1.2861850317434576,-0.40464865270420924,1.507028747000995,-2.590823465475831,5.243762677560173,-2.8102161405356028,1.0242624251500412,-19.548455526874534,0.06638065692263899,-2.4998581191535236,0.3608228109495521,-0.6646206063282009,1.480855863871948,-0.2952695621528954
1.415,0.138566968874304,0.013347898889403919,0.4653043398997809,-0.013682568405420703,-0.15717424503898073,0.035133023156038994,0.11265014136419867,0.616917482695972,0.6875835627302487,0.0,2,SolvedWithSlack,142188,77867,319033,0.206016011276768,4.255935881491979e-13,4.898859096158503e-14,-1.1542811457864695,1.4178613718163768,1.8383291869577327,1.1877104502771492,-1.2812453343934995,-0.5050404381969791,1.7193098670836509,-2.605555014480187,6.170936101946293,-2.9562942709216373,0.9662579636814139,-20.435852284318795,0.6180995688487795,-2.0296022433513454,0.2565126742675125,-0.08726544770087441,1.8625451957729608,-0.3502272191705056
1.42,0.14169694221073703,0.013572234239807506,0.46676905242305355,-0.013940170158357865,-0.1539750044832055,0.03512518188616544,0.11045700558945734,0.6582418446433517,0.6958449847423048,0.0,2,SolvedWithSlack,139293,83798,325515,0.18452741639777379,9.759970609479751e-13,2.2883431261000453e-13,-1.1450483429339935,1.4048282030110668,1.871999494055575,1.1725632310497416,-1.2764671607696332,-0.6092448650042578,1.9304404100384407,-2.607267000657056,7.107416612133445,-3.0798853939191844,0.948607411755137,-21.117178787824923,0.5744055592925456,-1.9910976065875976,0.25523355301244555,-0.10567632985461752,1.8077518910172536,-0.31369660787621545
1.425,0.14486030864320595,0.01376410723892278,0.46825930851356357,-0.014111994375240963,-0.15055478239302514,0.035184026417465444,0.10780901279891428,0.7008507104662659,0.7033403447656186,0.0,1,SolvedWithSlack,138692,95170,340002,0.19839018996777527,5.186961971048731e-13,2.1597003699302952e-13,-1.1348138163470038,1.391847986928817,1.910318891901416,1.156515476850775,-1.2709866781204282,-0.7207427046624392,2.1231697119034707,-2.5936434659235967,8.031004518574319,-3.233008967810944,1.0477705911481603,-22.353733680319323,-0.2920399357566347,-2.549375060199061,0.33726332294521794,-0.9489329513410433,1.1478926030364687,-0.16253450647956116
1.43,0.14805383396145977,0.013921085887348115,0.4697714309540236,-0.014210321668220529,-0.1469648502827899,0.03522524041967556,0.1046395196378746,0.7297687696211365,0.7099896026450416,0.0,2,SolvedWithSlack,142860,97304,340734,0.15032341636562757,7.129297152630443e-13,7.360778653264788e-14,-1.1237123310405213,1.378469473156972,1.9538505290073653,1.1401789028343086,-1.2662435486508226,-0.8328748629407134,2.368227258909208,-2.954692917079401,10.234317952291805,-3.3012313942950247,0.9006079657616916,-22.562561048672855,-0.23091588435083044,-2.405174661850041,0.22428651046354722,-0.8698443079835615,1.1921124876568776,-0.10791012411230243
1.435,0.15127563705347,0.014045492492473326,0.47130051357659886,-0.014259965883147332,-0.1432319214034234,0.0351558775888568,0.10127194922761211,0.753761068650114,0.7160457738060585,0.0,2,SolvedWithSlack,139203,91714,329663,0.13210629470165328,2.3707702467845593e-12,1.1257661469699087e-13,-1.112058663269408,1.3645435411393882,2.0012438745902705,1.1234621307286086,-1.261720400699535,-0.9462401984047588,2.3228442905872284,-2.717429608472436,9.20691339557335,-3.3755205673628605,0.9136179147385196,-22.76734382584393,0.5168159806768051,-1.8075925558808519,0.1568231943392035,-0.09656651359757554,1.7303775729975337,-0.22458070099281058
1.44,0.15452273434393923,0.014140807400423061,0.4728437404726352,-0.014250234300374106,-0.13939883725291788,0.035066051554400686,0.09763664230941382,0.7762219914828555,0.721346465676856,0.0,2,SolvedWithSlack,137750,106952,344591,0.14192601356120654,6.352973702661302e-13,9.203748874142548e-14,-1.1002129411043664,1.351231817514854,2.0478617972847863,1.1063830035453506,-1.2570146909786142,-1.0606326482375112,2.4061277453483294,-2.641954514482351,9.446268111513437,-3.4449283371099546,0.9598297391002198,-22.963952811770163,0.4771909718391175,-1.8088310436841941,0.21342915438089077,-0.10938505571350758,1.6755934912767232,-0.24127422305405113
1.445,0.15779427820535655,0.014208519929667943,0.4743933378465414,-0.014169707645400178,-0.13542144769089165,0.035043617884496295,0.09378826821347903,0.8075766581688394,0.72585952018397,0.0,2,Solved,126970,88056,318822,0.12605519517144545,5.714595463501837e-13,1.0247358517290195e-13,-1.0877982016164478,1.3381818974630972,2.09708538088177,1.0885959166306194,-1.2514567252887236,-1.179820194867513,2.5366497990192483,-2.5984707430037455,10.118994437521536,-3.5705177924017004,1.073019678003195,-23.869194917375754,0.20956097219367878,-1.9581623096636285,0.21429383179145728,-0.35685999512776256,1.4615140063828245,-0.18622378049861982
1.45,0.16108735202488364,0.014244646621515679,0.4759461225255209,-0.014013565374770814,-0.13132296359194878,0.035070844959651355,0.08954770003829952,0.8287409899745956,0.7296799776792711,0.0,2,SolvedWithSlack,140015,88908,328751,0.1264922547105784,4.303224443447107e-12,2.6528779173418116e-13,-1.0748139075247591,1.3251756706724858,2.14915575535246,1.0706801655607106,-1.2464631473793393,-1.299226458755118,2.637728804686596,-2.6035062017336155,10.612670398018661,-3.602051083536626,0.9685005555880604,-23.959208567802122,0.03263173901808584,-2.0238760753692544,0.15281807778148687,-0.5187757647927751,1.3157503667877366,-0.11913693293088258
1.455,0.164399870069539,0.014250093061389024,0.477499377869797,-0.01380053239211327,-0.12713184345070172,0.03505970708136134,0.08505745071417449,0.8454489328816495,0.733026310968406,0.0,2,SolvedWithSlack,134915,84510,320386,0.12024756997682479,1.071587263368201e-12,9.114931032172535e-14,-1.0614994847909014,1.3120065377550705,2.2024300769661713,1.0524977943573663,-1.24163274525955,-1.419622024665226,2.6797979079674525,-2.653837777181876,10.683307080628285,-3.663879205231562,0.9702835338352778,-24.177966914436187,0.11668247061663439,-1.9239611196291966,0.1359870828876278,-0.41294209550368577,1.3677198336274625,-0.14793942675837815
1.46,0.16773037660537676,0.014227276819078174,0.4790494317211366,-0.013548352748176205,-0.12285775647400535,0.034941840343608324,0.08051191311847468,0.8692660683711737,0.7357770289223668,0.0,2,SolvedWithSlack,139965,92975,339932,0.10235656819004607,5.985378859207913e-12,3.276268145668837e-13,-1.0479931151158488,1.298635697409441,2.2560943911470024,1.033731368939093,-1.2363085910613298,-1.5427578064129028,2.7154048897909164,-2.6863858768077753,10.764299326980208,-3.834391249953325,1.1695625182647487,-25.044918000309565,0.4026081184826947,-1.6377050910407371,0.14334828770347438,-0.10397087093833919,1.6199659227691154,-0.17303564982176498
1.465,0.1710771572861612,0.014177772057815211,0.48059164155342066,-0.013249279546767388,-0.11848605916812215,0.034787279421670175,0.07591342779912795,0.8840541037478511,0.7378485411928771,0.0,2,SolvedWithSlack,141247,98366,342577,0.10909530048493092,7.953665503990237e-12,3.971267759084185e-13,-1.03390017342848,1.284582887031628,2.312616451521136,1.0146821120311476,-1.2309690864730645,-1.6674445240359508,2.857612244562187,-2.8278516453610814,11.54699792248211,-3.808397397495859,1.0290787995016664,-24.942419832577265,0.26116288641653684,-1.7455248077588947,0.09594025537521847,-0.22852112235138344,1.460247789678962,-0.1732817218688358
1.47,0.1744364618436544,0.014100024981370538,0.48212599744145035,-0.0128918304655061,-0.11406216642600026,0.03464470670126036,0.07107851398606041,0.8915032000179286,0.7393677759545101,0.0,2,SolvedWithSlack,138161,107463,346304,0.09911018874314467,3.836930773104541e-13,5.706546346573305e-14,-1.0197986765564324,1.2708876477794704,2.369734032425548,0.995475383374356,-1.2259534093106823,-1.7933151380575,2.807289659466896,-2.7054675132307797,11.382594050033191,-3.8699461685881764,0.994626445642859,-25.346008433974447,0.3467585820924031,-1.5857630198903148,0.13783859430381631,-0.12301977842901138,1.577540702610628,-0.14676270709887565
1.475,0.1778068232467474,0.013996373813866553,0.48364901751800954,-0.012495924912260698,-0.10958480711847914,0.034425620108899595,0.06608187497287249,0.9112719083494785,0.7403200944825727,0.0,2,Solved,125226,92605,317640,0.09932533800691708,4.849454171562684e-13,1.021405182655144e-14,-1.0056593072676834,1.257562281562453,2.4276457506837392,0.9757504327804337,-1.2204223942697292,-1.9217762967007495,2.845871392804112,-2.6454192283158857,11.72037480467761,-4.017176018780359,1.2250049848789355,-26.042706362253806,0.38849427011598114,-1.5353543478060439,0.07031821062268431,-0.06468359919763988,1.5892054081106732,-0.1662464363572193
1.48,0.18118672961509183,0.013869367394981914,0.4851572053390336,-0.012060854221616096,-0.10504606415776588,0.03417398904651346,0.060956285066231804,0.9152244069398748,0.7408367981303952,0.0,2,SolvedWithSlack,142940,88017,330504,0.12737309966784396,1.2931877790833823e-12,3.82804898890754e-13,-0.991367300142953,1.2442695636132093,2.4864356434305117,0.9557568220234388,-1.214855444120916,-2.051802214672011,2.8680715621755932,-2.668877475347359,11.78286374478956,-4.001978245557708,1.0685933367654596,-26.055405261339693,0.51680665349546,-1.4438092758823418,0.009316072743042159,0.08098364017634052,1.6395789449892784,-0.21653426943533471
1.485,0.18457344470909479,0.01371410963564714,0.4866506590935059,-0.011577856781124933,-0.1004811662542432,0.033880525530914016,0.055676103572968774,0.9234250711784472,0.7409395373987785,0.0,2,Solved,129765,92144,320636,0.10302172390756872,3.5692560018674158e-12,9.027223413227148e-13,-0.9770194643710636,1.2307912283065379,2.544952183305762,0.9355615842939081,-1.2096581277717307,-2.183435152445667,2.8711097344011254,-2.7135626688725845,11.650270658266743,-4.070319729148613,1.030227683670956,-26.524102279009526,0.45942673566720815,-1.3974099528876298,0.020571416108382763,0.039782623050597946,1.6483475825210996,-0.1679868460424855
1.49,0.18796620750977233,0.01353281480096846,0.48812515782991517,-0.011057826523035101,-0.09587145093165321,0.03350638400236135,0.05036788278278709,0.9367093990582428,0.7405632906553833,0.0,2,SolvedWithSlack,134494,94178,334632,0.13561756128093766,3.0937474804204612e-12,5.874190023291703e-13,-0.9626599257869812,1.2171537901564773,2.602992056191596,0.914742914477542,-1.2038069960804634,-2.3187351354365178,2.8733184772047515,-2.738946129068846,11.579994815151368,-4.2014840513810405,1.2039264779514876,-27.27684971431281,0.7255432848241541,-1.2050243747386185,-0.09589032449589963,0.3208367642539637,1.8020769686944362,-0.230549854177594
1.495,0.19136329891659667,0.013325063697521136,0.48957913272715503,-0.010490051509751864,-0.09122435554712588,0.03311937352030697,0.04507032246532283,0.9396497350904424,0.7399119291149384,0.0,1,SolvedWithSlack,132180,103756,335103,0.09957638744787711,1.7386092565629951e-13,6.217248937900877e-14,-0.9479997131900127,1.2025792755747913,2.65804755796318,0.893727451138972,-1.1982251968463107,-2.4554242035279796,2.896514919744629,-2.899492345681954,10.934917417358598,-4.21603491548384,1.0877091718209637,-27.445023260188623,0.27376439709202044,-1.3889390569450104,0.03336723361408456,-0.11505093265112244,1.5932221991660338,-0.08068930923839363
1.5,0.19476075222239653,0.013090237484967815,0.4910157806043087,-0.009874787196877632,-0.08660316395563418,0.03270905694875955,0.03973430562070634,0.9342795924161641,0.7387207391086067,0.0,2,SolvedWithSlack,141738,105499,354159,0.09993831381292562,4.82058837292243e-13,1.2678746941219288e-13,-0.9337610206618739,1.1884052202811146,2.7133046825067573,0.8724375028600053,-1.1923975733895837,-2.592952762732919,2.823425440396892,-2.803419979976315,11.081500273974566,-4.3786662154684475,1.4112782707590072,-27.757726535694534,0.25621700493355565,-1.353817657632859,0.029161513692722667,-0.11586690451001336,1.5990130210068099,-0.0713170906709394
1.5050000000000001,0.19815783189131675,0.012836967394264676,0.49243079437489345,-0.009238169721005308,-0.08197986974417133,0.03222987935866242,0.03449147864442571,0.9342361111945686,0.7370702203084674,0.0,2,Solved,128943,91152,319473,0.1122107442563958,4.561684363579843e-12,1.236899471734887e-12,-0.9197020095941983,1.1743807012646055,2.768677521375261,0.8508324171987846,-1.1859757660613424,-2.7311806757449384,2.808090454959963,-2.8109013176042863,11.056857901749424,-4.301940841808728,1.2388457809206483,-27.62331419182653,0.6228732403884889,-1.116551028607212,-0.07874783350194117,0.2646672970584665,1.7953719081023327,-0.16794205707111987
1.51,0.20155144866823302,0.012558925015430905,0.4938260901152259,-0.008544860031804715,-0.07739619938584573,0.03181704925820061,0.029220510860677257,0.9290512036257008,0.7351852334637038,0.0,2,SolvedWithSlack,153340,99889,357606,0.09863950595256507,1.6271428648906294e-12,3.801403636316536e-13,-0.9057326227654323,1.1601807929432861,2.8229976791427345,0.829266178813348,-1.1798391713372012,-2.8699698749307134,2.785360028014875,-2.860643530350738,10.730701843063434,-4.329039817221491,1.2329439321658011,-27.858480532897556,0.19810783990275688,-1.3224167772212998,0.03245819769448072,-0.14437033072620115,1.5782320952410411,-0.05920216205844575
1.5150000000000001,0.20494179127500764,0.012259988503336948,0.4951963903106751,-0.007817410858074856,-0.0728133000357738,0.03138795666668518,0.02405594379155562,0.9321245529767476,0.7328274283576577,0.0,2,Solved,133111,116290,369548,0.11631243032834153,1.5916157281026244e-12,5.997424779025096e-13,-0.8918538199234051,1.1458402112031567,2.8763265052418237,0.807138611214398,-1.1727468823512883,-3.0100451447730565,2.774219448220108,-2.8787368219493024,10.629262665002768,-4.422525522858949,1.3987208855746716,-28.055383824733028,0.6941284969501488,-1.0043082238086187,-0.10093649695754954,0.36624713584104795,1.8609988852534645,-0.17146552006813812
1.52,0.20832625763283033,0.011938801601677592,0.49654259090026137,-0.007041413868411966,-0.06825252560334283,0.031018899118362385,0.018904001753600692,0.933009054428463,0.7302583716387712,0.0,2,SolvedWithSlack,145695,112453,379938,0.09682237076087918,6.89659440666901e-12,2.1154189511207733e-12,-0.8778152621450497,1.1308751151329954,2.9273101110265585,0.7850463564348676,-1.1659903762011359,-3.151060769048334,2.8513253571062287,-3.106449195420107,9.803120886919828,-4.429173227310467,1.3394881828575436,-28.313294387303912,0.10681997485091568,-1.3197748654818737,0.04275498847828066,-0.20638676720185287,1.549157932174067,-0.019685330209444716
1.5250000000000001,0.2117033485072479,0.011596418045443386,0.4978633034587001,-0.006223560178636771,-0.06371241881899732,0.03069585734528603,0.01380882994263968,0.9277763887191511,0.7271515701540067,0.0,2,SolvedWithSlack,143331,119576,377033,0.1900147000291133,1.308841923730597e-12,1.6447954109821694e-13,-0.8639461046669301,1.115898675444611,2.9774408059413924,0.7625842415562458,-1.158587720223503,-3.2926229070413524,2.7363434313371426,-2.945175559169818,10.103673529963245,-4.561480226475534,1.6252374301184263,-28.309552731606335,1.4383221709524217,-0.5148975355793464,-0.2639466599928661,1.1403817633420015,2.287223611117624,-0.3230249900494926
1.53,0.2150701663380553,0.01123119173584075,0.49916018423156105,-0.0053641829642595285,-0.05922793594302254,0.030400601115979788,0.008749000594312684,0.9085013885920126,0.7240162254006994,0.0,1,SolvedWithSlack,156456,116490,388053,0.0951406536041905,1.8153811787158247e-12,1.371680546924381e-13,-0.8504691460008477,1.1011016931432716,3.0265560082356866,0.7399108506427691,-1.1509726040181802,-3.4357979493727817,2.671667569639642,-2.978322035772801,9.607666883726639,-4.53691027276816,1.4882153776125582,-28.85441136775498,0.015234416216831257,-1.3016369387862088,0.06065435804353393,-0.27051533373885267,1.522250457667048,0.020178084145886555
1.5350000000000001,0.2184247354837708,0.010839791865374331,0.5004335752585061,-0.004443914665522392,-0.05481275585155581,0.030207239225106885,0.0036954466190831517,0.8998385906921702,0.7203846506529898,0.0,2,SolvedWithSlack,145806,96903,362274,0.0947070955060411,2.8804736373899686e-12,7.627232179174825e-14,-0.8371733683631088,1.0862100815946787,3.0744828705868374,0.7170305641533115,-1.1431225260343436,-3.5798888644210054,2.6451377261422215,-2.9727232515456365,9.547749450211331,-4.707740451874147,1.834054464083368,-28.602885576094828,-0.03667996258860072,-1.3010744158951828,0.07638571919607583,-0.3064868108288374,1.5153135280966576,0.04017528134142672
1.54,0.2217672139696861,0.010435029953546492,0.501678256115956,-0.0035161622439507053,-0.05041025931969409,0.029920272585375586,-0.0012705121117914558,0.8954436613714932,0.7162768375004585,0.0,2,Solved,128863,98296,332418,0.12401749272209912,1.8536283619141614e-12,8.365530490550555e-14,-0.8239361218864466,1.0712933599895695,3.1222758311994365,0.6938316014948597,-1.1345824222425152,-3.723754441342249,2.6487856116216295,-2.9889723833529853,9.562290536834487,-4.616400314455692,1.6669676329772112,-28.85210012364273,0.823876625610678,-0.7685508471750584,-0.12126310531620149,0.5659004831008237,1.984279883553586,-0.14233962278785847
1.545,0.22509439082046684,0.010011370923514671,0.5028974141836713,-0.0025416227573330603,-0.046060949747110176,0.029750807302966194,-0.006248242106293691,0.8920677410156135,0.712053004918049,0.0,3,SolvedWithSlack,152488,201831,460870,0.09301140791627022,1.5347723092418164e-12,4.3953729544909947e-13,-0.8104675709053033,1.0557114187128929,3.167373808525439,0.6706897223293761,-1.1262511612150978,-3.8688711463581336,2.6921344601904518,-3.1503835800075284,8.812031610160254,-4.644712387053661,1.6833080470736537,-29.128851457862737,-0.13140147347099496,-1.302651540492977,0.08761348743828505,-0.3753411415960005,1.4881825266603235,0.07021993786725228
1.55,0.22835767710349675,0.009668835749041128,0.5042007000157138,-0.0017076005011455537,-0.04270613759380182,0.030161006871921203,-0.00931954587484642,0.49677647629738647,0.7020634776010731,0.0,2,Solved,125417,127211,355622,0.2388880481117358,1.3651302310790925e-12,4.319877788816484e-13,-0.7982119270585288,1.0393785570926275,3.212354923746121,0.6551548639944147,-1.1129803766848865,-3.957837600743024,2.298963404446756,-3.4131890282305264,9.038948428779479,-1.8221244714316687,3.1387990995462385,-9.669641711338164,0.667190445273434,-0.905911149788833,0.21552797171918858,0.44261923864154196,1.5502914880120942,-0.4061096817899509
1.555,0.23151092715165453,0.009502349986446479,0.5056906442435802,-0.0011361036422481167,-0.0412397496349254,0.031798541434005255,-0.0069651340639076765,0.45864204118952856,0.6957572263445299,0.0,1,SolvedWithSlack,142699,148291,397291,0.11797937952194368,2.1103119252074976e-12,6.211697822777751e-13,-0.785947456080463,1.0210129092307867,3.2659492306840288,0.6475085051372926,-1.0974447658487099,-3.999533965945517,2.5125097789373725,-3.673278099860949,11.084369803016568,-1.5995875768882075,2.9730412077423063,-9.18334448976672,-0.1807787485117343,-1.2498130228008153,0.20056494518730425,-0.4291097234964232,1.0170053111145503,-0.08607090248506663
1.56,0.23465674979088208,0.009308666060180519,0.5071234435711609,-0.0004874916834456175,-0.039695202906898604,0.032951413470839394,-0.0052323449168638,0.3756055433497835,0.690283636534516,0.0,4,SolvedWithSlack,140926,169170,414753,0.3192509167102464,1.4850343177386094e-12,4.674038933671909e-13,-0.7737995733358686,1.0034695924211086,3.319422648396116,0.6387523558521968,-1.0826319372828381,-4.0492654407044535,2.392358210788654,-3.4200640116546714,10.600752052632968,-1.910570197620722,3.121711684032151,-10.543364490016293,1.418686229926282,-0.4216935517931133,0.06925298691354356,1.1930072000055356,1.8853841807067395,-0.5427265584074189
1.565,0.2377999774329269,0.009097327507696486,0.5084883518676262,0.00015745760250543178,-0.03802025223906063,0.03347985727328828,-0.004172678609554457,0.3768582464710842,0.684137384318614,0.0,3,SolvedWithSlack,139513,132040,374097,0.3125171392109435,1.1439738045737613e-12,3.326228181776969e-13,-0.7618590110138094,0.9870999257953819,3.3746552520379867,0.6287808826434269,-1.0682858158815696,-4.107452245458283,2.3912079869918115,-3.1774172940072543,11.390441287228636,-2.0526504127773455,2.7285839939728778,-12.386146925641352,1.442188458570202,-0.40551676760261146,0.0758176560379971,1.2150295810970473,1.909287968856678,-0.5312791366586039
1.57,0.24093729727027297,0.008879734388445554,0.5097866260540858,0.0008075158380729362,-0.03623478536103913,0.03386985230634099,-0.004193215570299312,0.3964605692590795,0.6780941694908277,0.0,2,SolvedWithSlack,149562,95951,350081,0.2363454751187771,1.4921397450962104e-12,4.649614027130156e-13,-0.7497639306081473,0.9718372650991481,3.4344645943347905,0.6180254011620678,-1.0553951566361832,-4.174703215184036,2.4310985382363643,-2.9585307690266536,12.368314450296541,-2.2240324675539114,2.4956011660744335,-14.147046532401097,-0.15119877662826908,-1.316403884041267,0.40178730770192106,-0.37662223449470816,1.0905607680443843,-0.20561690563630786
1.575,0.24407011059203232,0.008665028313631924,0.511015765170029,0.0014275614859779432,-0.03428458096590461,0.034087401219419736,-0.005118993675636452,0.42952790823733,0.6720360521308211,0.0,2,SolvedWithSlack,138932,125617,368185,0.16121152938035566,2.6787461138155777e-12,6.615819003741308e-13,-0.737253949043121,0.9573579705839218,3.5051319215347743,0.6060929019854026,-1.0428351331633843,-4.250860530737968,2.530021277034646,-2.792613471229432,14.932694133135266,-2.501899381409307,2.5635159073807885,-16.089327045592757,-0.2792106387412915,-1.2886906865648848,0.2740595999466046,-0.5251299024037013,1.0301113727371602,-0.0003466515998146792
1.58,0.24719634486332787,0.008469289932881091,0.5121853234185555,0.0019830060910542967,-0.03221342535449337,0.034102850922149826,-0.006894657500791201,0.42797926579572126,0.666627468563354,0.0,2,SolvedWithSlack,136628,101151,344741,0.23929639451247814,9.450218385609332e-13,5.728750807065808e-14,-0.7247717479648204,0.9444400996047695,3.5796103803794908,0.5935931061660222,-1.0307752343800767,-4.331517149544727,2.4849611430212484,-2.4665667277399144,15.024480146267628,-2.5063431629513198,2.336530868266727,-16.242799667529727,-0.15347444817065406,-1.309212664534194,0.4068038706712128,-0.3694005423143891,1.1359673668759225,-0.20318525253994085
1.585,0.25031280131362577,0.00829497359150931,0.5133048682960307,0.0024900315625114556,-0.030087375772746734,0.0340759682860571,-0.009472230416177084,0.4464837584019581,0.6608475014178679,0.0,2,SolvedWithSlack,140005,99528,360511,0.32488807336162223,1.6271428648906294e-12,4.993783164763954e-13,-0.7121490491620588,0.9331236240998984,3.6589701941228006,0.5806275816019795,-1.019566083538606,-4.416280218132823,2.5548781631165904,-2.1351025351021664,16.470179281603357,-2.6552633523001985,2.1882607939185648,-17.44151841340384,1.592470003154104,-0.31869317716653456,0.05795114513752994,1.3843202543269908,2.077285241201019,-0.5523097247147578
1.59,0.2534192484573932,0.00813060995132108,0.5143659853824682,0.0029746820285597203,-0.027839705018097783,0.03407332630966974,-0.013073525571586543,0.46851120214874736,0.6550649279790628,0.0,2,Solved,137670,113294,368747,0.19435365695717124,8.464340339742193e-13,2.731148640577885e-13,-0.6992204379614474,0.9231525912097219,3.744497315218855,0.5667896090240094,-1.0089936854141963,-4.508295770654372,2.6071973666245367,-1.9026051827161898,17.534406321662942,-2.846058712962722,2.069074534914067,-19.049237529461976,0.7181088251614239,-0.7956576461081214,0.18776715390644447,0.5122879509890863,1.639231001051816,-0.3304012168271911
1.595,0.25651451089157634,0.007970419386597604,0.5153704530825258,0.0034487535409471,-0.025483661254690964,0.03409950384253025,-0.0175852646143904,0.4884047978762429,0.6493366622680481,0.0,2,Solved,162236,133111,488052,0.1411245705842101,6.505906924303417e-13,8.953948693601887e-14,-0.6860210325276637,0.9142866718988784,3.8355069803170885,0.5520454356519116,-0.9988634924052311,-4.607302132318046,2.6630113113209988,-1.687157766718304,18.651691627652653,-3.018428300562731,1.9990145334751506,-20.303206144166133,0.6970437805205929,-0.7642394864511987,0.11435959867531648,0.48930895336676855,1.640955807652193,-0.23991176999315716
1.6,0.25959860162305376,0.007821081725784879,0.5163192750739989,0.0038930742942951332,-0.02300088040382903,0.034114589066353125,-0.02271313615458301,0.51424746997861,0.6438730251865799,0.0,2,Solved,156286,110910,433679,0.10210341227156222,7.818190539410352e-13,1.0091927293842673e-13,-0.6723408667263842,0.9057965425249561,3.931970471865211,0.5363175851037028,-0.9882785118394266,-4.714409189944898,2.7584800555454607,-1.656611835355115,19.649894686546485,-3.180479014718016,2.056782722276038,-21.67400617578751,0.6707514476896008,-0.7395902657024875,0.038311487995282,0.46090215875161844,1.6336545963449955,-0.14286871372884752
1.605,0.26266653365829634,0.00768723402980752,0.5172283708740371,0.004305436638145995,-0.020500279622133143,0.034134318747895485,-0.028413541590536922,0.5027034584644036,0.6383183623924884,0.0,2,SolvedWithSlack,177916,150224,487952,0.16153591261630326,8.106848525812893e-13,8.315570454442422e-14,-0.658783766123632,0.8982294658282232,4.030894092524338,0.520325541871367,-0.9783695345091209,-4.823362307663375,2.692381532542501,-1.4384074117557497,19.906918467552927,-3.2190876613926647,1.9514969752812108,-21.92564024998045,1.6989724096162016,-0.11378011314887337,-0.22664955979962592,1.4886028900888695,2.1603146399493185,-0.2746110514477155
1.61,0.2656992274008804,0.007615268226002766,0.5181497129235516,0.004593128921890327,-0.018335475625814383,0.03422473547842432,-0.03389610186628517,0.34617291312124865,0.6308979877355664,0.0,2,SolvedWithSlack,137620,96452,345363,0.19121310515271048,1.0556000518135988e-12,4.085620730620576e-14,-0.645765402009883,0.890631059277635,4.12916379474909,0.5062759876654077,-0.9676308619458027,-4.9188565685465,2.5561100213072314,-1.6006035673930328,19.460626309649637,-2.5482240792129196,2.287171000043864,-17.225224330130356,-0.25753152434769594,-1.3021105872470318,0.3250622787596078,-0.4369197018207329,1.0639785459129172,-0.09445902211307958
1.615,0.2686909530758532,0.007624097973444537,0.5190927358977265,0.00472605697391962,-0.016564254538702954,0.03429821652872572,-0.038503751784018575,0.3726870537286366,0.6249554075547376,0.0,2,Solved,135245,103235,342797,0.09700206044656004,2.316480340880389e-12,1.9872992140790302e-14,-0.6327702615567016,0.8827968834225048,4.2311282453683985,0.4934327790114697,-0.9555945445705987,-5.003948883643407,2.621647875984264,-1.7687923233275336,21.979305066948307,-2.1936730659359718,2.701177087668978,-14.143485613294832,0.6096953185131728,-0.7754311159808862,0.08922127786580734,0.4211601630077416,1.494412850398215,-0.16490350275915205
1.62,0.2716335209109439,0.007747177895708641,0.5200717887845603,0.0046239743601263,-0.015256885665815886,0.034379042474283354,-0.04197059068105128,0.26274781662022867,0.618358957021786,0.0,2,SolvedWithSlack,144383,103486,352446,0.15860241123189348,9.308109838457312e-13,1.7245233019380635e-13,-0.61968072735069,0.8746602992680341,4.338426127176578,0.48236194174539454,-0.9427524584884511,-5.076422557222251,2.6197173495956947,-1.5482604538566862,21.354488006127006,-2.236891332859216,2.5039604123529844,-14.760717701378372,-0.3284859651309376,-1.2833024060309728,0.2696240990942189,-0.5101450657194363,0.9407308440639673,-0.0007140267121830183
1.625,0.2745585169708529,0.007883412027168909,0.5210068701289008,0.004517276434621016,-0.01392293813348838,0.03439267923341503,-0.046078261230881996,0.2723436956918168,0.6123785359565037,0.0,2,SolvedWithSlack,145425,96823,347647,0.1881971977560391,3.548754172466584e-13,2.6201263381153694e-14,-0.6064899295709968,0.8675150138219518,4.446901986189757,0.4709574098257591,-0.9305527886254388,-5.152145823410591,2.6540405788510326,-1.354820911376617,21.982013057557904,-2.3127456062494054,2.4052392691612936,-15.402925527350554,1.4732658472012716,-0.2814709471870589,-0.10521901243249362,1.2946897909290447,1.8686875974958905,-0.3199352361852665
1.6300000000000001,0.27746796315745553,0.008033220128624287,0.5218891091273853,0.0043880549973346885,-0.012524477712596453,0.03445724163003466,-0.050705406073783224,0.28950009742880883,0.6064237469599448,0.0,2,SolvedWithSlack,133322,92625,329743,0.19352735991383777,1.6342482922482304e-12,4.808931031163866e-13,-0.592862502429029,0.8605209120854591,4.555960920853008,0.45918487131685803,-0.918800856096378,-5.231632178431649,2.73987414248742,-1.3769477454708514,21.87173724077282,-2.387909600383353,2.3218178824587934,-16.233346842967755,1.4648742681287619,-0.31394604056950276,-0.11589140647500414,1.294999084497959,1.8765586170507165,-0.3289965118535242
1.635,0.28035905986582993,0.008185066243864798,0.5227249592785385,0.0042579578674767395,-0.011119120047673367,0.034564889413043774,-0.055776165398589296,0.2807156724458821,0.6001524746069746,0.0,2,SolvedWithSlack,153660,99668,358077,0.11155527728040737,1.0302869668521453e-12,1.0452749776845849e-13,-0.5794301520574953,0.8543063959204164,4.667382004794022,0.44692269029017917,-0.9073058336390719,-5.3154753770759084,2.665350290408922,-1.1748157355915951,22.50266318182668,-2.496261864972115,2.2828726514833044,-17.126056257594414,-0.43935899908951387,-1.2758093858401116,0.1357723054915007,-0.627492854790512,0.8610730630941559,0.18964397137669253
1.6400000000000001,0.28323143382807037,0.008344733375538108,0.5235178952958697,0.004104955192441483,-0.0097027706582529,0.03450618119522751,-0.06113384011779238,0.2860536882167494,0.5947078723577933,0.0,2,Solved,126529,93456,329763,0.0861694925139483,1.52433621281034e-12,2.533528942194607e-13,-0.5662318622484468,0.8487493442430162,4.780733073999221,0.43397271964984674,-0.8951465866193618,-5.397842918981221,2.6370241880600473,-1.088227958577792,22.795741502240276,-2.5700686433622852,2.384252804313024,-16.65060154540333,0.49942024024573345,-0.8112630587992145,0.01849082017238593,0.3338548966424806,1.3787118802231728,-0.052151154195249336
1.645,0.2860816670843778,0.008527804309935945,0.5242795242462065,0.0039087195842095294,-0.008320163187488778,0.03443305410879532,-0.06670156314666283,0.2771873196347544,0.5887455001338597,0.0,2,Solved,135596,95821,335103,0.08328818184786378,1.0658585125611353e-11,2.52525778066115e-12,-0.5529739611381783,0.8434489529745312,4.895830014237086,0.4212071554961761,-0.8836963967782294,-5.48379682554347,2.662400045638842,-1.0416054265577912,23.16378431547481,-2.554489704243491,2.248254021499503,-17.473620005267218,0.4690763710608171,-0.8021709264370747,-0.03729844317910448,0.2997561551621434,1.3326109095658205,0.011407051548713385
1.6500000000000001,0.288909802825851,0.008730273882466544,0.5250039936441232,0.0036767064089999308,-0.006932296813396041,0.03446734617013277,-0.07245776929221616,0.2767385554890658,0.5829316131546017,0.0,2,SolvedWithSlack,148200,99137,352325,0.14465920620034864,4.0019593541829046e-13,3.086420008457935e-14,-0.5392748130367636,0.8375936809049774,5.010890282214228,0.40844261630928924,-0.8726290786183833,-5.572036332769764,2.6944989424588153,-1.08236781316736,23.164375274147815,-2.5598218135094375,2.214827574361023,-17.740930997124327,1.3586727398847251,-0.3167458698255725,-0.24592065054059267,1.1920666892137732,1.7704286326247107,-0.1376753718746409
1.655,0.29171260504810925,0.00894473179302938,0.5257028913941593,0.003424298081421306,-0.005623643718990599,0.034492398535746586,-0.07834008512855034,0.2600569396518699,0.5768983653790691,0.0,1,Solved,129054,85221,321537,0.0807969533848252,6.110667527536862e-13,1.5565326805244695e-13,-0.5260492347507009,0.8323886208728908,5.126264040070357,0.3955980727735615,-0.8615314521030262,-5.6614732004643455,2.620469054349211,-1.0270099848195415,22.99707299955636,-2.5776497947823924,2.2234862511306055,-17.983195898850493,0.44459806545826885,-0.7958764080022591,-0.09387511484410407,0.2802865517075064,1.2927512541572033,0.06711914218280135
1.6600000000000001,0.29449002358865894,0.009169947377890215,0.5263760918098177,0.003152502110690774,-0.00438755889102531,0.034511998391657146,-0.08421954801992677,0.2492276076323044,0.5709917598034229,0.0,2,SolvedWithSlack,143010,99969,363597,0.15958141486906902,2.8910207561239076e-13,7.482903185973555e-14,-0.5130650574367329,0.8272934501926146,5.240803764203632,0.3825525632580992,-0.850061367040274,-5.750807177808597,2.577553731905071,-1.0000902375739595,22.83699594547733,-2.7197636469178104,2.5309897130526293,-17.42212941707291,1.3313906818331236,-0.3250203021346602,-0.2712884052774173,1.1775135329668536,1.7482155869727316,-0.1119137999765041
1.665,0.2972445849111214,0.009407485896861635,0.5270136323418058,0.0028502671752770737,-0.003153751521486368,0.03452942910499779,-0.08998606561054394,0.2529338336256959,0.5650252611843211,0.0,2,Solved,135947,105129,346284,0.08051936252308811,1.5423218258092675e-12,3.991251773527438e-14,-0.4998847199328542,0.8215897063669677,5.350318285795058,0.369354927052701,-0.8382931837976815,-5.839995852233984,2.6368043541330533,-1.1767931193013437,21.616614510116285,-2.6098699292654004,2.2807772543948768,-18.0478288114138,0.4424136859848618,-0.8206964387720617,-0.10591707672266751,0.2953403358655603,1.2883098003694098,0.06109615512372972
1.67,0.2999686768231851,0.009659088770815772,0.5276343294547075,0.0025250366884533738,-0.0020260885217281504,0.03460304726476355,-0.09582020635915589,0.22678063633897488,0.5584208133104704,0.0,2,Solved,128112,94609,326066,0.08628781623447267,3.346656285430072e-12,9.738876372011873e-13,-0.4870602130383137,0.8160794362982868,5.460442381319811,0.3563393800411701,-0.8269951694516531,-5.930786500575586,2.532678045942997,-1.0717635967104844,22.17332711727842,-2.6037866539498937,2.2568147267355805,-18.205217922007208,0.41086022678544654,-0.7925740071522168,-0.14668928759860353,0.2587918950414251,1.2362466237737957,0.12588553612405107
1.675,0.3026618560010237,0.0099265327646559,0.5282394184067882,0.0021730528511134,-0.0009982120006216714,0.03460618007957459,-0.10163789815200724,0.21140933041889692,0.5521818591620865,0.0,2,SolvedWithSlack,141196,86223,331226,0.19433926097660903,3.836930773104541e-13,1.2301271112846734e-13,-0.4745887260072239,0.8107344989152896,5.570937324916649,0.3433835003200238,-0.8156373970643914,-6.021330613671656,2.474277113775242,-1.073411269253957,22.020450283225195,-2.585087144594788,2.2848324079630062,-18.03872434577998,1.2508087043760947,-0.3375519421612997,-0.33037674366023534,1.1020314772148996,1.637138813944401,-0.023926525948290964
1.68,0.3053253384431734,0.010208287115337455,0.528826894256133,0.001795115794622628,-6.439328180849809e-05,0.03461379824334468,-0.10731054010361839,0.19445251588538331,0.5458547611313649,0.0,2,Solved,136618,92906,333921,0.10085717846169337,9.28812582401406e-13,4.374278717023117e-14,-0.4624150581077959,0.805239361230258,5.679481871089037,0.33051995996823386,-0.8041183947996271,-6.1112138233899005,2.4095370676285977,-1.1169058454718108,21.49574560773444,-2.566884901672453,2.317667972797488,-17.937322722529686,0.4000362780906402,-0.7836941960473879,-0.17145720338487871,0.25642310019551984,1.199452590893338,0.14759296640716926
1.685,0.3079622156144278,0.010500632491971765,0.5293856613578055,0.001398270798345724,0.0008380903022808924,0.034642553681262976,-0.1126991893481877,0.19423331807090216,0.5397579192922297,0.0,4,Solved,126690,114687,347386,0.09072827558333232,8.059108935754011e-13,3.630429290524262e-14,-0.450143574477635,0.7989575447046736,5.783011161261972,0.31740109001055483,-0.7917450095284373,-6.1976048931189,2.4129035725475516,-1.2306895515677625,20.70179701604541,-2.5972772691426536,2.4499359210408382,-17.323288526741823,0.40589268485239766,-0.8058881217112566,-0.15423806849166494,0.27648405118311753,1.216920584029804,0.12105444112279823
1.69,0.31056485517540194,0.010808587845015406,0.5299351393425299,0.0009726336846891486,0.0016206078894119944,0.03463366341866169,-0.11803624739803732,0.16944766947823264,0.5326771912789681,0.0,3,SolvedWithSlack,140245,127411,374027,0.17029872260746998,2.4868995751603507e-13,8.415490526658687e-14,-0.43837170936971465,0.793048107698144,5.88699503144045,0.3046212745865672,-0.779774152338916,-6.28507988413416,2.3278238444990196,-1.1681822837620257,20.79568928072543,-2.536542466823125,2.3712152575701237,-17.55323629464906,-0.4179396367538899,-1.2253499863220405,0.004531188785285457,-0.5429734528124206,0.7865047895268321,0.28950782843269895
1.695,0.3131322579299888,0.01111360220669026,0.5304752432582146,0.0005530829970761409,0.0022990061345290274,0.0345940066730146,-0.12334822574732335,0.1553481932027188,0.5253727411468364,0.0,2,SolvedWithSlack,136348,84980,333390,0.21784527371197498,1.7053025658242404e-13,6.117328865684613e-14,-0.42677892760387354,0.7871934504856264,5.991030743479055,0.2920614205124546,-0.76796655357429,-6.372383739713655,2.3170708976309293,-1.1791429706867091,20.796477719768728,-2.5001865699739794,2.362646247254598,-17.382534711222263,1.1733455568115092,-0.35112228028448716,-0.3703369653103575,1.0391680490814028,1.521953596083777,0.03609279860749595
1.7,0.3156659086968512,0.011420707608880639,0.531001692889191,0.00012912718086595924,0.002890701556706252,0.034565685706138626,-0.12855115397309266,0.13892176796570588,0.5184581705885705,0.0,4,Solved,127100,119195,346875,0.12563978589309693,4.902744876744691e-13,1.667554982986985e-13,-0.41541012908855274,0.7811520470834522,6.093132695825997,0.27968712116373107,-0.7560426487740524,-6.4585512765415025,2.2441318180881042,-1.2254254519170271,20.169703428601554,-2.462913495867251,2.4063504426054196,-17.12908909089358,0.3687839136667541,-0.7669773115084845,-0.21358763601826478,0.24022860074920221,1.1134758100014999,0.19098233487249022
1.705,0.3181700812811641,0.011729060192024968,0.5315027836631764,-0.0003025982497001809,0.0034409869556782844,0.03454637858898032,-0.13341984257708636,0.1311585172550718,0.5114822633834911,0.0,4,SolvedWithSlack,142218,130918,376111,0.17305896857613795,8.568035170242183e-12,3.5113023599819826e-12,-0.4040303527125063,0.7743688291970305,6.189127224923104,0.2671247668809191,-0.7432851587119631,-6.539833845919986,2.236183341845606,-1.3401006609613806,19.205842405483466,-2.44297192829711,2.4533489933880404,-16.53033493116479,-0.40249089356400397,-1.2018463510329802,-0.01826320685703517,-0.511299836282253,0.763177354230806,0.2942002465794345
1.71,0.32063599456234715,0.012017701318691421,0.5320036695400834,-0.0006935835500048975,0.0038538760780549323,0.03452755023701582,-0.13825234209549878,0.1056383375161523,0.5032667574847569,0.0,2,SolvedWithSlack,137550,105679,344080,0.21104244506128117,7.962630554914085e-12,2.604583215770617e-13,-0.3930513822003101,0.767923961610555,6.286505832138078,0.25513418965937024,-0.7312776079552914,-6.622972479290315,2.1813604930058443,-1.2738338507013418,19.574114047984214,-2.3768945234681205,2.383366808627368,-16.62897540713974,1.1264859291933882,-0.3770419650923935,-0.358772156604178,1.0124281589710191,1.4676951617488703,0.025738176874192296
1.715,0.3230639202489639,0.01228279598040922,0.5324978755509914,-0.0010390763132998688,0.004158578323648512,0.0345238094057302,-0.1430430624407874,0.08282466806582353,0.49511467624684885,0.0,2,Solved,128263,96372,340253,0.14645286514320616,1.6921751543400032e-12,4.526379271396763e-13,-0.3823282721880292,0.7614508588759601,6.383054224980661,0.24339696454012985,-0.7194171286722489,-6.705972742164063,2.123541928042901,-1.3145297352463228,19.11116703375846,-2.332888767256304,2.3705648222365148,-16.568459927096008,0.3444077579522591,-0.7310974800598333,-0.24896987074345048,0.22188966452764414,1.042423269652572,0.22803336974118468
1.72,0.32545646466921574,0.012518538429573326,0.5329814659743515,-0.0013301394761625496,0.004359650722871923,0.034558374057783586,-0.14764128620996533,0.06393851189054789,0.48742193480942153,0.0,2,SolvedWithSlack,165492,85732,411868,0.23714552474415296,3.197442310920451e-13,1.0091927293842673e-13,-0.371881526643454,0.7546921094909079,6.476940511562127,0.23189803211217527,-0.7075319964046733,-6.787730946534911,2.0684735662207077,-1.377797219138105,18.553185286928677,-2.278839892473917,2.3825013691489287,-16.204797003898932,1.1072011380026419,-0.33439597242968433,-0.40314739206506,0.9894805332946583,1.4041227167057873,0.0719534907909558
1.725,0.3278147676549681,0.012726889134173722,0.5334528524415604,-0.0015703161561210143,0.00446849297463477,0.034605352384071274,-0.15195395316616386,0.047166221234186144,0.4798093631296385,0.0,2,Solved,134443,103575,343899,0.14102138525384134,6.062221905023257e-12,6.733780200107731e-13,-0.36175353875122884,0.7476604398161046,6.567623905877539,0.22047727493344826,-0.695142266168974,-6.8670482576067675,1.9960595110120922,-1.4192988200371512,17.86659401999467,-2.306611791523315,2.5848764611156136,-15.552157878346371,0.35994122490444364,-0.7198731371622696,-0.23973635493153025,0.25336782526167045,1.0608714797720518,0.20139991565506185
1.73,0.3301394826843227,0.01291190522144616,0.5339049622446744,-0.0017755601762947414,0.0045240417874754585,0.03475380091712108,-0.15597432726295074,0.04405562850287304,0.4717431002148908,0.0,2,Solved,127842,101783,330244,0.14229279781457174,2.4484581029327046e-13,6.736278201913137e-14,-0.3514628443466797,0.7396139524377899,6.6512120892153295,0.20934134750935088,-0.6829207619626958,-6.94525238554988,1.99171117984676,-1.5518902133500574,16.950659514606347,-2.199009509368732,2.4072967784293238,-15.65572693937568,0.3478605808888354,-0.7151420783044692,-0.24189775628477195,0.24349796333105178,1.0309658792737268,0.20408423669838932
1.735,0.33242283092859604,0.013071290993664365,0.5343595395344105,-0.001926572181695191,0.004442654171921697,0.03481881151384117,-0.15992679078986607,0.03726978829761923,0.46340801462138337,0.0,2,Solved,136417,83848,320806,0.15327831552109467,1.0347278589506459e-13,2.1538326677728037e-14,-0.34180339609443383,0.7319819142268362,6.735851510120264,0.19849671923083229,-0.6709826204909325,-7.023116674655321,1.9014101144598627,-1.5230057709631033,16.848585695447255,-2.152659467287623,2.3830553183319703,-15.497385949319224,0.3375670435766653,-0.6819764179186776,-0.26057313638586094,0.22872317806757322,0.9926883485887545,0.23179924362769305
1.74,0.3346671208190328,0.013206794830380227,0.5348088914093864,-0.002030359876251746,0.004257032709693045,0.03484421756082699,-0.16372626418375538,0.048100675903392495,0.45537846549323513,0.0,2,SolvedWithSlack,140376,77476,317540,0.20899473615944336,8.663070261150096e-13,6.428191312579656e-14,-0.3324946054739769,0.7242918289120485,6.818817827703122,0.18788685889049694,-0.6590655652453818,-7.099651182044286,1.838701497715536,-1.5524323931836963,16.407706406800443,-2.1033615839910214,2.3863971130123507,-15.175879621323215,1.0902318864793634,-0.343223709149698,-0.3552910514710537,1.004620831735731,1.400347241483591,0.011985147813170583
1.745,0.3368725975747245,0.013315914448545114,0.5352477134132348,-0.00208624786002119,0.003983382994080495,0.03488866400976222,-0.16736224445787712,0.06289910361058536,0.44676878700512396,0.0,2,SolvedWithSlack,138873,83939,321888,0.23620347753324017,7.866485240981547e-13,1.0996759058912176e-13,-0.3234109950804378,0.7164235741261787,6.89959825323688,0.17738860857843497,-0.6471114912442142,-7.175490315534208,1.8025376131853383,-1.5886301115719113,15.98474443610903,-2.099653297442842,2.395505785138821,-15.164896779912713,-0.40139888655601924,-1.0104894207249633,-0.133233715674722,-0.510105575396859,0.6019065188967565,0.4015459118065083
1.75,0.33904182786038234,0.01339601223363302,0.5356644795023559,-0.0020857106562052895,0.0036730802019807893,0.03479612463428336,-0.17083438945827747,0.07308792502473672,0.43886395324627053,0.0,2,Solved,128873,98717,327619,0.1516744660988909,5.304090500146685e-13,2.0181079030123783e-13,-0.31465448668607887,0.708532933047436,6.978226266844419,0.16651201839855714,-0.6342288698587986,-7.242845013178042,1.7440204922155937,-1.6125698288253625,15.552672977564015,-2.101016058287964,2.4842220403468165,-13.999369118052716,0.3450627377429427,-0.647465622436964,-0.2578465923681145,0.24900015356263086,0.9826446496548507,0.22546136063251448
1.7550000000000001,0.34117036133753187,0.013470857786436509,0.5360783341250668,-0.0020809171610079854,0.0032824995842017646,0.034784490452716234,-0.17413090483662638,0.0821443498201945,0.43066053474934257,0.0,2,Solved,130036,98416,327509,0.15056664202493153,9.744011153500765e-13,5.012934511938738e-13,-0.3056933927173519,0.699737024903704,7.0511363620097525,0.15634223445101342,-0.6222046618349768,-7.314095800760773,1.7905706155357655,-1.7974707364174398,14.261214975208222,-2.0034159396597166,2.3793745794144048,-14.306817845111821,0.33831250909233535,-0.6517291161049089,-0.2559632914423836,0.2464585439285586,0.9654558127238813,0.21853422937511452
1.76,0.34325660201889274,0.013526294442730935,0.5364890896958625,-0.0020424438752169923,0.002794401854093226,0.03481526615338302,-0.17731085353157502,0.10774330387706291,0.42192874727301577,0.0,2,SolvedWithSlack,139183,86303,324142,0.22207199076301642,1.7111312367035225e-12,1.3364309658925322e-12,-0.29712032833152496,0.6911103498880113,7.123625178574989,0.14643249443223766,-0.6102616639190408,-7.385310196329978,1.6770199924261986,-1.6987363483813254,14.532886122212693,-1.9700835964078394,2.3971995859033957,-14.172868016187497,1.08249499071291,-0.2821924002982852,-0.3775223842971279,1.0021357952917935,1.340445937456305,0.036348069004588736
1.7650000000000001,0.3452996618149142,0.013552395173207502,0.5368952276663487,-0.0019486627333712143,0.0022017948444700997,0.03484749955249304,-0.18039270567816051,0.12828757846224928,0.4130938725837405,0.0,2,SolvedWithSlack,133983,88527,321848,0.25295610388770146,1.1456183224289873e-12,3.114175584073564e-13,-0.2889235620411569,0.6826554072346201,7.1955388374222,0.13661479405289034,-0.5982355645955962,-7.456076705723227,1.6181344694720874,-1.6934816707009994,14.248450324151374,-1.9618960056390249,2.4121880070550366,-14.137381052000519,-0.39871048132732884,-0.9271560283864655,-0.16287282563458189,-0.5078268619975731,0.5307460325589971,0.43002537660909246
1.77,0.34730265138628047,0.013552790141357943,0.5372886830832968,-0.0018053262369958206,0.0015437487495091585,0.03481346843545869,-0.18331957642113975,0.14089425479932477,0.4054765049237386,0.0,2,SolvedWithSlack,136658,85221,321216,0.23211381698993117,3.3504171659259896e-12,6.931399898491009e-13,-0.28109499757772455,0.6742322304145186,7.265450981326006,0.12664476579462056,-0.5856025391449656,-7.520869638520448,1.5272202328706261,-1.670995645993064,13.80171324736316,-2.042933980132062,2.6489412514089317,-11.757697086586116,1.096105482926878,-0.2347045121187466,-0.394593488882883,1.017360911017674,1.3367053605587786,0.0571383504201432
1.7750000000000001,0.34926568917660233,0.013534325840253702,0.537671674626043,-0.0016258903393342801,0.0008268761954431268,0.03470258210946753,-0.18605670741635238,0.1582907593783989,0.39634351975267196,0.0,2,SolvedWithSlack,139253,84901,322740,0.2639998568576264,1.7043982544762137e-11,1.4298284778391235e-12,-0.27348706614172624,0.6656183579680538,7.3329655326973135,0.1168749169588048,-0.5730083637458822,-7.5845636853705605,1.512775861290887,-1.7505352646522305,13.301246609443831,-1.9167584403119182,2.4659987420950635,-13.130880925208302,1.058972638218609,-0.17769557603060576,-0.4487997566579649,0.9556905779913271,1.2200930826258003,0.1311796667874623
1.78,0.35118354828156684,0.01349065971676209,0.5380557694582003,-0.0014086618466227683,-7.503418228603338e-06,0.03473825495040896,-0.18868043255387476,0.18233311705809216,0.38806255292599784,0.0,2,SolvedWithSlack,138491,91292,329012,0.26835695724381214,3.61126406556167e-12,5.677402992176894e-13,-0.266148855356981,0.6567334894764693,7.397321394026773,0.10754674240591067,-0.5608673639658489,-7.6506115054896675,1.4366641617705047,-1.7927187276791186,12.58549086584129,-1.8388566701455686,2.4150009785814945,-13.195021599238874,1.0567200932976413,-0.15217947222199266,-0.45620682731448065,0.9499996685203933,1.1926377251952882,0.14028515627281654
1.7850000000000001,0.3530606663140812,0.0134185461730181,0.5384361557969831,-0.0011427147652419256,-0.0009470066530801949,0.034825693504881794,-0.19106941838429822,0.20505126948665842,0.3802052019734283,0.0,3,SolvedWithSlack,140355,88648,328991,0.2669766411490791,7.637779297908764e-13,2.2583324099656465e-13,-0.2592321499414362,0.6476935570681115,7.45806358261816,0.09852782389285868,-0.5488305363571049,-7.715938172745568,1.3479568897948868,-1.8179531575762722,11.857891935284513,-1.7831949977882988,2.4063134484378503,-12.963376861545685,1.0642716137465826,-0.13185660472651511,-0.4538602899534344,0.9585731774586249,1.1869888674657292,0.13585451534979476
1.79,0.3549001493288305,0.013326106218157935,0.5388020206226067,-0.0008566670025589657,-0.0019444303384713935,0.03506462587029034,-0.19320327437769935,0.2228265321075255,0.37243627294588577,0.0,4,SolvedWithSlack,140275,126659,366122,0.25112095458025946,1.5645540418773862e-12,3.0003777240494856e-13,-0.25226543240090105,0.6378785742887705,7.507532355259876,0.0898536819663876,-0.5369784993576319,-7.779878548420582,1.2989336149584592,-1.882485091894773,10.38991256889682,-1.7303225210492148,2.394715896026117,-12.681234206020454,1.0848036328285844,-0.1385840702595259,-0.42690562278644106,0.9922794350627923,1.2248914700809033,0.09674641874453022
1.795,0.3566979776370601,0.013203992628561569,0.5391624526315455,-0.0005035337190991603,-0.0030521419000775294,0.03518335009736096,-0.1951146912752436,0.23973454552999446,0.3642620326703681,0.0,4,Solved,126529,130276,356814,0.1771012225228187,7.958078640513122e-13,2.6845192735436285e-13,-0.2462562884331827,0.6289171223564499,7.560283296164091,0.08098417804875158,-0.5242916165441603,-7.841189014609698,1.1497083898621694,-1.7549907691110822,10.531049806627998,-1.7797663106990311,2.5740593446144873,-12.130953774704043,0.38318308852165067,-0.4522581366134133,-0.3010720782887918,0.28538677035932103,0.8678547766313046,0.2549967121619087
1.8,0.35845088501062355,0.01308711288528477,0.5395202936575586,-0.00015481000248411268,-0.004259237638354472,0.035225434700164024,-0.1969017338775813,0.257717684213127,0.35483333959503544,0.0,4,SolvedWithSlack,140636,87335,328490,0.26670917830960245,1.9326762412674725e-12,1.5557277688316162e-12,-0.2407818682883876,0.6202314957201401,7.612027084189418,0.0722794471358705,-0.5117217033836806,-7.902054975095749,1.0611434665541906,-1.7263920985948975,10.203175942405922,-1.7234368642619409,2.496412048365108,-12.139833283441833,1.1185061187118004,-0.05990237515590435,-0.4534056031263241,1.0143974650245076,1.18483360808327,0.11838806836754254
1.805,0.3601585200817634,0.012991221052661501,0.5398780547444004,0.00015522623120281542,-0.005563175086482685,0.03524697100120854,-0.19857397398932247,0.27551665463916525,0.3459624794234016,0.0,2,SolvedWithSlack,140475,96833,335935,0.24047628435538138,9.520162436160717e-13,1.389999226830696e-13,-0.23577936182738574,0.6117010967255633,7.6614215147036395,0.06380500365734326,-0.4992821956514018,-7.962214075785759,0.9603121849905508,-1.6926857247688696,9.655185040993329,-1.680627764291602,2.4916329629501512,-11.941787403715217,-0.3674215238424465,-0.7884280467644152,-0.1579273407784305,-0.4727180886081853,0.44546745360490464,0.4088096834041483
1.81,0.361823200267208,0.012915359031296038,0.5402298696864816,0.0004298273893310327,-0.006941277549420028,0.035227055661635275,-0.20007874373630802,0.2834705902640967,0.33705626626968865,0.0,1,Solved,126158,82155,307902,0.19193661845919763,2.156725319168995e-13,5.676015213396113e-14,-0.2311863723989635,0.6033676956682908,7.70869477820268,0.055402990712136155,-0.4866470688057342,-8.020644944077626,0.8935595331819545,-1.6506853357574471,9.325196308699205,-1.6794508655905964,2.552923371497896,-11.506838367348658,0.40046425831334476,-0.37649919347873445,-0.32629225138063594,0.28626525491344,0.7770478830410105,0.27803912738924597
1.815,0.36344550552668414,0.012868721035408912,0.5405752426177638,0.0006530881582031261,-0.008369973806961892,0.03514692454137346,-0.2014239555338814,0.2946142123011968,0.32846132756251145,0.0,3,Solved,130166,98025,327959,0.16605541006245073,8.384709593300954e-12,2.0805579481475434e-12,-0.22701184778589972,0.5953071456140936,7.753896488430697,0.04698864307273162,-0.47351571085641536,-8.075218966460845,0.7706569606852824,-1.5413074349224813,8.858867519803932,-1.773584720020133,2.846451329244503,-9.419667316601306,0.46317248177090486,-0.3889300736591895,-0.2822941971061662,0.37487203228736904,0.8828623099504191,0.19535081185558612
1.82,0.3650284165887751,0.012834165303783217,0.5409006314343324,0.0008554728607431873,-0.009832869128982997,0.03497767404717155,-0.20257714050757683,0.30257793918268855,0.31934754136764215,0.0,2,SolvedWithSlack,140415,96703,336456,0.2819193733929135,8.881784197001252e-14,1.4210854715202004e-14,-0.22321183509724618,0.5875456566207562,7.797316237892507,0.03845495442668768,-0.45984234563246457,-8.126242724938658,0.7483670736557005,-1.5512570216602621,8.568466173803174,-1.6809723479202794,2.6956826277462884,-10.498061731331155,1.2228174151671598,0.04518466033543861,-0.47926293476795295,1.1089586291538398,1.154897660426826,0.11103771555300562
1.825,0.36656374498190814,0.012822533752068323,0.5412277444742909,0.0010058167173861551,-0.011389027246138106,0.034931819048125104,-0.2036870557214605,0.32070433027767076,0.31052699024275177,0.0,2,SolvedWithSlack,140085,125106,371983,0.2757487490577093,1.317147779733574e-12,2.707833957060757e-13,-0.2197440233649554,0.579873503212135,7.838433736855382,0.030268755956127696,-0.446491992796986,-8.178923877098956,0.6547063487315216,-1.5203652389954063,7.990987349971366,-1.6164749612038916,2.6673299743470738,-10.501792877878046,1.2417852679709824,0.054054157608437285,-0.46877287339810575,1.1296875638996562,1.154002315009597,0.09475101018994528
1.83,0.3680562609953317,0.012819288202177339,0.5415497519301137,0.0011338632587429697,-0.013041183287711419,0.034956029062848476,-0.20462645289835296,0.3383206468343274,0.30193003180053773,0.0,2,SolvedWithSlack,142900,75844,323892,0.2627019187714977,1.0353266854945531e-11,7.14595049799982e-13,-0.21676834597495553,0.572427151991277,7.876804692361902,0.022271254279529046,-0.43308964872400074,-8.230872343630656,0.5549860495383522,-1.4682185894342585,7.461427216814582,-1.5914547751059447,2.694603939030259,-10.299484209558479,1.2894864446130874,0.0584221066682095,-0.446593261911546,1.1889608739066682,1.2058149011763777,0.05072270639140104
1.835,0.3695060591418512,0.012820383042242537,0.5418616414757486,0.0012502729443944318,-0.014774444646521211,0.03500784123977719,-0.2054272283895103,0.3534201158222227,0.29297608516415097,0.0,2,Solved,126128,83528,307911,0.20029340301603954,6.973267449583709e-12,6.053629819646744e-13,-0.21425237786312457,0.565267221921383,7.912856608814199,0.014294999781183164,-0.4194637129287581,-8.281911593303311,0.46870366789687146,-1.4082446710983818,7.041427344046889,-1.5996117298370192,2.7482223267232255,-10.142930869965426,0.43586035755158387,-0.2976525344872679,-0.3404987851272672,0.3048225702143339,0.6814122443854349,0.2877243744124939
1.84,0.3709172051410206,0.012822038195790586,0.5421526648345992,0.0013701922500103517,-0.0165513139603384,0.03495857254526599,-0.2060576069826827,0.36155252850878844,0.2848726830646557,0.0,2,Solved,124665,99508,324072,0.1935865058723438,1.7754832326577485e-11,9.805212197733226e-13,-0.21233512500531723,0.5586221325974599,7.946580321042453,0.005995311584150832,-0.4048748604038388,-8.326185684024344,0.35514714867559194,-1.3288488721144185,6.524057065500016,-1.6183246814595877,2.8670962589953115,-9.187632179855507,0.48724146885939085,-0.2861428170920569,-0.32909705998298444,0.3663713909991475,0.7370777395933633,0.2473251392515536
1.845,0.37228444310341885,0.012849553227949362,0.5424468271508336,0.0014422200595151976,-0.018396102559956287,0.034910000660029944,-0.20654233423150828,0.37397543474666367,0.2763360035743717,0.0,2,SolvedWithSlack,177715,91433,381881,0.20774194535257143,4.4732516302214975e-12,2.1602164501643983e-13,-0.21077347077944159,0.5520759478563547,7.9778524767244825,-0.001985673517953306,-0.39057378954830124,-8.37255968683903,0.28287658675337174,-1.2934627082887045,6.077092492522138,-1.5879985319961998,2.8701215691612623,-9.249870667717273,-0.3483543682128064,-0.7345647781103564,-0.12911284398653897,-0.4527072880623817,0.3701694486863254,0.35316130709937144
1.85,0.37360717538075594,0.012903155952093405,0.5427367123086749,0.0014671589962400088,-0.02027516567575806,0.0348323042135077,-0.20692128815351607,0.3762498922711426,0.2674648754203291,0.0,1,SolvedWithSlack,145444,76094,328460,0.3083510135120047,1.6685507142621958e-12,5.017652959793395e-13,-0.2094680212286702,0.5457863900914139,8.00776353193273,-0.010075132773308917,-0.37591506668071833,-8.418203052295356,0.24815447562331375,-1.2346963608663144,5.922665879077564,-1.6387520496402561,2.9777482138318887,-9.023068402137293,1.396063547790809,0.21278934326021992,-0.524196722970408,1.2557282020865317,1.0918358980301213,0.10587714611460185
1.855,0.3748869705767056,0.012976950148763341,0.5430186570162764,0.0014512241486455489,-0.02219303834577782,0.034773377784166414,-0.2072218825622867,0.3914469737023613,0.25933573890489414,0.0,2,SolvedWithSlack,135586,86784,329623,0.21092042786550408,4.599688685491543e-13,1.587618925213974e-14,-0.2085760468618254,0.5398359867087413,8.035624559167243,-0.018148206114283225,-0.3607920745114867,-8.461549610275553,0.11563344774009279,-1.1228136929975276,5.375897787366693,-1.6481603727732599,3.189774758967816,-7.98253134656564,-0.343211615801328,-0.7040967942287,-0.14042839738678403,-0.4552836308452123,0.33399624567272235,0.3585647273713569
1.86,0.3761284191940609,0.013056604231722045,0.5432833557703409,0.0014228721363667956,-0.02415271533772317,0.03471063031830764,-0.20727331827085696,0.39315548611790724,0.25086328434315386,0.0,2,SolvedWithSlack,140014,86143,325935,0.20486379906271743,1.3583023594776478e-12,5.195566199489576e-13,-0.2080765375402176,0.5342676364143195,8.061723092734848,-0.026404948022884196,-0.3449793415289348,-8.502329920276678,0.08930004896342922,-1.102621403623822,5.126980454537725,-1.6612164281570232,3.170681388878613,-8.175688892955451,-0.3380017215054366,-0.703344778474801,-0.13742216272126126,-0.44945407016816313,0.3297099895351063,0.34826845840661963
1.865,0.37732220450694165,0.013173913175207191,0.5435480315568734,0.0013267052496612772,-0.026114485577565443,0.03459891953982961,-0.2073312605078218,0.39339114574540773,0.2422579888578702,0.0,2,SolvedWithSlack,137961,78348,315365,0.3236619848472255,2.7711166694643907e-13,1.6304210585793566e-13,-0.20771132402204295,0.528897415181257,8.086826654293343,-0.034859133493772995,-0.32884146525580066,-8.542655392267765,0.06239877679430165,-1.0535564702965783,4.953561366377854,-1.7143966133144668,3.2769711542533586,-7.959792648422911,1.5157517448004483,0.30004637345529817,-0.5502253742402834,1.363698341674123,1.0839215766761685,0.0909676589308836
1.87,0.3784727248312094,0.013310862374843462,0.543807130847395,0.0011881725797904673,-0.028115237723904375,0.03453398983606403,-0.20731228346032318,0.4095513486414475,0.23434059320215492,0.0,2,SolvedWithSlack,133973,94939,331907,0.2168129433944093,7.749356711883593e-13,3.4823532946148816e-13,-0.20774295579975943,0.5237963836155272,8.109673889300415,-0.043220412269526595,-0.31243501112641076,-8.581314022610304,-0.05493085917816565,-0.9963893825527763,4.306520375695274,-1.6504666889770903,3.2923916649531377,-7.572714183353877,-0.37107740148909185,-0.6933991301033321,-0.14389912103253574,-0.4964061374168742,0.24175583897679997,0.36858200377049577
1.875,0.3795872267983904,0.013448292765822215,0.5440453651994548,0.0010512733551097282,-0.030150934573968658,0.03435879677609298,-0.20705371262534944,0.40940659294696863,0.22637690543897926,0.0,2,SolvedWithSlack,139463,110519,350191,0.2178870800841921,9.237055564881302e-13,1.5554224574998443e-13,-0.20836274911068617,0.519331201053001,8.130593011305304,-0.052097989182898145,-0.2948282023924153,-8.611472612487258,-0.12324936048256571,-0.895170622173507,4.089590321171187,-1.7712521187820822,3.52581637855736,-6.50570911551896,-0.3364046586233932,-0.6561877948695526,-0.16879555202409607,-0.4667766456770017,0.24611469340680217,0.37040803614312656
1.8800000000000001,0.380655027737054,0.013619084590216988,0.5442863684290054,0.0008514477754241733,-0.03218202043319993,0.034207701061645446,-0.20673545528951484,0.40876238588105324,0.21834403026926677,0.0,4,Solved,123163,98236,320295,0.22101153706869264,3.4308424157192263e-12,1.1490947082748448e-12,-0.20902831479552814,0.5148921776277482,8.15015488474624,-0.06102724013648265,-0.27693503474869663,-8.644650003298578,-0.1426311947789884,-0.8778986078299685,3.795247516490537,-1.8046842292938419,3.6319542212491895,-6.6109476371008125,0.6227233064542484,-0.1351887096991536,-0.3757196130167775,0.4685713506859872,0.6148380619625249,0.23805757383199516
1.885,0.38168085216916714,0.013801463604591141,0.5445224343341832,0.0006248204201629781,-0.03422738030232282,0.03410547455828888,-0.2062792395828893,0.41371329072534274,0.2103754134534686,0.0,4,SolvedWithSlack,139504,143230,382082,0.3271886866698789,9.089014263441442e-13,1.4241385848379196e-13,-0.21005082347508502,0.5107988975980757,8.167817840741822,-0.07010645619025097,-0.2582614513782374,-8.674233121287886,-0.2476636841054085,-0.775044173663483,3.359219317847598,-1.8344782838678813,3.8243404787136708,-5.22102210602901,1.828246287918029,0.4315972236231984,-0.5562207673387941,1.7018216991848998,1.322224439962039,-0.039546812187615285
1.8900000000000001,0.3826665709102408,0.013954646111366186,0.5447502546460712,0.0004431854566507374,-0.036334368361740324,0.03408498287118804,-0.20563451017191176,0.4300823927010487,0.20063953932225925,0.0,1,SolvedWithSlack,135787,95250,335334,0.33352179960865147,3.870515019599452e-12,2.750299987752669e-13,-0.2114584236025648,0.506812468298506,8.182633323401491,-0.0791660887731205,-0.23931437270070663,-8.702912313790021,-0.3093474358895847,-0.8044110553505874,2.7011304495572026,-1.8094006407026042,3.792160828566826,-5.917930216261363,1.758608631127398,0.4399348644737966,-0.5669870593347075,1.6053208669565147,1.1664847526928117,0.019340743552426633
1.895,0.3836082371924985,0.014068562872167229,0.5449775733173081,0.0003266142946433832,-0.038530478217505416,0.03413780844469954,-0.20485580454134183,0.44649728560562485,0.1915479908429742,0.0,2,SolvedWithSlack,137560,85721,322870,0.23301314361159914,1.0050148647328117e-12,3.276406923546915e-13,-0.21330461599727396,0.5028610287636095,8.194080046325775,-0.08814281864160836,-0.22018127893430656,-8.732198114734741,-0.4125539097930893,-0.7509431410021875,2.0851175471453907,-1.793005698808818,3.941255159090844,-5.642255153867419,-0.3659517410263426,-0.6104462478558375,-0.17833615746613785,-0.5176814543483288,0.11912903447445028,0.39612234413971853
1.9000000000000001,0.3845130366270341,0.014147631669977028,0.5451902956118435,0.0002734528926813704,-0.040758660015641324,0.034227790830678555,-0.2037848605148994,0.4409928857071672,0.18329666459715488,0.0,1,Solved,137770,88016,327298,0.22646779903598316,4.5416170824097435e-12,2.457339887129706e-13,-0.21548876304362855,0.49905153227022647,8.202929208409042,-0.09743786630728059,-0.20015004046617307,-8.759699492649807,-0.4503313944515369,-0.7659702782420426,1.57527700320821,-1.902806943708415,4.0691109428864,-5.362643200728705,0.765581048943606,-0.03114319769746128,-0.3849952583611714,0.6144594081016013,0.6839520270067755,0.1892181971620039
1.905,0.3853749603812582,0.014217489855542205,0.5454055125114583,0.00024037609409435594,-0.04295966186476772,0.034209473286538394,-0.20259734835536294,0.4417181399909981,0.17480293670549835,0.0,2,SolvedWithSlack,142580,86905,329152,0.18506857405471686,1.233679824963474e-12,6.040029587595086e-13,-0.21796677731302133,0.49530459935266985,8.209094504201667,-0.10714798290378183,-0.17927534221530103,-8.784316231206251,-0.5527561674165659,-0.6849112465827987,1.0669423580571915,-2.00135354636251,4.347523917472075,-3.872671525418707,-0.18075972121964654,-0.502112775739322,-0.19803145020206026,-0.3088057838188449,0.3188959559813297,0.31461657589301867
1.9100000000000001,0.38619825081684866,0.01426024577661204,0.5456021327460542,0.00025801191909930463,-0.04514873598681203,0.03412797342127125,-0.20116394164188475,0.4338466311718357,0.16576054625626088,0.0,2,Solved,128122,84309,311769,0.2588776638419153,1.2408962746235375e-12,6.434366928154134e-13,-0.2207169746203651,0.4917310666188264,8.212997945518532,-0.11757687212033026,-0.15688308654131192,-8.805246066989785,-0.5517050363826715,-0.7250622394957978,0.6038715530560023,-2.1490584975256284,4.590445425792174,-4.224993112359976,0.9843510657806489,0.12581266892467086,-0.44009202853125595,0.8447885373644338,0.8652294939140708,0.13612410506358924
1.915,0.38697667588551754,0.014285450868240545,0.5457921178566971,0.0003053257889170264,-0.04732119812524779,0.03403587816100418,-0.1995462963512141,0.4377741205584051,0.1567395642356725,0.0,2,SolvedWithSlack,139994,89950,329482,0.41067653983841734,1.8932633238932794e-12,9.874601136772299e-13,-0.2237845345539171,0.48829937513721594,8.214192283953286,-0.12869097067254961,-0.13283497690451584,-8.823185673177514,-0.637211348822809,-0.6960317795438589,-0.04982918715125023,-2.2612565748086264,4.904745791534025,-3.5313807189882627,2.415512512273411,0.8677142027214346,-0.6981501177253094,2.29790361325561,1.701728275918408,-0.1416132691241497
1.92,0.38770875671889865,0.014271748535867037,0.5459758298660111,0.0004142507226045987,-0.049574165668161994,0.03408625721925252,-0.1976248945263682,0.4650717995225889,0.14723546878073768,0.0,2,SolvedWithSlack,143642,84099,328070,0.43537028124879495,1.6258600368801446e-12,8.944164853197378e-13,-0.2272826443714178,0.48482190044120926,8.211397305831971,-0.14014274132472,-0.10739650861825811,-8.842253592896895,-0.7464346987502607,-0.6962842549781648,-0.9196993321134612,-2.3232431535265436,5.205401075859708,-3.7885142397217653,2.4591706576322405,0.9477992518100072,-0.7401294781229514,2.3291098164463193,1.6861791625343954,-0.10096206289623817
1.925,0.38839269489695694,0.014204103338815366,0.5461512176964436,0.000614718379356974,-0.0519668117086581,0.034246851912128715,-0.19532380033085672,0.49993047425458764,0.13881993582856794,0.0,3,SolvedWithSlack,139413,94609,333069,0.4695340596857761,2.3359092438113294e-12,1.4680548443557484e-12,-0.23146030568040826,0.48133547393946446,8.20358388817122,-0.15203040944861398,-0.08037229605647153,-8.859500190526672,-0.8961986291353677,-0.6860532623860136,-1.9598064489697582,-2.4075777292156535,5.571285706008566,-3.3447080680581376,2.386760330978418,0.998891988276276,-0.7982079014658193,2.213508624619026,1.4776060552426238,0.01683328826085795
1.93,0.3890328335431666,0.014085901914435046,0.5463171687571119,0.0009065364150048353,-0.05451829738980047,0.03444162268413649,-0.19248963118968232,0.5327355384416136,0.1320379292258344,0.0,2,SolvedWithSlack,141607,98826,341255,0.5156068299625463,3.781197577268358e-12,2.3537005677809475e-12,-0.2366492374164202,0.47802836408455035,8.189751792123783,-0.16431536214015618,-0.051459892135928165,-8.871766948929384,-1.1413541026825815,-0.6211146308607036,-3.2596406820800596,-2.4847541221820357,5.960365681688713,-1.91126606298321,2.3703367461701235,1.080064912437348,-0.8765316109363287,2.1529161968660593,1.3010915548088717,0.11681868996180599
1.935,0.3896348080911573,0.013940640726493925,0.5464774740678073,0.0012513763949178944,-0.05726795118404417,0.03459404075678075,-0.18893239183047342,0.5733997879262852,0.12555563796114522,0.0,1,SolvedWithSlack,3041917,94999,3246843,0.5041367450183059,1.765254609153999e-14,9.769962616701378e-15,-0.24318343266189066,0.475024672400353,8.168538084413088,-0.17672995704581246,-0.020649575946705537,-8.875656736128056,-1.4160047008210113,-0.5919153684743171,-4.913005153275157,-2.48746754942797,6.309104462600442,-0.11641657791136673,-0.7979145840414222,-0.4757170523484141,-0.3924267765926159,-1.139748182363432,-0.926061635418436,0.8570324665311199
1.94,0.3902213884953421,0.01378112705024747,0.5466075998199446,0.0016351182872720552,-0.06014736705828716,0.03434249680416793,-0.184613028124719,0.6059360615967844,0.12669618503679783,0.0,2,SolvedWithSlack,142399,98456,358237,0.5228083968823107,1.6506240818614515e-12,8.93729534823251e-14,-0.2519000965976388,0.47350418211565704,8.139746863250698,-0.18973348404364965,0.011858897012128097,-8.825193310666835,-2.027752912603193,-0.016471417263820343,-6.272770147326232,-2.7017951918995,6.610404136137493,19.91718540903294,-0.3168761593042969,-0.39981098084246397,-0.5128914707976697,-0.816987092964552,-1.4840213920727305,0.8887742746999283
1.945,0.3908344800221119,0.013610513343694638,0.5466662701946093,0.002056479543183441,-0.06299409223123718,0.03360269802816307,-0.17962508842492994,0.5821051395900817,0.12521742422390414,0.0,1,SolvedWithSlack,158800,111681,385969,0.38842229419845165,6.296740906464038e-12,2.8363422721611187e-12,-0.2615651249408091,0.47172676001874486,8.094266055258295,-0.20178943490927187,0.04412038611303414,-8.740780511770495,-1.9487666823865981,-0.4931050352380731,-9.115896179691111,-2.210399948710239,6.467071544037769,11.034385955056512,1.0006258697468202,0.258167393956215,-0.6603179001373678,0.5308391110677526,-0.7491347847346848,0.6165053942578509
1.95,0.391431868858526,0.01350191015027383,0.5468226508544318,0.0023497296175194055,-0.06595759191611081,0.033412435792471606,-0.1733068952349181,0.6221359337548725,0.12701446141996992,0.0,2,SolvedWithSlack,155664,104157,372283,0.5232778527268945,9.935316458431487e-13,4.986150381469656e-13,-0.2720266980639006,0.4692195669265736,8.046347076818108,-0.21098999112788272,0.0746357721165113,-8.676498450083285,-2.2351076668082874,-0.4218642056200901,-9.895418873625005,-1.5548051998966563,5.704347161549622,18.85785807545763,-1.6576712109730265,-1.2311831025243003,-0.024862838841477327,-2.0458866584126856,-1.8367097346691779,0.8895723496357207
1.955,0.3920644387508209,0.0133406237100935,0.5468932850488931,0.0027408394702712275,-0.06913800029992127,0.033123947031076705,-0.16674297644134778,0.6590142778654097,0.1357358110000254,0.0,1,SolvedWithSlack,169109,96432,391018,0.3254265359817014,3.056957464941945e-12,7.349121311506224e-13,-0.28456457416024383,0.46868816037915334,7.995863989486574,-0.21867424433786067,0.10189733894227394,-8.519924321908178,-2.556929518783209,-0.08802793764824132,-10.397502075877407,-1.5528415321142612,5.580893112783094,31.20733876214889,0.16740283347741383,-0.5857228381947757,-0.21145925383904693,-0.31512759082932584,-1.4462253064670043,0.5532251111688924
1.96,0.3926923450453094,0.013249984786062666,0.5469935876842803,0.002991895608760847,-0.07211262807520273,0.032805783679350956,-0.1593304400220101,0.5754734067275301,0.12769424138046911,0.0,2,SolvedWithSlack,166454,98706,372273,0.47096426981535,2.4338864257344994e-12,6.138978214664803e-13,-0.29600832074217404,0.4659129326785134,7.938360915818335,-0.22495642369449007,0.12916910300890544,-8.423342157647417,-2.2225852454135655,-0.6926996828401227,-11.850328510489339,-0.9977427415032248,5.109346873310142,18.012189806378778,-2.4043063681272923,-1.989830895441414,0.4345164696401421,-2.8123257639784156,-2.5369747937850753,0.800639258686095
1.965,0.39334152121992877,0.013169996236703034,0.5470606960623702,0.0032154730396519904,-0.07502957093319895,0.03262399273953501,-0.15202934411830593,0.5881021699021822,0.1355452204816086,0.0,2,SolvedWithSlack,145795,111110,360912,0.4064649165844543,5.27738963640445e-12,9.4840801878604e-13,-0.3078713606127986,0.46415160351778856,7.883583186107687,-0.22922396576925444,0.1514489988313519,-8.278589908617091,-2.3590775853102928,-0.2870515433184873,-10.555815726694552,-0.8083090537611777,4.34771680887149,28.750460749460636,-2.2949606366167035,-2.0234689704413458,0.45964215631377325,-2.6846484340495516,-2.343795360669274,0.6909903581935724
1.97,0.3939943119698969,0.01314988199994436,0.5471198557612188,0.00334895916362959,-0.07758003600706022,0.03220607414607744,-0.14451361993029688,0.48336388584364576,0.13005806118303503,0.0,2,SolvedWithSlack,147919,92334,343388,0.09856077162266262,8.108853866151122e-12,9.353628982466944e-13,-0.31836556218811807,0.46119785208690656,7.839893994470627,-0.23346568749940966,0.17475722701241664,-8.190888154368269,-1.9846253499739142,-0.601336167178967,-9.126044022818402,-0.8021546664103534,4.7074227740625645,13.034598111350208,0.4876393098873811,-0.5928661871620686,0.054644216833642144,0.10269281588325978,-0.8843131698736308,0.16755331175852645
1.975,0.3946391034050092,0.013180428128990264,0.5471918714131917,0.0033720988041536387,-0.07992448334293169,0.03230331195122415,-0.13706226770854749,0.4712294795578586,0.13008897120688706,0.0,2,SolvedWithSlack,151997,105670,368627,0.31453687860313656,6.472739011442741e-13,2.2346013928142838e-13,-0.32758084327787645,0.4578420072314995,7.795072461477447,-0.23574950216258156,0.19517672826908225,-8.131711340335219,-1.7208335397612808,-0.7896250827658329,-8.818563739546443,-0.29902011754076935,3.757568518592473,10.317098788854297,-1.7802130674459016,-1.6039248311211385,0.36180667666386784,-2.11304988176918,-1.7477527381469007,0.5347126936253321
1.98,0.3952786664468603,0.013247142538352038,0.5472526676978311,0.003309116502868416,-0.08210053852052562,0.032556353837160504,-0.12986941548233036,0.4183579865344684,0.12880137216128595,0.0,2,SolvedWithSlack,140075,96302,339401,0.3124871962043103,1.309369279667294e-13,7.993605777301127e-15,-0.3362098825538802,0.4547087786421841,7.75195057662387,-0.23760790017731404,0.2144552893759889,-8.088037823011735,-1.7180154396915517,-0.5350603744903921,-8.421508652451045,-0.40006520870558343,3.8886160818597633,8.142207855329929,-1.954593944031742,-1.8293338953402927,0.5312282335473275,-2.3028658874844092,-1.9224003867307276,0.45609022659133286
1.985,0.39592220868619593,0.013332679180799433,0.547262154767904,0.0032187108588361143,-0.0840691861763602,0.032498495843293194,-0.12315651617083599,0.37752583919582666,0.13105285964807376,0.0,1,SolvedWithSlack,136848,90852,330825,0.29174019708728793,1.1365561269904845e-13,1.0547118733938987e-14,-0.3447839565221534,0.4532104336566267,7.71403883823026,-0.23936644470755092,0.232302070269301,-8.035657015921199,-1.6636169238504368,-0.2101712098918552,-7.046286335464948,-0.3478180923092755,3.4712287117940135,10.144230448390605,-1.8075015475055216,-1.7505204131052556,0.4959583350483895,-2.1523251051145276,-1.7622713678157629,0.4177561848087883
1.99,0.3965661988240042,0.013450124156672332,0.5472356023420166,0.0030691561776411635,-0.08575223050634616,0.032389513628710766,-0.117027701555761,0.31529736513569834,0.13130485214044618,0.0,2,SolvedWithSlack,136578,98346,358587,0.3114663863203033,1.0354911372800757e-13,2.5202062658991053e-14,-0.35259495416860526,0.4526144297434703,7.682634826104292,-0.2412126640150005,0.24939318194908364,-7.991990397626917,-1.550635367285341,0.013989803582903235,-5.7306925279928835,-0.3491991240304263,3.253515599372446,9.957986582214463,-1.7566476894236986,-1.7450504966065261,0.5294928567445156,-2.0964328951214917,-1.6973393793080715,0.35477522477106516
1.995,0.3972148130897352,0.013593107106640271,0.5471594989196585,0.0028770853659050343,-0.08711634117867224,0.03215448583851659,-0.11141913205268389,0.2586304882348729,0.1337746898471318,0.0,2,SolvedWithSlack,136789,99779,341104,0.11100221902500058,1.4776166401553326e-12,3.3199137883244134e-13,-0.3595705613600732,0.45242355637565435,7.666361200962206,-0.24340197907386918,0.26573392527315226,-7.95289210170345,-1.3450043139216004,0.1147113626998157,-3.4035879019220534,-0.4286314263103489,3.2030753216261094,6.881169727615111,1.7594824355928758,0.17826600161281603,-0.188703772342501,1.409752381016821,0.17898608929268411,-0.14081479918643258
2.0,0.39785130021077364,0.013750649996745018,0.5470744497531979,0.0026573556058470597,-0.08840449421324165,0.032220326191761114,-0.1064584451470363,0.2659257325159163,0.13067763559362328,0.0,2,SolvedWithSlack,144102,116380,364959,0.2975335452099148,1.3784529073745944e-12,5.42788036739239e-13,-0.3661511299979362,0.45308318959110533,7.6479038845305976,-0.24445411380516435,0.27972645008117963,-7.925176408478257,-1.2943383608799488,0.11236363803255997,-3.8716078426814353,-0.15852744684441267,2.604924784744281,5.08888274245288,-1.5950529316156414,-1.645961895424417,0.5058070268568552,-1.930862926241546,-1.5400697187891912,0.2850730361478679
2.005,0.39847368863208904,0.013927236013566213,0.5469855613320959,0.0023936633185752737,-0.08960253795404245,0.03226405463306118,-0.10198799520428224,0.22579818718877326,0.13130851041640784,0.0,2,SolvedWithSlack,162186,91463,363226,0.2717440644190822,3.674878110149216e-12,1.381172953784926e-12,-0.3723158972087746,0.4544997074869405,7.632468491503284,-0.24555249063662724,0.2923761174384816,-7.901717404857653,-1.1906131798225854,0.39499442522681527,-2.52927008648224,-0.25417715877323016,2.4765533157460404,4.439713650318229,-1.5007668295887535,-1.5760170379503065,0.46196490951243974,-1.840279455257109,-1.4675872626055018,0.28568687242756446
2.0100000000000002,0.39909410532296147,0.014124575335328286,0.5468585367031359,0.0020860027287627316,-0.09055877593339436,0.0322148671466046,-0.09826721505101597,0.19097955328201477,0.13457380283209977,0.0,2,SolvedWithSlack,144463,91743,343790,0.2543296459037443,4.3966566498632176e-12,1.6671664049283663e-12,-0.37809497474709053,0.457397896279255,7.623889622512385,-0.24697051095728692,0.30422304403787737,-7.878122172564468,-1.1432095205411883,0.716038955151867,-1.1595189022278585,-0.29501096377892927,2.2766716772934394,5.180237867292531,-1.4856992073218214,-1.5734049011979878,0.43236039803636533,-1.8326858045935799,-1.4730955502543754,0.31575173469708057
2.015,0.39971284299275495,0.01433842003986703,0.5466944000062265,0.0017430301128579938,-0.09130266859142398,0.03211697387214086,-0.09516704473238866,0.15006420569310158,0.1354509781400024,0.0,4,Solved,135326,130326,374257,0.048190061174305125,1.0300267583307487e-12,2.1777024628022446e-13,-0.38343297807557486,0.46152883670988315,7.621706119526152,-0.2487688556862142,0.31580493430636636,-7.85615935619911,-1.0237187408580875,0.9081867262241181,0.05203801785522391,-0.3978658903792193,2.330521258249976,4.0440751946222155,0.35023883522225074,-0.6035270403198338,0.0819231039963187,-0.003427066321173733,-0.5262007029658493,0.03839899954295284
2.02,0.40032059161978323,0.014558714950896407,0.5465230288780811,0.001385924463904556,-0.0918673627419376,0.03206888099778932,-0.09253464755208796,0.12470349019614052,0.1318839819963977,0.0,2,Solved,135236,92404,338359,0.033029539023714194,9.866534672609006e-13,3.6943365033792475e-13,-0.3882168130749002,0.4660866715737827,7.623565692253273,-0.25075832060143005,0.3268945615229736,-7.83864722247233,-0.9147210089735112,0.9159168899438693,0.5816744973197985,-0.39805422804818086,2.1412241215156502,3.1881849487211,0.4294205817010691,-0.5284726243794271,0.026394998099559336,0.0746717661702172,-0.4761583866371464,0.04554825280545524
2.025,0.40091393255406665,0.014756007836702608,0.5463563112794028,0.001068201014412047,-0.0923301402697253,0.03206157887017586,-0.09027473705586256,0.10442531199358705,0.12786033050474005,0.0,2,Solved,133382,92154,338900,0.030371684140658745,9.469022788088921e-13,2.7188667983679693e-13,-0.39255702488633837,0.4706469288036025,7.627393789631712,-0.25274275727572987,0.3371208805440062,-7.8243360765074375,-0.8376899039930121,0.9101765202759612,0.887268628846954,-0.3971918432295199,1.9834394566476583,2.6602559926763276,0.4756176444541358,-0.4859469462505399,-0.006872737246630685,0.11966787343402696,-0.4527328900184453,0.05028576041807899
2.0300000000000002,0.40149617384062475,0.014924207892473743,0.5461844892375544,0.0008040454037083074,-0.09272950416223746,0.03210370290153949,-0.08830292392433976,0.09316527115753931,0.1249818261515981,0.0,2,SolvedWithSlack,156575,102113,373465,0.2265243511955407,8.772552996527683e-13,1.7714996136675154e-13,-0.39662542300867903,0.4752589726285912,7.6325248713685525,-0.25449424687767336,0.3463100809218991,-7.811548695418842,-0.7909836475985432,0.9192564464427165,1.1022065531093412,-0.34323708523974705,1.7769287824452362,2.4387391430947885,2.2766657344409347,0.4968114275752013,-0.3850913970324192,1.9118046781577787,0.46955301790622983,-0.19994990019301948
2.035,0.40206165315078657,0.015064948134480194,0.5460242271532232,0.0005879707441764038,-0.09310504588592414,0.032179120561464755,-0.0864865883471506,0.08877591792865405,0.11786857028569675,0.0,2,SolvedWithSlack,161125,105039,386399,0.20719734944348173,1.0241894138340868e-12,2.7505775435088253e-13,-0.4003910166469454,0.4790871659549318,7.635904036642751,-0.2560460380136331,0.35448779689623977,-7.8017693385778095,-0.7324010597914093,0.6693396580064168,0.3968230466308582,-0.2834571207758498,1.5338989507442153,1.6601971789670664,2.2764373521107943,0.48654991984623613,-0.3522354940539189,1.9197360778509935,0.5016303516498044,-0.24226695849690844
2.04,0.402603701507852,0.015177683178899873,0.5458933334144046,0.0004199948056119947,-0.09351484260267102,0.03226312936610303,-0.08473320715740541,0.09120980687405451,0.1111775633505177,0.0,2,SolvedWithSlack,148390,83969,350582,0.21124815893464213,2.943077422393192e-12,2.413347299778934e-13,-0.4039017944900371,0.4818408440495807,7.636332980363504,-0.2572611826931913,0.3612443741221466,-7.796107137024814,-0.683390213675822,0.47347827046848956,-0.12045156144157879,-0.21509071185028983,1.2290167263972926,0.7896600728947665,2.3265388883415135,0.5271341374960565,-0.35912187018889163,1.9737487499743624,0.5507044853987237,-0.2640201046709212
2.045,0.4031233003417155,0.015260643240150275,0.5457851295685853,0.00030538020123417684,-0.09396074008308883,0.032348338069808046,-0.08312491255154099,0.09565170392573606,0.10501969210140102,0.0,2,Solved,131057,81995,330124,0.049596767107459604,1.7806381369389612e-12,2.528749779018291e-14,-0.40719672834155884,0.4836641229081092,7.634218551653604,-0.2581422012718175,0.36646899948170103,-7.794824926458248,-0.6430252650559435,0.29225363269352334,-0.6251952347259403,-0.1507453040666064,0.9237864779780998,-0.09436519329257914,0.6521618967342396,-0.3186970592997229,-0.08431450408268132,0.3008342850609024,-0.3164868731450942,0.019536590728199354
2.05,0.40362455953303444,0.015315447096202365,0.5456871671703832,0.00024161723097544064,-0.0944057196766801,0.032401534149042996,-0.08163764450980636,0.08499598921555461,0.10164497462572594,0.0,2,SolvedWithSlack,136168,77647,315857,0.22801898031486792,1.7084967121605565e-11,5.635492072997295e-13,-0.4103612519037507,0.4850794497117254,7.6308929576734945,-0.2590400715208606,0.3710147069105478,-7.796065665353263,-0.6246594393829173,0.27556234809750557,-0.6914470847407788,-0.19703099027085705,0.8992162775285996,-0.3457997545229673,2.413774857330981,0.6006441797629626,-0.38763226653527544,2.059776336794654,0.6001855204599834,-0.2720287756007743
2.055,0.40410886676713587,0.015343462356866186,0.5455956169215906,0.0002259046368800895,-0.09483773661799898,0.03244423745710193,-0.08026664725753817,0.09137018092177067,0.0964722944031827,0.0,2,Solved,128142,78288,305236,0.06177176646573831,1.4058008229733687e-12,2.6467543434716134e-14,-0.41336675359982283,0.4858738253209659,7.625685413207866,-0.25981834928406394,0.37465596252001115,-7.800214124708243,-0.5866294102592303,0.08160096025849042,-1.2772817560526444,-0.13028607402476328,0.6170062887854049,-1.1512733091137728,0.693930653365415,-0.2709361039340728,-0.10501200299175512,0.34027904400307907,-0.29844402838946155,0.02205157108825273
2.06,0.40457436221415866,0.015344199882297876,0.5455154936221808,0.00025930198867894956,-0.09527984348355441,0.032482165954506606,-0.07896874043935292,0.0850633831647671,0.09357164626205543,0.0,2,SolvedWithSlack,156386,80532,336615,0.19030099242546591,1.5207921727489193e-12,1.0688672169578695e-13,-0.4162692220090869,0.48621444948523485,7.618874470773694,-0.2606204290335356,0.37774662678288434,-7.806502447586597,-0.575147641847386,0.05774248243656589,-1.4193024905956997,-0.1789565415546618,0.6185168068236908,-1.3254403526626213,-1.0606315838036184,-1.1761300653085287,0.19001675622253508,-1.4166412208380332,-1.2322192817432838,0.32351168712329204
2.065,0.4050315075927851,0.015322406838524552,0.545420573387392,0.00033252445020313877,-0.09563172374776205,0.03245493724116309,-0.07769290034241591,0.062087586241113775,0.09388969377198719,0.0,2,Solved,129655,76615,305767,0.05664315909902515,9.985658133704334e-13,3.3415978317741235e-14,-0.4191489714187996,0.48692334372583523,7.612802244803488,-0.26195177037962286,0.3816248834543263,-7.811763107944462,-0.5748383047324489,0.19643595489593219,-1.0770911446505957,-0.32166122834739164,0.8788949294884367,-0.8661256701330441,0.6739719413419782,-0.29188680940981837,-0.09629337046834274,0.31267039152395837,-0.35081980534865786,0.03482110276264655
2.07,0.4054817957130917,0.015279549732412426,0.5453088034224148,0.0004423254717293041,-0.09587923198913474,0.032408289446308185,-0.07645137822239666,0.052985587726606956,0.09234179557830599,0.0,2,Solved,129023,77286,304946,0.05652433140445654,1.224819941650357e-12,1.3472556403826275e-13,-0.42192685856778656,0.48777327235612156,7.607026213565885,-0.26362258118854165,0.38595863815319303,-7.8164918941562505,-0.5441740265558433,0.15337089093950446,-1.208825836832176,-0.3440172572004766,0.8604121006865803,-0.9983447323515433,0.672152357288941,-0.29278705736632504,-0.09609136338757612,0.3086683171730098,-0.3671972502117753,0.03792848557434142
2.075,0.405919153073971,0.01521351706894905,0.5451973946671186,0.0005929381120489887,-0.09608435835481864,0.03238571246576666,-0.07525046020357776,0.050396735249980285,0.09054769948407705,0.0,2,Solved,138642,77176,314775,0.05688543749035341,9.587799304489053e-13,1.8942486468276343e-13,-0.42456943352335785,0.48841334583639096,7.600550047037559,-0.2654189784376998,0.39020975173417566,-7.821878483305146,-0.5186562200404192,0.11139671002142408,-1.3540236448483853,-0.3699959963065813,0.8445013373931738,-1.1286522294216481,0.6755635088877768,-0.287703604876131,-0.09670524373360079,0.3106095555492716,-0.37690953868722304,0.038970346628444286
2.08,0.4063440430693801,0.015124577342831682,0.5450859798814901,0.0007840580310862763,-0.09624652791325693,0.03236853704388798,-0.07408414600577247,0.05068064408552302,0.08908316424949399,0.0,2,SolvedWithSlack,139643,76945,319834,0.20687058707603967,1.2446155217560317e-12,2.0845131176727705e-13,-0.42709144449251873,0.48884354562957655,7.593319623484676,-0.2673479443586397,0.3943847942936465,-7.827909056882823,-0.4952147411817143,0.06916613504846139,-1.5086069693634647,-0.39658516073718464,0.8295231672190998,-1.2562796468042814,-1.1496854611202123,-1.232444679941891,0.20880327058941575,-1.5163497458296558,-1.3518328616788495,0.3516799980292674
2.085,0.4067611988754197,0.015014590225478413,0.544963345427976,0.0010120868060258916,-0.09632457787581618,0.032321591003433944,-0.07292247892766979,0.050325161035080376,0.09061412480172082,0.0,4,Solved,129675,80141,312390,0.04979187444180617,5.91336007937926e-13,4.565930966649034e-13,-0.4295638857510242,0.4895974671100184,7.586811287301032,-0.26971436365382606,0.3992757933473259,-7.832681867889253,-0.4928582275889497,0.2043541206175411,-1.1630591333435045,-0.5221675561643104,1.0762175162134928,-0.7500644311384627,0.6518700548713838,-0.31212663032272014,-0.08464618655107048,0.2812194511188993,-0.4339237439605845,0.048499180722075555
2.09,0.40717253782953566,0.014884778787099658,0.544826020643017,0.0012745480363135114,-0.09630184665437788,0.03226557193737744,-0.07178345675611233,0.056623496457576014,0.09006758648297754,0.0,4,Solved,127260,97714,324654,0.04987090719145218,9.839906667252762e-13,6.972894484036374e-14,-0.4319292099216428,0.490474463543095,7.580611786729834,-0.27234403569664584,0.4045427580321232,-7.836794063459422,-0.4680292483337212,0.16695987154957967,-1.2831643963836181,-0.5256116116532384,1.0356844413031072,-0.8718526107205322,0.6519561165336625,-0.3110159463253589,-0.0847805422254687,0.28021705141268494,-0.4486380112283985,0.05026775718522196
2.095,0.40756979881311006,0.014756829365853147,0.5446934442186289,0.0015322134641072892,-0.09627583233230289,0.03223775277168881,-0.0706996325568399,0.049221540539714496,0.08601567852144491,0.0,4,Solved,127891,80643,308012,0.05185927455142878,1.1440848268762238e-12,2.31939467632003e-13,-0.43431904070619715,0.49135715884353115,7.573948177787669,-0.2749056332008849,0.40950693546051586,-7.841577306371977,-0.484369232943117,0.1818742658517846,-1.3685132763740397,-0.5037047837963627,0.9642649722563367,-1.012807832011647,0.6635266344439621,-0.3033961685688693,-0.08816076673742892,0.290649841621089,-0.44615345091591085,0.049109153942907706
2.1,0.40795300545240065,0.014646032904236895,0.5445642077877341,0.0017576213998317712,-0.09626525473474574,0.03221998662496496,-0.06966319197432319,0.042678639429058,0.0824823013923743,0.0,2,Solved,125898,78999,303553,0.05276479157753971,1.9606451878706466e-13,1.33060229501325e-13,-0.43678704960169445,0.4922893491359184,7.566775774914982,-0.2773594603670765,0.414109956382582,-7.847061873719333,-0.4997339981414234,0.18900532158269642,-1.4801870755021165,-0.48237747179410295,0.8920109681463197,-1.1518271866394907,0.6720980437098414,-0.29995163669526803,-0.0897001456818175,0.29784350312546515,-0.4465895495362141,0.048491943067930365
2.105,0.40832304262287455,0.014551896397635003,0.5444367140791934,0.0019519131995961961,-0.09626670540519612,0.03220656068513336,-0.06866470608739102,0.0364821290334588,0.07922863308255391,0.0,2,Solved,125708,75803,306369,0.05307696377964003,1.1781686737322161e-12,4.16312817552722e-13,-0.4393290270555628,0.49324124156330745,7.558995713248179,-0.27970767501527594,0.41835340959141304,-7.853229612183168,-0.5142401502137119,0.19104300187053724,-1.6079052911098235,-0.4613898170656935,0.8204881262263538,-1.2867270096147096,0.6796046385427089,-0.29826336929424146,-0.09023083842538805,0.3039078491725037,-0.44764585321242106,0.047853487417028315
2.11,0.4086803808014158,0.01447418355465244,0.5443105208575177,0.002115565640057629,-0.09627870488906312,0.03219560284543071,-0.06769772133715386,0.03051691892338877,0.07615990178650396,0.0,2,SolvedWithSlack,132450,76866,315245,0.24607736950171102,2.3887935900190893e-12,2.3830937223578985e-13,-0.44194096153680984,0.49419178721512086,7.550544846228107,-0.28195207684050927,0.4222424096834014,-7.860061831290837,-0.5279344309954438,0.189321406197747,-1.7462368357687723,-0.4407576239860134,0.7500260702052741,-1.4183610723349682,2.636335332859804,0.7221908729527381,-0.41833152815290875,2.259198005967051,0.581002255992119,-0.28112520912994027
2.115,0.40902048047767126,0.014412675161180343,0.5441976517314346,0.002249340947332589,-0.09634494574883182,0.03221578428414523,-0.06677871230028527,0.03447716959469398,0.06995687244862137,0.0,2,Solved,126489,77466,302501,0.058066240232408806,1.645130212613033e-12,2.0317775240030755e-13,-0.4445550564405854,0.4945470324052026,7.539745525810859,-0.283782716704286,0.4249863771836466,-7.8694806306260885,-0.5208968708709624,-0.007153601587591936,-2.4399805271299595,-0.3188859542831224,0.4168554699394762,-2.1936720969462042,0.71794694388506,-0.26684102735940723,-0.09871260839509496,0.34234058730413086,-0.4161328890351715,0.03998684577794114
2.12,0.4093417042911985,0.014367002548651378,0.5441022091768407,0.0023541358283286355,-0.0964829848459798,0.03224511451497032,-0.0658815498157398,0.033737339289674,0.0666500537462013,0.0,2,Solved,126319,76084,300407,0.057913160468694304,2.432116140427265e-12,7.153305725537962e-14,-0.4472325779971191,0.4945189231949488,7.527007153902642,-0.285365331900453,0.42691710057035354,-7.880827684241816,-0.544170781438214,-0.005980066771657181,-2.6196666394262875,-0.3134339131082272,0.364899287144259,-2.3192087652187903,0.7312860865743158,-0.2596883151600451,-0.09845237279678032,0.35437494184444274,-0.40803340345832684,0.03698310643976259
2.125,0.4096513796168521,0.014337122779758509,0.5440056460842493,0.00242946234390564,-0.09662726546141959,0.032248696131842794,-0.06499947572154226,0.03206048299871986,0.06417376765147631,0.0,2,Solved,133522,77917,317960,0.05688919624089184,1.7399425433425875e-11,1.044220265811191e-12,-0.4500067818767399,0.4944779259968997,7.513386829153799,-0.28690099504549543,0.4285739335426696,-7.892812839916026,-0.5617442550554149,-0.010358919234119711,-2.7950608175012763,-0.30246918772003356,0.3088349568071333,-2.4487274188370978,0.7397886136839542,-0.2584468388264913,-0.09671163360951612,0.3610524440700384,-0.4059193361991847,0.036013073747344436
2.13,0.40994945866809906,0.014323031340502322,0.543908816920702,0.002475279404875031,-0.09677893140782953,0.032246236361979486,-0.06413268288956707,0.03166721665175897,0.061825367362275285,0.0,2,Solved,129755,78288,307381,0.05589508234774066,4.239091716540244e-12,1.727923359950978e-13,-0.45285975081572294,0.4944029534548388,7.49889016272912,-0.28837483016483206,0.42994218092788944,-7.905454531821264,-0.5765300814969192,-0.01857866845234552,-2.9706445798157866,-0.28943741597411365,0.2501234397965208,-2.5815088614461414,0.7488538695212476,-0.2565276003759437,-0.09502163999115912,0.3683486637958341,-0.4027400524964156,0.03504286493237005
2.1350000000000002,0.4102361156021104,0.01432462050213346,0.5438121715695271,0.002491759944603077,-0.0969377645789556,0.032243172289402225,-0.06328113791933326,0.032332244341567846,0.05965869164968828,0.0,2,Solved,127801,76805,303613,0.05491412461834293,3.1610564860118373e-12,1.2871370635991752e-12,-0.4557817291922223,0.49427872966388176,7.4835115562498675,-0.28978111865712297,0.43101191840407943,-7.918769923073276,-0.5897400715685766,-0.02949113643001749,-3.147749215847246,-0.27566195014134914,0.18973334544862808,-2.717758514952086,0.758536952407903,-0.25408271274151006,-0.09335401185118297,0.3762807566670401,-0.39858020411261197,0.03404805851493348
2.14,0.41051159055153746,0.014341749838516472,0.5437159626943758,0.002479146251749359,-0.09710318347244459,0.03224097953634898,-0.062444817556606545,0.03392580718467154,0.057699951528528144,0.0,2,Solved,135787,77948,319354,0.05393963589247077,2.0735774208802127e-12,8.30530089146464e-13,-0.45876604031426416,0.49409292201377025,7.467241979827376,-0.2911173606872748,0.43177555557479363,-7.932776920065741,-0.6017218428767493,-0.042769724779260464,-3.326795593008487,-0.26149024761945727,0.12789404447344468,-2.8576434879088297,0.7688277826836473,-0.2511727627068068,-0.0916973810172003,0.38482217128920815,-0.393503217029615,0.03303569723804253
2.145,0.41077614472866514,0.01437426650023458,0.5436203770155288,0.0024377069763762632,-0.09727451481713874,0.03224005658113828,-0.06162370591490822,0.03628049155918462,0.05596571534147886,0.0,2,Solved,127371,76214,301690,0.052966723545202946,5.102147870861273e-12,2.711858515525023e-13,-0.46180687381405044,0.493833948367317,7.450071051121737,-0.29238184124315003,0.43222591360107837,-7.947494130284864,-0.6125701250954535,-0.05834804577669007,-3.5079975138451833,-0.24699407400624002,0.06461528888411658,-3.001304214529901,0.779712814567115,-0.2478132775744999,-0.090043430026845,0.3939531090406849,-0.3875393052543141,0.032016693670880336
2.15,0.4110300492482412,0.014422010902019639,0.5435255711901487,0.0023677248833999984,-0.09745106177388535,0.03224051467206984,-0.060817780758688836,0.039221039825450124,0.05446906857664898,0.0,2,Solved,128163,75894,302541,0.05199219944652412,5.652422974122828e-13,8.56259507742152e-14,-0.4648986440182771,0.49349029774910325,7.431987525305793,-0.29357292393899775,0.43235563791301923,-7.9629407685687115,-0.6223076259450752,-0.07623638366879153,-3.691511424013637,-0.23216286193699137,-0.00016136950521189637,-3.1488551639217577,0.7911737314221254,-0.2440107812766591,-0.088386739059091,0.40365122621854366,-0.38071497737381177,0.031000852503761056
2.1550000000000002,0.4112735827450417,0.014484817968716828,0.5434316812533591,0.002269494147381765,-0.09763212356112556,0.032242392618215765,-0.06002700442739018,0.04259273597154732,0.05322065096501775,0.0,2,SolvedWithSlack,141617,83027,329092,0.2725013656201341,1.1088764455269295e-12,2.54601895122164e-13,-0.4680358084982327,0.4930503167937256,7.412979388723716,-0.29468881428236804,0.43215697346506626,-7.979136608338175,-0.6309366881138119,-0.0964724853243804,-3.877492570263799,-0.21695389258947276,-0.06652873341902583,-3.300407943073956,3.023704520790393,0.9324460507324814,-0.46325232155422796,2.6338037431449246,0.8002722055554059,-0.3343886076795717
2.16,0.41150183061512435,0.014562525345308986,0.5433517708601461,0.002143826063156168,-0.09786565614190415,0.032272033505004155,-0.05926395590226788,0.0635527440476255,0.0487844576865739,0.0,2,SolvedWithSlack,136869,88297,325946,0.23190957135266027,1.1924784076855488e-12,2.1739554600941347e-13,-0.4711368193024593,0.49181457926057004,7.391056664434217,-0.29539003636341665,0.43077123542965057,-7.998136330484283,-0.614245178315568,-0.3478255609054921,-4.728291185450183,-0.09076007511123499,-0.4171098795518434,-4.135269233516285,-1.3893030098670258,-1.3828984617786304,0.2809420195070372,-1.7774733356731374,-1.5169749522703255,0.39424627129952244
2.165,0.411718253252261,0.014654733019887381,0.543277461266919,0.001991112875071212,-0.09812356676269085,0.03228403785156939,-0.058479693547594004,0.05357037124936181,0.050897510005238726,0.0,3,SolvedWithSlack,140676,97524,337438,0.2739068266346817,1.237416419330728e-12,1.22291066162461e-13,-0.4743391604696055,0.4907086254401624,7.368707884347927,-0.29616975553209507,0.4293864981975162,-8.017159753637102,-0.655798721810618,-0.1391798244793075,-4.296513277444305,-0.19563720612595695,-0.1863495462711476,-3.5851055830944367,3.1168998859432793,0.9808460919418144,-0.4656416052789588,2.7240098675856115,0.8618898581893407,-0.35233727378346213
2.17,0.4119276778817191,0.014757841829714813,0.5431976574294383,0.001817300394474356,-0.09835541041591234,0.03228653406913947,-0.05772553284536389,0.06465503762880366,0.047009792348939775,0.0,4,SolvedWithSlack,146587,132129,379537,0.240425733534133,1.7755796832830129e-12,1.576239139211566e-13,-0.47749960282774734,0.4891736624439981,7.34464731897356,-0.29679810951411084,0.42741313177894935,-8.03770175452816,-0.6156898432324805,-0.42177391051822133,-5.164948862177548,-0.08459326508980741,-0.5287618920830814,-4.45772717789433,-1.4416695549999385,-1.4108049451486961,0.29246636314193347,-1.8339049822809106,-1.5422591120829854,0.40872374700802605
2.1750000000000003,0.41212557288531443,0.014855364031296928,0.543126748492203,0.0016531871711617425,-0.09858901243185511,0.03229195710586279,-0.056948828430017896,0.04710259211766679,0.046942337004785305,0.0,4,Solved,134253,92484,326005,0.05412130484704944,1.8474111129762605e-13,6.40321129452559e-14,-0.4806395994137487,0.4876226361530439,7.320116433747106,-0.2975982193170662,0.4255860463198021,-8.058193186930723,-0.6334891991709778,-0.2398164467132467,-4.737566572115335,-0.20880401652198824,-0.25809859205152874,-3.8594305315383015,0.865940877552791,-0.20245661889652833,-0.07763823200243339,0.471138196121178,-0.32287832739066247,0.020159391729962894
2.18,0.41232269746148015,0.014935776330466636,0.5430396505482075,0.0015191534352584303,-0.09871961359739899,0.032280255109134084,-0.05617452495286905,0.03261167403253766,0.04478638140442129,0.0,3,SolvedWithSlack,140245,105109,345153,0.2522910366815829,3.694822225952521e-13,7.620466757618516e-14,-0.48369659159203,0.4861988735141561,7.295809962666676,-0.29869286146499463,0.42418677405016575,-8.078010827216355,-0.5969567223351364,-0.31558801368060246,-4.9475087162779605,-0.2263051122464955,-0.29440565983866396,-4.035137226742954,-1.5198874557741577,-1.4546085277186256,0.3117556254958733,-1.9165250941135812,-1.5965134910268537,0.428894762358691
2.185,0.4125172278633631,0.014996797216486195,0.5429424435116417,0.0014193878543762688,-0.09875856413217717,0.03225922153516644,-0.055389949137106445,0.019670395667863525,0.0462509660300528,0.0,3,Solved,134744,82616,317519,0.05483580776116749,1.1713052402995139e-12,2.1188606424971113e-13,-0.48668971095514446,0.4851217501725687,7.272377088270399,-0.30021432515193536,0.4235577544206631,-8.096298291538762,-0.5983707943980596,-0.15080159742142504,-4.515256630154678,-0.3555860858898295,-0.0139633297722907,-3.406302550933788,0.8773729241786798,-0.20572677634976,-0.06472306206208672,0.47832306010104486,-0.3359226000732406,0.023052360340747646
2.19,0.41271166588987185,0.015038846181726536,0.5428300779953593,0.001352866625993294,-0.0986828872105766,0.03223347629178399,-0.05461116953325639,0.021805988484738862,0.0446551006949778,0.0,2,Solved,127361,77967,305807,0.055363637060383525,1.7494282932017935e-12,3.097522238704187e-13,-0.4895402582625815,0.48411755678013285,7.2492518145256195,-0.3020201396316315,0.4233257243942665,-8.11392610385893,-0.5523171786192806,-0.23406379990201967,-4.70104857017984,-0.3657917619106855,-0.06774155455318939,-3.6071845539554945,0.8858181929661364,-0.19877703203386066,-0.0630468911122794,0.4862246639113974,-0.33720074099544717,0.026087314750534607
2.195,0.41289837326103396,0.0150592822319295,0.5427227455946735,0.0013247388652337445,-0.09855758729486029,0.03222542901011782,-0.05386693037248488,0.029332052709936142,0.04243321619606156,0.0,3,Solved,130036,80141,308914,0.05623933044968664,2.5792701308091637e-12,8.424348458407893e-13,-0.4921697881194947,0.4826981555596854,7.225183323464177,-0.303890024704103,0.4228331588795893,-8.132553059020742,-0.5081376266137422,-0.31826711002546976,-4.892149509585193,-0.3797618034640977,-0.11916364935463418,-3.8059279141647484,0.8998292871949862,-0.18400476748657146,-0.06330039350838218,0.5004891892862546,-0.33104069271114045,0.026939595580235953
2.2,0.4130775207633515,0.015059111735018576,0.5426200990698058,0.0013332232315890883,-0.09838263775608429,0.03222074604852383,-0.05315583164563145,0.03879587612014348,0.040587889296794674,0.0,3,Solved,131078,85602,315987,0.05716653083499216,2.6249976313712925e-12,3.5177416535248085e-13,-0.4945940715210206,0.48087184662829446,7.2001527582769285,-0.30582454743146287,0.4220793762385599,-8.152172365042139,-0.469773941169293,-0.3970024558097587,-5.084921383881468,-0.3908614729081595,-0.17328570367917726,-4.00479767272692,0.9146644933598745,-0.16878181700913195,-0.06360584806379452,0.5156411465645238,-0.32351669468240996,0.0274944286160668
2.205,0.4132489046017492,0.01504357502805906,0.5425219751466931,0.0013687430396043965,-0.09816482527596526,0.03221629041941439,-0.05247665588647731,0.04762269753494359,0.039017824185639365,0.0,4,Solved,125868,79571,304946,0.058198100608648634,2.483720694390623e-13,5.4539706084710815e-14,-0.4968374764154853,0.47865962541886803,7.174146703168901,-0.30780088334435823,0.4210367812538216,-8.172794485438375,-0.4349448003626593,-0.47332909295757836,-5.2817857166418145,-0.3974043367224193,-0.23346141233766585,-4.206563725845938,0.9311696097383781,-0.15000972815478653,-0.06941428349734569,0.5321862705149449,-0.3162802943257177,0.03306527618948696
2.21,0.41341252913177534,0.015015414606242354,0.5424279511515498,0.0014264013255332552,-0.09791016550019985,0.03221137484569472,-0.0518224619878562,0.055097376336889145,0.03761504508181267,0.0,4,SolvedWithSlack,138271,112382,349931,0.2803326731018484,2.622093080856258e-13,5.122104454989562e-14,-0.49892445507182437,0.47606091916744664,7.1470603838956475,-0.30979064038360715,0.4196915833145462,-8.194346488772997,-0.40865515746722475,-0.5479344867228516,-5.508264841098257,-0.3952266084163042,-0.29665949685879667,-4.383131726071995,-1.7095501260233035,-1.539987804692037,0.3617906376206222,-2.1083935503541924,-1.720946867837589,0.4765655442731423
2.215,0.41357316922078136,0.014983679726011065,0.5423249963083843,0.001489154213138797,-0.09759195239982828,0.032195754293988646,-0.05115902169545576,0.07473179927990556,0.040203685628768894,0.0,4,SolvedWithSlack,136007,124896,360090,0.2981909486038007,2.2469396135371689e-13,7.386344140491996e-14,-0.501054588088573,0.4739746875893366,7.121093625079931,-0.3120799840451416,0.41900688988737056,-8.214227400598832,-0.43671525100551517,-0.3318646242145497,-4.986353830599026,-0.49874839718071756,-0.03149451052113503,-3.7064071341780065,3.7073012079396563,1.317474697205308,-0.5069246126264612,3.3057110096003486,1.150845160874174,-0.4247716277355843
2.22,0.4137277120781445,0.014954390006304717,0.542220900884764,0.001546543124511982,-0.09724359216068565,0.032189170820390516,-0.050529551932127575,0.061981288767931866,0.034586695839283574,0.0,3,SolvedWithSlack,134735,117973,352816,0.293850838075143,2.4882487563437916e-12,1.0794282134796163e-12,-0.5030422101881573,0.47125893487861525,7.093260506117086,-0.31413066801344675,0.41749600637983475,-8.236042377395307,-0.3718827784645608,-0.6851233911488889,-5.958661745876375,-0.352123945709843,-0.4829054967469797,-4.803700775349326,-1.7736400014551281,-1.567577612823111,0.37220218315304326,-2.173029970522766,-1.7578348990814547,0.49954642472774313
2.225,0.4138714437318441,0.01492862762148425,0.5421278523288554,0.0015970686061005262,-0.09690901496495614,0.03218322970954125,-0.049894369251115595,0.07767086334020779,0.03625210518008331,0.0,3,SolvedWithSlack,134865,95610,329742,0.2914805485359045,2.180661033690523e-12,3.436417816971016e-13,-0.5049985493806608,0.46848061813119435,7.064972742528908,-0.31621906239423386,0.4159351725747719,-8.25783816974314,-0.403739924508053,-0.4706677737223391,-5.460005898758389,-0.4596030324445948,-0.20055752398822646,-4.06547277488015,-1.824149496244821,-1.604797421872654,0.4010267861764092,-2.225813372929133,-1.7864654561334243,0.4955169325110376
2.23,0.4140204598568953,0.014911582219717246,0.5420053282681041,0.0016302059786266175,-0.0964475312868125,0.032150045657038266,-0.04923296361673453,0.10288963945489023,0.04045350640521763,0.0,3,Solved,129294,84720,319314,0.06200248343308168,1.759680292104382e-12,5.118683255034284e-13,-0.5070989621799852,0.4668368715017085,7.039500520674025,-0.31882149800366877,0.4157053107656334,-8.276182767930477,-0.4313768759624208,-0.2341742598476018,-4.852321451578786,-0.5599818662568004,0.056015212178358226,-3.40596984664582,0.9920397349293069,-0.12774899304326626,-0.04217045733120922,0.5864125405208633,-0.3034163649748334,0.029539790161005053
2.235,0.41416910210914465,0.014904776321754912,0.5418692134084623,0.0016431932161218542,-0.0959097836785093,0.03212580892926545,-0.04861579009756941,0.10778639036048078,0.03938925403428523,0.0,4,SolvedWithSlack,136779,91333,327328,0.3122553696281863,1.6271428648906294e-12,7.10931313818719e-13,-0.5091833894579494,0.4654891458181167,7.014813334536809,-0.321500143929492,0.415591310907364,-8.29402366485992,-0.4079320362258085,-0.2933336682673266,-4.99757940207764,-0.5206515054331964,-0.07486820973765075,-3.6780406665922336,3.938958828272359,1.44332823409832,-0.5308341283679167,3.5329855025936263,1.2630574740388967,-0.44093096620935635
2.24,0.41430395797695524,0.014907318526703411,0.5417546120845884,0.001638283311153483,-0.09542059934501505,0.03213353280489956,-0.04806373881608389,0.08816403654194575,0.03196223508154796,0.0,3,SolvedWithSlack,135907,112783,347687,0.31635417358041,3.169020601490047e-12,1.2363166046469587e-12,-0.5110106647724786,0.46285269845062,6.9866425730459465,-0.3235949017176801,0.4137568367582933,-8.315763608500747,-0.3369899771806427,-0.6850464709040244,-6.064077273113884,-0.3539405632407485,-0.5598786123576454,-4.797546390014286,-1.9197733351209119,-1.6488880839849038,0.40881602089573305,-2.3218958108272547,-1.8426540689026543,0.537802095086697
2.245,0.41442837365573215,0.014912785645856168,0.5416532535037453,0.001627797735369903,-0.09495259298898182,0.032135366376954654,-0.047482950695916064,0.10373451760599067,0.03399344281195467,0.0,4,SolvedWithSlack,135846,100099,351053,0.3234531428411199,1.574296248918472e-13,1.1617096173921482e-13,-0.5128040915708751,0.46011164057543275,6.9579338167181355,-0.3256997652175673,0.41187181162776454,-8.337323380376702,-0.3721151107972234,-0.4590444950384951,-5.5305774882406356,-0.4640190604906345,-0.25732691632993365,-3.991070176604521,4.0661292976889545,1.5299646382062169,-0.5498703428299039,3.661874514783908,1.347086850222381,-0.45422643316966976
2.25,0.4145477300047077,0.014924282057813458,0.5415509156959398,0.0016054753519988327,-0.09445900421743421,0.03213695165200235,-0.04689479780078073,0.08935769518757887,0.028200294223786136,0.0,3,Solved,129916,84319,313513,0.06611920833708448,1.9399420492314384e-12,8.593180420707336e-13,-0.5144235329680646,0.4565608363879503,6.926890829131095,-0.3275034766608638,0.4091090548924709,-8.360650065917582,-0.2918109443779092,-0.8793219154780575,-6.666483507606651,-0.29484929549861694,-0.7476989983202796,-5.118252424181361,1.0579073333933517,-0.0547821297262554,-0.07469932143617514,0.6571134115021278,-0.24729532832235956,0.059061439800949966
2.255,0.4146516436377317,0.014937853579441687,0.5414741416073963,0.0015796354307468351,-0.0940342477015171,0.03214852710369439,-0.04627540536152761,0.08529490653153315,0.025415566989091372,0.0,2,SolvedWithSlack,133152,86743,318301,0.338647153148968,6.963318810448982e-12,2.4492075034743266e-12,-0.5158193617668065,0.45182978355203424,6.892466755056947,-0.3289032982592475,0.4051616671916459,-8.386479741326694,-0.2700275928241462,-0.9931297061125329,-7.0355227586388365,-0.26831295555722046,-0.8202993411103433,-5.201682745368471,4.1829334820373045,1.6174456555871346,-0.5757001603532456,3.7832840137193235,1.4308718376072571,-0.4550489567654642
2.2600000000000002,0.41474296405154865,0.014957042742167267,0.5414142003156973,0.0015431055399872126,-0.09365805342463618,0.03216575181618263,-0.04560787826731428,0.06627912194457403,0.019416586366851934,0.0,4,SolvedWithSlack,134784,136969,371141,0.33018141697157727,8.817835350782843e-12,2.9407587476271146e-12,-0.5169163330978613,0.44549039325838535,6.8535170187619725,-0.32972363413856065,0.39960882394270936,-8.415694957437818,-0.18663469856625362,-1.4522298458621057,-8.298658049283524,-0.09132601326464537,-1.3098044243592688,-6.277279209764482,-2.048547514200959,-1.699954499206478,0.45218781038107314,-2.4449283891787044,-1.879267362679795,0.5613084088516813
2.265,0.41483056812818087,0.0149860831979609,0.5413480277142425,0.0014922137235392793,-0.0932369221022767,0.03206033012956017,-0.044827747171373784,0.10397914746602739,0.02801755845927127,0.0,4,SolvedWithSlack,141217,120517,362064,0.3206765911902445,1.8676459684341395e-11,9.943157408542902e-13,-0.5178892567215042,0.4385342463589072,6.820224893331013,-0.33073725360214823,0.39383066749462736,-8.439516561236758,-0.2526598975654147,-1.2338561833738555,-6.711272832686755,-0.21171472456612828,-1.1307797092524485,-3.2727975405341243,4.265904970825241,1.641210291157955,-0.5451502050234156,3.85905783803133,1.4663830539560514,-0.4959237652168207
2.27,0.4149133412879879,0.01500905974064068,0.5412796975403997,0.001443692588636701,-0.09283297101359798,0.03194309625275983,-0.04415640786492651,0.07288376895946133,0.017451395575431676,0.0,4,SolvedWithSlack,138141,137018,374648,0.3400409503551578,4.802771028100672e-12,5.315192730392937e-14,-0.5187218682371343,0.4310022305224889,6.780527007003226,-0.3312485626741392,0.38683459304089807,-8.465902750621161,-0.11028146463221361,-1.6977009040452797,-8.628405424503997,-0.030827370934478716,-1.5993571637657138,-6.309590308463425,4.324829277015414,1.706846345668029,-0.5780696156037682,3.9271508464955565,1.5191360757244206,-0.46463357471389083
2.275,0.4149728729371912,0.015023909239854397,0.5412601485721367,0.001414136588389633,-0.09253129382999567,0.03193166238478744,-0.043485027751119565,0.05326561586731686,0.010635518158652213,0.0,4,SolvedWithSlack,143952,136558,385608,0.3622142881836224,6.875108121695561e-13,1.3988810110276972e-14,-0.5188752914634223,0.4209306302571402,6.732749112320707,-0.3308914596059704,0.37739752539997884,-8.502246310934526,0.023986870872939953,-2.2322165251177806,-10.150479624592396,0.14086808397515488,-2.0889610896468525,-7.841768100756471,-2.2205769280133776,-1.7774717602782493,0.48772801378396385,-2.6118522625021696,-1.96060685181742,0.615764289912158
2.2800000000000002,0.4150251473371781,0.015033109459928631,0.5412445840901094,0.001397849592022421,-0.09218734179332375,0.03190118661960012,-0.042670805768636744,0.11338499671962342,0.015230943550499764,0.0,4,Solved,139964,139594,402300,0.06897540939372945,7.666089985036706e-14,3.193105502230509e-14,-0.5186176231357519,0.4099929042292545,6.6880485821290225,-0.330760026207405,0.3681686141976291,-8.539001516831295,0.08627260891044142,-2.198462377881594,-7.7086645719337605,-0.06522641537027574,-1.675207954323653,-7.014652568924695,1.1036065502996713,-0.010047977993141721,-0.044686839725310956,0.712903282968667,-0.18249944112638272,0.07200248750306548
2.285,0.415082453574932,0.015032745125417754,0.541198495511382,0.0014052802575783784,-0.09174413518312083,0.031850158932490484,-0.04177994030702035,0.07987143734895444,0.013652375451477818,0.0,4,Solved,125967,124185,356523,0.06955650014264375,8.104628079763643e-14,3.6665115388245795e-14,-0.51828466648702,0.3989605475542935,6.6429976660515955,-0.330464604540086,0.3589269612494588,-8.57350671952548,0.08731979031203715,-2.262457757106423,-9.62336780019616,0.08251837530092326,-1.893907845046817,-7.0175329415285015,1.1129040022823,0.0046188075776872894,-0.034651935371898174,0.7204346542758641,-0.17844913561040604,0.08971449963119052
2.29,0.41512965727470036,0.015030966640606033,0.541161228072889,0.0014058666562929499,-0.09129609783433795,0.03185755350780737,-0.040824112357641704,0.11983064221815475,0.013125185417478097,0.0,4,SolvedWithSlack,139293,124756,365521,0.32679193080357644,2.6263479238619603e-12,9.009459844833145e-14,-0.5173563552480045,0.38682699733538567,6.59214451558813,-0.33012312611640043,0.3493595240512829,-8.609261682931702,0.27240637870195217,-2.5634328017067887,-10.498741141355637,0.053250692462403194,-1.9292844020444344,-7.221406581199739,4.526873647258999,1.8144253513717852,-0.55554628236608,4.137059201248328,1.6474414450164694,-0.4660062161886951
2.295,0.4151656691696538,0.015030178412093212,0.541136605775236,0.001398667748335056,-0.09082479578313211,0.031895750108572145,-0.03986772725734771,0.08006407559969991,0.006064316543899564,0.0,2,SolvedWithSlack,138161,139273,376872,0.4150194490043383,4.426681243785424e-12,1.6358026044827056e-12,-0.5157342286373215,0.3724362155269054,6.535559890125523,-0.3291028172473767,0.3378926673011119,-8.648981302119768,0.3754519098352357,-3.1087097545842357,-11.87011150738501,0.2992327960242772,-2.537367115564691,-8.425780511859566,-2.5720653206918787,-1.9857320177253515,0.5923592096643061,-2.954864117463236,-2.1414770983807174,0.7055330633073751
2.3000000000000003,0.4151932422400505,0.015018535076076369,0.5411120346471758,0.0014065959556914124,-0.09043705677324272,0.03185070966334875,-0.03885999298779724,0.08404131215775645,0.011437249290990052,0.0,4,SolvedWithSlack,138642,172897,415976,0.42337557340091286,1.1465845634051064e-12,1.7390255901972296e-13,-0.514011616543149,0.3575004534425364,6.481345567789865,-0.32790792835799865,0.32581646396056646,-8.679453877071365,0.40675054981067144,-3.0794344198704136,-8.08678904441322,0.10649232105355261,-2.2278187769695528,-5.335771638880887,-2.657957140950748,-2.0350605436502525,0.6104744053186336,-3.0442406300475797,-2.1883141193030693,0.7197384747815518
2.305,0.4152368741840276,0.015009919821629848,0.5410298529216923,0.001418933971769708,-0.08970712315536615,0.0315057131256874,-0.03765104265754295,0.14976134714155098,0.019662934013972764,0.0,4,SolvedWithSlack,147659,97684,346324,0.32127887332348243,1.1795009413617663e-12,2.2470914018413168e-13,-0.5119294973571507,0.34244378375792905,6.44654334476591,-0.3278238139123308,0.3156317925515086,-8.69939523279816,0.37255112404811475,-2.820538819108542,-8.572902854442109,0.04728555943164332,-1.9523604664811296,-3.634252669431596,4.730065644963253,1.9014784042388861,-0.5461740846499201,4.332826488898417,1.7244776929699728,-0.4982489690090741
2.31,0.41526680151070916,0.014998801940297487,0.5409640331534299,0.0014279364530191717,-0.089085210037164,0.03148305767976186,-0.03650357003026693,0.17039999024245878,0.014693139210032615,0.0,4,SolvedWithSlack,143291,116119,358527,0.28014781650273696,5.391104229701682e-13,2.786659791809143e-13,-0.5089711225640025,0.3262434014765348,6.38950014603755,-0.326416122382297,0.3038424206110052,-8.73334894218978,0.7691457256707637,-3.544192213297034,-13.459662626676172,0.45533663946251,-2.654158183889615,-8.885390191173435,4.482365064043791,1.7430399720376815,-0.47142882454994406,4.103596566624,1.6017402980923503,-0.37324675669406393
2.315,0.4152783595119597,0.014990282707218316,0.5409288472651045,0.001439328250796932,-0.08852958509658083,0.03175528356289585,-0.03531733450684274,0.10818337790937882,0.00412572049043055,0.0,4,SolvedWithSlack,149222,131930,384447,0.49521966932721107,2.8563817977556027e-12,3.703704010149522e-13,-0.5047046655896715,0.3064730127805953,6.322406998960904,-0.3237792810639304,0.28907335530732675,-8.777692566864877,0.9343253733026856,-4.243960004246711,-13.607779188010818,0.5897591961432138,-3.167301574202938,-9.009567424080215,-3.1140803361359253,-2.3650461697224916,0.7647897856959381,-3.4793422196187573,-2.4557510084512466,0.8418734378562588
2.32,0.4152735885582993,0.014985134757099486,0.540911024095702,0.0014408173582918069,-0.08798876738751148,0.031819186021418,-0.0340251851675502,0.11462027103002323,0.004769824089770685,0.0,4,Solved,127491,124084,352095,0.10093829423155053,3.581135388230905e-12,4.5430326167661406e-13,-0.49993628047825,0.28567870171621673,6.257964953593972,-0.3211680830962424,0.27436381926654835,-8.81852209203318,0.9760087295947912,-4.112617406855393,-12.468349263968063,0.482534148057764,-2.799304030361634,-7.646105016475138,0.979530456675973,-0.16736028686463333,0.1087050713739772,0.6184275785180875,-0.2425007748093293,0.17159510019363589
2.325,0.4152649968761271,0.014995516597470367,0.5408754372389983,0.0013989602311251924,-0.08725784404611264,0.03189908866295317,-0.03266925318286742,0.1778696658028821,0.01060732053830137,0.0,2,SolvedWithSlack,141207,132270,378114,0.2591056294468953,9.021672298104022e-13,4.3298697960381105e-13,-0.49386501787381865,0.2633520886648886,6.1978763239112915,-0.31876639117401184,0.2599087390024335,-8.856852135681303,1.319763717984271,-4.656438114261112,-12.048494238289077,0.508978665623761,-2.970850539378356,-7.686609030844648,4.145690071150325,1.40099963305567,-0.3415395693015647,3.7967604022474006,1.3928619886700695,-0.31871685730403515
2.33,0.41524309773101914,0.014995715068767256,0.5408396299190633,0.0014059680266326506,-0.08657421769557071,0.0321289966998784,-0.031196669329062326,0.1331699461094442,0.008725111503309594,0.0,2,SolvedWithSlack,145304,123884,370019,0.5346229929073507,1.1795009413617663e-12,4.2010839251815923e-13,-0.48627511309190957,0.2374796600727528,6.130355644656519,-0.31484965977617435,0.2428190711266435,-8.902643276995414,1.766640656667151,-5.542694400697901,-15.477437019083272,0.8992875667480236,-3.733321368912187,-9.371155178012563,-3.226190534579139,-2.656928815618686,0.9088590879424963,-3.559068586035358,-2.61365120312191,0.9044517888831995
2.335,0.4152039558573208,0.015007819944476083,0.5408095164465869,0.0013494761660244237,-0.08581840050471905,0.032457398266412946,-0.02976163921496687,0.18648360268090003,0.012541615125524304,0.0,4,SolvedWithSlack,136558,137920,374538,0.19353042278367896,4.1660772054363804e-13,3.4638958368304884e-14,-0.4770373532450925,0.20889739283374872,6.073905792622649,-0.3108743031510968,0.22507579601636019,-8.944542171999142,2.031539975167907,-6.089091038702077,-4.010301840141181,0.6239849852820383,-3.370060899656219,-7.883917857687752,3.0964867645388634,0.4908426915072622,-0.004445601287043465,2.783415350837156,0.6635886560949432,-0.13916284028345177
2.34,0.4151566363159243,0.015026276459136515,0.5407573551098208,0.001302504248384447,-0.08476982151430068,0.03282847530091598,-0.028161908497853518,0.19179330585520687,0.014560086501277481,0.0,3,SolvedWithSlack,127020,99968,327148,0.38726772093159206,6.1847922616653506e-12,3.6770586575585185e-13,-0.46519008176210286,0.1757502220027038,6.034114865150779,-0.30593849285765906,0.2051948735607425,-8.98836510203596,2.4862891028781005,-6.901961601224809,-10.92185458823734,1.1534960972163706,-4.324531998935541,-9.044540628690545,-0.07787071769331415,-1.4568213609205696,0.6583551255837065,-0.3928164316375563,-1.2861882732145993,0.4126277814087692
2.345,0.415088046797452,0.015035917136072942,0.5407056327631484,0.001256031679046238,-0.083741622797991,0.03342141496603252,-0.026793890947903087,0.29648315134704845,0.020951514950609044,0.0,1,SolvedWithSlack,5952395,305417,6490160,0.35409433371184795,2.1316282072803006e-14,2.6201263381153694e-14,-0.45025867748874676,0.1372654531340852,6.009329756693886,-0.2990614848701603,0.1806774187962803,-9.024185681912423,3.193813387293854,-8.01227544661053,-5.140087393253921,1.5657471900061621,-5.2878282097822025,-5.909214587378849,-0.11340879952003341,-1.3825024602376519,0.6019603673101415,-0.27512575930918015,-1.2686183800673696,0.4743206565104597
2.35,0.4149916062136152,0.015056906561676252,0.5406397041557277,0.0011496688394648186,-0.08265205078622319,0.034176057950145354,-0.02570266372323008,0.32460760500096414,0.030411685980445205,0.0,0,MaxIterations,8792590,87966,9123504,0.0,59.62855677220157,7.61119070903075,-0.43214559212814807,0.09364780253944832,6.006725663204985,-0.290518239030705,0.15248434061987035,-9.064015921734697,4.020367580706803,-9.387908597574997,6.0619287899271495,1.8213377842434957,-5.942830974420218,-8.890903036313496,-0.11340879952003341,-1.3825024602376519,0.6019603673101415,-0.27512575930918015,-1.2686183800673696,0.4743206565104597
2.355,0.4148600107273325,0.015123475449776227,0.540527930972493,0.0008948860311166931,-0.08138504177510018,0.03553308396297839,-0.024857999086449773,0.37099482720256605,0.04061464890563262,0.0,1,MaxIterations,8170264,87956,8373998,0.0,61.74013137153239,9.088790317868547,-0.4103001798963662,0.044070367001273716,6.029168725223686,-0.2796339644123084,0.1194828822447529,-9.089743233089727,4.657235520895636,-10.374748541461397,6.376737394042227,2.377682055890093,-7.000661667707878,-3.9117936006907823,-0.11340879952003341,-1.3825024602376519,0.6019603673101415,-0.27512575930918015,-1.2686183800673696,0.4743206565104597
2.36,0.4147064329736432,0.015242205259456368,0.5403332449661361,0.0004132675444241282,-0.07988643935868979,0.0377372340655291,-0.024128013880950726,0.6581639907432094,0.06520929919589424,0.0,1,MaxIterations,8177628,74360,8374129,0.0,65.27441849707553,12.166441761738838,-0.3839113466639783,-0.012880776506669715,6.110448998623024,-0.26634374195078797,0.08140713752232742,-9.11675397993045,5.700176027055951,-12.071007339023305,22.843482838260105,2.8403590098289437,-8.01674255184161,-7.4087180872380864,-0.11340879952003341,-1.3825024602376519,0.6019603673101415,-0.27512575930918015,-1.2686183800673696,0.4743206565104597
2.365,0.4145472046065895,0.01546862067220697,0.5400122766923854,-0.0005227053683210865,-0.07784553851272306,0.041400873858857185,-0.023422711091523538,0.9977200218490718,0.09884518366391772,0.0,0,MaxIterations,8306010,71475,8489417,0.0,69.79786174620105,15.7109788317695,-0.3523038744413691,-0.07830894888943925,6.274086258406705,-0.2501703420201895,0.03707809205518217,-9.130740548156881,6.74969149150074,-13.762632377577061,39.32069855008992,3.45703550175247,-9.33303695451394,-4.677019393539491,-0.11340879952003341,-1.3825024602376519,0.6019603673101415,-0.27512575930918015,-1.2686183800673696,0.4743206565104597
2.37,0.41439862815963563,0.015804005905000255,0.5395166394627783,-0.0019248677351132721,-0.07520708893045773,0.04673831126283212,-0.02279344807207057,1.3775281157924293,0.14078886571002555,0.0,0,MaxIterations,8375992,64562,8564228,0.0,75.23247351386577,19.68580914131615,-0.3153772910368878,-0.15215953241260474,6.520157359134805,-0.23083585390875613,-0.014020718096590803,-9.127804498326991,7.813109542016044,-15.436561989805412,55.81415240358015,4.131694255497301,-10.779531285005689,2.0492235653007436,-0.11340879952003341,-1.3825024602376519,0.6019603673101415,-0.27512575930918015,-1.2686183800673696,0.4743206565104597
2.375,0.4142893042024934,0.01622690035660253,0.5387628191722386,-0.003697985077964275,-0.07190438360830699,0.05401755483811199,-0.02233953712627486,1.8158029744882322,0.19854928054571436,0.0,0,MaxIterations,8232491,61396,8401119,0.0,81.4512255315186,23.986060203725614,-0.27307587829277635,-0.23428598558109015,6.848771564604708,-0.20810076088932478,-0.07258913595341415,-9.078937265919041,8.892920752371595,-17.076877059056528,72.33335966979205,4.822405072737696,-12.336651795680137,14.924334333119944,-0.11340879952003341,-1.3825024602376519,0.6019603673101415,-0.27512575930918015,-1.2686183800673696,0.4743206565104597
2.38,0.4142450079012136,0.016722221300883633,0.537673569424236,-0.005767249135880579,-0.06783941642416277,0.0634735067334673,-0.022189527696650693,2.2925185300791338,0.2684708223891083,0.0,0,MaxIterations,8195922,59843,8361706,0.0,88.18377443357288,28.467039611185065,-0.2253734290265886,-0.3244026398574015,7.260103051232214,-0.18195699427695924,-0.13892131679856828,-8.965648037296965,9.970271984923446,-18.64168606446433,88.89485960637796,5.496705786509184,-13.883043721859638,27.816853203648765,-0.11340879952003341,-1.3825024602376519,0.6019603673101415,-0.27512575930918015,-1.2686183800673696,0.4743206565104597
2.3850000000000002,0.4142782691372501,0.01730502650357607,0.5362034513222428,-0.008207576009146933,-0.06291063405123053,0.07522421068845517,-0.02239784617278204,2.7980150041137275,0.3498553659283827,0.0,0,MaxIterations,8234415,62428,8404015,0.0,95.14456655313369,32.92338525557116,-0.17235605214263802,-0.42201698597250076,7.754410605368264,-0.15252342321053314,-0.2128742999691638,-8.787800418957426,11.02025010318297,-20.09257632615783,105.51518537486214,6.141816049611575,-15.387528169304506,40.74394245206648,-0.11340879952003341,-1.3825024602376519,0.6019603673101415,-0.27512575930918015,-1.2686183800673696,0.4743206565104597
2.39,0.4144006429655638,0.017989153192972465,0.534304837205162,-0.011093153506967653,-0.057034265510983596,0.08933317513284626,-0.02301189755587679,3.3185611013460745,0.44215381626136985,0.0,0,MaxIterations,8124848,61106,8293957,0.0,102.0851338066948,37.111456899641674,-0.11423525024678431,-0.5264448045513711,8.332060226538754,-0.11999399843059744,-0.2941193514049929,-8.545157699492616,12.018411037369074,-21.39140645971169,122.21998558580871,6.741271257640451,-16.809258330350776,53.727357277126735,-0.11340879952003341,-1.3825024602376519,0.6019603673101415,-0.27512575930918015,-1.2686183800673696,0.4743206565104597
2.395,0.4146215762087685,0.018785775854962737,0.5319308420486024,-0.014491559634903638,-0.0501505637019468,0.105789326701637,-0.02407952528378227,3.8371383354499904,0.5444550703782268,0.0,0,MaxIterations,9483094,64642,9663345,0.0,108.93984157161537,40.76304867330956,-0.05133077188340971,-0.6368084394863427,8.99358954149781,-0.08465457704626254,-0.3821038274832653,-8.23736837904213,12.945337137307602,-22.49847677188818,139.04977225299623,7.275533907854972,-18.101558358186075,66.79023629832882,-0.11340879952003341,-1.3825024602376519,0.6019603673101415,-0.27512575930918015,-1.2686183800673696,0.4743206565104597
2.4,0.4149475709375948,0.01970271918275687,0.5290380021100841,-0.0184606173814363,-0.04222458449418213,0.12449278757569208,-0.02566652748109764,4.33486118343603,0.6555046889175316,0.0,0,MaxIterations,8931682,60584,9098317,0.0,115.79111279544092,43.59672831801362,0.015954734308557462,-0.7520119259278488,9.739774935780797,-0.04689496804895432,-0.47604128684725183,-7.863976194569182,13.785646738176135,-23.36686738685853,156.0552331053112,7.723160201017472,-19.218638118296802,79.9511223522876,-0.11340879952003341,-1.3825024602376519,0.6019603673101415,-0.27512575930918015,-1.2686183800673696,0.4743206565104597
2.4050000000000002,0.4153817891778409,0.020744785957694505,0.5255880321996125,-0.023049213989770174,-0.033243331236150926,0.1452433443889973,-0.027865971874036107,4.7912229474231305,0.7738767721446784,0.0,0,MaxIterations,9229285,64983,9402351,0.0,122.40090767617271,45.356450664684175,0.08713192298410251,-0.870709132583119,10.571612157485147,-0.007214492578740185,-0.5749391252823871,-7.4244655254681335,14.519198935512858,-23.946673886986932,173.2704196798708,8.06209713713392,-20.12328576247213,93.21643785150059,-0.11340879952003341,-1.3825024602376519,0.6019603673101415,-0.27512575930918015,-1.2686183800673696,0.4743206565104597
2.41,0.4159239071717546,0.021914246245559064,0.5215492108802682,-0.028298547499100095,-0.023214866559681226,0.1677245114091982,-0.030766285143476076,5.182845335724561,0.8978825245628007,0.0,0,MaxIterations,8127513,60564,8294398,0.0,127.50722141829463,45.92428957139253,0.1615756721925979,-0.9913812337483244,11.490094040163948,0.0337794500093147,-0.6776628361798754,-6.918341741746171,15.114361792097508,-24.221077191744698,190.66459577466918,8.271436692865457,-20.79400857996919,106.574345633175,-0.11340879952003341,-1.3825024602376519,0.6019603673101415,-0.27512575930918015,-1.2686183800673696,0.4743206565104597
2.415,0.41656990559072693,0.023210464850938008,0.5168989760561161,-0.03423923884725876,-0.012172081159038534,0.19149345751446195,-0.034373296307748866,5.486950818122714,1.0251821219006407,0.0,0,MaxIterations,8285992,62799,8451395,0.0,129.05869179615377,45.48398869021434,0.23851119504697688,-1.112689739748539,12.495760743760812,0.07539611138545577,-0.7830432315371563,-6.345227086432751,15.547559929497906,-24.26913589253711,208.10672432746517,8.339091323801203,-21.2354223011245,119.99431099617931,-0.11340879952003341,-1.3825024602376519,0.6019603673101415,-0.27512575930918015,-1.2686183800673696,0.4743206565104597
2.42,0.4173119315048716,0.02462947348189789,0.5116274594177637,-0.04088776181819983,-0.00017390463328084896,0.21602765891181755,-0.038569996132761776,5.696256920489118,1.1528667374644612,0.0,0,MaxIterations,8140307,58580,8301933,0.0,126.53342081399666,44.53254281632384,0.31719441732290793,-1.2340203108284507,13.588340817779402,0.11695299433243299,-0.8900488353088228,-5.704929580723675,15.850758230976208,-24.270460472690004,225.43392219180961,8.278001906997899,-21.491511016079706,133.43684838764804,-0.11340879952003341,-1.3825024602376519,0.6019603673101415,-0.27512575930918015,-1.2686183800673696,0.4743206565104597
2.4250000000000003,0.4181389938293044,0.026165061002464452,0.5057377688089031,-0.04824988146299563,0.012703667745366921,0.24084535482907973,-0.04324022371991687,5.827866908208316,1.2785760001364732,0.0,0,MaxIterations,8180734,63349,8358910,0.0,123.35002701067336,43.4835559987047,0.39724166038694936,-1.3555749792473837,14.767172617162696,0.15792489740580468,-0.9979717007904276,-4.9974301930954015,16.116688257982872,-24.346100544104264,242.6523893092789,8.130686440424663,-21.636940692414925,146.87382377615685,-0.11340879952003341,-1.3825024602376519,0.6019603673101415,-0.27512575930918015,-1.2686183800673696,0.4743206565104597
2.43,0.4190387064668926,0.027810746410107272,0.4992402571410513,-0.05632881156909494,0.026376178675331492,0.26559028553715236,-0.04849119465232539,5.905239723823332,1.4015219906994638,0.0,0,MaxIterations,8202535,62599,8373338,0.0,124.13335762465388,42.15666751623749,0.4786816756314178,-1.4774411055296763,16.032368009664708,0.19803435276930673,-1.1064574592608474,-4.222756646792651,16.40355914840231,-24.36501376607475,259.9986878914497,7.947191193161199,-21.73248212145947,160.31078517008763,-0.11340879952003341,-1.3825024602376519,0.6019603673101415,-0.27512575930918015,-1.2686183800673696,0.4743206565104597
2.435,0.41999924777899944,0.02955911785791033,0.4921461888598419,-0.0651216792676938,0.04074712946664335,0.28998538828424303,-0.05460762144720723,5.9336194844404275,1.5216474155997823,0.0,0,MaxIterations,8180113,62157,8341527,0.0,126.99521211746926,40.044331042539675,0.5614536390568428,-1.5985711613352933,17.385163132220956,0.2371894324364523,-1.2152831840818272,-3.380790575381959,16.63883915378251,-24.088438773355335,277.63164096423054,7.751604280462593,-21.77667975309329,173.79113748664693,-0.11340879952003341,-1.3825024602376519,0.6019603673101415,-0.27512575930918015,-1.2686183800673696,0.4743206565104597
2.44,0.4210106244702874,0.03139820664587289,0.48446861654239237,-0.07460314334076905,0.05571247603308466,0.3137254139284527,-0.06158663692050722,5.90531953972069,1.6381263496422078,0.0,0,MaxIterations,8344824,70744,8524082,0.0,123.95322175087414,37.33331912655245,0.6449620561568499,-1.7176626422965653,18.826370886055024,0.27529070199499883,-1.3240120498465446,-2.4711490728420555,16.7245669553776,-23.648716978207332,295.2824173607494,7.526901354114299,-21.70483573351801,187.36871118911557,-0.11340879952003341,-1.3825024602376519,0.6019603673101415,-0.27512575930918015,-1.2686183800673696,0.4743206565104597
2.445,0.4220633991544006,0.03331712905996894,0.476223749109909,-0.08475430066155377,0.07118581816408685,0.33650942518978944,-0.06897652650060153,5.837941770121131,1.7510496234685422,0.0,0,MaxIterations,8211191,68780,8389348,0.0,116.2901205750941,34.991499609368006,0.7286966841708832,-1.8353555007025273,20.354748963713348,0.31212688301017194,-1.431904868491124,-1.4932780893018505,16.773288809166964,-23.52822251024886,312.55176445049744,7.254496576298161,-21.474870889939353,201.05615507556433,-0.11340879952003341,-1.3825024602376519,0.6019603673101415,-0.27512575930918015,-1.2686183800673696,0.4743206565104597
2.45,0.423146398021195,0.03531580642391375,0.4674229487521277,-0.09560942994244814,0.08708086555335659,0.35816509344869474,-0.07665543933780898,5.756244820034969,1.8624020309590972,0.0,0,MaxIterations,8314235,105419,8598854,0.0,116.13926416349916,33.190511793876624,0.8130997114491432,-1.953443758254177,21.968980719221737,0.3474813522566378,-1.5383431112045483,-0.446858146608761,16.973914782753756,-23.667775854921064,329.749421988651,6.9452510251310775,-21.16265483253973,214.75991304026965,-0.11340879952003341,-1.3825024602376519,0.6019603673101415,-0.27512575930918015,-1.2686183800673696,0.4743206565104597
2.455,0.4242499484165788,0.03739212573344394,0.4580729722287486,-0.10718950068461881,0.1032635201639997,0.37858305672204373,-0.08528590732183287,5.652840540141902,1.9715472610879934,0.0,0,MaxIterations,8308495,104206,8658055,0.0,118.30146438592057,30.91322983659621,0.8987056884801422,-2.0712605777660404,23.67052251081128,0.38124454343316805,-1.6434336198479806,0.6676650804874147,17.202115532012733,-23.420382381953715,347.4066288458875,6.624015007776954,-20.945989693161046,228.30342965504812,-0.11340879952003341,-1.3825024602376519,0.6019603673101415,-0.27512575930918015,-1.2686183800673696,0.4743206565104597
2.46,0.4253722396827791,0.039523314685489835,0.44819164201988315,-0.11941403791516651,0.1196284924287595,0.3976322578143482,-0.09519603753790477,5.529896254777514,2.0751012433873135,0.0,0,MaxIterations,8346477,95360,8640252,0.0,105.70876626979725,28.123307171082175,0.9849317330588592,-2.1870110637862266,25.460669316970993,0.4134291374463917,-1.7480253447078185,1.8492612083377893,17.256477770536684,-23.02028110241262,365.03878542016804,6.317449327725617,-20.921991309994397,241.64724726122395,-0.11340879952003341,-1.3825024602376519,0.6019603673101415,-0.27512575930918015,-1.2686183800673696,0.4743206565104597
2.465,0.42651078400663317,0.0416939172324892,0.4377980833889684,-0.13224896737623412,0.1361371973771328,0.41524080066800356,-0.10596289950286056,5.412474806156704,2.17634473151243,0.0,0,MaxIterations,8257809,80672,8484717,0.0,98.50493644981387,25.865525452101267,1.071475009782361,-2.3025890833509624,27.337142600332022,0.44429039257137676,-1.8527405375322794,3.097571173025073,17.375897037153276,-23.258680319422737,382.09310245727966,6.0905998839495,-20.945143353401257,255.0311471063064,-0.11340879952003341,-1.3825024602376519,0.6019603673101415,-0.27512575930918015,-1.2686183800673696,0.4743206565104597
2.47,0.4276529456620381,0.04391488988368744,0.42688997146253155,-0.1457869817448229,0.15259189629841274,0.43135077153295853,-0.11778120848978153,5.27496774796993,2.2791721511330394,0.0,0,MaxIterations,8225609,89289,8424665,0.0,112.33191614650423,23.764983605641508,1.1592662201969894,-2.4196343690478552,29.29950386827646,0.47430297904898405,-1.9570558459823826,4.413522489250086,17.684912920975925,-23.410052759130824,399.50181105836475,5.945944624825108,-20.7740256235839,268.66122490609604,-0.11340879952003341,-1.3825024602376519,0.6019603673101415,-0.27512575930918015,-1.2686183800673696,0.4743206565104597
2.475,0.4287944225959453,0.046177407291934564,0.4154752429502925,-0.16001591095769208,0.16877617729434422,0.4458732647762542,-0.13112383854683352,5.130318881508421,2.377035536660636,0.0,0,MaxIterations,8237662,102484,8457376,0.0,101.0957520259782,24.059933682610023,1.2474511788985556,-2.5335071131609825,31.35188440260547,0.5035611079168123,-2.0600295142125096,5.797913249740116,17.004038295888016,-21.001181251845846,418.65416303206274,5.879386236881851,-20.548078292752677,282.29232700917106,-0.11340879952003341,-1.3825024602376519,0.6019603673101415,-0.27512575930918015,-1.2686183800673696,0.4743206565104597
2.48,0.4300128924230482,0.04757043797907056,0.40446652496788654,-0.16902613264353716,0.18163623276870644,0.45839054045506156,-0.14243394186315356,3.113043350328735,2.122718207767168,0.0,0,MaxIterations,8174773,101451,8393355,0.0,66.58335900383585,15.96447026380477,1.3132996635455858,-2.6116945502346334,33.510931610177394,0.5395178490131425,-2.164666034640066,7.248992612438401,10.366085801279164,-12.474401521004305,440.05736317735676,8.319129521826738,-21.276228713065354,295.46755335929487,-0.11340879952003341,-1.3825024602376519,0.6019603673101415,-0.27512575930918015,-1.2686183800673696,0.4743206565104597
2.485,0.43094972071215887,0.047395691543957195,0.39449532542797056,-0.16813320305190874,0.18573342839851242,0.4696461247346912,-0.14638313021526023,2.360021804698186,1.9453700325719832,0.0,0,MaxIterations,8289099,106000,8511528,0.0,79.0650875720879,17.004077197583097,1.3492379770651417,-2.6555228281969283,35.77078108664575,0.5882628733713587,-2.274208384563556,8.765460617026255,5.358338751151916,-6.5719207143982254,459.8257282841013,10.634363506537248,-22.334258972686065,308.5312061396166,-0.11340879952003341,-1.3825024602376519,0.6019603673101415,-0.27512575930918015,-1.2686183800673696,0.4743206565104597
2.49,0.43171514164325553,0.0460883476734257,0.38509698154509353,-0.15977711211610598,0.18389772972485383,0.48050774286882986,-0.14317333753517136,3.0987690661712586,1.8898080201664187,0.0,0,SolvedWithSlack,465489,109096,684263,0.9612303261909344,6.775735528208315e-11,1.5628387473043404e-11,1.3658048825769393,-2.675605178544848,38.12762052180782,0.6466694541089173,-2.3883542126987414,10.348249654728766,2.1419300999979165,-2.5485743926652593,478.94390730569785,12.262934160068442,-23.078942860850088,321.9774838442482,8.375945246488845,14.067238714114962,-1.0559922889324662,8.612111486408523,13.622331338221931,-1.6340915545245884
2.495,0.43223000956621543,0.044043076347852116,0.376183305231622,-0.14643453319962632,0.17781079328594457,0.49162467589572945,-0.13261948585472844,4.016579880335124,1.7816362583446947,0.0,0,MaxIterations,8305719,99007,8506299,0.0,78.86572187371709,19.73977238687344,1.3703430002665429,-2.6715004278549594,40.446155664485254,0.7135085503241133,-2.4882985296931324,11.834996986433387,0.20977049819657162,3.0032222149252448,453.5155803972063,14.083276384211544,-17.940622594830607,280.97316271969123,8.375945246488845,14.067238714114962,-1.0559922889324662,8.612111486408523,13.622331338221931,-1.6340915545245884
2.5,0.4322670228069464,0.04153066305764344,0.3679877830539291,-0.1299584703982649,0.1671422030099816,0.5029191128054816,-0.11805327982420312,4.686721369955247,1.6629293783779326,0.0,0,MaxIterations,9148432,101862,9355903,0.0,90.98141667598635,24.65599820352555,1.3676857103650015,-2.6387687580190873,42.63901667367549,0.7876249240955483,-2.5598927400946887,13.119336472488106,-0.9400348580631097,8.995898811102697,428.74319085435013,15.098292854653252,-11.47900847813002,241.0939057925201,8.375945246488845,14.067238714114962,-1.0559922889324662,8.612111486408523,13.622331338221931,-1.6340915545245884
2.505,0.4318772858107142,0.03875495644947325,0.36048083932395253,-0.11200614350814354,0.15381826476016033,0.5139190559226674,-0.10503451044908338,5.072586006750048,1.5727263804222458,0.0,0,MaxIterations,9243401,104878,9462165,0.0,84.23789608249892,38.77938944897221,1.3608505078457178,-2.5754778312274156,44.70965015625312,0.8656157339282486,-2.599818501491331,14.203800395287516,-1.6002440437045378,15.007238648660845,404.3026774911168,15.976564790506913,-5.935907510921983,200.549267014359,8.375945246488845,14.067238714114962,-1.0559922889324662,8.612111486408523,13.622331338221931,-1.6340915545245884
2.5100000000000002,0.4313447795369013,0.035661131149061956,0.3534239515694029,-0.09235270201447862,0.14019796540155582,0.525590633062077,-0.09601332830664856,5.354297590137138,1.5275756517955863,0.0,2,MaxIterations,10076525,107243,10301580,0.0,94.2342196429039,64.02014256637725,1.3517541084846079,-2.483981341568797,46.65583350895533,0.9480159066576576,-2.6149377859384786,15.08300331860757,-1.929064537150396,20.492122799097615,379.143388313187,16.764535994114375,-1.0463767151202918,159.3610498564571,8.375945246488845,14.067238714114962,-1.0559922889324662,8.612111486408523,13.622331338221931,-1.6340915545245884
2.515,0.4307787867675382,0.032323487013369824,0.3467175836369411,-0.07160448386198677,0.12749425018391047,0.5384862893695681,-0.09318459228396907,5.4947452854346786,1.485655380372083,0.0,6,MaxIterations,8925580,294427,9323292,0.0,105.2642579968909,47.050565911365126,1.3414996671885775,-2.373310202704623,48.46820832079786,1.033165136727776,-2.6040940451945205,15.756147177055015,-2.0666519278853746,17.01762181095492,345.9077588792003,17.2076158230836,4.820904803888553,118.16144095840541,8.375945246488845,14.067238714114962,-1.0559922889324662,8.612111486408523,13.622331338221931,-1.6340915545245884
2.52,0.4293181677045005,0.028616507262570198,0.34059196477742104,-0.053554753191743354,0.10387830747821772,0.5475674978738354,-0.08362875022239606,6.909020993316108,1.4571727802556975,0.0,6,MaxIterations,10109247,244272,10469718,0.0,110.51188617213006,62.739907730574444,1.3321155043481012,-2.36310824728763,49.28110057017958,1.1241609211096009,-2.557404351895566,16.22414540623766,-1.7991981559991925,-4.365788600195124,88.09453786393334,18.68480189902043,12.028156097070234,77.08835950794098,8.375945246488845,14.067238714114962,-1.0559922889324662,8.612111486408523,13.622331338221931,-1.6340915545245884
2.525,0.42708072325329066,0.0246345050114548,0.33495272377158974,-0.0365270641504104,0.06996944390141345,0.5539247114905319,-0.05865489482594334,7.916703657711164,1.4462865541433467,0.0,12,MaxIterations,10511667,398022,11024926,0.0,134.48507800458506,100.23859537158182,1.3231484549159123,-2.4030774026459953,49.503922942358244,1.2187132580802056,-2.479347388213698,16.48479588841732,-1.871989026627155,-9.253446212443329,26.87075262333226,18.93970535756764,17.95019470321793,35.455406747726926,8.375945246488845,14.067238714114962,-1.0559922889324662,8.612111486408523,13.622331338221931,-1.6340915545245884
2.5300000000000002,0.42465223866504564,0.020609312624396796,0.3296439871184632,-0.01955338415475642,0.03374752258687253,0.5603600096950236,-0.024769809055179625,7.278126696574359,1.3307509668092652,0.0,12,MaxIterations,8124878,481940,8722156,0.0,101.990502407453,23.135118190891635,1.3135440768843616,-2.449224631244062,49.55840813339315,1.3069933672341782,-2.416148763484444,16.52989635787372,-1.557288642220582,-8.639843232760457,2.8765481731796796,15.271568581986681,3.379466094871794,-2.3364782866504217,8.375945246488845,14.067238714114962,-1.0559922889324662,8.612111486408523,13.622331338221931,-1.6340915545245884
2.535,0.4229634721295466,0.01787594601996867,0.3256653079514338,-0.008779282632383914,0.0108995171976891,0.5593472722723718,-0.012248823448119887,3.730846449577921,0.8303885903752286,0.0,8,Solved,137430,298955,547054,0.8163720548044034,1.8332002582610585e-12,2.2293278334473143e-13,1.3083359951894424,-2.484583276689332,49.54526774433506,1.3639743708693468,-2.4325511464765994,16.49896688505995,-0.7932261553307574,-6.0150913024121415,-4.9786579106287565,9.089281209838749,-5.79666584155704,-7.977007697924612,3.0550835255768636,13.061952876870455,-0.31404218956238833,1.6523728584692297,12.702442848780757,-0.03681397962701123
2.54,0.4222127043210096,0.016378854171274174,0.3232410451342975,-0.003607397919067707,0.0010991207272068977,0.5528977535641705,-0.00962746045288185,2.061752688141308,0.44562467517843124,0.0,8,Solved,131459,288094,522757,0.6811194490063784,1.2008172234345693e-12,1.887379141862766e-13,1.3047217567225409,-2.5073076615309766,49.50461037214583,1.3948462378575939,-2.4645421918688073,16.453171355832566,-0.7143432319119756,-3.6320339284765266,-11.280353102112592,4.450248410748465,-6.249045413765684,-9.59925090085271,2.1118675311277664,10.897911184102055,-0.14658307972348342,0.8864357933072298,10.05280554893258,-0.0953900782691457
2.545,0.4220860872678381,0.01565410669654517,0.3219932486807144,-0.001660875017149681,-0.0011279980064734924,0.5445418396462566,-0.009596644558912711,1.7334870265920164,0.206026372889678,0.0,4,Solved,132360,254651,489525,0.6075881786664159,8.507639037702575e-13,2.802202914153895e-13,1.300943161955246,-2.5200852467650012,49.43718192559032,1.4070796518623805,-2.491452641300917,16.4045088887608,-0.7929480698916378,-1.9040779410727922,-14.937969089360656,1.2809264353814453,-4.693096542033476,-9.692723147344001,1.8137677635823084,9.721410858662654,-0.11210458570134754,0.7257265259955858,8.962780280360091,-0.08071164509934432
2.5500000000000003,0.422358756900835,0.015355618694542252,0.3215163149329857,-0.001331170777325931,0.000730265044630988,0.5360810329119672,-0.009956840965795516,1.752642022531396,0.09664471053423451,0.0,4,Solved,134073,193025,429111,0.5710123138856333,9.530154443382344e-13,1.279532035880493e-13,1.2965390403116832,-2.5257985616015772,49.35441814241445,1.4069873154551988,-2.50963902033519,16.355700098527816,-0.9872703302577999,-0.67032561767323,-17.64019673175635,-0.7540306631768622,-2.9440246211584733,-10.271867937656937,1.8056210904657335,9.136197022170133,-0.09616663379088645,0.8297917599515212,8.48177344009392,-0.06436364839328994
2.555,0.4228212042683392,0.015253380116285893,0.32161215317201103,-0.001617270867597846,0.004210563323440055,0.528105833069761,-0.010171364603883076,1.7140073504923061,0.11659038859373756,0.0,2,Solved,133832,178146,414052,0.5465448980988029,3.8122838219578625e-12,4.979350265443827e-14,1.290274881679246,-2.5261799204514133,49.259150676463356,1.3993696437127168,-2.519753814961975,16.29993134773934,-1.4717929191393155,0.29943806270858,-20.011018824855846,-1.9444866079049687,-1.4464908127893792,-11.733022603137336,1.889226608666993,8.744718369580847,-0.08863828551239906,1.0015692299208379,8.15791542155254,-0.05848451103816585
2.56,0.4233195811664898,0.015195723975472815,0.32219367847921754,-0.0019087200076885612,0.0077069439450816206,0.5206497969013807,-0.010080965896094652,1.5986174919444307,0.18203906051290403,0.0,4,Solved,133181,222821,462494,0.5271081513422957,5.9855453926616065e-12,1.6686652060116103e-13,1.281256443012312,-2.5216553452771273,49.15303362695719,1.3873846068374374,-2.523327176780205,16.23740693791962,-2.025113973781941,1.7267823125666775,-21.62003730884348,-2.7037890451903035,-0.24933308638702067,-13.031789162197052,2.0249072067395053,8.433730421476731,-0.08065328081668534,1.2018455418374265,7.920924657164033,-0.05563077819959733
2.565,0.4238090315247192,0.015154254033602765,0.32320678327646235,-0.0021334111690729735,0.010929490280665751,0.513630790896738,-0.010119197300797817,1.5101907213566064,0.2540385855959687,0.0,2,Solved,128273,177536,407330,0.5047507188191119,5.2373660963667135e-12,5.432876371003204e-13,1.2699730669935119,-2.513124971068852,49.0369613149892,1.3722922780764122,-2.5217340693803525,16.16845820608838,-2.4025918367095556,1.7689916031622825,-24.196043803047274,-3.22244613184528,0.6747305630603049,-14.305044743326768,2.0790467260096075,8.076011501105791,-0.09191533659473682,1.330149131504651,7.634718468821031,-0.05466087394886707
2.57,0.42428140069192355,0.015142474429284462,0.32460293209942326,-0.0024328528702253025,0.013798708668975526,0.5067916172464438,-0.009799939848212279,1.4741943014167382,0.32136654884305105,0.0,4,Solved,139564,226197,472302,0.48592539295625253,1.0318412790866205e-11,3.26183524634871e-13,1.2572247606927467,-2.502500722858202,48.909246452787286,1.3546158926003562,-2.515930888186351,16.092988369846765,-2.671710652390315,2.8189266563957243,-26.021611247646167,-3.7558953159177095,1.4716862637874426,-15.627693951730283,2.1851253283375955,7.7748062873000405,-0.10065043639877147,1.499296710017054,7.437060488036889,-0.053001877570318275
2.575,0.4247303163795971,0.015164855786450897,0.3263501832121427,-0.0027901554090614855,0.01638260781252158,0.5001485392340826,-0.009436930641948811,1.3803371000206444,0.38688873156217063,0.0,3,Solved,133132,223603,466061,0.46693730339335365,1.3034684442914113e-11,3.943512183468556e-13,1.242873779195772,-2.4894424547373513,48.768791850131414,1.3348118952601369,-2.5041368428956083,16.013261812182314,-2.989347602533053,2.581672799697615,-29.360077540651396,-4.0693563259464085,2.9029005001612718,-16.161873529653704,2.2447617284541193,7.4709968542936585,-0.11021897677923846,1.627906010009106,7.190532538030677,-0.04278329759310659
2.58,0.4251747921320846,0.015189432889201826,0.32839838129427146,-0.003056072576932497,0.01875110597401518,0.49359473099031165,-0.008297353209954669,1.3941931362875073,0.4402407524610852,0.0,2,SolvedWithSlack,138582,175902,416046,0.7025221915361567,6.501466032204917e-12,6.45261621912141e-13,1.2276350439817054,-2.476076490065755,48.61262517159452,1.3141818320458751,-2.491059077550726,15.927274068760589,-3.0660257018638037,2.7805852273669833,-32.41557891401507,-4.200363594607298,2.568484048657882,-17.784324377889114,2.3343684060917154,7.122297003735902,-1.1942877256114663,1.7598485101410162,7.035545381515267,-1.1262586450174583
2.585,0.4255845230172288,0.015280756801542483,0.33070584701457467,-0.003707848025579276,0.021164220428799705,0.4868395393231494,-0.007897401298553618,1.4676327507591824,0.48818604354960715,0.0,3,Solved,168969,212902,484114,0.43710689717790496,6.971756505436133e-12,8.589795541524836e-13,1.2118507718560343,-2.460335642112786,48.34922978093787,1.2920127287011642,-2.4775513225997385,15.7412276069084,-3.2528886124070184,3.466763035285582,-66.14122681661466,-4.628345171376056,2.851031629269049,-50.149322768011295,2.316014832706632,6.993710354846479,-0.09004568881364852,1.7629894880891144,6.635049738646969,-0.12253422450798931
2.59,0.42596745085688253,0.01541678137297473,0.33325106993592674,-0.004465534013742869,0.02340133544451526,0.4799482187414445,-0.007616540675261885,1.4364480880896127,0.5331197868047542,0.0,2,Solved,132771,165182,405907,0.42058842556920656,6.523781514999882e-12,8.585354649426336e-13,1.1949109393208712,-2.4436234427203645,48.00977711700044,1.2682224862758906,-2.4606700300678397,15.481662736960674,-3.4560782887310753,3.330341022020896,-68.97819010519126,-4.832915786731281,3.4595691954758494,-53.31814386909311,2.3404506211946776,6.729414809107305,-0.10521594064476969,1.8321775234280573,6.4086988452654765,-0.12966698383443276
2.595,0.42632843259071435,0.015591740912422323,0.33600848185744686,-0.005188427578592074,0.02550999473436992,0.47311645298255656,-0.007430767766673051,1.4360829879552413,0.5736898815051058,0.0,4,Solved,139072,245524,510054,0.40478863873552895,5.144329406903125e-12,1.9977353105105067e-12,1.1775290340635551,-2.425481086933385,47.657228791431834,1.2433245134537083,-2.4423358942362623,15.204282289816598,-3.542501844873402,3.9364387152085096,-71.46394423520344,-5.0870595390781626,4.199471950251162,-56.55890578381602,2.3757337845927133,6.476618219768463,-0.11369885346112302,1.9121031725266195,6.229455380548288,-0.12693943657138185
2.6,0.426676244592419,0.015789416245217094,0.3389497692252317,-0.005972654630389659,0.027618478777492336,0.46633495902548666,-0.007023297419312975,1.4324458664654818,0.6054867740029953,0.0,4,Solved,132059,196391,434781,0.3868718181064385,2.6100233085912805e-12,1.9184653865522705e-13,1.159881766289286,-2.4066543816305423,47.28933082235817,1.2186153950519183,-2.422859173654078,14.909989199910902,-3.5266095444370404,3.7300188526060105,-74.91422023946193,-4.884228859947732,3.804193452550082,-60.32901491535076,2.3072029981317765,6.189949089703016,-0.11130628583144583,1.8652282616102742,5.936740567339188,-0.1290983656291746
2.605,0.427025623580194,0.01598672480555854,0.3420413997648963,-0.006733483545070092,0.029834934826262132,0.45963028208454487,-0.006521503033396837,1.4051125307071086,0.6350981062102317,0.0,4,Solved,126559,229914,464978,0.37139166902449383,1.1252110354575962e-12,1.0103029524088925e-13,1.1420855018518945,-2.3862685150135463,46.90674216550577,1.19412473819897,-2.402450760383407,14.59858139772314,-3.555517880733026,4.052021287633109,-77.80394381440794,-4.891683950985975,4.176211096047178,-63.65970401090495,2.2825576749617773,5.942266704391901,-0.10639483021671003,1.8698526585586663,5.714478704085286,-0.12257944054768999
2.61,0.4273736606141381,0.01618812590996804,0.34526377768963973,-0.007511718670814167,0.03205967233227904,0.4530695355907529,-0.005898390144710308,1.3741859211830187,0.6604743847268522,0.0,2,Solved,132360,180992,419954,0.35608032523923344,6.372513627894705e-12,1.454392162258955e-13,1.1243464932435552,-2.365320647920046,46.509322003845,1.1697627648561286,-2.381085876760389,14.270354392534582,-3.5581150815499654,4.406903236989208,-80.49701712676475,-4.879377867410093,4.473785564549739,-66.85757276021386,2.2450281544684656,5.697285203827735,-0.09901217744695151,1.85907336757849,5.497069661239632,-0.1142017249875665
2.615,0.42772064995147724,0.01639288890208996,0.34859648546073785,-0.008289789533433524,0.034305412172327174,0.44668972862328793,-0.0052976397076091915,1.3470747410372692,0.6786056551342504,0.0,4,Solved,128813,177676,407630,0.34274051322617477,1.3556711309092861e-11,1.9548807017599756e-12,1.1067368068983523,-2.344074944483234,46.097767367531375,1.14570886089097,-2.359563439640409,13.925758934089803,-3.5597327641983267,4.246781842822785,-83.4762068944918,-4.7532098424300235,4.27386784685788,-70.20587631488057,2.1939106689218817,5.483848211618796,-0.08972354569709362,1.8248471428794235,5.27212971607886,-0.11309487827599918
2.62,0.42807899209692774,0.01657259495838542,0.3520262370986673,-0.008922347547110467,0.036572137927837575,0.4404990176168537,-0.004471897394583055,1.3096935122107236,0.696711737670267,0.0,3,Solved,123884,151877,383895,0.32823025603015143,9.651390797671411e-12,1.2816414596272807e-12,1.0889080517335912,-2.3212464793896004,45.67421638849125,1.121871312811255,-2.336723254836869,13.566403030418371,-3.505694687637751,4.434061196535019,-85.81174659230477,-4.733616051506034,4.4449712166106075,-73.2595526005614,2.1428548772888183,5.251684096482423,-0.07947260774977287,1.7988884160633714,5.073393229548289,-0.10330719662182451
2.625,0.42844653777353975,0.016734155107049842,0.3555333040891631,-0.009479902234815315,0.03885803977442715,0.4345021269847094,-0.003618305066682709,1.271898899356442,0.7127054865844616,0.0,3,Solved,131599,165402,397010,0.31678664567937476,3.403777260047036e-12,1.0014211682118912e-13,1.0709233598325996,-2.2977942632723733,45.23919418163577,1.0984351703707098,-2.313547987394265,13.192369960228874,-3.636033959036936,4.77914020698026,-87.86293431576142,-4.652571593089055,4.678144053992245,-75.92118530088914,2.108798638585318,5.068586330869996,-0.06585721685342588,1.780148467246491,4.865570367637383,-0.10283743631030888
2.63,0.42883346458748484,0.01685355074526121,0.3591055597625178,-0.009881137669516898,0.04118119664388637,0.4286849903393107,-0.002631535885748327,1.2451430194441373,0.7243005693768841,0.0,3,Solved,130166,217751,449048,0.3042186088033235,4.903355499408235e-12,2.0339285811132868e-13,1.0528128642149663,-2.2734826723289263,44.79465650691212,1.0754056283518363,-2.2907739781250807,12.803506718964057,-3.6097851826616734,5.023499892186656,-89.48735974878501,-4.560080803705507,4.5445272188662384,-78.92484215914533,2.056430980529625,4.867497740853176,-0.05715706079674471,1.7458487387638169,4.682455495973803,-0.09806224356159027
2.6350000000000002,0.4292284442586454,0.016954115563681704,0.3627284618754342,-0.010217839915988323,0.043443763426885926,0.42301859987799023,-0.0015991314333659188,1.2013450581095302,0.7314821449221661,0.0,2,Solved,131579,136217,368116,0.2921761196294378,1.3429257705865894e-12,5.326850072151501e-13,1.0353528077334309,-2.249546005360158,44.34169938618436,1.0526825419922587,-2.266689587725455,12.401830693561381,-3.441360694822075,4.723146235351251,-91.27360663996912,-4.501963321248044,4.675162868937857,-81.56538139474159,1.9990980000518743,4.674817914071005,-0.04848258271981208,1.7066061090587927,4.519253865024675,-0.09216362951335808
2.64,0.4296364145037341,0.01702626958682824,0.3663880892073612,-0.010415207825286935,0.045725682157250216,0.4175739954628779,-0.0006389202541866363,1.1590474360244354,0.7401257672083728,0.0,4,Solved,139744,222931,463145,0.28292740152134804,2.0534685063466895e-12,8.850697952311748e-13,1.017719355632778,-2.224299312757968,43.88242246126447,1.0304682998783912,-2.2426185216625627,11.987023908677603,-3.5468729430428336,4.963717245218731,-92.51758239885858,-4.414304273525484,4.986384821958629,-83.82486425473985,1.9631904682485966,4.526838424341569,-0.04031600804632762,1.6798681497262633,4.334226118364045,-0.09870515086823838
2.645,0.43006074168823205,0.017061255796936396,0.37007512664839626,-0.01050594435252167,0.048012365414109484,0.4123631342987269,0.0005059319797110782,1.1171850190175805,0.7429305095568327,0.0,3,SolvedWithSlack,137910,164040,403151,0.5161189654803443,3.353761712787673e-12,1.339817146117639e-12,1.0003382858870493,-2.1986231373411322,43.41750579471658,1.0086344426034561,-2.2188581444198,11.558495100655792,-3.361397856199128,5.023329839327636,-93.45434782740179,-4.330387889082387,4.669736681949577,-86.88231504912045,2.5385678679243315,4.55105857886395,-0.8293021835608158,2.2756432771833484,4.512221068889881,-0.8774022413165853
2.65,0.4304880812357225,0.017103302996986,0.373755175970226,-0.010703946099917764,0.05033567328970574,0.4074404671499069,0.0014817778645328226,1.0725768454252091,0.739418432860436,0.0,4,Solved,130126,207873,439020,0.26351948649953316,2.2887247652647602e-12,2.7555735471196385e-13,0.9837771183770446,-2.1733707396932216,42.87930922512881,0.9871636070509042,-2.194612378578184,11.04981318845026,-3.2978311780282215,5.1714783993155145,-117.01489700342755,-4.256545693399747,4.770083539387536,-111.81896913918054,1.8602304078357628,4.216311783992531,-0.044857238076377204,1.6076643845976428,4.094410089660988,-0.09801457568569566
2.6550000000000002,0.43092372145783486,0.017138926712396134,0.3774170591913502,-0.010885753970171885,0.05270271186566864,0.4028101030868273,0.0024419759722845297,1.0175540890365282,0.7380002697843557,0.0,4,Solved,142950,258008,515393,0.25363935282976435,1.2590817277668975e-11,1.899369550528718e-12,0.9678978582691047,-2.147803973715548,42.29072906592886,0.9661076831262974,-2.1699903108269845,10.483285892013113,-3.1115928684155056,5.202130386957215,-118.08024474706228,-4.167359861467874,4.828202534214135,-114.46941196935845,1.7965528836705607,4.05822964527623,-0.05426414547916519,1.5586436487276045,3.9704582433184337,-0.09822332150384114
2.66,0.4313545056084998,0.017190475728443854,0.3810680161457908,-0.011139008234129338,0.05508970335788892,0.3985762874685834,0.0031659245452379434,0.940987364924191,0.7348333004938897,0.0,2,SolvedWithSlack,144784,176113,432728,0.3694901194017982,2.6989521728637555e-13,2.886579864025407e-14,0.9530386979167349,-2.1230314791327545,41.69516694469769,0.9455835003983921,-2.1457105596249324,9.902982007675117,-2.9072718323216575,4.862676757657083,-119.7527358359371,-4.081858713235786,4.981643684843644,-117.0389714385873,1.036454601557403,3.6652256810568815,0.628133202983057,0.811221511579334,3.5408532540554267,0.6030167957803674
2.665,0.43177759400154697,0.017251014848665622,0.38472142012660093,-0.011412363447709085,0.05744360136922615,0.39473137709404466,0.0037936916833616685,0.8731537406867496,0.7371343612232557,0.0,4,Solved,134403,191572,429732,0.23571507582908438,5.186961971048731e-12,9.130474154517287e-13,0.9385241807796532,-2.0976067791590745,41.15154763526839,0.9254663810444579,-2.121106575789173,9.369613554365062,-2.8885692895857726,5.03953979333546,-101.5371928344707,-4.037035179389862,5.216693993151952,-99.50210110583899,1.6758033907105339,3.77144121326535,-0.04165606385892584,1.4600211212652683,3.6961067778864924,-0.0782506273944642
2.67,0.432190812089952,0.017319085891003984,0.38838032106890263,-0.011710931283788492,0.059724888331623954,0.39126666225291545,0.004484628842235282,0.8064223500505683,0.7348452090301167,0.0,4,Solved,126099,177065,404123,0.22636760908608355,1.3890555372597646e-11,1.0107470416187425e-12,0.924504816649227,-2.0723285939249436,40.64078773490995,0.9058710998972643,-2.0963849649991313,8.864723754150269,-2.7700097292200407,5.16393656898372,-102.490839949687,-3.8597489494898336,4.838345554871216,-101.9096773007162,1.6072771079616406,3.621881745377337,-0.032824379792909385,1.403340459005716,3.570476975474667,-0.056903763803064736
2.6750000000000003,0.43259828983155746,0.017400912453125205,0.3920101283674682,-0.012030732130142484,0.062019552822455894,0.3882478183434292,0.005028537876389239,0.7287219017296533,0.7283739741284669,0.0,2,Solved,126690,186442,416988,0.21964127642972975,9.249989663118185e-12,7.929212841872868e-13,0.9111267815802415,-2.047466358485686,40.12510762547555,0.8867501401708722,-2.071573318716365,8.351069591880412,-2.620135802581311,4.896150421144616,-103.52580736394351,-3.777798177237514,4.978895348470849,-103.32119158450566,1.5540929329917719,3.514260422875676,-0.011861169060373433,1.3570858311136709,3.4640066651915027,-0.03817480445615608
2.68,0.43299769630632606,0.017499775738843124,0.39560792904071357,-0.012387113015525895,0.06431370132728059,0.3856689000531097,0.005479022330841382,0.6656854823863967,0.7214209376099221,0.0,4,Solved,126489,187033,413341,0.213285054774102,5.308836703576958e-12,5.377920331284258e-13,0.8982535793306852,-2.02223477238289,39.607410419139974,0.86815467627795,-2.0468767628372397,7.831298520465472,-2.5429970905828445,4.981855319691966,-103.70004016040595,-3.7308859116523694,5.18391526481092,-104.16525449028589,1.5047494276858706,3.412560876385632,0.007086940685085696,1.3157519232318904,3.364490812571159,-0.021110986672281506
2.685,0.43338877449008784,0.01761398114668707,0.3991716587323276,-0.012789294932356065,0.06656930597029007,0.38354376598158085,0.006028253428393344,0.5938304097380718,0.7137598034605391,0.0,2,Solved,132701,179790,411678,0.20661532995234264,9.00257646208047e-12,6.190603585309873e-13,0.8860293519542971,-1.9978645271903293,39.089452551257594,0.8501686104405959,-2.022108065069001,7.3081488008284845,-2.390015908514146,4.833875591265513,-103.498429873473,-3.5236299283224355,4.860060174642058,-104.8967425825855,1.4421303404507733,3.305845279237482,0.030159155330395218,1.259520804818882,3.2589282871701974,0.001003018663836737
2.69,0.43377395847073974,0.017739259990560415,0.4026956156565335,-0.013179169224633821,0.06884030702580639,0.38191732104893167,0.006396377147216558,0.5382403913636628,0.7060502086703729,0.0,4,Solved,133713,192964,426505,0.20073382596002567,7.872313911860829e-13,4.5230486023228877e-13,0.8741941902381174,-1.9728274620139348,38.57552098795769,0.8327826013601684,-1.9976705597893967,6.784089792670948,-2.3261116542439977,4.898018963146738,-102.50746275612322,-3.487876701540517,5.140608535891609,-104.5615335686251,1.3916085026568923,3.211741215360411,0.04511576355100875,1.2155389628401432,3.162940642350284,0.007764015447280656
2.695,0.4341502840209444,0.017879101112258492,0.40618021274722155,-0.013615561426691484,0.07105879799286847,0.38077455968139456,0.006914778071577355,0.48516058478936014,0.6975274473948628,0.0,4,Solved,134525,193656,434831,0.1945242393853235,4.85017581652869e-12,6.443734434924409e-13,0.8630350025545329,-1.9487337787758405,38.066879991903214,0.8159626491706415,-1.9729749972090929,6.2614973641722225,-2.177893912392923,4.788595488152768,-101.19356312064826,-3.2926643753547484,4.8536138079351945,-104.45093750151433,1.327567461524445,3.112387830165176,0.05794258138949773,1.1573916730457239,3.063054374517069,0.017070116875369273
2.7,0.43452008683696675,0.018030859105915016,0.40961811819737415,-0.01406085618437977,0.07328425691947095,0.38017879887176576,0.007293653257572818,0.458878337642635,0.6889447167552016,0.0,4,Solved,130627,161425,408161,0.18883603690171158,6.386113859946363e-12,2.389199948993337e-13,0.8523138704023885,-1.9241546932880431,37.56668792930453,0.799846513518461,-1.948938126577511,5.740790803915946,-2.1132328921620083,4.9349130909595615,-99.32624107677961,-3.1804328711739203,4.790085917806013,-103.92545810982399,1.2704828776131631,3.0213765904273853,0.060059886868184365,1.106528078226185,2.9700983975813218,0.01592810776230269
2.705,0.4348848899712662,0.01818561602150437,0.41301342398877716,-0.014504503773889878,0.07547651276420476,0.37997245450408945,0.007643680686038477,0.44016025038855294,0.6805208978726901,0.0,4,Solved,127341,133392,365390,0.18387513322968732,6.192268919846811e-12,3.9035441545820504e-13,0.8419719291329373,-1.9000511302167797,37.0748599227712,0.7841741909452448,-1.92503889065102,5.222659440181954,-2.054024281873659,4.775755022305985,-97.70750109381612,-3.113423560925203,4.7783719157630955,-103.4305922076946,1.2280485393537175,2.942002131674997,0.06015280128284821,1.0693892650281194,2.8902456530404788,0.009334425597009158
2.71,0.43524559562513065,0.0183341905319928,0.4163736510288511,-0.014921902779337762,0.07758646837451252,0.37990640459307895,0.008142967335467363,0.423416372484505,0.6735696789744816,0.0,4,SolvedWithSlack,140065,157147,403742,0.4221244583174265,7.126743639673805e-12,5.115907697472721e-13,0.8316503468861566,-1.8762556597538675,36.591401493671,0.7685823581154305,-1.9002995328127859,4.707090466899388,-2.064909998943274,4.752413108632125,-96.00805476137467,-3.0840997437496243,4.846441826983394,-103.07524494377415,0.1693612292397156,2.472675019865979,0.717611579139625,0.01655040694398168,2.3626128206100683,0.6666366248898251
2.715,0.4355986540077535,0.018477110284349844,0.419713495001624,-0.015316378664900666,0.0796139720105577,0.3798764384108421,0.008582990040671524,0.39943735014337023,0.6725639771849912,0.0,4,Solved,126418,109878,349451,0.1724634652368512,9.947598300641403e-13,3.0953017926549364e-13,0.8211068272844144,-1.852289725079275,36.173090758736734,0.7532764229367022,-1.8762220292533118,4.2488986660967445,-2.14059770531282,4.823896429046721,-75.42953294179213,-3.0514929336945253,4.81318996507515,-84.00100415521699,1.1578962487742133,2.759415443789619,0.050840933591563775,1.0115957099964428,2.70713344494184,-8.205032286057179e-05
2.72,0.43594159678718464,0.018615010082665057,0.4230392907412028,-0.015687773347746004,0.08153659170737419,0.3798519320338503,0.008974902597609052,0.38728209557012117,0.6660764762033241,0.0,4,Solved,122412,114967,337597,0.16778881019603772,5.8382743084450794e-12,2.0250467969162855e-13,0.8102552092392603,-1.8276521906156737,35.80072307052592,0.7380865817836799,-1.8522267208019427,3.8288873113468345,-2.1977740422392675,5.042338087126707,-73.79849719493886,-3.033073405640913,4.7965988539452376,-83.99968453478488,1.1333002504810419,2.6846209631366036,0.045201965882109466,0.992766779899237,2.6340347554438006,-0.0017154748362591676
2.725,0.43627877996010106,0.018750275864639156,0.4263202027542223,-0.016046887825371243,0.08339788123291263,0.3798304309901239,0.009307280734673008,0.3704428543394189,0.6562380203014522,0.0,4,Solved,121730,115959,343549,0.16418042675968697,3.854735974861967e-12,1.8318679906315083e-13,0.7993678405468778,-1.803143930504766,35.43510875608334,0.7230127085034361,-1.828276006160999,3.408788174895056,-2.170055059875521,4.840099537383785,-72.64689947013369,-3.004361444281076,4.788070015596961,-84.03246323782135,1.1148779564931,2.6268868281549915,0.04703111014626406,0.978409029887225,2.581231115529007,0.00024699206889200465
2.73,0.4366105442096449,0.018881062730727875,0.42955304644322134,-0.016384915100453364,0.08517279816727527,0.3798121581746509,0.009773196958378891,0.3528747084518591,0.6465211418449631,0.0,4,Solved,122040,115558,347076,0.1607730374696935,4.22967216806569e-12,2.97983859809392e-13,0.7884831058866337,-1.7791303401975256,35.075793733172446,0.7079388622671706,-1.8036450079934467,2.9892328272941753,-2.1792684038924643,4.785865458979275,-71.3327540934906,-2.991600722214322,4.877838230873852,-83.9328068628783,1.0994327471537142,2.572368599515096,0.0477164985938473,0.9664556726596931,2.5289852495808245,0.0024668679203411203
2.735,0.4369360759391059,0.019010260526133135,0.43273496508415743,-0.016711616625667468,0.08687993428501742,0.37979640697991823,0.01021604732184667,0.34016619139480847,0.6360321031256672,0.0,4,Solved,128012,101191,328270,0.15779859699536947,4.128253294766182e-12,2.993993941657891e-13,0.7775489806798093,-1.755254950809683,34.72321510957067,0.6931769228797688,-1.7796935561708191,2.569538100578976,-2.194063304366016,4.771813486343661,-69.9690775776815,-2.931536751390163,4.751956303477484,-83.93001595483571,1.0854325499813675,2.5247775519259115,0.04997557635948513,0.9552500827708293,2.479981167260936,0.009364994425241358
2.74,0.43725512943971834,0.01913813127664279,0.4358650278801047,-0.017027491820260404,0.08851868546914374,0.37977940403932425,0.010593411868163066,0.3278043622565486,0.6257937305365802,0.0,4,Solved,124906,111731,335354,0.15505145141369087,1.5277810266889347e-11,2.3385737790704297e-12,0.7664255810602053,-1.7309374884071902,34.378024912467765,0.678619359126515,-1.7560608496616728,2.1506384288865985,-2.2531472893973734,4.9680142126623394,-68.38424094075938,-2.90166059536975,4.716957593283978,-83.67657400957589,1.0760658997509773,2.480823222619054,0.04952270991147584,0.94857681310961,2.433577627496835,0.015013996859617185
2.745,0.4375679311091124,0.019263635555378845,0.43894263864850686,-0.01732957714277705,0.09008367459046075,0.3797602447388607,0.010913524033273518,0.3099460254865869,0.614824222318763,0.0,4,Solved,125156,109076,347967,0.15214390210724052,1.4414164306586486e-12,1.021405182655144e-13,0.7552711190124645,-1.7067860654381957,34.039881662951494,0.6642187168882676,-1.7325407280613248,1.7335316745633267,-2.2224938871337616,4.76888155505334,-67.10278571605691,-2.8672220503894548,4.697765226749158,-83.2507688503455,1.0628717358106754,2.4343024337158483,0.055524124614294706,0.9381919368124865,2.3922231576324453,0.022311169546862575
2.75,0.4378750642633211,0.019384528468667405,0.4419669055353772,-0.017609570284364624,0.09155688724803819,0.37974281090585643,0.01136474780145897,0.29167412897780476,0.6040494126666454,0.0,4,Solved,125728,116820,343519,0.1494798773442886,3.394895475850035e-12,4.2943426592501055e-13,0.744134304803672,-1.6831407508062048,33.708994564588224,0.6498277543136831,-1.7083565277410182,1.3197552978711007,-2.2288893657926216,4.7099550880654935,-65.55414715434704,-2.8403798404131315,4.740849586432631,-82.56841718496484,1.0524675842957796,2.3916780375086177,0.059729683448129095,0.9299066150647842,2.3508916102498456,0.02636944996725335
2.755,0.4381753484107493,0.019504224393194054,0.44493642007291767,-0.017876956496599785,0.0929493187274067,0.3797282941263755,0.011768905449779004,0.2751455091310369,0.5929837944875503,0.0,4,Solved,123674,104007,336226,0.14708389753535447,1.1041834113711957e-11,8.180123245438153e-13,0.7329449021731673,-1.6596564777222078,33.386298929730884,0.6358202082998275,-1.6850046974223645,0.9089330791599078,-2.245511862306859,4.691511424919841,-63.861066768650645,-2.780446713579146,4.638919662768442,-81.88471387656148,1.042346323899293,2.3533423605656716,0.06398131006627561,0.9212181097847607,2.310309388105428,0.029922449164474618
2.7600000000000002,0.4384686556680992,0.019622817752193746,0.44785113124537806,-0.01813176478273127,0.09425973528982443,0.3797110646393356,0.012097676612639037,0.25915717954931167,0.5819689093617358,0.0,2,Solved,126468,108004,333840,0.14495828611923392,2.243649710464979e-12,3.2951419370874646e-13,0.7215300659796262,-1.6356312015599603,33.072909307125435,0.622024894035511,-1.6619230638240077,0.5019883081048916,-2.292679107055233,4.820002433830421,-61.935176675789144,-2.745434164889247,4.605244174849875,-81.05540694025521,1.0363418900517665,2.3193325779077427,0.06521179156714552,0.9164600400633134,2.27326928608944,0.029260524629268314
2.765,0.43875590948338256,0.019738198321456568,0.45071040746422114,-0.01836916993116861,0.09548716811998227,0.37969413359913673,0.012419663225228918,0.2416995906667338,0.5706806902407896,0.0,4,Solved,122011,106301,327248,0.14256832976108633,1.613625899565818e-11,1.3202772208842362e-12,0.7101602996946755,-1.612077784897576,32.768410241139605,0.6083390277794913,-1.6387037860477367,0.09938043504029064,-2.2707537045809327,4.664136940791962,-60.19195791840477,-2.777130012097655,4.8478055574334675,-80.02697534540361,1.0294886268213475,2.2810932761773812,0.0683839319720339,0.9121753048174635,2.244844089640569,0.024105715695579247
2.77,0.4390376253797694,0.019848755938258123,0.4535139562154996,-0.018584684113512995,0.09662664867496662,0.3796779586818034,0.01287025604114215,0.22391485919373855,0.5594253238220797,0.0,4,Solved,123353,120988,342778,0.1403564708140442,1.2292389328649733e-12,2.078337502098293e-13,0.6988119700080235,-1.5889429400961321,32.47316232829082,0.5947879400106683,-1.6153352396413636,-0.29932481264738464,-2.272762012493152,4.611064894127431,-58.28268882804347,-2.673897060607568,4.593600494433797,-79.5212536838154,1.0164139667334557,2.2457035330247073,0.07221651840822374,0.899370065365111,2.2041184122828885,0.02337837851282773
2.775,0.43931233256381436,0.019958420663922057,0.45626100064625524,-0.018787622319935537,0.097682312930365,0.37966506392475324,0.01326302597925854,0.2069883482261547,0.5480022306492437,0.0,4,Solved,159040,115017,407379,0.13843158823474197,1.2434497875801753e-12,2.0250467969162855e-13,0.6874076597546159,-1.565954393106393,32.187862080870346,0.5816026822208277,-1.5926705824039276,-0.6951153858000454,-2.2872208555761415,4.591079765668366,-56.24371326145599,-2.616878680320081,4.50504638756545,-78.90693002643823,1.0082835045622525,2.2149054117558715,0.07397097277367505,0.8916473789234641,2.170577165109419,0.0188663715669124
2.7800000000000002,0.4395803726380991,0.020067103062416918,0.4589508493371553,-0.01897815024089799,0.09865707204526228,0.37964885231649026,0.013580873092006736,0.19118434830110562,0.5364555984951753,0.0,4,SolvedWithSlack,138412,134153,377944,0.433847205430126,7.74638686529272e-12,5.040412531798211e-13,0.6757706141778855,-1.542355790501207,31.91347425401424,0.5686270344691613,-1.5702600891819263,-1.088085755767625,-2.3185782626332734,4.668651175019722,-54.072648733586846,-2.58065921049374,4.469245497094575,-78.38252324197512,-0.4162335055535986,1.6005118437907588,0.7375402492312142,-0.5326108200701816,1.5003464401024924,0.6771927509606183
2.785,0.4398409817093988,0.02016778260338333,0.4616044435876071,-0.01914193202842051,0.09952456285798983,0.3795892233785028,0.013975910570561524,0.1643086694076505,0.5331591068290408,0.0,4,SolvedWithSlack,156897,140715,397100,0.42666662823071877,1.6538992397840957e-12,1.2456702336294256e-13,0.6640193559907958,-1.5191881158226155,31.706191896660748,0.555487104383435,-1.5470713017733098,-1.4212919762546954,-2.373409279999245,4.628759290892982,-33.02787785257941,-2.6323446417257705,4.68305857921361,-58.85284947272589,-0.44992335460296173,1.518193921734891,0.7253332679922219,-0.5621015736226875,1.4358035768350037,0.6694656454997615
2.79,0.44008826964708536,0.020261815890164507,0.46424990660131515,-0.01927172461981579,0.10023022384155376,0.3795269720965499,0.014402964387766075,0.1292624904107706,0.5307229177541979,0.0,2,Solved,127530,110178,336866,0.1368645055220367,1.5126511154761602e-12,2.964295475749168e-13,0.6519787845349766,-1.495951974563496,31.60335846489199,0.5425967183661227,-1.5240607759810874,-1.658240677574737,-2.435931397459564,4.667172060700444,-12.255885429005556,-2.552789910463261,4.5753381237496304,-39.731365599004185,0.9607975408110677,2.189832088352587,0.13412447693001328,0.8367075338786076,1.8549458897889204,-0.04942795228558544
2.795,0.44032628749224434,0.020351857310939393,0.4668622065214024,-0.019374026078789134,0.10081257673243123,0.3794991734992005,0.014824544515284187,0.113107888747163,0.5196410494874472,0.0,4,SolvedWithSlack,136608,163389,398313,0.4490793741846336,6.61415366920437e-13,3.355093980417223e-13,0.6397324463300452,-1.4724292137542017,31.55373530926331,0.5300163518090568,-1.5014545476577168,-1.8612351393926825,-2.5079047332579996,4.917637615909392,-8.224938179178261,-2.496646439330679,4.495131231241882,-41.17269389139884,-0.4410245249367671,1.6063496777047142,0.7634349361138771,-0.568745825095236,1.162723283319099,0.5569363624171907
2.8000000000000003,0.44056074182774524,0.020435008289758548,0.46942772869188615,-0.019448262847645233,0.1013089819021636,0.3794685142433076,0.015155854255269916,0.08987939616865531,0.5142080473874261,0.0,4,SolvedWithSlack,137119,144243,388394,0.567766378030043,1.1395190346874529e-12,2.964295475749168e-13,0.627216784778036,-1.4484898062538545,31.577598120996996,0.5175641900467141,-1.4788833011945324,-2.0191633480819817,-2.507643731372268,4.738056512158241,13.467797379923539,-2.487837534889874,4.530785000328107,-25.191820824828717,-0.16255855313905188,0.4172596074128977,-0.06193487190915586,-0.17907900873420324,2.568896475445991,0.9652028426510731
2.805,0.440763392091406,0.020547256990305667,0.47197349907671227,-0.019584349948817605,0.10162728637384442,0.3793251468147886,0.015622596417425704,0.07003470038281306,0.5091581667399233,0.0,3,Solved,127231,107043,333129,0.12405028826695895,5.813405312693476e-13,2.0161650127192843e-13,0.6146297577384728,-1.4252935439630638,31.639159678918713,0.504626939162489,-1.4546945274735013,-2.061282984004787,-2.5298668052910798,4.595103719859738,11.562484245074062,-2.562970890333332,4.808433694566152,2.6134913593349633,0.9262260135880368,1.9848046122713432,0.09083302015392561,0.8120276631504939,1.8027294580540263,-0.025634598438784663
2.81,0.440928478898567,0.020697341460067763,0.4744748972041578,-0.019775588498614098,0.10173049409795139,0.37918649872040094,0.016026515386908486,0.03765897305317725,0.496443185936279,0.0,4,Solved,126529,109527,342737,0.12409309787046582,2.608191440600649e-13,6.394884621840902e-14,0.6019827007951982,-1.4023557789878487,31.70477069212387,0.49232455754263904,-1.4315354586688604,-2.050796313910066,-2.534733123323238,4.5863668671443145,14.160269981568131,-2.4070761875586326,4.546911211716502,1.7701918298541581,0.9157713490131486,1.9854895659274532,0.10471895303193403,0.7960164356495891,1.7452675749015953,-0.03253197387228256
2.815,0.4411011625681682,0.020817511449737928,0.47690524584373917,-0.019878360343113532,0.10174695497787581,0.379112338034652,0.01635857264066964,0.01617107634258869,0.4823206950349892,0.0,4,Solved,126820,116039,342026,0.12520231941300644,5.803239833124252e-13,1.2989609388114332e-13,0.5890386311695003,-1.3786657284516306,31.785109024897395,0.48054446143141183,-1.4091710835178308,-2.044873536232358,-2.568070035709198,4.648455950059319,17.197705690325115,-2.3224640831889896,4.430176833499727,0.8011090909344103,0.9228729632641309,2.003237110608103,0.11687170390160423,0.7979642303725797,1.707483143255222,-0.045111638452978
2.82,0.4412870063812125,0.020896053922966243,0.47926749775638394,-0.019875520231173366,0.10169861899356379,0.379085113112062,0.016780208976847392,0.017091818130924207,0.46878865363520744,0.0,4,Solved,125628,96983,320846,0.12605363138966094,5.521954421494613e-13,9.281464485866309e-14,0.5762336493146425,-1.3557104050517939,31.880890706173183,0.46913485013031353,-1.387263193860744,-2.044795145708986,-2.5607937448058387,4.566512164427281,20.471690402833087,-2.2574759783744094,4.353440830836732,-0.5062862275423272,0.9264356761927437,2.016858102234575,0.1327319293035097,0.7973596953251358,1.6678300409713172,-0.059053828182884335
2.825,0.4414841482350981,0.020940499025206658,0.4815618125935901,-0.0197866105051219,0.10159696757429096,0.3790752388729865,0.01730241706633364,0.03245065106424407,0.45517818427706613,0.0,4,SolvedWithSlack,136739,149752,385017,0.36061735289436764,1.083556855352441e-12,7.016609515630989e-14,0.5634152922250516,-1.3329698014989622,31.99454288668928,0.4578475403495777,-1.3651726531986004,-2.05208801097583,-2.566380695545018,4.537385744455879,24.237689783297625,-2.2418718366664083,4.412854862949802,-2.1254294213692524,2.413316517552548,2.5627825503969834,-0.5054913288934545,2.2895499194267908,2.4290343048350547,-0.613049499920425
2.83,0.44168647744545747,0.020974322902086694,0.4837703023632066,-0.019669829039307717,0.10146276834269863,0.3791198826363236,0.017797516859165852,0.03880955406514973,0.4344906645371395,0.0,4,Solved,126218,120037,346535,0.26722997221226985,7.707827431868708e-13,3.1443597725555605e-13,0.5507231064206537,-1.3101474084484144,32.07255393860124,0.4470905689195601,-1.3439866998182013,-2.11576728618227,-2.5103117884424697,4.52832084218525,9.79812077422973,-2.105281878827067,4.145452272683664,-19.79842980428546,0.8560793371327419,0.9939878752866584,-0.40981491036349793,0.8035420713249992,2.697513334730975,0.45429095276085874
2.835,0.4418718749204749,0.02103646383375908,0.4858910093229718,-0.0196093299974895,0.10125801385788205,0.37916416688885185,0.01823976935849811,0.05520185804718875,0.42164735764273087,0.0,4,Solved,129264,109717,337227,0.23958834710445623,5.759004384486843e-13,3.708144902248023e-14,0.5383153155370052,-1.2882564847603202,32.085761092844045,0.43658136541812903,-1.3232086144177009,-2.1757116552522184,-2.4649024219069955,4.297410698953761,-2.112335820454733,-2.099860005884418,4.167089622162615,-6.778060147026576,1.003381133197177,2.515246044113714,0.40730019007757556,0.8252565093990557,1.1812091973589536,-0.3105484745241215
2.84,0.44204348829843065,0.02110861720686255,0.48795649079903475,-0.01955695478514271,0.10094623011077439,0.379169352190355,0.018717005048231677,0.06414760192020541,0.40976498099868025,0.0,3,Solved,129324,118594,346244,0.2499474018582511,2.7045726769259204e-13,5.484501741648273e-14,0.5258826025104113,-1.266700591015033,32.110134945078364,0.42621197942306144,-1.3024473890769246,-2.2362143813445488,-2.4985927182598258,4.321389454652995,9.535403239637873,-2.0681537786088366,4.172356445070206,-15.630230642130499,0.8774760133024015,1.0510905042952206,-0.3838046930766824,0.8147473558307198,2.6114666946397844,0.42491058315902686
2.845,0.44221606321149914,0.021170382260912734,0.48996528316008764,-0.019470005266454617,0.10056519953125502,0.37917141847471186,0.01923072479703262,0.09165638645772108,0.39881767133363516,0.0,3,SolvedWithSlack,138672,129334,371332,0.5083105148659118,6.651137973712196e-13,1.679385797093147e-13,0.5133765568826606,-1.2451893663375408,32.124786516768076,0.4160423653483225,-1.2818352851599693,-2.277982282039968,-2.5090020955741608,4.312023701101523,-1.4559377475140742,-2.015770045046232,4.105363140380968,-3.49132081521658,0.4717550001393217,2.6521153314325296,0.8641278752720501,0.2544148100629846,0.47757425314085694,-0.31361606196697445
2.85,0.4423813887126268,0.021232373610116154,0.49192923780341535,-0.019368217476448485,0.10007176344339072,0.37916608753682624,0.019702262569194277,0.1058536219113965,0.39199097017831414,0.0,4,SolvedWithSlack,139354,154542,393092,0.5825635189558709,4.065685288434651e-12,2.915445662665661e-13,0.5006200196832093,-1.2234904816409287,32.19166620628925,0.40622941267230095,-1.2617517914265164,-2.32254589820056,-2.58314564986574,4.371436215682979,23.273851175612613,-1.93093015041894,3.966978835232629,-12.521738368524348,-0.39103975222770093,0.2994505422542103,-0.030879168449431643,-0.4461006351525178,2.150325223805758,0.9903579822249805
2.855,0.44255499790170466,0.021263014598377,0.4938673673977349,-0.019193979326809267,0.09949814489747749,0.3790040487419008,0.020324851269042304,0.14368267666195975,0.38805301143005866,0.0,3,Solved,132119,127040,357426,0.11550225898415672,3.396394276933279e-12,2.337192939183552e-13,0.4874521214712528,-1.2015757119973565,32.30525560458512,0.39593191191181315,-1.2402677075929027,-2.2991555332390723,-2.6545342956596003,4.3737573227920565,22.34857280107214,-2.04342677264948,4.284162863605597,16.014339873642697,0.9605741183110277,1.8480361437465076,0.08401305048067753,0.822221312646152,1.6719942706682969,-0.02975582546572464
2.86,0.4426921477217101,0.021337444745732927,0.4957804233314405,-0.019086258596938382,0.09872277884758703,0.37887227223127656,0.020872978960755538,0.16445320181488765,0.3796741940776434,0.0,4,Solved,127621,108094,334662,0.11441319644063544,7.0164533905181514e-12,3.774758283725532e-14,0.4742598862438181,-1.1799193222071314,32.42410705153655,0.38623205167687075,-1.2197043021781682,-2.221988310172961,-2.6377654629612723,4.3164959589959535,24.721777783762054,-1.8874736095414368,4.031871603913602,15.062448837603618,0.9409056257784609,1.830611143050167,0.09866324497349094,0.7970396997117195,1.6095695559682763,-0.03505954087862878
2.865,0.44283474831299247,0.021392178079642776,0.4976378800383032,-0.01891518709888443,0.09785468684762501,0.378833608084368,0.02136263143684619,0.18224657688831522,0.368367929216167,0.0,4,Solved,126549,107933,332227,0.1153322082209826,3.998460416931859e-12,4.973799150320701e-14,0.4608349531058271,-1.1576804392155926,32.556650612358126,0.3770450733497578,-1.1998842094033089,-2.149790955615222,-2.6710577688337245,4.394442729741569,27.598799599319634,-1.814907009232344,3.934992946773454,14.03135492442741,0.950392354421266,1.8453153315357216,0.11025250311434559,0.8001450013688303,1.5766519601286058,-0.047600347456805525
2.87,0.4429818849283457,0.021431783761245236,0.4994436526322543,-0.01870105882487336,0.09693178349809893,0.37882597083651987,0.021904610284530526,0.19242087062330623,0.35841518175521236,0.0,4,SolvedWithSlack,148020,175491,422368,0.3826776155878283,2.2635573970752887e-12,4.862776847858186e-13,0.44760396695077453,-1.1361574909484529,32.70377679060242,0.3680798820932462,-1.180337063356298,-2.0837339465063343,-2.6372833630404346,4.265124205772628,30.65659197661051,-1.7798820624373382,3.895711416533674,12.666255104287915,2.6353039290016214,2.5777197722698006,-0.4790104151090588,2.482264053581047,2.335508623306228,-0.6505519464993081
2.875,0.4431364067246797,0.02146192986167543,0.5011753106485796,-0.018458694214908755,0.09600284119602367,0.37887874839270236,0.022526155212665978,0.18856036753896638,0.33834487942591324,0.0,4,SolvedWithSlack,137029,168178,404294,0.48266811071947113,5.284203630218087e-12,1.9984014443252818e-13,0.4347722180454406,-1.1153826471348878,32.815638378294494,0.3594124496907692,-1.1610215790649656,-2.0761726224422037,-2.5163066891215187,4.084061775673139,16.854718672034295,-1.705173588419313,3.8712786051498194,-5.896998926713934,-1.1045621640243577,0.889746475282218,0.8205357882231009,-1.2586798384164692,0.6593742849246915,0.700359532766645
2.88,0.4432934121489476,0.021486845922744396,0.5028495749030902,-0.01818489033598805,0.09500872263489493,0.378888465171942,0.023139105267005942,0.22710389839553283,0.33799642929479595,0.0,4,SolvedWithSlack,137931,192934,430804,0.39772560394214695,1.2358183920646582e-11,4.982680934517703e-13,0.42129052726930283,-1.0936594321171194,32.97095129223456,0.35084296937362924,-1.141752284902674,-2.0457087938898755,-2.77379426526943,4.440550316948958,40.495597888600315,-1.7195843455162756,3.8654694176406488,14.111090103462162,2.834105118232059,2.6092476307391803,-0.5581138243186989,2.6756787155788175,2.453631024842688,-0.6761335267016498
2.8850000000000002,0.44344492142254033,0.02151330968675724,0.5044978468361225,-0.01790249732636522,0.09390928765138497,0.3788552228749882,0.02375637266668511,0.2207356613411795,0.32303039852313087,0.0,4,Solved,128633,119065,346675,0.10490406467564815,6.423306331271306e-12,9.015010959956271e-13,0.40804848036686225,-1.0725711809672875,33.12490543515596,0.34261211250396184,-1.1230705547280537,-2.0334444907618043,-2.578911170886717,4.098295961956897,24.337813213675595,-1.598291240658463,3.654568878623774,-5.317178476353296,0.9559681135218516,1.666172636965626,0.025598908641762758,0.8024783822284982,1.6784650348103705,0.03721983920715319
2.89,0.4435984585043588,0.02154900683686117,0.5060653568513417,-0.017645241865620262,0.09283761148464637,0.3788954435086476,0.02443352911848128,0.22005900947156157,0.31114299848855953,0.0,2,SolvedWithSlack,140365,171424,409994,0.40331878599034227,3.1053840054973136e-12,2.0383694732117874e-13,0.3952102178035237,-1.0523038561048021,33.24861078087625,0.33437734342098274,-1.1041475757856651,-2.0564139650132165,-2.5677251469974784,4.035377623214677,25.01735348565685,-1.6519210191273133,3.80900081723068,-4.147891412318379,2.860235142020538,2.64477264371132,-0.5182109462414847,2.691921716044884,2.4212976922037046,-0.6856419361835818
2.895,0.44374938172339373,0.02159811550588089,0.5075685907296416,-0.017413035734216983,0.09173800583331296,0.3789519085007868,0.02510859009345726,0.223432442673529,0.2947998504135546,0.0,4,Solved,136708,129234,364389,0.18241160668539516,6.294253312999487e-12,1.4943601911454607e-13,0.3826392483459518,-1.0323772565777511,33.32915557871435,0.32666816833925,-1.086147998971475,-2.1365006174324486,-2.493902648077087,4.108021082311598,10.309421477235638,-1.453854465878477,3.4669708566762005,-23.908780414264523,0.9471885581191228,1.2586749581847319,-0.27384078888621055,0.8189647139246965,2.1336605640923505,0.31009973136517177
2.9,0.4438912329841057,0.02167698591904627,0.5089966244326174,-0.0172435596116533,0.09059966191963964,0.3791285846648473,0.02563147217919458,0.23809817043671425,0.2854155344670311,0.0,4,SolvedWithSlack,139974,174420,413260,0.4101565558435931,1.3814782651166979e-11,3.0819791163594346e-13,0.3702196917907289,-1.0126532329786027,33.35645062311998,0.3192401247447063,-1.0686308709257184,-2.229399504352091,-2.4780632522846746,3.867183762380689,2.2558452842825716,-1.4989660306450563,3.525719320309566,-15.021533508576766,2.927045293616882,2.6907481216583635,-0.5009629860114917,2.745513189332516,2.4205707040122006,-0.6972661449341083
2.9050000000000002,0.44402511611315737,0.021771482034656463,0.5103707184895293,-0.017087130173818164,0.08941785005440735,0.3793005982591635,0.02625760810008686,0.23998377327218762,0.2681560970695574,0.0,2,Solved,125046,104999,335274,0.11541895920737054,8.690433789260155e-12,5.910827383104333e-13,0.35830547477044256,-0.9940556572000221,33.32436460557776,0.31211279464315356,-1.0513201229846765,-2.3643042456019945,-2.3127273486064723,3.6245092374453765,-12.190242123659386,-1.379892843685102,3.45281175199182,-34.92444883126503,1.031402511832499,1.8467033473179286,0.14731310131565206,0.8448712359029511,1.5360512887960185,-0.06568865346612254
2.91,0.4441723055848755,0.021852457226701247,0.5116770446038903,-0.016888333523579952,0.08824190731283166,0.3795350925158322,0.026949771371948872,0.24647149983590802,0.2616454651562267,0.0,4,SolvedWithSlack,137800,186522,423269,0.41987171771152304,9.274987028407011e-12,6.24389429049188e-13,0.3462622771918359,-0.9753496567919232,33.27622842560146,0.30526001325036256,-1.034469365751164,-2.5449522827631013,-2.5202631036711147,4.007555746062885,-7.775541096898477,-1.3504936611727805,3.3208501036274347,-36.91593420596136,2.9795284437548393,2.75059376833273,-0.4697066672563336,2.782349664496368,2.401708207068578,-0.7137819201095892
2.915,0.44432824823471223,0.021926116182617344,0.5129311731791734,-0.016663942678838594,0.087008784165816,0.37967136347502795,0.027547900157580237,0.24848305794198414,0.2473781933077959,0.0,4,SolvedWithSlack,135847,179559,413501,0.4366555283008025,6.856737400084967e-12,1.1293674329060366e-12,0.3341829241601041,-0.9565606258349861,33.19621004947489,0.29890864461593175,-1.0186023782136715,-2.7911325741353217,-2.354272777316022,3.6277521618889064,-21.46047854162832,-1.2157865004148605,3.0798437602978397,-57.44444865948083,3.207058262442512,2.782985043938699,-0.5785389880293155,3.011907356635663,2.5882546925277565,-0.7423143981113642
2.92,0.4445033369311618,0.02198607839397574,0.5141018978294334,-0.01639489661033032,0.08584977425320779,0.3800997366991828,0.028317431020187064,0.2629647904751685,0.22963315546305085,0.0,2,Solved,131348,124926,356122,0.11083026869501003,9.725109606506521e-12,1.3081818614479879e-12,0.3231474741091246,-0.9394190535156747,33.03884564042289,0.293306849827659,-1.0034954949431143,-3.1418874944307253,-2.1211853251739994,3.3118059100741055,-38.141872684998894,-1.0486123985398723,2.9357295205521208,-78.66109807105231,1.068603918259246,1.7732842991201605,0.08943361277939316,0.8740713409144739,1.6564739450704098,-0.01577285180439919
2.9250000000000003,0.44468572851696625,0.02204795512675312,0.5152145767772006,-0.016130625072888767,0.08470125175496653,0.3805384115820232,0.02909804825593629,0.2452954783985198,0.22485920695731362,0.0,3,Solved,127170,110278,336616,0.11265994273616103,4.230379935243889e-12,1.8629542353210127e-13,0.3119048676121289,-0.9221426260842354,32.8559364804721,0.2877349074666964,-0.9887508027775347,-3.5368304594250755,-2.368845287891477,3.722113115900366,-35.401929476720106,-1.1290809164912103,2.9452238084932914,-79.19366618542217,1.1054213199593654,1.8025590837785765,0.08764463445416237,0.9020993091766405,1.638481961616546,-0.019424223015490294
2.93,0.4448634365799308,0.02212262110700973,0.5163082003858095,-0.015892937121458464,0.08345853765885447,0.3806537641985344,0.02975380936615242,0.2561639917164774,0.2216749464130942,0.0,4,SolvedWithSlack,139534,173698,411518,0.4516097787341158,5.082920195853546e-12,2.6623148130511254e-13,0.30009777040486507,-0.9041634646375367,32.685848098218976,0.28196439814990454,-0.973891104654925,-3.93448181267388,-2.3611867931684682,3.5442091812243346,-33.06645988769563,-1.1663698712457216,2.991018357582407,-79.75012511260478,3.5217124114845206,2.847906199615494,-0.7051153830096042,3.3189516195989213,2.790009830972026,-0.7677366238479968
2.935,0.4450454269832539,0.022202821725156554,0.5173602440752655,-0.015652910727479694,0.08223607148998519,0.3810390663981132,0.030567364345236242,0.2768598887047367,0.2068438344445277,0.0,4,Solved,128603,116941,353908,0.1099052817858431,5.525357948954479e-12,2.9265478929119126e-13,0.2893537430164372,-0.8877858382182162,32.459524407901,0.27678184516863624,-0.9593352172802199,-4.398907794160878,-2.0296423894804425,3.123115847294246,-53.389495164109576,-0.942868233431167,2.8044067653721645,-101.69150321899724,1.10086684077019,1.7584845085734897,0.09264403913672903,0.8934461332373596,1.630722489858251,-0.0024598822289553235
2.94,0.44523216578163305,0.022293751860096994,0.5183556554164853,-0.015428513347750441,0.08101714568623762,0.38154359212553435,0.03134227070739068,0.2636167650739734,0.20133215144029806,0.0,3,SolvedWithSlack,138922,180330,422788,0.44910181180381376,5.731748409232296e-12,3.0120350658080497e-13,0.2783294930412299,-0.871028714752821,32.20085741186097,0.27174805246956735,-0.9452757428765358,-4.907954072457334,-2.3073432514424277,3.5256456319387457,-50.59228660129826,-1.0270166999943042,2.8141680925868924,-101.86924792520165,3.5497462172263012,2.896411318459103,-0.6674140714904773,3.3315433074985106,2.764283124199128,-0.7634730800664834
2.945,0.44542156737551164,0.02239246157306783,0.5193154547773985,-0.01520699836187906,0.07974221883106755,0.3819433587022846,0.032069773115484465,0.28002593242399165,0.19164828337655204,0.0,3,Solved,126179,119977,345823,0.11053761425698207,9.038603199229556e-12,8.22675261247241e-14,0.2675963666447143,-0.8547845728814795,31.889878528440075,0.26728831125803854,-0.932151657866828,-5.483186558277913,-2.031468016479899,3.075513354845731,-69.9122908097058,-0.8026679955798878,2.514557612585734,-123.81465464420941,1.1356940772147783,1.768601828111713,0.09593409438060371,0.9155572175639316,1.6145522057179464,0.008961916537142702
2.95,0.44562281040743157,0.022487639504059336,0.5202268322927014,-0.014973414121410808,0.07850611110699476,0.3824312947800406,0.03292923587741749,0.26389155764602706,0.18756353634599382,0.0,3,SolvedWithSlack,137149,168358,404965,0.47785729038567093,7.0758399139947414e-12,6.039613253960852e-14,0.2569103119984405,-0.8389743423653314,31.548444500982136,0.2625511988039152,-0.91834455865885,-6.101011720820908,-2.210372519500473,3.2238879208160856,-67.19333405033414,-0.9653935127863071,2.73949264495612,-123.51930023831733,3.8093200346164653,2.9647947498151366,-0.7614653917596783,3.587018872068839,2.9068930792768417,-0.8123573936556405
2.955,0.4458234219583584,0.022602931907891425,0.5211022806521483,-0.014782044917134118,0.07722699097227505,0.38301512968516765,0.033695973758044395,0.31827543113986,0.17456438008320135,0.0,4,SolvedWithSlack,134744,140545,374427,0.5731644440255773,1.3527082232123178e-11,1.1296519275560968e-12,0.24672621933032704,-0.8234512908423604,31.147275025124646,0.258722454672256,-0.9059648312686065,-6.78870191801203,-1.907777731942567,2.9689063021752076,-88.97047512549713,-0.6384852791648121,2.3211664305962287,-146.86741613351617,-1.6729175639030736,0.47865766656076547,0.9743795548434814,-1.9051524365999684,0.25666464274590123,0.8527528509076985
2.96,0.4460302844132528,0.022715486933930627,0.5219588788660696,-0.01457640140285594,0.07592206256710227,0.3836334103625401,0.03450425528719176,0.2923601947797526,0.18413415927044854,0.0,3,Solved,129936,118484,352235,0.10791087719306583,4.164668609973887e-12,7.267519919196275e-13,0.2357828552215203,-0.8073024510229986,30.786129802956847,0.2541186969994593,-0.8921053192132167,-7.449047509009661,-2.3584270283537014,3.4076466578930393,-61.034181989817675,-0.9740050914088889,2.8415100616771083,-122.31034284862059,1.1261046539813075,1.7265740350890533,0.09719778346987071,0.8930813866829231,1.5357699967494607,-0.04684430437211712
2.965,0.446232294679813,0.022816531803785622,0.5228674503198167,-0.014314796827692253,0.07439231808442563,0.38376040532463573,0.03534951700269555,0.3170939639697157,0.18699943089816976,0.0,2,SolvedWithSlack,132831,168508,401929,0.5008061042136992,4.460209979129104e-12,3.5638159090467525e-13,0.2236313817358369,-0.7899501363302454,30.489327198824622,0.24927119567378853,-0.8779918730980157,-8.06473377474026,-2.4723204951702624,3.512067240381366,-58.23923359342006,-0.9671600451750957,2.8207706592520547,-123.67695316012643,3.679567894710801,2.871223661746955,-0.6924451669209611,3.4428043815026896,2.7112104154031167,-0.8513703771632887
2.97,0.44643973369610684,0.02293001080095652,0.5237349434124994,-0.01406107134973264,0.0728379378497794,0.3842163347682667,0.0361596918796655,0.3452371157550683,0.17415796122406235,0.0,4,Solved,128503,128834,355682,0.10397486420885149,1.290079154614432e-12,4.627409566637652e-13,0.2121484970751733,-0.772828238258121,30.139049112091673,0.24546931873239797,-0.8650201869697034,-8.756267078476974,-2.134129110183925,3.228627967102976,-78.02933838533313,-0.6590555617104801,2.5996090007795267,-147.94121539434573,1.0887183508459375,1.6635978273416239,0.09626558490133924,0.8479053990599978,1.4863019941361455,-0.06874853407473219
2.975,0.44666594416631134,0.02303229867294223,0.5245481066781883,-0.01374464533361582,0.07134337021280697,0.38490962487495817,0.037150239199057376,0.3200349550634277,0.17044822956654565,0.0,3,Solved,128633,109978,343669,0.10487353365889537,9.244216503390135e-12,1.5548673459875317e-12,0.20067449776470261,-0.7561996930384367,29.7569313712118,0.24162576021766444,-0.8519423913936653,-9.50235299538518,-2.3752773378600094,3.3829341179303802,-75.3330037835412,-0.8119936230968748,2.625114570698148,-150.04044797847246,1.1221688327671773,1.677976538542326,0.0929540652198001,0.8741504985971977,1.477138829385894,-0.05232810989253873
2.98,0.44689643886138186,0.02313112137783328,0.5253618318973428,-0.013433950379582648,0.06975407127471443,0.3850872785899758,0.03811032048405996,0.32923712287525436,0.17006929345814895,0.0,4,SolvedWithSlack,140725,166144,405827,0.4453762682007633,1.500377599938929e-11,6.799005802804459e-13,0.18840141416706666,-0.7389125852601732,29.388312607036422,0.23745215760138125,-0.8387374843882994,-10.257118966465804,-2.5017124284959027,3.5066740314313187,-72.64512310640585,-0.8441455691406536,2.6548823371012076,-151.55437393326073,3.561942741619111,2.7947480155039526,-0.6434814872313722,3.307867000370829,2.615168379771854,-0.7571396559412976
2.985,0.44713453935109465,0.023243224965476553,0.5261346454658695,-0.013135791938205783,0.06816000843864072,0.38561844738080514,0.039048787209934537,0.3694158260732894,0.1567105304574254,0.0,0,SolvedWithSlack,140526,151747,391569,0.4487719473353348,2.708056001665682e-12,1.5498713423767185e-13,0.17680478572377265,-0.721821286910064,28.970224289977573,0.23415712161276866,-0.8262475342443669,-11.07977247245946,-2.1858930485071117,3.240790702760356,-91.03374439135789,-0.560561253545864,2.432882336566549,-173.17021921102454,3.813599722789846,2.873187640240447,-0.7629123104700691,3.5594250176622,2.808432264882961,-0.7558999934119829
2.99,0.4473889001764428,0.023358462320853042,0.5268492759325996,-0.012798796157933997,0.06663824097212864,0.3869512396657409,0.04009378216338436,0.4508398280962347,0.15050558093919128,0.0,2,SolvedWithSlack,142629,104608,346986,0.55568356718385,2.8634872251132037e-12,2.0017321133991572e-13,0.1668533616920758,-0.7069161232795382,28.449195328452678,0.232229313474826,-0.815235540760914,-12.010870799797535,-1.8433186060334876,2.9592508835217513,-112.8386495140445,-0.2968803792232585,2.2229406567876464,-194.7552585608324,-1.7492256114572302,0.29079871196270046,0.9446620642125451,-2.009151285018892,0.08511319665457003,0.9025734960033379
2.995,0.4476438317790708,0.0234935031352487,0.5275449654124784,-0.012499914446678846,0.06506278490551569,0.38816323452195933,0.04103533516256337,0.36478644339476446,0.1571342628442946,0.0,2,SolvedWithSlack,152298,120848,375770,0.5215372816027962,2.635197615674656e-12,2.007283228522283e-13,0.15537336720125436,-0.6902020524177332,27.966099518357826,0.22923786540039723,-0.8027390180959023,-12.907493517181955,-2.5373841904548162,3.573278216396936,-85.77459945524222,-0.748261203762947,2.673271726357591,-168.9933548622678,4.066632616409948,2.9792582493996695,-0.8133726383833516,3.798958774449113,2.860561016187638,-0.8866133787247535
3.0,0.44788950374201464,0.02365014935674543,0.528266072810175,-0.012227928821758863,0.06332610963070487,0.3890944518394726,0.04205085768661813,0.45949667814150025,0.1479297099058161,0.0,4,SolvedWithSlack,153330,139624,392872,0.5560357815337197,3.859690345109357e-12,5.624389842751043e-13,0.14413940794821473,-0.6738385580559151,27.467194171309675,0.2266658870156223,-0.7903607221858405,-13.828350612340527,-2.0522745169275907,3.118792826714164,-109.07645389440555,-0.36325915281608784,2.3854752542728703,-194.24817241554499,4.004055510207841,2.926365219697887,-0.7870502995166673,3.7351187815360953,2.8467311034532674,-0.9452608286073234
3.005,0.44814458058567136,0.02384413311672302,0.5289082073736237,-0.01198490123631957,0.06173514039769172,0.3914955991774811,0.0430542275935292,0.6734932170831263,0.13928306290835404,0.0,2,SolvedWithSlack,141758,112672,352957,0.5133887869425816,4.612255022351519e-12,3.6259883984257613e-13,0.13464106805232998,-0.6593865861267003,26.853905375968708,0.2268284100257709,-0.7818275348305017,-14.829707815391453,-2.2722274719234727,3.088061801002496,-131.70147593220432,0.7842986680748514,-0.2159123052998373,-170.33651858830316,3.659668343652753,2.790876103614149,-0.6250124521914184,3.3739258443368496,2.6256752511207475,-0.8727609378023887
3.0100000000000002,0.44831527324951664,0.02418119128978699,0.5296663300096996,-0.011996127069080103,0.05927850952453663,0.3939605840936465,0.0431076392423541,0.7677537446044286,0.15864504412116137,0.0,0,Solved,129695,105399,333059,0.09834566954138073,2.286781874971666e-12,1.6298074001497298e-13,0.12445191686866976,-0.6437575859975686,26.142798872941945,0.23126355477755267,-0.7811972116626211,-15.754010585914699,-1.8452740509677823,2.8549934428609296,-149.4913296476556,0.9549489088299725,0.3428579773535264,-194.5629259121018,0.9919839439223158,1.4606783639959076,0.16718763822034724,0.7080092045955704,1.2641328065170676,-0.07043012122575198
3.015,0.448552295489938,0.02444142948817568,0.5303181090147577,-0.011617127990810015,0.0571635380391787,0.397002400249374,0.04420655666932532,0.6904443520214266,0.1424812407947542,0.0,0,SolvedWithSlack,144052,102584,344641,0.44048617381111155,3.68993724464417e-12,3.615996391204135e-13,0.11450080703099993,-0.6287862944713477,25.409527828427922,0.23447471837485243,-0.7761709840804375,-16.731057768554052,-2.117395552160105,3.2862960626109974,-144.5915771864819,0.444990366051472,1.4202584334480854,-195.9834941233581,3.5234523656320946,2.6685386460603904,-0.6069399564982388,3.233208533740788,2.5628067928925975,-0.7488264954788896
3.02,0.44885040518624153,0.024635912018597324,0.5308692409154853,-0.011018755587877675,0.055367753985284145,0.4003139630867326,0.04593281254177238,0.8572236429662037,0.12601078898872276,0.0,1,SolvedWithSlack,140966,82516,321938,0.5745581296271627,3.097966327914037e-12,5.976330541557218e-13,0.10569709599265802,-0.6143491210773863,24.633980825506217,0.23701403921876749,-0.7673958932511914,-17.773158430230552,-1.5787905949983125,2.8253976079858694,-161.96973122502777,0.5255483081546862,1.9929605027137054,-216.7137243281345,-1.8240107510824266,0.1515218344008895,0.9767488203661766,-2.10616439845612,0.09191500750019876,0.9426179691992624
3.025,0.4492020828665843,0.024763086578810323,0.531358248956787,-0.01033613782096207,0.053849607964984364,0.4033122409498405,0.04825038747887622,0.47864429169753886,0.12642530263746407,0.0,1,Solved,132711,127671,357576,0.10241250184218609,6.671996288787341e-12,1.866284904394888e-12,0.0954064129305302,-0.5984190721117361,23.907361895774038,0.23528719745170512,-0.7505728626031551,-18.77312873810928,-2.371221971006381,3.4597312598572247,-134.18235308275706,-0.9308361054213957,4.308073201699218,-188.82451090272681,1.2827256770668147,1.6386000294749774,0.05002628648968177,0.9981866723417496,1.6052985804827422,-0.06441696751153214
3.0300000000000002,0.44957676026106996,0.024827993845051737,0.5318945769020562,-0.009749688801882981,0.052211624206072685,0.4040479324955672,0.047521889155498966,0.36487666441391364,0.13251887588142633,0.0,0,SolvedWithSlack,138361,72938,318161,0.5174521525015918,7.866707285586472e-12,3.694822225952521e-13,0.08222801663083983,-0.5799001555902914,23.24083038378958,0.23153088347053424,-0.7505349755879839,-19.35538597922226,-2.693526799825162,3.769063131861835,-132.72838327305053,-0.8756282826130903,-0.4173270349389657,-102.59016645191966,3.852185881937047,2.8572312307886585,-0.7191474187456238,3.5400380444656583,2.6867100760685605,-0.8796686592527061
3.035,0.4499935263171885,0.024855763298665835,0.5323658338927441,-0.009042531385088766,0.050779206140157705,0.4053497605017629,0.04526064671491114,0.5281249451031691,0.12119865166785465,0.0,1,Solved,125377,82646,305186,0.10073612924962563,3.828548589268621e-12,4.432010314303625e-13,0.07073254332166548,-0.5626978239053271,22.515499266425312,0.22779870009823505,-0.7509838383612788,-19.941295354508032,-2.0734386710231343,3.4008853944585176,-153.1571174537036,-0.6660519100909342,0.13292478937959673,-126.91077759157884,1.208349880843921,1.6117780679940101,0.0840885015781799,0.8898757461260991,1.4355217442016268,-0.07723486073501468
3.04,0.4504701129892136,0.024841933272194427,0.5327267943568847,-0.008169951549540923,0.04974345466421436,0.4078670434148406,0.043719925403746154,0.5516786716073251,0.12238755126755173,0.0,1,SolvedWithSlack,142049,81995,321266,0.5594745452954203,5.8335558605904225e-12,2.2311041902867146e-12,0.060402261179641585,-0.5460905387503334,21.75650506092746,0.22293555213475313,-0.7462384618475078,-20.579800201665968,-2.0705052020691457,3.307380716698472,-150.86556574857823,-1.1774132625184015,1.4951555975204542,-128.2284525283424,4.129121271252343,2.980552640166409,-0.7595415774196786,3.814911380996596,2.9423200378422085,-0.9511067270022145
3.045,0.451007798454369,0.0247619766570323,0.5330188479560354,-0.007097870135225751,0.04904957299571874,0.41120921878859595,0.04318076996382097,0.8974000383740407,0.123987093587487,0.0,2,SolvedWithSlack,145976,88317,338760,0.5849710626511322,2.5228708011582057e-12,6.749045766696327e-13,0.05227516850759823,-0.5317826761849925,20.93664947619437,0.21776361844640865,-0.7367960206769911,-21.299760026810475,-1.334446502021012,2.5783292591413796,-172.70096226855142,-0.9374671955373871,2.1495760255826517,-154.5045251960063,-1.6141049748670973,0.2572702761558811,0.9944508065069246,-1.9213125407806562,0.225166169349178,0.7622820104485177
3.0500000000000003,0.45160150716988,0.0246146547440125,0.5332606770708628,-0.005894840087289564,0.048642290563145146,0.4147410773445909,0.04359039570273277,0.5164963056388713,0.1389928712938158,0.0,0,SolvedWithSlack,162837,163659,462313,0.5832592766398206,1.8118839761882555e-12,4.2099657093785936e-13,0.042795482989411486,-0.5156689642900159,20.159010986050646,0.2090873109138005,-0.7207175213277411,-21.981537567693202,-2.3178799914631436,3.7039287134244634,-144.06558242317323,-2.156369513523736,2.8371039241129106,-109.26938475161587,4.50519281754149,3.169417364080811,-0.8199584307893361,4.200225231258339,3.2517812275337574,-0.9915407702876949
3.055,0.45222122638857404,0.024415507368157032,0.5335346238966647,-0.0047449291990736865,0.04814957466691906,0.41665531108206844,0.04044650221916737,0.5371429245230024,0.14120813657433115,0.0,0,SolvedWithSlack,146847,94268,348970,0.5762639799160094,1.2945200467129325e-12,2.984279490192421e-13,0.031791311517806585,-0.497479323217052,19.368425024129177,0.20024227302598405,-0.7230616318823575,-22.34235662800193,-2.04940720452013,3.6645807162152075,-167.35446369631887,-1.6080298637966992,-1.4062875502835726,-65.4065935646404,4.562204042031776,3.1867970596728736,-0.7961944894070554,4.27312223447052,3.3566524106595197,-0.979648765857216
3.06,0.45288972171040115,0.024131496023516143,0.5338068519451487,-0.003222171338169422,0.047842660792710615,0.4199276042946372,0.036255801699690685,0.7795053901421487,0.1782398758376035,0.0,0,Solved,134714,60505,297452,0.10154662388363153,1.4313217278072443e-11,7.185363415374013e-13,0.02350997663748272,-0.4839286495083299,18.594564563669028,0.19192104989942768,-0.7260449387033902,-22.74996776511271,-1.4488653761136576,2.3865533914712462,-146.1214130042625,-1.713065639173926,-0.0599544412187803,-92.27201697627181,1.2077089978465827,1.3410498292510424,0.1196145280758289,0.9634512847944317,1.6247459821381045,-0.03069175795082324
3.065,0.4536073793055108,0.023751305846644463,0.5340746179424785,-0.00142391644882125,0.047756234496848876,0.4235460916947284,0.033040932716897196,0.7537846949738428,0.16776181890772243,0.0,1,SolvedWithSlack,141046,96873,338089,0.6560874283618604,6.984635092521785e-12,2.227551476607914e-12,0.015175993688410872,-0.4680692097873599,17.87688317723722,0.18135509921022774,-0.7219573984085642,-23.211358361849893,-1.8115355170769043,3.700597130434881,-141.8088553274596,-2.3803517682870936,1.4026226400898736,-92.28048761745126,-2.1033262279002574,-0.0011194623129782868,1.1153486282151626,-2.388115128933664,0.06421020720238899,0.9751939417393534
3.0700000000000003,0.4543191716360303,0.023428210820017704,0.5342659877089593,-3.581993148704636e-05,0.04772001758977766,0.42425721059140586,0.031262469612723935,0.3176761867773956,0.14352317941548876,0.0,1,SolvedWithSlack,140175,84950,331225,0.5646347005200828,3.709033080667723e-12,9.383605004131823e-13,0.0003554472145000961,-0.4520114678968452,17.441472388115102,0.16568970794948468,-0.7070102475687638,-23.585207378847304,-3.8166589239232183,4.245840965929996,-70.60593656533536,-2.6476668918139814,3.4832455928937,-62.82891909344995,4.671043427191549,3.340535639133612,-0.7908680816662756,4.363502631731796,3.3304597635433044,-0.9598789908841407
3.075,0.4547271179650362,0.023570985585944462,0.5348233477917944,0.00046905104160429147,0.0458176121061422,0.4242007084267203,0.03186008946804364,0.5203974246636817,0.15289079126232433,0.0,1,SolvedWithSlack,137018,82687,319444,0.4959419784267155,1.6455170559481758e-12,9.601208716958354e-13,-0.018509662606456156,-0.42778915268953277,17.024410393372452,0.15864086542534775,-0.6908840779596603,-23.97777567816659,-3.6811877023487427,5.20193396975406,-91.97691567489257,-0.8184746251847057,3.0521687250763834,-89.15096621825225,4.22948270338855,2.9452185966565914,-0.7829649155141778,3.9091756493219965,2.7759053451541806,-0.8431013633254163
3.08,0.45499706848043114,0.024010561920322363,0.5354293149247716,0.0002884894240457574,0.04334069928636777,0.4270817523212769,0.03261115491297753,0.9368809318553881,0.16153044797962726,0.0,1,Solved,129164,140325,368516,0.11236406704379799,1.2182477249211843e-12,4.218847493575595e-13,-0.03564720473904348,-0.40010931393440025,16.50014843001068,0.15732276691068034,-0.6771210808003881,-24.494721822954087,-3.2441587561254326,5.75038317618364,-113.44450151068304,0.0423294696474209,2.563511159774737,-112.92085863524585,1.5394424894619099,1.7978250727007679,0.05444021707454461,1.1698660117368922,1.3663791559625194,-0.16762895799940564
3.085,0.45521162420729927,0.024609831083985845,0.536022640438339,-0.0002586108022205212,0.04061561775983258,0.4303737354506844,0.03422558845029739,0.796236857994243,0.18788453873729088,0.0,1,SolvedWithSlack,139714,97764,338760,0.41688098539824514,4.618527782440651e-13,1.7985612998927536e-13,-0.054829679765947444,-0.37662341111336006,16.119667343363993,0.1573062658460274,-0.6657944732195675,-24.994373246119544,-4.132222759652653,5.233481216694917,-71.65538341642323,0.0013905768781194427,2.1647989809097576,-91.09746509824068,3.3886803377227728,2.592201246055461,-0.4073384627861034,3.001545350410007,2.1085038741733055,-0.7086976751770168
3.09,0.45542495515239834,0.025307039691684872,0.5365338301735677,-0.00102091892950283,0.03791044198039672,0.43335921740797506,0.03578142431974518,0.796325953053657,0.17505386584431146,0.0,0,Solved,124685,60775,283185,0.11009465341687505,2.723599124010434e-12,4.631850458736153e-13,-0.07530934341303218,-0.35015755285205813,15.776254029333227,0.15770280733221956,-0.6568522139452685,-25.46346182395282,-4.194817743116528,4.5166327791301235,-52.300458474556514,0.051794106973626644,1.1411923538422597,-88.05083893942418,1.5647041776817512,1.7615144546700008,0.17563061524399246,1.1422904986918827,1.2175628049271652,-0.18317993599910404
3.095,0.45569961058057673,0.026020998864553665,0.5368909044197991,-0.001755928453180078,0.0355849907773504,0.4359018411383355,0.037650894602888785,0.6616047866805158,0.1673551809430661,0.0,1,SolvedWithSlack,5435568,129033,5678817,0.44986850140654644,1.4210854715202004e-14,2.1316282072803006e-14,-0.09752250616273231,-0.3225283208666702,15.533212253551849,0.15678842184966144,-0.6486804456893881,-25.917779343969066,-4.608452343813003,6.201542089227808,-46.14514948884951,-0.34007766560980646,1.9650773741874996,-92.73747017979662,4.016972921956586,3.397113147075357,-0.45489613202250484,3.487853548282993,2.4854716812323354,-0.7647764523911289
3.1,0.4560507645864636,0.026765929596373833,0.5370676868411678,-0.002524171255860073,0.03376513332441727,0.43820537124036746,0.03917829000195495,0.5291794696625766,0.16983022115175267,0.0,1,SolvedWithSlack,146337,98325,353828,0.4074145203977933,7.277678459871595e-12,9.28590537796481e-13,-0.12174354836590555,-0.29157921083957816,15.362997344331434,0.1549016793405723,-0.6411576451178089,-26.377434544865572,-5.035833869975488,6.017865979464525,-22.949190520697705,-0.43525287586072997,1.2282183756795286,-91.40161515590009,3.692543036315398,3.4356712855709777,-0.19767464250122038,3.0813588306624844,2.2492184711169845,-0.6926046846762486
3.105,0.4564955801650309,0.027515860174396854,0.5371235425217129,-0.003065327033458581,0.03236478956092624,0.43988421525660637,0.04062060663776615,0.4283464774676749,0.1807479165800894,0.0,2,SolvedWithSlack,6990525,90732,7182869,0.345530963416608,2.1316282072803006e-14,1.887379141862766e-14,-0.1486834063761792,-0.25781759611489635,15.284371882882644,0.15257792750721275,-0.6384004085962858,-26.810905765190917,-5.55837499231025,7.224071602497602,-13.302540012985137,-0.4903044735779566,0.5613777519792613,-90.29557846972118,3.168495609151946,3.4713197954170547,0.1384826951216107,2.461618740575341,1.9208340738403225,-0.5874026378082335
3.11,0.4570505438798595,0.028260025716332973,0.5370867001626157,-0.003452947530941269,0.031304141319989494,0.44147822888549415,0.041969608863376216,0.36736787660011844,0.19040678247928355,0.0,0,MaxIterations,8166467,81674,8348771,0.0,60.17660734750335,7.17500401794493,-0.17847024155430996,-0.21743353444424107,15.236705309317017,0.14967965338961473,-0.63438732216976,-27.289612047993103,-6.271843798323094,8.681401214381088,-7.700213670556106,-0.5498734192183938,-0.01747630242304865,-85.32838744823883,3.168495609151946,3.4713197954170547,0.1384826951216107,2.461618740575341,1.9208340738403225,-0.5874026378082335
3.115,0.45770958905374587,0.02897703327948688,0.5370549465352775,-0.0037084742302718023,0.030190961680961567,0.44263121843476594,0.042333677630029036,0.3104400424421223,0.19885690688293953,0.0,1,MaxIterations,8307864,100580,8509575,0.0,62.000341070821776,9.475521618468303,-0.2118736902695883,-0.1700143484756017,15.207066719922745,0.14650295485092277,-0.631718745338885,-27.764459829909775,-6.967576482948035,10.30995065613568,-4.3356530171352,-0.7044220518611443,0.8599852648897416,-101.42380878919535,3.168495609151946,3.4713197954170547,0.1384826951216107,2.461618740575341,1.9208340738403225,-0.5874026378082335
3.12,0.45847466795930303,0.029708801784540145,0.5369517609879729,-0.003988939612329148,0.02924512995009191,0.44358667873335655,0.04184385655982294,0.2532103385617453,0.21709353386402658,0.0,1,MaxIterations,8436126,84870,8634431,0.0,65.31833390399274,12.818882975625364,-0.24938061535615708,-0.11248034201419668,15.194347448991827,0.14308749392996942,-0.6318181617779837,-28.22104589794209,-7.8952712793772255,12.17163199495838,-1.7960400698391235,-0.629379611578507,-0.9738421319663814,-78.91168977911292,3.168495609151946,3.4713197954170547,0.1384826951216107,2.461618740575341,1.9208340738403225,-0.5874026378082335
3.125,0.4593342049572981,0.03047302195617789,0.536786355114138,-0.0043688663438999084,0.02837931175330921,0.44416067037593693,0.03935503815307974,0.2107789730019824,0.24945922252383512,0.0,0,MaxIterations,8282055,75483,8473847,0.0,69.13978827592938,18.036774640437084,-0.29121699043088023,-0.04380456573087301,15.199101111787396,0.13928533469839016,-0.6344642213330575,-28.664208900611293,-8.715225504508057,14.756383828653659,2.6422508471670954,-0.8494215380140819,-0.2200711895891253,-95.11140692435485,3.168495609151946,3.4713197954170547,0.1384826951216107,2.461618740575341,1.9208340738403225,-0.5874026378082335
3.13,0.4603004111754424,0.03130290932216903,0.5364630611639931,-0.004955690381368167,0.027931928213144174,0.4445698347031587,0.03630270197089071,0.1888168576630766,0.2808669301562026,0.0,0,MaxIterations,9634440,72537,9814270,0.0,73.72522007873792,24.5669678444627,-0.337469851552357,0.03741341963528358,15.224288539025467,0.13434157244864856,-0.633247303925798,-29.18837878400752,-9.496440219051314,17.419512143802063,7.351696330098856,-1.0908953354354611,0.47546731310616164,-111.34454086825633,3.168495609151946,3.4713197954170547,0.1384826951216107,2.461618740575341,1.9208340738403225,-0.5874026378082335
3.1350000000000002,0.4613667456192592,0.032303104779270474,0.5358443077715606,-0.006191996940702547,0.028553097144195416,0.4455001767956062,0.031810140198254476,0.39151692686198125,0.3393363656932544,0.0,0,MaxIterations,9406398,115859,9632216,0.0,79.61093378715053,33.05716745979125,-0.38668814750578273,0.13319398885750172,15.278801452551717,0.12800507083278242,-0.6292178854386189,-29.794025208973867,-10.103923651211794,20.27281574262389,13.190921242975111,-1.3998434216955153,1.0391924678045432,-127.658337156628,3.168495609151946,3.4713197954170547,0.1384826951216107,2.461618740575341,1.9208340738403225,-0.5874026378082335
3.14,0.4625307778140892,0.03349120159986416,0.5349178999328489,-0.00811873131606882,0.03050600106301801,0.4465530042571218,0.023153740656043448,0.7337603392109184,0.4109290613453651,0.0,0,MaxIterations,9299317,65584,9481951,0.0,87.0797546581218,42.83775209642201,-0.438628724498233,0.24304012091211452,15.362472610417692,0.12098370610201914,-0.6401433211288671,-30.229438650668772,-10.490779402133533,23.02110054865678,19.092516875736358,-1.494621521886372,-2.698606798290286,-83.44231354568531,3.168495609151946,3.4713197954170547,0.1384826951216107,2.461618740575341,1.9208340738403225,-0.5874026378082335
3.145,0.4637785720080386,0.034949520750928505,0.5335995823064694,-0.01117386700013158,0.0341773606076345,0.44870469043936356,0.01077441114684321,1.2596704731257269,0.5041427876402518,0.0,0,MaxIterations,9337909,65874,9519362,0.0,92.77983897724691,52.68947137646723,-0.4911976311255028,0.36525714012360666,15.475375187259543,0.11252646431987859,-0.652260688042918,-30.695463658833308,-10.493516135867255,25.341334373077473,24.8839464974883,-1.8239306921486418,-2.2472343655354536,-99.7133798509943,3.168495609151946,3.4713197954170547,0.1384826951216107,2.461618740575341,1.9208340738403225,-0.5874026378082335
3.15,0.465100049322208,0.036725465047040606,0.5318394307324867,-0.015592179812167517,0.03981207796744738,0.45262229912211555,-0.003691358772988114,1.8761979458639955,0.6080743843780221,0.0,0,MaxIterations,9219375,132170,9470901,0.0,98.28842254602297,62.23590196639842,-0.5429543990728258,0.4978858767798735,15.61672329973296,0.10239620978173922,-0.6622560335267305,-31.24282516498724,-10.218703707061351,27.259268641884155,30.503266491550754,-2.161722158565286,-1.8372755953741289,-115.97597496918605,3.168495609151946,3.4713197954170547,0.1384826951216107,2.461618740575341,1.9208340738403225,-0.5874026378082335
3.1550000000000002,0.4662904321762198,0.039036420495347,0.5299997665132122,-0.021773528527996903,0.04653763094951775,0.4597352962693735,-0.01990979886639873,2.6653815241802845,0.6490914081818364,0.0,0,MaxIterations,9338440,68750,9522098,0.0,99.08541526466996,66.62241680698078,-0.591148967362459,0.6350864578718921,15.784673830725996,0.10074548727546354,-0.6782607998484772,-31.631675710763332,-9.253328115304821,27.590703436825066,35.65199524017399,0.7120559549583907,-3.997633780972754,-56.434524410558595,3.168495609151946,3.4713197954170547,0.1384826951216107,2.461618740575341,1.9208340738403225,-0.5874026378082335
3.16,0.467280758852602,0.041947643413926254,0.5281907058030727,-0.02984631408693301,0.05412083514865141,0.47052422400254146,-0.036608797308907114,3.3649016021977127,0.7575334476792156,0.0,0,MaxIterations,9269881,90401,9477142,0.0,103.83808528921392,74.74060827472661,-0.6352799720218166,0.7768076992068222,15.979055443623611,0.10336969154298971,-0.6971028454344688,-31.962516638772815,-8.508234284654643,28.798597778786316,41.010894970437946,0.40167482233016655,-3.6169466716211915,-72.6550868098612,3.168495609151946,3.4713197954170547,0.1384826951216107,2.461618740575341,1.9208340738403225,-0.5874026378082335
3.165,0.4683148781332569,0.045202310934558704,0.5259229504456496,-0.03944527433129991,0.06404499235023858,0.4834695236623867,-0.056349221578731026,4.050740784605616,0.8634322768158493,0.0,0,MaxIterations,9324665,64572,9499184,0.0,108.20058371187193,81.23772943420414,-0.6748324217223515,0.9231147467332467,16.199638077541167,0.10501529110614725,-0.7232268132508196,-32.24659160344128,-7.507364028004977,29.590711213142335,46.215611320778926,0.21094819278572327,-5.239705535037354,-60.80322212698071,3.168495609151946,3.4713197954170547,0.1384826951216107,2.461618740575341,1.9208340738403225,-0.5874026378082335
3.17,0.4693717193346336,0.0488210766348454,0.5231756688947526,-0.05075896446995086,0.0762923539891875,0.49863314468224107,-0.07832396658608073,4.781783784398246,0.9797199070749204,0.0,0,MaxIterations,9074021,85972,9278497,0.0,112.30290164755576,87.31834774440519,-0.7089769640550252,1.0731037008744815,16.44644584131884,0.1051129019900069,-0.7481488130849254,-32.599154394008195,-6.351519322468502,30.239191247093327,51.458221911760795,-0.1070527066943466,-4.810735000064988,-76.98278676259527,3.168495609151946,3.4713197954170547,0.1384826951216107,2.461618740575341,1.9208340738403225,-0.5874026378082335
3.1750000000000003,0.4704407198886164,0.05278955995226153,0.5199517144759003,-0.06378061726266358,0.09084605293125705,0.5158443645934193,-0.1028972100609131,5.449599223341311,1.0885174049399124,0.0,0,MaxIterations,9103106,64391,9278817,0.0,116.25549081369557,91.59081117372537,-0.7366060769137395,1.2252070057443842,16.719174933214052,0.10417025310116967,-0.7796673005745437,-32.911408063734385,-4.978414550013753,30.57557060308193,56.641532322215156,-0.30203018185522135,-6.499620320237817,-63.488091491850675,3.168495609151946,3.4713197954170547,0.1384826951216107,2.461618740575341,1.9208340738403225,-0.5874026378082335
3.18,0.4714995565558956,0.0571129827072132,0.5162357513741476,-0.07866881127687117,0.10758987310538518,0.5348687697239923,-0.1295879015655878,6.116454361947892,1.2071945861062525,0.0,0,MaxIterations,8992697,91122,9192284,0.0,119.8304314923844,95.52380722847536,-0.7571631970108761,1.379185769806478,17.018370861836082,0.1015890218291285,-0.8105341211983182,-33.277279773249184,-3.512039832277593,30.927054286248882,61.98405909530959,-0.6591043927071772,-5.949938933625022,-79.63035108468486,3.168495609151946,3.4713197954170547,0.1384826951216107,2.461618740575341,1.9208340738403225,-0.5874026378082335
3.185,0.47254246499142305,0.061760102443752435,0.5120312038860956,-0.09536143283002647,0.1264280640154917,0.5553323554118529,-0.158692293754484,6.682554890338583,1.31474770328817,0.0,0,MaxIterations,9340995,63149,9508211,0.0,123.20005026433425,97.24943739838517,-0.7696249671934682,1.5339578530602505,17.344230361567245,0.09782495926130025,-0.8483324313879608,-33.59198094868209,-1.8353300023621433,31.049466719713855,67.36060724696975,-0.9048855196081136,-7.487069624545768,-66.8279968229659,3.168495609151946,3.4713197954170547,0.1384826951216107,2.461618740575341,1.9208340738403225,-0.5874026378082335
3.19,0.47354508819796576,0.06673007791687281,0.5073198407852526,-0.1140415845498934,0.1471332413518741,0.5767946084053204,-0.18930547539894613,7.206398901883293,1.430108781082041,0.0,1,MaxIterations,8809461,103465,9025219,0.0,125.47039795482863,97.81413885564181,-0.773605468785286,1.689893994671207,17.697822053712212,0.09205093514426765,-0.8836821062646424,-33.97450194749726,-0.08139606742048466,31.27149479806816,72.97978288576171,-1.3210151943161008,-6.7865429109086755,-82.9560099274523,3.168495609151946,3.4713197954170547,0.1384826951216107,2.461618740575341,1.9208340738403225,-0.5874026378082335
3.1950000000000003,0.474497814846812,0.0719949129723139,0.502099500315362,-0.13470493059257974,0.1694681348432917,0.598773312493595,-0.22056069475198417,7.612155715222077,1.5324236044159791,0.0,0,MaxIterations,8973942,67017,9156697,0.0,127.17036951338484,112.9194704500655,-0.7681498266156354,1.846481944202,18.079899204679908,0.08449706330173619,-0.9193881711876353,-34.38648827955317,1.9462157358276142,31.249122092866262,78.6843666990469,-1.5509459800892298,-8.593884651798177,-66.25127840195367,3.168495609151946,3.4713197954170547,0.1384826951216107,2.461618740575341,1.9208340738403225,-0.5874026378082335
3.2,0.4754415635921733,0.07745150900773472,0.4964068412327462,-0.15683714551534758,0.1932990665736506,0.6205827558326595,-0.2543458799028089,7.896231806261657,1.6283426530162832,0.0,0,MaxIterations,8861430,64191,9031742,0.0,125.6045576624001,136.2943498241694,-0.7523556336659574,2.0032997314281125,18.491229070059973,0.07533298722399008,-0.9598120491996389,-34.766173333676974,3.988337893196501,31.437167389010327,84.67967003198105,-2.016157684249665,-7.743931027735804,-82.39805614325542,3.168495609151946,3.4713197954170547,0.1384826951216107,2.461618740575341,1.9208340738403225,-0.5874026378082335
3.205,0.4763523131813594,0.08309947153124522,0.49023529092259815,-0.18063846952354917,0.21811369839228972,0.6415859716914902,-0.28780982217188317,8.058595715590139,1.7176115981527884,0.0,1,MaxIterations,8954075,100330,9154132,0.0,121.12626071764214,159.9393283323539,-0.725902561188734,2.1610232279390176,18.933104861573305,0.06396816076929085,-0.9959715808560151,-35.22669135135782,6.176033234472741,31.61705796400115,90.86239992084114,-2.4367951958552756,-6.891291442076434,-98.57920079581632,3.168495609151946,3.4713197954170547,0.1384826951216107,2.461618740575341,1.9208340738403225,-0.5874026378082335
3.21,0.4772730139057402,0.08885303891622252,0.48363537206732327,-0.20561558011975528,0.24353847227655034,0.6611249473009169,-0.3203277123958642,8.037765644226848,1.7818840514484937,0.0,0,MaxIterations,8896987,70473,9082988,0.0,113.4796280563713,180.5482972459951,-0.6879873742512745,2.319379326811971,19.406233113549142,0.05094675078565085,-1.0323548190493785,-35.710418104638016,8.588926658501,31.616496765072583,97.10651023531388,-2.630666207689439,-8.899603751412183,-77.75562097333388,3.168495609151946,3.4713197954170547,0.1384826951216107,2.461618740575341,1.9208340738403225,-0.5874026378082335
3.215,0.47830921066673976,0.09456717787199945,0.47670119295941765,-0.2307415135799881,0.26933118775616544,0.6784840714694916,-0.35377981533162867,7.838898694947016,1.8279901381832357,0.0,0,MaxIterations,8725733,83788,8922716,0.0,98.163609006956,197.95163674940346,-0.6382547352339571,2.478359717170691,19.911044662965097,0.036719167933256414,-1.074017885163127,-36.14785604057488,10.844929327914809,31.92930474142431,103.54210354957574,-2.973757022158664,-7.958710166108697,-93.98101262604175,3.168495609151946,3.4713197954170547,0.1384826951216107,2.461618740575341,1.9208340738403225,-0.5874026378082335
3.22,0.47967081515506615,0.10005835725796519,0.4698064664785129,-0.25459626010700076,0.29644961644629353,0.6947125681451798,-0.3804815382793958,8.085556871233322,1.7060081348628657,0.0,0,MaxIterations,9401229,93617,9607238,0.0,92.17608348793094,134.26917803737888,-0.5662974604688427,2.6127074077056003,20.43094908928842,0.02101194762322019,-1.1127574219700176,-36.66660193973009,17.421946728820753,21.89542761421688,103.20934337229177,-3.24503981493371,-7.7562261558375125,-110.27005306201156,3.168495609151946,3.4713197954170547,0.1384826951216107,2.461618740575341,1.9208340738403225,-0.5874026378082335
3.225,0.48181698909599363,0.10497993549070107,0.46366876692349496,-0.2742765204366346,0.33009181092264167,0.7155499685414095,-0.39197723836198695,9.312815886425883,1.601268828243487,0.0,2,MaxIterations,10837963,129284,11084038,0.0,110.28040447137776,74.11399920927573,-0.4595698818319517,2.6923146179162254,20.945684390389122,0.004202858311490582,-1.1520256082447364,-37.26680334341675,23.779306170483483,12.395688185859724,103.0568110762361,-3.429199946777654,-7.9334370334934405,-126.54409335906155,3.168495609151946,3.4713197954170547,0.1384826951216107,2.461618740575341,1.9208340738403225,-0.5874026378082335
3.23,0.4844063741985932,0.1096869082047367,0.4578127580378811,-0.29228087209536097,0.3708444635603619,0.7431009069060975,-0.38990183159642267,11.256480191579255,1.5895754529586672,0.0,1,MaxIterations,9410176,120467,9647825,0.0,146.7689610560181,36.35197804694659,-0.3231391365687671,2.723991800205465,21.261318660239212,-0.013976609794097431,-1.1944591834436336,-37.921677664965216,29.138749109776327,2.7330083146837554,32.97644821774169,-4.160261586372044,-9.868875701838416,-116.31345337893161,3.168495609151946,3.4713197954170547,0.1384826951216107,2.461618740575341,1.9208340738403225,-0.5874026378082335
3.235,0.48697228210854726,0.11452064690132911,0.45166894636333615,-0.31288260324222134,0.4175768436529156,0.7753417772838662,-0.38382455248241215,12.550416243613169,1.6945834000196178,0.0,1,SolvedWithSlack,578734,112483,813587,0.9201260216243099,9.060840966412798e-11,2.1191937094044988e-11,-0.16672556806361283,2.7254216814833967,21.339987193261965,-0.03520204704433553,-1.2437570055666087,-38.55143842649794,32.53141147190076,-0.8642014067521159,9.252618636728089,-4.29179164652347,-9.8171737591158,-132.36826975066793,-5.300238135902438,-6.642853903430359,1.5642142367613268,-3.4871609800221317,-0.7903623052281,0.2708237267138164
3.24,0.4889724108299964,0.11950508528755902,0.4448353539265974,-0.33669169623240447,0.46662983019318244,0.8117779554784985,-0.37337568934753596,13.270960991937844,1.7578859912326887,0.0,0,MaxIterations,8083530,95901,8287435,0.0,189.03096030955737,74.90036755575593,-0.00241585304856487,2.704683269944352,21.41975633422569,-0.058257262754332975,-1.2914720533361408,-39.18963074296437,33.00611187432852,-6.205139125685545,21.884875682320782,-4.832363724374803,-9.345266326311402,-124.48737858714973,-5.300238135902438,-6.642853903430359,1.5642142367613268,-3.4871609800221317,-0.7903623052281,0.2708237267138164
3.245,0.4901087272132783,0.12438945638226809,0.4373657138801904,-0.363708972833134,0.5152605837298974,0.850130136887881,-0.36248850861220655,13.460669482068148,1.8325346104071107,0.0,0,MaxIterations,8251938,93797,8451726,0.0,188.86389209903655,83.7984926965683,0.16113704521805983,2.663152172182086,21.629543917978033,-0.0842042130450317,-1.3361289886828815,-39.78858102521187,32.355793816062764,-9.418912075127002,58.48878596189529,-5.43580134251621,-8.618893533852773,-116.67085255415797,-5.300238135902438,-6.642853903430359,1.5642142367613268,-3.4871609800221317,-0.7903623052281,0.2708237267138164
3.25,0.49030847703068314,0.12910871320828143,0.4292221218033642,-0.39423797808268435,0.5616369313921151,0.8879998357372255,-0.3535341982355595,13.297975384460333,1.9181490044942213,0.0,0,MaxIterations,9483495,90170,9687670,0.0,182.524925586437,86.36332168414278,0.3195432211333493,2.6081975153074493,22.04590651763362,-0.11338884637874913,-1.3767202999226142,-40.34867605485521,31.186970251448532,-12.005221435745248,99.79397789507622,-6.114836562848354,-7.7743910966983485,-108.92686993258084,-5.300238135902438,-6.642853903430359,1.5642142367613268,-3.4871609800221317,-0.7903623052281,0.2708237267138164
3.255,0.4896405016201317,0.13355583138731558,0.42047646416129236,-0.4280316437642797,0.6051572342507087,0.9241076410019209,-0.3473932590756344,12.957027506195306,1.999214333159799,0.0,0,MaxIterations,9057289,120027,9294277,0.0,172.51832604792781,84.1352039989761,0.47121679920861304,2.5410775632875198,22.66884798061169,-0.1461963998965507,-1.4128818659576452,-40.87024790575269,29.737725602017694,-14.335733347989954,141.12653890462826,-6.868548244480241,-6.863545858019198,-101.24722036205738,-5.300238135902438,-6.642853903430359,1.5642142367613268,-3.4871609800221317,-0.7903623052281,0.2708237267138164
3.2600000000000002,0.4882301237308966,0.13764866234323478,0.41125691939729386,-0.464826243945527,0.6453318388699586,0.9569107220240661,-0.34525973020287004,12.34367895815851,2.0533282494531413,0.0,0,MaxIterations,9409185,75102,9591939,0.0,160.75115865568534,75.56166174793742,0.6143661632947005,2.4641631533923833,23.499010043768926,-0.1803928072971072,-1.4496138329988788,-41.283428043633805,27.838300458894967,-15.978786931768076,182.68003731514898,-6.287319894732934,-8.159624858964332,-65.32688540814704,-5.300238135902438,-6.642853903430359,1.5642142367613268,-3.4871609800221317,-0.7903623052281,0.2708237267138164
3.265,0.486203245381843,0.14137997045881076,0.4017432495852794,-0.5044595407426029,0.6818164829373875,0.98512620464658,-0.3469359687572021,11.832224983860327,2.102515375768137,0.0,0,MaxIterations,9207413,67046,9376332,0.0,147.33070388129994,67.14094748402528,0.7489344442314556,2.3785437540257246,24.53723506225079,-0.21441107933100292,-1.4874403367052496,-41.58720659329449,26.319751483567078,-17.879870040414698,224.30927028230022,-7.151901967582313,-7.170138379710878,-57.71182947765858,-5.300238135902438,-6.642853903430359,1.5642142367613268,-3.4871609800221317,-0.7903623052281,0.2708237267138164
3.27,0.48376870017954543,0.1445901133719869,0.3919150435116027,-0.5455026299440101,0.7154092744695607,1.0096816183260937,-0.35055883432922136,11.336912138219862,2.1380164625715006,0.0,0,SolvedWithSlack,963951,70123,1165662,0.36665476324897783,1.4722445484949276e-10,3.0947688856031164e-11,0.8765700813365713,2.283239341764126,25.783907684829604,-0.25281164226481473,-1.5203720110589398,-41.85296911152054,25.0352739317855,-19.88340910356133,266.0151033613514,-8.032365435141639,-6.201410332003902,-50.11421139885689,-4.366345480537559,-5.866476211983645,0.13023031681485753,-2.682725324965121,-0.5614516834347554,0.2656502002077513
3.275,0.4810472137297711,0.14726364285144705,0.38183367774555577,-0.5875757944778256,0.7464546778022426,1.0309002988538396,-0.35494814826210613,10.944003253388704,2.167754949466968,0.0,0,SolvedWithSlack,794070,65133,965985,1.0,8.810729923425242e-12,4.348521542851813e-12,0.998663026128526,2.175997403095222,27.114793897406145,-0.2950070503108203,-1.54890549485374,-42.08092160602767,24.030957373006494,-22.511450386314564,266.30037336679413,-8.712225790332257,-5.378783348578286,-42.57611463773924,-9.118601716860828,-16.0,0.2728518027987771,-4.426671612144277,0.160242748591568,0.6078040810125832
3.2800000000000002,0.47800985355524694,0.1492622362041832,0.3716899065062489,-0.6303808582155436,0.775085247576152,1.0505056476504333,-0.3573784859223872,10.741233959443196,2.1391954727745652,0.0,1,SolvedWithSlack,670326,83989,855095,0.7102755952038755,4.490630090003833e-12,8.562039965909207e-13,1.1183597559068932,2.0405564504760836,28.448065923476378,-0.3408832104200568,-1.571026933503972,-42.24021358231907,23.959085006512414,-30.165063115531073,266.96198952857293,-9.504600764606817,-3.7793726614151226,-24.716664037021072,-8.584258441325016,-11.364409523262008,1.1817013602728874,-4.18454044628335,0.3952620532053456,0.7204884914354324
3.285,0.47463248353456594,0.15038913601727827,0.36178960047164693,-0.6731482304554375,0.8006602445259704,1.069452960131648,-0.3552904091043753,10.179006721927314,2.0774954189289616,0.0,1,SolvedWithSlack,684112,108956,894520,0.9999999999985377,1.5795365015947027e-10,2.757971628852829e-11,1.2358240275747014,1.8756440441655018,29.870412324887777,-0.3896352928141528,-1.5867370522994226,-42.322609999773846,23.284045877712302,-35.01189012703641,296.0972122268925,-9.497183753849766,-3.589456774767266,-18.15593223051793,-7.62850235946151,-4.418329836385995,1.6999999999975142,-3.449093901631195,0.5074265462185799,0.7625280531566357
3.29,0.4712398919167004,0.15065093607027832,0.3526980556156464,-0.7108434219458256,0.819859171810774,1.0874451118819195,-0.35019562680052047,7.391549190717098,1.7323417102445466,0.0,1,MaxIterations,9321057,96633,9525985,0.0,65.48775520423452,65.41591675390457,1.335170163166969,1.7038776966629987,31.492693388297816,-0.42707066314728126,-1.6095373989858859,-42.439699497032024,16.08965530535358,-33.06838616025561,343.52251069644495,-5.318236006961725,-5.094548371599885,-26.110737427355126,-7.62850235946151,-4.418329836385995,1.6999999999975142,-3.449093901631195,0.5074265462185799,0.7625280531566357
3.295,0.4681407671691174,0.14973328392698426,0.34654355401438214,-0.7308906305623484,0.8201694407284755,1.105406138971821,-0.3432234333414316,4.4619818878220725,1.201431225623161,0.0,1,MaxIterations,10154652,99608,10365621,0.0,61.94648941280292,79.06131754919365,1.3917029587049665,1.5458939596337327,33.35318368902348,-0.4399926860298799,-1.6369074199725508,-42.5817023584756,8.532557074957786,-30.86343359239167,391.09431771023327,-1.0071153903328882,-5.6344549567446025,-29.539584110336378,-7.62850235946151,-4.418329836385995,1.6999999999975142,-3.449093901631195,0.5074265462185799,0.7625280531566357
3.3000000000000003,0.4652904829238657,0.14791537390080534,0.34279973177874945,-0.7365026161156296,0.8055208940113416,1.1238586076652959,-0.33466544452143215,4.842079053891116,0.9192619071336828,0.0,1,MaxIterations,9957450,106882,10181914,0.0,51.81758085618887,85.84293780826806,1.4186303642176965,1.3951451402949346,35.45181109214977,-0.4364193825028477,-1.6653881335202876,-42.73437387628416,3.573892053746877,-29.695088971599045,438.95776072891147,1.686507372075555,-5.696220894937564,-31.04238458607532,-7.62850235946151,-4.418329836385995,1.6999999999975142,-3.449093901631195,0.5074265462185799,0.7625280531566357
3.305,0.4626032991380097,0.1453905380099564,0.34067854972115785,-0.7317665176781036,0.7806845442357498,1.1426057592735195,-0.3255913067987037,6.312679110594271,0.8326413630564847,0.0,0,MaxIterations,9954815,93297,10164812,0.0,69.47419084857212,86.78243665389994,1.426490845440016,1.2492598834954765,37.7923565974453,-0.42219636805071065,-1.6935960613395797,-42.89192871071789,0.4403808755676615,-29.032386218759235,487.47245088783956,3.5668673545263254,-5.602685874156135,-31.757813900669387,-7.62850235946151,-4.418329836385995,1.6999999999975142,-3.449093901631195,0.5074265462185799,0.7625280531566357
3.31,0.4599889338821814,0.1422157630810859,0.3397056122314284,-0.7189018721236142,0.7480089234264963,1.1615584526059144,-0.31668498216806895,7.787838595902452,0.8684351878040225,0.0,1,MaxIterations,10103285,88167,10299606,0.0,91.77787260547872,96.17100111726003,1.422602054454113,1.1007117631034273,40.37132163168441,-0.40083978484964355,-1.7197619288993269,-43.024793788688434,-1.4620619191694906,-30.32431283115938,534.5282900308907,4.488835394463512,-4.724413508632742,-18.57490357782217,-7.62850235946151,-4.418329836385995,1.6999999999975142,-3.449093901631195,0.5074265462185799,0.7625280531566357
3.315,0.4574136217845529,0.13843078383789054,0.33942265674330124,-0.7000275298253075,0.7099007278741575,1.1801678537906444,-0.3076804114937881,8.905623296996575,0.9566405743293553,0.0,6,MaxIterations,8315758,216619,8638287,0.0,85.23436471670138,40.86906275433882,1.4092726825192594,0.9564640215831567,43.19522782583057,-0.3756951291860301,-1.744425826058456,-43.15059777145966,-4.688001558476927,-21.071141646377754,590.5096807815271,4.879605446429786,-4.699040193348687,-24.060816878165312,-7.62850235946151,-4.418329836385995,1.6999999999975142,-3.449093901631195,0.5074265462185799,0.7625280531566357
3.3200000000000003,0.45578985365969926,0.13380860801917685,0.339919661503438,-0.6740795882651256,0.6702367759600698,1.1961320448285704,-0.31040296578933474,9.49376437741173,1.0445216290139945,0.0,1,MaxIterations,8303416,148020,8566051,0.0,105.31697451393444,17.98738978327645,1.3795507820713897,0.9449408369466792,45.22786950704691,-0.35329254212099476,-1.763943364189011,-43.236083395397685,-5.480234119086132,5.936878463754152,256.31935389517275,4.293205058351878,-3.175817824635476,-9.653958511832098,-7.62850235946151,-4.418329836385995,1.6999999999975142,-3.449093901631195,0.5074265462185799,0.7625280531566357
3.325,0.45459413850303165,0.1283670957699057,0.3410137549098758,-0.6433082069029402,0.6277758729553891,1.2111389984925953,-0.32528843816961894,10.448453970111144,1.1996173075102226,0.0,0,MaxIterations,8286403,98827,8496439,0.0,115.60639603883767,20.59940878878674,1.347755595536127,0.9873302306996271,46.404572033177,-0.3297076616870581,-1.7804289911986304,-43.30457589076208,-7.20839111241588,8.537454238146555,254.46810940661504,4.795338479806666,-2.7893228038140774,-6.540059589565667,-7.62850235946151,-4.418329836385995,1.6999999999975142,-3.449093901631195,0.5074265462185799,0.7625280531566357
3.33,0.45348864462797517,0.12212206571020592,0.34251355564994257,-0.6069725870325796,0.5814437900985964,1.2253825422508564,-0.3420029186812354,11.65242610804192,1.3747105996437854,0.0,0,MaxIterations,8243953,92666,8438020,0.0,127.79555512092,24.310881110289905,1.3051335659569825,1.029823061039406,47.8199490513218,-0.30279640709499783,-1.7951014895952297,-43.36464285421478,-9.421936418326126,8.571617892812842,302.2204870303285,5.4842872515847,-2.433537208682757,-4.992291498554773,-7.62850235946151,-4.418329836385995,1.6999999999975142,-3.449093901631195,0.5074265462185799,0.7625280531566357
3.335,0.4524319954471497,0.11498167886146247,0.3443181102663862,-0.5649307804317547,0.5309546654397127,1.2384038113334,-0.36076953616535024,12.879824197739413,1.565342893300209,0.0,0,MaxIterations,8363288,92114,8570881,0.0,147.1662785184101,28.677566951633167,1.251214956386268,1.073623933184029,49.4750527059834,-0.27249169907442927,-1.8079158700326305,-43.42068917505827,-11.693578459088949,8.9352893865532,350.25745529177357,6.1753879313868785,-2.053814650690751,-4.246116565866637,-7.62850235946151,-4.418329836385995,1.6999999999975142,-3.449093901631195,0.5074265462185799,0.7625280531566357
3.34,0.4514006142994382,0.10684806845899907,0.3463040768723039,-0.5171573808489887,0.4761581919498675,1.2497876686253435,-0.38226135536874944,14.157402761519334,1.7699874122341197,0.0,1,MaxIterations,8297855,124115,8542216,0.0,183.13861078085785,33.88505055605624,1.1860715517351894,1.1185201448460327,51.369626082875634,-0.23865788708361163,-1.8188782367469642,-43.474845527300644,-13.941396901114794,8.960384159150804,397.9363256039714,6.901279937888867,-1.6829264238288906,-3.894507579787681,-7.62850235946151,-4.418329836385995,1.6999999999975142,-3.449093901631195,0.5074265462185799,0.7625280531566357
3.345,0.45075831374754677,0.09762653761670316,0.3485264454949452,-0.4645530390066183,0.41990979769243725,1.2593644810449771,-0.403588243367037,13.811255339513467,2.0078505118032726,0.0,1,MaxIterations,8170635,94448,8380050,0.0,185.19667610166942,39.144885678544746,1.1157376635312724,1.1530496841932474,53.49319301156152,-0.20925589452622484,-1.8228852060891192,-43.490439952531105,-13.26130421761236,4.279299845976138,441.5792823559764,4.360283772629303,0.01746261227148571,-6.266455664656642,-7.62850235946151,-4.418329836385995,1.6999999999975142,-3.449093901631195,0.5074265462185799,0.7625280531566357
3.35,0.4519638108858328,0.08726681102074288,0.35164789083598097,-0.41056256259247387,0.3730164371599617,1.2683533850404274,-0.4162456964094407,13.415035986930762,2.2853357510968904,0.0,1,MaxIterations,8271915,109847,8493254,0.0,180.69305700259727,42.29357082453899,1.0496782790334525,1.1651647721833136,55.83703858990716,-0.1940015980499854,-1.8142508579518601,-43.45297207628277,-13.509625624716683,1.7616010074922666,487.38432509537716,2.5451054469828653,2.7160832534096166,16.631964013363323,-7.62850235946151,-4.418329836385995,1.6999999999975142,-3.449093901631195,0.5074265462185799,0.7625280531566357
3.355,0.453892597100282,0.07577380009086165,0.3550349741846384,-0.35220877454853927,0.3263747629248898,1.2748021510259535,-0.4276507717315778,14.399685972564479,2.517843692599742,0.0,2,SolvedWithSlack,539129,96672,750879,0.7831943825343748,4.320099833421409e-11,7.862155371185509e-12,0.9770162202036958,1.1714689759631447,58.415048768415794,-0.18207774770981236,-1.7944233892996586,-43.30150391360098,-15.320569601471359,0.8641077769017342,534.3127814126727,2.3739474079842915,4.762235255864902,39.39193795631021,-4.253948452220746,-5.966364576113162,-1.1134010038936388,-1.6048317109644619,6.426527818275153,1.331430450308437
3.36,0.4558421770868112,0.06332114265855927,0.3583170222391712,-0.290600528806433,0.2774006579873562,1.2782481025489756,-0.4378111137912814,14.861385084292541,2.635254296900894,0.0,1,MaxIterations,8084902,97384,8292314,0.0,201.88330415030543,37.79042705487574,0.9010922030918482,1.161364957463929,60.97828870007256,-0.16236858849085056,-1.7715438157418113,-43.19879479317601,-15.488801278127632,-4.08878995232299,498.031633400867,8.074978706409732,2.9134441394284813,6.778707773229158,-4.253948452220746,-5.966364576113162,-1.1134010038936388,-1.6048317109644619,6.426527818275153,1.331430450308437
3.365,0.456013405812643,0.05078559885029256,0.3633795033609233,-0.23157709202160429,0.21984343022303882,1.2852074524498414,-0.43295350709872144,15.679043866096752,2.76350767601346,0.0,2,MaxIterations,8269611,122461,8507201,0.0,231.05867425125103,38.690727754541705,0.8232196379347598,1.1261115846906216,63.36043867984727,-0.10106708455666487,-1.7595565388769379,-43.14202808465664,-15.398598584615064,-9.1266635970553,462.0212563308235,13.948022714235936,2.5783461008006627,17.29718996729399,-4.253948452220746,-5.966364576113162,-1.1134010038936388,-1.6048317109644619,6.426527818275153,1.331430450308437
3.37,0.4552855761213393,0.037736915436591516,0.36883917739186706,-0.17329728635239833,0.15777532572322991,1.2925707710831529,-0.4188454012478644,15.999984111332603,2.8748648213132393,0.0,2,MaxIterations,8423122,129104,8669046,0.0,242.26510123198915,41.49124939249661,0.7493405879401738,1.063392739720972,65.56166495838437,-0.027431403662549418,-1.7483776019662491,-43.081553181976844,-14.363498009769927,-14.756478035259947,425.78977865792035,14.91975886205382,2.45507302225377,12.52844637862672,-4.253948452220746,-5.966364576113162,-1.1134010038936388,-1.6048317109644619,6.426527818275153,1.331430450308437
3.375,0.4542795725099467,0.02397266003375944,0.3738073805329646,-0.11473309037431896,0.09442488602674132,1.2980320751410614,-0.40111280252027437,16.152544111569984,2.9728792313775316,0.0,1,MaxIterations,8402964,96262,8615014,0.0,240.62608398971926,45.955984957743276,0.680758921962915,0.9746019670143938,67.5839555313599,0.04599131958138242,-1.733755155995023,-43.028627353832086,-13.237715844694604,-19.735001967229234,390.30292940041187,14.450131606809425,3.2525172721687587,8.725842079020424,-4.253948452220746,-5.966364576113162,-1.1134010038936388,-1.6048317109644619,6.426527818275153,1.331430450308437
3.38,0.45303082849472276,0.009510427484003268,0.378121858717247,-0.05554685754947323,0.03013497787942163,1.3006761146250883,-0.38201458536644894,16.370735881262533,3.0661106773755025,0.0,7,MaxIterations,8319746,327499,8754888,0.0,263.4152936694771,53.794753658159394,0.6187719292351476,0.8636707041150926,69.43262307863414,0.11605392559815113,-1.7124058721853124,-42.968317686154876,-12.113673403964421,-20.975376075448953,358.74655541265344,13.714519482599435,4.874544902314026,14.71272685712562,-4.253948452220746,-5.966364576113162,-1.1134010038936388,-1.6048317109644619,6.426527818275153,1.331430450308437
3.3850000000000002,0.4514787938201577,-0.0055755060265351595,0.3815376925646918,0.004480871580130826,-0.03594141199246585,1.3014786088041155,-0.3715902786336875,16.709967134465046,3.1386087398140163,0.0,2,MaxIterations,8331348,165923,8613692,0.0,276.06468239310146,56.50422536848718,0.5707297475912093,0.7799070171267236,70.33025181932851,0.18451934991047908,-1.6858604063777938,-42.90131823876528,-8.595898666011896,-15.37016333791814,104.73250060307765,13.61725008569779,5.120085206678989,5.966588932658329,-4.253948452220746,-5.966364576113162,-1.1134010038936388,-1.6048317109644619,6.426527818275153,1.331430450308437
3.39,0.44953819481342344,-0.02123948900045974,0.3840899639177792,0.0641766262361361,-0.10369957639626069,1.3011585509782408,-0.36894815312908585,16.8871912858113,3.2400132599064224,0.0,1,MaxIterations,8266466,144353,8521517,0.0,285.18968724867324,60.3223722779684,0.5312038734051255,0.6999086699594422,70.6125672580668,0.24910527528020043,-1.6523844929839964,-42.838691332731145,-7.551194080161415,-17.02921412987214,36.02241769236413,12.235298356817648,8.688962762834803,27.192559121473288,-4.253948452220746,-5.966364576113162,-1.1134010038936388,-1.6048317109644619,6.426527818275153,1.331430450308437
3.395,0.4473329130484857,-0.03749315908510791,0.3858031507703225,0.12449523641792001,-0.1727509715635537,1.2984111835382757,-0.3659556464752468,17.23614523505131,3.333591140366991,0.0,2,MaxIterations,8324505,88517,8515236,0.0,299.1849958335391,68.8581980577876,0.49731193649798944,0.6014998032335841,70.68868252155477,0.309617801209578,-1.6123401046842238,-42.78875042717595,-6.2487923725515,-21.746188772943924,1.101215593791995,11.932520431503203,7.9566086154523425,2.7238866234273456,-4.253948452220746,-5.966364576113162,-1.1134010038936388,-1.6048317109644619,6.426527818275153,1.331430450308437
3.4,0.44475809683558265,-0.05420944228285316,0.3864834001741525,0.1858385936672076,-0.24382856779936501,1.2922323137440122,-0.3626834477975868,17.697015883140917,3.419598073255565,0.0,2,MaxIterations,10048742,127701,10287874,0.0,319.90219185694144,84.71274647158381,0.4703842688097988,0.4727245479330652,70.58409162788155,0.3660255499326373,-1.5642028632091862,-42.74372884050392,-4.815222378443745,-28.511879299197528,-35.66979383773302,11.014164468836771,10.076893305656098,6.751497438425915,-4.253948452220746,-5.966364576113162,-1.1134010038936388,-1.6048317109644619,6.426527818275153,1.331430450308437
3.4050000000000002,0.4416895381723057,-0.07122370642271758,0.38595514397686104,0.24844870776663483,-0.31748535800182476,1.2819510079248018,-0.35921826928507433,18.366674189356242,3.4799311901075414,0.0,1,MaxIterations,9968721,101292,10179420,0.0,340.1607848879213,94.690136582804,0.4499549889907522,0.3204260802288146,70.30580273514423,0.41953482252481406,-1.5092628347682293,-42.70795546891171,-3.733097319653841,-30.081699706069323,-67.38978005418605,10.525822382909288,11.888944668587023,11.275044033763999,-4.253948452220746,-5.966364576113162,-1.1134010038936388,-1.6048317109644619,6.426527818275153,1.331430450308437
3.41,0.4379722958031149,-0.08826388553738594,0.383942119023995,0.31243904375499354,-0.39461296522345624,1.2670716535565216,-0.3600683305649149,19.126009142256553,3.5375425195091137,0.0,0,MaxIterations,8512931,95300,8719010,0.0,364.65957103999597,116.3028555731964,0.4342508112531122,0.15597043351189754,69.86404003620304,0.47091970984024717,-1.44699459949863,-42.67491244178039,-2.7431866969185204,-35.656282014991156,-103.22357879829943,10.177451159471985,12.518367468910006,0.1344814529899443,-4.253948452220746,-5.966364576113162,-1.1134010038936388,-1.6048317109644619,6.426527818275153,1.331430450308437
3.415,0.43343099133906804,-0.10515666286236343,0.38039375043082163,0.3775144334059778,-0.4755785525783873,1.2464603603938094,-0.3618901178067903,19.965091685334365,3.591589275447742,0.0,0,MaxIterations,8292104,99579,8502823,0.0,393.41190985951994,159.20026909380246,0.42411611222111684,-0.042956129645573486,69.23707725074019,0.5223198373805431,-1.3823547274081782,-42.55977525117699,-1.6294312037970526,-42.37970204937225,-140.10338212436005,9.64502665313633,15.17593473521479,39.613219817469556,-4.253948452220746,-5.966364576113162,-1.1134010038936388,-1.6048317109644619,6.426527818275153,1.331430450308437
3.42,0.42775158893511717,-0.12150086562263487,0.3751162799251926,0.4424655983281237,-0.5615782685283046,1.2188789476951771,-0.3657567559271053,21.02454229313731,3.6394698875945566,0.0,0,MaxIterations,8466093,94669,8677642,0.0,418.13245739803807,192.0267274511136,0.4162441710482863,-0.270674396648662,68.42813382783643,0.5732211551858081,-1.3123118560858,-42.2537209395015,-1.6563691693268272,-47.369224756024074,-176.08706830428082,9.73186526433719,15.593909509660458,77.23219487800843,-4.253948452220746,-5.966364576113162,-1.1134010038936388,-1.6048317109644619,6.426527818275153,1.331430450308437
3.4250000000000003,0.4208417262502854,-0.1369016454355192,0.36795208114776873,0.5071969314725352,-0.65286316928323,1.1822896113932766,-0.3723792311415531,22.274512049519966,3.6947774105710174,0.0,0,MaxIterations,8388957,89719,8587131,0.0,436.6516906989267,222.64083990657969,0.40396914177902365,-0.5154427637900741,67.4436588438258,0.6191397497084564,-1.2260323442843994,-41.75063917633642,-3.21895622258781,-49.62668849590811,-210.55443841998715,9.027365292201853,17.6237323646902,115.64012973041505,-4.253948452220746,-5.966364576113162,-1.1134010038936388,-1.6048317109644619,6.426527818275153,1.331430450308437
3.43,0.41264465848091725,-0.15100497898122947,0.35884938969189845,0.5719513072542006,-0.749300610538946,1.1351159523439156,-0.38221153824045595,23.67154560413954,3.7745115413576733,0.0,1,MaxIterations,8991595,92855,9185862,0.0,445.5168563726262,249.27341413480764,0.3797224375665704,-0.7641126634318774,66.2906531794071,0.6604717920102656,-1.1285952700046091,-41.05567533585529,-6.125789969342138,-49.514302428104095,-243.84287275879223,7.97836199949739,19.953618439209997,153.98661310604047,-4.253948452220746,-5.966364576113162,-1.1134010038936388,-1.6048317109644619,6.426527818275153,1.331430450308437
3.435,0.40314631026209286,-0.16348098692854152,0.3478440229560774,0.6360631598888458,-0.8503233739348913,1.076062331113935,-0.3940256361334065,25.057911124431755,3.8803596426125293,0.0,0,MaxIterations,8352227,82766,8534372,0.0,465.7762027895164,270.9646067414503,0.3386797795020099,-1.008434876359501,64.97197457024161,0.6934074867126043,-1.0123035626518044,-40.16481851745099,-9.973925849078789,-47.97884960095855,-276.8403441187948,6.673487723112032,22.375199129263216,192.18645568517783,-4.253948452220746,-5.966364576113162,-1.1134010038936388,-1.6048317109644619,6.426527818275153,1.331430450308437
3.44,0.3924097500552665,-0.17402535028907268,0.3350319496493154,0.6994380374553908,-0.9553469005539218,1.004994364633763,-0.4064285685425152,26.47330749663133,4.009348673058208,0.0,1,MaxIterations,8931011,103806,9144945,0.0,530.9273186082381,289.6662903400783,0.2772676052880158,-1.2438644135894463,63.487029071733836,0.7167570479499664,-0.8772561223042878,-39.07905869735921,-14.002108051652401,-46.27967413195364,-310.37883892533534,3.6348556687021496,29.108604191186696,233.1023221139508,-4.253948452220746,-5.966364576113162,-1.1134010038936388,-1.6048317109644619,6.426527818275153,1.331430450308437
3.4450000000000003,0.3805895269138589,-0.18227091831945166,0.32056106867159156,0.760969393215558,-1.0630889037810933,0.9216633552991325,-0.4172282130565959,27.61573091622547,4.138356072398902,0.0,0,MaxIterations,9023295,92004,9232000,0.0,591.8247100716774,302.9464272522205,0.19326072189916757,-1.467660938452096,61.83526519410621,0.7269186862590994,-0.7170919679791896,-37.795138409562675,-18.755019243145387,-43.60879476784026,-343.574863342186,0.9135722155583843,34.002539804697925,272.5026100952943,-4.253948452220746,-5.966364576113162,-1.1134010038936388,-1.6048317109644619,6.426527818275153,1.331430450308437
3.45,0.36801409848076694,-0.1879722217881011,0.3046381229463824,0.8215327738035473,-1.1722761306467675,0.8267500918090365,-0.42601036391983055,28.77735256136317,4.26140306724572,0.0,1,MaxIterations,9022023,93607,9223012,0.0,665.7091651168882,300.493216599982,0.0847845485643027,-1.6764892703825587,60.01901680589434,0.7220585470052754,-0.5322340735396897,-36.31541767914264,-23.206450242702353,-41.02660154094092,-376.6562714589515,-3.3715919090893167,41.73773906778382,313.53669935535504,-4.253948452220746,-5.966364576113162,-1.1134010038936388,-1.6048317109644619,6.426527818275153,1.331430450308437
3.455,0.3552095706501608,-0.19065927180508602,0.28761810149256517,0.8783841123626865,-1.2779023317716913,0.7200007292066918,-0.4288569192894404,28.905109018255988,4.302054711948074,0.0,0,MaxIterations,9762732,95350,9968752,0.0,720.585436359165,296.3588526394763,-0.04082889573035492,-1.8778181640116363,58.03299958684653,0.6835040937294798,-0.2876968528028659,-34.61778518177342,-26.15166218247241,-39.89684933240319,-411.0237420504799,-10.57933900659485,51.834238197341726,355.24091950681355,-4.253948452220746,-5.966364576113162,-1.1134010038936388,-1.6048317109644619,6.426527818275153,1.331430450308437
3.46,0.3432321819378994,-0.19023345495345834,0.2699447638355896,0.9324353287394201,-1.373471924274247,0.6050886759535363,-0.4309577859590643,28.249481446132542,4.2567530472052315,0.0,0,MaxIterations,9368227,73269,9550070,0.0,797.6290214712373,359.2864280891023,-0.17962123597042592,-2.0744663128610643,55.87241264042846,0.6068426507255692,0.000684770529927714,-32.71728145256438,-29.108972146540673,-38.616158389886444,-446.13051369399506,-18.877857450524743,63.34246506519223,398.1129022883055,-4.253948452220746,-5.966364576113162,-1.1134010038936388,-1.6048317109644619,6.426527818275153,1.331430450308437
3.465,0.3328292155366341,-0.1869167903415903,0.25206982279742074,0.9881315308664026,-1.4524760487815043,0.48198137271996744,-0.4253352627635053,27.4706914884494,4.138193730861772,0.0,0,MaxIterations,9644650,72377,9825752,0.0,899.1677157342535,482.0156932283477,-0.33422360310728527,-2.2601042578200676,53.53899060879833,0.4850714938991869,0.35663423408084904,-30.593548291380586,-31.970286636439468,-36.14301008839804,-480.32348784988034,-27.848398087417557,75.60461254088489,441.8853064034925,-4.253948452220746,-5.966364576113162,-1.1134010038936388,-1.6048317109644619,6.426527818275153,1.331430450308437
3.47,0.3250015619729676,-0.18102102470723785,0.2344346880560626,1.0512284501725102,-1.508959435298064,0.3548426290864093,-0.41849212962476307,26.576358401275975,3.979211270273963,0.0,0,MaxIterations,9191383,77807,9376723,0.0,898.313898012511,564.5482053563879,-0.500222827010387,-2.4359813925410974,51.03282703620524,0.3248689870977004,0.7520724263788761,-28.2670183145027,-33.97485145650806,-34.72239313442964,-515.3596213925837,-34.414314643152615,80.46516483298359,480.34254065401007,-4.253948452220746,-5.966364576113162,-1.1134010038936388,-1.6048317109644619,6.426527818275153,1.331430450308437
3.475,0.32016339477653355,-0.17298422245453415,0.2172523191208217,1.12651939221753,-1.5441739457020585,0.229649747148991,-0.43810665945784805,26.724246370757623,3.894174306054566,0.0,0,MaxIterations,8439523,93546,8643838,0.0,933.5369381457278,599.7070065479178,-0.6796950340905459,-2.5984962186815936,48.356816283368246,0.14071439441103778,1.1559492461344996,-25.756324269039332,-38.5771031335965,-28.08687501011601,-546.3678365780316,-38.24394638320972,80.83244637984818,516.420243391696,-4.253948452220746,-5.966364576113162,-1.1134010038936388,-1.6048317109644619,6.426527818275153,1.331430450308437
3.48,0.31826928740071225,-0.16254321326735716,0.20104219657542466,1.2209424298190776,-1.56156631467779,0.09975489744636286,-0.3994575439045754,28.795068976998518,3.8860190330021527,0.0,1,MaxIterations,8219547,117231,8454120,0.0,948.7081931689703,575.6122289185512,-0.8885860960787859,-2.701996130484515,45.54893001379211,-0.05766836840736179,1.5523374974612718,-23.073386416693822,-43.279314771035004,-16.479973390034754,-571.8877492719105,-40.535280192235206,77.80787320469904,549.6213360449975,-4.253948452220746,-5.966364576113162,-1.1134010038936388,-1.6048317109644619,6.426527818275153,1.331430450308437
3.485,0.319290066669105,-0.14887944564158306,0.1870764937481509,1.3335636550753902,-1.5649091926002385,-0.03709483913790309,-0.2644987012091161,31.509909057192267,3.9777743466272195,0.0,0,MaxIterations,7831855,91793,8031582,0.0,951.1100078667748,599.5543785129003,-1.1210796771872742,-2.690034934658877,44.06131717735548,-0.27087767558847803,1.9355613062618213,-20.230768972199904,-45.995286784129355,8.84520151210865,-181.8499959190725,-43.99690620818127,75.74916346099774,581.5913269561005,-4.253948452220746,-5.966364576113162,-1.1134010038936388,-1.6048317109644619,6.426527818275153,1.331430450308437
3.49,0.32339897097020054,-0.13247559599790618,0.17519823762102063,1.4575098462309997,-1.56502945833302,-0.15940870735573437,-0.10135293338007663,29.88170933278643,4.26416627465836,0.0,0,MaxIterations,7989343,96833,8188017,0.0,1244.5608580300377,847.3882532473367,-1.3291257369158245,-2.655542020017229,43.06417957707274,-0.5047151308394027,2.3080261608919357,-17.223471492680837,-36.82668759848558,5.625305378618631,-210.0796446650537,-50.21241202113728,73.9681375421474,614.2779443824702,-4.253948452220746,-5.966364576113162,-1.1134010038936388,-1.6048317109644619,6.426527818275153,1.331430450308437
3.495,0.33160162270332816,-0.11661965705425639,0.16519892461568664,1.5971487307116516,-1.5599658281579336,-0.2353575148308939,0.03966930859729741,27.807504978256667,3.980308369023247,0.0,3,MaxIterations,9534130,139784,9782590,0.0,1287.1120409287576,883.2798164846406,-1.4620457466502867,-2.6361414400432204,41.946152035197024,-0.7882897582523282,2.659932731499612,-14.072719762044686,-20.76840528096343,2.857033917400933,-232.52181048690744,-57.51195308980588,61.48101024994328,636.7981214147294,-4.253948452220746,-5.966364576113162,-1.1134010038936388,-1.6048317109644619,6.426527818275153,1.331430450308437
3.5,0.3401100793822568,-0.10384009631903598,0.1580550553278907,1.7279528878882247,-1.5693953196969395,-0.2748978703940883,0.07774425580714739,23.134082962507104,2.883943918509159,0.0,3,MaxIterations,9307482,179870,9603752,0.0,777.3873803090189,288.42442238677006,-1.5343187389416277,-2.626504452867006,40.7127187099119,-1.0550277068752127,2.822880114483455,-12.119981705829,-10.807264277839964,1.4894095805514858,-256.6442175202458,-50.831480822023856,14.283913822026854,203.43514766970623,-4.253948452220746,-5.966364576113162,-1.1134010038936388,-1.6048317109644619,6.426527818275153,1.331430450308437
3.505,0.34649564944040806,-0.09467411760466933,0.15351381877139136,1.8344264909435846,-1.592443529119867,-0.29844388235380326,-0.00368847780311999,20.21324005656497,2.165998848474684,0.0,3,MaxIterations,8763805,154912,9033214,0.0,509.33430031542383,277.6749595839882,-1.5669652591915006,-2.620880498567805,39.34821615373467,-1.3024211950874456,2.828093747705887,-11.628130109460823,-4.036567577131976,0.9446403558105279,-284.05980236086253,-48.993274183356604,-5.011750878121468,57.47445767198509,-4.253948452220746,-5.966364576113162,-1.1134010038936388,-1.6048317109644619,6.426527818275153,1.331430450308437
3.5100000000000002,0.35135659873264957,-0.0865064812082727,0.14969221204532784,1.9286691879663285,-1.6293976369986405,-0.32344688020560436,-0.10605024091394588,20.938698889984757,2.055067991623282,0.0,0,MaxIterations,9140667,127621,9387994,0.0,346.6871933510981,365.670575003683,-1.576354485092998,-2.6174614745270017,37.85747990729988,-1.4822624583876027,2.7701687476882415,-11.367771383725346,-0.5744699108502135,0.588073157957534,-307.9629553735281,-28.365728354888255,-14.998389248619386,54.533738586404986,-4.253948452220746,-5.966364576113162,-1.1134010038936388,-1.6048317109644619,6.426527818275153,1.331430450308437
3.515,0.35376241903274647,-0.0770157211323332,0.1454941200963171,2.0152955607151353,-1.6803662934977415,-0.37193475520014563,-0.19303868070423152,22.1945682941986,2.200222662280026,0.0,0,MaxIterations,8754077,97434,8959615,0.0,338.90375061423333,348.40465227570206,-1.5713056544950819,-2.6144575422156073,36.23894241440458,-1.580352578308471,2.678562318932105,-11.037322333604306,1.9515396855594482,0.6393044249220864,-334.47647859181484,-14.539487983466206,-19.900213571394076,77.7438865113897,-4.253948452220746,-5.966364576113162,-1.1134010038936388,-1.6048317109644619,6.426527818275153,1.331430450308437
3.52,0.3549484697117262,-0.06614074992436418,0.14158780424377707,2.099172625994628,-1.7352254045907785,-0.43751238343618204,-0.25657826556782304,23.278238632279944,2.4024883996346826,0.0,0,MaxIterations,8811074,99017,9020620,0.0,381.11943703510866,273.3227122279055,-1.556076882560118,-2.610825308232286,34.48215018405271,-1.6242587402793163,2.5747154041669527,-10.515954104431158,3.675664134657705,0.7820058011218524,-362.8627056157782,-5.464870650532918,-21.128620783532917,121.78647914145313,-4.253948452220746,-5.966364576113162,-1.1134010038936388,-1.6048317109644619,6.426527818275153,1.331430450308437
3.525,0.35573297515784147,-0.05405767779456197,0.13862920881908136,2.1816992858786484,-1.7903748647422648,-0.515109297692304,-0.2977163037706942,23.877751806995846,2.545597813057126,0.0,0,MaxIterations,8781689,92425,8981937,0.0,409.01096007480413,256.24392911686317,-1.534353514858554,-2.606695802083193,32.578208128194,-1.633169235086869,2.4691629473548384,-9.777717196822444,4.706270265606284,0.843167610454687,-392.92371592460626,0.3083227163901251,-20.932875720566333,164.78339052268845,-4.253948452220746,-5.966364576113162,-1.1134010038936388,-1.6048317109644619,6.426527818275153,1.331430450308437
3.5300000000000002,0.35656494805786737,-0.04118868604627363,0.1371050131236833,2.2629227117044417,-1.844042169659327,-0.6012073638639773,-0.32114797980340587,24.194161310310086,2.6299805793921602,0.0,0,MaxIterations,8800083,99739,9010922,0.0,412.0131169445255,254.9124162892889,-1.5091605781439998,-2.6022942479118814,30.520923288480542,-1.6204155574949966,2.3681702799004882,-8.826302540342963,5.203979197570214,0.9206219234516229,-423.8592130161883,3.796453393382565,-19.55622565755678,207.24213365254548,-4.253948452220746,-5.966364576113162,-1.1134010038936388,-1.6048317109644619,6.426527818275153,1.331430450308437
3.535,0.3577268860428983,-0.027873640047286256,0.1372685570684765,2.3427809284750025,-1.8963107831897643,-0.6937741108555743,-0.3289935213514477,24.447162148766527,2.705408466882619,0.0,0,MaxIterations,8911043,92314,9111552,0.0,439.2744205188844,240.23582275537234,-1.4825507662575816,-2.597291376378097,28.308056498478685,-1.5951072295382305,2.2772873247858425,-7.663112256794947,5.36174940965909,1.039287566459681,-455.12812524261886,5.737352057699233,-17.143481574588325,249.5662027381513,-4.253948452220746,-5.966364576113162,-1.1134010038936388,-1.6048317109644619,6.426527818275153,1.331430450308437
3.54,0.35933280880489843,-0.01445810446955161,0.13935964151315736,-2.323261996855753,1.869244214321253,0.7601208327748006,-0.3239016785396812,24.48912375269346,2.750744849818298,0.0,0,MaxIterations,8969944,91723,9175162,0.0,427.1386012326867,217.58561299628406,-1.4560449280050793,-2.5922705137908766,25.93641139054514,-1.5633950825607885,2.2002977268830777,-6.288645193681929,5.222580970201683,0.9597334348719831,-487.23788514670474,6.6325473450927905,-14.206373676564777,291.7196615809226,-4.253948452220746,-5.966364576113162,-1.1134010038936388,-1.6048317109644619,6.426527818275153,1.331430450308437
3.545,0.36140348874864636,-0.0014375575344295409,0.1434464565398125,-2.228809907683763,1.783401712957891,0.7991661532425173,-0.3089916487180885,24.48431693344138,2.775469581481032,0.0,0,MaxIterations,9149824,97013,9358408,0.0,409.90057227368163,194.2977878906563,-1.4308648454472161,-2.587546384562919,23.40338535955846,-1.5293796261034425,2.138284608338687,-4.705534547979561,4.903280378981061,0.9661889075670632,-519.4439019526166,6.846602015841399,-11.194479115705443,333.09274471503176,-4.253948452220746,-5.966364576113162,-1.1134010038936388,-1.6048317109644619,6.426527818275153,1.331430450308437
3.5500000000000003,0.3639431462261261,0.010971011547123564,0.1495156716902963,-2.132527292961069,1.6986613574429827,0.8330338911107369,-0.2852822039904086,24.60022217561574,2.8363246286434194,0.0,0,MaxIterations,9005531,96202,9225808,0.0,395.29843655673324,172.12221208805266,-1.407469153928876,-2.582725006989064,20.709915713755894,-1.495657313881348,2.091893929432066,-2.9175023722411924,4.511101690479808,0.9142889081875564,-551.6166575140026,6.629052865649975,-7.928620413562964,373.97766966414883,-4.253948452220746,-5.966364576113162,-1.1134010038936388,-1.6048317109644619,6.426527818275153,1.331430450308437
3.555,0.3668430649965697,0.02240585555500027,0.1575624813699875,-2.03455254740727,1.6151726846429402,0.8626932803286969,-0.25434418246449503,24.651754901861903,2.872261505037401,0.0,0,MaxIterations,8257308,89750,8468898,0.0,361.5849919894188,144.39586450520778,-1.386432419285252,-2.5787405444241416,17.854069867594998,-1.463875020459385,2.0639456581442865,-0.9231499748492222,4.005335606391097,0.7610749858271917,-584.1443764231558,6.1615052823089815,-3.9471465342353893,415.57457480158905,-4.253948452220746,-5.966364576113162,-1.1134010038936388,-1.6048317109644619,6.426527818275153,1.331430450308437
3.56,0.37007261753275744,0.03261399998794763,0.1674301704300794,-1.9346982950215557,1.532735786939729,0.8881342913959451,-0.21578033326755838,24.833664926079464,2.9474661015746584,0.0,0,MaxIterations,8324976,87806,8530113,0.0,347.2461676109683,121.52317755072787,-1.367516032528531,-2.574853028116863,14.83738568994168,-1.434024046407037,2.0554881648174472,1.2793555353649944,3.645942890760225,0.7458986436940068,-616.1777759611824,5.838539970679242,-0.35166129050160644,456.9254445877834,-4.253948452220746,-5.966364576113162,-1.1134010038936388,-1.6048317109644619,6.426527818275153,1.331430450308437
3.565,0.37348928055297237,0.041294756924351035,0.17905277465008268,-1.8331118820212358,1.451348791542518,0.9101754657740895,-0.17262448500536223,24.944627437746817,3.004163880193499,0.0,0,MaxIterations,8355243,91062,8564098,0.0,304.9809481465842,99.70607440888007,-1.3509172433429453,-2.571862792772827,11.658682153494414,-1.4068942194853988,2.0632001971677965,3.6851067693068007,3.1034961574647384,0.5416819168081951,-648.7111595154781,5.107940225301696,2.948450482361338,497.3633755894396,-4.253948452220746,-5.966364576113162,-1.1134010038936388,-1.6048317109644619,6.426527818275153,1.331430450308437
3.5700000000000003,0.3770792421339902,0.04822740669427131,0.19221195742224725,-1.7292616122974416,1.3707237317605039,0.9287806332875901,-0.12460138053204109,25.264112870540245,3.106250351940689,0.0,0,MaxIterations,9104008,90281,9304847,0.0,415.8781577996019,104.57031887441129,-1.3362807452174466,-2.569057638836804,8.319706676003268,-1.3834012048703115,2.0908921228813377,6.296379101960524,2.8228498148368115,0.5198030087050746,-680.5887768229962,4.500314012659134,7.191867688128325,538.9158116378195,-4.253948452220746,-5.966364576113162,-1.1134010038936388,-1.6048317109644619,6.426527818275153,1.331430450308437
3.575,0.38069497984962597,0.05310543184482392,0.20674935485851306,-1.6234533054034863,1.2909472299508213,0.9443866696915981,-0.0736435196852616,25.43449964248662,3.1834112801607,0.0,0,MaxIterations,9290109,94569,9498393,0.0,406.7427215785017,115.30465159902538,-1.3237145556432712,-2.5671661994345003,4.819118955512463,-1.3625485646460884,2.135534259852577,9.112126279053507,2.320657320685376,0.3590634041249738,-712.992489189041,3.8855508329631694,10.009591689905548,579.0777358934673,-4.253948452220746,-5.966364576113162,-1.1134010038936388,-1.6048317109644619,6.426527818275153,1.331430450308437
3.58,0.3843144110555856,0.05577856800916685,0.22244376944253894,-1.5148887620933849,1.2116245162606922,0.9570290095652337,-0.021980067536632272,25.91939801139789,3.325386815785436,0.0,0,MaxIterations,9496408,91543,9701486,0.0,498.28328413896645,127.09637723486162,-1.312807015647658,-2.565389931756379,1.159224611959237,-1.34514413846388,2.1972031162776298,12.129916324084105,2.0556095611247587,0.26017505083046055,-744.8365630958635,3.244615399660575,14.02095692031409,620.1500413175703,-4.253948452220746,-5.966364576113162,-1.1134010038936388,-1.6048317109644619,6.426527818275153,1.331430450308437
3.585,0.3878054746873351,0.05593936640897024,0.23899797429948402,-1.4039631558709638,1.1327709913776225,0.9667420929815789,0.02831643168447036,26.24884058099131,3.4390515837787072,0.0,0,MaxIterations,9227952,96522,9437718,0.0,520.8100194098928,133.01546091419203,-1.3037048352086782,-2.5643862658084924,-2.6615634295647763,-1.3302516246466591,2.2755212965913323,15.351625727869157,1.7449027825989263,0.2521202987124204,-776.7661210827882,2.776942398294828,16.537147549136968,660.1034060395202,-4.253948452220746,-5.966364576113162,-1.1134010038936388,-1.6048317109644619,6.426527818275153,1.331430450308437
3.59,0.3911097893774305,0.05347266496642997,0.25620897023014666,-1.2896923161231835,1.0540979966742492,0.9737686847375217,0.0738114995379475,26.797981195056654,3.6020070996165376,0.0,0,MaxIterations,9133283,100610,9352236,0.0,530.6679810507512,137.33817352584137,-1.2956612348449643,-2.5637234972287626,-6.640960021136119,-1.317968032678118,2.368861831119915,18.77393206060034,1.4474443096390885,0.020434400484255946,-808.8130768398347,2.268758420479492,20.25949383608542,701.0209389485402,-4.253948452220746,-5.966364576113162,-1.1134010038936388,-1.6048317109644619,6.426527818275153,1.331430450308437
3.595,0.3941456158367859,0.04816828965233865,0.27364884646040827,-1.1724384884275874,0.9755828960162465,0.9774927987653436,0.11159751513074442,27.33222939808183,3.776425285904033,0.0,0,MaxIterations,10215668,95711,10429061,0.0,577.5659790454913,135.57918893560196,-1.2884073151097442,-2.5632528180307164,-10.77912718614052,-1.3074398908575542,2.476445536546751,22.398013913993225,1.4791493136689133,0.0747348552769041,-840.1833959055889,1.9355849904302527,22.27838979044369,740.4457640849957,-4.253948452220746,-5.966364576113162,-1.1134010038936388,-1.6048317109644619,6.426527818275153,1.331430450308437
3.6,0.3965682460528455,0.040098097777037406,0.2909442797846789,-1.0530404457628475,0.8964310179335798,0.9792226415421781,0.1368185177776358,27.377752076402484,3.8484018735461873,0.0,0,MaxIterations,9070043,93998,9276123,0.0,603.769884188257,124.56521722093628,-1.2824691427267163,-2.5632509099328598,-15.076618118388915,-1.2928682783628591,2.5826930513831923,26.212970124354328,1.0131934698897973,0.11601218464079653,-872.211106334962,4.545431014662766,17.92525957505425,776.3895379242718,-4.253948452220746,-5.966364576113162,-1.1134010038936388,-1.6048317109644619,6.426527818275153,1.331430450308437
3.605,0.39733087732225025,0.030411041249372543,0.30755220970124675,-0.9387579499534278,0.814144199661324,0.9826349117751152,0.15303173682776963,26.747554443602713,3.831623195731585,0.0,0,MaxIterations,8192776,136959,8450974,0.0,463.5397442301364,116.15122624791088,-1.2784382302969626,-2.562789860019976,-19.534165081380078,-1.2608929542834475,2.648575050743984,30.19464572636386,0.6447321379074169,0.029031857360360094,-904.5479913745011,7.50378717616675,10.470177752986416,810.0735784189126,-4.253948452220746,-5.966364576113162,-1.1134010038936388,-1.6048317109644619,6.426527818275153,1.331430450308437
3.61,0.3965641085399046,0.01932094795579292,0.32309760224953993,-0.8304384268528185,0.7294167673922751,0.9869461198156216,0.1669545739107677,26.18697616913016,3.8426690774475487,0.0,0,SolvedWithSlack,531364,103786,791505,1.0,1.5580781109747477e-10,4.5353942823567195e-11,-1.2757825440410602,-2.561902177828142,-24.152269521316406,-1.2146885206993965,2.6848552977389426,34.35179385240245,0.4607429482556627,0.13317399049827616,-936.5363629515282,10.026896743030258,5.282611242685147,845.5333587928479,-9.997575618625689,-15.999999999984283,-0.5447555333866747,-7.836131295464108,-5.507870709393929,1.7
3.615,0.3946300040774599,0.0067395598874561095,0.33715935802746827,-0.7279133059823756,0.6447610273256192,0.9900208910559577,0.18153836290114495,25.02900582396842,3.772667342482901,0.0,0,SolvedWithSlack,477542,101942,686597,1.0,2.114575181622058e-11,4.497735517361434e-12,-1.2742900712037921,-2.5627780895686763,-28.887392508612198,-1.1670739162478982,2.6989989518560566,38.71413317595785,0.25066199930064964,-0.262398774978554,-953.7617485434073,9.363738560576865,1.4003794353910788,890.713929687223,-12.021556492067052,-15.52697346599907,1.7,-9.413367465824999,-8.944845588594463,1.6999999999994986
3.62,0.39079387940437726,-0.005636977328847931,0.349550853768832,-0.6401142669595719,0.5597928357971064,0.9945186020186867,0.20688170819738189,22.616345867882362,3.5012364104952316,0.0,0,MaxIterations,8988900,92335,9183868,0.0,356.5963144559108,162.51673138076606,-1.2743874903853247,-2.5647505626466396,-33.51680316907482,-1.110318593550704,2.6223572651596463,42.40752708826153,-0.056190762126861686,-0.3973169395738846,-906.9927792533443,10.66794781032532,-16.755234216873525,756.6277880694289,-12.021556492067052,-15.52697346599907,1.7,-9.413367465824999,-8.944845588594463,1.6999999999994986
3.625,0.3859906136213272,-0.018459835585251192,0.3601747114790397,-0.5617452655508232,0.4776893521174995,0.9964746340325317,0.23451156137258738,21.06650853979926,3.425015199690818,0.0,0,MaxIterations,8888119,124265,9134125,0.0,275.9263345890061,186.17820161884168,-1.27468517397132,-2.5670346036515985,-37.910078397015575,-1.0595887325342688,2.52822420676144,46.327864043688585,-0.10038507911666758,-0.5791373637444184,-860.0230969969167,9.716793605078756,-20.904406656710194,801.6486727683308,-12.021556492067052,-15.52697346599907,1.7,-9.413367465824999,-8.944845588594463,1.6999999999994986
3.63,0.3805067243500805,-0.03163719666323912,0.36898205964012826,-0.4918886655397034,0.3996937262423664,0.9945648675603361,0.2558964341594224,19.56455071301618,3.332465560477372,0.0,0,MaxIterations,8468678,92655,8684556,0.0,306.0149171271916,209.53582209065397,-1.2751993282652814,-2.569439489732088,-42.06771105445959,-1.0143823961621061,2.4126931980264446,50.47216587179295,-0.08752015418258619,-0.47043241414435844,-812.5590033178288,8.849533358123104,-24.187805303392405,847.6570501671987,-12.021556492067052,-15.52697346599907,1.7,-9.413367465824999,-8.944845588594463,1.6999999999994986
3.6350000000000002,0.37433963889470695,-0.04489459741594314,0.3761242613952815,-0.4306004648041914,0.32584630311823143,0.9890010652304349,0.26509366137514734,17.828354984678455,3.199898925999465,0.0,0,MaxIterations,8225608,87155,8422360,0.0,241.3654696288398,247.25280950877197,-1.2758408624550839,-2.572199199668144,-45.99022713255419,-0.9716932065460219,2.275290573318921,54.84322496345309,-0.1365835408862792,-0.49239073008699197,-765.584898579118,8.204046186516853,-29.229565690494862,892.226214352364,-12.021556492067052,-15.52697346599907,1.7,-9.413367465824999,-8.944845588594463,1.6999999999994986
3.64,0.367612983300318,-0.05800292179364391,0.3818013787637566,-0.3772139392797491,0.2564411894339324,0.9797035969710683,0.25537479979314653,16.34521274435736,3.1211572475661096,0.0,0,MaxIterations,8334414,92003,8538379,0.0,229.41931640791037,275.0882095951449,-1.2764061099387487,-2.5745540842565813,-49.676203137098874,-0.9288923868589707,2.1171859924749814,59.444737569450126,-0.12424617019535335,-0.5377967536673056,-718.4571274861873,8.739821207991241,-34.18141008684918,937.99106316997,-12.021556492067052,-15.52697346599907,1.7,-9.413367465824999,-8.944845588594463,1.6999999999994986
3.645,0.36039534167743265,-0.0707027389148921,0.38608071753150286,-0.33192893496524206,0.19188563395272645,0.9663840599348327,0.21735270085976066,14.923900529131425,3.00898790364136,0.0,0,MaxIterations,8735111,88888,8933155,0.0,274.7983634910805,280.72057857622514,-1.277053345642812,-2.5769681693498043,-53.12677578789952,-0.8840720523465343,1.935014711513881,64.27557791276794,-0.11179429696036118,-0.397695172199431,-671.1017955514435,9.66843392216382,-38.41551446486637,984.9292571281359,-12.021556492067052,-15.52697346599907,1.7,-9.413367465824999,-8.944845588594463,1.6999999999994986
3.65,0.3527337054879221,-0.08298297087656743,0.3892016362434458,-0.2934599798059233,0.13202144755955994,0.949558546801869,0.14223737266926367,13.669057683888571,2.922078364778292,0.0,4,MaxIterations,8745290,211680,9070574,0.0,263.59904252636636,279.91184263108073,-1.2775606539798272,-2.5791832463464455,-56.340607560519,-0.8325509264927001,1.7248902538112012,69.3356278839492,-0.11011773508261835,-0.503493121439187,-623.9506479840247,10.937317907330126,-43.58567738560378,1031.2296445142863,-12.021556492067052,-15.52697346599907,1.7,-9.413367465824999,-8.944845588594463,1.6999999999994986
3.6550000000000002,0.34470028324739416,-0.09418665939229469,0.3913214903839678,-0.26487620248064886,0.07705383932097326,0.934383931346454,0.0844631325908287,11.384041455060519,2.691880152836464,0.0,1,SolvedWithSlack,140706,138191,390749,0.523462058933149,1.2139622640461312e-11,2.120970066243899e-12,-1.2787867229224532,-2.5815971647983824,-59.32031210320263,-0.7633660989546596,1.6447089461154847,71.99876186460112,-0.2992832960490668,-0.3963389919412792,-577.1966225412933,10.616414533783205,-0.11995748725916577,332.14969362632104,0.770829551178428,-1.090758728664816,0.8898855001863533,0.013804881343470835,-2.929429814988998,0.08920871466504161
3.66,0.3359708605619113,-0.10395656166489346,0.3928878935427865,-0.24853423851422174,0.024189713990839176,0.9241885685701097,0.10673924857129714,10.768705236596645,2.625106431496574,0.0,0,MaxIterations,8114478,97093,8317221,0.0,133.21409509871114,23.99338530938667,-1.2793612943845756,-2.5812329239183485,-62.12750626918923,-0.7176154453955297,1.6884432753000744,73.06376218883128,-0.003589905830636869,0.3029669338769162,-550.9707517103425,9.431531856949794,11.283461636941777,164.12629081108528,0.770829551178428,-1.090758728664816,0.8898855001863533,0.013804881343470835,-2.929429814988998,0.08920871466504161
3.665,0.3269337927988461,-0.11329417747866118,0.39394706438688093,-0.23518228140846245,-0.02904951064765216,0.9156073822841381,0.15463692226149783,10.691956876968794,2.600921373696221,0.0,0,SolvedWithSlack,4213890,85882,4405372,0.6477954743062126,2.842170943040401e-14,7.105427357601002e-15,-1.2785199145499613,-2.5780163834245675,-64.80351625555906,-0.6663645529033101,1.7440116627939461,73.77723901462248,0.35309228086719063,0.894741778077673,-524.596511536974,10.647451232433774,10.326587451601,141.11830043540687,-2.320937976444859,-2.574296724810044,1.1012523063205615,-3.5718983856502384,-4.392196768010444,0.5350604757153056
3.67,0.31774376687194267,-0.12232879892305792,0.39448378910902104,-0.22390132794548342,-0.08144557441725486,0.907279338684356,0.20321925028028975,10.260907031240231,2.5615368643131493,0.0,0,SolvedWithSlack,147910,84881,337087,1.0,8.974154752650065e-12,6.110667527536862e-13,-1.2756481027625899,-2.572674863854477,-67.33171415003936,-0.6145128192604589,1.7898832861406666,74.52349063933175,0.6637922259927159,1.1251509723118198,-493.1095866616763,10.181724897582805,8.42257027953227,154.66750407497688,5.805522963602588,3.9394266050467976,1.7,2.5635683627184913,-1.2619949826632482,-0.25282869530458413
3.6750000000000003,0.3086006411636151,-0.130893464081309,0.39447148783123054,-0.21517906200649314,-0.13152124405655632,0.8986739146405284,0.24697049304737712,9.717940498847943,2.459138610305426,0.0,0,SolvedWithSlack,144062,80863,326096,1.0,1.850253283919301e-11,1.2919665337562947e-12,-1.2657763839735063,-2.563176549618496,-69.64263127500547,-0.5625855656341269,1.8273538893126136,75.2732617209507,2.7842903147841156,2.592297111849109,-441.4165216430941,10.526256571686611,6.876067565888706,146.80609087708532,5.5050048490206684,1.4385779905763636,1.7,1.6699901865452198,-2.1507814960160907,-1.085087330028428
3.68,0.299759539331285,-0.13886044132479963,0.3941799192045624,-0.20838715944710973,-0.1782265129279048,0.8899605329433468,0.3015844965056317,8.89163724841667,2.3259461140850552,0.0,0,SolvedWithSlack,146036,83227,330595,1.0,4.6355808080988936e-11,1.0196288258157438e-12,-1.2438592400809385,-2.5467304906586294,-71.69475658099056,-0.5105292876559984,1.8554229363496586,75.9098188502773,5.491144819002873,3.756809164865169,-389.7455781674008,10.307646906653193,4.788390193291955,114.32063413942855,7.573574584948727,2.281138706725875,1.7,3.1651337444711705,-1.5909936647206366,-0.9627721007413221
3.685,0.2913246937278421,-0.1461788234337117,0.3937915260933505,-0.20367533509046581,-0.21998997442230858,0.881660544703927,0.36491037995678544,7.821347697243022,2.171417502721824,0.0,0,SolvedWithSlack,133593,82366,324493,1.0,5.6488147492927965e-11,1.2347345368368678e-12,-1.2059715844611558,-2.525585416924466,-73.48797002982484,-0.45917751481027813,1.8735628877438502,76.39584430391149,8.943858825570544,4.472640693467498,-338.01749271050045,10.247705154310767,2.8590702999048685,85.8057843014254,3.495765722144207,-0.1820883549000536,1.7,-1.1927011642217344,-8.614554627399858,0.11977343400430762
3.69,0.2832312132235601,-0.1527226399001759,0.3934422123221231,-0.20165786483344694,-0.2566713606794559,0.8746433335543702,0.4298704593729259,6.83995076539898,2.0269738147118797,0.0,0,SolvedWithSlack,146467,70613,317600,1.0,2.0051516003150027e-11,5.25091081726714e-12,-1.154933702704485,-2.502872436179747,-75.02865463352968,-0.40637314561084253,1.872950537163962,76.82487769393062,11.023271799153166,4.641149623762008,-288.1807734433505,10.766695299032886,-2.108798587257434,85.81049266520975,8.190593781162562,3.2344155783967166,1.7,2.55799539339228,-4.636850605597832,-1.6999999937694046
3.6950000000000003,0.275396467906872,-0.15832828840598137,0.3932351410628188,-0.20316880504839566,-0.28825517008094065,0.8693188107359658,0.4921674514431574,5.720678582577243,1.8558199639607793,0.0,0,SolvedWithSlack,298915,67718,465579,0.9999999926646809,1.1866063687193673e-12,2.347011474057581e-13,-1.0900578645695298,-2.4751874358289725,-76.31275945499918,-0.35190814684584765,1.850584542914642,77.10051721017474,14.26412846882207,6.190900478580349,-235.85837591295416,10.977874360697344,-6.05575108668258,34.67706069349018,1.894972782982678,-0.5757620866261618,1.6999999875299574,-3.4298304722888022,-13.431194520651793,0.8483752763972185
3.7,0.2678091118208789,-0.16289749421859315,0.39323996687468665,-0.2085257255692659,-0.31448388909332287,0.8661627720790067,0.5505428057178265,4.968550287981255,1.7259318678864557,0.0,3,SolvedWithSlack,656850,97855,856428,1.0,1.4622969501942862e-11,3.105071755271638e-12,-1.0145491385185197,-2.4415901621792155,-77.34202973720714,-0.2935164146874596,1.7981276446327275,77.33158459170964,15.669533914064964,7.058385986178232,-185.85396147915552,12.165206144860699,-13.485115964165622,53.893950007952114,-0.1280897970581307,-6.855070101334983,-1.7,-5.399857302854288,-14.169358475583433,1.7
3.705,0.26085618847277575,-0.1671763811203458,0.3941859304838083,-0.2118812824447428,-0.3367438413800697,0.864429624773748,0.5867329647196149,4.159543874231757,1.615128977580763,0.0,3,SolvedWithSlack,3533916,122031,3768750,0.865120585618583,3.1530333899354446e-14,1.5987211554602254e-14,-0.9853920603581867,-2.4052605688850486,-78.46553485084512,-0.2277790191474505,1.7152138230447824,77.73581926931855,1.7688574993941522,7.200352424303469,-248.18739320794472,14.065035118984401,-19.149093648516484,98.57750379430193,6.240822571586824,8.57113472506874,1.470704995551591,1.957970195516987,-4.470567412294525,-0.005676337048341917
3.71,0.2549101237805574,-0.17171964389425096,0.3963534089194799,-0.2092790226434013,-0.35706579821599144,0.8631260681345979,0.6128706432850084,3.754129996642993,1.5054126599333943,0.0,1,MaxIterations,7986978,130827,8244464,0.0,79.66097257217392,30.338277359915452,-0.9905898557872622,-2.3580857044343904,-79.5839265796684,-0.15271086958504843,1.6088894196678127,78.22336243421752,-2.0697519345621,10.690748800483407,-206.81678864645855,15.555217368312654,-22.753197860980016,96.7270866463964,6.240822571586824,8.57113472506874,1.470704995551591,1.957970195516987,-4.470567412294525,-0.005676337048341917
3.715,0.2495105933513842,-0.17571628434173114,0.3986344827201114,-0.20677747484448597,-0.37450021651406185,0.8632068998445722,0.6102367419134419,3.206799547007741,1.3616874686348752,0.0,1,SolvedWithSlack,779953,81524,972197,0.7441936047753095,7.835865289962385e-11,8.58335624798201e-12,-1.0035333818548509,-2.295311199277112,-80.4864268092874,-0.0700852339028592,1.4820455652825746,78.69998895316057,-2.78778418001417,13.863033439767397,-162.71704388089614,17.22728991707417,-27.217170956498315,94.32181156201725,-3.681309574301147,-0.05332573269855145,1.0269351011287036,-8.467062253296207,-7.03005377012298,1.2651291281180261
3.72,0.24465975176215313,-0.17896760429462616,0.400850992926701,-0.20648338458331564,-0.38767587647888413,0.8623259774537478,0.5929308439656721,2.085807443731448,1.166796573714863,0.0,0,MaxIterations,9305729,83238,9500016,0.0,79.06868241605453,49.80304106508409,-1.0171820957077014,-2.222100634449735,-81.21261270637024,0.008842875779080701,1.3386164197421964,79.27110004232817,-2.694894945937327,15.180463347693824,-133.56586847073615,14.870495591058004,-29.69729272997923,127.50331981300307,-3.681309574301147,-0.05332573269855145,1.0269351011287036,-8.467062253296207,-7.03005377012298,1.2651291281180261
3.725,0.24044907357483739,-0.18131359492884577,0.4028830776856964,-0.21048008399470405,-0.3939162363041267,0.8569580975724516,0.5683322257848409,1.8928909211752032,0.967530392369889,0.0,1,MaxIterations,8270012,77186,8455222,0.0,82.86291974940913,63.06546372836171,-1.0303713253735298,-2.1419425885338317,-81.79264887764752,0.07708045279273468,1.1819187836286764,80.00834063260699,-2.5941090811054504,16.609621954634996,-104.28591634031976,12.885529923990244,-32.4852053906849,160.74535243826915,-3.681309574301147,-0.05332573269855145,1.0269351011287036,-8.467062253296207,-7.03005377012298,1.2651291281180261
3.73,0.2369291690367691,-0.18280056687742544,0.40476605145940614,-0.2185079251524601,-0.3930372178733476,0.8473457932398308,0.5417699463095434,2.8261637601822964,0.7821532261858507,0.0,1,MaxIterations,9446435,91693,9641313,0.0,71.38846446527238,39.329507295524024,-1.0418816498922323,-2.055343289384552,-82.22575861840528,0.13502390263683567,1.0279240369833826,80.80934536657098,-1.8065810883744489,17.52759061013136,-74.77638398633574,10.252480664273149,-24.146471762695473,128.39405484473446,-3.681309574301147,-0.05332573269855145,1.0269351011287036,-8.467062253296207,-7.03005377012298,1.2651291281180261
3.735,0.23423108365893314,-0.18371547025337895,0.4068040895151533,-0.22834497400880185,-0.38441140249107736,0.8357595712229418,0.5625705012717395,3.940580030684349,0.6494582320682802,0.0,1,MaxIterations,8265554,105289,8495328,0.0,62.49227975246421,31.440881774936322,-1.0484940647258891,-1.9654011035402466,-82.51114152860296,0.17639601386103,0.9467581523766849,81.27867439776175,-1.0971949213397845,18.38995734090186,-45.28836901615911,7.129656670843774,-12.852493551122754,80.31377650907186,-3.681309574301147,-0.05332573269855145,1.0269351011287036,-8.467062253296207,-7.03005377012298,1.2651291281180261
3.74,0.23222724964066882,-0.18389959203382608,0.40884377497078683,-0.2414000977160734,-0.3688522107336836,0.8216232098458783,0.6032211533299674,5.465551215315677,0.5283592201284937,0.0,1,MaxIterations,8151860,129545,8395530,0.0,68.56654037339297,29.475383458392876,-1.052702823759414,-1.8697262115868338,-82.64902896321819,0.2052017098256412,0.8923957266715422,81.64101204544872,-0.6773261777074322,19.6593325021213,-15.756563814915154,4.923909361286811,-10.127958002492152,69.15190761164041,-3.681309574301147,-0.05332573269855145,1.0269351011287036,-8.467062253296207,-7.03005377012298,1.2651291281180261
3.745,0.23095650944515433,-0.18331750077878267,0.41074571938996923,-0.2580341519407018,-0.346322171644397,0.8043742088887774,0.645268723959789,7.076033120615104,0.44892214762902555,0.0,1,MaxIterations,8244103,121339,8479798,0.0,80.49458753921759,26.48741838626517,-1.055067212456509,-1.7672016972935098,-82.63910369828648,0.22418648667682534,0.8433507465010305,81.9777516940542,-0.3444230475429394,21.08501118833922,13.820175515640964,3.0683210472449005,-9.719840510973315,66.75526846891296,-3.681309574301147,-0.05332573269855145,1.0269351011287036,-8.467062253296207,-7.03005377012298,1.2651291281180261
3.75,0.2304675820396594,-0.18198098985463781,0.41240251291101154,-0.27843525069312386,-0.3168403767434026,0.7840454956103646,0.6845504544118332,8.703874031634056,0.4486358995233192,0.0,0,MaxIterations,8114849,104007,8328623,0.0,96.87932975866751,26.327163279460603,-1.0558339259576057,-1.6571864725148704,-82.48103196410692,0.23425542794697354,0.7945064823498714,82.31157111780304,-0.02368733933937872,22.631919038146403,43.49434774619849,1.3196271386741272,-9.836646886465502,66.91528311943884,-3.681309574301147,-0.05332573269855145,1.0269351011287036,-8.467062253296207,-7.03005377012298,1.2651291281180261
3.755,0.23082901505508607,-0.1799382758406815,0.41370717696189796,-0.3025430720118893,-0.2803100821530957,0.7606623643842562,0.7200652537862912,10.362555114772986,0.5348724911387599,0.0,0,SolvedWithSlack,832863,73839,1009517,0.2617653872354709,8.633094239485217e-12,3.9612757518625585e-12,-1.0550555210695718,-1.5388858188147605,-82.17416494912128,0.2356992744739753,0.74294299987136,82.66766634709897,0.2377293626455054,24.412727782488158,73.31340079454796,-0.408371093286647,-11.157817998506426,80.59782132573315,4.188246195767534,3.749046058253045,-0.31673891698956425,1.9929479095328948,-0.0625018178133171,-0.2137473005335639
3.7600000000000002,0.23199815631612095,-0.17748112247680292,0.41455988521195514,-0.32889115863259333,-0.2383343918742296,0.7352817793373695,0.7473060972611384,11.03908590091993,0.5858878304421024,0.0,0,SolvedWithSlack,822113,73149,996152,0.685249296291237,6.73807676321303e-11,1.6790124846011167e-11,-1.0530129671249309,-1.4114225787722114,-81.82995865301221,0.23462996427583502,0.6820268375134694,83.04972503507007,0.5062264455521721,26.241984401731703,65.86634917003163,-0.08942240391322454,-12.875653096866202,73.6128942205552,3.859002272236203,2.056663139052868,-1.1649238036951028,1.8038042732671944,0.16723083714098724,-0.21764721887076685
3.765,0.23385196557559806,-0.17504502223002322,0.4149536806731797,-0.35497382791429,-0.19279763261785957,0.7102238428515156,0.7681685714907572,11.588592381287157,0.6447226387820628,0.0,0,SolvedWithSlack,894170,69692,1075561,0.7241464547328633,3.26103588577098e-11,9.567457937009749e-12,-1.0478142793706817,-1.2794605348562662,-81.59946528824045,0.23418397682033085,0.6133167109624069,83.39695615944056,1.4003050431671062,26.49624173625061,32.92032453299515,-0.09898292296527735,-14.32118318026383,66.66294936373521,1.3223232356339474,0.29545027840627025,-1.2310489730458676,-0.6489250301303078,-1.2446614676876289,0.229094388012213
3.77,0.23637409918351224,-0.17265791391443108,0.41478102193200195,-0.3811188164405858,-0.14273969222416982,0.6855042567166736,0.7831171857837977,12.360395102807296,0.7359586374636625,0.0,0,SolvedWithSlack,1284877,66515,1460719,0.5849140417650619,1.2808953897547326e-10,3.445954632752546e-11,-1.0380428966149196,-1.1480099314838206,-81.54171335036447,0.2323321843102756,0.5371552410500884,83.74676478018013,2.3417822589675823,26.14245778088035,-2.694610694847955,-0.5596062229342746,-15.84018690715142,72.1582431725026,-0.4458616022310329,-0.32758022558982225,-0.9943538710006051,-3.775513384554177,-3.04935643868491,0.4702132463168338
3.775,0.23963508035796824,-0.17025603595184952,0.41387004297309643,-0.40827355459240533,-0.08685190170896563,0.6599718668051967,0.7929761078142581,13.69748505841469,0.9070816386469206,0.0,0,MaxIterations,8999740,70073,9173198,0.0,188.32260487114976,56.285060852389336,-1.0225459988125916,-1.017878046935343,-81.64202283741982,0.22515715131240507,0.45289152202255617,84.14306909110907,3.6265167284882716,25.937204168147492,-31.634942125777712,-2.024735731341491,-17.528802292221876,83.9961763225091,-0.4458616022310329,-0.32758022558982225,-0.9943538710006051,-3.775513384554177,-3.04935643868491,0.4702132463168338
3.7800000000000002,0.2437826156085561,-0.16781136134566133,0.4120377429195333,-0.43712859182711045,-0.02359467420788949,0.6324151335301336,0.7978659461630366,15.202692503960685,1.117745574570445,0.0,0,MaxIterations,9074572,70424,9259070,0.0,218.99310624603703,66.5908053634606,-1.0001167109030789,-0.889069968091154,-81.88693055696548,0.21051329508570485,0.3601876537833684,84.59859040719502,5.082365913963641,25.628863461406564,-60.54212683297669,-3.5383129291160955,-19.212860043530558,95.846214575863,-0.4458616022310329,-0.32758022558982225,-0.9943538710006051,-3.775513384554177,-3.04935643868491,0.4702132463168338
3.785,0.24883701279768616,-0.16548646679271067,0.4091096593987494,-0.46736257233386486,0.04727658257415547,0.6025308243155448,0.7987757267124967,16.753844884790485,1.3560435368531238,0.0,0,MaxIterations,9157769,71124,9343330,0.0,251.72982097571116,78.07546167365693,-0.9698618471333413,-0.7621867478014307,-82.27629148335205,0.18813807024595283,0.25916874747448276,85.11347136735216,6.722177053854768,25.18925966464764,-89.42191295037617,-5.107610770522921,-20.85554197131769,107.73750633061407,-0.4458616022310329,-0.32758022558982225,-0.9943538710006051,-3.775513384554177,-3.04935643868491,0.4702132463168338
3.79,0.2547950635422187,-0.1634847290273424,0.4048983248342464,-0.4985845779539168,0.12600007834164773,0.5700130833444322,0.7965775652093287,18.34523375283705,1.6238305790478234,0.0,0,MaxIterations,8053764,71094,8249193,0.0,285.7093763678021,90.36330960988705,-0.9308195423365535,-0.6379611954572542,-82.80996640388256,0.15772099787363475,0.15020667715016547,85.68803700069549,8.559916192200799,24.593142930330796,-118.27317989457165,-6.743760451357542,-22.39907314711344,119.71081534319782,-0.4458616022310329,-0.32758022558982225,-0.9943538710006051,-3.775513384554177,-3.04935643868491,0.4702132463168338
3.795,0.2616176606095493,-0.16205261617422456,0.39920937551321656,-0.5303283383451721,0.21278717100778835,0.5345698456487207,0.7920503822968988,19.96678689018541,1.9231188301900535,0.0,0,MaxIterations,8145066,69802,8333182,0.0,319.2036849724031,102.81044393771776,-0.881966008823585,-0.5172581000141991,-83.4878268993464,0.11888537860954432,0.03401904490555829,86.32282943741697,10.605929084640612,23.811699202550255,-147.10382944541547,-8.461309805428119,-23.767605983037605,131.8095067614961,-0.4458616022310329,-0.32758022558982225,-0.9943538710006051,-3.775513384554177,-3.04935643868491,0.4702132463168338
3.8000000000000003,0.2692146689316221,-0.16147713266150454,0.3918517570568336,-0.5620537787509056,0.30778616264650993,0.4959381930728305,0.7858958947472555,21.602085350452658,2.2550829667568952,0.0,0,MaxIterations,8119308,66155,8300620,0.0,348.9986326443523,114.52288195212417,-0.8222636299847114,-0.4011369986808631,-84.30989609844136,0.07117305222864088,-0.08826976835830205,87.01857158396594,12.856072044236434,22.797143409992437,-175.96368484144298,-10.277714819348402,-24.87818256802286,144.062326218548,-0.4458616022310329,-0.32758022558982225,-0.9943538710006051,-3.775513384554177,-3.04935643868491,0.4702132463168338
3.805,0.2774283893787735,-0.1620752246924067,0.3826517191376053,-0.5931682068078319,0.4110430566243465,0.45389548909606514,0.778797916354361,23.231136517168828,2.619214758682846,0.0,0,MaxIterations,8321620,64141,8485119,0.0,370.92287470908826,124.49898126973758,-0.7507714901854453,-0.2909667921858799,-85.27661905096595,0.014029427386329781,-0.2151506729999788,87.77604342032942,15.280102429190057,21.480612251472884,-204.95780247528776,-12.213366715384911,-25.661289999877987,156.46812416056122,-0.4458616022310329,-0.32758022558982225,-0.9943538710006051,-3.775513384554177,-3.04935643868491,0.4702132463168338
3.81,0.28601822758581996,-0.16417415334501106,0.37146673221748405,-0.6230743132034036,0.5225015501552139,0.4082733744752208,0.7715137334957691,24.84026630745915,3.013197566636455,0.0,0,MaxIterations,8459590,69401,8639330,0.0,382.37939084083746,131.83301298607904,-0.6667586964451717,-0.18839758157417055,-86.38896877519348,-0.053195496527584034,-0.3448816468891204,88.59594769712501,17.831956188797445,19.82680033739404,-234.17488174010873,-14.28423084966635,-26.089606712085125,169.0059785687737,-0.4458616022310329,-0.32758022558982225,-0.9943538710006051,-3.775513384554177,-3.04935643868491,0.4702132463168338
3.815,0.294649379502411,-0.1680875794895053,0.3581958283441226,-0.6512173786394269,0.6420655834617545,0.35899617201701667,0.7648005470285556,26.4261745280405,3.4333453729228354,0.0,0,MaxIterations,8386893,66766,8564118,0.0,393.1881715481967,135.72140814473116,-0.5696772236316744,-0.09486400118794236,-87.64787907675256,-0.13113965163629357,-0.47576857199027384,89.478942737129,20.48576777089781,17.945210320498028,-263.51807560229065,-16.46921754452426,-26.19784780572897,181.68294493217894,-0.4458616022310329,-0.32758022558982225,-0.9943538710006051,-3.775513384554177,-3.04935643868491,0.4702132463168338
3.8200000000000003,0.30289070166561954,-0.17409354983614886,0.3427955409084635,-0.6770678705330161,0.7696280446801177,0.30614372763781855,0.7590213728047971,27.97360531551948,3.8736113933372467,0.0,0,MaxIterations,8246588,63089,8455713,0.0,428.0441756398486,135.14758925887818,-0.4590495698135916,-0.010767890780208043,-89.05305429230356,-0.22010312365659232,-0.6064184768858617,90.42593250437479,23.227308303116768,16.085811472493766,-292.6692468296868,-18.666718989758415,-26.05477860658565,194.5787006872363,-0.4458616022310329,-0.32758022558982225,-0.9943538710006051,-3.775513384554177,-3.04935643868491,0.4702132463168338
3.825,0.31023184082788013,-0.18241064854535416,0.32531315417411993,-0.7000518593923927,0.9049458863291071,0.24996133208570243,0.7540294070601422,29.437932823919258,4.323764576457965,0.0,0,MaxIterations,8221991,63240,8385951,0.0,447.80591631991956,128.8551046594923,-0.3346519824696492,0.0643037865530432,-90.60323073299203,-0.31972730067453325,-0.7356679447933487,91.43837692002664,25.972378194950103,14.28774574487309,-321.61722732955104,-20.74162138232663,-25.679966307767245,207.81378992938986,-0.4458616022310329,-0.32758022558982225,-0.9943538710006051,-3.775513384554177,-3.04935643868491,0.4702132463168338
3.83,0.31611029587868233,-0.19317203199401925,0.30590450938195857,-0.7195962665140313,1.0475692821961409,0.19074615349840304,0.7501782108212949,30.79754533946023,4.7741450664250085,0.0,0,MaxIterations,8552787,66946,8730141,0.0,541.7129027871688,134.18583992918792,-0.1968121033639717,0.1294961633580047,-92.29903769119782,-0.42925627076179446,-0.8622685500782881,92.51811697691215,28.61738696196336,12.12743134279759,-350.944920489932,-22.664653675497966,-25.04850946628835,221.41124770624276,-0.4458616022310329,-0.32758022558982225,-0.9943538710006051,-3.775513384554177,-3.04935643868491,0.4702132463168338
3.835,0.31990665761060433,-0.20641313780541712,0.2848016962271196,-0.7352892299364154,1.1970846884523856,0.1288328073521889,0.7487631095605224,32.08014745404985,5.221817197528598,0.0,0,MaxIterations,9301200,63741,9473366,0.0,644.8579322805041,153.75784413724546,-0.04598211379851915,0.18248466804511249,-94.14305840036502,-0.5479924298642831,-0.9852698463494525,93.66642693197218,31.19169392647029,9.579382630139659,-380.7080253997556,-24.443518450896356,-24.310100817048486,235.15946798992667,-0.4458616022310329,-0.32758022558982225,-0.9943538710006051,-3.775513384554177,-3.04935643868491,0.4702132463168338
3.84,0.32096130296217434,-0.22205364010673972,0.262318078991091,-0.7468315791859977,1.3531584890973842,0.06478037500448199,0.749628054224446,33.26202945752033,5.657700027032031,0.0,0,MaxIterations,9433279,66185,9608260,0.0,722.7751770483001,173.48162466801747,0.1173401882501551,0.22397054161708904,-96.13459153353948,-0.6748224249417825,-1.1052251308275851,94.88306239454607,33.60297217804123,7.550780065477211,-409.9418140283942,-25.929584594715074,-23.835875836055205,248.73436227691374,-0.4458616022310329,-0.32758022558982225,-0.9943538710006051,-3.775513384554177,-3.04935643868491,0.4702132463168338
3.845,0.31871411562868807,-0.23987149454055057,0.23891625761950833,-0.7538504428830787,1.5151841679001685,-0.0008646093548276433,0.7512370998400474,34.29613252772765,6.0618552949105,0.0,0,MaxIterations,9155615,69131,9337149,0.0,802.3234213726964,189.75710975634976,0.29144603176904377,0.2564691031593299,-98.27185593949778,-0.8078835763416109,-1.2241669209298736,96.16680185463063,35.56910187095689,5.718631390299825,-439.2581445681535,-27.01345249466962,-23.813672207416047,262.07173145515986,-0.4458616022310329,-0.32758022558982225,-0.9943538710006051,-3.775513384554177,-3.04935643868491,0.4702132463168338
3.85,0.3127235056104307,-0.2595192036279394,0.2151597608191287,-0.7561344384061407,1.68238461710859,-0.0678002931721194,0.755066089444514,35.18630033683258,6.428586599055704,0.0,0,MaxIterations,8941791,67237,9130017,0.0,859.187044937685,199.52386144279217,0.47423798171608994,0.2778071225445734,-100.5586059015488,-0.9450468426423404,-1.3441140869648531,97.51717153824451,37.1846643931489,3.311609043266338,-469.41702093372334,-27.642835983507805,-24.141224871022704,275.4324497792007,-0.4458616022310329,-0.32758022558982225,-0.9943538710006051,-3.775513384554177,-3.04935643868491,0.4702132463168338
3.855,0.3026183830606057,-0.2805212651296689,0.19164547168520546,-0.7537652104696299,1.8540124892646637,-0.135380386458676,0.7618269705091951,35.91926245072217,6.749365873381272,0.0,0,MaxIterations,9152550,66937,9329624,0.0,851.7724563493377,203.02179466458574,0.664017915023642,0.28992021502343823,-102.99380346574816,-1.0839524576004131,-1.4661169931095357,98.9350343438347,38.38322811934036,2.0296036805064572,-498.6516842464591,-27.84132326882127,-24.561623397048958,289.0296127348926,-0.4458616022310329,-0.32758022558982225,-0.9943538710006051,-3.775513384554177,-3.04935643868491,0.4702132463168338
3.86,0.288330133743684,-0.30235613129747135,0.16903237136448634,-0.7465772228894139,2.0294203898423944,-0.2034294080944354,0.7702968743303916,36.564823046849206,7.008581888184073,0.0,0,MaxIterations,8222222,77366,8408403,0.0,839.9044119979335,198.43355521729382,0.857693295226368,0.2968068453955414,-105.57582340959081,-1.2235864646216248,-1.5900191989506371,100.42099135260366,38.894248664381735,0.7790135145262701,-528.4701766898219,-27.979837393690904,-24.955985921503242,302.57893845887475,-0.4458616022310329,-0.32758022558982225,-0.9943538710006051,-3.775513384554177,-3.04935643868491,0.4702132463168338
3.865,0.2702941097667386,-0.3240749899833216,0.1481499599486168,-0.7345765986330305,2.2044520589998577,-0.26916826124119375,0.7807026236750415,34.4758377776763,6.858334477089243,0.0,1,MaxIterations,8439703,110959,8662283,0.0,665.5172220561193,160.52670957795826,1.0449710031942863,0.29702035887427086,-108.30819890710542,-1.3476612855405,-1.7265370230239903,101.97173261419158,35.30437086910244,-0.15090779711025465,-558.1537701802464,-20.26591520450526,-30.331261227350552,314.94150049911997,-0.4458616022310329,-0.32758022558982225,-0.9943538710006051,-3.775513384554177,-3.04935643868491,0.4702132463168338
3.87,0.2511359598467849,-0.34300250080253386,0.1299119874209298,-0.7205173619157704,2.3623607761663785,-0.31550189631530173,0.7998080697065642,30.75107550953237,6.274967558278455,0.0,1,MaxIterations,8332290,122321,8564959,0.0,505.70043897816925,124.63012259090672,1.199175789040377,0.31442441234858504,-111.17722342429359,-1.4195764675638338,-1.8940741436945314,103.58877689277466,26.95219487225263,8.04128336968756,-583.4898973237271,-10.987694785873993,-34.754830479648184,329.9008617702951,-0.4458616022310329,-0.32758022558982225,-0.9943538710006051,-3.775513384554177,-3.04935643868491,0.4702132463168338
3.875,0.23230108104490707,-0.35995448752374853,0.11381589232871646,-0.7111502695660659,2.5091735365124483,-0.3490421944849838,0.8315454399592567,28.08482410346175,5.818515852904811,0.0,1,MaxIterations,10438849,132530,10682780,0.0,398.15180318715403,121.7557537297682,1.3114989791635798,0.37293968030740315,-114.1762674623793,-1.4548994293176314,-2.0735752383554384,105.28452131840183,18.662266556694878,14.596784892216807,-610.56019032728,-4.741223101554155,-36.19324186715492,345.0108657001921,-0.4458616022310329,-0.32758022558982225,-0.9943538710006051,-3.775513384554177,-3.04935643868491,0.4702132463168338
3.88,0.21435352047692333,-0.37551746983472556,0.09974883411588,-0.7027863873162353,2.6367057574991297,-0.3778779444587456,0.8725457755996048,23.991568269049306,5.349984481621957,0.0,1,MaxIterations,9219726,133943,9475159,0.0,297.2632445351207,100.44961813386993,1.378038437344744,0.465355550490327,-117.31003599978486,-1.4656320211294076,-2.2543901426728628,107.05138518183531,10.205361034732208,20.474595043323582,-637.87596737719,-0.6878663572115408,-36.19383385365109,358.8136415340641,-0.4458616022310329,-0.32758022558982225,-0.9943538710006051,-3.775513384554177,-3.04935643868491,0.4702132463168338
3.8850000000000002,0.19729192020412878,-0.3901722596238619,0.08709729804790342,-0.692709205950186,2.74749686177857,-0.40513024249064394,0.926168073276108,21.125583622243894,5.055499281170893,0.0,1,MaxIterations,9195791,118343,9459299,0.0,233.8913430140259,82.47620469345037,1.4115898432669418,0.5749504852469168,-120.58702074712588,-1.4612857054140502,-2.436723893568588,108.8839850987599,4.70786871704911,22.832420121405228,-666.9083745127725,1.7374371647621512,-36.693862769482685,371.5673742814797,-0.4458616022310329,-0.32758022558982225,-0.9943538710006051,-3.775513384554177,-3.04935643868491,0.4702132463168338
3.89,0.18657937488971768,-0.4000411049534579,0.08004293215726437,-0.6773426737528132,2.806473297657108,-0.40501031172495566,0.9731926895106865,5.769518689146253,1.8972542257766063,0.0,1,MaxIterations,8219918,134764,8466945,0.0,80.87369691674186,32.16700108509793,1.4018166215712657,0.6500295767949397,-124.01144943416732,-1.4124150855134956,-2.5945410346471913,110.78001849211194,-4.155793717665824,11.322122674744737,-696.8206391372927,11.807510857614828,-26.686612221483237,386.07376130698873,-0.4458616022310329,-0.32758022558982225,-0.9943538710006051,-3.775513384554177,-3.04935643868491,0.4702132463168338
3.895,0.1830875482246726,-0.40432123636602724,0.07947389788657788,-0.658367640804753,2.8131950682910816,-0.3778439949435845,1.0057930269978894,4.928803556715759,0.8291004012609474,0.0,2,MaxIterations,8227412,184979,8525966,0.0,70.36451207593888,15.347657965143156,1.3770455752153261,0.6906806452036891,-127.58608662488786,-1.3546478591645097,-2.6923892128884415,112.76985842101293,-5.130315618553855,7.017007497079404,-726.4723526749364,10.906116563343234,-15.408979097916255,405.7640651409876,-0.4458616022310329,-0.32758022558982225,-0.9943538710006051,-3.775513384554177,-3.04935643868491,0.4702132463168338
3.9,0.1814368495101698,-0.40722130265826884,0.08117028625946511,-0.6412532958779831,2.805559116742411,-0.35311195928318434,1.0160756327936662,4.561820172504359,0.7887612221428865,0.0,2,MaxIterations,8282415,159482,8561493,0.0,44.44322689294672,7.4442505730786515,1.3479001060203364,0.7258575981517267,-131.3036689933706,-1.3129074769447866,-2.7318745233909674,114.01751396119586,-6.3140432936539534,6.640483352860202,-755.4365957913355,6.663022165549517,-3.3589614084587804,128.95172415294485,-0.4458616022310329,-0.32758022558982225,-0.9943538710006051,-3.775513384554177,-3.04935643868491,0.4702132463168338
3.9050000000000002,0.18049845176432266,-0.4101662661499904,0.08421073142676178,-0.6267086858174888,2.7913468817617244,-0.33883640210959237,1.0111799248487838,4.228377179066306,0.9106869854112594,0.0,1,MaxIterations,8038024,121940,8272236,0.0,22.670785202399255,7.551388940794666,1.3161571186070884,0.7574827037561448,-135.16789861588848,-1.28800809785299,-2.73359469786772,114.30979250621395,-6.425085630817235,6.728310451751605,-783.9950241064895,4.0372999290920895,0.9575345211244797,29.96869138533316,-0.4458616022310329,-0.32758022558982225,-0.9943538710006051,-3.775513384554177,-3.04935643868491,0.4702132463168338
3.91,0.17966073788989606,-0.41352521939954334,0.08751211559063067,-0.6128322424055836,2.776407483664513,-0.3312552183339532,1.0020990889994619,3.891043041105261,0.9822881747904588,0.0,1,SolvedWithSlack,7910833,109356,8127282,1.0,6.572520305780927e-14,6.217248937900877e-15,1.2837149953547775,0.7877514299620118,-139.17797387107345,-1.2730537609758084,-2.7230854655944405,114.38413091640294,-6.248523903867557,5.268341396446994,-814.0895072064733,2.3955121203124405,2.704812829651911,9.442818736866645,2.0401926047714904,-2.330752024959313,1.7,5.375041396164959,10.676649067407642,-1.7
3.915,0.17892242157229885,-0.4170014332291475,0.09097434749061178,-0.5997847013487009,2.760837646202327,-0.3267687921467598,0.9892914476770803,3.994067879400819,1.002639840002156,0.0,0,MaxIterations,8077649,91793,8272127,0.0,26.865554153809267,9.415704724861513,1.2548557480008309,0.8113654940521678,-143.10176405689575,-1.2606496434418861,-2.695324391349827,114.33440973299965,-5.607403738484693,4.058492711287576,-765.6870247886724,2.3987721767489756,7.606182560065276,-21.794210883114122,2.0401926047714904,-2.330752024959313,1.7,5.375041396164959,10.676649067407642,-1.7
3.92,0.1785860312524484,-0.42028764984823425,0.09479619012075936,-0.5878957025859437,2.7430461548121676,-0.32367128495577396,0.9713708973795674,4.313331796515901,1.0074772127942575,0.0,0,MaxIterations,8361585,92194,8565440,0.0,46.083272679221196,18.597538072967396,1.230434954187084,0.8219936385037764,-146.7888444126228,-1.2472317382298852,-2.646180873182647,114.09069090973416,-4.389935104476584,1.4252138238981182,-717.9832061275049,2.8775261088594957,11.29091654031332,-66.71190737790361,2.0401926047714904,-2.330752024959313,1.7,5.375041396164959,10.676649067407642,-1.7
3.9250000000000003,0.1786220864801435,-0.4232609819153216,0.09890225597614363,-0.5772148588482671,2.723243632881816,-0.32040205657624937,0.9486380835320648,4.545386467849495,1.023890063429535,0.0,0,MaxIterations,8333402,83257,8525515,0.0,50.14618000067029,30.55711984046791,1.210370602215347,0.8243010998638727,-150.23480906366262,-1.2327773191531157,-2.5780148005682655,113.62226228057226,-3.6854884513236863,-0.723631694015475,-670.4512160422832,2.86921238391068,15.20824469925517,-111.68601596467248,2.0401926047714904,-2.330752024959313,1.7,5.375041396164959,10.676649067407642,-1.7
3.93,0.17902625493901042,-0.4259359411955828,0.10330057164978676,-0.568038561517193,2.701617103311332,-0.317438920658129,0.927712652131588,4.777977323341209,1.0385702288561132,0.0,0,MaxIterations,9414113,76765,9608501,0.0,47.39478710283297,43.91840003473415,1.1959207288823548,0.8133355323869107,-153.4434551043694,-1.2185467244952348,-2.4903673177321446,112.92867792714598,-2.436185443394789,-2.73213868120656,-622.2468516778292,2.759112434732538,19.114410470955697,-156.73882141855916,2.0401926047714904,-2.330752024959313,1.7,5.375041396164959,10.676649067407642,-1.7
3.935,0.17977464359010384,-0.4282735909751496,0.10797667453347272,-0.5607262461031324,2.678597494249501,-0.3147681254518553,0.9078258901657661,4.89515640199518,1.0708994652058212,0.0,0,MaxIterations,9430334,72747,9609914,0.0,62.83145461754655,57.08524698519759,1.1861659176015094,0.7937984053758055,-156.4115890394493,-1.20688049311245,-2.381875683406939,112.00972755384076,-1.5522408199978663,-5.061314068505911,-574.8309220040918,2.0030361248599875,23.464875025465307,-201.8348817614202,2.0401926047714904,-2.330752024959313,1.7,5.375041396164959,10.676649067407642,-1.7
3.94,0.18085090504175508,-0.4302574273713948,0.11292897984839684,-0.5556607633759784,2.6542861794566566,-0.3126652851899678,0.8947646191167619,5.040940037258286,1.1001626285105277,0.0,0,MaxIterations,9461343,70043,9642204,0.0,75.6184570216563,71.94023987514656,1.1825419772711239,0.7606293337553818,-159.14283148868782,-1.1997181846667426,-2.250799912625851,110.86507415081351,-0.19667774641376945,-7.394918325282781,-526.942500213185,0.9916651012101487,28.104302432853704,-247.0084251051999,2.0401926047714904,-2.330752024959313,1.7,5.375041396164959,10.676649067407642,-1.7
3.9450000000000003,0.18221743605992244,-0.4318162377882094,0.11813960757295959,-0.5530888172668471,2.628928969260899,-0.31074806002794175,0.8873838626899783,5.133741814913461,1.138569404525991,0.0,0,MaxIterations,9048563,76004,9243501,0.0,74.65562059230068,104.85435491599306,1.1847136869997297,0.7181370184387236,-161.63353888740235,-1.199386555786375,-2.095195195288222,109.49386704760865,0.8575174214923759,-9.463973965781811,-479.15751419707084,-0.625557332977172,33.168437453905625,-292.4582642824783,2.0401926047714904,-2.330752024959313,1.7,5.375041396164959,10.676649067407642,-1.7
3.95,0.1838587106799637,-0.43294382742032406,0.12361438617858612,-0.5529347302751598,2.6025768681946024,-0.3092020663244145,0.8894849253767486,5.30349381648914,1.1837018760584295,0.0,0,MaxIterations,9128765,68229,9308374,0.0,114.9025499030085,141.6089608813433,1.1929757347119343,0.6614046832203171,-163.88814909335412,-1.2086099017865148,-1.913660301652577,107.89409463247786,2.2211042985101717,-12.561849201171425,-432.01108026177235,-2.7341431518385875,38.455954153641834,-338.30466167248534,2.0401926047714904,-2.330752024959313,1.7,5.375041396164959,10.676649067407642,-1.7
3.955,0.18572515884407365,-0.4335672163632054,0.1293571415381353,-0.5552616836127896,2.5749017705939976,-0.3074361746984033,0.8997005311463867,5.562659850458329,1.237269779062543,0.0,0,MaxIterations,9040518,73398,9223954,0.0,136.71636343320665,187.1259033519418,1.2080727209817126,0.5911765448022497,-165.9048385807653,-1.2306734782005955,-1.7026214211162234,106.06626583868814,3.5065931967993773,-14.98589758785036,-384.21064742733756,-5.6553923636443715,44.98534950904544,-383.5578200253295,2.0401926047714904,-2.330752024959313,1.7,5.375041396164959,10.676649067407642,-1.7
3.96,0.18779571687255034,-0.4337035729918555,0.13540469974043415,-0.5595688578391043,2.5454946868789574,-0.3054856897171533,0.9170673402044507,5.958045550047537,1.3092651589346374,0.0,0,MaxIterations,8997677,80171,9195431,0.0,154.1523282438318,259.0275074663109,1.2281551554738102,0.5080838670395261,-167.6835898884032,-1.2680686607465106,-1.4533733759417002,104.01627487224152,3.920514428344646,-17.820317676684063,-336.83202209970733,-7.792936858707371,52.74450369875457,-427.5901178102532,2.0401926047714904,-2.330752024959313,1.7,5.375041396164959,10.676649067407642,-1.7
3.9650000000000003,0.1911242062362507,-0.4324734057685322,0.1419483023280194,-0.5650015211718139,2.504610063555294,-0.29448051796371827,0.9437547625020507,9.912481139482031,1.6408496945533708,0.0,0,MaxIterations,9154814,76295,9340414,0.0,165.39303127592603,306.16095800842896,1.2409331103262393,0.4089868778692198,-169.22603170035654,-1.297158582898992,-1.1748800059671867,101.74395164507104,1.6290275519812547,-21.160980774762933,-289.6016150796928,-4.670177032456018,57.78920817572074,-472.48623287333703,2.0401926047714904,-2.330752024959313,1.7,5.375041396164959,10.676649067407642,-1.7
3.97,0.19624900674559387,-0.4293426687490237,0.14935689239903305,-0.5703990905832527,2.444960841899812,-0.26868655018268817,0.9806468261360279,14.378881909986374,2.0979812690985904,0.0,0,MaxIterations,8287014,76405,8466033,0.0,242.5132687387029,357.6078213079246,1.241101382815363,0.29362881077490355,-170.5320978172782,-1.3139883133579713,-0.8646033069007891,99.24981245134596,-1.0813474362591,-24.32140056761029,-242.269859341074,-2.6088777698684806,65.46645678361506,-515.8792448645302,2.0401926047714904,-2.330752024959313,1.7,5.375041396164959,10.676649067407642,-1.7
3.975,0.20273225132311293,-0.4245108358615967,0.1581035348484503,-0.5733759353092667,2.3651483679873335,-0.2280629252600702,1.0281454131732675,19.076345992838863,2.5665616740464725,0.0,0,MaxIterations,9120799,82125,9314736,0.0,395.1212339496825,406.95938647626747,1.227325269571991,0.16246262700836622,-171.60143972394573,-1.3226104420040743,-0.5059872134834795,96.54693793352845,-3.890664137429065,-27.518298077856556,-194.95077449759236,-1.202247375542463,75.96004276942236,-557.1698880926458,2.0401926047714904,-2.330752024959313,1.7,5.375041396164959,10.676649067407642,-1.7
3.98,0.20975213469956464,-0.4185831031315382,0.16874712144729326,-0.5696863503501671,2.2646372908171544,-0.17323293848143803,1.085575331248095,23.986020405312534,2.959046875332501,0.0,0,MaxIterations,8384128,74190,8584737,0.0,688.251116493429,653.242379103324,1.1985514877535453,0.015415224918833001,-172.43451091626912,-1.3254242420332816,-0.09420612290553866,93.63445842731184,-6.946728310050715,-30.684668722764084,-147.7298256620516,-0.1600810294907872,86.80076543119107,-599.0687486672728,2.0401926047714904,-2.330752024959313,1.7,5.375041396164959,10.676649067407642,-1.7
3.985,0.2160100493266002,-0.41272028693795304,0.18173210626533728,-0.55331565570929,2.1440325757807446,-0.10464743441337428,1.1517005938444178,28.95876136424819,3.2234760096099877,0.0,0,MaxIterations,9929146,78468,10121049,0.0,932.6373363197283,964.3943313804033,1.1564994948366676,-0.148903310708379,-173.03139735089752,-1.3143464916519318,0.3633307035736504,90.51653253716847,-9.37491746619395,-34.35681431589072,-100.44396741283182,4.845417304129832,92.91412622818952,-640.810035650125,2.0401926047714904,-2.330752024959313,1.7,5.375041396164959,10.676649067407642,-1.7
3.99,0.2203885663124183,-0.40771503339818915,0.19744527355606836,-0.5204939082740486,2.003123470294819,-0.021237112659500477,1.2218422055268259,34.22734558288486,3.5619191664163448,0.0,0,MaxIterations,9113976,61487,9283597,0.0,1194.2430258204547,1093.2959174205198,1.1015323759095632,-0.3296452274231326,-173.390530939133,-1.2575397899911045,0.8116652844004133,87.16656188869328,-12.125895746373528,-37.099722606487305,-52.644846766809124,16.3542057724931,86.55675299636518,-689.5065318259226,2.0401926047714904,-2.330752024959313,1.7,5.375041396164959,10.676649067407642,-1.7
3.995,0.22197697249782927,-0.40472314034220064,0.21621019138714462,-0.4711947210275861,1.8424698353892486,0.06896415804935023,1.292425358567087,38.319070178696066,4.014031852784864,0.0,0,MaxIterations,9357336,67257,9542726,0.0,1354.3503908429707,1124.2043675424607,1.0307869121745388,-0.516439467988815,-173.5080954009843,-1.1378699924819393,1.223142404231039,83.57995040840169,-15.673757869957852,-37.09195024960753,-3.992661596643046,28.738522960288396,79.28265104028112,-736.3409262646811,2.0401926047714904,-2.330752024959313,1.7,5.375041396164959,10.676649067407642,-1.7
4.0,0.21999233610187838,-0.4052252713204613,0.23780374399201792,-0.4094337592364687,1.664919713388097,0.15120718812660464,1.3237594252511249,40.88142190617519,4.585056824456551,0.0,0,MaxIterations,9338661,66135,9513301,0.0,1413.5297798211611,1008.0720021291137,0.94038518505273,-0.6962624530707199,-173.38063463783604,-0.9567474816601426,1.5915911856473444,79.75259371973796,-19.634542807827568,-35.06777872484613,45.212496869260704,41.246562132790565,70.64721459238723,-783.7611164581167,2.0401926047714904,-2.330752024959313,1.7,5.375041396164959,10.676649067407642,-1.7
4.005,0.21365176810479794,-0.4099357340999944,0.26128928961924797,-0.3408157778717993,1.4743423812863652,0.21721506499522167,1.2979914649078785,42.31571029600015,5.223595168627218,0.0,0,MaxIterations,8854536,79921,9052780,0.0,1466.091656534813,852.8013541085586,0.8310234008520482,-0.8630820956676348,-173.00618188351947,-0.717207781660236,1.9266162205433777,75.69781949864525,-23.23273700732457,-32.22429372451745,94.70165757933572,52.40300570920485,63.88292705408483,-829.8536966206128,2.0401926047714904,-2.330752024959313,1.7,5.375041396164959,10.676649067407642,-1.7
4.01,0.20234355325143855,-0.41862226179101175,0.28533762574849686,-0.27136779790385196,1.2748252885380447,0.26464809133422096,1.2550335734017064,43.00667131989184,5.847034450115813,0.0,0,MaxIterations,7973152,96022,8187506,0.0,1367.7262750888233,1010.2354514877744,0.7067426425214398,-1.0157458883452424,-172.38333452453008,-0.4209559675995298,2.2311886746322247,71.42009387245639,-25.88173540363961,-29.388645587392364,144.50940115871902,63.408188141230625,59.536619755834344,-872.4240921813076,2.0401926047714904,-2.330752024959313,1.7,5.375041396164959,10.676649067407642,-1.7
4.015,0.1857778808028777,-0.4303779667054053,0.3086307216703743,-0.2055677185212205,1.0690955622708245,0.29580848960733036,1.1864025166217256,43.45571037023109,6.403349296340767,0.0,0,MaxIterations,8145517,91192,8376704,0.0,1112.7482454689957,982.0445465751175,0.5717776424613629,-1.1550552819533753,-171.5103667620258,-0.07209471947858241,2.5127294222575682,66.92412377522756,-27.687118905280332,-26.837008771166257,194.7221011505077,74.02229628256924,55.18436037057121,-915.6629705990055,2.0401926047714904,-2.330752024959313,1.7,5.375041396164959,10.676649067407642,-1.7
4.0200000000000005,0.16383527628997757,-0.4437262849553584,0.3301540378888234,-0.14061275921076233,0.8519518414168721,0.32695805626976926,1.087409255036312,47.0077264174221,6.925541979405151,0.0,1,MaxIterations,9044595,132951,9290941,0.0,1163.4176578072502,400.82896744764,0.42826489381737104,-1.2881325506598704,-170.38200151427978,0.36035452980956073,2.7181674418788915,62.179984460263704,-29.23084896942423,-26.2660634122637,246.37623190292504,93.21528327133421,32.75865112214781,-971.5088343726865,2.0401926047714904,-2.330752024959313,1.7,5.375041396164959,10.676649067407642,-1.7
4.025,0.13606239939151366,-0.4611576059440004,0.3465281628383279,-0.051766370835429655,0.6145897659898207,0.37852406323893206,0.9736069470494005,53.21157335604775,7.7163561883852525,0.0,1,MaxIterations,8967460,137360,9218945,0.0,1645.9340894110069,387.03275790146023,0.28034932571899074,-1.420308902462552,-168.98936758201197,0.9289691615997927,2.759598547102857,59.883321594275394,-29.771437830952852,-25.395261855762634,299.4212970864525,119.77104571370644,-1.315964945366173,-249.34010572132502,2.0401926047714904,-2.330752024959313,1.7,5.375041396164959,10.676649067407642,-1.7
4.03,0.10429810468468244,-0.48547170204084394,0.35296793219066347,0.05546267268406939,0.3830471828955876,0.4072159032113805,0.8525804197308714,45.1131106249317,7.878815127831105,0.0,2,MaxIterations,8997456,135205,9247669,0.0,1403.1007554892851,426.36026841122015,0.1520023987937901,-1.5390206532132533,-167.34035472158263,1.495033370363524,2.7344427963622793,59.276551297808155,-15.830379278738018,-24.5071247311633,349.7258620250511,97.46588820351892,-5.306142877746117,-66.32705265394445,2.0401926047714904,-2.330752024959313,1.7,5.375041396164959,10.676649067407642,-1.7
4.035,0.08021358644796757,-0.5047675192722333,0.3502813580120316,0.12490409396350438,0.25242928256814884,0.41152072311782206,0.7335886069252563,20.818444166729417,5.170365095269064,0.0,1,MaxIterations,8988831,159792,9260934,0.0,339.60359033159403,140.19857953734004,0.14522762841305267,-1.657291536763947,-165.43921875934055,1.8479746324103534,2.7119580483592385,59.1110090041726,1.0126987690507259,-16.539749841217063,401.79886961391753,54.98412399932326,-3.7887299249486794,-19.227976207072732,2.0401926047714904,-2.330752024959313,1.7,5.375041396164959,10.676649067407642,-1.7
4.04,0.06712974004279201,-0.5186656846487298,0.3471769740358963,0.16204059018034483,0.20645993875401605,0.40855573236469367,0.6614431446680306,6.618174877294209,3.097439933000817,0.0,0,MaxIterations,8137742,132771,8382003,0.0,67.74882463697169,42.46023752594428,0.17168317583332007,-1.7092067027153586,-163.27763194484587,2.033821622580034,2.6954748502064483,59.037344709167755,9.412796203866113,-8.555109635059617,452.295833807267,26.82754014786342,-3.0728403035543392,-22.484313112748172,2.0401926047714904,-2.330752024959313,1.7,5.375041396164959,10.676649067407642,-1.7
4.045,0.06169202558914911,-0.5280431554081506,0.3439724525634723,0.18024833127972903,0.2198200772286478,0.41504387678624854,0.621628714396982,7.156473281059844,1.8260827288673864,0.0,0,SolvedWithSlack,382262,94058,579895,0.4644257880439801,1.1162626378791174e-11,2.7924329515371937e-12,0.25245536270026764,-1.7540994579175118,-160.86900528897218,2.109327901792483,2.6815087744541013,58.75203215068092,20.795364861754084,-10.123976772702004,501.18026296885455,8.3574819573917,-2.632524360447682,-79.61860595605735,2.302892752203303,2.8107922577796787,0.1834539974125956,1.8852687625813163,3.506176871454838,-0.7895238396747661
4.05,0.060854209590525545,-0.5339736666195096,0.3400612819879532,0.18520533455295063,0.27156245692466985,0.4345145310822143,0.5798291852190122,13.452449136250074,1.2974529601659892,0.0,0,MaxIterations,8133445,97153,8338001,0.0,223.7219617327667,84.48488957470141,0.3854265799741688,-1.8076856641818384,-158.341429950713,2.1136112212606495,2.6680086980292184,58.26812809153967,29.871352583647457,-10.66181486399546,508.6782149882299,-3.376929029245145,-2.7353525422524285,-107.85514790164422,2.302892752203303,2.8107922577796787,0.1834539974125956,1.8852687625813163,3.506176871454838,-0.7895238396747661
4.055,0.06264127910697127,-0.5373668553833503,0.3348930800704096,0.18027081087001673,0.3471312551302379,0.46286220476372036,0.5323807312800388,17.547814632006453,1.3492707206319574,0.0,0,SolvedWithSlack,640660,90020,847211,0.7106680745572536,1.0368239600211382e-10,2.0833113012486137e-11,0.5510432471611533,-1.8570572864404375,-155.77395487030455,2.0743545749204593,2.654218041737933,57.650336523178225,34.85509760648489,-9.375981499018915,516.5219658217898,-10.311103822288459,-2.762468891108089,-133.7735082638868,3.97986898558056,4.509423125005607,0.34687136640687766,3.2023159164851442,5.382905185453286,-1.208135726747331
4.0600000000000005,0.06553343083165068,-0.5389119790402732,0.32818927076297855,0.16773839402313495,0.43649320616362863,0.4960562507444882,0.48970732820648477,19.972616412697942,1.6049139737882043,0.0,0,MaxIterations,8184621,109386,8413773,0.0,357.3317552437912,129.14337729022554,0.7353918474323772,-1.8981342767417968,-153.15292395866265,2.010699785219828,2.6407477599238067,56.87294410054541,37.98623304265814,-7.2173851705230465,529.4993725644198,-13.994269171364584,-2.6448458198517995,-169.77869234868248,3.97986898558056,4.509423125005607,0.34687136640687766,3.2023159164851442,5.382905185453286,-1.208135726747331
4.065,0.06851712438504638,-0.5391817396160393,0.31985084691649174,0.14943061854933468,0.5334335769808118,0.5310652105128747,0.4458404559996593,21.207141419395505,1.884917326133082,0.0,0,MaxIterations,8154143,93677,8368007,0.0,361.8063444130366,134.962363602401,0.9292233117246896,-1.9221493213158272,-150.46330030076672,1.9354435577590183,2.6279373101133783,55.91898171082562,38.975864446141586,-3.094623417963816,543.4660916492928,-15.527764192349153,-2.5028274994400386,-204.6754709400931,3.97986898558056,4.509423125005607,0.34687136640687766,3.2023159164851442,5.382905185453286,-1.208135726747331
4.07,0.07094031829935733,-0.538719727219828,0.3099497390219938,0.12709226103538598,0.6338707974464519,0.5656005200807859,0.4013931769152499,21.67642296140446,2.1426265678346232,0.0,1,MaxIterations,8263009,161786,8538390,0.0,351.5830583680248,133.88113567298774,1.1233363507024512,-1.9272499171441808,-147.70801862767533,1.8568800702619663,2.6159585718451943,54.79290595179137,38.68399340122449,0.2767484297420282,556.0472040708869,-15.695130955554356,-2.3188934165853747,-238.83839243774818,3.97986898558056,4.509423125005607,0.34687136640687766,3.2023159164851442,5.382905185453286,-1.208135726747331
4.075,0.07259673184313883,-0.5378087879633233,0.2985309123454711,0.10470383847648511,0.7364598409723593,0.5969203566350068,0.35850183050649614,21.70905002429783,2.4290528263028417,0.0,0,SolvedWithSlack,858562,120828,1091341,0.27071743357854283,3.2230218494078144e-11,6.80699940858176e-12,1.3328297807467475,-1.9673281487865368,-146.33350719256808,1.7809738296914621,2.6040158407510234,53.495624263830386,39.70793058165175,-9.522396547249212,156.97080478681417,-14.595763259159842,-2.243397328740967,-274.1524002939205,2.5379282251113753,0.7698813706059655,-0.02645372217821121,1.7482474759830604,2.1123746029928356,-0.46021963708352276
4.08,0.07347348410069944,-0.5385827382075603,0.28866826247421246,0.09442888534255597,0.8166048330767288,0.6180471308990891,0.33151601867007163,13.939730324446051,1.7746771981042084,0.0,0,SolvedWithSlack,1997513,90641,2201960,0.8592040227187404,4.263256414560601e-14,1.4210854715202004e-14,1.4781488803202885,-1.9984861258024167,-145.8311425384152,1.7138770917584865,2.5939410507171146,52.06970306622972,22.788320354512226,-3.355194709187954,94.12409673282602,-12.738320168378113,-1.9174301101625133,-292.0943330562057,8.320356567872674,11.343635586729233,-0.22615551045633145,11.492324535448576,13.747264363499847,0.16475556201392041
4.085,0.07433915921819526,-0.5417127772731948,0.28135007912756144,0.09913013770073219,0.8740315244784695,0.6314514263969354,0.3269673908760558,10.829238743348679,1.5456438105920531,0.0,0,MaxIterations,7945228,89799,8152941,0.0,105.20071018118689,26.962311376119516,1.556057440925172,-1.982051220552633,-145.37249452917018,1.6555289089084555,2.5868558372188506,50.620705028731365,11.39878520276295,7.433984183178969,90.23948348260245,-11.013081676025807,-1.129439968194846,-288.111331861252,8.320356567872674,11.343635586729233,-0.22615551045633145,11.492324535448576,13.747264363499847,0.16475556201392041
4.09,0.07573632571007947,-0.5465542762580274,0.27552287480064847,0.11583065885271586,0.9217726410826566,0.6412942298021388,0.3317070084396769,10.022127691380103,1.5647983757705506,0.0,1,MaxIterations,7915413,154732,8180513,0.0,111.44818997276971,35.6072587903286,1.589346547082846,-1.916801510457803,-144.93067385126992,1.6047386758425386,2.5828877953070517,49.19484776380834,3.9293973754130898,16.64280826037763,87.23510464387103,-9.623911402086597,-0.5945032878983653,-283.09781682928985,8.320356567872674,11.343635586729233,-0.22615551045633145,11.492324535448576,13.747264363499847,0.16475556201392041
4.095,0.07735410495894751,-0.5526611766662497,0.2710671871867245,0.1387030758942058,0.9587008500417554,0.6486034413461149,0.3463556823772297,7.701465793133593,1.5470965434030561,0.0,0,SolvedWithSlack,130717,114677,349911,0.9915187782541615,2.7478019859472624e-12,7.807088309164101e-13,1.5953372763820965,-1.8627401527662102,-144.77581390152625,1.5606394974132731,2.5824545758852686,47.78924608982453,-0.410033021594316,8.715130053027696,7.348402942103958,-8.328796419404718,0.13938008456008638,-279.52178969055575,8.843496784691647,12.676331143992078,0.10494469991943399,13.201664693143876,15.864300452066583,0.1183896236565454
4.1,0.07912908498144032,-0.5598040187397878,0.26775727478570777,0.16468289937181516,0.9858132972805688,0.6533874320043591,0.37489740035489083,7.609767922958548,1.6766735823548113,0.0,0,MaxIterations,8134917,90190,8336268,0.0,93.53404302159726,27.45629529834697,1.5840381919376954,-1.8115791756675321,-144.7811109563755,1.522316487751491,2.5840545092975966,46.40353326735242,-3.3454233385738497,13.18487608979035,1.0238871913205672,-7.260438307152598,0.35916872977872455,-275.3064047045106,8.843496784691647,12.676331143992078,0.10494469991943399,13.201664693143876,15.864300452066583,0.1183896236565454
4.105,0.08136922093646154,-0.5676137540666019,0.26423919239415566,0.1951107129600957,1.015088771474946,0.6576497989014836,0.39939234011600977,8.688979539994095,1.829536115771416,0.0,1,SolvedWithSlack,1062898,131518,1304524,1.0,6.074163394487186e-11,5.581313189395587e-12,1.5616800441216119,-1.7214604888271063,-144.74960142291548,1.4887521826896484,2.5859119025898205,45.04173848488986,-5.079077593245003,21.22196927912676,9.872555024730277,-6.36351490974992,0.3747809969710411,-270.34390165352613,3.029732265994049,3.470532236262378,-0.5926578109134703,4.128761707196969,11.169070372038915,-1.7
4.11,0.08373638828462358,-0.5758051513152471,0.26052257754737906,0.2270023743110493,1.0441639949779111,0.6615673391822079,0.42109880125458343,7.820524846963421,1.8619178449615605,0.0,0,SolvedWithSlack,623357,86704,814339,0.9613904692970281,1.2985612585225681e-11,2.2857271630982723e-12,1.5339568489169766,-1.6356870192186463,-144.77624989690855,1.458564153899091,2.587429094056377,43.54115473643719,-5.752697735792095,13.806635810885576,-14.56155840236153,-5.8054097805880875,0.2701659257749303,-319.96871084558757,7.598395194092335,10.703843761145924,0.6019180389332371,11.37127023622917,15.38224750875245,-0.38794868645219627
4.115,0.08602537263835698,-0.5842560542864894,0.2567380054209376,0.2586715023957494,1.0707250585400527,0.6649168039096806,0.4482947780633689,8.433357009325864,1.948479384183474,0.0,1,MaxIterations,8201713,107553,8431016,0.0,121.20348708629331,49.166348995727844,1.5040353177439598,-1.5463972193535613,-144.7806853030838,1.43190773737767,2.5888556608209035,41.91341371684863,-6.095983463493039,20.569825572632595,8.252169836513703,-5.028776646526529,0.2985408287198857,-329.2535054011465,7.598395194092335,10.703843761145924,0.6019180389332371,11.37127023622917,15.38224750875245,-0.38794868645219627
4.12,0.08842557204052211,-0.5927943395467457,0.25202638033820246,0.29173911177638107,1.1029023459630323,0.6693954802986218,0.4640102939200858,9.407752278300203,2.049761427264527,0.0,0,MaxIterations,9522848,104087,9766429,0.0,125.68701148033968,59.43457422061081,1.472266495605328,-1.4267769561771517,-144.6859797933681,1.408917341048418,2.5904688684552806,40.23866319986216,-6.3342307016069705,23.14058455170676,15.822124061699132,-4.297887247288693,0.3891673956358912,-339.0304682390864,7.598395194092335,10.703843761145924,0.6019180389332371,11.37127023622917,15.38224750875245,-0.38794868645219627
4.125,0.09083349638029105,-0.6015720050908749,0.2469743010746835,0.32476434990389874,1.1359504676324614,0.673710969376441,0.480524103540942,9.43760418691207,2.117717244981918,0.0,1,MaxIterations,9804080,107463,10031680,0.0,132.30137845765393,70.211574316321,1.4398123456093537,-1.3072408362632886,-144.59981209460383,1.3894186014303902,2.5924086598198492,38.51329965956875,-6.899801459425365,27.023372788885087,26.495742458038702,-3.6589411750257694,0.3374949714562059,-348.90820339329576,7.598395194092335,10.703843761145924,0.6019180389332371,11.37127023622917,15.38224750875245,-0.38794868645219627
4.13,0.09328071653603347,-0.6103594698911604,0.24109913948516526,0.3584590308751232,1.1735029847680054,0.6788685880890372,0.4878777651382369,9.952740498387238,2.1959694762548065,0.0,0,MaxIterations,9043664,89720,9253580,0.0,137.99400005993124,66.54248608775438,1.4033359647310781,-1.161466617862399,-144.44570659648747,1.3729085380179529,2.5941188348265953,36.739327378813485,-6.827572917129104,26.101387472393718,18.779975942712703,-3.0573423294811986,0.42225006136039467,-358.9504615339677,7.598395194092335,10.703843761145924,0.6019180389332371,11.37127023622917,15.38224750875245,-0.38794868645219627
4.135,0.09572750022096248,-0.619223685344484,0.23467135360736355,0.3920316616035589,1.213452919523515,0.6841606889102069,0.49661662502442644,10.670422723298747,2.286238702964587,0.0,0,MaxIterations,9058431,93346,9269279,0.0,156.45552456548552,100.37696540981361,1.3637593406583737,-1.0035014699044948,-144.28084570608027,1.359138617058269,2.5960957012646193,34.91593092921925,-8.782773233123232,35.457945535002835,42.50849688833309,-2.561358672785385,0.37827748870174843,-368.5250657785121,7.598395194092335,10.703843761145924,0.6019180389332371,11.37127023622917,15.38224750875245,-0.38794868645219627
4.14,0.09810358951009658,-0.6279311023453923,0.22714498065241204,0.42614835751311575,1.2589535792815243,0.6895344624948788,0.4926992156367755,11.528134912749548,2.394003317932211,0.0,0,MaxIterations,9046630,90661,9254512,0.0,190.4244808133558,151.41079202616592,1.310637041120761,-0.7933265547401442,-143.9952799616348,1.3476504022571598,2.597712592247263,33.0438125234871,-12.057904180990816,46.726942996462974,66.9718084063744,-2.1271766320394843,0.27628942705806314,-378.39948344771676,7.598395194092335,10.703843761145924,0.6019180389332371,11.37127023622917,15.38224750875245,-0.38794868645219627
4.1450000000000005,0.10033067954501032,-0.6363514695152052,0.21849199367393102,0.45987118003770217,1.3091783232343404,0.6936044189615499,0.472744313141386,12.108427562516711,2.4977162369543384,0.0,0,MaxIterations,8931131,90792,9130658,0.0,257.7561905056861,227.12318636443894,1.2362290393600224,-0.5192083521587828,-143.584362118269,1.3382862149087456,2.5987801586471933,31.12165173006386,-16.994822256156002,60.58789260966248,92.46731093349067,-1.7010711941479217,0.18670216013342722,-388.46352228555133,7.598395194092335,10.703843761145924,0.6019180389332371,11.37127023622917,15.38224750875245,-0.38794868645219627
4.15,0.10223034707359045,-0.6441631975872535,0.20854653573186296,0.4915442538533829,1.3631128179675025,0.6943738652781288,0.43092549626713766,12.279162146067497,2.59875176567294,0.0,1,MaxIterations,8377285,104147,8593854,0.0,333.61643750518607,328.98356629727334,1.1325944755910078,-0.1692549716970675,-143.0437600129315,1.3310761179793138,2.599761908537371,29.148603961906883,-23.306390853193843,76.28410295794954,118.5113926789663,-1.2728841558728963,0.20988928275685773,-398.78165047057263,7.598395194092335,10.703843761145924,0.6019180389332371,11.37127023622917,15.38224750875245,-0.38794868645219627
4.155,0.10323936116839091,-0.6504778264536083,0.19776924473280597,0.5167372648381158,1.4170530385841575,0.6912815442341637,0.3594185522036191,10.128977389459935,2.0251593669527215,0.0,1,MaxIterations,8451716,115338,8684846,0.0,339.6048550195453,435.9174829552837,1.0057262839877856,0.2441685982942375,-142.3780060281187,1.3209147862019919,2.600406137407403,27.11575457095303,-24.470295468336687,83.84288268473794,142.4260890521652,-3.9775649964046718,-0.04843069846302549,-413.632232367335,7.598395194092335,10.703843761145924,0.6019180389332371,11.37127023622917,15.38224750875245,-0.38794868645219627
4.16,0.10196308363942408,-0.6508391263139779,0.192722070256842,0.5189262501711382,1.451598683747198,0.7027614524555941,0.23779080825728438,5.994956510209497,0.7980259197649308,0.0,1,MaxIterations,8395930,117322,8630654,0.0,328.9614948530582,457.44063446812015,0.8885092638443765,0.6646838373236376,-141.6026582283841,1.2977402042878463,2.5989843090971205,25.003079040968657,-23.07622813338866,84.1297117701022,163.11469065211654,-4.208576275511771,-0.40911492917834014,-427.6441801785835,7.598395194092335,10.703843761145924,0.6019180389332371,11.37127023622917,15.38224750875245,-0.38794868645219627
4.165,0.09902838662584913,-0.6484643290167822,0.19070885030999365,0.5066863475977081,1.4712383756031528,0.7154645514763746,0.06933199504005429,4.738952683527186,0.9625675463241519,0.0,1,MaxIterations,9237830,148591,9499866,0.0,311.57719045374847,463.7565774187645,0.7801230784306241,1.0796905420913414,-140.72991637494113,1.28185477614924,2.596885190896698,22.83184433950813,-20.363894100642955,81.94644235576794,182.14649544795517,-2.551538913780113,-0.38259353119791106,-438.49249159613487,7.598395194092335,10.703843761145924,0.6019180389332371,11.37127023622917,15.38224750875245,-0.38794868645219627
4.17,0.09495519320989845,-0.6449718591002188,0.18916648023324512,0.48537806698541525,1.4845685463576783,0.725792259930806,-0.14442667551548985,5.105328483839041,1.2103150189200913,0.0,1,MaxIterations,9882919,127862,10121099,0.0,280.5875967501012,435.80583948770203,0.6928033497974291,1.480084437458868,-139.75982820275885,1.2728080331379656,2.595488684502425,20.608637089296028,-15.269405109242257,78.87818498221432,202.19408608043923,-1.3766300424354994,-0.2137949953350871,-448.70484760279027,7.598395194092335,10.703843761145924,0.6019180389332371,11.37127023622917,15.38224750875245,-0.38794868645219627
4.175,0.09015367030656729,-0.6408815324187247,0.18724471752347135,0.4575371678368416,1.4963824814585884,0.7337006419465608,-0.40942792747413115,5.82901161241322,1.3814671258549003,0.0,1,MaxIterations,8965035,129144,9207323,0.0,255.17714933454613,539.8217375472782,0.6368749542461322,1.8670996501063415,-138.68269542196145,1.2684107647607283,2.5947630983725523,18.33492725146647,-8.174039170614092,76.54203544461622,224.59292470490635,-0.5916024475529669,-0.10421186950803706,-458.7538309954124,7.598395194092335,10.703843761145924,0.6019180389332371,11.37127023622917,15.38224750875245,-0.38794868645219627
4.18,0.08512862319576092,-0.6364557635239062,0.18463354924739242,0.4258578674172993,1.5096248454487902,0.7395638357003139,-0.6558919362836851,6.3088059213718,1.4580756284028467,0.0,1,MaxIterations,8775407,121980,9008017,0.0,378.920127372718,851.4035456808958,0.6231384878924581,2.245001935829707,-137.4862302150944,1.266961814113604,2.5942771615444205,16.01065147744931,1.168975308452236,75.03248470249216,249.35405311749403,-0.1318425519018081,-0.13054791187073647,-468.9783500704893,7.598395194092335,10.703843761145924,0.6019180389332371,11.37127023622917,15.38224750875245,-0.38794868645219627
4.1850000000000005,0.08058421958872618,-0.6320994737380015,0.18135906751301975,0.39493785859014974,1.5264908239407866,0.7437667553982295,-0.7360158173780007,6.235851675563532,1.3717179658768672,0.0,4,MaxIterations,8921303,166104,9199918,0.0,482.99864017661247,1056.4878393646175,0.6655938651109904,2.610554146836864,-136.1658971663413,1.2657310969078273,2.59255207431959,13.634046363416642,15.887478591474466,67.45206939346672,271.13041570088274,-1.162111999087111,-0.5601915583506704,-479.6508619105172,7.598395194092335,10.703843761145924,0.6019180389332371,11.37127023622917,15.38224750875245,-0.38794868645219627
4.19,0.07553358698591561,-0.6277103995069145,0.17802163701688709,0.37032767798828004,1.5635958613872691,0.7698935181826552,-0.7273605035338908,14.431519943916216,1.7292040089961622,0.0,3,MaxIterations,8970225,183386,9272967,0.0,93.329188877868,287.33327056291046,0.8369331677519489,2.818174408311128,-135.14328198904255,1.2373920404784848,2.5895437793589573,11.204541074359653,47.17139139540778,20.718722696926097,116.47187516072847,-10.354348311129687,-0.5980888410962184,-490.95537764745933,7.598395194092335,10.703843761145924,0.6019180389332371,11.37127023622917,15.38224750875245,-0.38794868645219627
4.195,0.06645918277797755,-0.6218554866711988,0.17612377442878577,0.3379105299314873,1.6248839674415598,0.8383804122193332,-0.70970409605915,20.369218804257496,2.518529336673182,0.0,3,MaxIterations,9344091,173037,9635572,0.0,383.6203671038502,77.25099246463039,1.121397864878491,2.8356934182435087,-134.85877986983255,1.178125540388698,2.5883506650436443,8.720547214404837,61.37431802919797,-4.926983842640702,33.782028408942644,-12.188647573415041,-0.02717152551206528,-500.7938373668508,7.598395194092335,10.703843761145924,0.6019180389332371,11.37127023622917,15.38224750875245,-0.38794868645219627
4.2,0.05421284847708773,-0.616037593568939,0.17593787134975186,0.29146542543254667,1.676761849335153,0.916875894578516,-0.7071855630466902,16.608710156023832,2.569934434329099,0.0,2,MaxIterations,9004690,173107,9288777,0.0,222.67732197427293,72.39984701569887,1.4134548259379067,2.8003375323190043,-134.7657233838841,1.1368299215281972,2.588491812839934,6.189022260993678,50.12348302471639,-7.094173813874203,11.165746465190193,-2.265655268555337,-0.06679298091368119,-509.5914880418476,7.598395194092335,10.703843761145924,0.6019180389332371,11.37127023622917,15.38224750875245,-0.38794868645219627
4.205,0.04469922296978294,-0.6158592742067034,0.17945674133763312,0.2639043107410304,1.6783700318288848,0.9631700754054614,-0.7022147777211328,6.913532435230819,1.9209688609627034,0.0,2,MaxIterations,8887659,190811,9188116,0.0,160.36428103604015,41.62763554258542,1.593153662649075,2.7685759899325615,-134.73256290680328,1.1765134301280729,2.586896214785442,3.618355714579481,27.724102408668823,-5.838010560946672,5.07836473829436,13.439485665824346,-0.8011201788070481,-518.0485680580806,7.598395194092335,10.703843761145924,0.6019180389332371,11.37127023622917,15.38224750875245,-0.38794868645219627
4.21,0.039049505955191535,-0.6212971521197828,0.18649952169876677,0.25928634297780995,1.6377593294088335,0.9774938580569313,-0.6958732110804691,10.360145498349219,2.37964549785192,0.0,2,MaxIterations,9312842,190730,9617988,0.0,112.34499299247652,21.357356680896544,1.6852568289920216,2.74231952785613,-134.7057926822801,1.2706088848714958,2.578022314326827,0.9907640086039726,13.04553802991244,-4.928283705440196,6.0183794940643205,22.169020900424577,-2.1897457003607044,-530.2084940979043,7.598395194092335,10.703843761145924,0.6019180389332371,11.37127023622917,15.38224750875245,-0.38794868645219627
4.215,0.03587688381398583,-0.6290999845757571,0.19555887546479647,0.26457930079404735,1.5763324947276018,0.977791962564721,-0.694477661836676,11.91195064148796,2.423422023437045,0.0,1,SolvedWithSlack,143932,121259,383825,0.9440489803412812,2.1188384380366188e-11,2.119193709404499e-12,1.722984457559703,2.7201260731022767,-134.6706042186001,1.3559382366622015,2.572847379727664,-1.7146328938020305,4.359843178931138,-4.147025911221309,7.791874064506713,14.02915645774008,-0.3701382808375114,-547.9594682989139,-0.0013659003451360063,6.942313428122701,1.604883266580178,-0.7425034860921932,1.861246257747331,-0.8106969948209495
4.22,0.03392911563901182,-0.6363998743508603,0.2046477376331626,0.27110142430076256,1.5139726973508927,0.9793941922777001,-0.6970704036404939,11.999825176452209,2.3347788678570933,0.0,0,MaxIterations,8110541,111241,8340185,0.0,80.56359079322968,15.26163560765631,1.7259184926669828,2.6997673909254294,-134.62039180381277,1.406182534195342,2.571395105709229,-4.543373169726946,-1.572013131203636,-4.022304262671878,11.46767869216436,7.684135548839497,-0.30862424321709303,-577.409393461667,-0.0013659003451360063,6.942313428122701,1.604883266580178,-0.7425034860921932,1.861246257747331,-0.8106969948209495
4.225,0.03265285319594348,-0.6433986025762988,0.2137326194597249,0.2788174936123942,1.4508549943364146,0.9831806296338258,-0.7069989839937841,12.127666805168575,2.287670021175917,0.0,0,MaxIterations,8062771,103094,8279009,0.0,103.55856809816252,13.710716802275435,1.7064110661510674,2.680905720232189,-134.47369878235503,1.4308412340867986,2.5693347600290535,-7.514664338163504,-5.194014157360407,-3.5566910450284652,46.64480616467637,3.3367946108627535,-0.44589565850522733,-605.1776203967258,-0.0013659003451360063,6.942313428122701,1.604883266580178,-0.7425034860921932,1.861246257747331,-0.8106969948209495
4.23,0.03163429822268655,-0.6502073194666762,0.2226507505988798,0.287539071098205,1.3877620965898243,0.9887276754138025,-0.7191815035500982,12.04952610819216,2.238267444159025,0.0,0,MaxIterations,8016303,115688,8244584,0.0,81.48031389816148,13.832197345325955,1.6738491695963116,2.6645223674849623,-134.10804021867892,1.4383117681262445,2.5670134271877347,-10.619007859997053,-7.220562659596275,-3.105975208892384,90.9723691397149,0.41160320932342725,-0.5266343667015584,-631.2665891966035,-0.0013659003451360063,6.942313428122701,1.604883266580178,-0.7425034860921932,1.861246257747331,-0.8106969948209495
4.235,0.030600383572593388,-0.6570214938061997,0.23142681879779128,0.2965107595608015,1.3244900448747372,0.9950743551468052,-0.7318179355356004,12.127544458995159,2.2210688014812052,0.0,0,SolvedWithSlack,624740,114987,850377,0.5842522406999956,1.496669455036681e-11,4.940936548791797e-12,1.6345692659100233,2.650109633699625,-133.51734681604137,1.4343788920207377,2.563610578739403,-13.85182246147942,-8.157181152303682,-2.7373010418423585,136.32693152917565,-1.4485624675129154,-0.727852892590339,-656.5222726143204,0.0008732212825303953,0.2367835325771419,0.3843871285589382,0.3633801926384177,0.6928415823228802,-0.9932288091899925
4.24,0.029334558094073687,-0.6638441790734702,0.23991493277614107,0.30542670318682064,1.2616008459718377,1.0021301447401965,-0.7430151588647387,11.973967178138428,2.182859126867613,0.0,0,MaxIterations,8235087,127030,8477253,0.0,74.6520627882547,14.025884675047815,1.5928512871130478,2.635901448655569,-132.80474042418837,1.4236590184889846,2.5595685539319937,-17.222969055904322,-8.395154542405695,-2.888032762809383,146.7754542726544,-2.543656019977931,-0.9873340926602426,-686.1306702438678,0.0008732212825303953,0.2367835325771419,0.3843871285589382,0.3633801926384177,0.6928415823228802,-0.9932288091899925
4.245,0.027702456265251654,-0.6707852660782311,0.24806004320457753,0.3140502060807009,1.1993145916335484,1.0093202760704854,-0.7541473542446301,11.850264244855456,2.1466070638960617,0.0,0,SolvedWithSlack,637635,112192,861828,0.9515020747049513,7.354117315117037e-11,1.553956963107339e-11,1.5514094602124506,2.6214344707295103,-132.03793383814588,1.4091311721887119,2.552203450676261,-20.74267181569834,-8.179250366203469,-2.878499013772186,157.79806518320123,-3.08178836883273,-1.4687098349015522,-715.3952527149257,1.0373912421493325,3.820832706283708,0.5933632604605188,1.202749747080411,3.012072845639217,-1.6175535269984171
4.25,0.02567876760885724,-0.6778004331251453,0.25578096392102817,0.32222070108569156,1.1378435175519563,1.01656014349173,-0.7618356337941409,11.685449621028534,2.1182890846595313,0.0,0,MaxIterations,8133224,96402,8332520,0.0,60.80010917800019,12.01292693727995,1.5120617057562014,2.60807193415966,-131.19583128559483,1.3919041953110474,2.54540823641038,-24.459394352405067,-7.66811123884389,-2.538506072104668,175.505958205442,-3.726392645053521,-1.5426731757225816,-762.293315962471,1.0373912421493325,3.820832706283708,0.5933632604605188,1.202749747080411,3.012072845639217,-1.6175535269984171
4.255,0.023283641683014326,-0.684947445052273,0.2631613356767134,0.32982304068376705,1.0765182392371955,1.0234863655739885,-0.7663033327638428,11.696823036048647,2.102410211349362,0.0,0,SolvedWithSlack,767710,95320,965634,0.9149447450524446,3.836930773104541e-11,1.460520593354886e-11,1.4746049825137153,2.5963813517987573,-130.26536044766732,1.37345908200289,2.5381477048289387,-28.409210175013214,-7.35358228089814,-2.2069066355652525,193.13656166333013,-3.7341530998953494,-1.2205599903490547,-808.2730417092849,2.280249788058658,3.094212632147245,0.46744944131573185,4.424471332208819,5.788715986506054,-1.5554060665891558
4.26,0.020465998787530557,-0.6923686183079877,0.27019033324971786,0.337375170883842,1.0148002883619207,1.0294882854114424,-0.7662087738291262,11.893073666188151,2.1406081074044288,0.0,0,SolvedWithSlack,357295,93707,553736,0.9999949945321405,2.780087271503362e-11,1.2292389328649733e-12,1.438957228289237,2.5860473138986677,-129.25685018951458,1.3558743556794333,2.5326701690011624,-32.58340355136183,-6.949888414085049,-1.971626601273251,207.40654359312515,-3.3003401044735012,-0.9908497825797457,-852.4072253623611,0.8720280226872257,2.9033195741096702,0.7443724303015916,0.5479112439959897,2.859399690374499,-1.6999914907046387
4.265,0.017217091454804656,-0.699975810780357,0.2768293615742576,0.34459078549078986,0.9527535128075076,1.0348876623883199,-0.7623490691600332,11.709619465611347,2.107329711958436,0.0,0,MaxIterations,8102606,97544,8318845,0.0,67.86136753179102,11.474793982846503,1.4057415008314391,2.5769999419619656,-128.15426737164424,1.3374657131678493,2.5284429817130456,-36.991939929412816,-6.377283616288338,-1.7060613773590396,229.27533384096532,-4.164367869826384,-1.0879621075829282,-901.7822262804806,0.8720280226872257,2.9033195741096702,0.7443724303015916,0.5479112439959897,2.859399690374499,-1.6999914907046387
4.2700000000000005,0.013590031533311411,-0.7075861691670319,0.2830043696806965,0.3507025719917895,0.8914696119624357,1.0401763418056706,-0.7552153626786157,11.601907484667754,2.0761063097544965,0.0,0,SolvedWithSlack,775896,92865,978278,0.9367479208759748,1.3156586931017955e-11,1.028510610012745e-12,1.3752713910025598,2.569280833389667,-126.94215648063314,1.315962609593412,2.5230877496651254,-41.64708919691611,-5.8247597727125555,-1.4404656856348952,251.20001014443187,-4.6095700157752795,-0.8270363212481947,-950.4453007190348,2.0900056639664317,4.372892625070957,0.8846818185312305,4.383871175544144,8.501238711924907,-1.5924714654891572
4.275,0.00951827836135691,-0.715362020558801,0.2887771003618524,0.35601489039899264,0.8299939655388743,1.0448062773613513,-0.7430709585829135,11.864720530750017,2.129847641073462,0.0,0,SolvedWithSlack,370119,89589,562082,0.9999991294698233,3.225864020350855e-12,5.329070518200751e-13,1.3473724199451882,2.563062772651191,-125.60678670035077,1.294452310823601,2.5202890331674204,-46.534413002593496,-5.507269739551594,-1.1158657184829261,277.6072767273963,-3.7133821538632255,-0.28438793976822613,-995.0276845375577,1.179585959038143,4.535289228165242,0.9958676567549791,0.7959945100989746,0.7724116824637011,-1.6999985200986996
4.28,0.00499613616493522,-0.723401550634468,0.29402266642637775,0.36170804599635065,0.7680907477958059,1.0485474161198334,-0.7275863720848984,11.670950894157096,2.108782991060812,0.0,0,SolvedWithSlack,389115,87715,579194,0.9999917277845964,7.617018127348274e-12,3.327116360196669e-12,1.3221297557806841,2.5582311080355327,-124.13104162526706,1.2737435234758565,2.514943690315542,-51.66071637662078,-4.860433082088696,-0.875727330165637,306.8033283140114,-4.064300709546156,-1.7327970873863598,-1045.2882114847207,0.9096226592530903,8.22287668255027,1.6999688180716634,-0.3714076124910294,5.090485616730582,-1.699985937233814
4.285,0.00016731425911817787,-0.7313487807040616,0.298657296312553,0.3664618705006159,0.7075077067261013,1.052178454127454,-0.7083899439502588,11.31709580542353,2.055848238658261,0.0,0,SolvedWithSlack,1725389,86613,1915449,0.99982264317209,1.4210854715202004e-14,3.552713678800501e-15,1.3011264005468148,2.555168380040983,-122.44802196700446,1.2487225427063928,2.508650449110194,-57.03388784836296,-3.7262743913652008,-0.4585802087772095,356.46928441376684,-5.752033974566354,-1.337033415363402,-1094.7179991350567,0.20986426485383167,5.625517585731775,1.699698493392553,-0.622365598830797,7.033085830881995,-1.2801220516479423
4.29,-0.005016261537908277,-0.7390072614149157,0.30303897436086175,0.36697676992566597,0.6481618990332172,1.0555720547675937,-0.6804936238246653,11.141677989885427,2.0450292616771533,0.0,2,SolvedWithSlack,129986,95430,326156,0.9999999993654971,5.229594535194337e-12,1.8349766151004587e-12,1.2861125158158726,2.55341402364213,-120.51718080781494,1.2124579009932865,2.5148107754412816,-62.610349520894054,-2.5257863224342807,-0.2705402866225731,405.9436875830896,-8.328656315413909,1.708754799926256,-1130.3218551623484,-0.7033757207979363,5.735611843410304,1.699999998921345,-1.0256393976582454,5.894988773186549,0.2332410838901067
4.295,-0.010566039083686769,-0.74651115161124,0.3071094203590416,0.36541592308319654,0.5902575026217559,1.0576777623664801,-0.6456946010901058,10.793611500470757,2.041978093123132,0.0,2,MaxIterations,8183569,154933,8462435,0.0,57.71356159043999,10.683589705026252,1.2704569621625252,2.5535570103370646,-118.34243813989168,1.1822918099084245,2.5199690567700808,-68.23435671451993,-4.795828311232178,0.45749768424201753,453.5523787956464,-1.3615187877696866,-0.3790771607104435,-1119.2501425427201,-0.7033757207979363,5.735611843410304,1.699999998921345,-1.0256393976582454,5.894988773186549,0.2332410838901067
4.3,-0.016499604323970123,-0.7538863943563289,0.31143684905886315,0.3739149222827523,0.5343650493182877,1.0489744693302352,-0.627040554602678,11.225441965736962,2.107206219220035,0.0,2,MaxIterations,8027795,151115,8298686,0.0,97.44820850534347,14.487380217243802,1.2344764711537652,2.557453508963359,-115.93518259006028,1.2025996190258474,2.5141875174905417,-73.7912377211939,-8.24918593300461,0.8537141933228617,500.3540321544321,6.223886691436979,-1.0591406070833236,-1106.850578414256,-0.7033757207979363,5.735611843410304,1.699999998921345,-1.0256393976582454,5.894988773186549,0.2332410838901067
4.305,-0.022975838063009187,-0.7610219498570152,0.3159704958517378,0.3863766604928314,0.47771106145398096,1.035218974911092,-0.6168000324045819,11.493612952949345,2.1337078304047585,0.0,2,MaxIterations,8009781,172356,8286454,0.0,117.21558800167156,15.87422030684123,1.1909926014968586,2.5616098310307347,-113.28881428237162,1.239014382480378,2.5096809204753883,-79.30008608737992,-8.780402790300526,0.7854372204925942,548.7135918429053,7.518352478562697,-0.08872119636814779,-1098.1606853665442,-0.7033757207979363,5.735611843410304,1.699999998921345,-1.0256393976582454,5.894988773186549,0.2332410838901067
4.3100000000000005,-0.029983450327881443,-0.7678211170843257,0.32043623224382123,0.3974755140016731,0.4207161652182441,1.020774509807427,-0.6070812858815724,11.176338209053764,2.1111111152684687,0.0,2,SolvedWithSlack,301570,177114,583362,0.9999990384793391,4.050093593832571e-12,9.450218385609332e-13,1.1498997068292678,2.5643760745796307,-110.3992842390589,1.272584900305478,2.5122321560364247,-84.77008768175237,-7.545736353339659,0.37593731608123027,597.277790520009,5.813479909452499,1.0207319976889517,-1091.106342379292,-0.11007327591923428,9.79418635991921,1.69999261454809,-2.3849001069806284,2.6324257860083793,-1.6999983654148765
4.315,-0.037046916850727474,-0.7734936936375089,0.32454911772813505,0.40251037442191656,0.36910430748003525,1.0078194264040041,-0.5939881728818138,9.762274207628588,1.9285325203936206,0.0,1,MaxIterations,8324685,164110,8602871,0.0,150.1627727152167,9.631155152182615,1.11886796506012,2.566373206815732,-107.26506656125308,1.2934222471781285,2.5165302347861154,-90.37569737047309,-5.222672369802562,0.4559178508019225,646.6650397650012,3.2368781061118144,0.8511464800124666,-1140.8512956012976,-0.11007327591923428,9.79418635991921,1.69999261454809,-2.3849001069806284,2.6324257860083793,-1.6999983654148765
4.32,-0.04409375726060926,-0.7780760502824058,0.32824895552579153,0.40172897879346825,0.3233393765304662,0.9967911065055252,-0.5755406519014075,8.781989540995234,1.8034313134698179,0.0,0,SolvedWithSlack,154712,102013,368436,0.9999998058801378,2.0179413695586845e-12,1.0219602941674566e-12,1.0985869793787435,2.568316410269892,-103.88376810994089,1.3038304626805937,2.519683024804271,-96.22922660252925,-3.555821568113567,0.32005814988248854,695.7663726328644,1.4654704094638937,0.49022076689017463,-1190.5374724068909,-0.029546626454909297,8.741777258840761,1.6999996699962343,-1.982142760603412,1.3680303995182512,0.4357638695207301
4.325,-0.051094404978308305,-0.7818510219137101,0.33156139115056815,0.39708272443771536,0.2814550415171885,0.9871650693825442,-0.552808123164075,8.134998080741768,1.6995036588581698,0.0,1,SolvedWithSlack,2773079,123102,3009715,0.8713887411153806,2.842170943040401e-14,5.329070518200751e-15,1.0853842767081519,2.569921232412498,-100.25716960111922,1.3058716774719394,2.5205763632836113,-102.14844138673357,-1.8841068747442438,0.33176741944210836,745.2306347640229,-0.08382379147672589,-0.15812099977122296,-1179.349028441584,-0.23301992271677424,8.37543555993149,1.481360859896147,-2.1917913858217752,1.2986249964606915,1.2993646340143892
4.33,-0.058064568834863016,-0.7849881067960779,0.33443979379649125,0.38950009519860085,0.24276393887027273,0.9793658400394151,-0.5255408449649464,7.4652831318030355,1.5961340513323619,0.0,1,MaxIterations,8237591,136518,8486982,0.0,122.92614955761256,5.231940974238086,1.0790527555978386,2.5708812161083534,-96.40393520740784,1.3021977013222674,2.519882064189225,-107.93407322794043,-0.9916253293076673,0.16698886756040085,787.4683152012803,-0.9731460912265162,-0.30282881707317455,-1142.2376882665928,-0.23301992271677424,8.37543555993149,1.481360859896147,-2.1917913858217752,1.2986249964606915,1.2993646340143892
4.335,-0.06489209256866312,-0.7873848369704418,0.3369503870647271,0.37951135287315946,0.2088405673798303,0.9715102887926625,-0.49615790585732017,6.727376842235191,1.5083664767830645,0.0,0,MaxIterations,8154534,116250,8383226,0.0,73.19872201050956,6.127993196697531,1.0779922731089928,2.5721658828856975,-92.3377764141431,1.2966420292197902,2.518748698811135,-113.53110439873187,0.21303558483538027,0.1969657790951286,830.2936658893258,-1.2436554542083091,-0.5565604268603259,-1104.7110387335779,-0.23301992271677424,8.37543555993149,1.481360859896147,-2.1917913858217752,1.2986249964606915,1.2993646340143892
4.34,-0.07161291633085684,-0.7892419968764556,0.3391487002323007,0.36777482280267154,0.17801226038935958,0.9639997767275353,-0.46522591860063167,6.39189834632118,1.438103737936293,0.0,1,SolvedWithSlack,799140,105429,1015929,0.9364776263351577,1.950972716713295e-11,4.784617146924575e-12,1.0811621689880393,2.5728548362870267,-88.05913561813153,1.288294321505102,2.5172028327739744,-118.94196653891719,1.3768296476872255,0.17798914931037194,873.0965881650648,-2.4521733070354004,-0.4955548651458417,-1067.8743341804634,-0.779528534177305,8.409898737067676,1.5920119647697681,-2.9748922544542604,3.6828269916344754,0.07517492292825743
4.345,-0.0783039182540982,-0.7905524389550719,0.34108037565678023,0.35305812618086835,0.14966383832978886,0.9576947069867424,-0.42854550806867403,6.183538774044547,1.3939419313779164,0.0,0,MaxIterations,8067530,122571,8293156,0.0,69.56259397385767,4.80555674302758,1.0897508985145539,2.5732098847016878,-83.55695060674115,1.2740925244382553,2.5162524372347246,-124.27400126372521,1.6185930186407558,0.0813010160083318,918.4315768814259,-2.984283927664391,-0.04012605774061866,-1065.3784183936823,-0.779528534177305,8.409898737067676,1.5920119647697681,-2.9748922544542604,3.6828269916344754,0.07517492292825743
4.3500000000000005,-0.0850002365593968,-0.7913262365422712,0.34290338228160905,0.336700612003948,0.1237397220947314,0.9507263769617238,-0.38927933786400104,5.948107425039801,1.3775630455771786,0.0,0,SolvedWithSlack,482521,119847,705953,0.9999702325830699,9.254819133275305e-12,2.41051623106614e-12,1.1009248306252115,2.574034248319489,-78.82647809051115,1.25798688560704,2.51599776652378,-129.5936999629815,2.4376090342099217,0.04961980037893822,964.2149871979782,-3.6009271055145398,0.17264012923903038,-1063.0258398483975,0.3076108164094999,4.878410132925475,-0.03994765322078336,-0.30871721227362847,3.1483441416683564,-1.6999493953912188
4.355,-0.09166907748662531,-0.7917113065213961,0.34449786145166233,0.3188544952313636,0.09959941794459524,0.9437776490072577,-0.34658629613351477,5.9623912613750685,1.3820600132178107,0.0,1,SolvedWithSlack,384847,125337,613699,0.9999953987412383,9.903189379656396e-13,3.2507330161024584e-13,1.1140810635740623,2.573696015743312,-74.00916514911476,1.238424808520685,2.5144941812184336,-135.05810681532478,2.8864740962559523,-0.15416651100177337,963.0989086592882,-3.722698821532716,-0.2097700857509252,-1112.0040960954818,-0.9837808025953728,7.079126504572865,0.02961366689845167,-2.7645525310424035,2.487823357486861,-1.699992177860105
4.36,-0.09833275059783178,-0.7918270309165726,0.34587957962038285,0.3002645279201305,0.07692932347112577,0.9364819671891336,-0.30238153957424796,5.868734023601218,1.3622844502340745,0.0,1,MaxIterations,8279600,135296,8527258,0.0,102.65588878827639,5.66238832100764,1.127218159320708,2.5725722639292554,-69.19411774648931,1.217404862554616,2.511984240802595,-140.76667146495328,2.65099833324412,-0.10944136393619622,963.3264274173273,-4.057684088139988,-0.4851322362762982,-1160.8598982041162,-0.9837808025953728,7.079126504572865,0.02961366689845167,-2.7645525310424035,2.487823357486861,-1.699992177860105
4.365,-0.10492678535993426,-0.7915568907363486,0.3471348054864738,0.2802466972072875,0.05665605086722724,0.9287322363957975,-0.25499455236409746,5.735886101856292,1.3358717897517085,0.0,0,SolvedWithSlack,316568,106682,534480,0.9999999613089884,4.1744385725905886e-13,2.930988785010413e-14,1.141133371966892,2.571321424952998,-64.3766945082221,1.1921855514994506,2.5093376455309753,-146.7204175309607,2.4672628619086856,-0.23858048180385893,963.4440243042094,-5.0994116239101865,-0.1772453356160435,-1209.8367295129772,-1.2602758225371735,7.120948707449255,1.6999999342252803,-2.7517227578772943,1.2363303452074081,0.8254924740309241
4.37,-0.11161559832229245,-0.7908656394081474,0.3484221208544518,0.2585761161567248,0.037685279233409315,0.9201720723621142,-0.2057142035054399,5.846738560187735,1.372684794055363,0.0,0,SolvedWithSlack,152548,95099,351354,0.9999999021952236,1.1660006293823244e-11,1.0453859999870474e-12,1.1555202567624019,2.570602644910599,-59.412017154520036,1.1639202132201973,2.510383106897948,-152.69842873343063,2.8002624658503574,-0.23604840816776118,1012.1811942493363,-5.830657543919508,0.39616929764526443,-1186.0600271560336,-2.36113347649184,4.820997010897539,1.1877136557334744,-3.7692829461439006,0.3581047340967006,1.69999983373188
4.375,-0.11827936943168808,-0.7898225554979498,0.349546884884312,0.23526091489550677,0.020175162857063007,0.9115645849849411,-0.1535698591976535,5.932810457686877,1.3673655917824887,0.0,0,MaxIterations,8025630,116700,8251316,0.0,99.52118937686205,3.5813745906581005,1.1712949764351568,2.56954491841552,-54.24900280770741,1.1303971436270344,2.511636736379276,-158.48589868514506,3.2688310302589216,-0.317849441445723,1046.0629021806508,-7.001391987779656,-0.09543257018804531,-1138.5097393477092,-2.36113347649184,4.820997010897539,1.1877136557334744,-3.7692829461439006,0.3581047340967006,1.69999983373188
4.38,-0.12480627557319426,-0.7885147826276233,0.35045230036381664,0.21155864022182008,0.004578838636608978,0.9027987300555548,-0.10070206706589481,5.722695109260611,1.3451912518489926,0.0,0,MaxIterations,8140748,100751,8354632,0.0,65.83538416703516,3.5981867329887933,1.185631994073713,2.568274981155058,-48.91924040015644,1.0966100116290078,2.511181431732871,-164.03018759500912,3.1359077587271296,-0.21162038477507872,1079.6162688845236,-6.844827146419942,-0.4238154804558479,-1089.5489343234792,-2.36113347649184,4.820997010897539,1.1877136557334744,-3.7692829461439006,0.3581047340967006,1.69999983373188
4.385,-0.13120610872728686,-0.786940286486539,0.3511655500690101,0.18751557258305793,-0.008897531494487718,0.8935816835313858,-0.048398735190075474,5.725060641238714,1.3245558218836548,0.0,1,SolvedWithSlack,596747,103215,810391,0.2905819112301548,1.7614354419492884e-10,3.0379254667423083e-11,1.1993643440313217,2.566760004469429,-43.42216774595793,1.0607396515918521,2.510140377371086,-169.33175688908955,3.19722139972962,-0.22648041612436234,1113.2275462027724,-7.999224359356735,-0.4510973915536042,-1041.5871060334127,-3.1827212414855235,4.649310579682477,0.019542661981781888,-4.610321740377958,1.4404542914812486,-0.212879681745513
4.39,-0.13755333883788382,-0.7850654713899299,0.3517839754298254,0.16155617215377172,-0.02041930428030333,0.8840640725103092,0.006116232527859412,5.9362585643065255,1.3316327774502021,0.0,1,MaxIterations,8252850,146667,8503503,0.0,65.72409911565654,4.839155880612282,1.2122751807934427,2.5648482538680817,-37.85903855724331,1.0164051933496914,2.512613843030195,-174.55670812787957,2.390159193388732,-0.2588416877464125,1112.5342256760316,-9.335269550095248,0.8794126922108241,-1047.247350084242,-3.1827212414855235,4.649310579682477,0.019542661981781888,-4.610321740377958,1.4404542914812486,-0.212879681745513
4.3950000000000005,-0.14382725954395922,-0.782946444716787,0.35239861769106207,0.1352385924787444,-0.029230372626866112,0.87283559649445,0.055585718069217784,5.7328852190207655,1.3103333834026614,0.0,0,MaxIterations,8347649,103505,8576762,0.0,105.02179268270285,4.415983396463943,1.2211151732424965,2.563180312016818,-32.29926119241759,0.9717736592534818,2.5156728907068526,-179.80947055482758,1.2250514902569432,-0.2668768825469201,1111.5982854644294,-8.752421857599991,0.6691565893322192,-1052.6505851589511,-3.1827212414855235,4.649310579682477,0.019542661981781888,-4.610321740377958,1.4404542914812486,-0.212879681745513
4.4,-0.14996167813245564,-0.7805985593845876,0.35291786757086735,0.10859171859983076,-0.035631377754356285,0.8607257063703375,0.103892562580325,5.852425587486769,1.3118587194479054,0.0,0,SolvedWithSlack,146657,133392,391108,0.6729425627572512,1.7621459846850485e-11,3.0970781494943367e-12,1.2271427104383008,2.5613647070746404,-26.741846751084076,0.9216082728738596,2.5170745443758515,-185.09770786976637,0.5541609057032224,-0.4084607649405519,1110.996137726781,-10.306334428012875,0.2881257799138626,-1060.3335262833837,-1.303872258522801,8.515882177053397,-0.7299640545247634,-1.9453802763105597,5.853607169258983,-1.144002356687327
4.405,-0.15599691319291104,-0.7780638180273546,0.3533146109599994,0.08147378535019302,-0.04012923273494036,0.8477826564716857,0.15087609489216072,5.970286359568286,1.3083079143948655,0.0,0,SolvedWithSlack,154212,98957,363146,1.0,2.079048044834053e-11,1.184385922670117e-12,1.2305626299870733,2.560227180301517,-21.249763218285494,0.8685622911880265,2.5188506166796247,-190.49707421267698,0.06117464394511396,-0.24357125572554988,1089.4456443522763,-10.297556396553434,0.4114059021333725,-1092.6337631346141,-3.5649992503368173,4.71551571692444,-1.047521506467658,-4.117874403886015,1.7081786895203463,1.7
4.41,-0.16193783816153914,-0.7754708766551164,0.35355331369594095,0.05474951046517254,-0.04322248609050558,0.8339322773812727,0.19345868762649435,5.939850375553257,1.2907057111906866,0.0,0,MaxIterations,8178560,97925,8379629,0.0,92.31436960616816,6.3395014505314435,1.229106113357152,2.559250662372126,-15.895237567426777,0.8130649038095228,2.5205597871617273,-195.81733898991203,-0.8844398577869217,-0.33034785143098055,1058.1208012308682,-11.399370582090325,0.1379093482152615,-1045.0331104228878,-3.5649992503368173,4.71551571692444,-1.047521506467658,-4.117874403886015,1.7081786895203463,1.7
4.415,-0.1677510720047603,-0.7728905910735048,0.35368178167040204,0.028827868107313394,-0.045169302805040674,0.8196488897605269,0.23126791692974313,5.845698402862549,1.2666404890939322,0.0,0,MaxIterations,8238903,104818,8455894,0.0,42.7375116280184,7.1386085788331854,1.2208747059659226,2.5579987120323393,-10.698462676690937,0.7541171337079675,2.5217669245539995,-200.8973710426376,-1.8174984399754162,-0.2898741359193966,1026.9415829738255,-12.47321700564284,0.05921696488897016,-997.2050373233737,-3.5649992503368173,4.71551571692444,-1.047521506467658,-4.117874403886015,1.7081786895203463,1.7
4.42,-0.1734370850528548,-0.7703240156175484,0.3537133496831957,0.003699240913346489,-0.045773721892193614,0.8046909105256105,0.2643674278232876,5.689262984017121,1.2388224813065072,0.0,1,SolvedWithSlack,809419,117111,1037980,0.97985255754513,3.4990677022506134e-11,9.309886195296713e-12,1.2057602863320664,2.556528676178752,-5.659533091251326,0.6915735679126345,2.5226451426160805,-205.73711233314208,-3.1780214232221957,-0.21094581593017753,995.538148177995,-13.089296966191547,0.23468812265221528,-948.8084432675715,-2.5262699031192595,3.8580713484384788,0.03966097796430523,-4.797728568754142,-2.376386160355896,-1.665749347826721
4.425,-0.17891822240645505,-0.7676171296062894,0.3535935052614631,-0.0212434782632514,-0.044306659186679705,0.7892715399775109,0.2977016226328743,5.839428340944589,1.2159673467997274,0.0,1,MaxIterations,8304257,158840,8575039,0.0,112.03170696996966,9.192169523156963,1.1877155958131738,2.554671899914362,-0.6827049421063986,0.6250823750459004,2.517204519882775,-210.63082426272928,-3.7180386318525915,-0.29340612502972774,995.5204313564392,-12.521994492969911,-1.0495413829436546,-996.7682957650956,-2.5262699031192595,3.8580713484384788,0.03966097796430523,-4.797728568754142,-2.376386160355896,-1.665749347826721
4.43,-0.18408243368545174,-0.7645253486734889,0.3532343053454428,-0.04717120038615876,-0.03895087691563796,0.7722860534715755,0.3270630477301603,6.321939484545162,1.1997422401659172,0.0,0,SolvedWithSlack,143351,124686,391009,1.0,5.31734656306071e-11,5.241140854650439e-12,1.1705277154621614,2.5526088690831514,4.2963981161732665,0.5653511510092825,2.5085449208697606,-215.7555572948563,-3.8135761192526196,-0.4843267258912483,995.6741583312735,-11.69177495389791,-2.0053611641459756,-1043.8931693619065,-5.435475714963998,-1.4401875345249469,0.03968214462276769,-6.014753443543828,-2.4870121648063708,1.7
4.4350000000000005,-0.18906285289780556,-0.7611638739337321,0.35271799503457846,-0.07399884671332158,-0.03107466967363038,0.753860785058629,0.3534458307920866,6.656714002801001,1.2039163062372324,0.0,0,SolvedWithSlack,377312,93697,617155,1.0,1.368505309073953e-11,3.9896974612929625e-12,1.1505975156766206,2.5483319544095644,9.273846850246215,0.5001652878135737,2.49939611680501,-220.83321276940882,-4.407083215251849,-1.6576735587816431,994.638424844805,-13.439980347278764,-2.4846837584713763,-997.0474713960433,-4.216293255013015,-2.450470743059628,-1.7,-5.680688637292098,-5.129305419293219,1.0130160823343863
4.44,-0.19391796280312434,-0.7576844148869845,0.3520488275250244,-0.10088270602380416,-0.02168387475194707,0.7349202605150895,0.37389389418376767,6.800894976716352,1.1952071242971494,0.0,0,SolvedWithSlack,837172,92295,1034624,0.9999999999956088,2.2016166667526704e-10,5.228351085406757e-11,1.1254452812011015,2.53834945197105,14.095101675011511,0.42920809367049545,2.485643468160593,-225.73524954911298,-5.019653922569953,-2.6452558012093825,943.8801748627485,-14.827816214776242,-3.883172534120125,-970.3269076428393,-3.4059702697934715,3.998291412708881,-1.6089922743257246,-7.069015548809171,-7.019434085466536,-1.699999999992535
4.445,-0.19842743527268492,-0.7539090720864738,0.35125436615349576,-0.12805334225741574,-0.009736257403199852,0.7160504657427725,0.39686855596924114,7.0791249280427495,1.1816767507425066,0.0,1,MaxIterations,8051289,138532,8293427,0.0,72.01675526539327,28.36169665951418,1.0958572385142127,2.5259304286927327,18.67110390164104,0.35090421724093873,2.45759132904284,-230.7444591322334,-6.142769853800881,-1.9702212230147196,896.7321699125612,-16.710855949804913,-6.505673234812578,-1022.8925561531162,-3.4059702697934715,3.998291412708881,-1.6089922743257246,-7.069015548809171,-7.019434085466536,-1.699999999992535
4.45,-0.20234596575303349,-0.749779344151672,0.35046196575411115,-0.15448167316565228,0.004634783176807209,0.6982940031473487,0.42781881646598596,6.626203112954915,1.1331251486624896,0.0,1,SolvedWithSlack,464587,107403,676137,0.9952975233169942,8.844036614163997e-11,1.8424373138259398e-11,1.0591204347766865,2.5164816878139162,23.01133450589576,0.28524061944738727,2.403233851838817,-236.0093838845272,-8.287241072675474,-1.752821366421296,848.8209245242685,-11.712702918727466,-12.345850725332419,-1072.5436547077727,-3.273994912167542,3.0482400489006864,-1.0882849572809374,-3.5621300626176837,6.680734952399342,1.69200578963889
4.455,-0.20572940681117047,-0.7456784173675887,0.3497702337114899,-0.1782657935159453,0.020996636650066257,0.6807960522375771,0.4629587082363991,6.454120058060294,0.9574898412601043,0.0,3,SolvedWithSlack,383023,105860,592479,1.0,8.476774837617995e-12,1.1636802632608578e-12,1.036502427089729,2.509979687378183,27.18141258498984,0.22577306590228882,2.3492074450860096,-241.21815946969534,0.6309016547534827,-1.3947893295902254,826.4356215693382,-12.075040403000052,-8.846661012414664,-1020.2763756576958,-4.161786150686214,4.130572500718778,-1.7,-7.023730735316653,-2.4908680550296847,1.7
4.46,-0.20802316603224041,-0.7426355648655455,0.34977818021033596,-0.19428544375620083,0.04515416867688987,0.6619052338712574,0.5036120973419497,7.243175767666979,0.6638992643886135,0.0,2,SolvedWithSlack,572441,140365,816843,0.999999940947394,3.7971403799019754e-11,6.394884621840902e-12,1.0605261935293426,2.504622446021362,31.185960096933904,0.1563151179824822,2.3073817647458057,-246.17605905489873,6.511401247767307,-0.2811615339047115,783.3472629707187,-14.81289289579156,-8.511291779325777,-972.6470760236989,-6.758359738861871,-2.042495865112833,-0.05963241824261067,-8.141276069404666,-3.255805477253718,1.6999998996105696
4.465,-0.20949663367208826,-0.7400062002220414,0.3502042398456157,-0.20746194610791663,0.07567078094438219,0.6411476639767427,0.5482154973074072,7.770502351915744,0.6104610302529033,0.0,1,SolvedWithSlack,151045,123102,376992,0.9741849738624383,1.6562751170567935e-11,4.4213521732672234e-12,1.099693293868,2.500564448656893,35.10012785154697,0.0787780260924754,2.2661399083684763,-250.8936956215182,8.912152821763117,-1.7001145980726642,782.3067308489534,-14.997989296533458,-9.889741525739625,-925.1014040218403,-9.6256914541393,-5.1426314412018295,-1.6561144555661451,-7.305988861681853,3.4023692074338516,0.999361105396366
4.47,-0.21098309479171312,-0.7375154945777466,0.3506620625226178,-0.22048221254675382,0.10647137689341168,0.6199573125826707,0.5891733569721543,7.959758459693486,0.5400886551843683,0.0,1,MaxIterations,8004301,121890,8238673,0.0,109.74035253244804,26.10896676074938,1.1406156640719092,2.4937236617282177,38.86766636253795,-0.0017812008977909702,2.2283047099385667,-255.4274455519739,7.818832483674604,-1.5262531415319902,733.942422902792,-17.378959234280238,-5.617744291982454,-894.5704374058349,-9.6256914541393,-5.1426314412018295,-1.6561144555661451,-7.305988861681853,3.4023692074338516,0.999361105396366
4.4750000000000005,-0.21252551541717518,-0.7358180156020561,0.3511835968840464,-0.22941772853468054,0.13811370016246347,0.5936461174430453,0.6112873517679321,8.507485593646479,0.4313194448147088,0.0,0,SolvedWithSlack,302562,115578,529079,1.0,1.5401013797600172e-10,2.843947299879801e-11,1.1764084283889655,2.4822815855782885,42.38819465640568,-0.09585539100534067,2.2070713694883173,-259.81498351282943,6.524869912448089,-2.2796927441594215,684.5549557815295,-19.66698901213222,-2.652145155775318,-865.3101633599045,-6.10122965273751,-5.662311710247162,-0.16894512255465075,-6.921613565605558,-7.028628220016483,1.7
4.48,-0.21400507346474174,-0.7346702406311929,0.3516008610948341,-0.23531361201015213,0.17088495198327341,0.5640634823033842,0.6213764597521749,8.879192236705126,0.36521965880224083,0.0,0,SolvedWithSlack,887036,72176,1062237,0.41444480135733613,2.490949668754183e-10,4.3804959659610176e-11,1.2101562109592277,2.466949096046686,45.79231882666142,-0.1975134414886831,2.1866828329335757,-264.0045871574024,6.913980073456333,-4.172472402288343,677.749174980269,-20.503020197995966,-5.777216932594657,-820.1631404855497,-3.737429430994397,0.08819229835008802,-0.6485007467757722,-6.631116821717378,-3.0847429650613174,0.0533848846702929
4.485,-0.2151387414526343,-0.7335309006574579,0.3516838716421395,-0.24111283989673368,0.20732360344812248,0.5337136430055405,0.6248367427394833,9.949313937704426,0.2798991367016329,0.0,0,SolvedWithSlack,714910,80532,901353,0.9999999999931615,6.535572083521402e-11,1.2512657576735364e-11,1.2434615927068549,2.446260632992861,49.12071861735491,-0.3070704522993627,2.1578586005918456,-268.10415769689524,6.4883243367315115,-3.6284830459496704,658.1057240520842,-23.153195676886252,-5.693857603627381,-819.9672889904742,-4.373708869866087,-3.610855139719308,0.39093653150039287,-6.797209376676489,-2.887981210368915,1.6999999999883744
4.49,-0.2156623323017123,-0.7325369016599451,0.35127694993825115,-0.24613091178620417,0.24980070736321386,0.5004180619795621,0.6212181896371267,10.89933624551243,0.21531940048369022,0.0,0,MaxIterations,8926642,87866,9117012,0.0,122.36516948194244,65.62029690101767,1.2764902032286018,2.4255913281969765,52.43995760134217,-0.4278374854232343,2.124365349826677,-272.0652356327143,5.819620565170901,-4.603344680865938,667.080686315215,-24.157201126544066,-6.972899128783337,-773.0431005026066,-4.373708869866087,-3.610855139719308,0.39093653150039287,-6.797209376676489,-2.887981210368915,1.6999999999883744
4.495,-0.21617142241529383,-0.732221508863792,0.35070868214555817,-0.24751574771311477,0.2927498330875294,0.46564744762656207,0.5992754717697242,10.975529744475898,0.1636573992062085,0.0,0,MaxIterations,9059123,99078,9274570,0.0,134.6339768201819,80.5637701010361,1.2974040565006215,2.402361759218008,55.80136565874667,-0.5508479921377972,2.088940580330615,-275.7878089264093,3.2383172317706803,-4.324185126283059,676.2160803918039,-24.866077641459615,-7.759286551436314,-726.0587282078814,-4.373708869866087,-3.610855139719308,0.39093653150039287,-6.797209376676489,-2.887981210368915,1.6999999999883744
