time_s,root_x_m,root_y_m,root_z_m,roll_rad,pitch_rad,yaw_rad,virtual_pitch_rad,angular_speed_radps,linear_speed_mps,force_x_n,contacts,status,controller_step_ns,plant_step_ns,loop_ns,torque_utilization,dynamics_residual,contact_residual,q_left_hip,q_left_knee,q_left_wheel,q_right_hip,q_right_knee,q_right_wheel,v_left_hip,v_left_knee,v_left_wheel,v_right_hip,v_right_knee,v_right_wheel,tau_left_hip,tau_left_knee,tau_left_wheel,tau_right_hip,tau_right_knee,tau_right_wheel
0.0,0.014799506307338641,0.0,0.5393262157295499,0.0,0.0,0.0,-2.0419989583692627e-06,0.0,0.0,0.0,4,Solved,149633,112612,441304,0.06454776851999044,1.3500311979441904e-12,7.620640229966114e-14,0.3629274758349686,-0.6411483720759341,0.0,-0.36292747583496926,0.641148372075935,0.0,0.0,0.0,0.0,0.0,0.0,0.0,0.15687589906713884,1.032758155254713,0.0007258474396930467,-0.15687431965188647,-1.0327642963198471,-0.0007258610950101203
0.005,0.014799560029226739,4.000978036813937e-13,0.5393259379290672,-6.675727421789372e-13,-2.722233643366026e-07,-3.6318495465620846e-12,-4.70529953673651e-06,9.249904574449654e-05,9.612396155311753e-05,0.0,4,NumericalOrInvalid,164100,81745,363096,0.06562778454291707,5.670452907224899e-08,6.076907639113649e-08,0.362921579829485,-0.641132871156275,2.8856371215413487e-05,-0.3629215797329214,0.6411328708875647,-2.885679079000324e-05,-0.0015628082995723506,0.004270158283765526,0.008340062447866177,0.001562834742096856,-0.0042702316639178905,-0.008340177634675868,0.15687589906713884,1.032758155254713,0.0007258474396930467,-0.15687431965188647,-1.0327642963198471,-0.0007258610950101203
0.01,0.01479963631715271,1.315840995673406e-12,0.5393254275917915,-2.2666369603244374e-12,-7.72277905404754e-07,-8.447742255382816e-12,-1.0656063206631619e-05,9.616451331665423e-05,9.845392105785348e-05,0.0,4,NumericalOrInvalid,147749,79400,328992,0.06894745898733694,5.012492309456856e-07,8.755689778051683e-08,0.36291407044368756,-0.6411098292269125,7.974298606091087e-05,-0.36291407020944777,0.6411098285733356,-7.974402584858013e-05,-0.001349642178416769,0.004585825702727838,0.011050658253751856,0.0013496686491896647,-0.004585900469783041,-0.01105078170851253,0.15687589906713884,1.032758155254713,0.0007258474396930467,-0.15687431965188647,-1.0327642963198471,-0.0007258610950101203
0.015,0.014799649669964,2.3172367061463034e-12,0.5393250374669951,-4.062546588542258e-12,-1.163669050394922e-06,-1.1363047566158375e-11,-1.7916429510547275e-05,6.475223414064704e-05,6.304047723200708e-05,0.0,4,NumericalOrInvalid,138762,79099,316749,0.0680443039913855,3.9674961257504153e-07,4.2307675092716646e-07,0.3629091907323617,-0.6410886735835195,0.00013930068521108657,-0.3629091903864678,0.6410886726033227,-0.0001393022972665756,-0.0007103817633921194,0.003959354101781233,0.012438307072808668,0.0007104009889097686,-0.003959412397202088,-0.012438414705425763,0.15687589906713884,1.032758155254713,0.0007258474396930467,-0.15687431965188647,-1.0327642963198471,-0.0007258610950101203
0.02,0.014799581774318444,3.2711884681492722e-12,0.5393248424462878,-5.788119580344726e-12,-1.382724122455237e-06,-1.3377138341366058e-11,-2.614804362954532e-05,3.0252214729947803e-05,3.079764108065474e-05,0.0,4,NumericalOrInvalid,136438,86443,326116,0.06503693066677395,1.9817125032447565e-07,3.683394813142543e-08,0.36290760234543246,-0.6410708275316269,0.0002056217481577852,-0.3629076019272327,0.6410708263121598,-0.000205623850719739,-6.603684062615189e-05,0.0033337062473552297,0.013853779535906942,6.604824020724884e-05,-0.003333747530066299,-0.013853871984945606,0.15687589906713884,1.032758155254713,0.0007258474396930467,-0.15687431965188647,-1.0327642963198471,-0.0007258610950101203
0.025,0.014799434585458454,4.15218233794478e-12,0.5393248340239846,-7.377809833398418e-12,-1.4418108046221234e-06,-1.5388524619905425e-11,-3.5495074652599476e-05,1.9228899286782033e-07,3.746596400298626e-05,0.0,4,Solved,136278,80242,317640,0.06489054521997398,7.1049815833817336e-09,5.207336532515958e-09,0.36290895742897555,-0.6410554404866666,0.0002800677206556383,-0.36290895697394515,0.6410554391019349,-0.000280070256291132,0.00048160725173334543,0.002940590124169764,0.015632600129937575,-0.00048160236573042514,-0.0029406182710424475,-0.01563268376642162,0.15718207997658684,1.0382487235195836,-0.0007964376565424774,-0.1576353571523568,-1.0309256965466054,0.0005591051559457963
0.03,0.014799302428082417,-1.2389104117739818e-07,0.5393249855382717,2.317610722382996e-07,-1.0701071192359656e-06,-3.5068829422026115e-08,-4.5013809094119655e-05,0.0001695483299357491,6.539682461814485e-05,0.0,4,Solved,136207,79019,315335,0.06483023873874522,5.7191584801330464e-11,9.910200047744122e-12,0.3629106836589176,-0.6410407670609028,0.0003493189810264608,-0.36291174623801237,0.6410428115763397,-0.00034808317795157915,0.0002512433077580408,0.0029440105583662577,0.01269665150019004,-0.0005879682599524767,-0.002293804734777325,-0.012309071934089335,0.15506180443018217,1.028200370853195,0.00031496218749442565,-0.15877223799560544,-1.0372838198199235,0.0007335958272279258
0.035,0.01479925973901974,-2.766784265153261e-07,0.5393252026037278,5.15900446747248e-07,-1.304246676934916e-07,-7.61423719538622e-08,-5.273343293521275e-05,0.0001985869640681841,4.049949945194033e-05,0.0,4,Solved,136868,86143,324653,0.06458878664289498,1.3926637620897964e-12,3.952134301245247e-13,0.36291332318917086,-0.6410295202414996,0.0004070469387450727,-0.3629144914659379,0.6410324873560201,-0.0004023564537405069,0.0006950647081208931,0.0018247497050459286,0.010828173511669323,-0.0005229196177545587,-0.0019172534273642077,-0.009904257779262505,0.15715072912086356,1.0334205862863197,-0.0002331226158206031,-0.15677234839080675,-1.0327777521593497,0.00011319842457482062
0.04,0.014799216120989129,-2.3610378589324714e-07,0.5393253885605348,4.397258986591418e-07,9.107929547244188e-07,-9.191295620348391e-08,-5.9304806528607606e-05,0.0002134134475690885,3.8853762181302944e-05,0.0,4,Solved,127230,78999,305527,0.06456366081970291,1.0602076947306602e-12,8.719816928519537e-14,0.362916872417849,-0.6410214912854458,0.00045655080342661426,-0.36291729075178564,0.6410240974644135,-0.0004477211671798055,0.0007143726567010647,0.0014729144913158253,0.009303871570922377,-0.0005786109421059417,-0.0015345084104560714,-0.008545178964790404,0.1569851954592871,1.0330185731152466,-0.00013311283703066452,-0.15685465023960213,-1.032932068238019,6.176292344417215e-05
0.045,0.014799168497765584,-1.9552850408081028e-07,0.5393255688491334,3.642942439516504e-07,1.9787938289806537e-06,-9.757691569936186e-08,-6.507691519587314e-05,0.00021260757040534226,3.767403062794699e-05,0.0,4,Solved,130998,78749,308032,0.06456030345326637,2.0739211986383323e-12,2.1066452076702602e-13,0.36292050492075206,-0.6410150195830319,0.0004996016084590724,-0.36292029880692217,0.6410172613848464,-0.00048764154600837743,0.000730837246652626,0.0011854593805033617,0.008164748293065727,-0.0006136163572170397,-0.0012651248376207211,-0.007626405065490961,0.15695516073521537,1.032964855252262,-8.752989694855671e-05,-0.15686403728129278,-1.0329050197722434,3.1977993113494506e-05
0.05,0.01479910712252522,-1.488655001104305e-07,0.5393257352670414,2.7776342473199936e-07,3.024330028506284e-06,-1.0275856344178837e-07,-7.027945702597094e-05,0.0002078411242209873,3.602700463558277e-05,0.0,4,Solved,125577,84079,315135,0.06455782113237701,1.0516544109559918e-12,7.848178357067813e-14,0.3629241997142983,-0.6410097556072346,0.0005378145144499264,-0.3629234579678892,0.6410115680717855,-0.0005236775054729112,0.0007420117282789831,0.0009713711339117192,0.007306824915810584,-0.0006420736780815202,-0.0010604137709600862,-0.006939062818130109,0.1569182267430735,1.0329251381180322,-5.0550930125517245e-05,-0.1568878435276651,-1.032899153534964,2.7021406422950427e-05
0.055,0.014799029529532232,-1.0129575471248988e-07,0.5393258846019044,1.8963280396770945e-07,4.043412384447118e-06,-1.075453163360296e-07,-7.505803113207443e-05,0.0002023342361251846,3.435310140436191e-05,0.0,4,Solved,129164,80182,321027,0.06455798502094737,2.0717224103811277e-12,2.1431193950559313e-13,0.3629279437661305,-0.6410054006264275,0.0005723871022030678,-0.36292673100728223,0.641006774651675,-0.0005566016386738196,0.0007519279119632177,0.0008088489871138433,0.006661909367155733,-0.0006619588527805496,-0.000894869647402378,-0.006356967011356165,0.15693246218806384,1.0329277603351579,-4.9439894439692246e-05,-0.15686520612448268,-1.0328736602804536,6.904442074828551e-06
0.06,0.014798934127931804,-5.675659689328039e-08,0.5393260152596228,1.0717729631502113e-07,5.0341761440372515e-06,-1.1254232975014919e-07,-7.950347391554755e-05,0.00019648575502696,3.318621867004087e-05,0.0,4,Solved,128783,78578,305897,0.0645566066593494,2.070604608244657e-12,2.1268382020822596e-13,0.3629317094272191,-0.641001758989032,0.0006039571471142326,-0.36293010267454395,0.6410027180823337,-0.00058699438856333,0.0007531992012502891,0.0006779481409776915,0.006088986505518709,-0.0006820864169189584,-0.0007582814405823256,-0.005898986990134647,0.15690681098977544,1.0329057065495904,-3.32279122991344e-05,-0.1568832676252054,-1.032883891089696,1.381563399734625e-05
0.065,0.014798819680570865,-1.7584737565599137e-08,0.5393261266811148,3.4716980345920916e-08,5.994550283325863e-06,-1.1809222164528091e-07,-8.367254967576468e-05,0.00018995256698756892,3.2900696178879946e-05,0.0,4,Solved,127601,80923,306990,0.06455646258267136,2.0592328425126765e-12,2.1100355078636224e-13,0.36293547699045237,-0.6409986969607735,0.000632961687515412,-0.36293355172144504,0.6409992914639152,-0.0006151673421585587,0.0007533899288893746,0.0005709625393326763,0.005614064416700435,-0.0006948136828151894,-0.0006385869092532196,-0.005463247195406895,0.15687837666195226,1.0328842990857159,-1.874617956237785e-05,-0.15690792313805613,-1.0329034013227418,2.704480416858094e-05
0.07,0.014798685195038701,1.423294011813095e-08,0.5393262188928,-2.4108354508708788e-08,6.922682447310773e-06,-1.225427961494841e-07,-8.759992248797872e-05,0.00018339594598494613,3.365583023142136e-05,0.0,4,Solved,134123,79480,312561,0.0645566904357555,1.0486536396428736e-12,7.971228463853869e-14,0.36293924895818586,-0.6409961175830542,0.0006598314238796934,-0.36293704283686296,0.6409964280893402,-0.0006411437935147389,0.0007550107548419943,0.0004806774095325761,0.005217918975142685,-0.0007005515172442874,-0.0005301712365690125,-0.005020823825056813,0.15690578692278156,1.032907046972088,-3.5158044722197114e-05,-0.156876095091242,-1.0328832724942976,1.3441494178029548e-05
0.075,0.014798529993924366,3.809739860694395e-08,0.5393262922970273,-6.818481014938919e-08,7.818123807972547e-06,-1.2670337459860605e-07,-9.130761019846561e-05,0.00017652637179098576,3.554618864034796e-05,0.0,4,Solved,124315,79230,302702,0.06455652953133588,1.0469587653615286e-12,8.905091952318268e-14,0.36294300289342746,-0.6409939633026022,0.0006846509983216052,-0.362940567655225,0.6409940687117562,-0.0006651123174757284,0.000748154212667772,0.0003987273491545439,0.004798136564930974,-0.0007080289390983282,-0.00043410118580873526,-0.0046456314915779865,0.15689651761889453,1.032904472501374,-3.388789075211602e-05,-0.15688253395490498,-1.0328933837097922,2.0353911088196582e-05
0.08,0.014798353351892744,5.445856255422456e-08,0.5393263475866494,-9.833901158006741e-08,8.679044585611712e-06,-1.313863377148053e-07,-9.480905604913707e-05,0.00016945297616977712,3.839959503651451e-05,0.0,4,Solved,129695,78598,310126,0.0645567039502988,2.0669875202736233e-12,2.129849573616338e-13,0.3629467184767372,-0.6409921931276238,0.0007074495594013638,-0.3629441158613097,0.6409921657041271,-0.0006872065751833133,0.0007400454313033532,0.000324977140860888,0.004403656575694809,-0.000710926357531437,-0.0003458372588735169,-0.004270713930040815,0.15689427516238663,1.0329072632047809,-3.687423891683917e-05,-0.15688248596983068,-1.032899817607017,2.425224724612557e-05
0.085,0.014798154744366248,6.37985742221606e-08,0.5393263855910371,-1.1548642865437709e-07,9.504702680075262e-06,-1.3576171810662258e-07,-9.811268744077343e-05,0.00016230789706910052,4.1992255122575986e-05,0.0,4,Solved,134374,80152,314394,0.06455728827375301,1.0573849455172095e-12,7.852902847443758e-14,0.36295038727502393,-0.640990774836248,0.0007282997594663961,-0.36294766919293925,0.6409906822775391,-0.0007074485926414776,0.0007299351772536156,0.0002566164654596617,0.00401677649399734,-0.0007107431489272144,-0.0002646776851117278,-0.003902938417803592,0.1569003146683511,1.0329166123800482,-4.4357906168431276e-05,-0.15687475906699253,-1.0329013313769058,2.4272575531562e-05
0.09,0.014797933745696127,6.715551287997055e-08,0.5393264071788372,-1.2155392393581157e-07,1.0294846987007953e-05,-1.3997240029499788e-07,-0.00010122387875994716,0.00015519450573536585,4.6109807984688916e-05,0.0,4,Solved,125538,79109,302852,0.06455811350226916,1.0500630735977776e-12,7.969375658691089e-14,0.3629539963659201,-0.64098968742324,0.0007471903375026739,-0.36295121706717853,0.640989583577561,-0.0007259037537221312,0.0007168254722180422,0.0001917448945334241,0.0036212151884967097,-0.0007090666580458138,-0.0001904212833146699,-0.0035522049152139,0.15686835177814526,1.0329004906944022,-3.225790544711639e-05,-0.15690529781520712,-1.0329298160363065,4.406291577833913e-05
0.095,0.014797690006337018,6.544482230142981e-08,0.5393264132618049,-1.1825777566314837e-07,1.1049512072211825e-05,-1.4309902977443884e-07,-0.00010414627012372419,0.00014809801005861528,5.058833074099036e-05,0.0,4,Solved,128102,78929,308893,0.0645576504850289,2.066401526965758e-12,2.1305549826548115e-13,0.362957550717233,-0.6409889067827189,0.000764252702891016,-0.3629547322329203,0.6409888451481546,-0.0007424714980529814,0.0007073200521875824,0.00013257534256372737,0.0032750601745214704,-0.0006993237831700004,-0.00011978683382114931,-0.003156868450918124,0.15688832736000807,1.032920054271087,-4.68865639328139e-05,-0.15688366610335333,-1.0329224077604624,3.675763119750281e-05
0.1,0.014797423171869294,5.969469681833775e-08,0.5393264047721555,-1.0750695112840356e-07,1.1768399629092865e-05,-1.4515563200757374e-07,-0.00010688247403115708,0.00014090668925226252,5.5322211890369186e-05,0.0,4,Solved,128031,86433,313612,0.06455826995156363,2.05456810124857e-12,2.11806510915305e-13,0.36296104144409336,-0.6409884189722649,0.0007794810044201825,-0.3629582017136955,0.6409884378195544,-0.000757176206128928,0.0006924925108428596,7.437115741724642e-05,0.0028944941496445663,-0.0006905709713294982,-5.6384259894292394e-05,-0.0027989785419411813,0.15688347506174238,1.0329231049855592,-4.84551924271872e-05,-0.15688714729758255,-1.0329323192250182,4.224845802317475e-05
0.105,0.014797132874681363,5.15032291200884e-08,0.5393263826256597,-9.224678116528811e-08,1.2450902729953373e-05,-1.471116411662585e-07,-0.00010943450285317171,0.00013360503333825058,6.0228826125224287e-05,0.0,4,Solved,125407,79580,303484,0.06455900659398763,1.0514936986228526e-12,8.387783253096875e-14,0.36296445552922735,-0.6409882132945176,0.0007928242337475464,-0.36296161751534045,0.6409883329447151,-0.0007700811133987505,0.0006768172606624513,1.9067476798328273e-05,0.0025196103629960835,-0.0006785369841046558,2.241197133168509e-06,-0.0024374987156802596,0.15687646747529024,1.0329246897159339,-4.857464379065716e-05,-0.15689326716150875,-1.032944105503802,4.8808823549256416e-05
0.11,0.014796818817780829,4.187439995666611e-08,0.5393263477256032,-7.434734617201317e-08,1.309678438690233e-05,-1.4841245748664662e-07,-0.0001118039833772204,0.00012630945613063667,6.524142968564359e-05,0.0,4,Solved,125557,78629,301450,0.06455913594726838,1.0614047830211654e-12,8.567444908821323e-14,0.3629677905722527,-0.6409882753974252,0.00080432115262237,-0.3629649632452092,0.6409885083798446,-0.0007811566663373988,0.0006609066146647377,-3.336958417171682e-05,0.0021539080067692414,-0.0006632174808421329,5.6667423672230035e-05,-0.002068539694213367,0.1568833374505022,1.0329364954059015,-5.557300068093755e-05,-0.1568854695618435,-1.032946175156294,4.8001237113606476e-05
0.115,0.014796480756343591,3.17825131858615e-08,0.5393263009584423,-5.5610070514064834e-08,1.3706037302992159e-05,-1.4925736199115853e-07,-0.00011399254555995164,0.00011896214752267256,7.03264957044748e-05,0.0,4,Solved,128593,79691,313722,0.06456037162551125,2.047515902996474e-12,2.1077880245226957e-13,0.3629710377281025,-0.6409885937242403,0.000813953224978121,-0.362968229636885,0.6409889406742061,-0.0007904306355785156,0.0006422132979778098,-8.383489947247454e-05,0.0017760212192393739,-0.0006469842721433776,0.0001060936781022309,-0.0017137277589284942,0.1568651460672051,1.0329308291584414,-4.929219786603705e-05,-0.15690307297759792,-1.03296594600818,5.998221597047639e-05
0.12,0.014796118458326771,2.1948120662459886e-08,0.5393262432060653,-3.737245403251926e-08,1.4278523229134676e-05,-1.4942998057340027e-07,-0.00011600171402599117,0.00011161806999712865,7.545666370244441e-05,0.0,4,Solved,148721,108745,373065,0.06455984998219731,2.053557156530399e-12,2.1102954453344758e-13,0.3629741966200335,-0.6409891525149326,0.000821780843831364,-0.36297139987912674,0.640989611865372,-0.000797853221195914,0.000625221878083794,-0.0001303922235792171,0.0014262126150929291,-0.0006257790214111889,0.00015282489003549477,-0.0013330752319744544,0.15688618163070928,1.0329531123096172,-6.283527355614813e-05,-0.15688156191079644,-1.032957599715157,5.155133881002628e-05
0.125,0.014795731744820491,1.2924001041848876e-08,0.5393261753126233,-2.0651366697764412e-08,1.4814394567434963e-05,-1.4927378823553523e-07,-0.00011783308166497094,0.00010429997665794079,8.060957072385442e-05,0.0,4,Solved,162166,114025,415655,0.06456033903577352,2.049826602983749e-12,2.1022795320974758e-13,0.36297725562456484,-0.6409899411665266,0.0008277606695993431,-0.36297447015070217,0.6409905007075575,-0.0008034803342572639,0.0006032612701869186,-0.00017596095223445022,0.0010435401986003908,-0.0006065709091075123,0.00019432275637886538,-0.0009879970305080414,0.15688521615403556,1.0329593601263456,-6.479177882358657e-05,-0.15688202009754648,-1.0329654245723763,5.4138143651570534e-05
0.13,0.01479532044446901,5.435102929863482e-09,0.5393260980944893,-6.773758251832462e-09,1.531368958067747e-05,-1.4957793375742558e-07,-0.00011948839295409795,9.695484301251584e-05,8.578095864492873e-05,0.0,4,Solved,185260,119716,453777,0.06456127357865026,2.0462149512668623e-12,2.0999846487928207e-13,0.36298020122905905,-0.6409909490076316,0.0008318355237383844,-0.3629774388974176,0.6409915870061889,-0.0008073846729704406,0.0005800691502656211,-0.00021866461762155942,0.000663486791806734,-0.0005855502779518996,0.000232538935281412,-0.0006436756426028559,0.15687392778542353,1.0329585902579097,-6.105154847834463e-05,-0.15689323399733682,-1.032980377258404,6.192562272132478e-05
0.135,0.01479488441284939,-4.5407347333665635e-10,0.5393260123478372,4.130186901849182e-09,1.577647408105276e-05,-1.4961593342044109e-07,-0.00012096939860151017,8.967785226676251e-05,9.095307758498318e-05,0.0,4,Solved,170462,117001,440322,0.06456133466637652,1.045101292255675e-12,8.211265736027031e-14,0.362983033060018,-0.6409921593037098,0.0008340688868257045,-0.3629802928668797,0.6409928577605202,-0.0008095210455850674,0.0005575766423284646,-0.00025771499746164646,0.00030282367328781,-0.0005613146883062929,0.00026858907001833863,-0.000283818587772442,0.15688194563179866,1.0329714915144033,-6.68880570598267e-05,-0.156885080383423,-1.0329813546620243,5.951436885681417e-05
0.14,0.014794423555878214,-4.790918803883895e-09,0.5393259188308088,1.2150514774667362e-08,1.620308392064824e-05,-1.4942244534080818e-07,-0.0001222780462338963,8.244482333445153e-05,9.612074309979012e-05,0.0,4,Solved,162707,122200,435623,0.06456156214124399,1.0420494897925792e-12,8.295608863078866e-14,0.36298574452859717,-0.6409935581962141,0.0008344680093596496,-0.3629830262853937,0.6409942984382369,-0.0008099035383337017,0.0005324452524612822,-0.0002945546233005641,-6.819217091961727e-05,-0.0005372717393176629,0.00030126121526657067,6.113537815565287e-05,0.15688779314363646,1.0329825270588617,-7.132017747712707e-05,-0.15687962493316607,-1.0329849942599039,5.813294710043474e-05
0.145,0.01479393780957921,-7.452558135184434e-09,0.5393258182858971,1.7072025745923793e-08,1.6593900767321018e-05,-1.4960837469651255e-07,-0.00012341635652986238,7.533662373691123e-05,0.00010126619243759968,0.0,4,Solved,166825,116280,424281,0.06456294375156214,1.0383551436735087e-12,8.500121046033824e-14,0.3629883241193401,-0.6409951336307812,0.0008329941776867176,-0.36298563924307264,0.6409958929931955,-0.000808595332077681,0.0005052220453940404,-0.00032885599191748757,-0.00044527194202096586,-0.0005131410448479003,0.000330826544613481,0.0003948957797171278,0.15686537963820835,1.0329741264891559,-6.094777342387299e-05,-0.1569018667821712,-1.0330071000249943,7.079943481574424e-05
0.15,0.014793427120236447,-8.76924498352008e-09,0.539325711445514,1.9495938596590105e-08,1.694917280842889e-05,-1.4946665646663775e-07,-0.00012438661225365984,6.818764422860537e-05,0.00010640471367677522,0.0,4,Solved,180711,126990,459358,0.0645629769005434,1.0486592869293044e-12,8.428145808357341e-14,0.36299077516686146,-0.6409968665207311,0.0008297510185625537,-0.36298811663532976,0.6409976330890816,-0.0008055208319622076,0.00048048810196285244,-0.00035853180976900715,-0.0007839405559424374,-0.0004840487550861648,0.00035963545427750615,0.000761135651041114,0.15687439640086728,1.0329877376953427,-6.633778250414203e-05,-0.15689329285138037,-1.0330076304086944,6.73224584576395e-05
0.155,0.014792891410727023,-9.220691666609822e-09,0.539325599011304,2.030789091860052e-08,1.7268788846161778e-05,-1.4878724014897014e-07,-0.00012519106124716286,6.108935337215766e-05,0.00011152034374644775,0.0,4,Solved,182685,121249,446273,0.06456319144975835,1.0433703024374113e-12,8.370080397840775e-14,0.36299309471943614,-0.6409987413690004,0.0008247834163061589,-0.3629904506375639,0.6409995077950827,-0.0008006661564656561,0.0004531509945077501,-0.0003860781341946382,-0.0011329826485131345,-0.00045561400051475097,0.00038534879310443774,0.001110614899020982,0.15687911323057463,1.0329977061057378,-6.92745414658602e-05,-0.15688894444584803,-1.0330110631961336,6.566770552477376e-05
0.16,0.014792330676500905,-8.82129997891051e-09,0.5393254816494346,1.954971175959992e-08,1.7553091981875742e-05,-1.4839629841680302e-07,-0.0001258321307801821,5.404513059756345e-05,0.00011661165691644828,0.0,4,Solved,180742,119686,439911,0.06456393394555594,1.0500356580143835e-12,8.524565941097295e-14,0.3629952724804812,-0.6410007469272997,0.0008180614742685142,-0.36299264242921,0.6410015033977153,-0.0007940949427563005,0.0004240980157862907,-0.0004113046321578643,-0.0014851702581519977,-0.00042715152909825123,0.0004085409143602053,0.0014499526868697766,0.15687223294601357,1.0329993451127508,-6.597587063837245e-05,-0.15689644108690334,-1.033022943128895,6.979313393734658e-05
0.165,0.014791744924017448,-7.78997936258379e-09,0.539325359988686,1.7623967926507536e-08,1.7802375686368804e-05,-1.4808811303320807e-07,-0.00012631235564193594,4.707465455482249e-05,0.00012167295591226496,0.0,4,Solved,186813,115468,449218,0.06456390631160609,2.0371249110363517e-12,2.0894648384011012e-13,0.36299730614740316,-0.6410028690683645,0.0008096252932500785,-0.3629946861279469,0.641003610071358,-0.0007858037704746402,0.0003954119251314085,-0.0004333855742821327,-0.0018219702495457133,-0.00039675495316277595,0.00043011838542937456,0.0017971083857049816,0.1568815725263536,1.0330130639786466,-7.063789772283346e-05,-0.156887878483326,-1.0330225009856975,6.545459016139112e-05
0.17,0.014791134200137088,-6.371620622953052e-09,0.5393252346377803,1.4985308803505913e-08,1.8017086235321842e-05,-1.4789445399154708e-07,-0.0001266343776842432,4.020337657736461e-05,0.00012669903426142622,0.0,4,Solved,130787,82596,343048,0.06456417786617458,1.0475778549138226e-12,8.348610804604464e-14,0.36299918956694216,-0.6410050958749366,0.000799477610978253,-0.3629965807477568,0.6410058165880468,-0.0007758293756163268,0.0003644497037895351,-0.0004535711727029119,-0.0021679925854402593,-0.000367298288045723,0.0004490461965760465,0.002126923263022579,0.1568860204060754,1.0330221166880973,-7.260284882898737e-05,-0.15688451591304514,-1.0330268458587932,6.339707565069068e-05
0.17500000000000002,0.01479049859502604,-4.600677420855249e-09,0.5393251061812917,1.1704602996191965e-08,1.8197860060032367e-05,-1.4820308424530665e-07,-0.0001268009339048211,3.3484634444856934e-05,0.00013168074258681787,0.0,4,Solved,126789,79540,319854,0.06456446562207901,1.0572878980711786e-12,8.158535646748004e-14,0.363000914425709,-0.641007417193432,0.0007875955424024085,-0.3629983286079296,0.6410081106534924,-0.0007642367267751572,0.00033221898491469614,-0.0004716389258831206,-0.002515556221751837,-0.00033800182759533156,0.00046563606153987607,0.0024465743449625914,0.1568886137600852,1.0330294955829313,-7.32286790609615e-05,-0.15688308387919336,-1.0330314499532642,6.202867036001085e-05
0.18,0.014789838250218462,-2.5677350623149687e-09,0.5393249751516821,7.948306831175082e-09,1.8345667550072404e-05,-1.4893720705949963e-07,-0.0001268148042417534,2.6991719558685585e-05,0.0001366139440885867,0.0,4,Solved,128573,79560,308613,0.06456550895083822,2.0398835545626047e-12,2.0839507894397473e-13,0.3630024763820173,-0.6410098230318947,0.0007739815440054763,-0.36299993058737295,0.641010482351292,-0.000751067687072007,0.00029938655310558863,-0.00048779219286919427,-0.00286128478761449,-0.00030889064153170225,0.0004804713492904643,0.0027590283136853366,0.1568750277500519,1.033026350360179,-6.543972219196679e-05,-0.15689746868229493,-1.0330481432134115,6.877736367638788e-05
0.185,0.014789153274765387,-5.731419302234395e-10,0.5393248420777609,4.2623625214636785e-09,1.84609933625833e-05,-1.494976183654687e-07,-0.00012667919642929217,2.0447974646184556e-05,0.00014151579441521557,0.0,4,Solved,126389,79460,304104,0.06456631960904405,1.0394787307239727e-12,8.192268299106277e-14,0.3630038785753998,-0.6410122986745083,0.0007587214641104507,-0.36300137724209264,0.6410129246467241,-0.0007362845803715263,0.0002679932317794653,-0.000500337248745659,-0.0031797029529614415,-0.00027651601446325013,0.0004941087616364404,0.0030887510820423168,0.15686645157492604,1.0330260791436894,-5.980905906734637e-05,-0.15690731782882705,-1.0330611137447048,7.289941100209201e-05
0.19,0.014788443742803605,9.586149529570476e-10,0.5393247075427589,1.4213543911966892e-09,1.8543665619548057e-05,-1.4926152696846566e-07,-0.0001263970877864946,1.395075393123513e-05,0.00014637557900053113,0.0,4,Solved,125547,79189,303163,0.06456644491990263,1.0405911692199527e-12,7.934568292583701e-14,0.36300512709975186,-0.6410148286960511,0.0007419287315991938,-0.36300265607046805,0.6410154310516895,-0.0007198246983886729,0.00023768663676563038,-0.0005101333553339995,-0.003478427771202335,-0.00024213346851820783,0.0005063906117084041,0.0034279463420977046,0.15687297720666363,1.033036090004678,-6.173671422254395e-05,-0.1569022160270326,-1.033063118718442,6.897356140314658e-05
0.195,0.014787709817589452,1.94190863864188e-09,0.5393245720492169,-4.103352064360022e-10,1.8594240633212333e-05,-1.4861370669302875e-07,-0.000125971585686665,7.586241163845444e-06,0.0001511859885186998,0.0,4,Solved,129925,80091,316898,0.06456649602045071,2.0442658293201153e-12,2.1039401910125446e-13,0.36300622026572843,-0.6410174036059695,0.0007236306439653995,-0.36300376531051304,0.6410179917300495,-0.0007017129923109259,0.00020610257675969325,-0.0005185751380535462,-0.003781083924232625,-0.0002084912851454997,0.0005163178821438029,0.003752600866746873,0.15688087114322094,1.0330473287051747,-6.417708276688363e-05,-0.15689589349459696,-1.0330639363272114,6.415123125266181e-05
0.2,0.014786951693909459,2.575970993792181e-09,0.5393244360669174,-1.5901794565236807e-09,1.8613406006235027e-05,-1.4822571202433995e-07,-0.00012540592692484868,1.3655954504262656e-06,0.0001559435236660156,0.0,4,Solved,124936,79320,303193,0.06456712060255164,1.0452480423096218e-12,8.057230434787985e-14,0.36300715119451415,-0.641020016686384,0.0007038031781794058,-0.3630047091722951,0.6410205947947649,-0.0006820280181426789,0.00017306663483238513,-0.0005256807782193344,-0.004089166315283243,-0.0001757689699679423,0.0005238497193451237,0.004060717768665034,0.15687596105587473,1.0330487141682188,-5.980036318687453e-05,-0.15690234017367122,-1.0330739296408262,6.566100551940588e-05
0.20500000000000002,0.014786169575985907,2.9417082635942663e-09,0.53932430005175,-2.270304041296266e-09,1.8601751924982277e-05,-1.4797322171785884e-07,-0.00012470342692763462,4.776260545174355e-06,0.0001606503653959396,0.0,4,Solved,129996,79199,306819,0.06456736690935,2.0356147089392685e-12,2.0931056909402612e-13,0.36300791949384686,-0.6410226588852529,0.0006824800322625993,-0.36300548574794345,0.6410232314480898,-0.0006607928875541953,0.00014085301253257876,-0.0005306738988135634,-0.00438248698758785,-0.00014181167776158965,0.0005300289779769717,0.004372060340451557,0.15687933671383802,1.0330560556347002,-5.945035314677669e-05,-0.1569008067798961,-1.0330778705496,6.279415597732193e-05
0.21,0.014785363688626813,3.031750991359044e-09,0.5393241644295129,-2.4412593523597106e-09,1.8559909422268966e-05,-1.4764188845171458e-07,-0.00012386743404114287,1.0744935693582898e-05,0.00016529863090069334,0.0,4,Solved,134374,80311,313843,0.06456760654998085,1.0250001037997594e-12,8.27327898877061e-14,0.363008525326323,-0.6410253217493307,0.0006596964338443457,-0.3630060936136438,0.6410258932138735,-0.0006380311454148172,0.00010815879485679233,-0.0005342435544508419,-0.0046738199929497,-0.0001081892782148968,0.0005342960888265391,0.0046734835636607994,0.15688209096699807,1.0330626422070832,-5.8563016628099615e-05,-0.15689980688377536,-1.0330817047996936,5.997446825094051e-05
0.215,0.014784534287491423,2.9531542562493446e-09,0.5393240295966802,-2.2982781315307455e-09,1.848863909065291e-05,-1.474108306553731e-07,-0.00012290140094353336,1.6580108991479728e-05,0.00016989042616737286,0.0,4,Solved,127050,79961,305557,0.06456755457139023,1.0503401842994834e-12,8.206247977698457e-14,0.3630089668353187,-0.6410279984340995,0.0006354660327683621,-0.36300653428533,0.6410285712258438,-0.0006137898315256235,7.516175762163106e-05,-0.0005364806542699367,-0.004961943714981475,-7.48528978946115e-05,0.0005368799160629781,0.004965817274357962,0.15689220035352353,1.0330745870384181,-6.123597264980128e-05,-0.15689211938492809,-1.0330808731422436,5.3433768925537806e-05
0.22,0.014783681671334807,2.8626226399013975e-09,0.5393238959282488,-2.126845766302211e-09,1.8388915833366037e-05,-1.475481316134841e-07,-0.00012180876953175318,2.215118297742511e-05,0.00017440618910335239,0.0,4,Solved,128954,79170,306259,0.06456803440060546,2.046547103828653e-12,2.0999033675112022e-13,0.36300923935013224,-0.6410306836187205,0.0006097721243971332,-0.36300681334144996,0.6410312554054458,-0.0005881479478607459,4.0813195356028883e-05,-0.000537821846834476,-0.005257735186291771,-4.318177871197134e-05,0.0005372349701960948,0.005237909997095073,0.15688922537061376,1.0330766046260982,-5.7020612663682685e-05,-0.1568967081326947,-1.0330885504096874,5.3128349693240114e-05
0.225,0.014782806146226051,2.865904406032983e-09,0.5393237637972977,-2.1237123609081828e-09,1.8261587641668382e-05,-1.479914037538541e-07,-0.00012059324496079988,2.7681854271509348e-05,0.00017887023715442728,0.0,4,Solved,129665,80021,314414,0.06457008322976508,2.049146324218372e-12,2.104823951308392e-13,0.36300934193072887,-0.6410333701405625,0.0005826378684476829,-0.3630069316587995,0.6410339378483695,-0.0005611471448840218,7.037525884697494e-06,-0.0005373891254549256,-0.005540790519800972,-1.0707206528390446e-05,0.0005364220541279538,0.005509510780644032,0.15685234833396872,1.0330543477910232,-3.487241360775321e-05,-0.1569364751012852,-1.0331213316762413,7.074263485671976e-05
0.23,0.01478190802174232,2.516126594624358e-09,0.5393236335518706,-1.4887883074398771e-09,1.810740705894649e-05,-1.47187501777009e-07,-0.00011925827627305794,3.289008211229507e-05,0.00018324714140592052,0.0,4,Solved,127942,79761,306720,0.06456880300354104,2.047879137572885e-12,2.1076569038224607e-13,0.363009296872822,-0.641036041933734,0.0005542898014012989,-0.3630068689355978,0.641036620426694,-0.0005326267769338235,-1.970295096680578e-05,-0.0005328262365841802,-0.005756982720533525,2.7984232223182597e-05,0.0005369670965231523,0.005834822659425008,0.15688731597366581,1.033083583195077,-4.99873321983562e-05,-0.15690313712471118,-1.0331008480566566,5.036494159507044e-05
0.23500000000000001,0.014780987661558356,1.6848655810698036e-09,0.5393235055192492,2.4888290011354934e-11,1.7927442073092352e-05,-1.4571718491001904e-07,-0.00011780773815808157,3.807953027094735e-05,0.00018757131732411345,0.0,4,Solved,126639,79370,303523,0.06456887233971823,1.0413460881983965e-12,8.492467884317955e-14,0.36300909975979867,-0.6410386952937649,0.0005247161485875609,-0.3630066307658539,0.6410392933165261,-0.0005026665351528648,-5.252655084087793e-05,-0.0005296772620521974,-0.006021118142697325,6.0745730538856705e-05,0.0005334344889461972,0.006098314082895333,0.15689357795362907,1.0330915029805774,-4.9993421634847507e-05,-0.15689919750275041,-1.0331019574354916,4.4947043579588934e-05
0.24,0.014780045319804619,1.0505179005098102e-09,0.5393233800115311,1.191898430988053e-09,1.7721706060268197e-05,-1.4531651594868478e-07,-0.00011624528538069637,4.317889702276321e-05,0.00019183143615332044,0.0,4,Solved,132130,95491,326066,0.06456957009931073,2.047913861438749e-12,2.103784608000793e-13,0.3630087368985522,-0.6410413302422137,0.0004938196450915709,-0.3630062317382139,0.6410419435371554,-0.0004714333308438256,-8.59274537115392e-05,-0.0005256393926719583,-0.00628608362999555,9.252931793256342e-05,0.0005282448206208517,0.006347004561827234,0.15688395203499664,1.033088377393368,-4.140833321709281e-05,-0.15691168022439647,-1.0331131215889717,4.7792931143078724e-05
0.245,0.014779081395157597,5.757909365533557e-10,0.5393232572899023,2.066379637236394e-09,1.749136925873912e-05,-1.4509293734101284e-07,-0.00011457451182146957,4.7945471625527764e-05,0.00019600212056175806,0.0,4,Solved,122942,79530,301840,0.06456923409618201,1.0565306100544236e-12,8.663152640530522e-14,0.3630082150321227,-0.6410439394178932,0.0004616733761409439,-0.3630056700685441,0.6410445679040458,-0.0004389237903706966,-0.00011669745659693139,-0.0005197643511257398,-0.006526200512309068,0.00012555777927085793,0.0005230720654405641,0.006606613381683334,0.15689971391171928,1.0331025319236338,-4.6101224154802566e-05,-0.1568980580942191,-1.0331077455389122,3.707832769126343e-05
0.25,0.014778096286701244,2.4220700153855936e-10,0.5393231376095652,2.681754839374091e-09,1.723744981834538e-05,-1.4502043156452103e-07,-0.00011279945369264845,5.2688310919462385e-05,0.00020010892000810483,0.0,4,Solved,124255,79200,301620,0.06457006882929944,1.04719360270593e-12,8.067337598521071e-14,0.36300753141154785,-0.6410465186670927,0.00042827721440062444,-0.3630049508240379,0.6410471584988762,-0.00040521021456924516,-0.00015010823540145005,-0.000513683354318427,-0.006782698770261741,0.0001560961293828697,0.0005152937093168649,0.006835064584585375,0.15688802698474438,1.033097040921586,-3.629313799272491e-05,-0.15691255567994877,-1.033121101268791,4.0606421024078344e-05
0.255,0.014777090337066942,1.642859002351347e-10,0.5393230212653551,2.8261637975306405e-09,1.6960227508131756e-05,-1.451071351968996e-07,-0.00011092378951039373,5.7252831477550847e-05,0.0002041346960428141,0.0,4,Solved,124796,79540,301911,0.06456960467062287,1.044613433970047e-12,7.935042528132896e-14,0.36300668902946276,-0.6410490613130886,0.0003936825409775152,-0.36300407361863846,0.6410497102502583,-0.0003703145190955072,-0.00018079276393879256,-0.0005055579060241999,-0.007011378329926053,0.00018839171482710974,0.0005075152263090824,0.007076745180086731,0.15690720438426883,1.0331136747299658,-4.216551365627113e-05,-0.15689606966070133,-1.0331116964639142,2.8110478498705916e-05
0.26,0.014776063980300153,2.8339537662273237e-10,0.5393229084815837,2.609028418773104e-09,1.666076153330781e-05,-1.4538202679198508e-07,-0.00010895137586678706,6.163385629025719e-05,0.00020807825589800233,0.0,4,Solved,133001,80242,325244,0.06456998498386815,1.0466138292667574e-12,8.643295033710897e-14,0.3630056852958023,-0.6410515642583844,0.00035788302249304885,-0.36300304570835723,0.6410522164091114,-0.00033431686161608553,-0.00021412101537865848,-0.0004977190871514722,-0.007260467023822699,0.00021713384258155002,0.0004975292798767864,0.007283128575593307,0.15690450270029455,1.033113823213425,-3.663894963010437e-05,-0.1569024889565421,-1.0331197597418904,2.7077114596532633e-05
0.265,0.01477501771846744,7.705069716484815e-10,0.5393227994767122,1.7202778035302481e-09,1.634053677184602e-05,-1.4619920248235643e-07,-0.00010688593041213388,6.559077442486481e-05,0.00021190688243205387,0.0,4,Solved,126198,79250,303483,0.06457060198773781,1.057904787079516e-12,8.293131671549484e-14,0.3630045196552622,-0.641054023807471,0.0003208817491058038,-0.3630018740715833,0.6410546707851419,-0.00029728842658099047,-0.00024590565323280984,-0.0004884867708447734,-0.007495119219058351,0.0002458844196597826,0.000486920633079106,0.007489109224546455,0.1568946487536492,1.033109457100506,-2.7374912710026907e-05,-0.15691418570731533,-1.033129631803805,2.8928612815020593e-05
0.27,0.01477395201823525,1.366778003679216e-09,0.5393226944642155,6.255023655375708e-10,1.6000605908628567e-05,-1.467524416184712e-07,-0.00010473161239609874,6.961390387871081e-05,0.0002156776807127979,0.0,4,Solved,132100,79821,310186,0.06457037267581953,2.050036017367901e-12,2.1002860908780896e-13,0.363003200861505,-0.6410564316707529,0.0002827822596407209,-0.36300055367055384,0.6410570722985572,-0.0002592021448820237,-0.0002757917919184408,-0.0004774317610409075,-0.007704876615947779,0.00027631811121184535,0.0004763534779280329,0.007704381370130272,0.1569055101517797,1.0331193565179786,-2.8493768420566475e-05,-0.15690634032768083,-1.0331259628131124,2.048602830893302e-05
0.275,0.014772867203606651,1.914348526220511e-09,0.5393225936314248,-3.808585201438774e-10,1.5640755415602277e-05,-1.4715956098920808e-07,-0.0001024921848724693,7.351726345576295e-05,0.00021936678514094873,0.0,4,Solved,191863,82406,374708,0.06457109061270813,2.0449041637476536e-12,2.1054204657911663e-13,0.3630017294665034,-0.6410587838225801,0.00024361299808663072,-0.3629990878649471,0.6410594164892393,-0.00022010683007745864,-0.00030673892985186426,-0.0004662178135358731,-0.007921589975565425,0.00030453007646963944,0.0004643027116786067,0.00789734068564201,0.15689514614746927,1.0331134826359296,-1.863426073287258e-05,-0.15691965520128653,-1.03313744980333,2.275007509474312e-05
0.28,0.01477176374616128,2.4013124156293223e-09,0.5393224971453833,-1.2760755376745606e-09,1.526190764840122e-05,-1.4747000052203541e-07,-0.00010017155117163367,7.725285381490486e-05,0.00022296683599746484,0.0,4,Solved,128503,79410,308162,0.06457139783185877,1.0596683045685362e-12,8.618549269235839e-14,0.3630001112245458,-0.6410610749841781,0.0002034391046194386,-0.3629974767004843,0.6410617008599423,-0.00018001460241961432,-0.00033508669720612547,-0.0004533791279085332,-0.00811212189984066,0.00033418136053967593,0.0004523780928350368,0.008100959805479237,0.15689166055164483,1.0331137239173538,-1.1946753948615417e-05,-0.1569265635403477,-1.0331423653097402,2.1678790254505126e-05
0.28500000000000003,0.014770642153481416,2.5491311937693524e-09,0.5393224051408849,-1.553020702336096e-09,1.486523357236752e-05,-1.4717982245857576e-07,-9.777349988215828e-05,8.067915649368817e-05,0.0002264612614157153,0.0,4,Solved,124285,79250,301229,0.06457113453901536,1.0474910545471312e-12,8.770321238882817e-14,0.3629983565983173,-0.6410632987889628,0.00016236199148360626,-0.3629957173938008,0.6410639253870432,-0.00013890148851910828,-0.0003616605877629263,-0.00043949625971491396,-0.00828621991637665,0.00036381944319187733,0.00044036512929845,0.008305541406118132,0.1569044648602608,1.033123174394305,-1.3923363625512198e-05,-0.15691659119532453,-1.0331381526242458,1.171858600682457e-05
0.29,0.014769502936880752,2.4300323823040595e-09,0.5393223177527378,-1.3366464013891432e-09,1.445180498426253e-05,-1.4684432331739738e-07,-9.53021019521109e-05,8.402387598246195e-05,0.00022987022844408995,0.0,4,Solved,137630,79971,317820,0.06457131925430538,1.0619951903192748e-12,8.370884368757956e-14,0.3629964643678535,-0.64106545400191,0.00012038169770791122,-0.36299381696307126,0.6410660839919803,-9.684612842166531e-05,-0.000389818319549901,-0.00042586105190584603,-0.008471145274697084,0.00039113148078298094,0.00042642070031909037,0.008483378305732744,0.1569048149526616,1.0331246311279956,-9.19435899457698e-06,-0.1569194332884131,-1.0331411080688861,8.266965108577515e-06
0.295,0.014768346549755828,2.3187610078390855e-09,0.5393222351337245,-1.1296222701855042e-09,1.4022038468377666e-05,-1.468368997467036e-07,-9.276116900007614e-05,8.721724271723843e-05,0.00023318564537190046,0.0,4,Solved,132129,79611,309785,0.06457139930080762,2.0583703723171666e-12,2.1214371134347515e-13,0.3629944342948139,-0.641067538912598,7.750720796860012e-05,-0.362991781363647,0.6410681715054798,-5.391873528667507e-05,-0.00041701827968222,-0.00041151801820273797,-0.00864599808135185,0.0004179900995288267,0.0004120114152307607,0.008655493298063121,0.1569110518571559,1.0331287368881068,-7.3235051963798605e-06,-0.15691793343833052,-1.0331423888129219,2.1757961825077335e-06
0.3,0.014767173639225716,2.2903049426198145e-09,0.5393221573825594,-1.0730514989973371e-09,1.3577986099616119e-05,-1.4703406245361969e-07,-9.015429944584154e-05,8.977517569221055e-05,0.0002363496109003521,0.0,4,Solved,125658,79289,302912,0.06457165803663219,1.0506835214253957e-12,8.256897641562464e-14,0.36299227036458687,-0.6410695519914136,3.3761259740135186e-05,-0.3629896176237165,0.6410701841897831,-1.0174459339236279e-05,-0.0004435219227149399,-0.0003971206744612387,-0.008819920582715057,0.0004428135539841483,0.0003966813897003685,0.008813099642126803,0.1569068944823651,1.0331278601386338,-8.579325951616467e-08,-0.15692461748439038,-1.033146528586115,7.3241749823607e-07
0.305,0.01476598485676388,2.351352412402378e-09,0.5393220845970127,-1.1815080732971215e-09,1.3121626746359627e-05,-1.4727009160515285e-07,-8.748573131664725e-05,9.228952730733777e-05,0.00023942820859126045,0.0,4,Solved,142229,80412,321076,0.06457208867153995,2.0611057466588728e-12,2.1199470130739417e-13,0.36298997781669784,-0.6410714893497321,-1.0801581387708921e-05,-0.3629873280038099,0.641072120222413,3.4361666750844117e-05,-0.00046874630087081034,-0.0003814895342992486,-0.00897635606239313,0.0004682363632085998,0.0003813302395983201,0.008971947844119393,0.1569005178258856,1.0331234905734945,8.300919817661669e-06,-0.15693369695259202,-1.0331534187446392,2.6439758114625514e-07
0.31,0.014764780572226988,2.2603868626693234e-09,0.5393220168804368,-1.0153645858132198e-09,1.2652470056072901e-05,-1.470836115347518e-07,-8.475932936039235e-05,9.486758422255266e-05,0.00024243399813946538,0.0,4,Solved,125467,80833,305137,0.06457135047960619,1.058438066520938e-12,8.571359658199005e-14,0.36298756472856103,-0.6410733456953365,-5.608677863218163e-05,-0.3629849089996697,0.6410739796985309,7.970323672678124e-05,-0.0004921284702102327,-0.0003649084550130876,-0.00911290322669255,0.0004944298280007381,0.0003660318122115825,0.009134527200450273,0.15692055962054485,1.033138269290347,3.3113869482363297e-06,-0.1569171785239349,-1.033141607673699,-1.3477104450430576e-05
0.315,0.01476356125648048,2.1203953663160003e-09,0.5393219543017324,-7.558645327363986e-10,1.2170849340959087e-05,-1.4705351509950128e-07,-8.197883310991055e-05,9.726578190507177e-05,0.00024533659543141015,0.0,4,Solved,129555,78959,311298,0.0645720016896581,2.0525399621194202e-12,2.1193023193571275e-13,0.36298502790324344,-0.6410751220683453,-0.00010211670895721345,-0.3629823710694067,0.6410757573500329,0.00012574792797484996,-0.0005177829141121968,-0.00034927368122052827,-0.009270004534906595,0.0005166441329476517,0.0003489749746413641,0.00926066974139791,0.15690934454931388,1.0331299800910736,1.4378350349726208e-05,-0.156931692725067,-1.0331520270345296,-1.1386156877200497e-05
0.32,0.014762327469165386,2.076292948848623e-09,0.5393218969130135,-6.693548267439262e-10,1.1677778905700536e-05,-1.4727867058381537e-07,-7.914807038678724e-05,9.94945761212073e-05,0.0002481363399398441,0.0,4,Solved,127160,86614,312690,0.06457183304476707,1.053701045602176e-12,8.254527765137032e-14,0.36298237206411127,-0.6410768163796933,-0.0001488471968894039,-0.3629797177772198,0.6410774517325911,0.00017246033220709152,-0.000540386748445048,-0.00033235510335937477,-0.00939893141766401,0.0005402835784570892,0.00033256441856230735,0.009399041894003132,0.15691660995176862,1.0331348403840912,1.6029089671630647e-05,-0.15692785004824805,-1.0331493287162732,-1.8753997488213455e-05
0.325,0.01476107974962599,2.0045302706623947e-09,0.5393218447579459,-5.346272136494646e-10,1.1174033503187866e-05,-1.4734366391848438e-07,-7.627083247952482e-05,0.00010156618985882958,0.0002508319152367911,0.0,4,Solved,125327,79530,303293,0.06457257039422312,1.0570377388499204e-12,8.456927328145786e-14,0.3629796026555018,-0.6410784264074384,-0.0001962252166353211,-0.36297695161893995,0.6410790615833548,0.00021981376312484198,-0.0005631798328541486,-0.00031552271481036204,-0.009528782084027894,0.0005621697232390927,0.00031533028840048086,0.009520544274461916,0.15690302231744913,1.0331247674008484,2.8463602101676322e-05,-0.15694496100095162,-1.03316112630757,-1.5433792229312523e-05
0.33,0.014759818658152209,1.8474928022782488e-09,0.5393217978804392,-2.482211939653371e-10,1.0660473635760721e-05,-1.470616558289755e-07,-7.335084961507935e-05,0.00010345205366323552,0.00025341865373025064,0.0,4,Solved,130677,79260,307902,0.06457189271494473,2.0664404331585422e-12,2.130023317014479e-13,0.3629767298015975,-0.6410799480370077,-0.0002441566860356412,-0.3629740707373502,0.6410805877861716,0.00026782283309272536,-0.000582492570814668,-0.0002972913216686399,-0.009626808252574543,0.0005858224043790956,0.0002989087470421671,0.009658006443294625,0.15692066911721753,1.0331367563562193,2.4893366745779474e-05,-0.15693070466121378,-1.0331502834391157,-2.8260303891856646e-05
0.335,0.014758544758194212,1.570582221322107e-09,0.5393217563075046,2.5725310661618177e-10,1.0137947958923606e-05,-1.4663965170569483e-07,-7.039186108981218e-05,0.00010519099577068038,0.0002559001441882456,0.0,4,Solved,124675,79421,302121,0.06457213679570901,1.0509092353324822e-12,7.789671499118045e-14,0.36297375455520414,-0.6410813815908972,-0.00029263038428398787,-0.36297108240278064,0.6410820273592012,0.00031641942558640826,-0.0006037409833077971,-0.00028005450711259764,-0.009742070694227655,0.0006059066385000648,0.0002809962075753778,0.009762357918074975,0.1569183646888411,1.0331340234616595,3.164521585184987e-05,-0.1569369683468317,-1.0331541887313442,-3.0707547194197156e-05
0.34,0.01475725864739642,1.4065932873257373e-09,0.5393217200494597,5.593256936089717e-10,9.607556860076573e-06,-1.4656186913819106e-07,-6.739744420809726e-05,0.00010662502834235226,0.0002582569115737352,0.0,4,Solved,126059,80242,311679,0.0645717357627774,1.051334914990683e-12,8.160961075299886e-14,0.3629706786914056,-0.6410827275498306,-0.00034163670131217086,-0.36296799461836576,0.6410833778611266,0.000365534566340594,-0.0006231396482860966,-0.00026234492726332544,-0.0098428358402939,0.0006256686729351807,0.00026323305199162187,0.009865589653069575,0.15692917652231567,1.0331406922679933,3.163884937796039e-05,-0.15692937659180292,-1.0331477722044384,-4.0168490837726284e-05
0.34500000000000003,0.014755960933437713,1.3934914992198659e-09,0.5393216891067648,5.864748786650917e-10,9.070438654737807e-06,-1.467523343816324e-07,-6.437136721692206e-05,0.00010795122532722422,0.0002605105153595423,0.0,4,Solved,124806,79260,305757,0.06457152044441544,1.046103989507859e-12,8.041146541728113e-14,0.36296750334248956,-0.6410839863724686,-0.00039116616561143177,-0.3629648150199419,0.6410846370003876,0.0004150990328973249,-0.0006433757185437655,-0.00024508464463721634,-0.009949994266382814,0.0006431175033549203,0.00024462449652761696,0.009946603531777417,0.15693551542192996,1.033144327110647,3.408962849580787e-05,-0.1569268184071111,-1.0331442430803344,-4.711464122803253e-05
0.35000000000000003,0.014754652175840413,1.6632326423663803e-09,0.5393216634717353,9.970003867147668e-11,8.527285983256783e-06,-1.474823120710672e-07,-6.131713291602967e-05,0.00010904853988854136,0.0002626465274406137,0.0,4,Solved,133562,79410,311919,0.06457262934382058,2.0649042259977158e-12,2.1492028534457475e-13,0.36296422779120563,-0.6410851592756143,-0.0004412272901460324,-0.3629615535762471,0.6410858024012098,0.0004650261876884626,-0.0006633017281864378,-0.00022794078794941613,-0.010055790122472713,0.000658775446551807,0.00022577645706670703,0.010013482999565202,0.1569117819278731,1.033126329238691,5.188956440897901e-05,-0.15695391316599588,-1.0331620695011292,-3.8812130511503847e-05
0.355,0.014753332971537293,1.925372547736995e-09,0.5393216431274154,-3.798768899591518e-10,7.979065142497092e-06,-1.4776761434044462e-07,-5.823839780924036e-05,0.00011003323584389018,0.00026467610139642813,0.0,4,Solved,132841,80132,310988,0.06457240322612537,1.0487357294520139e-12,8.424582009214253e-14,0.3629608679385139,-0.6410862400835894,-0.0004916742730155968,-0.3629582031124934,0.6410868789209146,0.0005153839995429567,-0.0006781513787386119,-0.00020869849490265678,-0.010114052243092883,0.0006780005125935129,0.00020866898601450674,0.010112278858851605,0.15691818470963592,1.0331293281425653,5.43276356172018e-05,-0.1569511619345181,-1.033158451618006,-4.587046258079095e-05
0.36,0.014752003884314295,1.833219711898496e-09,0.5393216280611379,-2.1824150361921583e-10,7.42639916203547e-06,-1.4719862547328287e-07,-5.513861177491701e-05,0.00011084068297649962,0.0002665915374884377,0.0,4,Solved,124997,79650,302922,0.06457165031988271,1.0620506029982279e-12,8.020415690923728e-14,0.3629574342211293,-0.6410872259930783,-0.0005424125246884817,-0.36295476202969656,0.6410878684466078,0.0005661898652583744,-0.000692864063956148,-0.00018987340763464678,-0.01017219583552333,0.0006954218892861738,0.00019107659420472341,0.010195868886238255,0.15693667684951443,1.03314067483685,5.048747216421043e-05,-0.15693629337995496,-1.0331464051181234,-5.920154302805025e-05
0.365,0.014750665517310144,1.6917907636631763e-09,0.5393216182426083,4.0457023273867825e-11,6.8702319051160595e-06,-1.4698905288820843e-07,-5.202125120252236e-05,0.00011147442969681784,0.0002683916779694469,0.0,4,Solved,126138,79440,307441,0.06457205491270658,1.070666593306803e-12,8.55904885752081e-14,0.36295392110112884,-0.6410881214583146,-0.000593497394780165,-0.3629512450661693,0.6410887658717214,0.0006173120341756341,-0.0007095210800916966,-0.0001722412549349885,-0.010248861666926248,0.0007091247577947802,0.00017211855055209113,0.010245681624333253,0.1569287853394435,1.0331327939757466,6.0179753886837635e-05,-0.15694766772410482,-1.0331528786033053,-5.9082725556541376e-05
0.37,0.014749318456308969,1.6869885389809473e-09,0.5393216136409171,5.262486780814018e-11,6.311318830933776e-06,-1.4715932151878621e-07,-4.888973056414055e-05,0.0001119719932946497,0.0002700808214577235,0.0,4,Solved,134585,81955,315887,0.06457185283278398,2.0763146820539833e-12,2.1535538922892034e-13,0.36295033251034875,-0.6410889265860077,-0.0006448972578447814,-0.362947657181242,0.641089570776932,0.0006687062828966333,-0.0007236021206567022,-0.00015388749432887963,-0.010302848770754758,0.0007236216900026368,0.0001538923321398889,0.010303055626773958,0.1569346064289254,1.0331359348337188,6.296794084193474e-05,-0.156946155761953,-1.0331496453245437,-6.552497995091606e-05
0.375,0.014747963338007762,1.6909160882073674e-09,0.5393216142305591,4.746778869707546e-11,5.750783051528309e-06,-1.4725587253464417e-07,-4.574730928411447e-05,0.0001121491642034115,0.0002716335139059207,0.0,4,Solved,128252,79150,305868,0.06457209568010343,1.0600984452117756e-12,8.698008897975195e-14,0.3629466746798527,-0.6410896400552586,-0.0006965612469798354,-0.36294400182799275,0.6410902834391915,0.0007203488415645993,-0.0007372977301802471,-0.0001355573066699558,-0.01035486138734354,0.0007364626900954276,0.00013528757920771247,0.010347599316503116,0.15692887955509696,1.0331286005178386,7.151880756708441e-05,-0.1569547363421536,-1.0331535308816548,-6.682576712348115e-05
0.38,0.0147466007847164,1.6700730758378419e-09,0.5393216199687635,8.603320898477775e-11,5.189637979001566e-06,-1.4722556762106593e-07,-4.2597393215870054e-05,0.00011228928271685756,0.0002730881728742241,0.0,4,Solved,125567,79400,302852,0.06457175062854746,1.0465643739734338e-12,8.539423104132927e-14,0.3629429545871523,-0.6410902613051054,-0.0007484303462834089,-0.3629402811368627,0.6410909052875937,0.000772224429311714,-0.000748937781353051,-0.00011703340233469279,-0.010388590017951633,0.0007496834973998543,0.00011740114584454087,0.010395526568158134,0.1569367613166315,1.0331318972027828,7.315481785018793e-05,-0.1569504168067159,-1.0331480100567594,-7.4706098621457e-05
0.385,0.014745231304821345,1.613631119102792e-09,0.539321630762287,1.8872536897243192e-10,4.6280497301872444e-06,-1.4710962671890878e-07,-3.9443182931015274e-05,0.0001123171760994279,0.00027443369245198267,0.0,4,Solved,125407,85972,309845,0.06457125531878465,1.0560657786492934e-12,8.553737947706635e-14,0.3629391758796652,-0.6410907916030999,-0.0008004751381822906,-0.3629365003142448,0.641091436547985,0.0008242889171882193,-0.0007607157153419506,-9.904545490346346e-05,-0.010424601470790903,0.000760930868288888,9.912734672416244e-05,0.010426585729376492,0.15694790494271094,1.033137224907687,7.311953991788598e-05,-0.1569429287953485,-1.0331400851005543,-8.422407534119879e-05
0.39,0.014743855500400457,1.7078889112179472e-09,0.5393216465405649,2.0339257052499097e-11,4.066876302708499e-06,-1.4745334370369937e-07,-3.6287814656793244e-05,0.00011215367128466895,0.0002756600871259564,0.0,4,Solved,128002,79540,306018,0.06457181846566841,1.0467719779219e-12,7.820384516738792e-14,0.36293533659074506,-0.6410912343953268,-0.0008527216468050702,-0.362932671009643,0.6410918749755188,0.0008764441276935317,-0.0007730628246583608,-8.184615729834642e-05,-0.010467780943758899,0.0007696040883517726,8.036574011969278e-05,0.01043614525213254,0.15693403068548972,1.0331244917776259,8.595555090174474e-05,-0.15696032181994393,-1.0331490954506946,-8.096499765572021e-05
0.395,0.01474247398485455,1.8862861541695554e-09,0.539321667197347,-3.035980144471363e-10,3.507141157607276e-06,-1.4778390398788888e-07,-3.313435214817105e-05,0.00011178204127791691,0.00027676774267886554,0.0,4,Solved,132450,79470,310136,0.06457201751818979,2.0345988509820617e-12,2.0833676580775395e-13,0.36293144707881053,-0.641091588560587,-0.000905088502845438,-0.3629287936501437,0.6410922245082183,0.0009287005700604867,-0.0007815974378457562,-6.378307246988527e-05,-0.010479222866214225,0.0007798301377254332,6.320588208250283e-05,0.010463372877732698,0.15693004660621235,1.0331192027863465,9.356427578202633e-05,-0.15696784393855384,-1.0331522802910367,-8.26359910580345e-05
0.4,0.01474108734936265,1.8315315760793064e-09,0.5393216926458558,-2.0788380177479157e-10,2.9496164794537274e-06,-1.4741415019699436e-07,-2.998595671651621e-05,0.00011131129294006818,0.0002777633844599132,0.0,4,Solved,129004,79150,307010,0.06457192451259162,2.0624498044567355e-12,2.0933534311366742e-13,0.36292751974718307,-0.6410918510437318,-0.0009574655134305546,-0.3629248643579995,0.6410924888995134,0.0009810978339524147,-0.0007885156498222051,-4.525772465317946e-05,-0.010474953349258562,0.0007903356813804881,4.624970936062837e-05,0.010492154488086181,0.15693287715025375,1.0331174283537,9.76548098810306e-05,-0.15696881464488877,-1.033150792201466,-8.784068934207248e-05
0.405,0.01473969619731916,1.551999944084376e-09,0.5393217228433823,2.962496525337614e-10,2.395050594406448e-06,-1.4664184357183606e-07,-2.6845486275722168e-05,0.00011061295714268285,0.0002786341078767295,0.0,4,Solved,128152,79360,313993,0.0645714717275153,2.014129001387182e-12,2.0949843422546355e-13,0.36292356048451063,-0.6410920224052707,-0.0010098076383592046,-0.36292088635515757,0.6410926684279964,0.0010336117378193202,-0.000794546593476467,-2.7214661521001125e-05,-0.01046610472507851,0.000799582278912938,2.9262056120747242e-05,0.010511874809681609,0.15694109873708417,1.0331209021216574,9.897126119242858e-05,-0.1569639181251753,-1.0331435476402449,-9.585689443511541e-05
0.41000000000000003,0.014738301142052724,1.2049983408137506e-09,0.5393217576950444,9.262270797157757e-10,1.8444004551669734e-06,-1.4595804151941154e-07,-2.371592077091742e-05,0.00010979824292178331,0.0002793934074647947,0.0,4,Solved,131819,78789,307831,0.06457076797328082,2.0333304869793097e-12,2.0857309477630148e-13,0.36291957021724347,-0.6410921054724915,-0.0010621153294999893,-0.3629168679820403,0.6410927622394547,0.0010861737961256872,-0.0008008592644970862,-9.793921845378796e-06,-0.010460461968761905,0.0008068877685226328,1.2009265528183567e-05,0.010514801940918321,0.15695561733576055,1.0331280694448033,9.69753412947347e-05,-0.15695268871372173,-1.033132287572493,-0.00010712391377050429
0.41500000000000004,0.014736902730579444,1.015438526442818e-09,0.5393217971110462,1.2755610606486945e-09,1.298054112959396e-06,-1.4590329886252703e-07,-2.0600103574594928e-05,0.00010890690451920089,0.00028004604378381527,0.0,4,Solved,126749,78749,302321,0.06457122815633035,1.0610739266249958e-12,8.387038634373877e-14,0.36291554439663654,-0.6410921049094149,-0.001114434732716784,-0.36291282209390946,0.641092767664683,0.0011386706831454975,-0.0008085036057055237,6.497543592721271e-06,-0.010468049842035717,0.0008111979703316274,-5.9461661135423265e-06,0.010491160016226075,0.1569440406043252,1.033116466511741,0.00010831806546284444,-0.1569676883394591,-1.0331396505012855,-0.00010493391344961404
0.42,0.014735501520959147,1.0197580365301773e-09,0.5393218409924321,1.2702387308444727e-09,7.565153038387036e-07,-1.4608464326641778e-07,-1.75007709111515e-05,0.00010789022390261879,0.00028058657653047466,0.0,4,Solved,133351,79159,313803,0.06457065474565288,1.0705401148637268e-12,8.293895466304314e-14,0.36291148998580613,-0.6410920205194097,-0.001166709760182001,-0.3629087504759344,0.6410926872676933,0.0011910927577911264,-0.0008129620025134175,2.3570823380780532e-05,-0.010448299391738093,0.0008168860252563578,-2.2615189489533605e-05,0.010481835859638862,0.1569555215335083,1.0331212370816245,0.00010782195020152224,-0.15695962318517148,-1.033130475930446,-0.00011448348924260061
0.425,0.014734098091448943,1.0917274524201064e-09,0.5393218892342456,1.1389489957502355e-09,2.2047587268397122e-07,-1.4622176513070602e-07,-1.4420605166547263e-05,0.00010673462235107428,0.00028101347092275895,0.0,4,Solved,124245,78338,301038,0.06457068318899598,1.067827040266133e-12,8.523401883570218e-14,0.36290741082770406,-0.6410918537471993,-0.001218913239419191,-0.3629046582465858,0.6410925221472312,0.0012434028545500703,-0.0008182307398144296,3.9675910878269684e-05,-0.010437509063864845,0.0008199808823799758,-3.9741018355796935e-05,0.010450782993796117,0.15695361364618324,1.0331162612368157,0.00011413995412294425,-0.1569651015759248,-1.0331309310239356,-0.0001170832454075779
0.43,0.014732693035849275,1.3155966319046203e-09,0.5393219417273766,7.30154124628723e-10,-3.0922258425753837e-07,-1.465633898059976e-07,-1.1362174440253694e-05,0.00010538164751751121,0.0002813202750887763,0.0,4,Solved,126129,78558,302371,0.06457141566301917,1.0614428857531872e-12,8.344751258283013e-14,0.3629033101666526,-0.6410916064011078,-0.0012710266651831026,-0.3629005515839742,0.6410922732939281,0.0012955566274314534,-0.0008218973280845019,5.580302410724219e-05,-0.010414703038341407,0.0008227245373206284,-5.6252825396657126e-05,0.010419304816669486,0.15693749265702434,1.0331014017316833,0.00012782184637315065,-0.15698619271167194,-1.0331426506083068,-0.00011179200420628303
0.435,0.014731287094717785,1.4170444552621344e-09,0.539321998356691,5.377329349516719e-10,-8.304878944741614e-07,-1.4629784213313967e-07,-8.327742292133439e-06,0.0001034036680444465,0.00028145591875168027,0.0,4,Solved,145355,80031,323431,0.06457025580554646,2.0509694281864695e-12,2.1034630742940152e-13,0.36289920509891177,-0.6410912752615238,-0.0013229223822819381,-0.3628964263247095,0.6410919468527658,0.0013476216165207824,-0.0008209352381998905,7.297037813240474e-05,-0.010357408802229106,0.0008270867124841493,-7.114373284237915e-05,0.010410567458548814,0.15695913592407282,1.0331127529319364,0.00012175470967110721,-0.156965913991296,-1.0331240928887433,-0.0001272112004588474
0.44,0.014729880879246513,1.3570222120299493e-09,0.5393220590070723,6.409828868675528e-10,-1.3422815880299525e-06,-1.4585846860415775e-07,-5.320311557835592e-06,0.00010173854063612755,0.00028153362124252285,0.0,4,Solved,132600,79130,309274,0.06456996836974098,1.0678682816658856e-12,8.07629471915189e-14,0.36289509432495143,-0.64109086417411,-0.0013746119943136039,-0.3628922905572737,0.6410915420230593,0.0013995246960863893,-0.0008234535084472879,8.821824921132317e-05,-0.010326691097312731,0.0008277114834416471,-8.732672106869486e-05,0.010362575733894942,0.15696403779785328,1.0331119814564411,0.0001244034019866577,-0.15696453628976126,-1.0331194939158557,-0.00013317568508933064
0.445,0.01472847472290822,1.5086416135092929e-09,0.5393221235503992,3.6483966315212267e-10,-1.8458189836829304e-06,-1.4614399897430802e-07,-2.3420026568503686e-06,9.998640154987545e-05,0.00028150684480620427,0.0,4,Solved,124856,79080,301219,0.06456987603438287,1.0672662609498547e-12,8.502094896836978e-14,0.36289097265084,-0.6410903787164016,-0.0014261448639142503,-0.3628881562515718,0.6410910570051654,0.0014511565065393943,-0.0008254196159949471,0.00010285755259959227,-0.010294920815192949,0.0008268001394936289,-0.00010327685868631895,0.010304086258576362,0.15696283693497345,1.0331078623656431,0.00013007184644589265,-0.15696862636902478,-1.033118016550126,-0.00013608609351791612
0.45,0.014727069190296035,1.8407595326358343e-09,0.5393221918570797,-2.4011027617424843e-10,-2.3403727477641237e-06,-1.4671033750549216e-07,6.047576683971656e-07,9.81956143470266e-05,0.0002813802523395035,0.0,4,Solved,125687,103045,329182,0.06457003183121895,1.0620166015135095e-12,8.117738278373721e-14,0.36288684447822256,-0.6410898198634383,-0.001477487792273417,-0.36288402707808726,0.6410904941316584,0.0015024926400589087,-0.0008262831754799814,0.00011756615811482595,-0.010252803771633026,0.0008256916813569362,-0.00011861583030655431,0.01024443976983152,0.15695896624802483,1.0331032965760223,0.000137439821767949,-0.1569785009187494,-1.0331205092995033,-0.00013621927617863628
0.455,0.014725665027471472,2.1126366514723046e-09,0.5393222638318903,-7.358587028718848e-10,-2.8237652134301562e-06,-1.47066198945235e-07,3.5182705193312646e-06,9.551870838071218e-05,0.00028105152416472344,0.0,4,Solved,128032,80321,307371,0.06456954593001983,2.0358881811831483e-12,2.1327656708845094e-13,0.3628827208119022,-0.6410891859806335,-0.0015285704228026865,-0.36287990529673864,0.641089857208132,0.001553549378553405,-0.0008242080857430714,0.00013276598726219162,-0.010194132081714484,0.0008239653242239099,-0.0001331008195129816,0.010190989156842545,0.1569647963890089,1.0331014022481684,0.00013903353049039542,-0.15697285610112044,-1.0331127348803173,-0.00014384544073463645
0.46,0.014724262891150926,2.249623006093821e-09,0.5393223393555326,-9.836279045030952e-10,-3.2944615759983838e-06,-1.472964649844143e-07,6.395611438102855e-06,9.333922640018766e-05,0.00028069107930981996,0.0,4,Solved,127030,79731,304906,0.06457004744292794,1.0709661106567758e-12,8.325617342516888e-14,0.3628786040753025,-0.6410884796279139,-0.0015793715450056877,-0.3628757947008084,0.641089147706832,0.001604292240788104,-0.0008232753984802819,0.00014681657979383347,-0.01013931258233066,0.000821394949098074,-0.00014763414383471056,0.01012202646267227,0.15695189222082095,1.0330876975423795,0.0001504844085165992,-0.1569892531532769,-1.033120759086847,-0.0001404082484507999
0.465,0.014722862979764528,2.2797021156694033e-09,0.5393224182679809,-1.0388597279503148e-09,-3.7546014478614828e-06,-1.4724209908382233e-07,9.235079449049252e-06,9.111619323789258e-05,0.00028023397384144044,0.0,4,Solved,122842,79390,307411,0.06456981114535605,1.0575353119944255e-12,8.426719555090164e-14,0.3628745024502058,-0.6410877011967743,-0.0016298156759556209,-0.3628716924472322,0.6410883698475282,0.0016547423695757876,-0.0008188721214002715,0.0001614685469170603,-0.01005691862788211,0.000820315419556602,-0.0001607614746931164,0.010070295907248596,0.15695397478651468,1.0330855037685456,0.00015427380667618713,-0.15699053689281975,-1.0331169783256968,-0.00014452217287158812
0.47000000000000003,0.014721465912502143,2.0225209303864724e-09,0.5393225004289169,-5.724561552618827e-10,-4.202839620674073e-06,-1.466172396741702e-07,1.2034715908760386e-05,8.863447317947101e-05,0.0002796550556664227,0.0,4,Solved,145535,87536,362765,0.06456890286225121,1.0510187146708323e-12,7.736083777068523e-14,0.36287042541596115,-0.6410868510302438,-0.001679835021894231,-0.3628675987832699,0.6410875274646961,0.0017049166745173754,-0.0008135986231400658,0.00017562451304235297,-0.009970171961065578,0.000818182676911881,-0.0001735286859033387,0.010012849831108271,0.1569709916404085,1.033092903700024,0.00015007693455343924,-0.156975551146271,-1.0331024457960194,-0.00015678974457709755
0.47500000000000003,0.014720072176502006,1.7036502333093147e-09,0.5393225857050459,1.2617847140120113e-11,-4.63890619160762e-06,-1.4628072743512893e-07,1.4792389882181002e-05,8.629825596177853e-05,0.0002790026795829849,0.0,4,Solved,125658,83267,325074,0.06456868666010157,1.0648107075600388e-12,8.575757596197959e-14,0.3628663676794065,-0.6410859350349773,-0.0017294812762547165,-0.36286352499920044,0.641086618428856,0.0017547128631838222,-0.0008106683264695883,0.00018816641596525985,-0.009903492631398772,0.0008129891179921391,-0.00018722149808396928,0.00992518078151831,0.156973798947963,1.033090592500822,0.00015318504477100783,-0.15697593024651138,-1.0330989865616251,-0.0001612211924325021
0.48,0.01471868218187391,1.631358317998951e-09,0.5393226739841709,1.521728401174269e-10,-5.063184015874027e-06,-1.466065511499545e-07,1.750642764726496e-05,8.386958912472615e-05,0.0002782484532011737,0.0,4,Solved,125217,92394,326116,0.06456854881005832,1.0657346628156974e-12,8.606286659438386e-14,0.3628623264154092,-0.6410849573930405,-0.0017787850051871994,-0.36285947991022216,0.6410856416907253,0.001804051529079055,-0.0008071404594002655,0.00020036548764680226,-0.009833772891646497,0.0008068740143776809,-0.0002006715472237459,0.009831040384414413,0.1569864253253127,1.033096780960933,0.00015141414059478446,-0.15696701002961028,-1.0330873707915564,-0.00017022185156358592
0.485,0.01471729653900945,1.8598292179174566e-09,0.5393227651570625,-2.5429841548810606e-10,-5.474348362660337e-06,-1.4752619624094328e-07,2.0175228824350922e-05,8.108865713681096e-05,0.0002773626617718057,0.0,4,Solved,131649,82195,319193,0.06456908425107025,2.0618915013224036e-12,2.1337466705627015e-13,0.3628583003789365,-0.6410839214412398,-0.0018277737708202047,-0.36285547381324273,0.6410845971333053,0.0018528591467814471,-0.0008044107883036957,0.0002116870356539076,-0.009775198559467662,0.000797955231140469,-0.00021431624326468673,0.009716772726634565,0.1569598702542191,1.0330722825433145,0.00016927274441614213,-0.15699659376369682,-1.033105348017124,-0.00015966577945918884
0.49,0.014715915876813345,2.173779868180493e-09,0.5393228590975828,-8.232596133805766e-10,-5.87082316678849e-06,-1.481630945090859e-07,2.2797109425356677e-05,7.807296443640626e-05,0.00027636183570832056,0.0,4,Solved,137800,106612,355782,0.06456832526180867,1.0584046496675936e-12,8.009462281719331e-14,0.3628543047540463,-0.6410828242807582,-0.0018763276501902724,-0.36285150049989573,0.6410834916070728,0.0019012110646914443,-0.0007961201549957175,0.00022452036989954716,-0.009669438083529217,0.0007929415452157193,-0.00022558715666234875,0.009640819380907986,0.15697082023025696,1.0330753333410494,0.0001679536037032887,-0.1569869069046235,-1.0330932041889387,-0.00016870421004907182
0.495,0.014714540595538915,2.2944976154111606e-09,0.53932295564667,-1.0464046985755051e-09,-6.252790994502481e-06,-1.4812744110358464e-07,2.537024041146387e-05,7.532399622065653e-05,0.0002753092725272422,0.0,4,Solved,146988,106421,377934,0.06456828869363765,2.0680759847924023e-12,2.1467147449851648e-13,0.3628503460292512,-0.6410816672232701,-0.0019243879532186748,-0.3628475586709829,0.6410823292245745,0.0019491212793410642,-0.0007893199644043226,0.0002359575215449187,-0.009575248510498202,0.0007858108571206286,-0.00023702074639300638,0.009544310677654157,0.15696742505327746,1.0330684313640008,0.00017387974433376045,-0.15699258269059688,-1.0330926190982024,-0.0001699249066243385
0.5,0.014713170961255712,2.3267753140545024e-09,0.5393230546322543,-1.1066299749909787e-09,-6.621463522339954e-06,-1.4804316190939239e-07,2.789318841658155e-05,7.267853587162341e-05,0.00027418545098354487,0.0,4,Solved,127331,81544,316247,0.06456759315014596,1.0631668450938448e-12,8.102671808202867e-14,0.3628464253937495,-0.6410804534102289,-0.0019719433005125713,-0.3628436518123402,0.641081112137803,0.001996558175431702,-0.0007811579652680227,0.0002472549138601569,-0.009469716261238256,0.0007789003290786499,-0.00024765085452159566,0.00945080186923398,0.15699194820763349,1.0330814904023353,0.00016559321309795935,-0.15697136341111143,-1.0330727368392503,-0.0001849215731320951
0.505,0.014711807464387949,2.4384264538502118e-09,0.5393231558929253,-1.3046699309694587e-09,-6.97615860507602e-06,-1.4848481704230595e-07,3.0364755589048143e-05,6.972644396709342e-05,0.00027294330712728963,0.0,4,Solved,125116,83026,321367,0.06456800434001841,1.0545341370465914e-12,8.122523029849907e-14,0.3628425371413441,-0.6410791898679148,-0.002019065657250954,-0.3628397943680914,0.6410798387388023,0.00204341024785839,-0.0007757837517858352,0.00025633984010494016,-0.009395561167107082,0.0007670495369726834,-0.0002593158454765641,0.009318296480904523,0.1569662436978489,1.0330587447794561,0.00018261500585509032,-0.1569988040942716,-1.0330880694402946,-0.00017473377233880608
0.51,0.01471045059244348,2.6623939046892806e-09,0.5393232592821509,-1.7081008842142167e-09,-7.316193526840572e-06,-1.4904319145905948e-07,3.2783322444753076e-05,6.689286114103258e-05,0.00027163241611188275,0.0,4,Solved,123353,95431,344501,0.06456760104722878,1.0641786143456456e-12,8.204413029048996e-14,0.36283869012954467,-0.6410778756511029,-0.002065680049708606,-0.3628359829792313,0.6410785140482649,0.002089713347787146,-0.0007656484880579019,0.0002671456831218993,-0.009275857687587314,0.0007595609939394093,-0.0002686858653675513,0.009223378104799677,0.15697205499084638,1.0330584139220098,0.00018381065311095642,-0.1569966329486791,-1.0330816167556605,-0.0001798019296607257
0.515,0.014709100796071467,2.623570585313256e-09,0.5393233646612634,-1.6371902011930083e-09,-7.641146082996575e-06,-1.4888938143585958e-07,3.514803409787451e-05,6.364370339775335e-05,0.0002701934328880755,0.0,4,Solved,125948,80432,308804,0.06456680148973724,1.0539651174474656e-12,8.59028892286414e-14,0.36283489550827264,-0.6410765105311537,-0.0021117048048579145,-0.36283221508342306,0.6410771435223036,0.002135512825606293,-0.0007549199332629632,0.0002769273589106971,-0.009158987524348287,0.0007500684240233912,-0.0002777203882009691,0.009118824258039344,0.156985056944539,1.0330634253512303,0.0001808151393090205,-0.1569849354372573,-1.033068823835796,-0.00018935317433782907
0.52,0.014707758582406466,2.5312394822596996e-09,0.5393234718727661,-1.4631062771848563e-09,-7.95000753800602e-06,-1.489791907273002e-07,3.7457292271379235e-05,6.057272410681713e-05,0.00026869578068892247,0.0,4,Solved,125176,80081,306739,0.06456775108388005,1.0585955539917404e-12,7.994599701643303e-14,0.3628311483421971,-0.6410751001144317,-0.002157191484354028,-0.3628285009648586,0.6410757258753563,0.0021807211570455502,-0.0007462388501806895,0.0002855314214072317,-0.00905742228261521,0.0007384758830507462,-0.0002873977408059381,0.008991513376811254,0.15696028262862788,1.0330410625451045,0.00019716600188744,-0.15701185734468537,-1.0330840173420808,-0.00017913250736761535
0.525,0.014706424211827504,2.3274232628004488e-09,0.5393235808193723,-1.0882423545859432e-09,-8.243909700468672e-06,-1.4874787183608665e-07,3.971009734456512e-05,5.7586708300839144e-05,0.0002671295897800955,0.0,4,Solved,130316,79850,320966,0.06456693851896014,2.0771689990470313e-12,2.1575893605378302e-13,0.36282745932573685,-0.641073642160676,-0.0022020389144820083,-0.36282483264740545,0.6410742665808218,0.0022254044602875328,-0.0007326634943539809,0.0002956163925137589,-0.008912187718782659,0.000730906204185741,-0.0002948730154702851,0.008901153058397157,0.1569744599432145,1.0330466575201782,0.000193494312820915,-0.1570000131231348,-1.0330710163033623,-0.00018873318915886068
0.53,0.014705098085866215,1.8256377481481782e-09,0.5393236913745871,-1.7245349247442443e-10,-8.522668202511891e-06,-1.4793884042472933e-07,4.190550920764886e-05,5.4512905800774965e-05,0.00026547732339457454,0.0,4,Solved,121750,80212,301851,0.06456649731298503,1.0802332222956162e-12,8.266813760984763e-14,0.36282383323700534,-0.6410721386088043,-0.0022462133771634653,-0.36282121088191793,0.6410727680863596,0.002269564301693872,-0.0007207070874975557,0.00030412438017281827,-0.008784493526158618,0.0007204549158945334,-0.000302943668834353,0.008787013510701672,0.15697994000242366,1.0330458866011072,0.00019404289471196878,-0.1569962572249857,-1.0330639570077604,-0.00019405451916354856
0.535,0.014703780586772505,1.3479243283830529e-09,0.5393238033971085,7.041603118368824e-10,-8.786148971776292e-06,-1.4748466381057762e-07,4.404250201201438e-05,5.149803075691144e-05,0.0002637579407574309,0.0,4,Solved,127661,78999,303854,0.0645663094137789,2.0652718519548104e-12,2.166673009626821e-13,0.36282026574672355,-0.6410705950221143,-0.0022897619573472652,-0.36281764464558447,0.6410712294299961,0.0023131228196685725,-0.0007091408885619875,0.0003118137016505665,-0.008660939626341251,0.000708905159316043,-0.0003109530555324753,0.008662633905983099,0.1569799893025473,1.033041329352917,0.00019733681155098963,-0.15699831052537006,-1.0330609506204624,-0.00019633349215914336
0.54,0.014702472053772524,9.90967628512279e-10,0.5393239167496168,1.3608131397994148e-09,-9.034512475527104e-06,-1.4726806425415352e-07,4.612029456769172e-05,4.844513853205215e-05,0.00026196184527351655,0.0,4,Solved,129114,80402,306740,0.06456564786915844,2.08695970526612e-12,2.1784194592514364e-13,0.3628167583491421,-0.6410690142500772,-0.0023326794324443527,-0.3628141371832687,0.6410696524626464,0.002356056204903234,-0.0006968204767384862,0.00031909045953938377,-0.008532921346312942,0.0006970014533980799,-0.0003183943814918072,0.008537107367823057,0.15699004695100058,1.0330442931428228,0.00019540134901045803,-0.1569902212675033,-1.033050365906535,-0.0002036654098187696
0.545,0.01470117287124835,8.242077531333202e-10,0.5393240312881625,1.6707995068223114e-09,-9.267449763424225e-06,-1.4737809987723962e-07,4.813810716674066e-05,4.534192007033056e-05,0.00026008932435110904,0.0,4,Solved,137029,80272,329221,0.06456630570244327,2.0643277033026327e-12,2.1699853827890359e-13,0.3628133094005376,-0.6410674003893065,-0.00237499073358889,-0.3628106953620768,0.6410680379309174,0.00239831234020975,-0.0006855394136602309,0.0003252888076973433,-0.00841611862695885,0.000683055337467258,-0.00032595293125031776,0.008395044008122516,0.15697168528749364,1.0330264701910417,0.00020788699749977991,-0.15701056113502446,-1.0330608912390924,-0.00019632889432513097
0.55,0.014699883408743742,7.550405967436911e-10,0.5393241468792037,1.7969878867396644e-09,-9.484723551685093e-06,-1.4730570812624246e-07,5.0095237048435745e-05,4.218860758539071e-05,0.0002581414648867385,0.0,4,Solved,127271,79440,309305,0.06456550576923,2.0790701203588443e-12,2.1754166258094662e-13,0.3628099281905154,-0.6410657524948977,-0.0024166198824616047,-0.36280731459619203,0.6410663911540002,0.002439941476607515,-0.0006704940776598522,0.00033248478981928357,-0.008266697083531381,0.0006719735948279418,-0.00033169597680741497,0.008280571108837361,0.15698482639871458,1.0330315327427368,0.00020409163829205855,-0.15699902946315977,-1.03304809230768,-0.00020517864125260286
0.555,0.014698604007133461,6.289258143150145e-10,0.5393242633985514,2.022820212188233e-09,-9.6862794817119e-06,-1.4691862858463423e-07,5.199101327134375e-05,3.906505426329152e-05,0.00025612976975932346,0.0,4,Solved,129825,79631,307250,0.06456483838531366,2.062992968875342e-12,2.174609979393137e-13,0.36280661668602,-0.6410640728437766,-0.0024575536852631794,-0.3628039967813952,0.6410647141380422,0.002480932433923263,-0.0006572615096715648,0.0003383008219619246,-0.008134360256196476,0.0006583909595511426,-0.0003379362441828721,0.008144240876111314,0.15699521614298886,1.033034626073815,0.00020161570758994135,-0.1569904114311741,-1.0330374141650185,-0.00021245741650865167
0.56,0.014697334980564756,7.199774488039776e-10,0.5393243807149377,1.856851220504647e-09,-9.872187419744442e-06,-1.4712569360207432e-07,5.382491814893049e-05,3.5919400936542206e-05,0.0002540501297160651,0.0,4,Solved,135987,80101,318241,0.06456486165911453,1.0692161517284431e-12,8.222484981227968e-14,0.3628033678393089,-0.6410623674293261,-0.002497863044034924,-0.3628007529794771,0.641063005458878,0.002521191675240416,-0.0006451889482474804,0.00034303034728327167,-0.008014362946021038,0.0006427684964703653,-0.0003443279322668621,0.007991207831011848,0.15699040535903921,1.0330267162146662,0.00020681449124952973,-0.1569968982094811,-1.0330377865458324,-0.00021186455297472295
0.5650000000000001,0.014696076661864791,1.0598341800444025e-09,0.539324498695712,1.2368272306985146e-09,-1.0042276633279668e-05,-1.476893737867581e-07,5.5596466754059307e-05,3.274609705721959e-05,0.0002519036470605758,0.0,4,Solved,130136,80071,311038,0.06456498998274812,2.0821991586675915e-12,2.1842212283643136e-13,0.3628001834911935,-0.6410606382000892,-0.0025375390406486577,-0.36279758547681495,0.6410612677210378,0.0025607071821416535,-0.0006317429092535748,0.0003478138129396901,-0.007883269717587186,0.000627729744465504,-0.0003497708316602074,0.007845200902152941,0.1569828223128182,1.0330170747042755,0.00021335105831548888,-0.1570059866334235,-1.03303983972397,-0.00020976067659055742
0.5700000000000001,0.01469482935991266,1.4158183222217308e-09,0.5393246172139265,5.821253228626337e-10,-1.019650729450076e-05,-1.4794548006569216e-07,5.730523037969459e-05,2.9580817504120457e-05,0.0002496963574718655,0.0,4,Solved,125227,79630,303172,0.0645645462150471,1.0674348530581303e-12,8.283924621936177e-14,0.3627970715459687,-0.6410588843742934,-0.002576514548358145,-0.36279448991182445,0.6410595061024936,0.002599526563832745,-0.0006165684261610306,0.00035281935333389056,-0.007737169998763564,0.0006137645400894768,-0.000354122334901281,0.007710408015564683,0.15698832211089134,1.0330167573967073,0.000213058566112145,-0.15700202728996165,-1.0330327394407537,-0.0002142522434156788
0.5750000000000001,0.014693593368260042,1.6786542302052035e-09,0.5393247361469828,9.616184948392353e-11,-1.033489467297634e-05,-1.4796948930775258e-07,5.895088182738779e-05,2.6405075244536397e-05,0.00024742774469615195,0.0,4,Solved,131168,81224,311538,0.06456452949861229,1.0724131635025147e-12,8.054133366018957e-14,0.3627940339446402,-0.641057107901978,-0.0026147769616893723,-0.3627914676975798,0.6410577229283378,0.0026376444917707615,-0.0006018851227356127,0.0003570458706236304,-0.007596772555762932,0.0005986262494862835,-0.0003584068613103911,0.007566463369560038,0.15698416797351972,1.0330093724802107,0.00021760089653396816,-0.15700757791158035,-1.0330324719777966,-0.00021375872021499987
0.58,0.014692368978665634,1.8664221478710366e-09,0.5393248553696951,-2.5193602277453445e-10,-1.0457377449382152e-05,-1.479174767072695e-07,6.0533155114815494e-05,2.32223250513406e-05,0.0002451006339630374,0.0,4,Solved,131699,79349,309535,0.06456510370899636,2.0846509706201834e-12,2.1881607786019934e-13,0.36279107329855914,-0.6410553106605554,-0.002652309793993445,-0.3627885196347382,0.6410559208437462,0.002675061130931632,-0.0005860180682272262,0.00036115155070157986,-0.007447167095960338,0.000583988543578183,-0.0003618682730213976,0.007428586119683056,0.1569664286199587,1.032992701327246,0.0002293098057915548,-0.15702789230636258,-1.0330416593439418,-0.00020570487235197556
0.585,0.014691156586447162,1.7013425525608004e-09,0.5393249747130037,3.9665673587881746e-11,-1.056283125505005e-05,-1.4706465895280008e-07,6.205216365519646e-05,1.9596651514546218e-05,0.00024266785780192805,0.0,4,Solved,126239,79681,304686,0.06456451552844573,2.1102931376454526e-12,2.1852716169815448e-13,0.3627882051316497,-0.6410534910484615,-0.0026890009728903295,-0.36278563824294857,0.6410541081295376,0.0027118753447712162,-0.0005657683801495054,0.00036585075643803583,-0.007266405634310013,0.0005715070074455029,-0.00036313853842924937,0.007319555644617876,0.15697599100737056,1.0329952932585886,0.00022623179989330835,-0.15701878800212624,-1.0330322484551318,-0.00021247419315538468
0.59,0.014689956551794477,1.0750982330263647e-09,0.5393250940407934,1.1733064571559838e-09,-1.0650419575719264e-05,-1.4557107056876205e-07,6.3507286793641e-05,1.6191795268987367e-05,0.0002402045983920315,0.0,4,Solved,136307,92715,328461,0.06456336065805668,2.090255791470477e-12,2.192419321447609e-13,0.3627854319461276,-0.6410516509694808,-0.0027248315888937476,-0.3627828230365535,0.641052286156393,0.0027480920948006766,-0.0005475770753167119,0.0003695679891471267,-0.007099879660755716,0.0005577782317767096,-0.0003653627246967488,0.007193182247867592,0.15699673225654545,1.033005958599399,0.00021746436707229108,-0.15699884586124746,-1.0330137705289069,-0.00022479678449693116
0.595,0.014688768965458562,4.914691454460783e-10,0.5393252133031408,2.239351359732369e-09,-1.072168431949777e-05,-1.4479600840920648e-07,6.489853706526698e-05,1.29826594065928e-05,0.0002377123382527561,0.0,4,Solved,125076,79790,304024,0.06456313574466031,1.0654919795653928e-12,8.250188798498308e-14,0.36278273962769,-0.6410497982894645,-0.0027599222146680235,-0.3627800871745218,0.6410504497033587,0.0027835774814699834,-0.0005327285226719475,0.00037132436267499043,-0.006964077871120549,0.0005404848984840861,-0.00036868569973002213,0.007033712712325494,0.15700864955529706,1.033010171914565,0.00021328127223459392,-0.1569881442251107,-1.0330018210914529,-0.0002322596462343447
0.6,0.014687594031040424,3.891913620617853e-10,0.539325332367172,2.43586723380138e-09,-1.07769312345863e-05,-1.452889402714147e-07,6.622601134473548e-05,9.752487192047626e-06,0.0002351681823862053,0.0,4,Solved,125136,79299,302692,0.06456350557366151,1.081320415811012e-12,8.339314453564842e-14,0.3627801172239062,-0.6410479406504141,-0.0027943821537807353,-0.3627774444963412,0.641048596247701,0.002818211950430962,-0.000519323151473392,0.0003718238924911504,-0.0068443493416149095,0.0005209334723279328,-0.0003721331285089776,0.0068563350134306245,0.156984034536388,1.032988699163994,0.00022760836295213362,-0.1570136621909855,-1.0330160891785842,-0.00022098938248938911
0.605,0.014686431984735314,5.986058608565755e-10,0.5393254511006937,2.056696801322932e-09,-1.0816111004574652e-05,-1.4583374162863558e-07,6.748969492498552e-05,6.5687927966260304e-06,0.00023258145539633546,0.0,4,Solved,129104,81263,319393,0.06456251125413945,2.0858208751871296e-12,2.195579889365017e-13,0.3627775750467122,-0.6410460756734618,-0.0028281228031556624,-0.36277488698528815,0.6410467325906022,0.002852075269168084,-0.0005015384180480766,0.0003739059559237646,-0.0066845678118281765,0.0005055390306133833,-0.00037327781648197007,0.006717289823475074,0.15700529504709032,1.0330001800662312,0.00021836713310970223,-0.15699349001263124,-1.0329979948247054,-0.00023298932087374157
0.61,0.014685283029849608,8.944257025178514e-10,0.5393255694146246,1.5152097931720026e-09,-1.0839471664227546e-05,-1.4623231090108182e-07,6.868973062284413e-05,3.4144186698218326e-06,0.00022994966297266837,0.0,4,Solved,123534,79640,312701,0.06456294963069584,1.0731789489555527e-12,8.385925251916359e-14,0.36277511125197787,-0.6410442057716804,-0.002861160530374594,-0.3627724177090044,0.641044859466543,0.0028851434012213597,-0.0004872305760220071,0.00037419569689125745,-0.006556562090796098,0.00048640790389181297,-0.0003756453571351039,0.006545060157729077,0.15698757518370873,1.0329836217081156,0.000228964692832304,-0.1570119339882675,-1.0330071940911334,-0.00022510783745187184
0.615,0.014684147368138844,1.3467600118378988e-09,0.5393256872181434,6.861084443315387e-10,-1.084718041511124e-05,-1.4672408794857225e-07,6.982629043326575e-05,3.4026918017112094e-07,0.00022728068857864664,0.0,4,Solved,131899,79210,308634,0.06456342561941636,2.095627814210937e-12,2.2031221417779124e-13,0.36277272865710664,-0.641042331383521,-0.0028934712419051473,-0.3627700351256511,0.6410429801069285,0.0029174342392020132,-0.0004697150320240975,0.00037547602882851685,-0.0063996725721799565,0.00047023242054489595,-0.0003761785625484993,0.006400586932578303,0.15697148117542029,1.032969495599583,0.0002388327832625368,-0.1570294942685452,-1.0330148099106617,-0.00021754618637289096
0.62,0.014683025231460508,1.4303088787714562e-09,0.5393258043963747,5.218897579397627e-10,-1.0839002919289113e-05,-1.461314576847436e-07,7.089976632588263e-05,2.971718645351402e-06,0.00022454976725915166,0.0,4,Solved,122181,78839,298053,0.06456209974518454,1.0507498084752009e-12,8.044637928818634e-14,0.36277044340618064,-0.6410404480338193,-0.0029249173924105172,-0.3627677262819145,0.6410411033110397,0.0029490812321356385,-0.00044893257032858045,0.00037758946479143435,-0.006216095531882424,0.00045642786160905827,-0.0003749990319445771,0.006282188268588909,0.15701286410378965,1.0329935959229526,0.00021877586922890532,-0.15698847343746333,-1.0329832269923327,-0.0002400197616258369
0.625,0.014681916858074351,1.3769891011448818e-09,0.5393259208340893,6.163247263712376e-10,-1.0814559728938583e-05,-1.4587467167922873e-07,7.191031291366427e-05,6.155522294103878e-06,0.00022178819667945516,0.0,4,Solved,130888,87055,322740,0.06456257956610285,1.0725483804786024e-12,7.810155018287066e-14,0.36276824078609365,-0.6410385654470717,-0.0029556417213320685,-0.3627655077945343,0.6410392236336786,0.002979938341059149,-0.00043519409700718773,0.0003759978127792755,-0.006097514835350304,0.0004355418016389501,-0.000376684064307098,0.006098103413969811,0.1569828932512457,1.0329689737343866,0.00023527766023935247,-0.15701897956408223,-1.0330012730576457,-0.00022559528253931926
0.63,0.014680822354900355,1.5745973989628999e-09,0.539326036438195,2.5569333609762115e-10,-1.0774533297090674e-05,-1.4617982249514912e-07,7.285825987403767e-05,9.226484868305443e-06,0.0002190015070063289,0.0,4,Solved,129846,87154,326317,0.06456178647603829,1.0657810235483749e-12,8.2704638069416e-14,0.36276612248585505,-0.6410366843601456,-0.0029856288018517588,-0.36276337776768613,0.6410373435834729,0.003010018411659397,-0.0004162805777445819,0.00037651456531021855,-0.005931068781292593,0.00041992451348421843,-0.00037573844015170824,0.0059614845513211185,0.15701528378289478,1.0329885836166126,0.00021989795227720136,-0.15698748139114624,-1.0329748966720154,-0.00024283962837011542
0.635,0.01467974188676555,1.8379355997447083e-09,0.5393261511203334,-2.2323392220788917e-10,-1.0719050228544897e-05,-1.466703709619553e-07,7.374413681761943e-05,1.236202562113729e-05,0.0002161717902866796,0.0,4,Solved,128683,91323,335333,0.06456161515530774,1.0662140008966457e-12,7.929003681843446e-14,0.36276408304995805,-0.641034809114014,-0.0030149334257110693,-0.3627613431991748,0.6410354626275638,0.003039266180673727,-0.0004025567610024004,0.0003742713561680438,-0.005814269653427049,0.00039854092296548406,-0.00037663145216292873,0.005775328420560857,0.1570163978108836,1.0329858424849239,0.00022064820345909275,-0.15698968412508066,-1.0329735352886458,-0.00024309467100566297
0.64,0.01467867589407784,2.579780668045149e-09,0.5393262647577315,-1.56816476759176e-09,-1.0645759340722815e-05,-1.482743013517174e-07,7.456888130973146e-05,1.6336452444204058e-05,0.00021320913004728884,0.0,4,Solved,150564,88808,362685,0.0645618684399877,2.0905174203781477e-12,2.2157554221928087e-13,0.3627621164741984,-0.6410329458542968,-0.0030436513322121255,-0.3627594188448176,0.6410335792328085,0.0030675889977516795,-0.00038742887328484374,0.00037176944990758535,-0.005696617425325022,0.0003760276970363753,-0.0003768588246500323,0.005590982900686612,0.1569848523018106,1.0329600756507022,0.00023733013598745627,-0.15701835966589323,-1.032989895039803,-0.00022883792404373513
0.645,0.01467762458910846,3.358249295422775e-09,0.5393263772619341,-2.988650268362455e-09,-1.0554203657524097e-05,-1.4935517828394182e-07,7.533197879508833e-05,1.946167555218521e-05,0.00021031268444433033,0.0,4,Solved,128493,82035,323040,0.06456110490348123,1.0814539254772762e-12,8.266930454993371e-14,0.3627602366271201,-0.6410310884801166,-0.0030716381654464133,-0.36275758746617354,0.6410317023304151,0.0030951310608968016,-0.00036861815907741755,0.00037143403358764647,-0.005531530054021441,0.00036000982700873146,-0.0003745923714138982,0.005453384224025973,0.15699817379737552,1.0329660096948665,0.00023142100652104325,-0.15700560511948794,-1.0329776784556997,-0.00023606596626503154
0.65,0.014676587667862595,3.7987297157227295e-09,0.5393264885770367,-3.795969690361235e-09,-1.0448228800654884e-05,-1.496751347610945e-07,7.603443292164021e-05,2.2358092715431078e-05,0.00020741336340805976,0.0,4,Solved,139904,92946,347497,0.06456097808479791,2.1086702912226584e-12,2.2186609148731782e-13,0.3627584442640773,-0.6410292370719182,-0.0030988629012780426,-0.36275584338995126,0.6410298346172819,0.0031219242883093546,-0.00035195842714434803,0.0003696945453913649,-0.005387357071526341,0.0003416056822949891,-0.0003730218919899902,0.00529562777489856,0.15699642593416235,1.0329615350923798,0.0002330483858508282,-0.15700746495642656,-1.0329756493567666,-0.000235660561217173
0.655,0.014675565252911233,4.101708358858114e-09,0.539326598616125,-4.346831957235784e-09,-1.0327968847736832e-05,-1.5009066695102053e-07,7.667680467944163e-05,2.5167964616561196e-05,0.00020449562057644677,0.0,4,Solved,130436,83077,336636,0.0645612654254655,2.087940110015675e-12,2.2047590901232053e-13,0.36275673602063985,-0.6410273948966593,-0.00312535874714801,-0.36275419001114273,0.6410279762395612,0.0031479398928328326,-0.00033501814057183073,0.0003677749508247716,-0.005240499395317141,0.0003236286855753645,-0.0003709653977373921,0.005141526817746034,0.15698573790976403,1.0329505768305587,0.00023921811084495303,-0.15701833673965027,-1.032980246807448,-0.0002305249884460758
0.66,0.014674557417557719,4.139396444482565e-09,0.5393267072945039,-4.41296255059009e-09,-1.019389166984771e-05,-1.501233625356539e-07,7.72598021208323e-05,2.7907841683335847e-05,0.0002015596691114305,0.0,4,Solved,129264,79840,310847,0.06456057801638268,2.1113140539504714e-12,2.2126325641822126e-13,0.3627551181206216,-0.6410255611098282,-0.0031510709000678715,-0.36275262078267667,0.6410261314959204,0.003173238247589444,-0.0003161931826876001,0.0003662468456599656,-0.005077198379014649,0.0003075463547383752,-0.0003678095949046605,0.00500508015620411,0.15699682509709303,1.0329555767723302,0.00023408307384358346,-0.15700750501852184,-1.0329692482621229,-0.0002364736339022053
0.665,0.014673564255480451,3.91082390915684e-09,0.5393268145282939,-3.9894433772052905e-09,-1.0046207892286527e-05,-1.4997817578444486e-07,7.778416144125895e-05,3.062216729736489e-05,0.00019860201897411604,0.0,4,Solved,124665,79841,305647,0.06456065361613667,1.0686846070578888e-12,8.137721732120868e-14,0.36275358872040425,-0.641023738571339,-0.00317602030924182,-0.36275113757215616,0.641024300843336,0.0031978051611117092,-0.0002992166511544842,0.0003635345578056059,-0.0049316832353812675,0.0002896008471602842,-0.00036520361833267096,0.0048522944335454106,0.15699176278612095,1.0329480841656429,0.00023709612386246521,-0.15701265458348512,-1.0329704578581866,-0.00023417793590913057
0.67,0.014672585860346359,3.6025469287343466e-09,0.5393269202320743,-3.4167641818255373e-09,-9.885037339002978e-06,-1.499555531735384e-07,7.825065112911596e-05,3.330624369512727e-05,0.00019562580653188856,0.0,4,Solved,130536,81093,314144,0.06456078731758408,1.0613316699434421e-12,8.598712551042787e-14,0.3627521471100986,-0.6410219299400893,-0.0032002208132682953,-0.362749741277488,0.6410224852332526,0.0032216346837338214,-0.00028127066152148063,0.0003607050703935482,-0.00477907161397576,0.0002725719510919056,-0.0003619338962759064,0.004708271694546269,0.1569841382537478,1.0329403548790694,0.00024141958230852831,-0.15702023656434433,-1.0329725970813453,-0.0002303469194872213
0.675,0.014671622294243241,3.11760202202351e-09,0.5393270243295891,-2.5243799762497644e-09,-9.71070005541975e-06,-1.4953758726428347e-07,7.866001118102224e-05,3.5896304086202334e-05,0.00019263926538427064,0.0,4,Solved,128062,80091,310306,0.06456003769621296,2.103235636580219e-12,2.219162616458304e-13,0.36275079875860106,-0.6410201343353911,-0.0032236235161330644,-0.362748425479093,0.6410206883189292,0.0032447842414100457,-0.00026214007295827566,0.00035823957108293745,-0.0046148825998245015,0.00025707965933318994,-0.0003578958122412629,0.004577560515814614,0.15699709046445517,1.032946716601195,0.00023490754444789773,-0.1570072822246569,-1.0329606031394074,-0.00023719245254855546
0.68,0.014670673602956633,2.5165050603366157e-09,0.5393271267683291,-1.4178486059833561e-09,-9.523628537948085e-06,-1.4910302569095164e-07,7.90131003414503e-05,3.842218913985747e-05,0.00018964075923909253,0.0,4,Solved,126439,80762,308162,0.06456010835020397,1.0602194343147845e-12,8.48163294342458e-14,0.3627495390680611,-0.6410183551166173,-0.0032462705822726787,-0.3627471935855651,0.6410189091908064,0.0032672212405411576,-0.00024531463935943427,0.00035444438223152495,-0.004472319991127611,0.00023944416819052897,-0.00035464022776033797,0.0044272582405589095,0.1569909912608628,1.0329399113756708,0.0002382352746327343,-0.15701331445954333,-1.0329617336032635,-0.00023406344215203827
0.685,0.014669739841261534,1.975679843212304e-09,0.5393272274803653,-4.1958362343326515e-10,-9.324058557205389e-06,-1.4888365336046332e-07,7.931080541598695e-05,4.09056143084174e-05,0.00018663034837440522,0.0,4,Solved,131719,81564,314985,0.0645598121219053,1.0786371773735426e-12,8.114024448519851e-14,0.3627483667209502,-0.6410165942986145,-0.003268177698841459,-0.3627460462638987,0.641017148797369,0.003288940827328708,-0.0002274184531423409,0.00035083223444010034,-0.004320749220467021,0.00022298835069179174,-0.0003505781640621923,0.004288219914437086,0.15699393132122388,1.0329390168702055,0.0002366994002691488,-0.157010151086012,-1.0329569939504848,-0.00023567089730419538
0.6900000000000001,0.014668821047584931,1.4536186069198633e-09,0.539327326393268,5.425043916358721e-10,-9.112267849593362e-06,-1.4860997113902196e-07,7.955402114957006e-05,4.331843045359286e-05,0.0001836132433118032,0.0,4,Solved,123413,81063,311509,0.06455977290353852,1.0671173206161359e-12,8.115819831300816e-14,0.36274728194163275,-0.641014853361107,-0.0032893457038233598,-0.3627449824198236,0.6410154087011142,0.003309953895771285,-0.00021014621858294575,0.00034662269179945555,-0.004175361401465947,0.00020612595056983534,-0.0003465144756652361,0.004145407176498914,0.15699118067853346,1.0329343919941418,0.0002380280928656279,-0.15701264265150447,-1.0329563664566164,-0.00023422522232744504
0.6950000000000001,0.014667917237843879,1.0133738728606704e-09,0.5393274234447943,1.3523645316702927e-09,-8.888666558758742e-06,-1.4833067754555182e-07,7.974367440133541e-05,4.564514971016899e-05,0.0001805925994319019,0.0,4,Solved,131789,81204,316458,0.0645590964370734,2.1120290188106026e-12,2.226871116027757e-13,0.362746284432963,-0.6410131336334515,-0.0033097780152952436,-0.36274400089592157,0.6410136901444792,0.0033302695483816962,-0.00019256449531923498,0.0003423582990546655,-0.004027044123205286,0.00018991303530189942,-0.000342047137391909,0.004008093470109181,0.1570024087354077,1.0329399354062236,0.00023201801802917889,-0.1570012021762257,-1.0329455429931744,-0.00023997464430637627
0.7000000000000001,0.014667028430193855,7.464640201440241e-10,0.5393275185771157,1.8454973502438364e-09,-8.653577999579219e-06,-1.4832109743356668e-07,7.988077585728166e-05,4.793063870585969e-05,0.00017756535526570135,0.0,4,Solved,124625,96612,325174,0.06455905733875023,1.0672083123964939e-12,8.065751606916879e-14,0.3627453686410582,-0.6410114386425646,-0.0033295270291283075,-0.36274310612704763,0.6410119923053558,0.003349849013194388,-0.0001770274164549262,0.0003369730308254487,-0.0038980522278878175,0.00017180198339526799,-0.00033810441629461487,0.003854284114050595,0.15701214491582027,1.0329449174200036,0.00022674148781574624,-0.15699162708851913,-1.0329362149413501,-0.00024468507291718023
0.705,0.014666154685688082,8.84933403114037e-10,0.5393276117327771,1.6021259597582905e-09,-8.406889250259302e-06,-1.4911219515958766e-07,7.996639056287787e-05,5.02914323567176e-05,0.00017451893038642572,0.0,4,Solved,122893,80963,306990,0.064559819227277,1.0705590493565412e-12,7.97410326125137e-14,0.362744525536913,-0.641009772909266,-0.003348680203210723,-0.3627423068273042,0.6410103130032055,0.0033686195968278113,-0.00016314782269209914,0.00033082136323018033,-0.00378538854627993,0.00015204067954942692,-0.0003345448090578983,0.0036871833715598676,0.15697912467335906,1.0329175602372773,0.00024363160532094808,-0.15702380114183956,-1.032957107636432,-0.0002275363090521416
0.71,0.014665296036389934,1.1645414925183166e-09,0.5393277028353338,1.090394261172109e-09,-8.14859718922657e-06,-1.494766990633865e-07,8.00014906239042e-05,5.2551889889166965e-05,0.0001714787108263323,0.0,4,Solved,125427,80672,307531,0.06455961555074599,1.0849383648055397e-12,7.810119501136796e-14,0.362743768828979,-0.6410081320898708,-0.0033671182359697864,-0.3627415888637236,0.641008660515796,0.003386715867380182,-0.00014362640188396035,0.00032657544007587825,-0.0036223242376944792,0.00013805817615498116,-0.0003280237053805369,0.003573548953645225,0.15698119378351608,1.03291743383562,0.00024220287186809978,-0.15702164361327944,-1.0329538488119359,-0.00022803989471198931
0.715,0.01466445244972387,1.1144675322098007e-09,0.539327791817119,1.1676822080740888e-09,-7.879185067037831e-06,-1.4863529409266563e-07,7.998710834030199e-05,5.4769004702808134e-05,0.00016843539363485186,0.0,4,Solved,127060,91092,327008,0.06455876186134736,1.0658877738708285e-12,8.065391265204483e-14,0.3627431074681658,-0.6410065131162616,-0.0033847568804226858,-0.3627409412530509,0.6410070397110627,0.0034042379361588536,-0.00012482378069807775,0.00032213157559017396,-0.003464434425122344,0.00012394261699414348,-0.0003218027248838659,0.0034579870925870583,0.15699841938648762,1.0329277901900276,0.00023266135758499777,-0.15700465203185904,-1.0329401897815578,-0.00023647793124950548
0.72,0.01466362399912092,9.993468892621816e-10,0.5393278786925695,1.3683149815007811e-09,-7.598396213973766e-06,-1.4799557571934367e-07,7.992444614420635e-05,5.710613049267189e-05,0.00016537080822360664,0.0,4,Solved,122922,79911,303473,0.06455827182434819,1.0786798477362796e-12,8.567899650535894e-14,0.36274253085928604,-0.6410049207238427,-0.0034016950934243743,-0.3627403731771322,0.6410054460619085,0.003421104044023421,-0.00010907994902815748,0.00031626022617477505,-0.0033360570226923215,0.00010684941642415375,-0.0003168721327772795,0.0033164814178095236,0.1570036030751571,1.0329299243963652,0.00022933421522155367,-0.15699806161043792,-1.032932349189571,-0.0002391625902466738
0.725,0.01466281067432558,1.1362533252769824e-09,0.5393279634328675,1.1174627055807473e-09,-7.30647903789638e-06,-1.4821139493831944e-07,7.981442688854927e-05,5.918891723631233e-05,0.00016233402938104448,0.0,4,Solved,131318,79370,308222,0.0645582315426086,2.0938178654516398e-12,2.224768085685655e-13,0.3627420287078326,-0.6410033593263964,-0.0034180218737055396,-0.36273989207531254,0.6410038771843237,0.0034372421576192996,-9.475314712238542e-05,0.00030984398518024356,-0.0032178278153775397,8.923728061687097e-05,-0.0003119014064448579,0.003168105192271362,0.15699963030850445,1.0329262564901538,0.00023083943027134502,-0.15700137428638694,-1.0329317046817377,-0.0002365880243986402
0.73,0.014662012326159301,1.4399333806074016e-09,0.5393280459858406,5.654699234611684e-10,-7.004703565288606e-06,-1.487899808691683e-07,7.965823249124857e-05,6.112108992346102e-05,0.00015931366670660785,0.0,4,Solved,128513,79400,305928,0.06455873717615442,2.096228116209395e-12,2.2266293220026337e-13,0.36274159948559287,-0.6410018290289441,-0.0034337422555609136,-0.3627394961524922,0.6410023352031287,0.0034526648170615406,-7.999423706163094e-05,0.0003037419119795876,-0.003094558204570009,7.256635753415905e-05,-0.0003062622427128098,0.0030284443961630463,0.15698618441141496,1.0329136342065743,0.00023709212689625132,-0.15701394650330078,-1.0329397948184706,-0.00022920837996158255
0.735,0.014661228884124284,1.6514649421157203e-09,0.5393281263128518,1.7715662628344428e-10,-6.693655723564423e-06,-1.489341828758256e-07,7.945700427418803e-05,6.291746914931944e-05,0.0001563096754681007,0.0,4,Solved,125157,80021,315215,0.06455835098469395,1.0622844156894355e-12,8.46313747692265e-14,0.3627412500918417,-0.6410003273072974,-0.0034487905112521432,-0.3627391758016587,0.6410008247001471,0.003467456569301991,-6.322517213128264e-05,0.0002982717290486902,-0.0029527422130368334,5.84690811773871e-05,-0.00029954121520567865,0.0029111548418508182,0.15699157647220185,1.0329158169512815,0.00023347029728912536,-0.1570078133180652,-1.0329336157551032,-0.00023150999393736099
0.74,0.014660460264768487,1.6879070982258365e-09,0.5393282043749241,1.0546296506512657e-10,-6.373960326393158e-06,-1.4866568261988118e-07,7.921193578303168e-05,6.460883299048972e-05,0.00015331966079175862,0.0,4,Solved,134695,79581,316649,0.06455799388295058,2.1156079526842634e-12,2.2282594877316014e-13,0.36274098053510656,-0.640998854869545,-0.0034631639684418293,-0.36273892825814374,0.6409993468238353,0.0034816395984426426,-4.776754998084512e-05,0.00029216597994147144,-0.0028222510742858383,4.360361633907724e-05,-0.00029313632440206385,0.002786496423574823,0.15699692834792037,1.032917596239,0.00022974435730940124,-0.1570017745278129,-1.0329279021272093,-0.00023379400813625077
0.745,0.01465970640826386,1.7289520835318564e-09,0.5393282801387664,2.925569884333765e-11,-6.045991576586417e-06,-1.4864304140591334e-07,7.892425997203837e-05,6.624582819480844e-05,0.00015033944164893047,0.0,4,Solved,124816,79941,302973,0.06455834474703692,1.0825915038428796e-12,7.924804007787664e-14,0.36274078466978166,-0.640997414997062,-0.003476919194128247,-0.3627387574166713,0.6409979001677082,0.0034951776979054374,-3.349670859030674e-05,0.0002853894269063848,-0.002703113966940793,2.793978647089079e-05,-0.00028698993947090756,0.0026546351601636335,0.15701744647376523,1.0329335159525908,0.00021855892234177922,-0.15698204721725556,-1.032908135795847,-0.00024322607451899864
0.75,0.014658967412759258,1.9565216836074296e-09,0.5393283535129951,-3.7469156261211927e-10,-5.708588815798904e-06,-1.495458085982056e-07,7.859560240039721e-05,6.839203044711439e-05,0.00014730790523841315,0.0,4,Solved,135065,81424,315015,0.0645581564439598,1.0650285374224017e-12,8.191673928146255e-14,0.3627406520299821,-0.6409960141268845,-0.003490177088054783,-0.36273867786452707,0.6409964830636221,0.003507972942671051,-2.1910931045370587e-05,0.00027691449437193235,-0.002616667466292453,7.958071103867278e-06,-0.0002812268765883036,0.0024949753304461127,0.15698888717687617,1.0329086034102566,0.00023208458639557684,-0.15700877577112743,-1.0329305031033569,-0.00022808289907275548
0.755,0.014658243330078882,2.3014327706798516e-09,0.5393284244519554,-9.931089414237016e-10,-5.361023584414513e-06,-1.5056590407494785e-07,7.822655357967341e-05,7.018159762024093e-05,0.000144320789393524,0.0,4,Solved,128292,79760,307321,0.06455822310050807,2.0983065572379235e-12,2.2300607202345966e-13,0.36274058873379494,-0.6409946490932549,-0.003502878267429677,-0.36273867968332,0.6409950986749053,0.0035201051829820535,-6.555397409348862e-06,0.0002705941698771963,-0.002488927214175581,-5.899084736291437e-06,-0.0002741847680000918,0.0023801747311359735,0.15698291438841613,1.0329034118568161,0.00023432333674298526,-0.15701313837029904,-1.0329315696081292,-0.00022429374894089138
0.76,0.01465753385224011,2.4246925307155854e-09,0.5393284930315201,-1.2212255195405736e-09,-5.0058132267140106e-06,-1.5049704195404007e-07,7.781841767111959e-05,7.157042650546291e-05,0.0001413875918028962,0.0,4,Solved,128313,79120,305557,0.0645573650191972,2.115719216065849e-12,2.2224757773611596e-13,0.36274060316933965,-0.6409933146488678,-0.003514919882845441,-0.36273874632387615,0.6409937512419162,0.0035316968662800307,9.140724529175043e-06,0.0002646010275362021,-0.002354186438135483,-1.8263587545849787e-05,-0.0002665690279188752,0.002276529660184035,0.15699918794001266,1.0329138438261303,0.0002246012115468272,-0.15699620869179898,-1.0329178403071553,-0.00023211373237833107
0.765,0.01465683881911316,2.4034810540211913e-09,0.5393285592240085,-1.1826199856812792e-09,-4.6439226745636695e-06,-1.5039824311601064e-07,7.737261062619062e-05,7.292353409144783e-05,0.00013846823860319695,0.0,4,Solved,132881,80031,311578,0.06455867108008147,1.0622354406121612e-12,8.254732669189854e-14,0.36274068668484044,-0.6409920148466712,-0.003526377008943923,-0.36273888350667083,0.6409924385491719,0.0035426952520196085,2.173538606344729e-05,0.00025707204907161744,-0.0022490193358577857,-3.3520257947783024e-05,-0.00026004030392324834,0.0021479874752818573,0.15697410643871074,1.0328902868953345,0.00023746745894346797,-0.1570243576394759,-1.0329387372813035,-0.00021667066899234147
0.77,0.014656158563928467,2.3352116548109783e-09,0.5393286228772727,-1.063682711776483e-09,-4.271823417707631e-06,-1.4998388782103826e-07,7.689136703328412e-05,7.564575493682751e-05,0.00013540613597731784,0.0,4,Solved,128092,79269,305838,0.06455758117325618,2.113970130303313e-12,2.2223231081427465e-13,0.3627408546685612,-0.6409907509448816,-0.0035371884327568865,-0.362739088902779,0.6409911672806363,0.0035531895462939844,4.146812292045497e-05,0.00025009751849997116,-0.0021040703043772617,-4.613210741970604e-05,-0.0002506086289218116,0.002065441299353127,0.15698917437674262,1.032905078976498,0.0002277188225507027,-0.15700446081347685,-1.0329212987720988,-0.0002249369662225769
0.775,0.01465549319122621,2.0362218653561308e-09,0.539328683934519,-5.270140477726491e-10,-3.8880677789166945e-06,-1.490566496345457e-07,7.637422099895111e-05,7.724616007111248e-05,0.00013248075659458243,0.0,4,Solved,124796,79260,305858,0.06455757197801915,1.0709056983797425e-12,8.524423249960088e-14,0.3627411029232777,-0.6409895216229435,-0.0035473610584490765,-0.3627393583368112,0.640989936745616,0.0035631932614734315,5.511904433150379e-05,0.0002432277210008131,-0.00198758790284631,-5.9040466987951615e-05,-0.00024330493432277953,0.001957098943886155,0.15698694883216444,1.0329024769447306,0.0002275334556781018,-0.15700536164693177,-1.0329211516483063,-0.0002230157045697747
0.78,0.014654841997119396,1.6328744513833007e-09,0.5393287425982302,2.098895854849127e-10,-3.498559751905976e-06,-1.484731529710583e-07,7.582301908645655e-05,7.83118043299958e-05,0.00012962819131455918,0.0,4,Solved,130727,88076,317279,0.06455843197389696,2.115016794037686e-12,2.2378868642100938e-13,0.3627414190287779,-0.6409883264862098,-0.003556949825379859,-0.3627396896117802,0.6409887429671626,0.0035726707843449722,6.863365410772467e-05,0.0002364099021694648,-0.0018706441043675626,-7.106667176695768e-05,-0.0002359212943852415,0.0018538757704585408,0.15696649777648272,1.032887581618394,0.00023755328101981532,-0.1570263764578219,-1.0329349115823514,-0.00021032634275332926
0.785,0.014654204970409847,9.108913410752517e-10,0.5393287988653087,1.5240655790503984e-09,-3.102861816509758e-06,-1.471638525490984e-07,7.523943709993332e-05,7.976603943525084e-05,0.0001267437428057923,0.0,4,Solved,123884,78779,300798,0.06455683491951489,1.07330021053498e-12,8.24966235213603e-14,0.36274181551490664,-0.6409871610118019,-0.003565855903343142,-0.3627400704215345,0.6409875915025325,0.0035817464092274456,8.640880087387806e-05,0.00023103483008538972,-0.00172116452430289,-7.958587976174932e-05,-0.0002267680769038463,0.0017885732117034364,0.15699909421721714,1.0329093587122382,0.00021801911587156418,-0.15699094748330933,-1.0329087644065302,-0.00022806688491674328
0.79,0.014653582058500118,1.831828433733688e-11,0.5393288527148903,3.15574994474316e-09,-2.700780532418285e-06,-1.460106820350721e-07,7.462427626460904e-05,8.075789662852299e-05,0.00012392943229455253,0.0,4,Solved,125106,79070,302071,0.0645587451541223,1.076832026516854e-12,8.305124809064424e-14,0.3627422787001853,-0.6409860317037505,-0.003574197637168158,-0.36274051004885277,0.6409864770955508,0.0035903256367928044,9.684420050092701e-05,0.0002226194577147434,-0.001632376731690951,-9.347589697389438e-05,-0.00022045682858114522,0.001666940537652144,0.15695850752226856,1.0328765997329254,0.00023903220528347527,-0.15703442933242948,-1.0329399224659568,-0.00020400449592675713
0.795,0.014652973296600424,-7.814661062145406e-10,0.5393289040309382,4.6121009660514e-09,-2.291086569708286e-06,-1.447438884698854e-07,7.398002062440562e-05,8.295316839562965e-05,0.00012099802579628897,0.0,4,Solved,129445,78328,304906,0.06455749288249196,2.116314560825211e-12,2.2170845481771576e-13,0.3627428240312997,-0.640984938108948,-0.003581895258118453,-0.3627410019378945,0.6409854069112456,0.0035985166856621954,0.00011721687636696183,0.00021626797893874774,-0.001477204781636791,-0.00010170516010547737,-0.00020997616537153942,0.0016182673941689126,0.1569802585375029,1.0328944429189848,0.00022497682510298157,-0.15700801890284674,-1.0329198861198714,-0.0002161650821109943
0.8,0.014652378793525312,-1.8015672694541913e-09,0.5393289527615212,6.4615098833459256e-09,-1.8720471539646688e-06,-1.4271371027663397e-07,7.330637245354569e-05,8.416136241417997e-05,0.00011819419857474787,0.0,4,Solved,122011,79540,311659,0.0645566989624157,1.0696196935794882e-12,7.984651715584213e-14,0.36274344940094316,-0.6409838792053454,-0.003588945581844203,-0.362741540990603,0.6409843803212866,0.0036063454601587695,0.00013037422642726043,0.0002089705919986816,-0.0013645983401250135,-0.00011189788433143893,-0.00020239226040160094,0.0015302258544214946,0.156997278586869,1.0329049754947786,0.00021408116314164293,-0.15698978397401267,-1.0329071833986512,-0.0002245579744007597
0.805,0.014651797900431444,-2.416935600442195e-09,0.5393289990764994,7.582864718689564e-09,-1.4487665099188266e-06,-1.4194839681932232e-07,7.26052097239799e-05,8.497776414265301e-05,0.00011545326084402576,0.0,4,Solved,129324,79220,306128,0.06455712047344461,2.107216253915862e-12,2.22620045228078e-13,0.36274413014898627,-0.6409828615290992,-0.003595529481191032,-0.36274213946604694,0.6409833874798567,0.003613652742414959,0.00014006820632746399,0.00020012105412189999,-0.0012841083148378498,-0.00012491894491066134,-0.00019616603743367414,0.001415151410236649,0.15700961481090508,1.0329139275751138,0.00020591266414220455,-0.1569756908560971,-1.0328961615421774,-0.00023024532810230348
0.81,0.01465123042614797,-2.2198020990575898e-09,0.5393290429838545,7.226554835386845e-09,-1.0220843118749317e-06,-1.427189398506672e-07,7.18777213297903e-05,8.553648013411346e-05,0.00011276200485907128,0.0,4,Solved,129034,79580,305698,0.0645572169004508,2.1131100759756782e-12,2.2259766322947974e-13,0.36274485063527434,-0.6409818900499654,-0.0036017785515754944,-0.36274280782913493,0.6409824234811955,0.003620331703669544,0.00014684880272526214,0.00019062987595561202,-0.0012261588183865263,-0.00013955140210258977,-0.00019068900794829221,0.0012824058225155267,0.15698080004798498,1.0328928975779195,0.00021938433728289629,-0.15700323203066235,-1.0329154704072128,-0.00021411789984708746
0.8150000000000001,0.014650676147385595,-1.5051747773858939e-09,0.5393290845065288,5.914645498324124e-09,-5.931038740082096e-07,-1.43566114298091e-07,7.11253004654751e-05,8.59584054882295e-05,0.00011010697531372452,0.0,4,Solved,130977,79530,307991,0.06455648775419945,1.0646936912156061e-12,7.79693357447251e-14,0.36274561890547546,-0.6409809589574095,-0.0036076070652470687,-0.3627435331773194,0.6409814941318981,0.003626493298134851,0.00015822610113288703,0.00018344890207532235,-0.0011248435448134337,-0.00014883561828277932,-0.00018283125831062137,0.0011981901202501746,0.15699582287305633,1.0329031481704676,0.00020969929766175152,-0.15698702615319413,-1.0329038040671912,-0.0002210610908140762
0.8200000000000001,0.014650134917410806,-6.721423485011059e-10,0.5393291236548806,4.377108156773108e-09,-1.622180659558311e-07,-1.4400520943123886e-07,7.034928774492027e-05,8.631749682597265e-05,0.00010748064774060462,0.0,4,Solved,128793,79089,304826,0.06455651815461254,1.0581424843421863e-12,7.740544342069706e-14,0.3627464341648715,-0.6409800674090643,-0.003613015000131204,-0.36274431272406654,0.6409806004821648,0.0036321633990541195,0.0001663395700274222,0.00017507748859422475,-0.0010520165344231518,-0.00016069057298199064,-0.00017614134074312078,0.0010906624347523405,0.15699241221654034,1.0329009527541193,0.00020978523248202312,-0.15698906554873937,-1.0329042904738006,-0.00021826757734338414
0.8250000000000001,0.01464960658694326,3.849974126508061e-10,0.5393291604362248,2.4321036670350665e-09,2.7021114226934964e-07,-1.4480386906080945e-07,6.955098738053166e-05,8.658758414958117e-05,0.00010488764392257104,0.0,4,Solved,122221,78969,298874,0.06455662312609083,1.0670642537470596e-12,8.214554690845837e-14,0.36274729031696573,-0.6409792166286746,-0.003618051543740092,-0.36274514907797223,0.6409797417900841,0.003637318663995266,0.00017456058128854574,0.0001670553521487721,-0.0009768202993268053,-0.00017173696851965908,-0.0001689564714683727,0.0009906698535358358,0.15699933190231707,1.0329059700174532,0.0002044851002084799,-0.15698162944755056,-1.032898854683109,-0.00022053637108383512
0.8300000000000001,0.014649091058662439,1.5539382288192e-09,0.5393291948551948,2.867157907238377e-10,7.043027361857965e-07,-1.4589231663055518e-07,6.873183773088106e-05,8.700256154498119e-05,0.00010230052684105697,0.0,4,Solved,130357,87485,324362,0.06455721457067509,1.0795815293189404e-12,7.569101627688712e-14,0.3627481834005967,-0.6409784072470094,-0.003622754540607279,-0.36274604437871444,0.6409789177128214,0.0036419477067675243,0.00018140244460185167,0.0001586073711888033,-0.0009157266275929061,-0.00018402251688437546,-0.0001621980728767927,0.0008819519739591421,0.1570125098933502,1.0329154331308015,0.00019579427502052497,-0.15696701425585152,-1.0328880314149995,-0.00022643409652018065
0.835,0.014648588265077835,2.9749173376928825e-09,0.5393292269254252,-2.3089077684052006e-09,1.1404411674622319e-06,-1.4782747841092904e-07,6.789301952767702e-05,8.736739016653416e-05,9.974392874790502e-05,0.0,4,Solved,129454,79210,306409,0.06455806506220227,2.1045383433873135e-12,2.2280880143817593e-13,0.362749102075706,-0.6409776427852721,-0.0036272256577701122,-0.3627470073315828,0.6409781248706633,0.003645974928694738,0.00018538265602904293,0.00014927577710700796,-0.0008791106214486074,-0.00019838437835806375,-0.00015627572891167287,0.0007538627727678797,0.1569536914062228,1.0328727410880871,0.0002248174804256927,-0.1570237300013144,-1.0329290409952363,-0.00019474203329395456
0.84,0.014648097958775648,4.125854114508996e-09,0.5393292566657802,-4.421673986958784e-09,1.5775383934776994e-06,-1.486763664880848e-07,6.703565587714979e-05,8.740795106060967e-05,9.724951404140072e-05,0.0,4,Solved,128824,78859,304455,0.06455728003146288,2.1017554410466406e-12,2.2241869194398849e-13,0.3627500692289323,-0.640976911418541,-0.0036312409797122766,-0.36274800924838424,0.6409773748744524,0.003649648979741097,0.00019884073874612334,0.00014437840535065803,-0.0007519931006207455,-0.00020185754851664072,-0.00014602197993087543,0.0007211174556624019,0.15696988903231396,1.0328844303826734,0.0002146720972507239,-0.15700618157499477,-1.0329164805034061,-0.00020196778602869726
0.845,0.014647619868757344,4.3224620913816025e-09,0.5393292841036902,-4.799989754423023e-09,2.014321659140359e-06,-1.4765916557167916e-07,6.616109419669356e-05,8.731300877094318e-05,9.479736666203851e-05,0.0,4,Solved,126178,91453,317690,0.06455711252696567,2.110545526648484e-12,2.218993997609494e-13,0.3627510931610278,-0.6409762091432112,-0.0036347126249948406,-0.36274903674774217,0.6409766714205778,0.0036530828598409044,0.00020885571723241236,0.0001379734663312869,-0.0006552257457416915,-0.00020802025348097254,-0.0001373095082213247,0.000663167872645138,0.1569719430525007,1.0328861836613399,0.00021178735740877527,-0.1570028176317526,-1.0329138004314506,-0.0002019140248882276
0.85,0.014647153830831441,3.9856123645113e-09,0.5393293092534779,-4.191329957280647e-09,2.4504693844288134e-06,-1.4662506079188643e-07,6.527061950536154e-05,8.716967899756506e-05,9.237817105570236e-05,0.0,4,Solved,124926,79510,302672,0.06455810303855006,1.0660853227634495e-12,7.644833408013484e-14,0.36275216498025903,-0.6409755399724975,-0.003637721572037235,-0.3627500954357747,0.6409760106977401,0.0036562214968023036,0.00021815124362888904,0.00013120738597187145,-0.0005654785286516943,-0.00021430914794899776,-0.00012886829944716257,0.0006034045674758302,0.15695262570934576,1.0328713121155315,0.00022043328965505487,-0.15702359594925513,-1.032929648616801,-0.0001896749753219905
0.855,0.014646699943803342,3.1083954291471783e-09,0.5393293320830129,-2.5937959590455763e-09,2.8880033544142095e-06,-1.4498293080781437e-07,6.436607270179008e-05,8.787757843662234e-05,8.988914298952034e-05,0.0,4,Solved,123734,79250,300357,0.06455644383386364,1.0746931187178314e-12,7.88363904431963e-14,0.36275329734996614,-0.6409749019697519,-0.003640196209405017,-0.3627511779820715,0.6409753969630522,0.003659165215171885,0.00023212603358213415,0.00012530338400233818,-0.00044731693733424756,-0.00021809213000555065,-0.00011885106403183202,0.0005781566685807836,0.15698308169716282,1.0328955312121895,0.00020214381532340282,-0.15698916444696212,-1.0329031013418182,-0.00020562277887803914
0.86,0.014646258188608449,1.8790718729227414e-09,0.5393293525812137,-3.4321719655539826e-10,3.3279478268589253e-06,-1.4346492090857653e-07,6.34477098175904e-05,8.792013607107318e-05,8.750541741682185e-05,0.0,4,Solved,124425,80893,302371,0.0645562414134619,1.068358495667879e-12,8.143582178713247e-14,0.3627544772577311,-0.6409743000226634,-0.00364224396639139,-0.3627522920841485,0.6409748249384594,0.003661830814362695,0.0002387040557875857,0.00011725750265552401,-0.00038353505446297786,-0.00022605128271421468,-0.00011158106601076116,0.0005025418814371004,0.15698910099520305,1.0328986793279986,0.0001968109448075094,-0.15698130627502105,-1.0328998626153905,-0.00020796501509632827
0.865,0.014645827986404498,9.681919787825062e-10,0.539329370843474,1.341199697956706e-09,3.766417563560028e-06,-1.4334161248244216e-07,6.251691375797806e-05,8.750517508468099e-05,8.520146356907326e-05,0.0,4,Solved,126268,81244,314614,0.06455701484415834,1.0711993857248177e-12,8.12047787144574e-14,0.3627556846224301,-0.6409737397142325,-0.003644014798394836,-0.36275344696247774,0.6409742863258715,0.003664090796550771,0.00024345472769072036,0.00010875429851533255,-0.0003337802648082807,-0.00023436341053425407,-0.00010527016111909316,0.0004177104601087823,0.15700876495425956,1.0329122375065334,0.0001848435899314927,-0.15696284225140897,-1.0328887079613243,-0.00021615586643340082
0.87,0.014645409316967594,8.215023547344295e-10,0.5393293869278504,1.632968540342179e-09,4.204290465309478e-06,-1.4458911112539429e-07,6.157545291570964e-05,8.774067211331499e-05,8.284837422890138e-05,0.0,4,Solved,127210,79721,304946,0.06455635506055031,2.117674953402005e-12,2.233716243384403e-13,0.36275690783457004,-0.6409732261445961,-0.003645637369796466,-0.36275465527360895,0.6409737749193294,0.003665843628679748,0.0002455716412549228,9.886856534931702e-05,-0.00031746782441243983,-0.0002466409198929884,-0.00010037604103538654,0.00030527393271376164,0.15698458230503082,1.032896757125065,0.00019536933257191405,-0.15698322370763768,-1.032901680968805,-0.00020325157565897833
0.875,0.014645002130635501,1.3545556225358262e-09,0.539329400863132,6.746149921411611e-10,4.642299526862589e-06,-1.46281864739379e-07,6.062376003592626e-05,8.738266433239801e-05,8.059538162124045e-05,0.0,4,Solved,131178,79300,307561,0.06455757353407557,2.10507511000463e-12,2.2211288933310716e-13,0.362758149356757,-0.6409727552196831,-0.0036470731074214457,-0.3627559091528105,0.6409732941426156,0.003667152247924783,0.00025023584741433994,9.11958693769778e-05,-0.0002663013471731039,-0.00025368210937586614,-9.346980016247048e-05,0.00023192401459471058,0.15695679683149014,1.0328775296221588,0.00020799053474382612,-0.15700971859280316,-1.032921176545209,-0.000187504411780441
0.88,0.014644605935594976,1.7053238202779388e-09,0.5393294126943453,2.9428932567659894e-11,5.077475888780327e-06,-1.464941170434173e-07,5.966328814322711e-05,8.679920356369714e-05,7.839831925372612e-05,0.0,4,Solved,131288,79821,309555,0.06455663016726475,1.0607212241080855e-12,8.522125201763147e-14,0.3627594270430172,-0.6409723162454786,-0.003648131567787692,-0.36275718318178235,0.6409728536817535,0.003668230585433086,0.00025917764414770846,8.56231019220779e-05,-0.00017476613574481413,-0.0002557163381139218,-8.466514974848784e-05,0.0002039510370551011,0.15697611350378032,1.0328915420762648,0.00019610067915865065,-0.15698898833192457,-1.032906082676236,-0.00019646963242057094
0.885,0.014644220572048764,1.6702995872943536e-09,0.5393294224239269,8.460715097637508e-11,5.509740990087715e-06,-1.459056242959421e-07,5.8695279858484504e-05,8.622565631898232e-05,7.623439589771767e-05,0.0,4,Solved,123944,79139,300938,0.06455633924158267,1.062051330314905e-12,7.892693411942855e-14,0.3627607383228527,-0.640971910889082,-0.003648838247759323,-0.36275847803866074,0.640972453066312,0.003669078596499886,0.0002644578395193456,7.81613973196412e-05,-0.00011830116972948755,-0.0002612670968419883,-7.721653602511821e-05,0.00014605431361097707,0.1569902709678623,1.0329014278653228,0.00018669613138226106,-0.1569741581514574,-1.0328979404574774,-0.00020247673627089716
0.89,0.014643845928880826,1.799661542228618e-09,0.539329430052718,-1.4963194798832509e-10,5.939442761001057e-06,-1.4621138168624896e-07,5.772089279797886e-05,8.576959072162252e-05,7.40855481857139e-05,0.0,4,Solved,121579,79130,298244,0.06455686493260981,1.0636738279790242e-12,8.010315832188068e-14,0.3627620676688838,-0.6409715456693523,-0.0036493413179330015,-0.36275980733914215,0.6409720851815136,0.0036695734670108915,0.0002669640210260373,6.97767934268615e-05,-8.801498934883319e-05,-0.00026905161876799276,-7.124336803689846e-05,6.700252615097837e-05,0.15697099104145418,1.0328891226597465,0.00019477923015766177,-0.1569910037753125,-1.032909838921757,-0.00019157648966329106
0.895,0.01464348181281257,2.1267063758566966e-09,0.5393294356604934,-7.454142839556752e-10,6.366062237711866e-06,-1.4676119828679967e-07,5.674098408814281e-05,8.496448462958529e-05,7.20076761020126e-05,0.0,4,Solved,130316,79380,308332,0.06455803864222277,1.057203131917483e-12,8.239739048980983e-14,0.36276341663832457,-0.6409712170248069,-0.0036496100083212176,-0.3627611633413207,0.6409717514081386,0.0036697692250752378,0.0002718129729353031,6.313716831243669e-05,-3.0260588082980037e-05,-0.00027279098416620146,-6.388468209159206e-05,1.9823360186111795e-05,0.15694510697903746,1.0328709420719897,0.00020648130229649256,-0.15701608244784365,-1.0329286182755644,-0.00017668013695330817
0.9,0.01464312795398993,2.0361659873806405e-09,0.5393294392861117,-5.915393951147385e-10,6.788567293719081e-06,-1.459377456253078e-07,5.575691537357348e-05,8.421852710946724e-05,6.995562666574163e-05,0.0,4,Solved,129746,79070,311208,0.06455652124433835,2.111143666600493e-12,2.212705015145356e-13,0.3627648030471411,-0.6409709163320111,-0.0036494769712700163,-0.3627625247721774,0.6409714599640629,0.0036698571987197914,0.0002810555399313162,5.821172678229731e-05,6.503904735408406e-05,-0.00027211876706913115,-5.4707388900218395e-05,1.5247102933404196e-05,0.15697788102021024,1.0328951994949025,0.00018734825023117017,-0.15698144097907285,-1.0329043399094135,-0.00019288007476641575
0.905,0.014642784210787576,1.5902982274142658e-09,0.5393294409423184,2.1469591904294362e-10,7.2070688500115665e-06,-1.4484335171884541e-07,5.4769593025277414e-05,8.332500374211041e-05,6.795347433474511e-05,0.0,4,Solved,123363,79130,300557,0.06455674829188987,1.0688010319390108e-12,8.00257742719397e-14,0.362766216018314,-0.6409706482873394,-0.003649039064157354,-0.3627638993308744,0.6409712059575123,0.003669764455040341,0.0002837986539850389,5.066040879879243e-05,0.00010343295986622782,-0.0002768984642425366,-4.829036426842828e-05,-4.1629749219619454e-05,0.15697305562885858,1.0328926224299413,0.00018789465174548378,-0.15698490320526048,-1.032907972670238,-0.00018920702046187486
0.91,0.014642450334534372,1.3368216070775908e-09,0.5393294406759943,6.805219632668625e-10,7.6207109904375425e-06,-1.446780440381799e-07,5.378009885356212e-05,8.232012721353914e-05,6.599531569544202e-05,0.0,4,Solved,129384,87765,315186,0.06455680612320376,2.1038439255468345e-12,2.2190921517874218e-13,0.36276764390934374,-0.6409704162993669,-0.0036483948169298394,-0.3627652939323091,0.6409709845307718,0.003669415526626933,0.0002869237116211662,4.366249627544588e-05,0.00014650737594251048,-0.00028041826838850803,-4.1713165600018736e-05,-8.920748755642191e-05,0.15696890792595736,1.0328952285655513,0.00018866268071056802,-0.15698974636856522,-1.0329088979712602,-0.0001846905247265545
0.915,0.014642126313945592,1.0164950785780322e-09,0.5393294385596764,1.2712856395851917e-09,8.030555673890422e-06,-1.4448724234718157e-07,5.278982470469509e-05,8.182249936141981e-05,6.400593976124915e-05,0.0,4,Solved,126469,79150,302962,0.06455669096878122,2.09976236155888e-12,2.2119095156826127e-13,0.36276909086188175,-0.6409702160523203,-0.0036475144434235524,-0.36276670454580445,0.6409707977057616,0.0036688650527213346,0.000291197487755946,3.7717609738117945e-05,0.00019642930236259256,-0.000283411433651807,-3.4585384594718636e-05,-0.0001247318873387597,0.15697370912956635,1.032895083552152,0.00018366764704804014,-0.15698133024598296,-1.0329070555004995,-0.000187383329687514
0.92,0.014641812035966479,6.056265955221385e-10,0.5393294346463029,2.0301321377164723e-09,8.43688387252229e-06,-1.4432589001799311e-07,5.17992001086869e-05,8.078266128733835e-05,6.21151253477531e-05,0.0,4,Solved,127541,79410,304786,0.06455645749794184,2.1115847478031045e-12,2.2095701800888858e-13,0.36277055230832833,-0.640970048855629,-0.0036464298865185943,-0.3627681304073951,0.6409706432495628,0.0036681027724054546,0.0002931819841808812,3.069264747612486e-05,0.00023129044946132888,-0.00028650106782528156,-2.8511608424405413e-05,-0.00017155886628318862,0.1569837986645184,1.0329033199670694,0.00017656146245228693,-0.1569701176979612,-1.0329000391358125,-0.0001913829758510059
0.925,0.014641507047479308,5.560680360254108e-10,0.5393294289603822,2.1292538400042033e-09,8.837233044778237e-06,-1.4479880604725037e-07,5.0809447404819194e-05,7.959899784120534e-05,6.0274426518463695e-05,0.0,4,Solved,130155,79269,306819,0.06455703395825774,1.0574424439656425e-12,7.97220951230263e-14,0.3627720173799703,-0.6409699185545127,-0.00364522774111562,-0.36276957647766206,0.6409705167003518,0.003667063268275221,0.00029307187151468025,2.3084852176707256e-05,0.0002472761083449336,-0.0002911775339048287,-2.3242616055134554e-05,-0.0002327067264580308,0.15696612488661818,1.032891594051547,0.00018376960930387067,-0.15698621487355932,-1.0329125433321238,-0.00018122200460573586
0.93,0.014641211175915443,7.870917972189631e-10,0.5393294215439951,1.7100264421105083e-09,9.231422914589632e-06,-1.4533912131347198e-07,4.982147394373536e-05,7.831285194133901e-05,5.847858344309017e-05,0.0,4,Solved,129063,80001,321197,0.06455727541141261,2.100519862910765e-12,2.2150573950464707e-13,0.36277348939644405,-0.6409698218672399,-0.0036438716416426443,-0.36277103589816084,0.6409704202848223,0.003665805116379741,0.0002954409770717253,1.692253083789785e-05,0.00028778664815156844,-0.0002925332088473064,-1.673204400611667e-05,-0.0002649613175573625,0.15696136406141215,1.032888867584758,0.00018436440757544265,-0.1569898054694305,-1.0329164065826018,-0.00017760693750805097
0.935,0.014640924224756107,9.580918855503524e-10,0.5393294124338686,1.3905980238497337e-09,9.61909200227813e-06,-1.4522797290713754e-07,4.883629843312125e-05,7.701758076566724e-05,5.671716647497654e-05,0.0,4,Solved,128703,79731,306930,0.06455698968584835,2.0932669144387783e-12,2.206751051152516e-13,0.36277497447585294,-0.640969755037168,-0.0036423016174347363,-0.3627724995206209,0.640970356949437,0.003664410238669409,0.00029822425947126114,1.107231586926017e-05,0.0003321009562529485,-0.00029302530251982753,-1.0043473570053666e-05,-0.0002890063225007036,0.1569673785196146,1.0328946242134214,0.00017939078766112353,-0.15698230156690018,-1.0329118349735735,-0.00017963494725134352
0.9400000000000001,0.014640646020053955,1.0754592188144477e-09,0.5393294016703966,1.1679709511807029e-09,1.0000061050883505e-05,-1.449762958019564e-07,4.7854774568150585e-05,7.56283064614885e-05,5.49992449983445e-05,0.0,4,Solved,123053,82736,307050,0.0645568713116034,1.062533648316456e-12,8.58800414413315e-14,0.3627764685311356,-0.6409697184389472,-0.0036405485584390836,-0.3627739679560106,0.6409703251071647,0.0036628691387189747,0.00029937403563590225,4.899703012704894e-06,0.00036362689860409655,-0.0002942914523128753,-3.991928191054447e-06,-0.00032164447217035154,0.1569701718576815,1.0328979235527833,0.00017611480916009106,-0.15697823820641263,-1.0329099409856544,-0.00017994634411719234
0.9450000000000001,0.014640376359279872,1.2504386591743916e-09,0.5393293893068629,8.439562978041805e-10,1.0373880663365653e-05,-1.4501147154787535e-07,4.687783142144651e-05,7.418238748114827e-05,5.3320346617263826e-05,0.0,4,Solved,142700,82736,325645,0.06455689487248972,2.097791477532982e-12,2.212618651666054e-13,0.36277796560296344,-0.6409697129034572,-0.0036386599232094406,-0.3627754435004047,0.6409703224581276,0.0036611552591080316,0.0002996139426281124,-1.3406854290743889e-06,0.00038779865125377917,-0.0002958188697681504,1.7118032169257167e-06,-0.0003574658100270901,0.1569698287303951,1.0328988079926045,0.0001744775182510986,-0.15697727027206176,-1.0329103179598356,-0.00017868696781295215
0.9500000000000001,0.014640115065701169,1.5075495199492115e-09,0.5393293753886662,3.7227054565511825e-10,1.0740338089653123e-05,-1.4527612025995785e-07,4.590634331734589e-05,7.269149928825526e-05,5.167984388410777e-05,0.0,4,Solved,130496,79671,308703,0.06455728984574213,2.1041459594488326e-12,2.2140814098033264e-13,0.36277946281780227,-0.6409697381937759,-0.0036366577355293494,-0.36277692593383176,0.6409703480882045,0.003659267179909894,0.0002994995006185073,-7.4608837650150334e-06,0.00040951072415153754,-0.00029710144649765886,7.338632994276651e-06,-0.000391658668877075,0.156961945550851,1.0328943410008538,0.00017675633844363865,-0.15698417041808424,-1.0329166375318741,-0.00017342823487645901
0.9550000000000001,0.01463986198433575,1.7498521627597723e-09,0.539329359959883,-7.390511519047144e-11,1.1099404125410211e-05,-1.4541070108973227e-07,4.494119796199224e-05,7.123503872438541e-05,5.0067497802955345e-05,0.0,4,Solved,121760,79631,299796,0.06455713847563084,1.0629403699666885e-12,8.163575306172221e-14,0.3627809625650972,-0.6409697919492647,-0.003634518594855958,-0.36277841035157254,0.6409704030434251,0.003657248672092934,0.00030041469107128515,-1.2883440955829717e-05,0.0004406289935440411,-0.00029691514513028195,1.3356416134452577e-05,-0.0004123796817140757,0.15696537986703818,1.0328979490744874,0.00017319486908413633,-0.15697922039367893,-1.0329142156100934,-0.00017422828517277004
0.96,0.014639616953208761,1.9067377517793347e-09,0.5393293430690848,-3.6445233377613125e-10,1.1450978390685992e-05,-1.4539360487642788e-07,4.3983140647421595e-05,6.968372594966113e-05,4.84992744006555e-05,0.0,4,Solved,135606,80261,314875,0.06455745938084395,2.083613054514112e-12,2.213216182588365e-13,0.36278246344876963,-0.6409698734624311,-0.0036322499450001694,-0.3627798949474206,0.640970486728275,0.003655111841940214,0.00030019227912637746,-1.8518722600667797e-05,0.0004630895995206226,-0.00029709139627150593,1.8931379877880768e-05,-0.00043795124989717235,0.1569586443502119,1.032894440776055,0.00017491742272321165,-0.15698477852145015,-1.0329193500935032,-0.00016967695578311247
0.965,0.014639379769590457,1.9796991940703027e-09,0.5393293247594458,-5.012391655164056e-10,1.1794631825489681e-05,-1.4527427540776732e-07,4.303299740054943e-05,6.809312166972153e-05,4.6968417707993094e-05,0.0,4,Solved,123483,79160,300337,0.06455833874115852,1.0600590688197977e-12,7.966732260106866e-14,0.36278396558511955,-0.6409699813994345,-0.0036298459217034436,-0.3627813764620207,0.6409705992718668,0.0036528816798798037,0.00030075360733465724,-2.3582982244812334e-05,0.0004931884959270089,-0.00029595257521123833,2.4829252179134016e-05,-0.00045204644407456103,0.15694500815411758,1.0328851283302813,0.0001803133070050096,-0.15699978088518118,-1.0329334198585363,-0.00016071612604484276
0.97,0.014639150492150525,1.8043646297685366e-09,0.5393293050859396,-1.9056089486384875e-10,1.213207492265096e-05,-1.444877138038952e-07,4.209196641185789e-05,6.720333000581498e-05,4.538468632869368e-05,0.0,4,Solved,130607,78989,307070,0.06455734625790185,2.1189264422296856e-12,2.217364509506884e-13,0.36278547961909413,-0.6409701115501366,-0.003627234686728737,-0.3627828469465533,0.6409707429660321,0.003650650930600367,0.00030433890107044333,-2.7625936169558525e-05,0.0005421339196458049,-0.00029304287132630834,3.1274731187700365e-05,-0.0004428846198204444,0.1569626198476416,1.032899683987844,0.00016933902648287957,-0.1569783541043595,-1.0329175401264297,-0.00016977216427106588
0.975,0.014638929057941435,1.461735100491191e-09,0.5393292841044535,4.2748299571637647e-10,1.2464004317954978e-05,-1.436077954663489e-07,4.11600377961357e-05,6.571185339981821e-05,4.390582959820226e-05,0.0,4,Solved,131859,86023,320205,0.06455759259968712,2.120185035874867e-12,2.2099920363779363e-13,0.36278699766951916,-0.6409702658721378,-0.003624474223306383,-0.3627843094254703,0.6409709144746715,0.003648378645203984,0.00030331525665295385,-3.296857729869108e-05,0.0005593949911319723,-0.0002922870022278566,3.6275683101349196e-05,-0.0004626680982431442,0.15695702597358033,1.0328974374901678,0.0001705751504003256,-0.15698305771693885,-1.0329214815949939,-0.00016581112398111745
0.98,0.014638714986894305,1.150411321292041e-09,0.5393292618415763,9.954051034500771e-10,1.2787714245850335e-05,-1.4315600071189246e-07,4.023825501284391e-05,6.410934664649292e-05,4.247460537445856e-05,0.0,4,Solved,128804,79410,307811,0.06455696576175517,2.1129906147580595e-12,2.2091815952540034e-13,0.36278851322879124,-0.6409704454458044,-0.0036216076106046083,-0.3627857651183243,0.6409711122343958,0.0036460381963318287,0.00030315417619198275,-3.7838799719029394e-05,0.0005831840389310047,-0.0002905422909060765,4.168528279691814e-05,-0.00047226561062102584,0.15697523741195146,1.0329114521880827,0.0001594713986304834,-0.1569635424490378,-1.0329096008624319,-0.00017423856337870882
0.985,0.014638508139515689,9.977840863073759e-10,0.5393292383402976,1.2789729671057426e-09,1.3103272931211594e-05,-1.4325642710258086e-07,3.9327187695975066e-05,6.243055853277223e-05,4.108238057154468e-05,0.0,4,Solved,125818,79641,307902,0.06455722845572083,1.0594999562295695e-12,8.172148111742131e-14,0.36279001699316094,-0.6409706529429843,-0.0036187163441771058,-0.36278722043696604,0.6409713318569706,0.0036435654225483102,0.00029934085253477665,-4.3875363323264706e-05,0.0005756446866609585,-0.00029156983657629423,4.5399110704834206e-05,-0.0005098507533588783,0.15696697196817744,1.032907027706529,0.00016202130412357424,-0.1569704447778308,-1.0329156552915333,-0.00016914202552210396
0.99,0.01463830830673425,1.1991902648953146e-09,0.5393292136679948,9.174743821084344e-10,1.3410094148741502e-05,-1.439494511923258e-07,3.842750417894237e-05,6.063857932990982e-05,3.9734731162991144e-05,0.0,4,Solved,123182,79320,306940,0.06455744926265891,1.0623331270490614e-12,8.048560774971024e-14,0.36279150463560844,-0.6409708880924315,-0.003615830965770014,-0.36278867588041236,0.6409715717523569,0.003640946348971971,0.0002964898536393142,-4.908688707818492e-05,0.0005785879412702616,-0.00029094507776060544,4.966994245736565e-05,-0.0005336580226780334,0.1569628649728647,1.0329055042442379,0.00016248565716564273,-0.1569734484410725,-1.0329191882025426,-0.00016609748681459965
0.995,0.014638115298007001,1.5266825145985114e-09,0.5393291878726846,3.2077456496481963e-10,1.3707784877681476e-05,-1.4451282215067968e-07,3.753986817362454e-05,5.880073862336489e-05,3.842339178484392e-05,0.0,4,Solved,130667,79631,308493,0.06455721794488119,1.071475659201825e-12,8.584311441299304e-14,0.36279297887349127,-0.6409711479091849,-0.0036129197333396447,-0.36279012575822134,0.6409718334286953,0.003638229085682175,0.00029392048623170364,-5.384356930415102e-05,0.0005852139354985638,-0.0002895073306840035,5.4082064320711255e-05,-0.0005505227185833031,0.1569732590284311,1.032915487118099,0.00015573477909875397,-0.15696268528724439,-1.0329125159851902,-0.000170047522461419
1.0,0.014637929012893021,1.9574387636756284e-09,0.5393291610206837,-4.6339578773347206e-10,1.3996642946898444e-05,-1.4524928293336805e-07,3.666498489466585e-05,5.7111750611961586e-05,3.712222855725391e-05,4.0,4,Solved,123864,80201,302251,0.0645576343692977,1.0733496294430066e-12,8.279084905797212e-14,0.3627944344655382,-0.6409714325144001,-0.0036100281760063887,-0.3627915736007133,0.6409721143475409,0.00363538446476613,0.00028942820876415185,-5.8929171994501884e-05,0.0005742884041540574,-0.0002897762195172496,5.756860670276536e-05,-0.0005816578830768968,0.1569604420493187,1.0329065853164972,0.00016062246485456843,-0.15697372900514872,-1.0329221499087633,-0.00016297083105277046
1.0050000000000001,0.01469444979248304,2.4567322341848315e-09,0.5393267454355798,-1.362208719131854e-09,0.00037443488397875926,-1.4602618577978872e-07,0.0001436331819871493,0.14413222414491672,0.022666673650442015,4.0,4,Solved,128583,79971,306739,0.06453250393647214,2.2240721758776668e-12,2.411994215467672e-13,0.36337628690855756,-0.6410362975851432,-0.0036586914716819755,-0.36337342992494376,0.6410369728493454,0.003683993556642343,0.19380291008017558,-0.02161023315757258,-0.01663424647568702,-0.1938039937846691,0.021608949778905602,0.016621010397261375,0.15304354642047865,1.0325004369537616,0.0007171543215109262,-0.15306252646881838,-1.0325200629835543,-0.0007165789990899817
1.01,0.014892067682938367,2.8124226310941035e-09,0.5393184534790806,-1.9756980995768615e-09,0.001629218479337465,-1.463529688924555e-07,0.0003332185202442327,0.32178366620083826,0.050776971358019035,4.0,4,Solved,133953,81934,314504,0.06453551664009909,3.105071725580817e-12,1.5792575580597656e-13,0.3649124094576478,-0.6412036033708668,-0.0037900220762155912,-0.3649095574525818,0.6412042736507578,0.003815265940477303,0.3829523220919977,-0.041399247839425106,-0.032714443376016776,-0.38295327033644244,0.04139843394182143,0.0327037985239754,0.14778612860073176,1.0325509085309252,0.002216747581239871,-0.14780181594776257,-1.0325682662415854,-0.002217756667111996
1.0150000000000001,0.015228930553372714,2.994998951722975e-09,0.5393045432843148,-2.245438183924965e-09,0.0037614422019392464,-1.4648397503510318e-07,0.0006036462157009215,0.4957163821636684,0.07847671953861458,4.0,4,Solved,126559,79600,304415,0.06461682218852642,1.0440277115053576e-12,3.5178804314028866e-13,0.3673770618155841,-0.6414594602804442,-0.003984075657057481,-0.36737421581166374,0.6414601270954068,0.004009259195527047,0.5664202265605098,-0.05771231912186484,-0.0428702720024742,-0.5664215948267081,0.05771170315771806,0.04285724895060525,0.14225343086169737,1.0338443161658946,0.003465373825814342,-0.1422792988185037,-1.0338691550164227,-0.00346112690904783
1.02,0.015702920101703047,2.99414710586409e-09,0.5392852505763016,-2.1530265519450913e-09,0.006751573992055843,-1.4643866437642944e-07,0.0009516097631345875,0.665723927189323,0.10575563778141009,4.0,4,Solved,128082,79650,305828,0.06476736600898333,3.0522374231946202e-12,5.87446757904786e-14,0.37074006469808257,-0.6417839567888346,-0.004211393947991286,-0.3707372214946084,0.6417846231897593,0.004236552910584197,0.7436125927221169,-0.06970155021262682,-0.047150221866348076,-0.7436126197578347,0.06970180559929241,0.04715064472597679,0.13645804895234245,1.0362651102617044,0.00447541981570623,-0.1364661692360453,-1.0362778561437334,-0.004480187630010324
1.025,0.01631196501904484,2.867107059883771e-09,0.5392606730660612,-1.8017818990838753e-09,0.010579858884318746,-1.4642990853089058e-07,0.0013739645366142713,0.8317640400207021,0.13262377204499762,4.0,4,Solved,136698,80452,315517,0.06498198051165657,1.4779288903810084e-12,5.524330992656701e-13,0.3749683880439167,-0.6421531147203365,-0.0044427999090755795,-0.3749655499128185,0.6421537807623319,0.004467918392538686,0.9139771761701628,-0.07658146289938855,-0.04562338533171923,-0.9139788365942487,0.07658118275505336,0.04560967903141965,0.13033854592041894,1.0396528611401359,0.005295141398083533,-0.13039830663058952,-1.0397116881865052,-0.005274277503702793
1.03,0.017054034041233776,2.692158163213542e-09,0.5392307871872251,-1.3489966234147298e-09,0.015226337224756489,-1.459833475461873e-07,0.0018677148641071922,0.9937959026743223,0.15908927426969194,4.0,4,Solved,128182,79721,306720,0.06524803230415448,1.4094918932240003e-11,7.751577157932843e-13,0.3800263906391505,-0.6425392245208048,-0.004649258693990137,-0.38002353949673706,0.6425398955218938,0.004674491117379105,1.0770115937951206,-0.07763207907485581,-0.038291900724537,-1.0770061953459402,0.07763390224365872,0.03833881535664739,0.12397607521224499,1.0439576748110497,0.005903978414148621,-0.12398283987991636,-1.0439685168664716,-0.005909300545350682
1.035,0.017927127776918964,2.4225489582732716e-09,0.5391954676206324,-7.027465984218677e-10,0.020670858965528546,-1.4535443527262127e-07,0.002430010387429087,1.1517841078357784,0.18515877600117567,4.0,4,Solved,128853,79370,306419,0.06556039820555444,1.7457045991761046e-12,5.28133092814187e-13,0.3858760265510241,-0.6429112066805588,-0.004802155974717358,-0.3858731543947257,0.6429118850583656,0.004827574656849405,1.232248616756489,-0.07220877495144316,-0.025292398689150165,-1.232245170181812,0.07221002586213987,0.025323378616590484,0.11727443869620954,1.0489607509710186,0.006366220128731909,-0.11727368546147639,-1.048966371288871,-0.006375393706924073
1.04,0.01892926981508674,2.223954109520991e-09,0.5391545051901938,-1.4715835157309647e-10,0.026893095675843033,-1.4556753365286965e-07,0.003058131433378678,1.305691375803121,0.21083651414222743,4.0,4,Solved,127340,90861,317290,0.06590841494634116,1.1272687667787727e-12,8.276712648580542e-14,0.392477063806482,-0.643234948105231,-0.004873224399155464,-0.3924741835767994,0.6432356294633561,0.004898717400727636,1.379270151694719,-0.05972865665378797,-0.006648004783242562,-1.379269741335551,0.05972883156148247,0.00665222614693323,0.11024642147985764,1.0545346391414585,0.006693410964435376,-0.11023075459822848,-1.0545313585460199,-0.00671030501767586
1.045,0.020060714768513562,2.266584525227147e-09,0.5390968113301917,-5.282364781794538e-11,0.0338580679190667,-1.47486140116219e-07,0.0036666628190021285,1.4493617051974022,0.23730040904061292,4.0,4,Solved,140696,108264,348197,0.06742606702057093,1.4330702715177871e-11,7.465694729091865e-13,0.3995490226204981,-0.6429385600885554,-0.004438785575045452,-0.399546154808245,0.6429392319386672,0.004463943491838079,1.4624364517655473,0.08470218064616608,0.10570810845457496,-1.4624410544180424,-0.08470504548103988,-0.10580382687174547,0.10622772556734378,1.0787944806566865,-0.001815113462906032,-0.1062502425380047,-1.0788170723291348,0.0018173862926063426
1.05,0.021317168896103827,2.371199988360331e-09,0.5390364247991049,-5.047719477684691e-11,0.04156397849993034,-1.493081606651939e-07,0.0043739562921529486,1.6009402014120644,0.2612660797821239,4.0,4,Solved,129555,92234,320606,0.06649517902842537,1.1530367244239574e-12,3.364530876126537e-13,0.4074299943328675,-0.6428662709264266,-0.0042951111750263475,-0.40742714881558595,0.6428669344849155,0.00431995409526661,1.6431194640274744,-0.011239790240856374,-0.004950303485683927,-1.643123787154386,0.011238780837908706,0.004901837231482898,0.09470913225141048,1.063922864454806,0.009910093346812261,-0.09467511472972329,-1.063904145844942,-0.009935884343948579
1.055,0.022695231739219144,2.3521879145441385e-09,0.5389809840449872,2.4151481044943313e-10,0.050000576130694634,-1.5026993856823305e-07,0.005216821115979878,1.7440454844563005,0.28552228171511784,4.0,4,Solved,145725,101632,353898,0.06662259850902708,6.970194773338624e-12,1.4297452111122766e-12,0.41605746860377196,-0.6429177929322228,-0.004272906376342746,-0.41605467080174,0.642918443974555,0.004297314039365507,1.777724238813224,-0.002472001406206191,0.018096214324505193,-1.7777372251204133,0.002468444169108218,-0.01821068924099298,0.08583490327380619,1.0659615761444332,0.011525587118997899,-0.08581282251860667,-1.065952225268676,-0.011545191513127417
1.06,0.024193824964687215,2.550005884785666e-09,0.5389203762949886,1.8072420335679862e-10,0.059134890039617756,-1.5168942637686877e-07,0.006117112387685943,1.8814191998149599,0.3095492851762843,4.0,4,Solved,128963,80312,310176,0.06707941321596357,7.673861546209082e-13,2.499736528882579e-13,0.425284011343022,-0.6427945223881166,-0.003997286625538724,-0.4252812978276141,0.6427951496246075,0.004020959593087105,1.8900836974184305,0.04472312630921154,0.08205770706454356,-1.8901031382337554,-0.04472870549628286,-0.08222675360777448,0.07749828453393391,1.073236489066037,0.010166758115244147,-0.07753920544969792,-1.0732706114554171,-0.010153747806634786
1.065,0.02581131168950848,2.5738159057720994e-09,0.5388513554723346,4.474304054627168e-10,0.06894174635643954,-1.5241174882742068e-07,0.007056250878433789,2.0140911847801974,0.3332389159725694,4.0,4,Solved,127991,76555,302962,0.06757741090789296,1.1510792319313623e-12,1.0169642905566434e-13,0.4350298814152338,-0.6423852466739162,-0.0033794366503952945,-0.4350272519260075,0.642385854065115,0.0034023940776225815,1.9890895577739558,0.1069351389799274,0.15168851288655436,-1.9891046497203495,-0.10693810384886543,-0.15181478361533585,0.06892357196926066,1.0811687375423227,0.008564138571729983,-0.06900805043136463,-1.0812385745262874,-0.008528499274785564
1.07,0.027546754844491317,1.8657674613531154e-09,0.5387668403063379,2.1584712983136677e-09,0.07938741285199159,-1.529200534357294e-07,0.007979010275433338,2.13098929449501,0.3578236115922606,4.0,4,Solved,130677,114186,343990,0.0696323070920022,1.3784529073745944e-12,2.1038726316646716e-13,0.4450469855731222,-0.6412224170015595,-0.0020986005598723242,-0.4450444050935409,0.6412230219102535,0.0021215663137167462,1.9963558226989109,0.3540564354853547,0.35392971963759146,-1.9963630154403678,-0.35405559161516653,-0.3538132399272687,0.06453092798218663,1.1141169134720352,-0.005341352867893047,-0.0644999920410184,-1.1140974984731797,0.00531717450298808
1.075,0.029398812285053737,8.181841810711941e-10,0.5386675849260618,4.6853771303123145e-09,0.09045119267314608,-1.5572476609098436e-07,0.008928022307473797,2.265185934947816,0.37985980960066623,4.0,4,Solved,129735,94408,323701,0.06832646940662251,6.89392987140991e-13,2.871036741680655e-13,0.4555007142693148,-0.6397750756238129,-0.0007521851093480352,-0.4554981839107989,0.6397756778050343,0.000775148391801449,2.14234143096415,0.2726369097206227,0.23393600653008775,-2.142353825698307,-0.2726384972588573,-0.23399511007494572,0.05024859083735569,1.0932194524207446,0.009172978574352529,-0.05024419810504408,-1.0932235105059602,-0.009182751122289105
1.08,0.03136273473362408,1.0011268371374397e-10,0.5385736626800385,6.443365578544222e-09,0.10214863899243025,-1.5693603497438407e-07,0.01002448707310728,2.3879289834625417,0.4021082536225788,4.0,4,SolvedWithSlack,141668,92355,332619,0.06827807446076718,2.4475214032761773e-12,1.9040324872321435e-13,0.46648887519346477,-0.6382975629552055,0.000512693804932703,-0.46648641333832735,0.638298153666557,-0.0004901973445873782,2.2310073449565477,0.31984635923656485,0.27484193303900967,-2.231022054122193,-0.3198491689651362,-0.2749536965512432,0.03930425155293219,1.092449191372275,0.010837563420733,-0.03921197521474148,-1.0923991149671186,-0.010877500375097408
1.085,0.03343683455640799,-6.852261482325702e-11,0.5384729152797357,7.160959888139717e-09,0.11443801629728209,-1.5793136929323995e-07,0.011172678453738417,2.5037520585798263,0.42406019135087347,4.0,4,Solved,146046,85621,331426,0.0685311988889418,6.27387031215676e-13,2.2870594307278225e-14,0.47783025987042954,-0.6364246910082813,0.002143430865512845,-0.47782790357730137,0.636425251984533,-0.00212182546099369,2.2926269887018624,0.413815980507807,0.36348473251899543,-2.2926524325847684,-0.41382394887025387,-0.36370607791221266,0.02872144896986834,1.0963774501636854,0.010248052198212974,-0.028898218608368276,-1.0964991822230687,-0.010161473970998617
1.09,0.03562022215166744,-8.30460006262943e-10,0.5383507196680759,9.622859918008803e-09,0.1272656834923842,-1.617379407508813e-07,0.012263903631478413,2.603856064127858,0.4463435349992763,4.0,4,Solved,129625,108034,336967,0.07000788801505885,1.722844089613318e-12,9.764411501578252e-14,0.48917156287651326,-0.6334724999232817,0.004689051907218874,-0.4891692781872936,0.6334730703853528,-0.0046667253552518705,2.2787508505957628,0.6539550121862211,0.5605589073478665,-2.278755002335548,-0.6539474218636115,-0.5602635380449016,0.021597407035667367,1.1201154806688434,-0.0012321083767409917,-0.021602141364533575,-1.1201262082409416,0.0012276594952785388
1.095,0.037910004734481424,-2.997510729133187e-09,0.5382203558400201,1.4606173185841142e-08,0.14064023304800136,-1.63240025342548e-07,0.013422370136258101,2.7201135895061688,0.46701773358577486,4.0,4,Solved,128323,97464,324282,0.06888853094206372,8.351097591230427e-13,3.5860203695392556e-13,0.5008638838072315,-0.6302769992451094,0.0072796231836369536,-0.5008616037634164,0.6302775954042887,-0.00725654788332402,2.3686946975158936,0.6511220812748242,0.5091146232731599,-2.3686944628878996,-0.6511183127060712,-0.5090264179548496,0.006783100014851882,1.1019971729668794,0.009706351584559873,-0.007080803800668398,-1.1022164950730196,-0.009555716368643193
1.1,0.040303391646009074,-6.0274529681506865e-09,0.5380895520684671,2.0528978111851188e-08,0.15455733585798875,-1.5820048022761133e-07,0.014687524578973786,2.82449808105248,0.48758075036232307,0.0,4,Solved,128653,86543,314855,0.06873077163388328,3.2294167340296553e-12,3.6137759451548845e-14,0.5128322354746484,-0.626732628567603,0.010046348437779348,-0.5128297970148094,0.6267333043044205,-0.010021606524561359,2.4075822536515816,0.7548746962115275,0.5907430647268942,-2.4075300034427842,-0.7548508687975567,-0.5902391092495146,-0.005112453777946313,1.0996923461421324,0.010303254669848601,0.005292833883666136,-1.0995689682744327,-0.010406518611178316
1.105,0.04274389597570682,-9.451427664539032e-09,0.5379484051877564,2.6623708598511343e-08,0.16859477579745574,-1.5155968290239883e-07,0.01579763343062125,2.769427678624065,0.48620578508106205,0.0,4,Solved,136868,91883,327559,0.06833374400285055,1.1087363913819581e-12,1.1646239528317892e-13,0.524098832679832,-0.621959873789054,0.013786763192784303,-0.5240962123651186,0.6219606106331522,-0.013761738180095006,2.1772048382165043,1.0352095585542154,0.8102810856780993,-2.1771810555378943,-1.0352044654865031,-0.8104088463517907,-0.013264263519235743,1.093309467410351,0.0034647469871891667,0.013233219755568697,-1.0933399040456089,-0.0034574480561277068
1.11,0.045148210498357724,-1.0467205199593826e-08,0.5378250389035923,2.84959469528723e-08,0.1822451400426444,-1.511326631115582e-07,0.01689268192875303,2.70184598480331,0.4784652596747655,0.0,4,Solved,130636,96372,325205,0.06498916990590609,7.395035304159382e-13,7.627232179174825e-14,0.5346771895874511,-0.6167660613591779,0.017722223735150675,-0.5346744556924635,0.6167668240189992,-0.017696973283212385,2.0647512338581504,1.063364540817376,0.7911998317641727,-2.064728444466499,-1.0633594043025956,-0.7910810837787133,-0.02748063943491573,1.0398267184944974,0.018355823600217404,0.027760029448287128,-1.0396298434251536,-0.01850592335719589
1.115,0.04751585107548126,-9.39015009546264e-09,0.5377270007952687,2.6988065580303127e-08,0.19552718946192363,-1.5555877583344506e-07,0.01800944316315579,2.625513350537165,0.4708981855614618,0.0,4,Solved,131137,79881,316297,0.06269324266313471,2.1513530266770782e-12,1.3078427230084344e-13,0.5445658087207502,-0.6111293478559476,0.021966696646113785,-0.5445631108091813,0.6111300692392839,-0.02194202512325202,1.9170274065386288,1.1772662167939947,0.894991213060315,-1.9170542676422841,-1.177283063617863,-0.8952717964756189,-0.03853130591927829,1.0030918826101554,0.023209589271146636,0.038558164504085224,-1.0030759791292312,-0.023232075434291267
1.12,0.04984625051599936,-6.02939951960827e-09,0.5376338905917073,2.1519178268695027e-08,0.20838555543889062,-1.6477585143401297e-07,0.01899826622630361,2.532638206514906,0.46353649432894006,0.0,4,Solved,131218,92194,322720,0.062063661738545925,4.007417122040078e-13,3.6637359812630166e-14,0.553422170100152,-0.6043346331240701,0.027395372294798683,-0.5534196246342011,0.6043352650349102,-0.027372514188316308,1.7006646962984484,1.4297062379026122,1.156653760415554,-1.7006979016203096,-1.4297247357810596,-1.1570492015447227,-0.044596430829553425,0.9927456292969216,0.013375731887000078,0.044234666746449325,-0.9930185878167348,-0.013198992062425165
1.125,0.05213987294496045,-4.3939323721907746e-09,0.5375565558962915,1.8775160082897535e-08,0.22085742830639155,-1.6523172104905935e-07,0.019974138748962946,2.4667876728250553,0.4560337815530403,0.0,4,Solved,130076,96663,325135,0.058636471937568234,7.576606009251918e-12,5.830891325331322e-13,0.5616656532351716,-0.5972355443641075,0.03293056201847455,-0.5616631001487671,0.5972361658937024,-0.03290786144101296,1.604054908244229,1.434601607541204,1.0984173320076294,-1.604030495812837,-1.4345932666018968,-1.0982187753425692,-0.057426244656276194,0.9381835510010917,0.03037649254980221,0.05750774801297295,-0.9381270574508433,-0.030426346082443902
1.1300000000000001,0.054396949879995334,-4.969689848796293e-09,0.5375018994908721,1.9927812758037516e-08,0.232967851465186,-1.6159481554167016e-07,0.020972955650968114,2.391651566332582,0.44852863555244865,0.0,4,Solved,126960,79230,304545,0.05638654771040498,5.530444187779257e-12,9.35473920549157e-13,0.5693035903152049,-0.5898211099594686,0.03867987511632386,-0.5693009683646767,0.5898217484273149,-0.03865661106176103,1.4736964795032743,1.5223496429868608,1.1931764500616322,-1.4736895310974107,-1.5223493724098476,-1.193121910207012,-0.06684609056283874,0.9021847633664797,0.03527926592615919,0.06685861254437026,-0.9021824086905451,-0.03529320894027681
1.135,0.05661623524695733,-4.868357049668065e-09,0.5374500159746931,2.0115584481265548e-08,0.24465714701757799,-1.6371650714891995e-07,0.021848960337613445,2.2985792734031265,0.44094108732516557,0.0,4,Solved,129925,95771,331005,0.055960666040509456,4.601948041269775e-12,4.702072065043694e-13,0.5759989807972842,-0.5814055798631131,0.04572987449103952,-0.5759963362405948,0.5814062107837168,-0.04570662163338989,1.2752407366590557,1.7428598934636574,1.487056542471084,-1.2752379251866068,-1.7428622820918005,-1.4870815219046583,-0.07069117708427775,0.8953706566481513,0.02258021485408144,0.07094950530327525,-0.8951802105960095,-0.022719389565798262
1.1400000000000001,0.05879887609449127,-3.5485599081137464e-09,0.5374116019535636,1.8277266518221035e-08,0.2559659487512369,-1.697894303018095e-07,0.02271276749873402,2.2349523496322776,0.4337525856093573,0.0,4,Solved,131719,88958,319363,0.05249162102833403,4.0822900615467006e-13,4.3520742565306136e-14,0.5821589378320281,-0.5727945470608911,0.05280565422516443,-0.5821564160388244,0.5727951105399567,-0.052783665073023116,1.193045503612477,1.7290800973214766,1.3966382242505044,-1.1930881267204365,-1.7291007184648217,-1.3970474965091944,-0.08285635299089408,0.8397280371369622,0.04159848802424887,0.08267732298630594,-0.8398659364533445,-0.041515611607235055
1.145,0.06094561140457833,-1.7571243899123775e-09,0.5373934779393965,1.5449386143725416e-08,0.2669218804115715,-1.7378035629516605e-07,0.023596469245389096,2.16135036149553,0.42639407527794065,0.0,4,Solved,124516,77476,300438,0.05030388629858227,2.343791827286168e-12,5.909439604323552e-13,0.5877895132249589,-0.563971636703106,0.06003334308948948,-0.5877871223660011,0.5639721429537309,-0.06001258898010106,1.078395683381481,1.7954745059010064,1.4884512837674932,-1.0784111659897173,-1.7954801854482068,-1.4885934288888005,-0.09085908556927973,0.8047980528437632,0.04628726072346709,0.0907729590329749,-0.8048621807773163,-0.04624898875087527
1.1500000000000001,0.06305482830024176,-2.164661844755521e-09,0.5373803757381506,1.651147254347378e-08,0.277477669374813,-1.7304987651121975e-07,0.024380502027794983,2.062624219415311,0.4185855764894209,0.0,4,SolvedWithSlack,152238,108165,359499,0.05069028739938505,1.723066134218243e-12,5.210137876687781e-13,0.5926208901607887,-0.5543939518153356,0.06848984023324522,-0.5926185521989886,0.554394451643289,-0.06846909462476601,0.8728730269695173,2.030890207916866,1.8886946071095128,-0.872881332952496,-2.030888652870687,-1.8885710366470743,-0.09148777004058795,0.811018059959632,0.02525057715766568,0.0914725188894129,-0.8110445983901609,-0.025236600729035087
1.155,0.06512759425636203,-3.6688338860758107e-09,0.5373701846638661,1.9816789917257154e-08,0.2876281719971084,-1.7351057413182907e-07,0.0251134708727002,2.0054306372193382,0.4119160573732769,0.0,4,Solved,136848,100520,341515,0.04669911016833047,4.846123502488808e-13,1.3752887717544127e-13,0.5968541496493073,-0.5444862712594012,0.07724003443359848,-0.5968518220851416,0.5444867838821318,-0.07721889927905409,0.8167270481946451,1.9726443754226899,1.6992431053389268,-0.8167256618829234,-1.9726411677265168,-1.6991753918169787,-0.1038653126970823,0.747137994147165,0.05106686027990974,0.10380982744865447,-0.7471857626932875,-0.05104484398704304
1.16,0.06716611336269405,-5.495125077213759e-09,0.5373815174697231,2.3308592318497444e-08,0.29744690714332384,-1.711275964650017e-07,0.025886554785774965,1.9350859207181443,0.40483482873476995,0.0,4,Solved,131949,89148,331326,0.04442862003806887,3.427813588530171e-13,8.409939411535561e-14,0.6006645254680728,-0.5345331103269908,0.08591443826696644,-0.6006621675230355,0.5345336470168819,-0.08589286165906619,0.7215488844715336,2.0112968496912362,1.7726991025674106,-0.7215397782638898,-2.0112910017455423,-1.7725921501468742,-0.11119528024299391,0.7107756425118037,0.05702608962597464,0.11109085722106084,-0.7108579206091019,-0.05697943573352456
1.165,0.06916837663114202,-7.896615048053831e-09,0.5374029725994531,2.7717975487396495e-08,0.3069005768240602,-1.6756033312257958e-07,0.026608788244662496,1.8609583476176024,0.3975588757120393,0.0,4,Solved,140826,95129,367935,0.042666364427760645,9.29700760821106e-13,3.705230566808382e-13,0.6039598099728016,-0.5243013301762036,0.09516422385877014,-0.6039573607722779,0.524301915541315,-0.09514171048306828,0.6162484847641375,2.0730050166846024,1.90656197663991,-0.61622417298126,-2.072992801330858,-1.9063201331520332,-0.11676382223566255,0.6826618308441703,0.05784411188460808,0.11687130109532964,-0.6825822862659723,-0.05790538263086757
1.17,0.07113260007138343,-1.020754977507287e-08,0.5374153396732312,3.180547124883185e-08,0.31591936311073493,-1.6461190651944692e-07,0.027181064295622885,1.777787660644125,0.39008051872516497,0.0,4,Solved,134865,104567,354880,0.041849739479891984,3.055898077102575e-13,1.1191048088221578e-13,0.606412403475114,-0.513212590696243,0.10632615704002793,-0.6064098763522482,0.5132132095441018,-0.1063039600061071,0.48542118284987845,2.17865649316569,2.154095134294262,-0.4854148342818556,-2.1786544285315737,-2.1541421045548477,-0.1196092165170024,0.6695468786808874,0.04878327835033095,0.11955010176192579,-0.6695958316782717,-0.048761466090991044
1.175,0.07306273959654688,-1.1373650235441722e-08,0.5374470598480706,3.4082658302221394e-08,0.3246201167623302,-1.6495737565520687e-07,0.02777657455274915,1.7134427129267584,0.3834034744404202,0.0,4,Solved,138151,117091,364629,0.03908163066388387,1.2567724638756772e-12,5.401651348435621e-13,0.608640865704888,-0.5023713756113598,0.11694473265801487,-0.6086382876381002,0.5023720111192022,-0.11692230108997828,0.4128251475977451,2.173584884970054,2.127488669041253,-0.4128122528745996,-2.173580705675672,-2.127393533140722,-0.1275187774130075,0.6253060906221419,0.061747038710246796,0.12755404512570986,-0.6252944513549642,-0.06177260261674271
1.18,0.07495846165725163,-1.1892052735956765e-08,0.5374898934045318,3.51698758356245e-08,0.3329752017492592,-1.6529127576713523e-07,0.028351603764553018,1.6423405450258968,0.3764288378886972,0.0,4,Solved,135866,86624,338409,0.03787501745615817,6.337153024560394e-13,3.6269598435723083e-13,0.6104436609054908,-0.49140978449282535,0.12787574907792015,-0.6104410410398263,0.4914104202089573,-0.12785302593610173,0.3236598171987975,2.2094935264973334,2.2335469043609417,-0.3236544159126656,-2.2094960739470944,-2.233515955907468,-0.13279166754764832,0.5956347389292409,0.06438752967546889,0.13272843419996624,-0.5956882330722281,-0.06436403471046068
1.185,0.076817414476542,-1.170877067326278e-08,0.5375277313987316,3.519420146001776e-08,0.3409264274812041,-1.6813856992116518e-07,0.028810902385033667,1.5515595884451465,0.3686885481611487,0.0,4,Solved,131849,108916,345993,0.03749942232116636,3.907985046680551e-13,1.57818202950466e-13,0.6115490430030736,-0.47984334589980865,0.1404392615330107,-0.6115463807620043,0.47984397519044947,-0.14041588171595834,0.17606627455543603,2.344537826353,2.605241911564021,-0.17605508758940996,-2.344537900759487,-2.60506893388389,-0.13193440197073764,0.5999907571386618,0.04482838270799056,0.13196753727931093,-0.5999693976298495,-0.044853183679284044
1.19,0.07864250215523577,-1.1481931043292513e-08,0.5375725809891942,3.509006247594544e-08,0.34852584249549823,-1.705586973764856e-07,0.02925802755426601,1.4961135247325261,0.3627285787463107,0.0,4,Solved,137449,116791,361383,0.04004688108770638,1.1546335319652302e-11,1.2539969063141143e-12,0.6123251715384059,-0.46834017308595366,0.15285655343895332,-0.6123224711878613,0.4683407910254834,-0.152832712160153,0.13165246717200293,2.288672217499277,2.442280884448044,-0.13164745151743823,-2.2886760171795157,-2.4422329428766902,-0.14156189921046292,0.5423675233146776,0.06807969784910085,0.14153634693512238,-0.5423917559159519,-0.06807510428715072
1.195,0.08043557476040154,-1.0841047761055393e-08,0.537631868873887,3.4074448273180125e-08,0.35580812691948444,-1.7196084772543998e-07,0.02971629400798487,1.4293118445869808,0.35611529901318195,0.0,4,Solved,130146,82466,315536,0.04281824949118024,5.755396159656812e-13,3.519406988061746e-14,0.6127827262250025,-0.45688883873655756,0.1652673770939264,-0.6127799946693161,0.45688944083661415,-0.1652432918021992,0.0614254375510043,2.297947835334771,2.5217236787885375,-0.06141847646631847,-2.2979506312856413,-2.5216723143515876,-0.14655222168040608,0.5100274433633376,0.07271324880054664,0.14669538339874763,-0.5099245985525177,-0.0727910241350064
1.2,0.08219441937545643,-9.485591297805685e-09,0.53769661186226,3.184831172372793e-08,0.36274586114625373,-1.7516941669287838e-07,0.0301183497602844,1.359571500982504,0.3492553992569381,0.0,4,Solved,134985,100009,342707,0.04301456432522916,3.9381964895064166e-12,4.3598458177029897e-13,0.6128649468876891,-0.4453401412012624,0.17825131295999969,-0.6128622522555813,0.4453406900680574,-0.17822768950004886,-0.014692424374400546,2.320536957437273,2.651840089204184,0.014675540853129766,-2.320552587338381,-2.6520267850417674,-0.15042498721673153,0.48449787819417517,0.07312475935288958,0.1503392371545527,-0.4845498522279253,-0.07308969963397262
1.205,0.08391621263995201,-8.010623242301732e-09,0.5377480158099549,3.031350753410709e-08,0.3692667610597548,-1.8469569066619863e-07,0.03039079082680901,1.2804189535071042,0.34198313468167363,0.0,4,Solved,131830,118924,355522,0.036491086039170964,1.4014694988217602e-12,1.7659484985443896e-13,0.6122781254940746,-0.4332235145746019,0.19333094058522982,-0.612275507261323,0.4332240256849034,-0.19330735647053118,-0.11355140636976928,2.3782091166428736,2.918640805862406,0.11354224737099747,-2.378213125726935,-2.9186536454434915,-0.15067231471261222,0.4765908599711163,0.061737282268385194,0.1512629519212376,-0.47614132094803296,-0.06203484626659064
1.21,0.08560676444046446,-4.934450345356678e-09,0.5378157454050062,2.5697971225073767e-08,0.37549792397188747,-1.9627600084418488e-07,0.03067460453696858,1.22171686141728,0.33593773978729535,0.0,4,Solved,127742,91423,322610,0.04486373076617539,1.1226575225009583e-12,2.9859448247293585e-13,0.6115901788477115,-0.4214742869798258,0.20769049107052823,-0.611587874431694,0.4214746246627428,-0.2076698415524782,-0.15976391278171584,2.3417983035331793,2.86756021336659,0.15966532029640795,-2.3418523586527447,-2.8685185317335913,-0.15783219459963382,0.4316683299089461,0.07626834230249817,0.15754568724559634,-0.4318847838351162,-0.07614082361323135
1.215,0.0872652412106742,4.769168052492532e-10,0.5378915671732947,1.65718994664575e-08,0.3814102491079867,-2.0739663459346732e-07,0.030936314275331056,1.1558979471498751,0.3293881295823297,0.0,4,Solved,139274,83809,324393,0.04642965929688109,2.881566208512671e-12,8.58202398035246e-14,0.6106198754748989,-0.4097871558642358,0.22229473944826883,-0.6106179485022268,0.40978731617966024,-0.22227769774543385,-0.21911137213238266,2.3389967995293897,2.9653859684746777,0.21905073152056587,-2.3390205167045943,-2.96595154364679,-0.161536977776525,0.40356288887304054,0.07893042080469785,0.16142109893499967,-0.40363412465182497,-0.0788723731240687
1.22,0.08888902525180863,1.120809565440193e-09,0.537963538420878,1.5584919519536652e-08,0.38696191714355826,-2.0791034504878933e-07,0.031105306500379053,1.0624450534325385,0.32126139346307525,0.0,4,Solved,129665,120478,357145,0.028384016189481876,6.708138643816145e-12,3.985700658404312e-13,0.6091775922521543,-0.3978441721992933,0.23836299307763573,-0.6091759403650288,0.3978442789529396,-0.23834768051112262,-0.35092744019521327,2.4471440151237944,3.4657925040934177,0.3508745548304823,-2.447145852211457,-3.4659432522457574,-0.15607210321005785,0.42758720824313157,0.047990442207098596,0.15653536378058464,-0.42722621688835133,-0.048252827522119186
1.225,0.09047946754982417,2.058509226887583e-09,0.5380308136084924,1.526226255187664e-08,0.3921508690968127,-2.2018648837608618e-07,0.031247858907748463,1.0178619425148847,0.316374854847834,0.0,4,Solved,139864,108996,356594,0.04817151244363774,5.7138847490724985e-12,1.6038281813735011e-12,0.6074216414614568,-0.38596255968525456,0.2546166434812869,-0.6074204837949531,0.38596249535443644,-0.254605226363977,-0.36245287394843273,2.346917650528391,3.164369706264053,0.3623227069657098,-2.3469718716188397,-3.165531887937687,-0.1672968121358427,0.3563384493678885,0.08189157115418415,0.16700964573905877,-0.35654161890410585,-0.08174151059230704
1.23,0.09204132987649302,4.261271544699474e-09,0.5381137262234967,1.1972216959171901e-08,0.39706451064314974,-2.2917717958262913e-07,0.03141633644561919,0.9583729673149435,0.31029118957292856,0.0,4,Solved,132771,79671,315816,0.05223999356684316,4.5387027469701025e-12,2.1354307211396417e-12,0.6055118180861112,-0.37434906700808074,0.2705406530418567,-0.6055111751820582,0.37434886475810336,-0.2705336596384897,-0.3989749205164417,2.313639573569105,3.2158459536462924,0.39888941183809284,-2.313650284588089,-3.216542767376914,-0.17153685321530185,0.3217356072898786,0.08880798906363337,0.17187243744203623,-0.3215526868665044,-0.08839766179153358
1.235,0.09357061922777454,-9.329005367076946e-09,0.5382007287935202,3.2800247764811815e-08,0.4016662271703698,-1.7874380674894723e-07,0.031527528815387146,0.8947789193032318,0.30369039991994845,0.0,4,Solved,142189,105109,357145,0.05234811374308623,2.29247176797287e-12,8.093248293761235e-13,0.6033939381271545,-0.3628497295170412,0.28698436094591967,-0.6033931915954358,0.3628500088477526,-0.28697475226775454,-0.44151588380846973,2.29396910930647,3.3437039786071034,0.44160546440600335,-2.2938046172383895,-3.3423806220082306,-0.17454163030763492,0.296996431786898,0.08894315879684661,0.17416802109826152,-0.2972023725106124,-0.0889917933632466
1.24,0.09506416665125045,-3.906503298873119e-08,0.5382769689880326,8.418543619662643e-08,0.40590197843177483,-1.2858470326715019e-07,0.031532128371571405,0.8112562768853885,0.29579112974055344,0.0,4,Solved,138612,116620,372824,0.03739214320452585,4.465434478983043e-13,8.71663852208826e-14,0.6008600050697798,-0.35116587050782283,0.3053466203686944,-0.600858970189089,0.3511667938620315,-0.30533247455456625,-0.5307294550335362,2.3384591219831394,3.7777212019569606,0.5307695872550153,-2.338353256025127,-3.7770355122610586,-0.16994342479896438,0.3129640299267653,0.06339674636228632,0.17023393054801844,-0.3128747084217153,-0.06356664344769394
1.245,0.09652603609336462,-5.554337322984785e-08,0.5383561573813163,1.1585584682719546e-07,0.4098296789732755,-1.3590300077415396e-07,0.03152039252758692,0.7655828770265201,0.2907224831812277,0.0,4,Solved,136027,116059,366322,0.053623994771404636,8.526512829121202e-14,4.297950884080137e-14,0.5982165643137213,-0.3398004128401924,0.3234280464558022,-0.5982154106662698,0.3398015720135239,-0.32341210070406956,-0.5358629041476176,2.2426676576141715,3.556528900896454,0.5358753056662725,-2.2426578087995073,-3.556397609949665,-0.17919060819006202,0.2501988122554546,0.09116079111138788,0.1791096840311777,-0.2502724529255661,-0.09112484809484234
1.25,0.09795860847807089,-5.703011700975088e-08,0.5384466799124238,1.1920766643328439e-07,0.4134872514191554,-1.4376864304843893e-07,0.031508424213005384,0.7080943117010315,0.2845299910158158,0.0,4,Solved,143882,84039,343429,0.056846657890399076,2.1871393585115584e-13,2.6978419498391304e-14,0.5954856179660452,-0.32876168324730515,0.3413622183198141,-0.5954843509688773,0.32876288551592564,-0.3413452173920676,-0.5562245493864877,2.189952605413755,3.621629731230551,0.556253749801374,-2.1899450621081082,-3.621371014818988,-0.18286646589858202,0.21822632991263743,0.09658254356737019,0.18296985634189142,-0.2181523255815536,-0.09663931841367843
1.2550000000000001,0.0993583084715263,-5.461639370160209e-08,0.5385391437954904,1.1488517894064841e-07,0.41684678663413494,-1.4788312873240606e-07,0.031435770775928025,0.6476623508625489,0.27786306138577743,0.0,0,Solved,140566,90541,351504,0.05713191847426365,2.2119112097485072e-13,2.7533531010703882e-14,0.592641137219601,-0.31796282113033075,0.3598197920254406,-0.5926397596975426,0.31796399287063937,-0.3598020524611072,-0.578644430470017,2.1424320099699554,3.7436510793790956,0.5786617325910517,-2.1424468333078823,-3.7435773717333602,-0.18531571117239795,0.19432600229084793,0.0971242614062482,0.18521351249287632,-0.19440321851610398,-0.09707967522254908
1.26,0.10072426449435518,-4.9658553542010204e-08,0.5386307926224818,1.0575157714770293e-07,0.4199035206880794,-1.5140186160834213e-07,0.03127567201355994,0.5872229419309072,0.27109545065872603,0.0,4,Solved,130517,109817,355371,0.0344377313957702,1.0357097124380488e-12,3.08530978543331e-13,0.5896093879073251,-0.30730941426225333,0.3794780078721574,-0.5896078847402021,0.3073105300686134,-0.37945925594061153,-0.6812253600143575,2.197379686618148,4.447439598817862,0.6812515458011207,-2.1973889550113817,-4.447001906555546,-0.17980573605650552,0.209745628634383,0.058478398982484914,0.17992050467374165,-0.20965863183692346,-0.05854414337280934
1.2650000000000001,0.10205320717027888,-4.397141469269487e-08,0.5387013271344462,9.583746076002273e-08,0.4225821506247681,-1.5960182389994923e-07,0.031097952013310816,0.520440178936529,0.26428916299935784,0.0,4,Solved,135115,110990,360221,0.058488189574901,2.2737367544323206e-13,3.774758283725532e-14,0.58636825931584,-0.29689897429744083,0.39991699094359595,-0.5863666571245397,0.2968999775645571,-0.39989732324876953,-0.6380562003080458,2.021526861112713,3.9316705395084584,0.6380709738006818,-2.0215580256886945,-3.931624208959297,-0.1887175796031946,0.15436651048094735,0.09936807970547572,0.18882598980739992,-0.15428804888815303,-0.09942992227733169
1.27,0.10335422204753185,-3.5187539140747196e-08,0.5387893055750066,8.004616333780849e-08,0.42503754070634064,-1.6815372105875003e-07,0.030956219054925814,0.47035707715856373,0.2583080944933373,0.0,4,Solved,129665,92184,323100,0.0647420381700426,1.016397035979999e-12,2.6431634658763414e-13,0.5832199274931371,-0.2870868001066187,0.4195230027452165,-0.583218292889405,0.28708759038342196,-0.4195038523189315,-0.6284130113652414,1.92974917052512,3.937898302904323,0.6284135913219444,-1.9297988931448824,-3.9380932851427533,-0.19363717174740583,0.11465805340977253,0.11002786890803673,0.1936874747759455,-0.11461982667639171,-0.11006146488907244
1.2750000000000001,0.10462228885388898,-2.4704793343557002e-08,0.5388816370611538,6.109819240421712e-08,0.42722426451203405,-1.7714081914193587e-07,0.030753250890644512,0.4150497360452618,0.25153104584004704,0.0,4,Solved,130576,79841,309064,0.06546092910884768,9.444962173477123e-13,2.31717423027078e-13,0.5801015353074516,-0.27769601342752065,0.43954500110497424,-0.5800999253849782,0.27769653535580924,-0.4395271731631144,-0.6222268432946585,1.8469128352327815,4.056538972598865,0.6222180218967545,-1.8469688583766255,-4.05684787068443,-0.19595985125618384,0.08983776384839126,0.111180361064349,0.19614369646306756,-0.08970067834001473,-0.11128357948504106
1.28,0.10585546305223405,-1.289511236543875e-08,0.538973445876491,3.988042604303349e-08,0.4291309976398547,-1.884699378172637e-07,0.030473974290030164,0.3589083890013332,0.2444886565703187,0.0,4,Solved,134654,79560,321147,0.06531205267106835,1.8459512955256227e-12,3.055333763768431e-13,0.5770205686799457,-0.2687362532756449,0.46020300763885313,-0.577019088055441,0.2687364160065693,-0.46018773561106324,-0.6129972209128521,1.757233469146521,4.1852073225004975,0.6129598916527808,-1.7573152530475544,-4.185851691309876,-0.1980089234926596,0.06843414746780727,0.11103048954081618,0.1977258414075972,-0.06865789993743585,-0.11089773174357538
1.285,0.10705318934850651,-2.1687859191844714e-09,0.5390635047209916,2.0289282298039234e-08,0.43075877411716856,-1.9545375210242815e-07,0.03012440187499199,0.3034526969759179,0.23737017619343773,0.0,4,Solved,131008,87445,316728,0.06539671859954233,2.0177972701431757e-12,3.40394379350073e-13,0.5740020822476469,-0.260256861364455,0.48147431729035733,-0.5740006919346052,0.26025675515333524,-0.48146094285560354,-0.5980610878493925,1.6565091755013572,4.3027495118354775,0.5980555698653998,-1.6565448361188013,-4.302955030549525,-0.19966406973800085,0.047766694242881706,0.11117442161922196,0.19962975904413066,-0.047789156210642544,-0.11115905166092771
1.29,0.10821245244197258,3.1887399424493807e-09,0.5391395596179204,1.0152770412967821e-08,0.43206742555542915,-1.9583684981482422e-07,0.029693859861962036,0.2299461431277416,0.22869693481744455,0.0,4,Solved,130075,104898,332728,0.04803329113715979,2.3180898062292393e-12,3.666233983068423e-13,0.5709080291768299,-0.2521224465933152,0.5047823919169959,-0.5709066716936372,0.25212220035577754,-0.504769688922926,-0.6162720853217443,1.5889387690722936,4.766201347278359,0.616265368443843,-1.5889616081619624,-4.766303727751371,-0.193149845218999,0.07485180099599176,0.08165035043764118,0.19314390668224352,-0.07485837313254112,-0.08165659493317164
1.295,0.10933784997189679,6.170706536632451e-09,0.5392174616700374,4.531684056101028e-09,0.43311741369621987,-1.9740690467886171e-07,0.029256820049445225,0.19395888977844503,0.2234472115607218,0.0,4,Solved,139524,105720,343369,0.06816376855510536,8.898003861501635e-13,1.5870638137016613e-13,0.5679945600148307,-0.24470325944909596,0.5275386652685143,-0.5679932472726996,0.24470290808146605,-0.5275266577539576,-0.5673356463045782,1.4227710336040051,4.462460387783674,0.567324990507452,-1.422790570327373,-4.462617177144203,-0.20336545426760053,0.005574996623941929,0.11585492378609345,0.20339351436687475,-0.0055529663851408406,-0.1158784065436791
1.3,0.1104317422993251,8.044671503034816e-09,0.5393064997267015,9.945080704586886e-10,0.43394697009900984,-1.9984746044087147e-07,0.0288214944955873,0.14653500949622392,0.2166916964389697,0.0,4,Solved,139504,79390,316618,0.07255045574403646,8.108305693532714e-13,1.1023126855747023e-13,0.5653018379107759,-0.23803154288124362,0.549895530867686,-0.5653006066385431,0.2380310928996929,-0.5498845588433583,-0.5219283874911761,1.2792466952274932,4.492636170318911,0.5219083591288445,-1.2792665530009686,-4.492875167900969,-0.2070044766164823,-0.024728939853872537,0.12333577476486197,0.20665932760338349,0.02444555622114353,-0.12312058162842414
1.305,0.11148919134181536,5.311540650942858e-09,0.5393964650667279,5.155636173078841e-09,0.43452925078324206,-1.9288295998452678e-07,0.028328137767119437,0.09629610860624224,0.20923918054703472,0.0,4,Solved,128834,78678,304405,0.07299589772614976,7.669021667711107e-13,7.567557691601223e-14,0.5628380992457198,-0.23207782213109884,0.5726363882587364,-0.5628368106308359,0.23207753826599356,-0.5726242678376998,-0.4742798002939313,1.1335930463918293,4.590248573310141,0.47431216599620607,-1.1335257458262717,-4.589710022776046,-0.20829369562153416,-0.0424423347528994,0.12409302613445458,0.20819162898743104,0.042363183655672876,-0.12404894890051046
1.31,0.11250868715484852,-4.620351984251731e-09,0.539484269056275,2.1949265453963985e-08,0.4348598487563326,-1.7774322663126547e-07,0.027770201547110338,0.04609552606268486,0.20158102693104388,0.0,4,Solved,137049,79239,314303,0.0728939622615566,9.307028226882157e-13,2.3803875537353747e-13,0.5606249636316628,-0.2268762284856403,0.5958813349327902,-0.5606234873422956,0.22687631304897565,-0.5958661474136023,-0.4219687881965824,0.9792485750081958,4.6904551783553305,0.42201017082207826,-0.979170782081254,-4.689790611629742,-0.20843073469309767,-0.05527195946570671,0.12337922729622205,0.20951474445779572,0.05617723208544577,-0.12391973584464623
1.315,0.11348979331345302,-8.578601938915543e-09,0.5395692956157777,2.980363325892094e-08,0.4349421485999223,-1.866389384027372e-07,0.02715305650670858,0.0031470475508109125,0.1938689616745487,0.0,4,Solved,134564,78128,309845,0.07242655240172774,2.422648938196736e-12,3.9124259387790516e-13,0.558688472967556,-0.22247378972653048,0.619597559127899,-0.5586872040163587,0.22247377852808797,-0.6195843217699405,-0.3644478113265518,0.8154740904650299,4.779965514692347,0.36435170913439957,-0.8155560309722008,-4.781051260589514,-0.2094221947065043,-0.06639805794973491,0.12312513908293715,0.20912154849119,0.06617640923176457,-0.12300468228045411
1.32,0.11443239443817302,-3.5489863380370326e-09,0.5396516274750013,2.1968011574010497e-08,0.43478180431437563,-2.0679030285276267e-07,0.026483146433119952,0.05118841531711242,0.18614934523041418,0.0,4,Solved,127652,78990,304084,0.07196494171424098,1.1452852079785669e-12,7.533557111472078e-14,0.557054538004606,-0.21891390024846824,0.6437349962782594,-0.5570536708448991,0.21891363306959072,-0.6437259688589597,-0.3018738721995306,0.6436537613245853,4.860406291332934,0.30180352244352915,-0.6436854868403081,-4.8610907358793165,-0.20911478774140635,-0.07392262893963884,0.12234040091420967,0.20920460798702886,0.07407451774508816,-0.12232061987684176
1.325,0.11533650068510315,-5.7128962747780336e-09,0.5397314415266897,2.5777592497810733e-08,0.43438486631516576,-2.0780868411895463e-07,0.025765607202921995,0.09803286937583437,0.17844191626365744,0.0,4,Solved,136878,79310,314023,0.07140457756007114,2.1847167105570845e-12,3.410223492483766e-13,0.55574552781993,-0.21623135403513707,0.668250244939765,-0.555745050847043,0.2162311702762803,-0.6682438933122581,-0.23523630793587813,0.46562656716395323,4.932540014730771,0.23515350793264445,-0.4655793351706411,-4.932979107727405,-0.20902548896397302,-0.0785221119485914,0.12103934358162033,0.2080345171853344,0.07807957567611783,-0.12138778185212093
1.33,0.11620222309279574,-3.323974519881337e-09,0.5398088458747,2.579278885909403e-08,0.43375713003285427,-2.5875918874839584e-07,0.025004199865135992,0.14374539267549763,0.1707676205565922,0.0,4,Solved,130356,78969,316909,0.0704339316172628,1.708555620422126e-12,3.069367676689083e-13,0.5547780074486038,-0.21445098387612446,0.6931035621594204,-0.5547783657233982,0.2144501149853549,-0.6931063879934497,-0.1657854109947991,0.2834576870748457,4.996982741647892,0.16556486382088587,-0.2837141071971273,-4.999731411370895,-0.20772719458266187,-0.07901461779713954,0.11973768374934676,0.20675733142616326,0.0782505970408949,-0.11921741668192828
1.335,0.11702981537047082,9.741153835275948e-09,0.5398838456212927,6.8777777335049035e-09,0.43290411719316474,-3.201186054348674e-07,0.024201724847954187,0.18836647301697543,0.16315757876067333,0.0,4,Solved,126038,79440,306238,0.0688738037726785,5.090095012150186e-13,8.511247262532606e-14,0.5541625079359731,-0.21358470476817146,0.7182706278389028,-0.5541635834306307,0.2135832507781772,-0.7182814663407966,-0.09469822892193552,0.10006238917318896,5.058406776914846,0.09460326570814441,-0.10008908500206612,-5.059262568261727,-0.20562091362424187,-0.07484166591078675,0.11708546641355344,0.2049281309569594,0.07434510427297637,-0.11682657498421033
1.34,0.11781971498755245,5.738416472811475e-09,0.5399563564280537,1.3744025959047934e-08,0.43183112503428256,-3.1871961806527355e-07,0.02336038038419888,0.2319534047898377,0.15564832881337703,0.0,4,Solved,128813,85972,312991,0.06684954229449436,1.435571401402633e-12,2.311692504086693e-13,0.5539019540920497,-0.2136317913615254,0.7437309128603344,-0.5539033601193227,0.21363046801726118,-0.7437437473741748,-0.02371740570314181,-0.08227795862830845,5.115014015130692,0.02367073740506692,0.08233817354213188,-5.115111092586764,-0.20278360331821293,-0.06620838912813674,0.11364422190064041,0.20241827306378787,0.06594544005896671,-0.11350633028303012
1.345,0.11857255931893096,-6.749303178212685e-09,0.5400262369328555,3.561830143711984e-08,0.4305431681104061,-3.099924602318616e-07,0.022482092770048662,0.27455596450547404,0.1482799392228038,0.0,4,Solved,130426,79630,316007,0.0643245056983795,1.1223251357610274e-12,1.9214491109309506e-13,0.5539911705963052,-0.21457909243764264,0.7694631344355235,-0.5539927258721485,0.21457818471737328,-0.7694752877459121,0.04561143444111272,-0.26094305463014855,5.167724141455295,-0.04562983370130741,0.2610408482821686,-5.167432981558098,-0.19918888153685235,-0.053162418008019095,0.10931769059103527,0.19929023027199336,0.053228637545325495,-0.10935165968724515
1.35,0.1192891945358855,-2.0898394458962294e-08,0.5400933068613067,6.051041184807273e-08,0.4290450533065857,-3.013900079607656e-07,0.021568720439617987,0.31621083682988277,0.14109316451697157,0.0,4,Solved,131639,79410,309334,0.061636429220027496,6.459982225153805e-13,1.4579309981499478e-13,0.554417388474692,-0.2164009989326469,0.7954485463793165,-0.5544190381803998,0.21640049890151966,-0.7954596214275262,0.11178747046875037,-0.4335232324403922,5.21678039743261,-0.11180671830668568,0.43359422396765823,-5.216614194276848,-0.1965601782059386,-0.0372192989000123,0.10478192967404674,0.19398019798010874,0.0353777181824836,-0.10383461598621307
1.355,0.11997066416080697,-4.5802621672671855e-08,0.5401573668292569,1.0454959751210418e-07,0.42734140394381676,-2.8294326647016804e-07,0.02062217339142517,0.3569571949010634,0.134124918056175,0.0,4,Solved,129956,79560,307030,0.058047930274310953,6.542683061994126e-13,1.6105259487142476e-13,0.5551611017566621,-0.2190600696226732,0.8216745278712573,-0.5551623105074666,0.21906084590442468,-0.8216764794176862,0.17356578217015967,-0.5976818909837636,5.26406029519986,-0.17340381349493836,0.5980540544373604,-5.261139093103651,-0.19038389263086175,-0.015598822329251616,0.09851757036390303,0.19102124201344872,0.016084136416074927,-0.09868148146632862
1.36,0.12061819316046431,-8.630338106762716e-08,0.5402182077330973,1.7630026022161407e-07,0.42543678127019213,-2.5109426993838236e-07,0.019644517363422247,0.39677950067645373,0.12741100480384213,0.0,4,Solved,130647,80512,322740,0.054449529100753076,4.0424999434604363e-13,3.9065972678997696e-14,0.5561966372963874,-0.22251003416043477,0.8481233110309156,-0.5561970792186101,0.22251248706341561,-0.8481118297435575,0.22971605129358436,-0.752021386778682,5.3066163920051626,-0.2295685642500578,0.7523328717528681,-5.304083493238968,-0.185932317750729,0.007387132113140708,0.09256419947128022,0.1858584793182732,-0.0073676015965016,-0.09228987727798327
1.365,0.12123313383191739,-1.3080322401806457e-07,0.5402756372759596,2.540266625064756e-07,0.4233355292601047,-2.0473437922148399e-07,0.01863786738659479,0.4357942227841439,0.12096699669380995,0.0,4,Solved,126910,81544,307791,0.05060403276054451,4.819930558665263e-13,2.9531932455029164e-14,0.5574932860396351,-0.22669682567137653,0.8747789548984958,-0.5574927957190682,0.2267014123122125,-0.8747508203292863,0.27938298081915003,-0.8948854311973682,5.347002368691984,-0.2791693106148087,0.8953840091015911,-5.343148477865272,-0.18033965984405145,0.03307839946268225,0.085719042300315,0.1807359135240631,-0.03275623785620497,-0.08602685569292566
1.37,0.12181693286640535,-1.766314730763795e-07,0.5403294800503524,3.3506430179174485e-07,0.421041908694218,-1.6760843515407904e-07,0.017604619564656605,0.4738817707342286,0.11482083968232785,0.0,4,Solved,130787,81033,311328,0.04662691180844537,1.9411139362546237e-12,7.014389069581739e-13,0.5590175630275692,-0.2315618798315924,0.90162374360668,-0.5590161304508725,0.23156823367327703,-0.9015803769336683,0.3222074168246526,-1.0258638559269817,5.382954572314906,-0.3220351748354478,1.0261239641749915,-5.380434625743791,-0.1748836183526642,0.06016152249290883,0.07905177588245837,0.1752944652094483,-0.05986728109523232,-0.07926575007435713
1.375,0.12237113446925722,-1.978340938915789e-07,0.540379553367219,3.7387134087541203e-07,0.41856056429779886,-1.686937667534222e-07,0.01654713739397423,0.5110762259660737,0.10897926049534198,0.0,4,Solved,135877,84109,331086,0.0426107608199106,2.251636377348376e-12,8.111948612832265e-13,0.5607342833333737,-0.23704352967519818,0.9286405718770182,-0.5607320299986465,0.23705070929158276,-0.9285870430908643,0.3578619349009927,-1.144206450930804,5.416156961970073,-0.3577041998604577,1.1443110561682022,-5.41444530864848,-0.16951592856246697,0.08812209978525996,0.07239704122236358,0.1695709490261475,-0.08809252896135772,-0.07243829339384802
1.3800000000000001,0.12289727785037204,-2.0126961486594272e-07,0.5404257263008061,3.801656147427241e-07,0.41589587211304146,-1.7536368927010353e-07,0.015467852793779638,0.547395654004175,0.10344261156923514,0.0,0,Solved,128262,76405,305367,0.03873579612618217,8.851530619580217e-13,3.9119749106752977e-13,0.5626075289667587,-0.2430784464080373,0.9558159381843757,-0.5626044422345086,0.2430859501261986,-0.9557544219322197,0.38632078907569417,-1.2498537988765852,5.446706453187781,-0.3861490178171448,1.2498936709459851,-5.445183658796895,-0.16383086949141074,0.11680091005617807,0.0656938861362344,0.16412855652319708,-0.11658691029556634,-0.06585085341450969
1.385,0.1233968870218879,-1.9194489851579586e-07,0.5404679011263281,3.6310221579278917e-07,0.4130522161418712,-1.858571637688897e-07,0.014350400402398671,0.5828366231722052,0.09820664005445649,0.0,4,Solved,130466,101862,330494,0.021574878048281867,7.334206435616032e-13,1.582067810090848e-14,0.564527903906096,-0.24951467354635917,0.9835409228339825,-0.5645239956264821,0.24952209446175064,-0.9834742741020865,0.33386101402176055,-1.2536517949157908,5.879867334008396,-0.333693977898136,1.2536076552705526,-5.879692209534307,-0.15608489239265874,0.15736716160442082,0.03667729268207917,0.1560182394227035,-0.1574191997684837,-0.03666603478601919
1.3900000000000001,0.12386739217796137,-1.7335346573646658e-07,0.540484832282805,3.2760699960619006e-07,0.4099583121911941,-1.8937781177380022e-07,0.013255288556101702,0.6242081847813513,0.09287562808008532,0.0,4,Solved,140406,108635,348869,0.031067425323539108,7.493866638341729e-13,3.3863883919238447e-13,0.5664516887510941,-0.25636682405723166,1.01152706564226,-0.5664469437160621,0.25637395204195323,-1.0114573310940786,0.40940747718529447,-1.437714230175025,5.463950212657528,-0.4092380416908398,1.4376472804914011,-5.463150250307673,-0.1516086726467241,0.18235859329087073,0.05269932006111823,0.15181487277989097,-0.18220602190610308,-0.05281462305001648
1.395,0.12431905273130817,-1.4754362108201546e-07,0.540517494536966,2.800269653050849e-07,0.40676403676630485,-2.0229169615691738e-07,0.012205978596013729,0.6498157726396013,0.08896385552094402,0.0,4,Solved,128724,91934,319564,0.03204279227836979,8.222947723532685e-13,3.0753177782116836e-14,0.5685750981987722,-0.26381691395800777,1.0386616662273953,-0.5685695715867877,0.26382353870700104,-1.0385885862642346,0.4320171250485571,-1.521850071736008,5.4159791695048884,-0.4318700598590082,1.5217298450634842,-5.41542014460726,-0.14866588583116364,0.19591940846153244,0.054437793964675345,0.14870159815447512,-0.19589048094072303,-0.054472746873228645
1.4000000000000001,0.12474964864137626,-1.1600937416109643e-07,0.5405515149149174,2.2242131731443376e-07,0.40342248394284036,-2.2043415672457693e-07,0.011136334170610699,0.6809632994156756,0.08464061407717756,0.0,4,Solved,125687,81354,310055,0.028564685826050897,1.1226575225009583e-12,5.632300181801497e-14,0.5707573964424191,-0.2715983251690064,1.065846143808349,-0.5707511639624872,0.27160433668229467,-1.0657704188786619,0.4390099912290319,-1.5792740776829775,5.453272991298779,-0.4388733669508748,1.5791514653617456,-5.452768588449462,-0.14355578006197525,0.22224038431278526,0.04847811336153664,0.14368987774028383,-0.22213697242032612,-0.048559965904286524
1.405,0.1251588353989095,-8.286547290983684e-08,0.5405815748108356,1.6198739332144157e-07,0.3999210750055231,-2.399172499476848e-07,0.010033959174738547,0.7131490108535775,0.0803587369251088,0.0,4,Solved,137270,82956,321518,0.024375278646809887,8.774349718580234e-13,4.4020342926387457e-14,0.5729451495783215,-0.2796236848368753,1.0932542802601328,-0.5729383081464549,0.279629052881934,-1.0931767087766955,0.4370378726527547,-1.6234670000257787,5.499784575003538,-0.43692646552894937,1.6233356684123441,-5.499504830096031,-0.13811460752232183,0.2511338641105649,0.04134338754408938,0.13827316315021249,-0.2510105176630763,-0.04143797369957681
1.41,0.12554757213347767,-4.921600859912523e-08,0.5406064704815002,1.0083751450440303e-07,0.3962600518266171,-2.616598210255325e-07,0.008903337562730958,0.7447903852005598,0.07630724960930614,0.0,4,Solved,128583,78969,306819,0.020469551461384492,3.68017068074717e-12,3.176625629208729e-13,0.575104341271846,-0.28784309673670205,1.120873824387114,-0.5750970368189506,0.28784779317863424,-1.1207956415732498,0.4291041029744326,-1.6590730871518693,5.538366683280197,-0.4290244205464631,1.6589378364523508,-5.538348286546025,-0.13285524785819758,0.2794042652318652,0.03474314854768695,0.13292601508939686,-0.27934517663609626,-0.034798237484353636
1.415,0.1259147791657877,-1.6914045282061415e-08,0.5406140938831284,4.2132440040443306e-08,0.392398530059798,-2.8321388517649225e-07,0.007717711543671858,0.7946090602560695,0.07146022946101349,0.0,4,Solved,132711,104277,338730,0.020868921547772423,7.0042582844820345e-12,6.986772271844188e-13,0.5770269573487313,-0.2959680011458467,1.1492250112180056,-0.5770193165364994,0.2959720589265673,-1.149147786906979,0.37410231656502696,-1.6294948299199352,5.701847223382352,-0.3740444876333992,1.629372807821127,-5.702118823217962,-0.12350596076157208,0.33390274476435877,0.014797903511417743,0.12351430137308418,-0.33388968311518313,-0.014825900096474526
1.42,0.1262652104470887,1.1222679543568822e-08,0.5406207094536544,-9.136443760478062e-09,0.3883980728032647,-3.016750257395691e-07,0.006553046975798133,0.8064834011052018,0.06916431169554797,0.0,4,Solved,138532,104577,343750,0.020686606880210706,1.097384379801649e-12,6.461498003318411e-14,0.5789669717713688,-0.30436950246065786,1.1772458639262773,-0.578959114384399,0.304373047728719,-1.1771696520688388,0.39088650591617485,-1.7059575290057245,5.558139942828814,-0.3908527692807698,1.7058684013310226,-5.558319002866564,-0.12308516331238815,0.33095587532904985,0.025472542126578353,0.12303647633644318,-0.3309857100833713,-0.025473765223536317
1.425,0.1266019413571355,3.2284474055841056e-08,0.5406358143379404,-4.773383259576152e-08,0.38429627798009613,-3.1501775805255314e-07,0.005414489868109912,0.8303797459967118,0.06616361310213223,0.0,4,Solved,132430,81514,313011,0.021843838202474465,6.249889494824856e-12,3.9936803863938053e-13,0.5809007320377424,-0.3129938860636081,1.205007170580317,-0.5808927560432183,0.31299710947590415,-1.2049315851667421,0.38233795952332794,-1.7357597441732004,5.552619279712508,-0.3823205257794322,1.7357109302040628,-5.552715655334288,-0.1193226478615206,0.3493784392097312,0.023629603218953823,0.119149112816864,-0.34950141123959144,-0.023572376230676616
1.43,0.12692283245825528,4.519146043834543e-08,0.5406490557973255,-7.180222908403904e-08,0.3800636562499249,-3.2194922020905093e-07,0.004265218336238504,0.8574209537431995,0.06294297696501348,0.0,4,Solved,134764,80252,312991,0.023356892547632287,1.512068248388232e-12,5.383679613224501e-13,0.5827538937922059,-0.3217058335734901,1.2328406662820663,-0.582745830936273,0.3217089762183258,-1.2327648243730929,0.36291621842621785,-1.7475402434767064,5.575787309911259,-0.3628984517699541,1.7475445935784788,-5.5756408513543265,-0.11453766340560495,0.3736894766995655,0.018711749326818232,0.1145072941363222,-0.3737102807621166,-0.01872465498399634
1.435,0.1272279995244245,5.074667706272002e-08,0.5406576375124196,-8.263571140108214e-08,0.3756949286387595,-3.246281256184561e-07,0.0031009440238235664,0.8845475047678294,0.05982278992170954,0.0,4,Solved,139083,80252,318211,0.024907888708921657,4.236860862150138e-12,1.443845043525016e-13,0.5844933027219865,-0.33045111062782145,1.2607896114710886,-0.5844851905604206,0.33045433236572097,-1.2607130762800225,0.33851385757961755,-1.7516177124640673,5.597468605339772,-0.3385089148936763,1.7516405608538932,-5.597335884137284,-0.10975570328503487,0.39846924561058505,0.013681737579445068,0.10967729426723025,-0.3985262193427465,-0.013672820557476546
1.44,0.127516173364708,5.1416824880640554e-08,0.5406493989841699,-8.420982644570325e-08,0.3711477303327121,-3.2854274689276633e-07,0.001883483485329469,0.9300022674000685,0.05621944903133677,0.0,4,Solved,130266,104578,334172,0.02778820886041083,1.0278502719997357e-11,5.732636587651996e-13,0.5859043084016813,-0.33890835871314245,1.2891534185043936,-0.5858961905872053,0.338911743932756,-1.289075978835707,0.265472419997846,-1.6829303751850107,5.687657669762435,-0.26547321687133985,1.6829701285018714,-5.687453215267141,-0.10176295298393422,0.4445964213202006,-0.0006064441912243674,0.10174385218990983,-0.4446113417665733,0.0005853935524406353
1.445,0.12779120574940395,4.778560516676605e-08,0.5406403190484448,-7.797562593525025e-08,0.3664839056100397,-3.3076163309057797e-07,0.0006934864903598972,0.9373336890056132,0.054265722910244465,0.0,4,Solved,131648,92063,321918,0.02775714903396744,5.860101590301307e-13,8.670841822322473e-14,0.5872825728403683,-0.3475314479536819,1.3172657166948005,-0.5872744920567796,0.3475350661458834,-1.3171874687242309,0.2754593446940824,-1.7426074328158014,5.589920682988264,-0.27547111053480267,1.7426578538383948,-5.589784808647392,-0.10060113539696544,0.4440670524045581,0.006655241026945283,0.10054020197605146,-0.444114384543479,-0.006656560038215261
1.45,0.12805557234734177,4.037597151581301e-08,0.5406397794509703,-6.512635950846638e-08,0.36174130261747106,-3.2963263936871605e-07,-0.00046330588835833374,0.9567623645533992,0.05188542892700145,0.0,4,Solved,124706,81524,311478,0.0288017424767581,1.3571366253017914e-12,9.703349235223868e-14,0.5886100066606469,-0.3562784863981113,1.3451787564055928,-0.588601999231863,0.3562823908495833,-1.3450998197184627,0.2569627231394123,-1.751733365778966,5.5801620212784755,-0.2569789765371193,1.7517941089469333,-5.580023583731891,-0.096840591388662,0.4607726019289259,0.005056717588670029,0.09677131459612306,-0.4608278796281296,-0.005054680035299322
1.455,0.12830739108265937,3.029605563923065e-08,0.5406376647378627,-4.756325820080385e-08,0.35689013941386155,-3.26320461472802e-07,-0.0016209169154724808,0.9793453104221014,0.04935153284683346,0.0,4,Solved,124546,80332,303524,0.03015193192748181,1.2434497875801753e-12,1.006972283335017e-13,0.5898077976495472,-0.3650095013511292,1.3731096978397228,-0.5897998760084922,0.3650137247416377,-1.3730300454351563,0.2279525055263187,-1.7431182258395799,5.589458061650205,-0.22796998902179383,1.743183326948988,-5.5893124715392215,-0.09232321926240068,0.48238966916192183,0.001152245698374653,0.0922741929119614,-0.48243091083970896,-0.0011604817949581552
1.46,0.12854665668634688,1.8948795218058128e-08,0.5406313124873094,-2.7748045016813484e-08,0.35192522873467635,-3.2220482798750516e-07,-0.0027842902255774335,1.0019903256673859,0.04690028169761808,0.0,4,Solved,132410,81384,312089,0.0315327057384785,8.668621376273222e-13,4.618527782440651e-14,0.5908477419455782,-0.3736767115851317,1.401082883459979,-0.5908399143017895,0.3736812506132457,-1.4010025994304096,0.1952716053156727,-1.7284989420152637,5.5963151661588455,-0.1952910891752424,1.7285603329808208,-5.596202056534839,-0.08769750786861508,0.5044938410629126,-0.0028678353072271673,0.08766557156659004,-0.504523291815656,0.0028510356806618134
1.465,0.12877167495666653,7.472747674033061e-09,0.5406053803102905,-7.541184855115247e-09,0.346791091808992,-3.202593823015923e-07,-0.004008525008466441,1.0373379475038205,0.04440284598552723,0.0,4,Solved,128232,98607,325275,0.033686211018040535,7.602807272633072e-13,3.602673714908633e-14,0.591475329408519,-0.3818758008707664,1.4292292112960403,-0.5914676068029346,0.38188061129814416,-1.4291487941882537,0.1279403401382782,-1.658527185247546,5.613014232200763,-0.1279626553381223,1.6585783743687639,-5.613001558140693,-0.0813098676497738,0.5389325884388255,-0.010924485528820325,0.08125477016865185,-0.5389793762886486,0.010918822931560438
1.47,0.12898699542409336,-3.394190992888602e-09,0.5405861116748312,1.1477733318101473e-08,0.3415906437989368,-3.177612374592826e-07,-0.005181756705400259,1.0440803402271073,0.042499578077474884,0.0,4,Solved,130466,98947,328390,0.03400909071549003,5.044853423896711e-13,1.3581497038117618e-13,0.592133114214199,-0.39030768086509116,1.4571275393550143,-0.5921255033995273,0.39031273341697714,-1.457047034351633,0.12791768478720209,-1.6960050436598055,5.561452397487968,-0.12793990589087603,1.6960510644374014,-5.561437398813421,-0.07889947465934583,0.5441075403911033,-0.008028653462138479,0.07885772434705404,-0.5441454514478404,0.008016804487917186
1.475,0.1291931035892974,-1.3207649537901673e-08,0.5405726505183522,2.8478924029716303e-08,0.3363232121174139,-3.1467482813912833e-07,-0.006325022149921247,1.0603576503522205,0.040493238861768754,0.0,4,Solved,127420,79861,305587,0.035051061465700244,2.6520452500733427e-13,2.62082022750576e-13,0.5927002676327523,-0.3987712429687211,1.48489990728618,-0.5926927699580363,0.39877649626375117,-1.4848194520117024,0.10221857861682886,-1.6886759398206168,5.550406449763183,-0.1022414042454684,1.688711955896491,-5.550434540322601,-0.07487481299420112,0.5607505117430625,-0.010070250829127705,0.07479358076482236,-0.5608169834512039,0.010078050745785896
1.48,0.1293888663620995,-2.168439964432438e-08,0.5405571635969747,4.29785326183813e-08,0.3309660644830737,-3.115415019696259e-07,-0.007463236934218357,1.0788775380317739,0.0384710389465451,0.0,4,Solved,128452,79721,306439,0.03629010213517525,9.922063171075024e-13,4.798383912429927e-13,0.593108867079528,-0.4071470682664364,1.512645491590216,-0.5931014697781907,0.4071524896287412,-1.5125651226188355,0.06811240024490668,-1.6668586432474202,5.547036174702097,-0.06813061930805224,1.6668905057863768,-5.547046831201887,-0.07033622279448477,0.5805859035997047,-0.013407320153363243,0.07027021423451565,-0.580641634162804,0.01340787389477725
1.485,0.129574390165155,-2.8860798958619262e-08,0.5405377963423766,5.504734299310686e-08,0.3255165399012114,-3.0839396670790166e-07,-0.008599541594548012,1.097154497858143,0.036546969336456125,0.0,4,Solved,135536,94138,336896,0.037535458498326915,4.376338670287076e-12,1.3395395903614826e-12,0.5933389482701302,-0.4153997350910625,1.54036303122562,-0.5933316334529494,0.41540529447417557,-1.5402827422527967,0.03182614570772464,-1.6411204085200282,5.539314740357485,-0.031841486650903444,1.6411451543527418,-5.539334401350337,-0.06573716462522682,0.6005108397756684,-0.01667059973384694,0.06566967370472002,-0.6005673359732306,0.01667214862976036
1.49,0.12974802730494508,-3.4822037044704084e-08,0.5404974325658326,6.523268329229923e-08,0.3199120203087447,-3.092427567210204e-07,-0.00980473836558328,1.1235463711259597,0.034856007025902046,0.0,4,Solved,133732,107323,341045,0.03918907045143312,1.307231689189804e-12,5.927480728473711e-13,0.5931065604996902,-0.42305420847815184,1.567983160345707,-0.5930993186641614,0.4230598636614457,-1.5679029689215345,-0.026778669516647938,-1.5771181414507427,5.5084424147795055,0.026765798356102103,1.5771358110189595,-5.508464609280455,-0.060233515797616786,0.6269162677341568,-0.02088390714914814,0.060094772579505254,-0.6270251272229299,0.020920892315854932
1.495,0.12991423496482754,-3.926561810103876e-08,0.5404691973142202,7.233106974714636e-08,0.3142824927307495,-3.0748213550050045e-07,-0.010933699509666776,1.1291526949783182,0.0330256640495919,0.0,4,Solved,128272,97314,324503,0.03969991711381224,1.647534062418248e-12,2.89310242429508e-13,0.5929674244910248,-0.43102511881129335,1.595428562437949,-0.5929602083868747,0.4310308795115062,-1.5953481416169157,-0.03371834414006129,-1.597626491413141,5.476800876402695,0.03371826253154846,1.5976495830703035,-5.476709934420177,-0.05698863774274861,0.6351538659182261,-0.020379211238119754,0.05693694322370343,-0.6351986738209958,0.020373487159287502
1.5,0.1300724736018698,-4.2277829713031274e-08,0.5404448306455363,7.670900744861092e-08,0.30859921507838994,-3.0520339683010207e-07,-0.01203461312451949,1.1421008908507269,0.031356394057178036,0.0,4,Solved,126008,80993,313272,0.04070867237069328,1.491640144735129e-12,2.951944244600213e-13,0.5927149688734811,-0.4389623878410477,1.6227655545888626,-0.592707749537515,0.43896823753405667,-1.6226847691212811,-0.0629578718624358,-1.579184033879689,5.4607598975825,0.06295894377686839,1.579198482689503,-5.460698542314108,-0.05269569784227698,0.6512918086541267,-0.022622932064740014,0.05264068822720436,-0.6513387579310925,0.022618892272095882
1.5050000000000001,0.13022213708984814,-4.3528230558328376e-08,0.5404183027888729,7.794869507323537e-08,0.3028454386595973,-3.044135927615426e-07,-0.01312610615672468,1.1565400787875157,0.02977640731281861,0.0,4,Solved,128072,79329,305387,0.04184497920733733,9.987566329527908e-13,7.240041899336802e-14,0.5922926574798244,-0.44676610494591074,1.6500290253746857,-0.5922854294664229,0.44677200686559904,-1.64994799606008,-0.0987188331739582,-1.5492008249461862,5.4458861657900215,0.0987209474974707,1.5492087656764686,-5.44584553817527,-0.0480799143197892,0.6694659977242103,-0.025531778339806514,0.0480151597337057,-0.6695196673173973,0.025532569550917115
1.51,0.13036341737005694,-4.344508463106755e-08,0.5403883625036219,7.676935291375665e-08,0.2970204778869009,-3.0429678797170003e-07,-0.014209892997490512,1.1705129077648584,0.0283045266240113,0.0,4,Solved,126148,97424,321979,0.04296982577110319,6.378786387983837e-13,1.2292944440162046e-13,0.5916871818267311,-0.45441107451438556,1.677203063438131,-0.5916799377178781,0.45441700505840893,-1.677121838203925,-0.1355502890368075,-1.5169098176411373,5.425617341724809,0.1355541894277622,1.516914183125913,-5.4255789971312485,-0.04341722272951473,0.687471977095692,-0.02825667850423821,0.04336369567536512,-0.6875172123376511,0.028251859015004047
1.5150000000000001,0.13049515320520833,-4.2580950805815305e-08,0.5403384238125923,7.447026921057791e-08,0.2910644603509214,-3.0789376857004645e-07,-0.015365577200318095,1.1922506022900468,0.027389989117856266,0.0,4,Solved,127190,110769,343699,0.04442756887464636,1.7989221223757568e-11,2.4691082511907325e-12,0.5906067991678298,-0.4613872305847156,1.7040483362787335,-0.5905995392787821,0.46139316107786904,-1.703967064361174,-0.19490404158611083,-1.4439201179956265,5.364050690547329,0.1949074840760553,1.4439194465053624,-5.364040150569635,-0.038031011063760424,0.7107862395184694,-0.030732067527072554,0.0379642998864779,-0.7108411019943418,0.03073390963298587
1.52,0.13062067478695727,-4.0697762340835253e-08,0.5403010093989461,7.010380894331552e-08,0.2851032180136251,-3.0967152068158814e-07,-0.01643432443475426,1.1938585388212772,0.02552975322004904,0.0,4,Solved,130196,98857,327749,0.04489049400783677,9.452161275902426e-13,7.729927808952652e-15,0.589636227341802,-0.46869266232005663,1.7307956048652686,-0.589628944834982,0.4686985879385792,-1.730714240807117,-0.1991646612153986,-1.4636321410508626,5.338266322510468,0.19916980221921116,1.463630884513997,-5.338244011639981,-0.034559310516190773,0.7182023253873987,-0.030962785111290088,0.03450489247507985,-0.7182479041253883,0.03095854245433938
1.5250000000000001,0.13073962560580857,-3.8182839468723724e-08,0.5402679933545675,6.449946460268147e-08,0.279108989259508,-3.1081063615444417e-07,-0.01747004151653214,1.202607659254253,0.024160706036082724,0.0,4,Solved,140054,80201,318572,0.045798389614335244,3.3412161926094086e-13,8.432143872028064e-14,0.5885610811415984,-0.4759505141568708,1.7574189856528337,-0.5885537745121012,0.4759564266024359,-1.7573375500656356,-0.2270996354609197,-1.4416327457582223,5.314940445667731,0.22710418909745456,1.441629266814641,-5.314931705408108,-0.03015903432401145,0.7327221064386356,-0.0330275932232966,0.030095348552621196,-0.7327742338293639,0.03302792598106382
1.53,0.1308515840791999,-3.541351106626731e-08,0.5402333642515343,5.8418838655940266e-08,0.27306534848067815,-3.119451166658234e-07,-0.018491693661834722,1.21282510076701,0.02297785556899683,0.0,4,Solved,131438,81304,318081,0.04682403887676368,5.901643373316587e-13,2.492034356649242e-13,0.58732215659613,-0.48305523683972434,1.7839244459511632,-0.5873148264553139,0.48306113156570596,-1.7838429621293674,-0.26163883975678365,-1.4076850979101923,5.290473770386188,0.26164360455094776,1.4076815637981803,-5.290463568934746,-0.025451797774927464,0.7491398605342204,-0.03559214457736945,0.025398244817315153,-0.7491846220282189,0.03558729409847943
1.5350000000000001,0.1309567475589561,-3.267960963207537e-08,0.540195857689242,5.240398669253965e-08,0.2669715713944649,-3.1310592531437015e-07,-0.01950145235187335,1.2225994835858482,0.02191447994443697,0.0,4,Solved,140045,93146,331676,0.04783878879697802,1.5427188464570298e-12,4.122258090433206e-13,0.5859069614704017,-0.48998234710722316,1.8102916348009805,-0.5858996117272777,0.48998822038324713,-1.8102101475109174,-0.2969676350162846,-1.3718020565598432,5.2603925894844314,0.29697097512900233,1.3717973209612255,-5.260398164715663,-0.020722608954279135,0.7653689648535152,-0.03794461071941759,0.020659596442289072,-0.7654206207516483,0.03794443062976864
1.54,0.1310546288805319,-3.019164004982543e-08,0.5401414522615734,4.715907032157447e-08,0.26077906974455933,-3.1747993321398295e-07,-0.020577322566979923,1.243636689720528,0.022261918685592904,0.0,4,Solved,130858,107413,337147,0.04932864409766638,1.6134978347486986e-13,1.292022044907526e-14,0.5840400919995619,-0.4962322907395702,1.836191504467762,-0.5840327307680114,0.4962381326475156,-1.8361100598682796,-0.3691943368613622,-1.2679387567278726,5.168594615323136,0.36919666816817504,1.2679334081814846,-5.1686016534208195,-0.015024874026559764,0.7892114051283425,-0.03948494416654656,0.014968605285852045,-0.7892583055626621,0.039481479275441114
1.545,0.1311470446613559,-2.8032072145251416e-08,0.5400951063177404,4.235441434236528e-08,0.25458143537729805,-3.2019002907795383e-07,-0.02157863955368117,1.238705500201697,0.019898198799169858,0.0,4,Solved,143791,107713,351043,0.049574307400582655,5.145883719137601e-13,3.991251773527438e-14,0.5822433105694079,-0.5027217186281171,1.86200268593831,-0.5822359404701664,0.5027275402710587,-1.861921293776034,-0.36015585912754317,-1.3054512048945075,5.153123798841939,0.36015716793265873,1.3054477598859324,-5.1531371184563515,-0.01165597486569153,0.7931339216632205,-0.04009677900302316,0.011588667960775997,-0.7931889184093225,0.040098868877985853
1.55,0.1312343030748197,-2.633935675220805e-08,0.5400559661255993,3.8256281400074693e-08,0.24837813698565392,-3.213091937919966e-07,-0.022534339203798263,1.242535145967279,0.01868972120531566,0.0,4,Solved,126108,80221,305648,0.05032345001507286,7.127354262337349e-13,8.34193825127727e-14,0.5803828181949822,-0.5092052368371884,1.887679945674199,-0.5803754410246821,0.5092110483336809,-1.8875985911015138,-0.382294411044733,-1.2876204790025623,5.122780961626412,0.382295893992906,1.2876192468351697,-5.122784926670496,-0.0072805126859722,0.8051254212851041,-0.04178296838702396,0.007220690762389991,-0.8051752002411657,0.041781220577936165
1.555,0.1313160232454147,-2.515080887488199e-08,0.5400163143826644,3.5041570669836704e-08,0.24214783104550724,-3.219010507314484e-07,-0.023469863097566632,1.248477649637016,0.017850086243564267,0.0,4,Solved,127531,80292,305877,0.05123048272675663,2.692873701803933e-12,1.0953737916707951e-13,0.5783790681478739,-0.5155402933638117,1.9131998909311148,-0.5783716861181513,0.5155460998610553,-1.9131185708805603,-0.4134339172643058,-1.2532738849258191,5.090244304533832,0.41343456223973557,1.253272985761196,-5.090253257675694,-0.0025474687001346328,0.8196322249622288,-0.04401824719355509,0.002479926467015742,-0.819687723628106,0.04402033527360085
1.56,0.1313923769975782,-2.4392070972923017e-08,0.5399742959399776,3.260246457890145e-08,0.23588795442177302,-3.2226169836957164e-07,-0.02438999605189933,1.2542159139189772,0.017167764034379338,0.0,0,Solved,132490,77948,309775,0.052139865132579684,5.964811977676732e-12,2.9581892491137296e-13,0.5762139300700486,-0.521691730410683,1.9385422069754232,-0.5762065440651163,0.5216975364265258,-1.93846090867591,-0.4459153907568296,-1.2159410484871391,5.052406403110611,0.4459162965214831,1.215941442300625,-5.052407773726678,0.002243855995567542,0.8341857381990458,-0.04610271069507813,-0.0023064142935343714,-0.8342378421212749,0.046102207304253025
1.565,0.1314636909214848,-2.4035585242872206e-08,0.5399299281561821,3.089100811955414e-08,0.22960188227546727,-3.2241190742599793e-07,-0.025311677902619456,1.2590855226855355,0.016561353650027345,0.0,4,Solved,130075,106200,337087,0.052405790150774664,8.693601394327288e-13,4.0524528177598995e-13,0.5737806285960639,-0.5274571803093164,1.9635400467482085,-0.5737732407749565,0.5274629854451961,-1.963458767747174,-0.5857920783825403,-0.978196037558118,4.870625657255689,0.5857910864654234,0.9781929555829477,-4.870636545745405,0.005059147879175883,0.8384493174755622,-0.03828755363390327,-0.005109338823204817,-0.8384926424123946,0.03828139687910563
1.57,0.1315295778448921,-2.400084783727791e-08,0.5398662110553286,3.017319796585338e-08,0.22323281669955386,-3.2687913401357154e-07,-0.026288616261703042,1.2677698365804435,0.016697153669142397,0.0,4,Solved,127982,106401,332138,0.054055050760308275,5.755396159656812e-13,2.0214385720862538e-13,0.5711017607637937,-0.5328349013507206,1.9881814452192816,-0.5710943800938789,0.5328406998548166,-1.988100251902073,-0.5166881512039734,-1.1145300848068982,4.944100914939825,0.5166862006491175,1.114529484514114,-4.944123158440756,0.012241378824657562,0.8648320247948972,-0.049972151398891454,-0.012299026203323892,-0.8648808121649324,0.04996911847124679
1.575,0.13159096147765897,-2.4153028748915814e-08,0.5398190900710965,2.9498265407840245e-08,0.2169095696929826,-3.2811535087703477e-07,-0.027179493602789012,1.2637318985171795,0.014905575013311963,0.0,4,Solved,135506,105469,339561,0.05445287107758858,1.6335996354760143e-12,3.91256471665713e-13,0.5685222305429339,-0.5384668333064939,2.0127978897817864,-0.5685148619423682,0.538472631060659,-2.012716828346527,-0.5203485286142919,-1.1259470117453114,4.906536301863516,0.5203457863097023,1.1259469104167807,-4.90656598047478,0.01610824000633364,0.871185115625098,-0.0506005971206192,-0.016182418328425516,-0.8712459372414173,0.05060607710746199
1.58,0.13164835535702735,-2.4576715939842067e-08,0.5397753272853685,2.9224764812572387e-08,0.21058890301025895,-3.282565466744731e-07,-0.028029335779838026,1.2646861707766468,0.01420142977860042,0.0,4,Solved,132871,79731,311669,0.05516633174930038,3.985645147253081e-12,7.759071163349063e-14,0.5658532034055568,-0.5440233301849168,2.0371993214823148,-0.5658458439638184,0.5440291333244427,-2.037118351896842,-0.5441893054524182,-1.0996814827684267,4.861839830180582,0.5441880902157817,1.0996832118157116,-4.861850957061957,0.02065496874246612,0.8826077573831675,-0.052013539569932925,-0.020718640571709586,-0.882661307988806,0.052013666607466355
1.585,0.13170181896608169,-2.5214150159938033e-08,0.5397303416309014,2.9310333856808557e-08,0.2042601176875925,-3.2798156202919697e-07,-0.028855253621430543,1.266450174088818,0.013851157581542322,0.0,4,Solved,132681,80132,310627,0.05595690913059508,8.680917096270946e-12,2.1602164501643983e-13,0.5630467333583868,-0.5494122180738236,2.06137108226873,-0.5630393796716697,0.5494180287519664,-2.0612901702829065,-0.5728936746767332,-1.063518333439042,4.814759247613085,0.5728925822608844,1.0635196509513516,-4.81477109053457,0.025377201886929778,0.8952266739672285,-0.05364074711549721,-0.025478542037389668,-0.8953105460895213,0.05366015674626792
1.59,0.13175161819849926,-2.6008055100338757e-08,0.5396833103387275,2.9638798178815117e-08,0.19792390684029038,-3.2714253927181653e-07,-0.029659877341653016,1.2676626247702591,0.013607444912689509,0.0,4,Solved,141518,82266,323370,0.05672492745673714,2.663147480319594e-13,7.557843240135753e-14,0.5600962355270798,-0.554616010414919,2.0852949883503022,-0.5600888705450134,0.5546218423897206,-2.0852139470639965,-0.6014435376772725,-1.0265189891861217,4.763364366152189,0.601448024075951,1.0265251381378482,-4.763313588874143,0.030148172180790217,0.9075664820739714,-0.05508554587563204,-0.030181993695779764,-0.9075988393077943,0.05507027033724808
1.595,0.13179816724941962,-2.6823192093490087e-08,0.5396284212021021,3.0081569043389503e-08,0.19156418910548711,-3.2753891459499926e-07,-0.030492649379523538,1.2880607667910875,0.018401213668586783,0.0,4,Solved,132690,108986,346866,0.05834476838831886,3.29847260616134e-13,1.5779044737485037e-13,0.5568166656146324,-0.5592717931299845,2.10862898306444,-0.5568092904778187,0.5592776335494357,-2.1085479927527024,-0.7093103855049253,-0.8352548473005726,4.568598115411403,0.7093108224733852,0.835253129022306,-4.568662249887586,0.036425241230367424,0.9334287868135143,-0.052529145560877656,-0.036536306322150575,-0.9335162942131018,0.05255398174067009
1.6,0.1318418665157329,-2.7605393578380534e-08,0.5395675883910889,3.054509948092095e-08,0.18518710487368087,-3.293618346343178e-07,-0.031323296402680084,1.2695153836597202,0.013398483850197025,0.0,4,Solved,129054,108084,338239,0.05809495594678718,2.42321115700369e-13,1.992850329202156e-14,0.5534493758480589,-0.563804011740308,2.1316908530734433,-0.5534419779914161,0.5638098742804507,-2.1316097580731808,-0.6614647660726244,-0.9317880472062637,4.621845085049354,0.6614720572462072,0.9317960561438582,-4.621776590699675,0.03941366863977923,0.929461611779031,-0.05632462310220555,-0.039482571618306254,-0.9295192951485949,0.056327356231045546
1.605,0.13188268238308246,-2.8512591117977747e-08,0.5395213292418995,3.110316160534058e-08,0.17886127434994156,-3.288815900103629e-07,-0.03207485148321345,1.2631444138595116,0.011903885803891989,0.0,4,Solved,143501,94128,337077,0.0584612394471273,4.633342534801312e-13,3.9968028886505635e-14,0.5501419753388155,-0.5684925460783181,2.1546897283911504,-0.5501345380275405,0.5684984497391596,-2.1546082280914596,-0.6656328143905662,-0.9346231271806535,4.5823788838798745,0.6656411442483467,0.9346313554104326,-4.582291578508882,0.043436359796355274,0.9353425574072856,-0.05726202192535059,-0.043477786784668127,-0.9353798311540368,0.057250394916107596
1.61,0.1319207673079967,-2.9088156257986842e-08,0.5394772527715793,3.1087871297402164e-08,0.1725545020034671,-3.287430181988751e-07,-0.0327894359182228,1.2603435334127095,0.011562775282593592,0.0,4,Solved,141647,80773,322018,0.059090508414710446,6.606978562428369e-13,1.7094659021665848e-13,0.5467565017897852,-0.5730861821369504,2.1774579896037882,-0.5467490314183555,0.5730921134429676,-2.17737616567665,-0.6859171271581134,-0.9066648973948267,4.533485786709751,0.6859226084642411,0.9066686358151819,-4.5334364965969085,0.04801501153336819,0.9454281720575199,-0.058642903224955245,-0.04803188787707578,-0.9454481346353671,0.05861845168090835
1.615,0.13195637732917254,-2.910154851798536e-08,0.5394318408626135,3.0117493039022476e-08,0.1662599177338414,-3.2964290431279924e-07,-0.033480177536869965,1.2579219327745723,0.01154894212563452,0.0,4,Solved,134354,79840,312069,0.05976694203120045,7.568390358869692e-13,3.943650961346634e-13,0.5432564254594956,-0.5775127250797557,2.1999701568252044,-0.5432489470448607,0.5775186505427944,-2.1998883344739655,-0.7096133479668275,-0.8714313258918723,4.480504652588085,0.7096123747202988,0.8714269603558681,-4.480537952616647,0.05266994615867428,0.956204630744497,-0.06001116897634259,-0.05275104373583125,-0.9562710724992072,0.06001981149108217
1.62,0.1319898132422569,-2.8775386886230448e-08,0.5393846091759783,2.8511109290296437e-08,0.159979084303795,-3.3044714923958256e-07,-0.03414841508134543,1.2548923252701807,0.011591385420085316,0.0,4,Solved,138983,81334,319714,0.060412903787473486,7.093840601215515e-13,2.690625500179067e-13,0.539639097794809,-0.581762072055498,2.2222038311511128,-0.5396316159876783,0.5817679826585027,-2.2221220867341005,-0.7326580678379497,-0.8363114302026113,4.422909784566211,0.7326598076827908,0.836309346445595,-4.4229138392459175,0.057327228586072386,0.9665552531971734,-0.06112569803767468,-0.0573873567858591,-0.9666064605995758,0.06112353932028081
1.625,0.13202136297927983,-2.8534233000699283e-08,0.5393359097137183,2.7004580170470067e-08,0.15371587311574997,-3.304872499471822e-07,-0.03479263746536686,1.2510300896132973,0.01161035694930588,0.0,4,Solved,141939,96793,345984,0.06101612200947163,5.897504706808832e-13,1.511984981661385e-13,0.5359114834385772,-0.5858409429783106,2.2441381864714547,-0.5359039944706058,0.5858468400654873,-2.2440564863071946,-0.75405079533732,-0.8029224850665179,4.361607951504285,0.7540520244896093,0.8029193744159528,-4.3616199904527475,0.061905056756429266,0.9762144027108223,-0.06195539271257131,-0.06195505023163177,-0.9762579521515461,0.06194801569749491
1.6300000000000001,0.13205223583215742,-2.827365850705458e-08,0.5392704361715107,2.5726919936238153e-08,0.14742708014614883,-3.3423750214351724e-07,-0.035520714279419684,1.2528247632093907,0.01352813545497254,0.0,4,Solved,132320,106351,338229,0.061785107814121804,3.4447604551150295e-12,6.123435092320051e-13,0.5317682348399624,-0.58912924443543,2.265054263899124,-0.5317607488575752,0.5891351096835716,-2.2649728262044415,-0.7983804292851083,-0.7203254593639594,4.2079903082373376,0.7983792765061393,0.7203193759443386,-4.2080396196523,0.06678225479840529,0.9885162947411357,-0.05920375398054672,-0.0668342689986745,-0.9885617250259489,0.05919781965992494
1.635,0.13208074404268774,-2.7916792356820237e-08,0.5392189865976674,2.4120294656429515e-08,0.14120606324685486,-3.3584248909194357e-07,-0.036132392652710094,1.239629605926449,0.010971256391792139,0.0,4,Solved,134725,107814,341495,0.061881284520150494,6.803428085853806e-13,7.427392034742297e-14,0.5278481077441723,-0.5928659947547098,2.2860853099610514,-0.5278406320181831,0.5928718294342988,-2.2860041354374374,-0.7810520030173896,-0.7532877951701555,4.197915694609622,0.7810493166408927,0.7532814426666022,-4.1979726625903115,0.07036068377436291,0.9900422137299597,-0.061150701602778426,-0.07043092132609893,-0.9901005523224079,0.06115419540037387
1.6400000000000001,0.13210762478106355,-2.7619436357467214e-08,0.5391736722595585,2.254398172293629e-08,0.13503223297996675,-3.3629698975541437e-07,-0.03669848953762931,1.2318734596818417,0.01040415456734642,0.0,4,Solved,129545,80813,309124,0.06232721321295629,2.728761661074941e-12,2.110880914507618e-13,0.5239195466887794,-0.5965875397798434,2.3069488035668337,-0.5239120813000653,0.596593346909531,-2.3068678684814237,-0.7909724537579885,-0.7349579545225172,4.1546394208606054,0.7909707930990737,0.7349528985389039,-4.1546819194735685,0.07465037560582748,0.9971876455620378,-0.06251979306202729,-0.07470559624364505,-0.9972354114073007,0.06251552806073586
1.645,0.13213337529417657,-2.743095245261214e-08,0.539128375917858,2.1151056693530798e-08,0.128892630012507,-3.364315246938927e-07,-0.03724069070050307,1.2253048550621644,0.010471147491677013,0.0,4,Solved,130016,81203,308763,0.06287989792346202,1.3526545662903234e-12,3.111400026512001e-13,0.5199150224051268,-0.6001659264628245,2.327574411424255,-0.5199075688894559,0.6001717040472629,-2.327493731518485,-0.8080894520720152,-0.7025097245937559,4.104394152133068,0.8080866063377968,0.7025032315053713,-4.104451000820341,0.07916064641533933,1.0060204979908007,-0.06392291463489097,-0.07922952917122641,-1.0060783667753923,0.06392580182230477
1.6500000000000001,0.13215834750771127,-2.7291581294254577e-08,0.5390817258212234,1.9849930023166377e-08,0.12278644238315052,-3.3649436829091313e-07,-0.0377628652775271,1.2184481668014873,0.010659012198721418,0.0,4,Solved,130877,88577,318051,0.06342122422684186,8.13848988201471e-13,3.245737012491645e-13,0.5158220852250295,-0.603574865347746,2.3479313781583793,-0.5158146433598422,0.6035806124038888,-2.3478509545052764,-0.8256889866842309,-0.6685411652154675,4.048195238500976,0.8256869946636031,0.668535297081238,-4.048242863848467,0.08366678900854005,1.0146970277961482,-0.06504087040521536,-0.08371453444476684,-1.0147395876294698,0.0650328318307559
1.655,0.13218282910668502,-2.7187506252809794e-08,0.539033828689988,1.8625956746059268e-08,0.11671653020916745,-3.3663043355008125e-07,-0.0382634469547519,1.210907505648596,0.010817065105920912,0.0,4,Solved,138772,80382,317810,0.06392338130269178,6.454714833801348e-12,3.0991875732411245e-13,0.5116451815769882,-0.6068188188395733,2.3679921454709616,-0.5116377565775585,0.6068245288219569,-2.3679120429758624,-0.8418717994034312,-0.6363394025254769,3.986960838128459,0.8418675153067481,0.636330973486643,-3.98703608167633,0.08803601139857194,1.0226836992951478,-0.06577921391736136,-0.08815147034569988,-1.0227741008430684,0.0658065889738362
1.6600000000000001,0.1322070661505023,-2.7303526575038997e-08,0.538985112462011,1.7766100195081214e-08,0.11068653050587428,-3.360318074018063e-07,-0.03874043288699417,1.202632659626732,0.010918511543890444,0.0,4,Solved,135326,97233,331025,0.06438138566391012,3.310962615188373e-13,1.656036419106499e-13,0.5073927115157278,-0.6099081182631455,2.387736880737811,-0.5073852843457203,0.6099138102300367,-2.38765687732885,-0.8563062256106917,-0.6061996402908919,3.922551245547083,0.8563097790127496,0.6061991476995271,-3.922534494206941,0.09236932791711096,1.0300471779859965,-0.06627524616923978,-0.09243423547215902,-1.030102170622562,0.06627629900617209
1.665,0.1322329643866939,-2.78550061681572e-08,0.5389203183537261,1.795635518962202e-08,0.1046585747272031,-3.385526314519784e-07,-0.03930635548003855,1.1993423980623374,0.012986920989193698,0.0,4,Solved,150224,126509,388204,0.06499198979539346,1.443303444144329e-11,8.162359677044151e-13,0.5027603839554553,-0.6122042596132965,2.4063860154903933,-0.502752944013331,0.6122099382998354,-2.406305919978696,-0.8936324073867864,-0.5253624863801793,3.759030134853229,0.8936355960014292,0.5253609431996799,-3.7590104314265895,0.09695869017931155,1.0398105782420641,-0.06273757274012931,-0.09703226487102769,-1.0398718367262954,0.06274353276584596
1.67,0.1322573731357512,-2.834594044268036e-08,0.5388700192855073,1.7893057707963116e-08,0.09871406602506691,-3.3912991557538043e-07,-0.03975383501690184,1.182965051402427,0.010379582261765132,0.0,4,Solved,148040,117402,383344,0.06496063309202299,3.8544292660647984e-12,7.993605777301127e-14,0.49838505992581034,-0.6149838569187903,2.4251850614205868,-0.498377597324835,0.6149895359015688,-2.4251048058622477,-0.8693737592658355,-0.5636421218782716,3.7526530972079484,0.8693791352392508,0.5636429966598793,-3.7526130614688036,0.10023082310587564,1.0393265669915521,-0.06477951309327923,-0.10027945648551832,-1.0393701294723678,0.06477221582571353
1.675,0.13228136930816156,-2.8660944168587353e-08,0.5388262943885505,1.746352675888961e-08,0.09283492406108032,-3.391136974467702e-07,-0.04015590749569713,1.1713824570038258,0.009871287176741229,0.0,4,Solved,145164,87996,346685,0.06527915549167959,3.742534060435787e-12,1.482147737874584e-13,0.494035187009598,-0.6177687659554532,2.4438213155216366,-0.4940277028541959,0.6177744417772778,-2.4437409359233624,-0.8726209978662204,-0.5488884877925605,3.7091023647329036,0.8726245919148728,0.5488868119115502,-3.709087695380784,0.10419637250217614,1.0444088491791945,-0.06595967568118448,-0.10426502175611774,-1.0444664878668735,0.06596272473212138
1.68,0.132305704727038,-2.876949618533937e-08,0.5387829542024307,1.6656621778709814e-08,0.08700959975401162,-3.390875159174123e-07,-0.04053512935835712,1.1608737581340203,0.010027208768181455,0.0,4,Solved,142810,94418,359790,0.06570577942465027,1.045439355998602e-12,3.481936960980647e-13,0.4896423817842624,-0.6204267927526702,2.4622161443734134,-0.4896348762770447,0.6204324612079991,-2.4621356632157854,-0.8831674232223609,-0.519593389439052,3.6579328756469565,0.883172132828249,0.5195920322110048,-3.657908860632531,0.10841213597661074,1.0512406032742716,-0.06713438811442637,-0.10847279787623004,-1.0512924707944042,0.06713315838107593
1.685,0.1323307722565227,-2.8816440725464022e-08,0.5387385823565157,1.5734707088866138e-08,0.08123723383462081,-3.38927314026894e-07,-0.04089559129522228,1.1501413140269636,0.010304282946351072,0.0,4,Solved,149462,84529,353568,0.06612375277691651,1.975120944563128e-12,2.82801559947643e-13,0.4851938392034046,-0.6229311870238253,2.480337064512683,-0.48518631072899,0.6229368459118181,-2.4802564788556647,-0.8942486305829618,-0.488832489103742,3.6005950549137538,0.8942531475663662,0.488830214236648,-3.600576195169547,0.11259143010903452,1.0579323637851374,-0.06798971854305931,-0.11264609933415422,-1.0579800444306642,0.06798527799703596
1.69,0.13235683292584297,-2.8740984958963938e-08,0.5386932584415544,1.4607189143648614e-08,0.07552018871808228,-3.3895853080052033e-07,-0.04123571205104423,1.1388386586787063,0.01055076008056374,0.0,4,Solved,139213,81524,326486,0.06650256036634791,9.054240347538644e-12,1.2002274174527372e-12,0.4806938103489052,-0.625287102726597,2.49815599337228,-0.48068626274258963,0.6252927450431239,-2.49807536059499,-0.9039453555762011,-0.4600059682831326,3.538187819495759,0.9039487236634439,0.46000197908970686,-3.5381846301004285,0.11665052690234622,1.063984160451004,-0.06846734666903709,-0.11671830423627606,-1.0640409658615666,0.06846973924309935
1.695,0.13238408861780232,-2.859580592456579e-08,0.5386473920135304,1.3357972810047989e-08,0.06986150108251817,-3.3895896829818326e-07,-0.041553458720841846,1.1269234152980168,0.010744188886445571,0.0,4,Solved,139374,81805,322840,0.06684149715416488,1.1341233507877746e-11,4.8757664572463e-12,0.47615053020958004,-0.6275057463594166,2.515653089860885,-0.4761429633482024,0.6275113699920363,-2.5155724180218066,-0.9119279216134654,-0.4334137456973306,3.472627292964255,0.9119320878029946,0.4334101672294271,-3.472616449663181,0.12059788140367439,1.0693983545842578,-0.06866307357182566,-0.12067704958825093,-1.069463954466638,0.06867140644574611
1.7,0.13241271279530287,-2.8539907230213182e-08,0.5386013752793849,1.2258204080080907e-08,0.06426413455254508,-3.38537505408343e-07,-0.04184767001295019,1.1144326768801598,0.010897648033095298,0.0,4,Solved,143721,99167,347256,0.06714676545353372,1.4253875857406229e-12,5.387842949566846e-13,0.4715722971331815,-0.6295971113412476,2.532817646029482,-0.4715647019777503,0.6296027231296389,-2.5327368385200852,-0.9183037057988799,-0.40862867196058794,3.4056001124722,0.9183103550342449,0.40862708461042124,-3.405562199441866,0.12446201950810112,1.0742953500991756,-0.06868969840258107,-0.12452385233464647,-1.0743482472565395,0.06868891613495628
1.705,0.13244536366680476,-2.856140267094349e-08,0.5385398982932615,1.1544560423347653e-08,0.05869620565187772,-3.418543385881021e-07,-0.04223535656016863,1.106171627529863,0.012990201832143578,0.0,4,Solved,133683,108605,344822,0.06760075561534,9.903278187858073e-12,2.1835311336815266e-12,0.46665796533631404,-0.6309067670456764,2.548843762785622,-0.46665034283347984,0.6309123593201014,-2.5487628017617445,-0.9474308519710094,-0.33170913188842893,3.236578241784854,0.9474367160791736,0.33170624840923724,-3.2365455760003363,0.12867737848767596,1.08161208984544,-0.06451299834429618,-0.12864103327020257,-1.0815954253485103,0.06446119784588802
1.71,0.13247727731742506,-2.8116762316813642e-08,0.5384933902785742,9.89100780405466e-09,0.05322536824118511,-3.4390696863456127e-07,-0.042503812952364675,1.0870192008514608,0.0105548150093165,0.0,4,Solved,139674,108545,349891,0.06743482015605752,1.4486606358943277e-12,5.071082442853481e-13,0.46203585408383135,-0.6327391059838106,2.5650374782805496,-0.4620282459918584,0.63274464611478,-2.564956856308156,-0.9157827902878772,-0.3765143492981046,3.232365338438003,0.9157740143881472,0.3764988376582172,-3.2325002889955696,0.1313232543228365,1.0788646119805654,-0.06635453140696922,-0.13144107948315553,-1.0789571224969203,0.0663834479323705
1.715,0.1325098967626399,-2.7454921298105577e-08,0.5384538664780889,7.771483122152844e-09,0.047836389391491235,-3.448269554577029e-07,-0.0427277862740941,1.0719131779989248,0.010207732579689472,0.0,4,Solved,130136,80753,309675,0.06762203776649041,2.6667001939983948e-12,2.7947782976767144e-13,0.4574764699595196,-0.6346039848687112,2.581075661118316,-0.457468880298402,0.6346094742562032,-2.5809954174454064,-0.9115742248465841,-0.3667080104908956,3.190067974806217,0.9115738854463528,0.36670124216093314,-3.1901047515416754,0.1348338858716961,1.0818779586136864,-0.06731108575048995,-0.13492637682498512,-1.0819526042638465,0.06732683683708635
1.72,0.13254423535990745,-2.745946707515528e-08,0.5384150528608126,6.79282465945271e-09,0.04251938435949057,-3.4397141378142375e-07,-0.0429311016535608,1.0577485139126712,0.01050875604986173,0.0,4,Solved,128553,79059,305247,0.0679241600345225,3.377788310668806e-12,6.696379561965671e-14,0.4529111931441608,-0.6363651434486748,2.5968786592258404,-0.452903591717306,0.6363706115493992,-2.596798444605775,-0.9147495491103308,-0.3419297426498901,3.14013785205804,0.9147537092606943,0.3419270949582425,-3.1401231454106786,0.13858216317319413,1.0867131361378544,-0.06824138095423662,-0.1386735219944828,-1.08678656055236,0.06825646339225061
1.725,0.13258071960573403,-2.783622260615139e-08,0.5383754827989715,6.494282707931709e-09,0.037273421489047255,-3.427140949940099e-07,-0.04311817385874331,1.0434396668402393,0.010938926469633585,0.0,4,Solved,133292,91142,324182,0.0682211446155043,7.301210477855187e-13,4.143907439413397e-14,0.4483266980152097,-0.6379951065287849,2.6124139588894337,-0.44831906269304883,0.6380005724078165,-2.6123335242683448,-0.9185682107739656,-0.3156714060645598,3.0840244216075074,0.9185767519440952,0.3156723910847887,-3.0839609363981184,0.14228240876669884,1.0914600855099972,-0.06883997735780717,-0.1423798795429338,-1.0915383138480688,0.06885807974706143
1.73,0.13261957112721134,-2.850833172853135e-08,0.5383352067738006,6.740734035359332e-09,0.032100256634455614,-3.4113880911347067e-07,-0.04328742196806878,1.028698642666518,0.011357195947604173,0.0,4,Solved,127992,79310,307020,0.0684800947423113,1.2505968483011998e-13,2.1621593404574924e-14,0.44372669064610226,-0.639499360282909,2.6276533942300433,-0.443718996577555,0.6395048436619336,-2.627572467244416,-0.9211103142309819,-0.29144481111573345,3.0228360248329516,0.9211242175250423,0.29144994784742273,-3.022714267116628,0.14588001282478566,1.0956317797564619,-0.06906650139478168,-0.14593747101783566,-1.0956815158769808,0.0690633730516472
1.735,0.13266093336296986,-2.9219804359654405e-08,0.5382946155656242,7.095635423983359e-09,0.027002199827501443,-3.3993134400471147e-07,-0.043436768471218516,1.0134920272602435,0.011742858459491195,0.0,4,Solved,127501,79870,305417,0.06870152993814314,1.6449908582760946e-13,4.091171845743702e-14,0.43911886431922736,-0.6408896527120084,2.6425771313422066,-0.43911110324941866,0.6408951561716515,-2.642495634098621,-0.9220469071550356,-0.2695609507555997,2.9585064459545087,0.9220600109202021,0.2695642473926478,-2.9583973106092976,0.14935479376574212,1.099210528690507,-0.06900626791991588,-0.14936266886957236,-1.0992244790102903,0.06897700829730213
1.74,0.13270491887947364,-2.942582908476037e-08,0.5382540872659299,6.612649752257632e-09,0.02198148963828753,-3.403199997250921e-07,-0.04356504282061196,0.9978529672540555,0.012107320384275486,0.0,4,Solved,137410,80001,316278,0.06889555230497652,8.77575789814955e-13,6.961098364399732e-14,0.43451098014271067,-0.6421764638491853,2.6571747359287676,-0.4345031787838334,0.6421819577451692,-2.6570929883150463,-0.921483630259225,-0.2495725953849662,2.892794316517005,0.9214883593152168,0.24956730434257013,-2.892783241409459,0.15265590759783812,1.1022604970964858,-0.06873482221035204,-0.15273984412953065,-1.1023288368796242,0.0687453225521026
1.745,0.1327516277307861,-2.9223757559836784e-08,0.5382139123343233,5.397688463375787e-09,0.017040160771095804,-3.409476895152141e-07,-0.043671974472129005,0.9818237889496282,0.012466203486875268,0.0,4,Solved,133281,79390,310947,0.06906315940077783,5.140124437197358e-13,2.5665580771772056e-13,0.42991000916751926,-0.6433678022197669,2.6714432691078276,-0.429902173860883,0.643373277882611,-2.6713613588237686,-0.9195896217020525,-0.231002203771842,2.826999248290919,0.9195977402562674,0.23099961196359828,-2.826952668766413,0.1559279088575127,1.1049820694513277,-0.06840147504439426,-0.15595561066667382,-1.1050105504124452,0.06838250195112107
1.75,0.13280115448927798,-2.8940965618164704e-08,0.5381742983018891,4.028321966295758e-09,0.012180048931122666,-3.4128439432680463e-07,-0.04375788258505916,0.965441963944178,0.012832134356175619,0.0,4,Solved,134694,79250,312050,0.06921266759624281,7.592190764960094e-13,3.3056890558214036e-14,0.42532207276148487,-0.6444697262332877,2.6853840733459036,-0.42531421348135134,0.6444751727181369,-2.6853021207076897,-0.9165321467411371,-0.21352450706313128,2.761682565950316,0.9165347455054546,0.21351656705146493,-2.76169927946827,0.1591083932112463,1.1074024518012584,-0.06801780054236531,-0.15909524220063925,-1.107402681539885,0.06797749362134696
1.7550000000000001,0.13285359076956685,-2.8040184610933764e-08,0.5381353901759832,1.5999109529454407e-09,0.007402822891301139,-3.431645150566439e-07,-0.04382339987606812,0.9487381692364465,0.013213911493333239,0.0,4,Solved,127701,88617,318411,0.06934969600456171,2.57226599106906e-13,2.5892482602429823e-14,0.4207526072973617,-0.64548701969547,2.6990006307381544,-0.4207447705013765,0.6454923942922244,-2.698919161369942,-0.9124300947616687,-0.1969280619178066,2.6971887500191216,0.9124208769560403,0.19690950499822724,-2.6973383872388044,0.16214425646476624,1.109532827450191,-0.06757988560454838,-0.1622209444797831,-1.1095951360729874,0.06758684346007462
1.76,0.1329104083242222,-2.6824089687884537e-08,0.5380912951963236,-1.297581471442169e-09,0.002700427262667718,-3.4661320013006765e-07,-0.04392342727624252,0.9413234437336275,0.01857761382836668,0.0,4,Solved,137260,107773,345282,0.07029351213207224,1.599428922638424e-12,2.7595287166448657e-13,0.41602327677278994,-0.6460147519393159,2.711879809990843,-0.41601548448489994,0.646020036275205,-2.7117989585144544,-0.9850221224348339,-0.007660516902161699,2.4523940978266374,0.9850129051587211,0.007642175251034965,-2.4524957062864443,0.16724209665274437,1.1246389044097505,-0.06071450676112236,-0.16731132974033322,-1.124696194113156,0.060718285221767976
1.7650000000000001,0.13297157649542135,-2.6060546674432824e-08,0.5380437131396512,-3.2759115347248723e-09,-0.001924895170839312,-3.5076025631409107e-07,-0.044042454474556195,0.9154328407177558,0.014255689411988673,0.0,4,Solved,132310,106571,337027,0.06950786180880655,2.7711166694643907e-13,5.95669347180916e-14,0.4113679236526593,-0.6465267816604469,2.7244727617497784,-0.41136017000872327,0.6465319906446829,-2.7243924271918893,-0.9069686115305678,-0.1400371512933947,2.5380160766855493,0.9069615426408614,0.1400238727168511,-2.5381177037784766,0.16798288667087138,1.112064048507642,-0.06561698403303204,-0.16805814245441178,-1.1121257889409049,0.0656239218476759
1.77,0.13303269086359928,-2.5863955891918912e-08,0.5380125886115228,-4.4108507935266245e-09,-0.006441102416841893,-3.5155516028859114e-07,-0.04407824031208473,0.8955606681105021,0.01363068237515679,0.0,4,Solved,131058,104327,334472,0.0693277136422321,5.29628424450479e-13,4.2230455243874587e-13,0.4069239508239166,-0.6473295155410146,2.737066792613573,-0.40691622626462737,0.6473346683768787,-2.736986906930378,-0.8810586562681872,-0.16554745161709297,2.5032309635094734,0.8810536335465906,0.1655373658163252,-2.503312390563436,0.17009342576806166,1.1091861398272964,-0.06578676628006336,-0.17016216515252222,-1.1092434182757136,0.06579046868378322
1.7750000000000001,0.13309624983983112,-2.6052558220059166e-08,0.5379850984066467,-4.8743108066658144e-09,-0.010864591313087259,-3.5149997026772164e-07,-0.04408165711053749,0.8775605681665077,0.014061965994822402,0.0,4,Solved,131168,79460,309675,0.06943589128172067,2.8652427652708923e-13,1.0591874599619189e-13,0.4025513511582459,-0.6481350885959409,2.74944371397657,-0.4025436486080058,0.6481401948029781,-2.7493642024874436,-0.8716313532318999,-0.15577912781351944,2.4563424858426672,0.8716273720324503,0.15577021832941185,-2.4564128866096246,0.1729038086108114,1.1109134732468835,-0.06617940100540683,-0.17297785431003315,-1.1109742605075308,0.06618600970959407
1.78,0.13316309073611668,-2.6453835965166826e-08,0.537957445156945,-4.9474616915999126e-09,-0.015199370493437394,-3.511513323932909e-07,-0.04406919399173044,0.8598816282583233,0.014751089867002909,0.0,4,Solved,126509,79160,303042,0.06960509132166212,9.10112883851493e-13,8.638229020974109e-14,0.3982113710855848,-0.6488607926736911,2.761574419577224,-0.39820368258284794,0.6488658591046905,-2.7614951972040656,-0.8660445582531847,-0.13778705247882156,2.40527499573473,0.8660425343923274,0.13777969149383465,-2.4053244737077364,0.1758609672119745,1.1136512029616346,-0.06654843162645038,-0.17589142439372013,-1.113681461146594,0.06653223532573037
1.7850000000000001,0.13323349604346482,-2.6808473727307258e-08,0.5379289846555595,-5.0768882019924304e-09,-0.01944538519148304,-3.5122255302901166e-07,-0.04404288408346749,0.8420511086155127,0.015479318229035643,0.0,4,Solved,129865,85802,316678,0.0697590230753697,2.2578290333215825e-12,8.540668172685173e-13,0.3938992560353547,-0.6494959414369025,2.7734357837038317,-0.39389159213963343,0.6495009573577271,-2.77335697254092,-0.8602164101088946,-0.12015373417970464,2.349405590754442,0.8602095791026586,0.12014184566530157,-2.3495094877686453,0.17867104590367727,1.1160697763129779,-0.06656395846517692,-0.17876468376170943,-1.1161443692059152,0.066581099998299
1.79,0.1333075575908862,-2.7102625344524634e-08,0.5378999752021685,-5.310770143646974e-09,-0.023601494733868043,-3.511591225684401e-07,-0.04400115533709769,0.8239667185630651,0.016191292733074975,0.0,4,Solved,131108,79620,309634,0.06987819024953942,4.97434495883045e-13,2.250977182427505e-14,0.3896200499263069,-0.6500493736846468,2.785007093584653,-0.38961240443509204,0.6500543434711509,-2.7849286311584107,-0.8531047641326763,-0.10472739723063762,2.290026824615844,0.8531031521577459,0.10471987964851705,-2.290074091629451,0.1813712145676682,1.117971750730116,-0.06627376910898486,-0.18147123548963726,-1.1180510439926308,0.06629438868905776
1.795,0.13338530445036423,-2.779698443337805e-08,0.5378708225929302,-4.838946404780341e-09,-0.027666433855759332,-3.498743283390214e-07,-0.043942597714668276,0.8056363381272656,0.01688142532948863,0.0,4,Solved,130677,79389,307601,0.06996653664315837,1.1571607783692932e-12,4.1246173143605347e-13,0.3853805693741049,-0.6505321396103716,2.796275977362022,-0.3853729134205491,0.6505370865835708,-2.7961975504665766,-0.8446344281155141,-0.09138937990040748,2.22891729536967,0.8446389908626676,0.09138672420580847,-2.2288977915259416,0.18396954898412085,1.1194190944679656,-0.06578142130917379,-0.1840217170395294,-1.119464586290534,0.06577691873326126
1.8,0.13346674745731904,-2.859290002751937e-08,0.5378418728092375,-4.156742940022102e-09,-0.03163906756935043,-3.487556607547962e-07,-0.043866706025583235,0.7870925555760698,0.01755663763369295,0.0,4,Solved,130426,79110,307050,0.07003444270131026,1.9844557811733654e-12,2.9437563497936026e-13,0.38118713680477884,-0.6509532434267626,2.807238079591316,-0.3811794621088006,0.650958171423111,-2.807159605599341,-0.8349657831406068,-0.07965123216291427,2.1674978526342006,0.8349690282655345,0.07964669729718707,-2.1674949663373053,0.18641504522647434,1.1204792235333485,-0.06514873397698077,-0.18650443118289647,-1.1205510832209642,0.06516375281723218
1.805,0.13355189384270297,-2.926958346570877e-08,0.5378133805887031,-3.669025378191712e-09,-0.03551842942668325,-3.478919794716606e-07,-0.04377371222409631,0.7683684504889537,0.018224716855344034,0.0,4,Solved,133281,79901,317119,0.0700868517991823,2.3959532274853146e-12,2.0489165919457264e-13,0.3770452089771069,-0.6513193504722418,2.817894884753872,-0.3770375039514928,0.6513242655516236,-2.817816250608767,-0.8242681819019824,-0.06908531161882958,2.106752949287415,0.8242761205461924,0.06908398648699124,-2.1067016265521694,0.18875013834725465,1.1212678282769923,-0.06445655449556696,-0.18890792383311075,-1.1213896287869167,0.06450722616686319
1.81,0.13364075134662712,-3.036131223992118e-08,0.5377855240463564,-2.456190374994439e-09,-0.03930370489066972,-3.454112558960262e-07,-0.04366428071474315,0.7494924222862163,0.0188915139980877,0.0,4,Solved,133943,81625,315156,0.07012294285580493,1.0373923942097463e-12,4.0303871351454745e-13,0.3729594750221989,-0.6516354102605294,2.82825131740425,-0.37295168400180584,0.6516403542000229,-2.8281719336360536,-0.8126843626755025,-0.0594055094326217,2.0471766916457153,0.8127077100383114,0.05941588136033314,-2.0469614448677262,0.19109655995380811,1.1219341712084208,-0.06380142425130013,-0.19113066183967953,-1.121967085692879,0.0637869093704998
1.815,0.13373332869066595,-3.158935044396053e-08,0.5377584254895744,-9.654518605381313e-10,-0.042994208021275536,-3.4313051185035197e-07,-0.04353927422628209,0.730488565145748,0.019560773239353353,0.0,4,Solved,135637,78959,313352,0.0701519633106847,4.618527782440651e-13,1.8687829062002947e-13,0.36893396501433356,-0.6519053279932289,2.838313338160152,-0.3689260703858819,0.6519103078697498,-2.8382330341509334,-0.8003411175305442,-0.05044977603069474,1.988792332508836,0.8003601815839609,0.050454918788406876,-1.9886285292915582,0.1933137505337455,1.1224145836216655,-0.06312469427725172,-0.19332542029862473,-1.1224314129709552,0.0630982733198789
1.82,0.13382963484264893,-3.192717323010025e-08,0.5377321683893368,-1.0174025064496509e-09,-0.04658936281688334,-3.4333215169853977e-07,-0.043399610470158244,0.7113775532600584,0.020234623917031142,0.0,4,Solved,138572,88176,325665,0.07017538087928969,1.3350503428460891e-12,2.878426663688316e-14,0.3649722339540826,-0.6521323701267346,2.8480873075243274,-0.36496426674210686,0.652137352663721,-2.848006448505038,-0.7873146164292953,-0.04210913826851973,1.9317221494639714,0.7873261310299335,0.04210669408884476,-1.9316459770774879,0.19541079660883334,1.1227418728278733,-0.06243684938110301,-0.19549002416015004,-1.122806094068635,0.06244556044367549
1.825,0.13392967803901218,-3.169074643051856e-08,0.5377068094038716,-2.1101192520313437e-09,-0.05008868948419396,-3.437626988743921e-07,-0.043246186822272874,0.6921778231855596,0.020914037430621917,0.0,4,Solved,131599,79731,310467,0.07019044871993858,1.0800249583553523e-12,4.2527613375309414e-13,0.3610775122124719,-0.6523194016662214,2.8575799159523063,-0.36106947815257,0.6523243773799581,-2.857498588329305,-0.7736637703337602,-0.0343192794683079,1.8759989512844852,0.7736783329113937,0.034318614862096676,-1.87589372332862,0.19747789455160483,1.1229962075711017,-0.06178527875058512,-0.19753836476062156,-1.1230471795190173,0.0617840019325765
1.83,0.13403346481339284,-3.139020084124826e-08,0.5376823866866056,-3.331643040837606e-09,-0.05349179548073474,-3.434870333966776e-07,-0.043079846336007636,0.6729062182669882,0.02159920376562322,0.0,4,Solved,135516,79560,317109,0.07020003270651239,1.1391087725853843e-11,4.6776697099071285e-12,0.35725273588573153,-0.6524690820390543,2.8667974624535746,-0.3572446296135398,0.6524740521531013,-2.8667156224678076,-0.7594483642988356,-0.02705235836254311,1.8214735421845298,0.7594627274295784,0.02705095345452272,-1.8213728398485836,0.19946780511787937,1.1231559778114801,-0.061143115038337824,-0.19951996423414517,-1.1232005233041982,0.061137340296026924
1.835,0.13414099921530953,-3.090749788906136e-08,0.5376589254498476,-4.868601693037433e-09,-0.05679836889123013,-3.43436556557317e-07,-0.042901367154442316,0.6535784340434496,0.022289794668999347,0.0,4,Solved,137429,80371,317109,0.0702042769833655,7.120571493546279e-13,8.627820680118248e-14,0.3535005946140574,-0.6525839548165343,2.875745733401695,-0.3534924213884979,0.6525889129927538,-2.8756634463066186,-0.7447114292699861,-0.020287115134652613,1.76807558269189,0.7447241758513445,0.020284099878616936,-1.767993582270779,0.2013912627907449,1.1232364742552676,-0.06051303867158998,-0.20142521682857267,-1.123268431733848,0.06049763687420756
1.84,0.1342522821612524,-3.01714726011423e-08,0.5376364417111761,-6.843613727244297e-09,-0.060008173914231015,-3.4391350826890425e-07,-0.0427114638762902,0.6342094257054184,0.02298513065711139,0.0,4,Solved,128773,79691,311148,0.07020448536655424,4.962937869713604e-13,1.2602419108276308e-13,0.3498235768243631,-0.6526664839898857,2.8844301233096634,-0.3498153535913291,0.6526714157169284,-2.8843475757418093,-0.7294917436864279,-0.014010365847708012,1.7157224611733448,0.729499921025028,0.014003611944079347,-1.7156901393006112,0.20322836557405913,1.123230691649554,-0.059881630326337455,-0.20327517472514645,-1.1232717658648679,0.059872850979889085
1.845,0.1343673109423926,-2.9205049953927468e-08,0.5376149448400737,-9.221390629175372e-09,-0.06312104753275663,-3.4471937915951944e-07,-0.04251079404264232,0.6148134795368996,0.02368431733487825,0.0,4,Solved,136057,80182,315285,0.07020054175276173,6.807001143305236e-12,2.8073342261958345e-12,0.3462240004767594,-0.6527190699518954,2.8928557487390365,-0.346215744150695,0.6527239625361629,-2.8927731216211887,-0.7138205504037908,-0.008209231665661227,1.6643770801861342,0.7138261147223286,0.008200710355151557,-1.664372100959561,0.2049901112656766,1.1231520859112771,-0.05925201189433052,-0.2050594425566721,-1.1232086680441877,0.05925493943247183
1.85,0.13448607889042918,-2.8317264515415405e-08,0.5375944392979268,-1.1451441405116237e-08,-0.06613689673165744,-3.451240591448018e-07,-0.04229996650507011,0.5954044415028034,0.024386317362674055,0.0,4,Solved,135586,80372,317750,0.07019229361700409,4.627513650046211e-13,5.215272658176673e-14,0.34270403099154356,-0.6527440568633853,2.9010275177682803,-0.342695744323046,0.6527489106679972,-2.9009448326804392,-0.6977280158394392,-0.0028732189384153848,1.6139951732877358,0.6977344006242396,0.002865956196683033,-1.613979282704225,0.20668851452272421,1.123013447005429,-0.058628255258522874,-0.20676693891767353,-1.1230766978720654,0.0586358649353392
1.855,0.13460857512959276,-2.7757613665511042e-08,0.5375749258436984,-1.3076957195932389e-08,-0.06905569642096239,-3.4490445958560147e-07,-0.0420795495488941,0.5759957105273243,0.025090017708268412,0.0,4,Solved,130927,79720,309644,0.07017977861617308,1.2692730547159137e-11,2.6036811595631093e-13,0.3392656843648884,-0.6527437414532642,2.9089500889248714,-0.33925735930029177,0.6527485657834039,-2.908867247818489,-0.6812439451515548,0.0020067065826390503,1.56452335449036,0.6812524819733751,-0.002011718450077171,-1.5644820329262044,0.20832966537218842,1.122823904420949,-0.05801181878763656,-0.208392384481858,-1.1228764578587693,0.058011181690703156
1.86,0.13473478444871265,-2.7473805509679132e-08,0.5375564023711682,-1.417963476512326e-08,-0.07187748739754252,-3.445655940561818e-07,-0.04185007824336319,0.5566003339817257,0.02579426437751727,0.0,4,Solved,127301,78960,304285,0.07016391037313661,1.5072455436526688e-11,3.1915442511021297e-13,0.33591082940417555,-0.6527203753886988,2.91662785386494,-0.335902462801406,0.652725174946698,-2.9165448121136404,-0.6643976105890004,0.0064396744175087275,1.5159083863895173,0.6644057807451039,-0.0064445926336829575,-1.51586899976389,0.20989924082854045,1.1225781870969547,-0.05739392408199689,-0.20995107898302334,-1.1226225659701858,0.05738760001472642
1.865,0.13486468722088313,-2.7265485689835896e-08,0.5375388645103965,-1.5116924228927665e-08,-0.07460237473026868,-3.446040947061333e-07,-0.04161206055392027,0.5372310373407231,0.026497890191579495,0.0,4,Solved,131719,85561,315476,0.07014562480541918,3.473353549221514e-12,8.501602200006175e-13,0.33264119887936305,-0.6526761562987701,2.9240650376286816,-0.33263279760784,0.6526809277147323,-2.923981858912589,-0.6472149070727761,0.010437666201656792,1.4681301900450112,0.6472210314557526,-0.010443759606230247,-1.4681107162838603,0.21138367895467094,1.1222700736450244,-0.05676660750174765,-0.21145767891590755,-1.1223299968867069,0.056771732090008
1.87,0.13499825939237012,-2.7172232118890853e-08,0.5375223060518023,-1.5826563397294477e-08,-0.07723052612840221,-3.4461553218536264e-07,-0.041365982263880705,0.5179002151199037,0.02719973641451483,0.0,4,Solved,128903,79740,306960,0.07012358514654266,4.575593376410225e-13,1.0021497520718015e-13,0.3294584052616987,-0.6526132149893575,2.9312658515086802,-0.3294499688931681,0.6526179607293074,-2.9311825228410235,-0.629718706362918,0.014015007901206475,1.4211975883181613,0.6297263170891082,-0.014019533537838257,-1.421160680012314,0.21281989612279742,1.121929817862058,-0.05614841264551462,-0.2128763289919661,-1.1219773623446825,0.05614437348925792
1.875,0.13513547250330069,-2.7244020398952964e-08,0.537506719254823,-1.6218505532838694e-08,-0.07976217048043134,-3.445235551193075e-07,-0.04111231091274741,0.4986200108900333,0.02789865844611144,0.0,4,Solved,134223,81313,313142,0.07009956430190929,4.405364961712621e-13,4.856531843344669e-14,0.32636393070865516,-0.652533621916075,2.938234379487335,-0.3263554603094978,0.6525383428700351,-2.938150904364876,-0.611937195188983,0.017182361583639113,1.3750625565725014,0.6119434804465879,-0.017187606129837805,-1.3750382851793073,0.21417451975502444,1.1215373537656397,-0.055521566638107644,-0.21424183267302502,-1.1215930288305487,0.05552308516096011
1.8800000000000001,0.13527629374529185,-2.736553928617202e-08,0.5374920950808818,-1.6501853783189335e-08,-0.08219759640861246,-3.4451517351272384e-07,-0.0408514986802161,0.47940222044167413,0.028593545546812833,0.0,4,Solved,133532,79189,310506,0.07007118114948127,1.2016790340574346e-11,4.9338484686689554e-12,0.3233591348076537,-0.6524393794524849,2.9449746494733984,-0.32335063169849626,0.6524440758129937,-2.9448910369309926,-0.593892499015009,0.019955284651420005,1.3297381614478192,0.5938992130714569,-0.0199600018031427,-1.3297085712894599,0.21550697507286543,1.12113889023691,-0.05491651874489818,-0.21549606375120678,-1.1211388983917003,0.05487758713066637
1.885,0.13542068606776614,-2.7206225538500076e-08,0.5374784233546435,-1.726807873079948e-08,-0.08453715059495537,-3.455293252513794e-07,-0.04058398468838015,0.46025834718489367,0.029283320641859824,0.0,4,Solved,133542,80222,324954,0.07004421229369849,7.247535904753022e-13,6.426977006146473e-14,0.32044523948551923,-0.6523324317486328,2.9514904666453585,-0.3204367387652341,0.6523370781593808,-2.951407081714099,-0.5756157264135536,0.0223429231512725,1.2851418564710781,0.5756104966838994,-0.022356328451401727,-1.2852370486358144,0.21669330743847917,1.1206500978804632,-0.05426905761992872,-0.21676417387274732,-1.1207073966991759,0.05427255610579546
1.8900000000000001,0.13556860824860464,-2.670415112400054e-08,0.5374656929070838,-1.8646912808444915e-08,-0.08678123662925491,-3.469434580317304e-07,-0.0403101967183824,0.4411997049924674,0.02996693301868976,0.0,4,Solved,130677,79200,308132,0.07001390350484617,6.892264536872972e-13,7.135264601387803e-14,0.3176233712049702,-0.6522146298056768,2.9577858564216686,-0.3176148931046941,0.6522192143212612,-2.9577029049065198,-0.5571180712978883,0.024370052321849245,1.241401257898288,0.557113966773841,-0.024381788573278815,-1.2414825712311417,0.21784765422896363,1.120154240748622,-0.05363815694976087,-0.2179336223072449,-1.1202224560775387,0.05364963960459611
1.895,0.13572001498764955,-2.660510169783784e-08,0.5374538916827604,-1.9296650915147328e-08,-0.0889303137540034,-3.4698388592978543e-07,-0.040030552293079336,0.42223727480272216,0.030643375444081956,0.0,4,Solved,128743,79229,305237,0.06998046046561261,6.551426068313049e-13,7.584037564623003e-14,0.3148945471655597,-0.6520877431868449,2.9638649078221015,-0.31488607941267344,0.6520922788278701,-2.9637822478020657,-0.5384283758130243,0.026047508394226898,1.1984534701732599,0.538427644629203,-0.026056031094681017,-1.1984966448072192,0.21897052540574538,1.1196557009112236,-0.05302407418138919,-0.21900570381570636,-1.1196873674498018,0.05300947639647532
1.9000000000000001,0.13587485707638822,-2.6711183674681623e-08,0.5374430068096768,-1.9552524229329926e-08,-0.09098489498594632,-3.470457032936385e-07,-0.039745459529952155,0.4033816601112029,0.031311691074297876,0.0,4,Solved,139423,79850,324693,0.06994775852259301,7.008837954458613e-13,8.744047153008694e-14,0.31225964246432336,-0.6519534844438825,2.9697314068347787,-0.3122511924718316,0.6519579688136055,-2.9696491017192157,-0.5195748472097542,0.027387066646219378,1.15623917382691,0.5195694459748881,-0.027398452309293404,-1.1563285320974988,0.2199808823110569,1.119099017992634,-0.052385049419610676,-0.22006256557682832,-1.1191641363614881,0.052394600496744166
1.905,0.13603308151795043,-2.6859664931921533e-08,0.5374330246786476,-1.9713488031060767e-08,-0.0929455457609855,-3.472144118034628e-07,-0.039455317849500626,0.3846433007126755,0.03197094866639819,0.0,4,Solved,131018,79670,308823,0.06991285479133809,1.4753146621027113e-12,7.952579567094276e-13,0.3097194304377317,-0.6518134773355168,2.9753892521467917,-0.3097109987679029,0.6518179127835713,-2.975307297666949,-0.5005726731170839,0.02841036508997907,1.1148349657455399,0.5005701459235842,-0.028419131714394183,-1.1148924877655346,0.22094990725021477,1.1185381100360343,-0.05175784752857722,-0.22103501296339545,-1.1186056766614094,0.051769299408362515
1.9100000000000001,0.13619463163052442,-2.7357263731010235e-08,0.5374239310018532,-1.922897043406301e-08,-0.09481288272404388,-3.466186288439754e-07,-0.03916051821976587,0.36603226239585546,0.032620266472982475,0.0,4,Solved,131268,79400,308593,0.069875958231002,1.0910630885644116e-12,8.072709167805669e-13,0.3072745758115939,-0.6516692628343624,2.9808423707722143,-0.30726614655165724,0.6516736628070205,-2.9807605926351015,-0.4814478565441352,0.029130698441686184,1.0741998417419476,0.48144873981585107,-0.0291367272287593,-1.0742204012158043,0.22187869963082218,1.1179761169698756,-0.051143146220847376,-0.22192360085443677,-1.118015331696032,0.05113389956732996
1.915,0.13635944723028903,-2.7934488568342876e-08,0.537415710872315,-1.8578269675288026e-08,-0.09658757186064411,-3.462706274118503e-07,-0.03886144345980701,0.3475583035778207,0.03325880428222416,0.0,4,Solved,136188,80051,314514,0.06983957000073386,6.963318810448982e-13,1.4977602491583752e-14,0.30492561440475613,-0.6515223142915745,2.9860944865604218,-0.3049171895653157,0.6515266777832924,-2.9860129011405108,-0.462226076771599,0.02956174968713543,1.034293284235908,0.4622240454456096,-0.029569873621539695,-1.0343436695710106,0.2227150932015323,1.1173784762502716,-0.05051403417201678,-0.22278194396780304,-1.1174331200117418,0.05051621233560536
1.92,0.13652746474422223,-2.8367738098496428e-08,0.5374083488174634,-1.817337638266396e-08,-0.0982703272216105,-3.4629844815592834e-07,-0.038558468405491354,0.3292309467721515,0.033885753158589965,0.0,4,Solved,128452,86904,318212,0.06980238226784032,6.465938895416912e-13,1.7284784714632906e-14,0.3026729798650658,-0.6513740177540673,2.991149385304909,-0.30266456299233857,0.651378342345602,-2.9910680290989147,-0.44292431972791946,0.0297234266769346,0.9951626173821756,0.4429230126093687,-0.02973099690725031,-0.9952055123027325,0.22349388452667265,1.1167718444930725,-0.04988852860367259,-0.22357715439609246,-1.116838116285445,0.049899260775366924
1.925,0.13669861733554522,-2.889338260810274e-08,0.537401828835895,-1.759202456543769e-08,-0.09986190950173322,-3.458550339416289e-07,-0.038251959915563974,0.31105937229378167,0.034500347036865255,0.0,4,Solved,125196,78869,304054,0.06976329463440593,6.608047442568932e-13,2.6081567461311295e-14,0.30051700559404354,-0.6512256724890008,2.9960109157821684,-0.3005085851979407,0.6512299662824564,-2.995929670267576,-0.42356463793106613,0.02963145422418074,0.9567976319942204,0.4235666766238093,-0.029636712879470808,-0.9568060663005363,0.22424420831180714,1.116178907760993,-0.04928170480431686,-0.22428175326117772,-1.116212714150495,0.049268910532001234
1.93,0.1368728350574905,-2.935669004072842e-08,0.5373961344429168,-1.7108793409575927e-08,-0.10136312438181255,-3.456454662176126e-07,-0.03794227691700887,0.2930524684293503,0.03510185564334072,0.0,4,Solved,136558,79821,314604,0.06972579178339702,6.323830348264892e-13,8.540043672233821e-15,0.2984579024480034,-0.6510785086085827,3.000682736198063,-0.2984494837303119,0.6510827671258265,-3.0006016566156037,-0.40417318877876407,0.02929844951419642,0.9191417156018342,0.40417129867656776,-0.029306669066459266,-0.9191912207521812,0.22489163564827563,1.115548620198469,-0.04865517592805879,-0.22497188507741173,-1.1156126685343524,0.04866446427334428
1.935,0.13705004497363735,-2.9638473924947887e-08,0.5373912487094986,-1.6945554563935486e-08,-0.10277482112599053,-3.455978355331492e-07,-0.03762977037431539,0.2752188346499604,0.03568958266219979,0.0,4,Solved,129745,78879,305848,0.06968656161246373,6.465938895416912e-13,2.245426067304379e-14,0.29649578799552956,-0.6509336671800762,3.0051685960503547,-0.2964873697066526,0.6509378907545109,-3.0050876729231604,-0.38476370253028297,0.028745576875331198,0.8822625283482873,0.3847647984741693,-0.02875177842465672,-0.8822818466633241,0.22551509901480626,1.1149385731793817,-0.04804963718945902,-0.22557045330482853,-1.1149849857994196,0.04804616022585799
1.94,0.13723017128964535,-2.9933490347640796e-08,0.5373871543030547,-1.6748682859409393e-08,-0.10409789106373357,-3.452973933328385e-07,-0.03731478323549816,0.25756675617780683,0.036262867851702754,0.0,4,Solved,128473,81123,306900,0.06964808331580233,1.5909495942878493e-12,6.141944591808723e-13,0.2946306744654285,-0.6507922113360164,3.0094721909258593,-0.29462225385733576,0.6507964012452064,-3.009391398021749,-0.3653620662531896,0.027984840286754402,0.8460976266213878,0.3653621203021791,-0.027991918422590484,-0.8461280945905364,0.2260623780542961,1.1143132496304333,-0.04743815812439839,-0.22613144634460597,-1.1143693330528373,0.04744179867294508
1.945,0.13741313548632494,-3.0122998050626296e-08,0.5373838335335952,-1.6732423779671944e-08,-0.10533326604944752,-3.4509298039916013e-07,-0.036997650380101575,0.24010422164683268,0.03682108379493875,0.0,4,Solved,128703,85862,311719,0.0696089563058884,1.5304424394457783e-12,5.862151042368424e-13,0.2928624718919066,-0.6506551258029032,3.0135971697208843,-0.29285404740750576,0.6506592825399441,-3.013516493464382,-0.3459851643525347,0.02703429564000456,0.8106726163169126,0.34598641427117505,-0.027040646207194895,-0.8106912449875954,0.2265684170129144,1.1136985935091015,-0.046838667735519667,-0.22662168331329569,-1.1137433008942144,0.04683423538108006
1.95,0.13759885644088912,-3.0241615675294946e-08,0.5373812683905035,-1.6833565264609308e-08,-0.10648191697628646,-3.4493534138710216e-07,-0.03667869853839077,0.222838916053018,0.03736363471991209,0.0,4,Solved,130106,79069,307571,0.06957053422244878,1.478039912683471e-12,5.594483210025203e-13,0.29119099067198323,-0.6505233176619548,3.017547137588059,-0.2911825639723125,0.6505274396386359,-3.0174665963909826,-0.3266549227341676,0.025907852388446437,0.7759561436348771,0.32665483568326736,-0.025915192978743957,-0.7759886888745305,0.22700625684039735,1.113076401412511,-0.04623722105654943,-0.22706994529411273,-1.1131285475591806,0.046238203898330665
1.955,0.1377872505491613,-3.024617193551406e-08,0.5373794405743806,-1.7131207890858944e-08,-0.10754485224392812,-3.448883402309991e-07,-0.03635824623125615,0.20577821834362647,0.03788995606663931,0.0,4,Solved,130777,78639,306288,0.06953191434991705,1.432853835581227e-12,5.376445816329678e-13,0.289615946567964,-0.650397615557826,3.021325680282607,-0.28960751921126976,0.6504017016007195,-3.02124529095983,-0.30738830986439025,0.024622349614402992,0.7419624307596806,0.3073885800901649,-0.024629437910973637,-0.741991399402058,0.22739885295268672,1.1124639596998904,-0.045645516818638626,-0.2274549933512606,-1.1125106295986729,0.045642690151844995
1.96,0.13797823183891714,-3.019967426990974e-08,0.5373783315325248,-1.7510555083692448e-08,-0.10852311628569289,-3.448307782851099e-07,-0.03603660371341915,0.18892922415924293,0.03839951029657216,0.0,4,Solved,132550,78709,308613,0.06949388489064609,1.397104654188297e-12,5.217059423356929e-13,0.288136961159202,-0.650278772372983,3.024936343613436,-0.2881285350475994,0.6502828214058994,-3.024856124824561,-0.2882053925201074,0.02319185932731854,0.7086688691963675,0.28820479879619004,-0.023199463529292547,-0.7087063839707964,0.2277315547286203,1.1118515415423327,-0.045055903342211524,-0.22779336749797016,-1.1119021582503374,0.04505606782809975
1.965,0.13817171207989912,-3.010111907113212e-08,0.5373779224926493,-1.797286268272145e-08,-0.10941778809518306,-3.4480747159273826e-07,-0.03571407290326835,0.1722987174703431,0.038891789734131856,0.0,4,Solved,128382,79501,312130,0.06945638991744474,1.2023618104701868e-12,6.434262844745575e-14,0.2867535648761306,-0.6501674661462815,3.028382636580596,-0.28674514154577957,0.6501714777328389,-3.028302601902088,-0.26912320492342456,0.021631933214981476,0.6760781367133369,0.26912266863783935,-0.021639348898648728,-0.6761145293088139,0.22800818789695032,1.111242474056164,-0.044470205305637896,-0.22808306132475123,-1.1113022386791158,0.04447715543836072
1.97,0.13836760090243017,-3.007996794039768e-08,0.5373781945043884,-1.8282112796313727e-08,-0.11022997967346233,-3.445215514227396e-07,-0.035390947330904844,0.15589318128224958,0.03936631427851402,0.0,4,Solved,132370,79020,312460,0.06941902475638535,1.2064702679862843e-12,6.232341032141875e-14,0.2854652030227215,-0.6500642992534352,3.031668065185271,-0.2854567759253904,0.6500682786312628,-3.0315881445770327,-0.25015876742805965,0.019957439742203785,0.6441875036259981,0.2501603724783697,-0.019963254281875755,-0.6442013568836014,0.2282402107621577,1.1106450196223692,-0.043894158896065724,-0.22831435022152766,-1.1107043961021656,0.043900752755445985
1.975,0.13856580589877043,-3.0215704034955695e-08,0.5373791284693762,-1.829126438785404e-08,-0.11096083457399457,-3.4395259168228836e-07,-0.03506751209223245,0.13971881273681125,0.03982262779144215,0.0,4,Solved,129835,79621,306920,0.0693819009392633,1.14470983480619e-12,5.8864371710321e-14,0.2842712323858914,-0.6499698044774791,3.0347960683344515,-0.28426279124513276,0.6499737589992469,-3.0347161540312015,-0.2313302433157348,0.01818168959974949,0.6129764919697307,0.23133385721409033,-0.018186116101693187,-0.6129693958705805,0.22842740587255672,1.110059466454003,-0.04332744955439874,-0.22848939815611022,-1.1101104150282128,0.043327783474015905
1.98,0.13876623272734903,-3.040163240155143e-08,0.5373807051714957,-1.819363687615925e-08,-0.11161152640191056,-3.43469435699507e-07,-0.03474404380571,0.12378149197633971,0.040260301989271316,0.0,4,Solved,137961,89099,324784,0.06934561972765817,1.3173906410202108e-12,4.858856372802478e-13,0.28317092125823223,-0.6498844483454276,3.037769988401601,-0.28316246184142235,0.6498883807201729,-3.0376900359594043,-0.2126550393860158,0.01631789888762577,0.5824265403680221,0.21265873389258136,-0.016322327868000357,-0.5824185107028539,0.22855740241111627,1.1094773157632287,-0.04276347992588118,-0.22862221883799316,-1.1095299156425307,0.04276526782176496
1.985,0.13896878521152914,-3.0549589168775335e-08,0.5373829053123407,-1.815169335302834e-08,-0.11218325735339998,-3.431582275307152e-07,-0.03442081060718123,0.1080868403178237,0.04067892782750051,0.0,4,Solved,136188,79620,314494,0.06930979578676108,1.3135048604340227e-12,4.829799754579867e-13,0.28216345885759847,-0.6498086281527881,3.0405931393140007,-0.28215497925992,0.6498125394806605,-3.040513129079108,-0.19414792636009293,0.014380321670043402,0.5525404643526589,0.19415219371186088,-0.014384389035638396,-0.5525265529222552,0.2286415186871984,1.1089061768364745,-0.04220785127489129,-0.22870342753153775,-1.1089567325881773,0.04220811741041093
1.99,0.13917336542276962,-3.067346761461437e-08,0.5373857095381435,-1.8141326071997584e-08,-0.11267725685204617,-3.4290271872070237e-07,-0.03409807211356904,0.09264017579554246,0.04107812083182258,0.0,4,Solved,130507,79360,308282,0.06927433226522717,1.3151701949709604e-12,4.943927212064381e-13,0.28124795718779233,-0.6497426747836665,3.043268795658084,-0.281239455948995,0.6497465659029974,-3.0431887126929005,-0.1758247908861653,0.012381619776285048,0.5233033762203811,0.1758291639115396,-0.012385643783238389,-0.5232883898887075,0.22868327972707814,1.1083485875293952,-0.041662082861774925,-0.2287313764609678,-1.1083893162436347,0.04165524651987141
1.995,0.13937987378895433,-3.0684840408195377e-08,0.5373890984785723,-1.8324488852003627e-08,-0.11309477998027044,-3.429123281583596e-07,-0.03377607940434023,0.07744650756864287,0.041457520917557396,0.0,4,Solved,135055,79811,313011,0.06923990319125341,1.3210543770014738e-12,4.979714557373782e-13,0.2804234494613791,-0.6496868577032983,3.0458001451068526,-0.2804149327036286,0.6496907246039241,-3.045720050974553,-0.15770131713452848,0.01033383414946993,0.49469622646229744,0.15770358345456456,-0.010339204646897766,-0.49470241302597256,0.22866851432359378,1.1077941035347059,-0.041118623147659523,-0.228721901537844,-1.1078384510600545,0.041114509409057406
2.0,0.13958820917786327,-3.054143456756689e-08,0.5373930527716133,-1.878008180619997e-08,-0.11343710607763803,-3.4315601776619367e-07,-0.03345507504639135,0.0625105905765498,0.04181678451735345,0.0,4,Solved,131749,79971,310126,0.06920632679412819,1.3347101202043632e-12,5.026638827398955e-13,0.2796888994475082,-0.6496413828243073,3.0481903526638328,-0.2796803750872127,0.6496452209393676,-3.048110325858428,-0.13979021591136226,0.008250107164100257,0.4667240668326397,0.13979123471717164,-0.008256113554996336,-0.4667423815118249,0.22860285870940172,1.10724623230097,-0.04058007356714288,-0.2286712808391131,-1.107301228706051,0.040583682890562564
2.005,0.139798268971447,-3.040113355487286e-08,0.5373975530862868,-1.9220283597553574e-08,-0.11370553740252765,-3.4319428107569024e-07,-0.033135293088886304,0.04783688558909691,0.042155589557034384,0.0,4,Solved,128012,81494,307100,0.06917282921528589,1.3530288001106783e-12,5.094223654023011e-13,0.27904320683942485,-0.6496063935276749,3.0504425834829454,-0.27903467396127546,0.6496102045677401,-3.050362611406076,-0.12210436828697607,0.00614253823938249,0.4393836530247882,0.12210651670496017,-0.006147572655676267,-0.43938976601699753,0.22850459568089254,1.1067175184215627,-0.04005548052284,-0.2285630420473097,-1.1067652674445743,0.040054013965756544
2.0100000000000002,0.14000994915709933,-3.033659227244357e-08,0.5374025801543371,-1.951002207380384e-08,-0.11390139765985231,-3.43081835583433e-07,-0.032816959084221164,0.03342957188017153,0.042473633344019705,0.0,4,Solved,132190,81003,319714,0.06914037860589692,1.1799552479902947e-12,6.222453108328807e-14,0.2784852004157744,-0.6495819795618349,3.0525599016984786,-0.2784766583350218,0.6495857651900258,-3.0524799722743334,-0.10465882421251169,0.004020969729559593,0.4126435710099179,0.10466046407437435,-0.004026082749739534,-0.4126536954087563,0.22835309038473714,1.1061924535701777,-0.03953396418327097,-0.2284196383643913,-1.1062460576943507,0.0395366465782576
2.015,0.1402231444045167,-3.031491260091147e-08,0.5374081147961288,-1.9708931681391114e-08,-0.11402603063200488,-3.429570690584191e-07,-0.032500290116888014,0.019292556119111546,0.042770631123494614,0.0,4,Solved,133993,79681,315807,0.06910796031231226,1.215095928015056e-12,5.983408213339203e-14,0.27801364604491674,-0.6495681760386689,3.0545453189019036,-0.27800509333948026,0.649571938370652,-3.0544654127909245,-0.08746455157332407,0.001897026983101346,0.3865070841907514,0.0874669970601235,-0.0019013943178443115,-0.38650814564315916,0.22817149886777177,1.1056869641988694,-0.03902698128887264,-0.22821976164655178,-1.105727364996996,0.03902033754896465
2.02,0.14043774814416385,-3.0299923747888765e-08,0.5374141379440008,-1.9882886207230813e-08,-0.11408079878330595,-3.429674831113855e-07,-0.03218549482952607,0.005429458752035551,0.043046316920177755,0.0,4,Solved,130667,79811,312851,0.06907721968874866,1.4400702852412905e-12,5.421392501592237e-13,0.27762724584433657,-0.6495649684478446,3.0564017543589985,-0.27761868733253137,0.6495687056007055,-3.056321914502867,-0.07053547322007306,-0.00022046109814358053,0.36094140915970974,0.07053578979215931,0.000214993959821976,-0.3609627110215103,0.22792385675532134,1.1051744013067692,-0.03851582651483217,-0.2280010991050327,-1.1052355150199786,0.03852400878459997
2.025,0.14065365263460075,-3.031357323276763e-08,0.5374206306666982,-1.999338058681745e-08,-0.11406708196474884,-3.428909397367306e-07,-0.0318727735076823,0.008156328091957831,0.04330043753509794,0.0,4,Solved,129204,86063,314514,0.06904610136721645,1.4288570326925765e-12,5.639291117409684e-13,0.27732465177622484,-0.6495722881441379,3.058132141127495,-0.27731608396992913,0.6495760036483376,-3.058052327861278,-0.053879063582454874,-0.0023193815564056127,0.33597275502749124,0.05388193603336084,0.002315781945384646,-0.33596754570666937,0.22765649387318246,1.10468695295424,-0.03802376324251687,-0.22771922163903227,-1.1047376218754632,0.0380245374818495
2.0300000000000002,0.1408707490254743,-3.0481056438877725e-08,0.5374275741946164,-1.9810382144379948e-08,-0.11398627615825006,-3.425506163915213e-07,-0.0315623180695223,0.021461701638509134,0.04353275830032546,0.0,4,Solved,131930,87555,320385,0.06901583711936511,1.1392602547528827e-12,6.727951529228449e-14,0.27710445837470393,-0.6495900218585248,3.0597393219928675,-0.2770958756861251,0.6495937202171277,-3.0596594744223253,-0.03750944349358494,-0.00439286242817615,0.3115538982167418,0.03751249905495662,0.004389542500822039,-0.3115459133535703,0.22734223507362455,1.1042042149063156,-0.03753649922497924,-0.227403210952519,-1.1042533939098418,0.03753637840647357
2.035,0.1410889274466632,-3.0664563453782086e-08,0.5374349499362497,-1.9585647029387167e-08,-0.11383979196690258,-3.423589199998881e-07,-0.03125431214684351,0.03448385456066288,0.043743063984299245,0.0,4,Solved,131358,82516,316899,0.0689861113145752,1.5228929228783272e-12,6.045944994648167e-13,0.276965205437824,-0.6496180144673862,3.0612260412131196,-0.27695660766265506,0.6496216965777885,-3.0611461532514177,-0.021435489756730625,-0.006431572473438494,0.2876832220605913,0.021438487968161432,0.00642836621599772,-0.28767506844059115,0.2269887375843564,1.1037301810914137,-0.0370576042299835,-0.22704694065445616,-1.1037777810332032,0.037056016966598514
2.04,0.14130807705854292,-3.082427612910799e-08,0.5374427394998551,-1.939361899374472e-08,-0.11362905346913252,-3.422819066435615e-07,-0.03094893121778257,0.0472201456591462,0.0439311441721658,0.0,4,Solved,128974,78989,314184,0.06895723907867918,5.115907697472721e-13,1.4103301859691442e-14,0.2769053862177845,-0.6496560680617499,3.0625949995363495,-0.27689677493419973,0.6496597334724541,-3.062515084407059,-0.005666791187839311,-0.008427451823789841,0.26434739182807326,0.005669299278666162,0.008424025161913345,-0.2643437513806782,0.2265885190771267,1.1032588311554385,-0.03658273942324292,-0.22665999048955485,-1.1033158252588668,0.03658790927760182
2.045,0.14152808610153275,-3.0993859902485876e-08,0.5374509247115921,-1.9174083903682316e-08,-0.11335549707332832,-3.420991932008967e-07,-0.0306463425674331,0.05966825728572114,0.044096810661477207,0.0,4,Solved,133632,79641,311638,0.06892819534722976,1.4898783699657897e-12,6.857014955841123e-14,0.2769234525124523,-0.6497039434314862,3.0638488726162363,-0.27691482374311716,0.6497075950451516,-3.063768889045046,0.009789216868140925,-0.010372116488949843,0.24154688068110883,-0.009785065988026701,0.010369785797705516,-0.24152655558938935,0.22616496928441884,1.1028053852264137,-0.03612345991240244,-0.2262206625148301,-1.102851125555676,0.03612054667792965
2.05,0.14174884198494817,-3.11800049151951e-08,0.5374594876312381,-1.8914064794160466e-08,-0.11302057003094763,-3.4190238897085825e-07,-0.030346705452876488,0.07182609576150167,0.044239886653981035,0.0,4,Solved,129214,80583,308052,0.0689001140626792,5.258016244624741e-13,1.3431963874488417e-14,0.2770178095647453,-0.6497613679192928,3.064990228796248,-0.27700916283329624,0.6497650062734631,-3.0649101702662156,0.024921984601252153,-0.012259968737541793,0.2192457510742029,-0.02491875381635429,0.012257110822060404,-0.21923425433909968,0.22569264618352974,1.1023504422204562,-0.035666315411382044,-0.22575627755143315,-1.102401825002867,0.03566741767956022
2.055,0.14197023133316222,-3.130217968759691e-08,0.5374684105715976,-1.876176547920761e-08,-0.11262572934378515,-3.418268343675173e-07,-0.03005017114647364,0.08369181722896771,0.04436020958522792,0.0,4,Solved,134995,78919,315727,0.06887170146846275,3.088994131812743e-12,1.3034712198489729e-13,0.27718682468864003,-0.6498280342922316,3.066021584551082,-0.27717816066811307,0.6498316592506361,-3.06594145659698,0.03972586994509229,-0.014083250602107043,0.19745047027953333,-0.0397222627118907,0.01408068665560445,-0.19743501014235812,0.22520042925892553,1.101913263953281,-0.03522556178580984,-0.22523978068265987,-1.101947223495404,0.03521427201882058
2.06,0.14219214005298866,-3.1307013024495476e-08,0.537477676112027,-1.8815074685100382e-08,-0.1121724404813168,-3.4201986033106225e-07,-0.02975688303558691,0.09526382543922048,0.04445763075963597,0.0,4,Solved,129464,80733,315887,0.0688444413463078,5.897504706808832e-13,1.3553394517806794e-14,0.27742882513012024,-0.6499036066616317,3.066945353194442,-0.2774201537398594,0.6499072126250114,-3.0668652522576902,0.05419130215299456,-0.015837537737615884,0.17612254767378158,-0.05419123717513534,0.01583294422325271,-0.17614173875937883,0.22465496679651661,1.1014686830675544,-0.03478373053254583,-0.22470628872767176,-1.1015110615409247,0.034778564334199506
2.065,0.14241445338589998,-3.111844439133321e-08,0.5374872671123196,-1.921469556723496e-08,-0.11166217624654691,-3.4250983781228004e-07,-0.029466976740187778,0.10654073465207949,0.04453201169071903,0.0,4,Solved,132029,80242,310456,0.06881802642582356,3.6027685660468414e-12,1.8129074630390818e-13,0.27774210863348964,-0.6499877180906612,3.0677639207811023,-0.2777334416545868,0.6499912990701112,-3.067683960531179,0.06831479101121568,-0.01751547656454032,0.1552783103427973,-0.06831631405384304,0.01751021822420056,-0.155312430837166,0.22406371555926666,1.1010212475832362,-0.0343438537950094,-0.22415188157153473,-1.101088422813177,0.034357623454971314
2.07,0.1426370561108136,-3.108184258717403e-08,0.5374971667299636,-1.9327642293434333e-08,-0.11109641435251065,-3.424008959262275e-07,-0.02918057984508993,0.11752192623550595,0.0445832880803408,0.0,4,Solved,136137,97644,348548,0.06879050874184009,5.542233338928781e-13,6.332608049053334e-15,0.2781249568184922,-0.6500799690012368,3.068479725660212,-0.2781162844373772,0.6500835330837529,-3.068399801877525,0.08209330819170084,-0.019111076245651813,0.13492441754598627,-0.08209051486430205,0.01910890038565777,-0.13491403891684955,0.22346813956282138,1.1005967859254147,-0.03392747566687804,-0.2235318299504102,-1.1006481398694414,0.03392864891217517
2.075,0.1428598323721738,-3.131666842086479e-08,0.5375073584235053,-1.8931826261913967e-08,-0.11047663824542386,-3.4187496844994835e-07,-0.02889781330351562,0.1282055438079812,0.044611238693121974,0.0,4,Solved,146507,85522,377282,0.06876360977953987,5.755396159656812e-13,5.2991465382401515e-15,0.2785756096956987,-0.6501799434671489,3.0690950313161123,-0.27856692250245946,0.6501834974334496,-3.0690150447444458,0.09551501990375044,-0.02062280821304189,0.11499839593511568,-0.09551193053116218,0.020620886465131678,-0.1149843339546185,0.22283123163406782,1.1001698757528144,-0.0335143734317501,-0.22289006499565986,-1.1002177564726379,0.03351304313630665
2.08,0.14308266550382281,-3.15266727561314e-08,0.5375178259587432,-1.857110407065775e-08,-0.10980433799488107,-3.416460391970372e-07,-0.028618789795136674,0.13859114936086422,0.04461579274875101,0.0,4,Solved,155504,85752,382052,0.0687368373122442,2.7625935393460477e-12,1.9937003437053846e-13,0.27909227706115175,-0.650287207361969,3.069611987258357,-0.2790835757405793,0.650290751076351,-3.069531942121247,0.10857769422859981,-0.022045697397311843,0.09550353725692208,-0.1085750359167906,0.02204356554580813,-0.09549334739346751,0.2221632308618287,1.099745450173,-0.0331095197459083,-0.2222165261188063,-1.0997893969959072,0.03310534397972596
2.085,0.14330543862616932,-3.164474669768905e-08,0.5375285534281086,-1.8370099056511385e-08,-0.10908100450409083,-3.416683833430344e-07,-0.02834361484241217,0.14867840428113707,0.0445968774886969,0.0,4,Solved,135796,94979,359098,0.06871040576735,7.034373084024992e-13,1.0878450917850557e-14,0.27967315166471385,-0.6504013063242446,3.070032708414592,-0.27966444096470766,0.6504048372433405,-3.0699526500171173,0.12127715655344506,-0.023376290299026322,0.07642626023768258,-0.12127579695933921,0.023373456801137168,-0.07642858811169562,0.2214589448818016,1.0993184203256843,-0.032709759451818574,-0.2215181868071575,-1.0993664922776,0.03270861201840828
2.09,0.14352803446947704,-3.1677271591954266e-08,0.5375395252556713,-1.8318340787951785e-08,-0.10830813043417056,-3.4177856539015435e-07,-0.028072386745371256,0.15846702997697756,0.04455441443136199,0.0,4,Solved,142079,86383,362946,0.0686836908787788,3.097244466107596e-12,3.7092117571857486e-13,0.2803164098442828,-0.65052176829195,3.070359271097634,-0.28030769333860905,0.6505252848781465,-3.070279232839882,0.13361071303730532,-0.024610996103452222,0.057762709307331045,-0.13360968800543843,0.024608107824327322,-0.057767884959225815,0.22073218826958163,1.0988969635835586,-0.032321607360633664,-0.2207830813435437,-1.0989390540604609,0.032316220322110685
2.095,0.14375033542069798,-3.164707610988758e-08,0.5375507262054864,-1.8373842664995266e-08,-0.10748720921607093,-3.419518615151565e-07,-0.027805196686440783,0.1679569606722653,0.044488336876634484,0.0,4,Solved,130917,81134,321978,0.06865760007570879,3.3089224676698213e-12,5.650688250646851e-13,0.2810202098960599,-0.6506481086108864,3.0705936703281935,-0.2810114933666427,0.650651608281377,-3.0705137061507166,0.14557415408474766,-0.025747991181364876,0.039488441991108056,-0.14557482695948942,0.025744289581336396,-0.03950964859874566,0.2199622589236406,1.0984648756002025,-0.031934009717949755,-0.2200337184766701,-1.0985216012113406,0.03193911323978533
2.1,0.14397222357665546,-3.1617610811608766e-08,0.5375621413853838,-1.842074368146066e-08,-0.10661973402123877,-3.4198700917680686e-07,-0.02754212887427223,0.1771483219112301,0.04439858829498756,0.0,4,Solved,129815,91442,324994,0.06863083381604054,7.176481631177012e-13,7.115835698456863e-15,0.28178270110231907,-0.6507798284685388,3.070737882614445,-0.28177398304726775,0.6507833132573039,-3.0706579740379945,0.1571672607278024,-0.026783801231647836,0.021613433593035247,-0.15716631697959016,0.026781290902494266,-0.02161792581263895,0.21917811365038117,1.09804126750163,-0.03156118062016985,-0.21924302290736414,-1.0980933410566487,0.03156296588193659
2.105,0.1441935807953731,-3.170481314400748e-08,0.5375737562550864,-1.824550690051345e-08,-0.10570719678325224,-3.417595209551697e-07,-0.02728326065434879,0.18604144653372606,0.04428512456737132,0.0,4,Solved,130928,81584,316358,0.06860397730278217,6.821210263296962e-13,1.6873655250826403e-14,0.28260201951685376,-0.6509164213554377,3.070793799704949,-0.2825932951900267,0.6509198950431836,-3.070713895621167,0.16838579514047095,-0.027718135411524094,0.004102982063977748,-0.16838433087582977,0.027716103123073238,-0.004101489968637316,0.2183660626816061,1.0976148334042215,-0.031195620479080713,-0.21842644537547934,-1.0976636368445147,0.031195102454813887
2.11,0.1444142887496157,-3.1819421000036324e-08,0.5375855566258757,-1.801106488575516e-08,-0.10475108720399803,-3.416026304489293e-07,-0.027028662647609284,0.19463685180174853,0.04414791104981513,0.0,4,Solved,133402,80683,316598,0.06857687011598143,7.531752999057062e-13,1.033374774639384e-14,0.283476288778369,-0.6510573761664153,3.070763211011423,-0.2834675577211682,0.6510608397838584,-3.0706833030062066,0.17922841985714327,-0.028549678536503593,-0.013054038334005239,-0.1792271474746307,0.028547677066836825,0.01305436905319484,0.2175299413850415,1.0971868107698726,-0.030838734857791202,-0.2175821716376501,-1.097229921855703,0.030834056817698897
2.115,0.1446342289858997,-3.188077777773631e-08,0.5375975286626825,-1.786592820333174e-08,-0.10375289174483748,-3.4165297138386477e-07,-0.026778398862364893,0.2029352812637033,0.04398692927400503,0.0,4,Solved,132120,80512,326577,0.06855011830078354,8.313350008393172e-13,8.610299973010882e-15,0.2844036258955406,-0.6512021772144853,3.0706478363882623,-0.2843948929551996,0.6512056286066791,-3.0705679688714427,0.18969382183633202,-0.02927777458614739,-0.029873362383105524,-0.18969403648860492,0.029275044679088237,0.029859693042043223,0.2166550785543201,1.0967453604082433,-0.030482538707279395,-0.2167262964837395,-1.0968018928125367,0.030487536114835744
2.12,0.1448532829620545,-3.1934317354275724e-08,0.5376096588907646,-1.7728340178751243e-08,-0.10271409284040411,-3.4163027853584657e-07,-0.026532526911670875,0.21093755438306624,0.043802158880055536,0.0,4,Solved,139393,82306,325856,0.06852228721566607,7.917000388601991e-13,1.1179945857975326e-13,0.2853821497181261,-0.6513503023113434,3.070449390859524,-0.2853734130465476,0.6513537434313907,-3.0703695427188644,0.19978348136317733,-0.029900714676096035,-0.04634619578564177,-0.19978210537481392,0.029899094228607054,0.04634876655033979,0.2157743742201105,1.096312193319372,-0.0301431978399177,-0.21582821199711227,-1.0963565954506571,0.030139340616708525
2.125,0.1450713320870272,-3.202615115423269e-08,0.5376219341908606,-1.751308424218261e-08,-0.1016361680902651,-3.415436405162293e-07,-0.026291098019756043,0.21864477872381746,0.04359360315975561,0.0,4,Solved,131839,81374,315075,0.06849486053677199,5.6209720038225e-12,2.3985050057184765e-12,0.28640997295274695,-0.6515012313542562,3.0701694809332696,-0.28640123317376365,0.6515046624921067,-3.0700896550615764,0.20949439049738183,-0.03042028762727831,-0.06251436050533812,-0.20949426312823238,0.03041805109959654,0.06250528194356225,0.21485359165391532,1.0958619152468194,-0.029802777355323426,-0.21492367079551933,-1.0959177685883519,0.02980719111405148
2.13,0.1452882578031434,-3.2103854453239456e-08,0.537634341806281,-1.7316821313660954e-08,-0.10052058914075493,-3.4146808176644753e-07,-0.026054157292486675,0.22605815779131797,0.043361268037602284,0.0,4,Solved,133423,85792,323932,0.06846611041290508,7.340893084378797e-12,3.0854789209722178e-12,0.28748521121068366,-0.6516544435975609,3.0698096732067475,-0.2874764665674493,0.6516578664653166,-3.0697298497118446,0.2188294860106769,-0.030835139430703744,-0.07836355071455108,-0.21882795750859974,0.03083386042078604,0.0783687460087049,0.2139313352986606,1.095420343043328,-0.029480326171839336,-0.2139760066326149,-1.0954577666064813,0.029471847266079473
2.1350000000000002,0.14550394160581115,-3.2166140643187523e-08,0.5376468693383863,-1.7141074705665387e-08,-0.09936882110670607,-3.415091992288138e-07,-0.02582174375393554,0.23317909429343023,0.04310517258234338,0.0,4,Solved,132220,84740,331206,0.06843803851549443,8.100187187665142e-13,9.705864584264035e-14,0.2886059780015982,-0.6518094239351948,3.0693714254404747,-0.2885972339043029,0.6518128361267558,-3.0692916536257147,0.2277861476107398,-0.031147999015413725,-0.09393930802192818,-0.22778733402940404,0.031145313288434274,0.09391872089605921,0.21296349282552554,1.0949545587660319,-0.029152903460244683,-0.21303127453486442,-1.095008616247911,0.02915617556592492
2.14,0.14571826512065203,-3.216056812953306e-08,0.5376595047438698,-1.7083262676925195e-08,-0.09818232152689652,-3.416473563180978e-07,-0.025593890540496378,0.24000916780152273,0.04282534984239328,0.0,4,Solved,130827,85762,320084,0.06840884453569596,3.182163733905785e-12,1.1650732462120672e-12,0.2897703968349139,-0.6519656585337844,3.0688561832811936,-0.28976165545182797,0.6519690597941509,-3.068776481150803,0.23636941095151878,-0.03135753450629151,-0.10921563588105405,-0.2363695378714183,0.031355668456191595,0.10920604885696931,0.21198956862051868,1.0944915169911509,-0.028840012033304007,-0.21205166145304982,-1.0945415125711353,0.0288404171801109
2.145,0.1459311101530089,-3.2230431922520285e-08,0.5376722363448202,-1.6881120568073157e-08,-0.09696253961613475,-3.4155326092288115e-07,-0.025370625033147742,0.2465500961845284,0.04252184053575252,0.0,4,Solved,131749,80021,315997,0.068379100681998,4.9209100336233824e-12,1.8043162450243067e-12,0.29097659856796915,-0.6521226393551963,3.068265337528462,-0.2909678575178007,0.6521260319827771,-3.0681856780090224,0.2445784147650384,-0.031466511446749404,-0.12422784127650405,-0.24457844009608568,0.03146487525201729,0.12422002400839088,0.2109968818737042,1.0940208518166177,-0.028534665534814978,-0.21105173448783643,-1.094065610911968,0.028531410282693077
2.15,0.14614235873202053,-3.229052861094898e-08,0.5376850528142971,-1.668961969386179e-08,-0.09571091553213071,-3.415668398415513e-07,-0.02515196899953928,0.25280375792609505,0.04219469704830871,0.0,4,Solved,128874,81594,320606,0.06834921828554266,6.695693478830922e-12,2.504363903754747e-12,0.292222717774147,-0.6522798688386525,3.067600169200639,-0.2922139800226041,0.6522832519725906,-3.067520577434042,0.25241494660680813,-0.03147660224228667,-0.13898913807913502,-0.252416024424597,0.03147453469404132,0.13897179607474777,0.2099762803024137,1.0935346314476824,-0.02823166418640834,-0.2100424018896862,-1.0935874925686826,0.028234153689809444
2.1550000000000002,0.14635189316381905,-3.23487969572613e-08,0.5376979431760927,-1.649531410533781e-08,-0.0944288796254264,-3.4156646434828824e-07,-0.024937938752019263,0.25877216391693,0.041843980675460093,0.0,4,Solved,128592,81785,312160,0.06831800879450405,1.4274397636127034e-12,1.7650854736150912e-13,0.2935069037653298,-0.6524368558999952,3.066861940690512,-0.2934981690170495,0.652440230610812,-3.0667824103829164,0.2598827261516936,-0.03138886380727725,-0.15349696664414697,-0.259883015237226,0.0313874251047198,0.15348799103295777,0.20895454170289238,1.0930508278622384,-0.02794405210551721,-0.2089988179089223,-1.0930881407120647,0.027935459830774157
2.16,0.1465595960849573,-3.237556934255909e-08,0.5377108968016296,-1.6351936418389065e-08,-0.09311785170657812,-3.417016856249907e-07,-0.02472854526818162,0.2644574945742765,0.04146976674336238,0.0,4,Solved,129264,81144,310967,0.06828704721807784,6.536993168992922e-13,1.63802131580848e-13,0.2948273129639396,-0.6525931228297521,3.0660518047616336,-0.2948185879428183,0.6525964860737108,-3.0659723978803637,0.2669816671901122,-0.03120701672430763,-0.16778941159255426,-0.2669847055418424,0.031204173642601793,0.16775434213428775,0.20789629222515013,1.0925430512849474,-0.02765328525059524,-0.2079581260792105,-1.0925927554892454,0.0276536714203194
2.165,0.14676535052579884,-3.231836814167874e-08,0.53772390340726,-1.6356738998366495e-08,-0.09177924025479449,-3.4196660144175165e-07,-0.02452379435260816,0.2698620658486475,0.04107214089309831,0.0,4,Solved,139563,87104,331907,0.06825494264021177,6.252776074688882e-13,1.762622166279204e-13,0.2961821201237415,-0.6527482008097243,3.065170897601394,-0.29617340985370777,0.6527515508830897,-3.065091659426738,0.27371790413814323,-0.030931597044111327,-0.18184687010641637,-0.27372080691206807,0.0309290949059362,0.1818139487935881,0.2068330421424869,1.0920324666225587,-0.027374877082253314,-0.206890418640389,-1.0920790822433883,0.027373056837278285
2.17,0.14696903993825147,-3.230125895607404e-08,0.5377369530503385,-1.6282814003456713e-08,-0.09041444195730913,-3.420758016073076e-07,-0.024323686829660816,0.27498825376766217,0.04065119136760757,0.0,4,Solved,130216,81184,314294,0.06822225299145517,6.110667527536862e-13,1.8793213513168538e-13,0.29756951605521337,-0.6529016333286649,3.064220306187441,-0.2975608221135865,0.6529049705901878,-3.0641412474418015,0.2800927376819294,-0.03056630571104123,-0.19569856612402559,-0.2800962466250409,0.03056370354237896,0.1956606947132074,0.20575260733669254,1.0915093895610148,-0.027102036156602203,-0.205809992622296,-1.0915560478632826,0.027100286955801814
2.1750000000000003,0.14717054824763331,-3.229121955754682e-08,0.5377500361269212,-1.6189870876480527e-08,-0.08902484106932386,-3.4219926536075653e-07,-0.024128218587847878,0.2798386463371401,0.04020702668161981,0.0,4,Solved,131969,98616,336375,0.06818902338989011,5.826450433232822e-13,1.985521122516154e-13,0.2989877060916288,-0.6530529790969352,3.0632010361379174,-0.2989790314420582,0.6530563030958934,-3.0631221809022557,0.28611012175965655,-0.030113773103481848,-0.20935227669705245,-0.2861142150001945,0.030111086738978766,0.20930967387689167,0.20465402155131066,1.0909720547037622,-0.026833743798087475,-0.20471941401228314,-1.0910243742382417,0.026836148175969285
2.18,0.14736975993152018,-3.233153067385972e-08,0.5377631433630191,-1.5999199543471308e-08,-0.08761180855051649,-3.422111058675516e-07,-0.023937380807175133,0.2844159229971159,0.0397397621394656,0.0,4,Solved,143912,114476,384486,0.06815476555625015,5.400124791776761e-13,2.0352382973376493e-13,0.300434916720376,-0.6532018101249962,3.062114062686057,-0.30042626031785663,0.6532051227049734,-3.0620353959638567,0.29177447692788044,-0.02957668213958818,-0.22281293922786036,-0.2917778367229562,0.029574655523352755,0.22277844551594575,0.20354886774089878,1.090427667222868,-0.026575343055399245,-0.203608988901898,-1.0904762489000024,0.026575139501635776
2.185,0.14756656005518967,-3.2445284199324265e-08,0.5377762658091292,-1.5668080106767458e-08,-0.08617670160886769,-3.4213234704098956e-07,-0.023751160063676297,0.2887228948490032,0.039249525466499874,0.0,4,Solved,136538,89850,341244,0.06812019429233457,4.205432009574128e-12,2.2871322891138135e-12,0.30190939220717133,-0.6533477153632442,3.0609602861354253,-0.3019007529295799,0.6533510181963341,-3.060881792372065,0.29708879265966015,-0.028958878484373438,-0.23610217510638934,-0.2970922589158341,0.028956977707500414,0.23606751270053106,0.20242138425958334,1.0898640528340053,-0.02631826838016004,-0.20249624388837179,-1.089923108677353,0.02632562895889141
2.19,0.14776083433628076,-3.265140299115036e-08,0.5377893948362886,-1.5162656139473968e-08,-0.08472086301696871,-3.418831985302302e-07,-0.02356953849007641,0.2927624945954836,0.03873645576917402,0.0,4,Solved,140937,89539,348929,0.06808451479942734,9.587886040662852e-13,8.530134064377304e-14,0.30340940072080896,-0.6534902987277627,3.0597405787708665,-0.3034007717969007,0.653493596470873,-3.059662188401523,0.30205903020445185,-0.028262812511659605,-0.24921502987298552,-0.30206017822571063,0.028262361304754124,0.24920358555877026,0.20128994258382132,1.0892934049585983,-0.02607132903588202,-0.20136460178872675,-1.0893522367908375,0.026078631092743613
2.195,0.14795246919874752,-3.3024251153432483e-08,0.5378025221282648,-1.4346989136411634e-08,-0.08324562053636113,-3.413399195737605e-07,-0.023392493920606224,0.29653777117069796,0.038200703668386106,0.0,4,Solved,136748,87986,347707,0.06804774251609497,8.967271369897389e-13,1.1071113643901231e-13,0.3049332323179571,-0.6536291818470514,3.058455754438124,-0.3049246022702381,0.6536324812979053,-3.0583773531662115,0.3066885326751323,-0.027492732251339382,-0.2621741567373694,-0.30668739035230674,0.02749358472080354,0.2621853825872154,0.20015484835058078,1.088714990263768,-0.02583421676025451,-0.20021526772953255,-1.0887638802575195,0.02583424928542714
2.2,0.1481413518040009,-3.3440295603300724e-08,0.5378156396814477,-1.3446065162746532e-08,-0.08175228658208215,-3.4088691521452005e-07,-0.02322000009413174,0.3000517908963672,0.03764242114672385,0.0,4,Solved,134644,87365,335624,0.06801053358125181,5.648710232203369e-12,2.505494509780215e-12,0.3064791942634915,-0.653764007469166,3.057106517143389,-0.30647055850864047,0.6537673107913043,-3.0570280600734887,0.31098080016122326,-0.026652850763515472,-0.27500111434915747,-0.31097964630635666,0.02665357717670552,0.275012288294233,0.1990017660888759,1.088117884509377,-0.025598998034905174,-0.1990646324240867,-1.088168537300029,0.025600247641350955
2.205,0.14832737009776426,-3.377657826277827e-08,0.5378287397984259,-1.2686527909545586e-08,-0.0802421577552209,-3.406371681405242e-07,-0.023052026665239117,0.30330781454264816,0.037061780705548636,0.0,4,Solved,140906,94378,350522,0.06797236726989128,7.230882559383645e-13,9.335587858316785e-14,0.30804562008752145,-0.6538944355241321,3.0556935372909813,-0.3080369772043471,0.6538977428009826,-3.0556150125358763,0.3149422458912012,-0.025746111106096686,-0.2876928305102842,-0.3149406365042733,0.02574694542067103,0.28770795376692526,0.1978431583704506,1.0875101828883942,-0.025371510324451903,-0.1979018519792746,-1.0875578763182605,0.0253706065250805
2.21,0.1485104128967413,-3.402534595451845e-08,0.5378418150741234,-1.2084088953815629e-08,-0.07871651403141669,-3.404749936803448e-07,-0.02288853945620346,0.30630918256351225,0.036458963898203106,0.0,4,Solved,135726,84890,332037,0.06793361097009312,7.019908092320559e-12,2.7058221115094927e-12,0.30963086986640287,-0.6540201442646194,3.054217444956216,-0.3096222196056651,0.6540234548701432,-3.0541388526912754,0.31857746187554176,-0.02477664347583343,-0.3002646951946504,-0.3185760724580315,0.02477720352637744,0.30027714645603154,0.19667143747917948,1.0868857758889106,-0.025147358357721777,-0.1967362291992902,-1.08693777552149,0.025149527574929977
2.215,0.14869036992224713,-3.419306919389564e-08,0.5378548583941148,-1.1627755817876849e-08,-0.07717661846175979,-3.403188777356774e-07,-0.022729500565172426,0.30905931665582237,0.035834161688189814,0.0,4,Solved,132540,81443,317229,0.06789367461780177,7.730434348207638e-12,2.890557151274953e-12,0.3112333313755707,-0.6541408304191157,3.0526788344394182,-0.3112246718684237,0.6541441447714932,-3.0526001590171923,0.32189261306078676,-0.023747867977434067,-0.31271844322136666,-0.32189046104751223,0.023748742550259754,0.3127378470875108,0.19550069253339353,1.0862540302204848,-0.024933185765518198,-0.195555392732097,-1.0862987938848283,0.024930190978879344
2.22,0.1488671318522494,-3.4283965928304266e-08,0.5378678629273718,-1.1309099831461375e-08,-0.07562371671745677,-3.402183915467347e-07,-0.022574868511590736,0.31156172870260324,0.03518757599784945,0.0,4,Solved,129104,80563,312220,0.06785334192756236,1.6445711795131233e-13,3.0760767197324235e-14,0.3128514172107794,-0.6542562117505211,3.051078228932437,-0.3128427496580328,0.6542595286342434,-3.050999483817904,0.32489187728412955,-0.02266450089877737,-0.325076537209031,-0.32489062533166596,0.022664774741961068,0.32508688519508516,0.1943142280928891,1.085602404725875,-0.024719981902301662,-0.19437772385251664,-1.0856534708409977,0.024721424945124706
2.225,0.14904059037303957,-3.428617002417185e-08,0.5378808221207467,-1.1150135365399438e-08,-0.0740590366614725,-3.401706275496096e-07,-0.022424598377728013,0.3138200121815208,0.03451941919959699,0.0,4,Solved,130888,83558,324944,0.06781198125723018,1.0646662371160964e-11,3.756074878208393e-12,0.3144835699279085,-0.6543660247314852,3.049416123712737,-0.31447489453889377,0.6543693437664042,-3.0493373122158522,0.327582441205749,-0.021529661659311597,-0.33733343691754436,-0.3275806700394618,0.021530196888977875,0.3373486468042884,0.19312697871563245,1.0849410449290948,-0.024514819631721467,-0.193189947442518,-1.0849917001156828,0.02451596701122327
2.23,0.1492106382278249,-3.427740510721015e-08,0.5378937296920631,-1.1008964411356688e-08,-0.07248378796008761,-3.400207922997463e-07,-0.022278641948138767,0.31583783638863666,0.033829913726025264,0.0,4,Solved,138131,80181,320004,0.0677696835909084,1.3161997967220396e-11,4.615123170778612e-12,0.3161282614284947,-0.6544700256360735,3.047692974821791,-0.3161195759984571,0.654473347984598,-3.047614075709457,0.32996931607732877,-0.02034785366608117,-0.3495058020747241,-0.32996715162327866,0.020348603868234703,0.3495248700077195,0.19193792576031238,1.0842686879612011,-0.02431667497938215,-0.19199475512776334,-1.0843149374545344,0.024314665388613085
2.235,0.1493771692664312,-3.4233720968929536e-08,0.5379065796225462,-1.0927778846938868e-08,-0.07089916170003525,-3.3993786305851726e-07,-0.022136947845430036,0.3176189488829308,0.03311929292948532,0.0,4,Solved,126820,80162,307111,0.06772678524056917,8.100187187665142e-13,2.6025449156863445e-13,0.3177839900548061,-0.6545679926753726,3.045909165082648,-0.3177752956791213,0.6545713177570058,-3.0458301884034564,0.33205796987623776,-0.019123394029415673,-0.3616069759527386,-0.3320564280541752,0.01912381504459267,0.3616201585576617,0.19074054293146642,1.083580242755812,-0.024121718228827933,-0.19080032204897915,-1.0836285638491068,0.024121176122959987
2.24,0.1495400784971369,-3.414224563398014e-08,0.5379193661513925,-1.0930225064467441e-08,-0.06930633000846839,-3.3993677975752653e-07,-0.021999461668464185,0.3191671701262264,0.03238780101632296,0.0,4,Solved,137379,83477,324793,0.06768319098734372,1.2970735596695704e-12,3.8724882675533756e-13,0.319449285389132,-0.6546597235714156,3.0440650462008962,-0.31944058375534784,0.6546630507190099,-3.0439860071794187,0.33385516850494196,-0.017859920748817117,-0.3736384820125566,-0.33385377944195793,0.01786033328553235,0.373650479204464,0.18953801775125273,1.082877528528318,-0.023931068109175713,-0.18960506626459753,-1.0829310557974996,0.02393419025822432
2.245,0.14969926213525733,-3.407587880723956e-08,0.5379320837693476,-1.088410992735259e-08,-0.06770644571292211,-3.398217285594592e-07,-0.021866126128628406,0.32048638524171047,0.0316356922947571,0.0,4,Solved,128693,79450,310046,0.06763845471659215,1.8769430454312896e-12,5.456848081036858e-13,0.32112270991545283,-0.6547450350298704,3.042160951119136,-0.3211139983275129,0.6547483662295955,-3.0420818216819296,0.3353673776916271,-0.01656133448064735,-0.3856055277707167,-0.335364991266028,0.016562405532962322,0.385627638756165,0.18834142258071124,1.0821681417419462,-0.023749865830744864,-0.18839950926821716,-1.0822152754654744,0.023748394025581886
2.25,0.14985461764864766,-3.404323885374383e-08,0.53794472721189,-1.0772277126834587e-08,-0.06610064204080783,-3.3969002420680164e-07,-0.02173688118949354,0.32158053656672914,0.030863231030288103,0.0,4,Solved,128052,81174,315276,0.06759325193119638,7.389644451905042e-13,1.8720420179307862e-13,0.3228028536763422,-0.6548237660065485,3.0401971389252607,-0.322794131625732,0.6548271019630862,-3.0401179117556785,0.3365994820200119,-0.015232441806686956,-0.39752921110706047,-0.3365975803464352,0.01523332108174748,0.39754708895058716,0.18713689230549121,1.0814417854914962,-0.023570572324046114,-0.18719912006658568,-1.081492030899142,0.023571151473404686
2.255,0.1500060438056681,-3.3999352945064536e-08,0.5379572914540279,-1.0676810656952167e-08,-0.06449003231566211,-3.3963591864365436e-07,-0.02161166418843885,0.32245363216639145,0.030070692747601425,0.0,4,Solved,140064,103786,363877,0.06754715625776599,7.131855869757509e-13,7.034563903607349e-14,0.32448833862812926,-0.654895775229717,3.038173833883743,-0.32447960650599167,0.6548991161533503,-3.0380945107504367,0.3375588504700702,-0.013876652068973058,-0.4094071862875079,-0.3375567627829262,0.013877723055717012,0.4094272559376153,0.1859347906073887,1.080705806966958,-0.023397953107499515,-0.1859950560540013,-1.0807545001242558,0.02339750461929909
2.2600000000000002,0.15015344072196357,-3.3968192604685107e-08,0.5379697717026769,-1.0554581912083214e-08,-0.0628757096688415,-3.395785046380426e-07,-0.021490409979383767,0.3231097272102853,0.029258362428057162,0.0,4,Solved,134745,82566,329473,0.06750029409346903,8.118824623010168e-13,2.848069002858722e-14,0.32617781895043,-0.6549609410819714,3.0360912269677285,-0.3261690768474233,0.6549642874254592,-3.0360118064102024,0.3382513281508145,-0.012498233428115402,-0.4212520343545037,-0.3382493917309071,0.012499329145583915,0.42127114458260684,0.18473387787726211,1.079958884421764,-0.023230914233269402,-0.18479012815996768,-1.0800047054955044,0.02322838470411595
2.265,0.1502967099044231,-3.392355040035031e-08,0.5379821633896235,-1.0452729692286423e-08,-0.06125874678914309,-3.3961182700423227e-07,-0.021373051053319502,0.3235529351938255,0.028426536508117894,0.0,4,Solved,131278,81264,319444,0.0674528651081087,1.5637937993140394e-12,4.777428452840127e-14,0.3278699792896858,-0.655019162590533,3.033949456528946,-0.32786122994224975,0.6550225133893723,-3.0338699625534638,0.3386831714601196,-0.011101227422413991,-0.4330729393176189,-0.3386820448157864,0.011101989383047163,0.4330847028360005,0.1835308866843005,1.0791985927766865,-0.02306731766982895,-0.18358910852989263,-1.0792458417297393,0.02306575652969968
2.27,0.1504357542990615,-3.385505354603896e-08,0.5379944621671819,-1.0390838205676347e-08,-0.05964019565687244,-3.3971556750072357e-07,-0.021259517672379998,0.3237874135326897,0.027575521926231788,0.0,4,Solved,137730,83437,326476,0.06740478362219822,5.004330283497893e-13,1.1522380272133148e-13,0.32956353760381685,-0.655070357620732,3.031748634895365,-0.3295547841039786,0.6550737118344715,-3.031669094878897,0.33886131428093125,-0.00968922720297143,-0.4448724776275616,-0.33886068263012864,0.009689860946105192,0.4448799874575018,0.18232893636953468,1.0784270315194409,-0.02290827685812058,-0.18239035055629074,-1.0784765379551715,0.02290831816804778
2.275,0.15057047833188766,-3.380178145794027e-08,0.5380066639026881,-1.029847116564466e-08,-0.05802108734360544,-3.397729408356526e-07,-0.021149737993216223,0.32381736044679377,0.026705635958863622,0.0,4,Solved,133041,81043,318050,0.06735594897985507,2.3228120815677045e-13,8.198801880465734e-14,0.3312572454470503,-0.6551144625594663,3.0294888507413846,-0.3312484887628723,0.6551178204549686,-3.029409271048257,0.33879234013164067,-0.008266010127066412,-0.4566567940199436,-0.33879170257406727,0.008266813789966427,0.4566650014145548,0.18113172066071095,1.0776467308922215,-0.022755213370450975,-0.18119165632638617,-1.0776951836776811,0.02275448542419926
2.2800000000000002,0.1507007879527711,-3.378157472530026e-08,0.5380187646709788,-1.014263990233197e-08,-0.05640243179124903,-3.3978993722822867e-07,-0.021043638189218082,0.32364702135322815,0.025817207915285648,0.0,4,Solved,130246,81184,313122,0.06730654805582877,1.4892608411855805e-12,2.8377647454114197e-13,0.33294988596690733,-0.6551514332612425,3.027170148808173,-0.33294112684125565,0.655154795220941,-3.027090533366734,0.33848239515253126,-0.006835546212889372,-0.4684364270898997,-0.3384820059311706,0.006836366210734809,0.46844287702173676,0.17993635304450786,1.0768555651980114,-0.0226062138508068,-0.1799972966658591,-1.0769047688932603,0.022605979458769757
2.285,0.1508265906760092,-3.3785900177689324e-08,0.5380307607494341,-9.938715324133508e-09,-0.054785217633948634,-3.3980311942568233e-07,-0.020941142585172264,0.3232806641988653,0.024910576946450408,0.0,4,Solved,134744,81954,319754,0.0672565065067891,1.0455091653538418e-13,2.7190055762460474e-14,0.33464027479348035,-0.6551812441365431,3.0247925390590935,-0.3346315139824921,0.6551846104848256,-3.0247128921042425,0.33793820821466725,-0.005401381847921392,-0.48021597552156237,-0.3379379062900293,0.005402297586048785,0.4802221784733785,0.1787459269575092,1.076055765046443,-0.022462399070822082,-0.17880564200160823,-1.0761041041086257,0.022461525182409032
2.29,0.15094779561816365,-3.381145717554546e-08,0.5380426486119089,-9.692862341540243e-09,-0.05317041204908506,-3.3981820570857147e-07,-0.02084217376127822,0.32272260054805246,0.023986095544591787,0.0,4,Solved,131128,81234,315727,0.06720597002369431,8.739675649849232e-13,3.0045800916700394e-13,0.3363272601003586,-0.6552038877318387,3.022355997850025,-0.3363184986488152,0.655207258556252,-3.0222763266770216,0.33716614741707185,-0.003967197338431157,-0.49200355904074033,-0.3371661342410487,0.003968079955031737,0.4920075033611621,0.17755857455459317,1.075246021190111,-0.022322379854318477,-0.17761992519534547,-1.075295520379109,0.022322326035698573
2.295,0.15106431354216482,-3.385363410492394e-08,0.5380544249236087,-9.413854650297626e-09,-0.051558960564005926,-3.3982941041670614e-07,-0.020746652679530374,0.3219771687456823,0.023044128652692206,0.0,4,Solved,132570,81224,318201,0.06715485082963969,6.515668473606707e-13,2.9326302670995563e-13,0.33800972312433586,-0.6552193739618145,3.0198604738998363,-0.3380009616700908,0.6552227495294276,-3.019780782138277,0.33617298899763587,-0.0025363344927945386,-0.5038029973858313,-0.33617299752958557,0.002537325836304402,0.5038072256191013,0.17637773530898265,1.0744288193978757,-0.022187475074244838,-0.17643806156574462,-1.074477613274235,0.022186889250442016
2.3000000000000003,0.15117605689229194,-3.391402596517927e-08,0.5380660865356964,-9.099026825012433e-09,-0.049951786944324617,-3.3982837715838747e-07,-0.020654498803630614,0.3210487309709937,0.022085054718091763,0.0,4,Solved,138662,81324,323231,0.06710333175845791,4.9433770878820615e-12,1.71954464556201e-14,0.33968657759099496,-0.6552277299520218,3.0173058842939398,-0.3396778167488472,0.6552311104524098,-3.0172261756484757,0.3349650510631166,-0.0011123008270112428,-0.5156222701185235,-0.33496524866808286,0.0011132845631200922,0.5156250835109877,0.17520075737775978,1.0736024021335913,-0.022055912591189167,-0.1752640359366489,-1.0736533081353266,0.022056818302455955
2.305,0.15128293983067762,-3.399335472470755e-08,0.5380776304802926,-8.74755945846786e-09,-0.04834979307813198,-3.397951846181407e-07,-0.020565630212599287,0.3199416711375993,0.021109267400562355,0.0,4,Solved,143041,87776,348147,0.0670512959694794,1.7089089747111727e-12,2.4890853267400814e-13,0.34135677038172896,-0.655228999058294,3.014692122835994,-0.3413480096494382,0.6552323852324741,-3.014612390524421,0.3335491732496654,0.0003018248835447195,-0.5274638441868521,-0.3335490795720396,-0.00030059267415354963,0.5274698445864318,0.17403174644115565,1.0727697998097838,-0.02192936213591989,-0.17409504342678048,-1.0728207355116703,0.021930265296089355
2.31,0.15138487827303226,-3.4103833529380294e-08,0.5380890539657581,-8.337506917404572e-09,-0.046753858871864236,-3.397028781222603e-07,-0.02047996371069702,0.31866039378723626,0.020117177605751498,0.0,4,Solved,139804,83678,337428,0.06699879806925223,7.767606002850869e-13,1.8405069135418728e-13,0.3430192808154853,-0.6552232407130214,3.0120190551509114,-0.3430105187450561,0.6552266336988811,-3.011939283559581,0.33193161508810126,0.0017027389975018128,-0.5393354436135097,-0.3319312311591325,-0.0017012921256013762,0.5393445334194824,0.17287099031001474,1.0719313742398608,-0.021807565068443918,-0.17293206493372684,-1.0719807691080356,0.021807318755589937
2.315,0.15148178992275926,-3.422259870927051e-08,0.538100354371011,-7.910108573760093e-09,-0.045164842162151886,-3.3961958893839266e-07,-0.020397414941000627,0.31720931819389797,0.019109216049519505,0.0,4,Solved,138091,82565,327198,0.06694597726065143,5.2963823648014e-13,9.523284938417476e-14,0.34467311959318664,-0.6552105303665476,3.009286510766688,-0.34466435581247895,0.6552139305204151,-3.0092066953284493,0.3301186652121748,0.00308730140562216,-0.5512439634843502,-0.3301183489876892,-0.003085875285377089,0.5512525317460174,0.17171680190431518,1.0710861638370932,-0.021689254283174118,-0.17177803044676448,-1.071135636170423,0.021689069342245765
2.32,0.15157359430323453,-3.432718794746782e-08,0.5381115292412794,-7.506586225755411e-09,-0.04358357865053367,-3.3956982437886213e-07,-0.02031789849221507,0.3155928764611497,0.01808583726473887,0.0,4,Solved,135827,81364,323992,0.06689281590132073,2.113415987403552e-12,6.640243910283061e-13,0.3463173298696851,-0.6551909581124251,3.00649429656038,-0.34630856462228965,0.655194365366262,-3.006414439171653,0.32811695052366563,0.004452719070795239,-0.56319237329015,-0.328116671841832,-0.0044513021813888986,0.5632006507244938,0.17057117543234585,1.0702357451192448,-0.02157505315361058,-0.17063215546269073,-1.0702850544211318,0.021574722871689243
2.325,0.15166021278918407,-3.441529253465347e-08,0.5381225762835112,-7.131690722547619e-09,-0.042010881847901936,-3.395320761152551e-07,-0.020241328007521882,0.31381551019803305,0.017047525120367252,0.0,4,Solved,131549,80762,315115,0.06683935962523382,2.0321522242738865e-12,7.540183755150309e-13,0.34795098710369304,-0.6551646280768264,3.0036421984257387,-0.3479422207018552,0.6551680422876168,-3.003562301900432,0.3259328261185754,0.005796176961579256,-0.5751856750351535,-0.3259326268761504,-0.005794800936016744,0.5751932087287123,0.16943457363063877,1.0693807202872443,-0.02146480703774469,-0.16949516024664707,-1.0694297540037412,0.021464259544081904
2.33,0.15174156863668725,-3.4482047410828975e-08,0.5381334933617687,-6.794456216938856e-09,-0.04044754303435376,-3.395083876438811e-07,-0.020167616286216234,0.3118816683703491,0.015994800975366496,0.0,4,Solved,131619,81924,325916,0.0667856843975858,1.5933750696643573e-13,1.9261935796377472e-14,0.34957319845402407,-0.6551316580117679,3.0007299786866954,-0.3495644314959387,0.6551350788562462,-3.000650048751092,0.32357262437699064,0.007115007386049422,-0.5872283951905555,-0.3235725717986773,-0.007113711165542883,0.587234516884592,0.16830679671572746,1.0685212143910132,-0.02135803511243381,-0.16836838718563218,-1.0685709503613727,0.021357984017483702
2.335,0.15181758701146775,-3.4531078343858304e-08,0.5381442784928504,-6.48855711521161e-09,-0.038894331235257894,-3.3948195721244595e-07,-0.0200966753889578,0.3097958024957663,0.014928235312599885,0.0,4,Solved,132470,81824,319374,0.0667318090943076,2.3945290195115376e-12,9.082075369537534e-13,0.35118310295005484,-0.6550921783998205,2.997757381407959,-0.351174335693388,0.655095605769158,-2.997677420448543,0.32104274957551887,0.008406742458286197,-0.5993236080230974,-0.3210426861600589,-0.008405430517291507,0.5993298686493056,0.167189011088642,1.0676583107362505,-0.02125496440169526,-0.1672517834310255,-1.0677089455089217,0.021255496791061743
2.34,0.1518881950147283,-3.4575760218819257e-08,0.5381549298420741,-6.189924831099002e-09,-0.03735199322102484,-3.39422976130741e-07,-0.0200284167386363,0.3075623627491899,0.013848465680121677,0.0,4,Solved,130586,80162,313261,0.06667768796173373,4.0208228456808937e-13,1.3964523981613297e-14,0.35277987114572457,-0.6550463318529596,2.994724132957932,-0.3527711029884924,0.6550497661170781,-2.994644134979993,0.318349443970205,0.009668983698213054,-0.6114751579812815,-0.3183491874105861,-0.00966755973267287,0.6114833213574521,0.16608367627869589,1.0667941560121952,-0.021156478083016697,-0.1661439859948733,-1.0668430073877397,0.021155744623693053
2.345,0.15195332170891895,-3.461110119191144e-08,0.5381654457199609,-5.907053755504244e-09,-0.03582125351088923,-3.393711838567736e-07,-0.019962751215120186,0.3051857998291586,0.012756225142556667,0.0,4,Solved,137690,89500,330765,0.06662348550923448,2.7711166694643907e-12,1.0488849372380926e-12,0.3543627036979219,-0.6549942730603564,2.9916299322786197,-0.3543539348988949,0.6549977140714889,-2.9915498996388328,0.3154985841011781,0.010899304563829067,-0.6236896171459778,-0.31549854013850903,-0.01089800119208546,0.623695743730801,0.1649886870616156,1.0659275124481746,-0.021061152528132655,-0.1650481519008785,-1.0659757681477517,0.021059974146659617
2.35,0.15201289814322821,-3.46182501829122e-08,0.5381758245781706,-5.673872574116954e-09,-0.03430281437790157,-3.3937384947911475e-07,-0.01989958925138217,0.3026705612734467,0.011652386749549163,0.0,4,Solved,130016,80292,313532,0.06656924310321644,2.2237767183241886e-13,6.707568528385721e-14,0.3559308317444412,-0.6549361676919445,2.9884744586649155,-0.3559220637739478,0.6549396146420398,-2.9883944055373126,0.31249641224575775,0.01209565748183742,-0.6359691737585951,-0.31249671758695036,-0.012094542461315843,0.6359719313191142,0.16390460283609162,1.0650591518269836,-0.02096892444569457,-0.16396473361281885,-1.065107889651463,0.020968074707852176
2.355,0.15206685737530473,-3.4600375831838185e-08,0.5381860650054656,-5.485156952612693e-09,-0.032797355886444154,-3.3940148451235733e-07,-0.019838840930869052,0.3000210838552856,0.010538037540072468,0.0,4,Solved,129175,82747,317650,0.0665149759719965,1.2673992714692939e-12,4.941776154954169e-13,0.35748351734389394,-0.6548721912567398,2.985257380807749,-0.3574747516323074,0.654875643436192,-2.985177320845881,0.30934907788087307,0.01325612674116476,-0.6483158979285171,-0.30934962861947174,-0.013255123987054442,0.6483163413356912,0.16283255266750574,1.06419023941453,-0.020880025937986282,-0.16289359546567142,-1.064239615551944,0.020879636788455468
2.36,0.15211513449173403,-3.457335640580666e-08,0.5381961657238945,-5.312343734307675e-09,-0.03130553594092955,-3.394168009511817e-07,-0.019780416073277535,0.29724179726251043,0.009414608704573037,0.0,4,Solved,131900,89810,326808,0.06646072330045481,1.8228398391412215e-12,6.705929214700923e-13,0.359020052792649,-0.6548025286400286,2.9819783546829735,-0.3590112901448052,0.6548059857739794,-2.9818982951450312,0.30606256401939336,0.014378863587313096,-0.6607326431043451,-0.3060632198485523,-0.014377878980217543,0.6607322047152825,0.16177318183044426,1.0633216121879598,-0.020794459983726872,-0.16183504144036215,-1.063371572807277,0.020794485236711
2.365,0.15215766662804356,-3.455210708200197e-08,0.5382061255847739,-5.128239522773473e-09,-0.02982799033760405,-3.3940351624638953e-07,-0.01972422432951226,0.29433711622110903,0.0082841137310701,0.0,4,Solved,136468,80993,321567,0.06640653263668847,5.968558980384842e-13,2.0273886736088542e-13,0.36053975995582094,-0.654727373582578,2.9786370218515272,-0.36053100052068676,0.6547308358092486,-2.9785569633558056,0.3026427405762033,0.015462147621428378,-0.6732223124803658,-0.3026433757847298,-0.015461105828521995,0.6732222540805372,0.16072688640075322,1.0624539255563696,-0.02071210770014869,-0.16078958919457054,-1.0625045221870155,0.020712559125071812
2.37,0.15219439298506607,-3.454664527158366e-08,0.5382159435660516,-4.914526953985952e-09,-0.028365332849751058,-3.393561186483109e-07,-0.019670175266375014,0.29131143863539716,0.007149617297382712,0.0,4,Solved,129204,81073,312200,0.06635242952016353,1.5979047512243438e-13,6.282604644858303e-14,0.36204198983378794,-0.6546469280062371,2.9752330102974884,-0.3620332331128512,0.6546503958153603,-2.975152947109181,0.2990954082600493,0.016504397464707506,-0.6857874975348227,-0.2990958907439582,-0.016503231323521442,0.6857890966548158,0.1596945601360894,1.0615882922731603,-0.0206331085748729,-0.15975726560477632,-1.0616388723226164,0.02063355987565528
2.375,0.15222525484710564,-3.4560132158982256e-08,0.5382256187696064,-4.6652607907851885e-09,-0.0269181552967054,-3.3928337236225313e-07,-0.01961817844851019,0.2881691515188314,0.006016238069643294,0.0,4,Solved,132340,80712,314885,0.06629849883983398,6.085411886321644e-12,1.997397039432691e-12,0.3635261219640719,-0.6545614013904473,2.971765933696784,-0.36351736720051087,0.6545648753733447,-2.9716858576266936,0.2954262150544689,0.017504147384197432,-0.6984312381787815,-0.2954265461318273,-0.017502866925484032,0.6984344658977839,0.15867572903221894,1.0607247108113664,-0.020556920512091254,-0.15873936484568085,-1.0607759814373436,0.02055783717857749
2.38,0.15225019559794695,-3.459279538300676e-08,0.5382351504187975,-4.380092740845738e-09,-0.025487027630289042,-3.3918700586858633e-07,-0.019568143524725624,0.2849146167414334,0.004893517427154534,0.0,4,Solved,131509,82476,327950,0.06624467471619978,5.494771304626056e-13,3.070594993548337e-13,0.36499156428085866,-0.6544710099250513,2.9682353953098533,-0.3649828102645068,0.6544744908648628,-2.968155293974909,0.2916408626657502,0.018460135809779097,-0.7111549850675558,-0.29164089152386247,-0.018458671386932843,0.7111612520031655,0.15767325791986508,1.0598656888261395,-0.020484700882609362,-0.15773385724253186,-1.0599147954591965,0.020484062804305078
2.3850000000000002,0.15226916073163863,-3.463030422132085e-08,0.5382445378535642,-4.084616516716253e-09,-0.024072498057557637,-3.391110804835574e-07,-0.019519980305515647,0.2815521761494079,0.003801798987397386,0.0,4,Solved,132209,80903,314023,0.06619112653286903,1.2502837090297425e-11,1.926050464950979e-13,0.3664377517675516,-0.6543759763719266,2.964640980170065,-0.3664289984647233,0.6543794642765608,-2.9645608529904464,0.2877445706756841,0.019371015147568622,-0.7239638319860284,-0.2877447872758968,-0.019369666633623783,0.7239682856478025,0.15668476228166967,1.0590099270322206,-0.020414950071137587,-0.156743905736238,-1.0590580245259045,0.020413558811574667
2.39,0.1522820978654031,-3.4641835790756724e-08,0.5382537805277634,-3.8346124412734826e-09,-0.022675093149628303,-3.3911101178772305e-07,-0.019473598843119617,0.2780861458169534,0.002792083308776218,0.0,4,Solved,130457,80753,313041,0.06613788874405246,1.2029351906944763e-11,1.807885438576129e-13,0.3678641465769553,-0.6542765290060452,2.960982261758148,-0.3678553956078563,0.6542800228988742,-2.9609021246626743,0.28374291495836523,0.020235841378552517,-0.7368582549440073,-0.28374354754521497,-0.020234739837960643,0.7368586068414085,0.15571083270608332,1.0581583042228748,-0.02034768402391494,-0.15576967879867962,-1.0582062199048394,0.02034613492506385
2.395,0.15228895674919363,-3.4619049714125e-08,0.5382628780067126,-3.645996801376832e-09,-0.021295317976916254,-3.3916645356742243e-07,-0.019428909505871967,0.2745208154991482,0.002012046255712068,0.0,4,Solved,134434,85571,331005,0.0660851175440852,1.1648963694696479e-11,3.7846462075386e-13,0.36927023832519923,-0.6541729004827764,2.957258810694314,-0.36926149190345486,0.6541763990905384,-2.9571786855007716,0.2796413364946732,0.02105378360969489,-0.7498388820550123,-0.2796424312058894,-0.021052942062057982,0.7498346891068252,0.15474923627907847,1.0573097136663199,-0.02028148924213617,-0.15481414466434235,-1.0573618807053633,0.020283030663820985
2.4,0.15228968927654732,-3.459673293263873e-08,0.5382718299647081,-3.4572575673777827e-09,-0.019933656230707558,-3.391589052916808e-07,-0.019385823048686888,0.27086045227663863,0.0018120592381833623,0.0,4,Solved,131939,81353,314574,0.0660326019699415,1.1015345041757808e-11,2.2265366633744677e-12,0.37065554483211616,-0.6540653264940361,2.9534702074218977,-0.3706468023333981,0.6540688303087016,-2.9533900878427843,0.2754456103413596,0.021824379682076976,-0.7629020311325684,-0.27544619300969875,-0.0218232090679436,0.7629029279689437,0.15380615862285268,1.0564689018014828,-0.02021926352438574,-0.15387178251609346,-1.056521631519064,0.02022116775779491
2.4050000000000002,0.15228424949216265,-3.462080694605572e-08,0.5382806361820794,-3.185106999030335e-09,-0.0185905703691691,-3.3902334266073713e-07,-0.01934425069136933,0.2671092866804046,0.002360045474375464,0.0,4,Solved,132771,80102,312641,0.06598026860133244,5.709741273535185e-12,1.5172411937935948e-13,0.37201960960145414,-0.6539540464102345,2.9496160231529553,-0.3720108681729681,0.6539575571528728,-2.9495358808852914,0.2711604549787433,0.02254671954235536,-0.7760531928293236,-0.27116042463940493,-0.022545193758400913,0.7760601462944403,0.15288437227218216,1.0556383733700399,-0.020162162049734388,-0.15294045913937585,-1.055684297621319,0.020159207360447517
2.41,0.15227259359355727,-3.464055240102897e-08,0.5382892965430935,-2.9182849901181397e-09,-0.01726650181187013,-3.389702743091122e-07,-0.01930410418615983,0.2632715116546395,0.003312360244106793,0.0,4,Solved,169390,82075,356304,0.06592896411512016,4.7845922102746075e-12,1.3406810384086754e-13,0.37336199828065575,-0.6538393043527299,2.9456957910906776,-0.37335325948877046,0.6538428210052335,-2.9456156414365724,0.26679010621227045,0.023219827021155538,-0.7893013797833146,-0.2667909993323487,-0.023218864911398355,0.7892992526967244,0.15196630047775933,1.0548059670052876,-0.020100995117910116,-0.1520384068373729,-1.0548634258419225,0.020106175659545318
2.415,0.1522546799368412,-3.466388631776903e-08,0.5382978110334682,-2.6457677810219114e-09,-0.015961871095997265,-3.388603769600456e-07,-0.019265295878556462,0.25935129458814066,0.004421547134132955,0.0,4,Solved,131398,84940,350582,0.06587749932149094,1.4267254741095846e-12,7.877032359715486e-14,0.37468230612018566,-0.6537213437868229,2.9417090851641663,-0.3746735667437429,0.6537248681688848,-2.9416288970521975,0.26234159661568124,0.023844548471181455,-0.8026271117527262,-0.2623408156568016,-0.023842625345147934,0.802641286455434,0.15107961704695239,1.0539920037335249,-0.02004959195011242,-0.15113855867303005,-1.054039989143855,0.020048067252900568
2.42,0.1522304690463355,-3.473101084231235e-08,0.5383061797375662,-2.2938075452682812e-09,-0.01467707799702622,-3.3867062700310734e-07,-0.0192277387672551,0.2553527773115816,0.005600149974629213,0.0,4,Solved,131719,81304,316508,0.06582698527953816,2.730454968027929e-12,8.925672700943466e-14,0.37598014987302825,-0.6536004116318257,2.9376554461783235,-0.37597140804276974,0.6536039445723112,-2.937575201677744,0.2578174345911161,0.024419205297742788,-0.8160542221658265,-0.2578171298695188,-0.024417627142607253,0.8160636168438593,0.15020072875263502,1.0531799671888578,-0.019995738713776336,-0.15026501581758508,-1.0532317644726106,0.019996908378925312
2.4250000000000003,0.1521999236150299,-3.476912235817862e-08,0.5383144028353004,-1.992617659950972e-09,-0.013412501721727456,-3.38579171746827e-07,-0.0191913465811951,0.2512800507233491,0.006816109539047465,0.0,4,Solved,139503,81264,330454,0.0657768863229374,2.416576921210334e-12,6.39575198357889e-14,0.377255170210001,-0.65347675571748,2.9335344110629733,-0.3772464256321307,0.6534802971002083,-2.9334541082644425,0.25322389350463825,0.024944578556389572,-0.8295683050350157,-0.25322318241363095,-0.02494281758316811,0.8295814682803705,0.14934272643754987,1.0523796684019364,-0.01994586295916114,-0.14940520796788997,-1.0524301811669985,0.01994609004626618
2.43,0.15216300849834688,-3.480570814762199e-08,0.5383224806009135,-1.6945302448399634e-09,-0.012168501157571659,-3.3846439096780313e-07,-0.01915603383454446,0.24713716305493727,0.008055547161961295,0.0,4,Solved,130787,79059,311669,0.06572739480536587,1.061251103886155e-12,4.723448195076418e-13,0.37850703248525025,-0.6533506235134956,2.929345527212903,-0.37849828404357233,0.6533541736709302,-2.9292651562880025,0.24856503948222328,0.02542028713348949,-0.8431753553606837,-0.2485642246087173,-0.025418534049193697,0.8431893005063849,0.1485022177373121,1.0515891428279935,-0.01989802394214565,-0.14856298783627833,-1.0516383168858539,0.019897359061743385
2.435,0.15211969071133474,-3.4819882879435186e-08,0.5383304133979951,-1.4363731587768806e-09,-0.010945415081340103,-3.3839516817630224e-07,-0.019121715885763644,0.242928118154657,0.009311487109158167,0.0,4,Solved,143291,88617,351464,0.06567869321971676,7.582430042934353e-13,4.3481277606227664e-13,0.3797354239323021,-0.6532222629637606,2.9250883303922777,-0.37972667194559745,0.6532258214031775,-2.925007895562906,0.24384544976888578,0.025846420393691664,-0.8568752943009119,-0.2438448098956703,-0.025844824700180406,0.8568873164035702,0.14767671946992983,1.0508070689039484,-0.0198507635980521,-0.14774142929603637,-1.050859091515468,0.01985207280911772
2.44,0.15206993943274266,-3.4822428418897097e-08,0.538338201681907,-1.1997957886289368e-09,-0.009743562325238618,-3.3831187536635137e-07,-0.019088308986653615,0.2386568991461722,0.01057996314770938,0.0,4,Solved,132570,81213,332488,0.06563056005947111,2.4770428127381546e-12,1.4626147515350851e-13,0.3809400556482541,-0.6530919202914631,2.9207623701572865,-0.3809312990937899,0.6530954873578368,-2.92068186248366,0.2390700281616156,0.026223489789603854,-0.8706635847474642,-0.23906893449131328,-0.026221679120572047,0.8706798428177671,0.14687172291416986,1.0500376996350043,-0.019806671606133544,-0.1469353249090815,-1.0500889609515378,0.01980738549128016
2.445,0.15201372600548171,-3.48330651066173e-08,0.5383458460009275,-9.493132088389107e-10,-0.00856324196616099,-3.381796732922558e-07,-0.019055730338629923,0.23432742790575145,0.011858480479626248,0.0,4,Solved,129084,80492,317139,0.06558309024379061,2.805684123520688e-12,1.6977218242342218e-13,0.38212066037901654,-0.6529598406495151,2.9163671936658377,-0.3821118975846555,0.6529634170163511,-2.9162865978239987,0.23424272878248925,0.02655151832697369,-0.8845440114883701,-0.2342413774605387,-0.026549623917796313,0.8845625707732199,0.14608624112342283,1.0492807905145114,-0.019765059538583027,-0.1461461039563313,-1.0493294439006497,0.019763832546562613
2.45,0.15195102392065704,-3.482176838725953e-08,0.5383533469839364,-7.376351255531227e-10,-0.007404733615722247,-3.381049347229199e-07,-0.019023898142505144,0.22994358326100978,0.01314532604134208,0.0,4,Solved,129154,80322,313552,0.065536373689676,1.1667406662273561e-12,2.1347507095370588e-13,0.3832769909422262,-0.6528262682697842,2.9119023356992653,-0.38326822245600084,0.6528298532374562,-2.9118216583831,0.22936760413661675,0.026830795263536183,-0.8985181950484324,-0.2293666052325382,-0.026829184827146343,0.8985330089758875,0.14531914221729803,1.0485359971349515,-0.01972516803493842,-0.14537525047244798,-1.048581979034816,0.019721998389737254
2.455,0.15188180881501015,-3.4747743724359384e-08,0.5383607053443079,-6.379632074656132e-10,-0.006268297631641457,-3.3816882213736024e-07,-0.01899273165622087,0.22550919504402656,0.014439233260366816,0.0,4,Solved,137290,81073,322219,0.06549079554234702,6.10146698790115e-13,1.624173885661495e-13,0.38440882071005705,-0.6526914452074237,2.9073673297595013,-0.38440005011244105,0.6526950363561527,-2.907286607522353,0.22444880480043614,0.02706185156600414,-0.912585487667963,-0.22444876492358032,-0.02706085482335517,0.9125906204675819,0.14456263865096267,1.0477981249980395,-0.019682854970161694,-0.1446308863598187,-1.0478527286775523,0.01968583890562431
2.46,0.15180605846276493,-3.465697504508912e-08,0.5383679218768433,-5.707895934250411e-10,-0.005154175356675136,-3.381671794897497e-07,-0.018962151232588723,0.2210280498708911,0.0157392048633523,0.0,4,Solved,130797,79851,321026,0.06544553192407924,5.98407347979224e-12,1.7802426199864385e-13,0.38551594739364303,-0.652555608380918,2.9027617507556207,-0.38550717362015696,0.6525592062842808,-2.9026809739877253,0.21949167460137944,0.027246036300374525,-0.9267325529760562,-0.21949065084422323,-0.027244456094099822,0.9267472630174014,0.1438361897413189,1.0470814256391376,-0.01964786312777951,-0.14389386595112655,-1.047128510785268,0.01964544923177213
2.465,0.15172375276907088,-3.4588464383404223e-08,0.5383749974540953,-4.6362551137102554e-10,-0.004062589338842333,-3.3811048275376827e-07,-0.01893207836969428,0.2165038872016244,0.017044414251513453,0.0,4,Solved,131027,84290,320435,0.0654013446271856,6.316386216148606e-13,1.0984572626493438e-13,0.38659818570511956,-0.6524189933988497,2.8980851481286396,-0.38658940907721856,0.6524225977641613,-2.8980043202360686,0.21449833615451291,0.027382913557501717,-0.9409766416538393,-0.21449806228583607,-0.027381804180038535,0.9409839194465532,0.14312341673777967,1.0463746316947657,-0.019611708476124808,-0.14318080532912594,-1.0464215140349695,0.019609126651664713
2.47,0.15163487375816234,-3.4469738078204884e-08,0.5383819330270156,-4.4463266857963633e-10,-0.002993743601856768,-3.382092775585405e-07,-0.018902435756655483,0.2119403870302125,0.018354148885300358,0.0,4,Solved,139443,81905,326366,0.06535819448182655,1.936717930126064e-12,5.892886005554043e-13,0.38765536875701373,-0.6522818327376827,2.893337065323325,-0.38764659311862826,0.6522854412578039,-2.8932562244507434,0.20947348865867693,0.02747379334369574,-0.9553083889537753,-0.20947400079194725,-0.027473140974118803,0.9553078838963546,0.14242599898478087,1.0456793211199444,-0.01957508326036105,-0.14249030930958895,-1.0457311117092247,0.019576015065017466
2.475,0.1515394055619284,-3.434501706953751e-08,0.5383887296228738,-4.3744466010878983e-10,-0.0019478239005571182,-3.382696407747686e-07,-0.01887314730414386,0.20734118933727444,0.019667772336866188,0.0,4,Solved,127390,79560,306269,0.06531570415289993,1.1510792319313623e-12,4.577414836060001e-13,0.38868735206029814,-0.6521443526876038,2.88851708490805,-0.38867857800956546,0.6521479651831514,-2.8884362368227636,0.20442147525123472,0.027519869564778823,-0.9697209507168845,-0.2044216684283318,-0.027518982354840387,0.9697236654956974,0.14175313110580035,1.04500234298862,-0.019542537018601886,-0.1418133402045604,-1.045051266446399,0.019541377428815
2.48,0.15143733440896068,-3.4247659523721686e-08,0.5383953883428775,-3.8094231867891033e-10,-0.0009249979683678437,-3.3827073424121506e-07,-0.018844138197173527,0.20270986959470025,0.020984704494561524,0.0,4,Solved,136097,81303,319804,0.0652742256121085,5.174997367393202e-13,1.4738644332767947e-13,0.38969400807961074,-0.6520067760688476,2.8836247803876067,-0.38968523607559097,0.6520103924290878,-2.8835439290777507,0.19934505966017857,0.027521515812440937,-0.984221853561787,-0.19934561206603968,-0.027520815619211523,0.9842211321345078,0.14109748809970796,1.044338916015615,-0.019510203222232837,-0.14115743572910638,-1.044387609793736,0.019508910766328734
2.485,0.15132864860701092,-3.414801841765787e-08,0.538401910360075,-3.26865833525947e-10,7.458418428463272e-05,-3.383212597425923e-07,-0.01881533491867283,0.19804995592604244,0.02230440468577282,0.0,4,Solved,136547,80642,316879,0.0652338399909988,5.27437908996256e-13,1.5369823469502109e-13,0.39067522651834125,-0.6518693212916035,2.8786597241745557,-0.3906664584650804,0.6518729405604838,-2.87857888784851,0.19424813716052589,0.0274799416874201,-0.9988065075747972,-0.19424908586593864,-0.027479436402399873,0.9988020004369155,0.1404580026707691,1.0436885399774716,-0.019477418419555838,-0.140523811343403,-1.0437414398559808,0.0194791092798922
2.49,0.15121333853216895,-3.407553913317223e-08,0.5384082969179926,-2.240881687888634e-10,0.0010507900309095644,-3.3830720963056405e-07,-0.018786665293764458,0.19336492201089184,0.02362636240271542,0.0,4,Solved,134755,79320,312320,0.06519422722266245,1.0734186976779636e-12,2.815360791719179e-13,0.3916309167467128,-0.6517322002670906,2.8736215169503105,-0.3916221517882983,0.651735823175586,-2.8735406865868107,0.1891346701349449,0.02739650794942696,-1.0134685371688257,-0.18913507328157905,-0.027395636916165585,1.013469526787418,0.13984233927968545,1.0430570194432411,-0.01944796437635404,-0.13990490791091667,-1.0431076355625992,0.019448008470579276
2.495,0.15109139661108245,-3.404934737493438e-08,0.538414549328963,-3.743515843439104e-11,0.0020035042359050786,-3.3822439691778135e-07,-0.018758058520491845,0.18865818206810533,0.02495009113771199,0.0,4,Solved,128293,80932,306739,0.06515569143103456,6.985137031548278e-13,1.8773437665542403e-13,0.39256100397188287,-0.6515956201888783,2.8685097552137084,-0.39255224098304564,0.6515992474920779,-2.8684289192472576,0.18400730342568056,0.027271890780587574,-1.0282135361566604,-0.18400768952294203,-0.0272710064469154,1.0282147511660766,0.13924419765850882,1.042440179341712,-0.019418527764629042,-0.13930712722586297,-1.042491062896553,0.019418751587304394
2.5,0.15096281730279262,-3.403898877894911e-08,0.538420668971028,1.7925482028749494e-10,0.0029326283666900404,-3.3816088853400133e-07,-0.018729445199981386,0.18393309505783131,0.026275122996910844,0.0,4,Solved,131288,85802,315506,0.06511815051621021,9.755323895908615e-13,2.6327464514031007e-13,0.3934654294786742,-0.6514597827313603,2.8633240385906187,-0.3934566681662571,0.6514634145673031,-2.863243194166232,0.17886962602876116,0.027107470093279934,-1.043036784958238,-0.17886992687904082,-0.027106549377740347,1.0430387953314886,0.13866592001466058,1.0418399977281092,-0.019390196296042824,-0.13872819654738883,-1.0418904082593634,0.019390084190318894
2.505,0.15082759708167534,-3.4037396772831216e-08,0.5384266572868813,4.125259363379524e-10,0.0038380806142966134,-3.381057026403362e-07,-0.018700757367698283,0.17919296227771622,0.027601005430932208,0.0,4,Solved,136517,79640,314414,0.06508167514287348,1.7868597347528764e-13,1.294407289686994e-14,0.39434415104603593,-0.6513248832085574,2.8580639793616553,-0.39433539128336104,0.6513285195309909,-2.8579831256774066,0.17372474856164935,0.026904450740063847,-1.0579371837658367,-0.1737250637182709,-0.02690356884715773,1.0579389344971166,0.1381063756518846,1.041255916197256,-0.019362299746459418,-0.1381692855898007,-1.0413068022859757,0.01936250373389855
2.5100000000000002,0.15068573441849675,-3.403762374715774e-08,0.538432515782763,6.492884151495019e-10,0.004719795502793051,-3.3805262297847575e-07,-0.01867192851855714,0.17444102734687172,0.028927298831589038,0.0,4,Solved,137139,80021,315095,0.0650462388202596,1.3862634650997242e-13,7.769826448900119e-15,0.3951971423091825,-0.6511911104338606,2.8527292011322696,-0.3951883838458631,0.651194751199467,-2.852648336539337,0.16857588249046898,0.026664195598720564,-1.0729116967120769,-0.1685761055748572,-0.02666330295640958,1.072914165099886,0.13756642671036515,1.0406888676382493,-0.019335188768186157,-0.13762951553545047,-1.0407398211241536,0.01933548142058619
2.515,0.15053722975790498,-3.4041010863231576e-08,0.5384382460260189,8.91524756633993e-10,0.005577723576745602,-3.379858747075966e-07,-0.018642893638878968,0.16968046632942757,0.030253575864256192,0.0,4,Solved,132240,79571,314815,0.06501184935820149,5.897504706808832e-13,5.31120286639819e-14,0.39602439223072194,-0.6510586465159025,2.8473193388854794,-0.396015634517799,0.6510622918153552,-2.84723845896557,0.1634259982153126,0.026388032873154537,-1.087958545310759,-0.16342609949041104,-0.026387117360596894,1.0879620084050718,0.13704646337512355,1.040139301901185,-0.01930897889875515,-0.13710855782070933,-1.0401895897312239,0.019308756594848816
2.52,0.15038208550004947,-3.404037170267764e-08,0.5384438496433734,1.1264961196706591e-09,0.006411831125490663,-3.379246889809651e-07,-0.018613589213263462,0.1649144150792825,0.03157941680636935,0.0,4,Solved,133011,84840,316919,0.06497850508672176,8.511750856582896e-14,7.132315571478642e-15,0.3968259042806129,-0.6509276669304142,2.8418340349259568,-0.3968171471858339,0.6509313165346202,-2.8417531396357987,0.15827795192461727,0.026077289687110938,-1.1030764710683587,-0.15827808971723784,-0.02607646395458654,1.1030792923767776,0.1365466473775159,1.0396076285646736,-0.019283680867155012,-0.13660614895170578,-1.0396560813875482,0.019282132593949626
2.525,0.15022030598284847,-3.401292271114931e-08,0.5384493283194043,1.3135779678299384e-09,0.007222099916792514,-3.3791960233736807e-07,-0.018583953266676632,0.16014593565374197,0.03290441255759325,0.0,4,Solved,130406,79330,307090,0.06494645241139319,2.4868995751603507e-13,6.254285284112981e-14,0.39760169577405435,-0.6507983404179624,2.836272937325437,-0.39759294072149165,0.6508019931201986,-2.8361920422489906,0.15313445541886608,0.02573332697945255,-1.1182643890115276,-0.15313504284342513,-0.0257328403618767,1.118262454080778,0.13606174262957332,1.0390903198358958,-0.019256561684286886,-0.13612748627491741,-1.039143238582291,0.01925818474986816
2.5300000000000002,0.15005189745302783,-3.39725126281056e-08,0.538454683794895,1.4757354495581008e-09,0.008008526841857445,-3.378839320025323e-07,-0.018553925372807565,0.15537803217647517,0.03422816200345651,0.0,4,Solved,129634,79580,307350,0.06491532628448807,1.0701345408772878e-12,4.4868058921010423e-13,0.3983517998814537,-0.6506708273021884,2.830635724687939,-0.3983430460936851,0.6506744832809095,-2.830554823687343,0.14799898364960418,0.025358037425378066,-1.133512869937328,-0.14799901777673674,-0.025357273751198353,1.1335161099412319,0.13560010027430686,1.0385935354168345,-0.019231811973647317,-0.13566411096235415,-1.038645220551809,0.019232550504048627
2.535,0.14987686804420652,-3.395302766881949e-08,0.5384599178643457,1.6740041791170995e-09,0.008771123624825702,-3.3776415505704863e-07,-0.018523446677457023,0.15061364397045587,0.035550272291231894,0.0,4,Solved,130857,80402,315406,0.06488527763685029,5.530233656669845e-14,9.982466242508536e-15,0.39907626279133046,-0.6505452809190237,2.824922082561693,-0.39906750839197475,0.6505489409563449,-2.8248411584813096,0.14287356850680222,0.024952501439719776,-1.1488258217507086,-0.1428733414867996,-0.024951658057476855,1.1488313568374686,0.13515849447613126,1.0381151833268472,-0.019207741398713046,-0.13521914246887934,-1.0381644421896046,0.01920676140492968
2.54,0.1496952277502594,-3.3921997069813666e-08,0.5384650323743934,1.8523762397863227e-09,0.009509916495783458,-3.3769117809746653e-07,-0.018492459914859267,0.14585564771375747,0.036870358065062246,0.0,4,Solved,129204,79199,306840,0.06485658017507266,1.699386074568987e-13,9.325873406851315e-14,0.39977514219636257,-0.6504218480762066,2.8191316928283947,-0.3997663874970877,0.6504255115706564,-2.8190507502843025,0.13776068463340985,0.024518170003532434,-1.1642018966761971,-0.13776073365166716,-0.024517575908057393,1.1642043809244018,0.1347309758748319,1.0376511471044314,-0.01918127519342661,-0.13479841412054216,-1.0377052828011626,0.019183736146757134
2.545,0.1495069884023369,-3.388801817476759e-08,0.5384700292223762,2.0243060591303716e-09,0.010224945897674607,-3.375873410114096e-07,-0.018460909418165188,0.14110686411796916,0.03818804040440793,0.0,4,Solved,130486,79501,307931,0.0648286915984382,1.8474111129762605e-13,5.057889870818677e-14,0.4004485107730422,-0.6503006665707045,2.8132642722750774,-0.4004397538600245,0.6503043342900766,-2.813183294069974,0.13266367497696488,0.024057073333959712,-1.1796303822406264,-0.1326629081864913,-0.02405606626672744,1.179640587556952,0.1343296473408952,1.0372102405587151,-0.01915853564305793,-0.13438959864791844,-1.0372590655750111,0.019157173697420704
2.5500000000000003,0.14931216363967878,-3.385801918374861e-08,0.5384749103541087,2.203328719049613e-09,0.010916266147765521,-3.3747593466851265e-07,-0.018428741147290525,0.13637003311983015,0.03950294954703721,0.0,4,Solved,133442,80362,313032,0.06480211960825748,1.6606101651664622e-12,9.278038407001254e-14,0.4010964516640473,-0.6501818676718117,2.8073195328418135,-0.4010876921257486,0.6501855393650503,-2.8072385166837224,0.12758381159661875,0.023570051843036878,-1.195119949312071,-0.12758344348178946,-0.023569392484486515,1.1951258293470624,0.13394329146307574,1.0367846636739282,-0.01913377022986404,-0.13400387404337447,-1.0368339137321196,0.01913271393890292
2.555,0.14911076888634786,-3.3782377188964476e-08,0.5384796777624277,2.3013175413572726e-09,0.011583945150483851,-3.374726066356629e-07,-0.01839590266817013,0.1316478671049385,0.040814718278519,0.0,4,Solved,129595,79200,307440,0.06477670565753488,5.3703135688421e-13,7.692197573350157e-15,0.40171905978392153,-0.6500655749349767,2.8012971974542356,-0.4017102992694916,0.6500692491487172,-2.8012161616238576,0.12252415803808418,0.02305910054668431,-1.2106612437943962,-0.12252407801752817,-0.02305869613528103,1.2106638922060393,0.13357531708962628,1.0363769219805783,-0.019108694939373363,-0.13363750222517318,-1.036427290520558,0.019108445165832127
2.56,0.14890282133106247,-3.3681592408277126e-08,0.5384843334854886,2.353066281540961e-09,0.012228064140785887,-3.37476159773114e-07,-0.018362343199995808,0.12694298841195442,0.04212298937896543,0.0,4,Solved,129184,79460,306509,0.0647524006737628,1.3211451540920224e-12,7.714011721060565e-14,0.40231644320093013,-0.6499519030996682,2.7951970184187505,-0.402307682394158,0.6499555790915574,-2.795115971359496,0.11748706456507804,0.022525835821190807,-1.2262506608969497,-0.11748702216056411,-0.022525511487443372,1.226252636147942,0.13322683114440861,1.0359879125363167,-0.01908385139059043,-0.13328919184004726,-1.0360384107802048,0.019083684784767182
2.565,0.14868833988579772,-3.3574163377540534e-08,0.5384888796049022,2.391902241251299e-09,0.012848717256384205,-3.3745684169877596e-07,-0.01832801360478754,0.12225795767824421,0.04342741211120351,0.0,4,Solved,152017,90471,350412,0.06472926133187924,1.6922562526625051e-12,1.9505599392621864e-13,0.4028887210001761,-0.6498409591692781,2.789018760529677,-0.40287996003773985,0.6498446365978499,-2.7889377049004773,0.11247463737545951,0.021971761235764695,-1.2418864345201266,-0.11247461474915894,-0.021971497406563366,1.2418879745507232,0.13289640779094564,1.0356167356454309,-0.019058501337248093,-0.13296011860660686,-1.0356681813100679,0.01905901671277988
2.57,0.14846734516161836,-3.3471183173154457e-08,0.5384933182435311,2.43817615932271e-09,0.013446011257144681,-3.374085376752902e-07,-0.018292866398482346,0.11759527307626924,0.04472764228892951,0.0,4,Solved,134144,81674,323902,0.06470724431322579,1.434167433249367e-11,2.390685305969642e-13,0.40343602322541056,-0.6497328422250598,2.7827622039126263,-0.4034272615764527,0.6497365211937776,-2.782681135513397,0.10748912421208469,0.02139851405458873,-1.2575646401650704,-0.10748891172501124,-0.02139817723402459,1.2575678646918265,0.1325849312374532,1.0352640931135004,-0.019033090181875715,-0.13264914239739306,-1.0353159090116126,0.019033852367831387
2.575,0.14823985943907908,-3.338469069353985e-08,0.5384976515637677,2.513855414127646e-09,0.014020065202358982,-3.373218292891194e-07,-0.018256855756006773,0.11295736932436257,0.04602334227482086,0.0,4,Solved,133161,80513,315967,0.06468630519332673,9.134489240373153e-12,5.456156360050812e-13,0.40395849044901566,-0.6496276434759932,2.7764271435245376,-0.4039497269458755,0.6496313244594624,-2.7763460517625056,0.10253253786030608,0.02080762958309083,-1.2732829391337241,-0.10253206188374066,-0.020807183516952165,1.2732885741013849,0.13229317177908825,1.034930619161415,-0.019008007752935558,-0.132355206578673,-1.0349808830932277,0.01900765292556501
2.58,0.14800590663880528,-3.330476940900223e-08,0.5385018817662416,2.602164923234245e-09,0.01457101013242104,-3.37245939052215e-07,-0.018219937514461347,0.10834661671927526,0.04731418116405477,0.0,4,Solved,135486,85040,330565,0.06466657115090393,1.6031679022504575e-12,7.436551374695455e-13,0.4044562726732962,-0.6495254467253494,2.770013381889575,-0.4044475070584414,0.6495291295950266,-2.7699322652759144,0.09760668043817698,0.020200554813784372,-1.2890403629388283,-0.09760629228986623,-0.02020022143633751,1.2890449020409438,0.13201805646074585,1.0346141762076722,-0.018981694979191804,-0.13208108368984958,-1.034665138414463,0.018981833288733
2.585,0.14776551229079293,-3.3219873748484745e-08,0.5385060110875124,2.6821656914263407e-09,0.015098988746474707,-3.371939233072395e-07,-0.018182069176159357,0.10376532141762262,0.04859983474937968,0.0,4,Solved,131308,98426,339942,0.06464793485537455,1.4974688156144111e-12,4.935114816806419e-13,0.40492953012624955,-0.6494263276831614,2.7635207405376305,-0.4049207623505205,0.649430012186716,-2.7634395997826418,0.09271375729624816,0.019579019855188597,-1.3048312379715694,-0.0927132959497757,-0.019578697300377517,1.3048362597956442,0.13176173842107533,1.0343163119188035,-0.01895525771426953,-0.13182429253518121,-1.0343669576859928,0.018955143224921357
2.59,0.1475187035029869,-3.3134396269367374e-08,0.5385100417977327,2.7612221162297377e-09,0.015604155077710275,-3.3714224562629527e-07,-0.01814320991013578,0.09921572366910116,0.0498799857818614,0.0,4,Solved,131468,83738,341085,0.06463040873667451,1.2079226507921703e-12,1.1723044410216765e-14,0.40537843272996,-0.6493303541899648,2.756949058204565,-0.4053696626685721,0.6493340401125349,-2.7568678933223483,0.08785553316006176,0.018944499258805123,-1.3206535878039098,-0.0878550785095876,-0.018944240356696205,1.3206582869181143,0.1315236410018706,1.0340367041543823,-0.01892841747934454,-0.13158509177907635,-1.0340865397867922,0.018927732280768248
2.595,0.14726550893025778,-3.3039718238943924e-08,0.5385139761993036,2.824208511963245e-09,0.0160866741733492,-3.371155346310834e-07,-0.018103320550458286,0.09470000210832458,0.05115432332415233,0.0,4,Solved,135546,82165,322018,0.06461408366336709,1.2552944252640363e-12,1.3154494854505927e-13,0.4058031592492062,-0.6492375865637544,2.750298185789179,-0.4057943874734134,0.6492412732745848,-2.750217003687966,0.08303377853643114,0.0182985174701047,-1.3365046798931632,-0.08303350941894024,-0.018298425236482684,1.3365072956513182,0.13130139656668144,1.0337736209411843,-0.018899993343469555,-0.1313654795943662,-1.0338253386138734,0.018900636622506115
2.6,0.1470059587434686,-3.29427377782779e-08,0.5385178166257921,2.882712476540304e-09,0.016546721778941575,-3.370771858964921e-07,-0.018062363596041357,0.09022026950844654,0.052422543499178444,0.0,4,Solved,125717,79530,305567,0.06459877268913512,1.2066653557428475e-12,2.406243607144809e-13,0.40620389817481906,-0.6491480769594602,2.743567998288865,-0.4061951243473598,0.6491517644169379,-2.743486796841692,0.07825055435021375,0.017642777654067635,-1.352378311282891,-0.07825005141533364,-0.01764259192703261,1.3523830070648026,0.1310988204482324,1.0335298045188865,-0.01887195422787505,-0.1311612665064711,-1.033580363026162,0.01887175593103127
2.605,0.14674008459521357,-3.285337781320076e-08,0.5385215654388426,2.954795038036705e-09,0.016984484002854537,-3.3701797072150127e-07,-0.018020303208632134,0.08577857166132934,0.053684349549433207,0.0,4,Solved,126769,79019,303734,0.06458458805081188,1.1763363720607156e-12,2.2448991450485511e-13,0.4065808461618305,-0.6490618702778355,2.7367583825680635,-0.40657206993105943,0.6490655584220012,-2.736677159453779,0.07350721231700293,0.016978569135306355,-1.3682746307413851,-0.07350674561517027,-0.016978463057757368,1.3682787292572438,0.13091295752581056,1.0333031568369642,-0.018842829510534054,-0.13097502488359525,-1.03335340881299,0.018842430202756208
2.61,0.14646791958680966,-3.275775081338347e-08,0.5385252250268758,3.0162780785510223e-09,0.01740015699079768,-3.369834604974084e-07,-0.017977105205982977,0.08137689108913368,0.05493945147969532,0.0,4,Solved,130457,86614,320075,0.06457153779527953,1.041307150098994e-11,4.652005777122659e-13,0.4069342078165686,-0.6489790041725393,2.729869238278918,-0.4069254295439106,0.6489826925123149,-2.729787998262597,0.06880549850829613,0.01630744460514188,-1.384189298801892,-0.06880512845409316,-0.016307449062652506,1.3841922058756078,0.13074322901506216,1.0330932135051414,-0.018812363938642027,-0.13080692828027157,-1.0331446047244726,0.018812786206182205
2.615,0.14618949823546754,-3.266270664942204e-08,0.5385287978030087,3.078742541663564e-09,0.0177939466074904,-3.3693977108685244e-07,-0.017932737058898446,0.0770171453385337,0.056187566300504484,0.0,4,Solved,135506,80051,314694,0.06455953496409912,4.5865916511900115e-12,2.566900685063711e-13,0.40726419645979056,-0.6488995085340281,2.7229004884628174,-0.40725541584630226,0.6489031970092498,-2.722819229727879,0.06414715507442922,0.015630957776864497,-1.40011740545142,-0.06414662226056611,-0.015630911014810296,1.4001217013937504,0.1305911649151696,1.0329009934725815,-0.018781381853636522,-0.1306550333949309,-1.032952559425586,0.0187818779124045
2.62,0.14590485644072032,-3.257860736131851e-08,0.5385322862030621,3.1606124505053088e-09,0.018166068114866957,-3.3686476901370166e-07,-0.017887167882261135,0.07270118886803136,0.057428417860632755,0.0,4,Solved,129455,81033,307832,0.06454854800276802,3.3556640640943545e-12,1.836344661401701e-13,0.4075710331202059,-0.6488234061220914,2.7158520723273263,-0.40756224929058354,0.6488270949792413,-2.7157707874247325,0.05953359193363379,0.014950453413503557,-1.4160568200090928,-0.05953287507168633,-0.014950358218169946,1.4160626771975606,0.13045688200871602,1.0327266007772995,-0.0187499897071136,-0.13051878800410782,-1.0327767680442883,0.018749476551976254
2.625,0.14561403145072055,-3.2492857621700355e-08,0.5385356926835042,3.2401290649184838e-09,0.018516745852466605,-3.3680553377184507e-07,-0.017840368426941523,0.06843081074518813,0.05866173715544077,0.0,4,Solved,130867,79190,307370,0.06453874511536715,2.641060764183023e-12,1.4014158757069684e-13,0.4078549455532995,-0.6487507131050465,2.7087239384027226,-0.40784615854180245,0.6487544019812999,-2.708642629048252,0.054966111184386365,0.014267232910955368,-1.4320058559160078,-0.05496552691605826,-0.014267288214603565,1.432010112783297,0.13033615403588183,1.032566925744388,-0.01871609506044945,-0.13040197730545947,-1.0326199218458745,0.018717557649383883
2.63,0.14531706182761023,-3.240850726049088e-08,0.5385390197204115,3.321724231060674e-09,0.018846212912188378,-3.3672549473725116e-07,-0.01779231107208782,0.06420773606469624,0.05988726219216725,0.0,4,Solved,129434,79921,313933,0.0645298767060807,2.4377314945291106e-12,7.362372430458342e-14,0.4081161697887724,-0.648681438054889,2.701516062771437,-0.40810737836911787,0.648685127347368,-2.7014347183633625,0.05044660045441505,0.013582956601817813,-1.4479564738709094,-0.05044552242596487,-0.013582784496678308,1.4479653058923705,0.13023390669447948,1.0324254498543928,-0.018682257741762145,-0.13029921348953832,-1.032478027297291,0.01868344377439574
2.6350000000000002,0.14501398741340046,-3.2346706282710895e-08,0.5385422698068715,3.443157155220579e-09,0.0191547108233575,-3.365831959301391e-07,-0.017742969812184803,0.060033627382540145,0.061104738021503686,0.0,4,Solved,124706,78799,303093,0.06452195015172442,2.2365795196779836e-12,3.6983762406739285e-14,0.40835494864845906,-0.6486155829470082,2.6942284369147522,-0.4083461506415992,0.6486192735740425,-2.6941470374034733,0.04597607130415345,0.012898724828277463,-1.4639088588830738,-0.04597459340661867,-0.012898396797290912,1.4639213379166893,0.13014951926419938,1.0323015900002896,-0.0186482302136467,-0.13021064729026105,-1.0323512024275907,0.01864726915995804
2.64,0.14470484929502578,-3.227854122793021e-08,0.5385454454501472,3.5545796625766813e-09,0.019442489234942188,-3.3648832148335195e-07,-0.017692320248423824,0.05591008245734261,0.062313916920641525,0.0,4,Solved,136889,78338,316287,0.06451520916802476,1.127390991480934e-11,7.426740429236633e-13,0.40857153006278885,-0.6485531441811174,2.6868610534729416,-0.40856272548832695,0.6485568356372315,-2.686779600836246,0.04155554959275981,0.012215662424940984,-1.4798625129347145,-0.04155434214321839,-0.012215600902038416,1.479871926168667,0.13007684120651575,1.032190949326535,-0.01861095504204038,-0.13014194885285973,-1.0322433466883962,0.018611993601829885
2.645,0.1443896897689776,-3.2192917567751116e-08,0.5385485491720858,3.6347211806949383e-09,0.0197098055902695,-3.364181388116564e-07,-0.017640339579536233,0.051838634349922086,0.06351455834254931,0.0,4,Solved,133202,79681,311609,0.06450932174051323,2.1533244910285963e-12,2.2453771426813457e-13,0.40876616976102126,-0.6484941108439259,2.6794139358833915,-0.4087573580404137,0.6484978030282788,-2.6793324263484823,0.03718694768561478,0.011535449770703216,-1.4958075342574038,-0.03718537192877787,-0.011535250419618365,1.495820215499439,0.13002275009623795,1.0320982227619628,-0.018573994368376694,-0.1300857556689846,-1.0321491478482117,0.018573939081933957
2.65,0.14406855230757046,-3.210773064540437e-08,0.5385515835058222,3.715146703181604e-09,0.01995692482532153,-3.363256819660046e-07,-0.017587006575207922,0.04782075995932407,0.06470642833244354,0.0,4,Solved,131659,78528,313983,0.06450444024119908,2.919798707283136e-12,9.426536157555732e-14,0.40893912948302236,-0.6484384660147624,2.6718871226310137,-0.4089303098332506,0.6484421589296978,-2.671805550353166,0.0328710022017271,0.01085898105869024,-1.5117454496066702,-0.03286940809751813,-0.01085886908916072,1.5117579206797522,0.12998311367092208,1.0320204354243763,-0.0185353334318445,-0.1300456721582739,-1.0320710438591854,0.01853502367235765
2.6550000000000002,0.14374148152313462,-3.200429015967008e-08,0.5385545509925275,3.763169940392322e-09,0.020184119054415847,-3.3626736089887606e-07,-0.017532301577813166,0.04385786452943108,0.06588930103486448,0.0,4,Solved,123523,78609,301810,0.06450054717871494,2.653586375698895e-12,1.4244703507027e-13,0.4090906763408712,-0.648386187135318,2.664280663460477,-0.40908184889799387,0.6483898802191965,-2.664199031776382,0.02860900757246389,0.01018753361842578,-1.5276715230253992,-0.02860747167728566,-0.010187550177914347,1.527683020698842,0.12995766378898327,1.0319572580971383,-0.01849491134276046,-0.13002147346785423,-1.032008754859439,0.01849521058907244
2.66,0.14340852313079086,-3.188723876037118e-08,0.5385574541815996,3.786385561891809e-09,0.020391667238130014,-3.362121408219254e-07,-0.01747620647370992,0.03995129652297577,0.06706295719292814,0.0,4,Solved,127341,79520,304085,0.06449749212814818,2.3514568655950974e-12,1.8560803935474546e-13,0.40922108381264943,-0.6483372454384944,2.656594631702203,-0.4092122482900796,0.6483409384301876,-2.6565129396885285,0.02440222462241593,0.009522326893666421,-1.5435810406494557,-0.024400555675135195,-0.00952234661834878,1.5435934857745148,0.1299490843781332,1.0319104901980451,-0.018454180415276536,-0.1300099496401204,-1.0319598740503708,0.01845295970940649
2.665,0.14306972391582826,-3.175365088506469e-08,0.5385602956278097,3.780251103466193e-09,0.020579854899405954,-3.3618456927892725e-07,-0.017418704682703155,0.03610234281063718,0.0682271846662583,0.0,4,Solved,134063,79690,311849,0.06449549381547696,1.9827427189238883e-12,2.1842781489783691e-13,0.4093306301050815,-0.6482916070580824,2.6488291101234744,-0.40932178729206714,0.6482952990752685,-2.6487473673195776,0.020251391467238245,0.008864252486206595,-1.5594739793073267,-0.020250072041811052,-0.00886456020191189,1.5594826312526084,0.12995176371338749,1.0318759739942158,-0.018410380497860947,-0.1300161733494493,-1.0319279010476314,0.018410934901833126
2.67,0.14272513169713455,-3.160401954583222e-08,0.5385630778900343,3.7450507802926745e-09,0.02074897380561058,-3.3616441611673315e-07,-0.017359781137738395,0.032312227084643944,0.06938177875381638,0.0,4,Solved,127631,79471,305116,0.06449427570427206,1.6113607895107215e-12,1.0929598155337561e-13,0.4094195995681116,-0.6482492322040047,2.6409842071831657,-0.4094107495190688,0.648252922893548,-2.6409024157147303,0.016158059323084166,0.008214683868205706,-1.575341824791891,-0.01615652877469145,-0.008214922606632877,1.5753522696365916,0.12997110598272196,1.0318574683784771,-0.018366348471838878,-0.13003419728950769,-1.031908411268353,0.01836621407568741
2.6750000000000003,0.14237479529065364,-3.1460120788844256e-08,0.5385658035292842,3.719830036408594e-09,0.020899321656368514,-3.3611296754865625e-07,-0.017299422269758225,0.028582111144385705,0.07052654207223516,0.0,4,Solved,124095,86273,309064,0.06449393098597078,1.749527261636128e-12,2.6646919263143e-13,0.40948828140520305,-0.6482100760786527,2.6330600465732155,-0.409479423754262,0.6482137653808007,-2.6329782040703384,0.012122818417708714,0.007574383678385823,-1.591185129407291,-0.012121304007105241,-0.007574686283882533,1.591195183834027,0.13000435662812654,1.0318528063528567,-0.018320783704419658,-0.1300662527921972,-1.0319028957755325,0.018320020350644523
2.68,0.14201876447596815,-3.130901473518514e-08,0.5385684751061371,3.6827280275453422e-09,0.02103120180002905,-3.3609124430440945e-07,-0.017237615980494073,0.024913104999712735,0.07166128346548908,0.0,4,Solved,126940,79931,309605,0.06449444279762552,1.7778283389175385e-12,8.252900858367329e-14,0.40953696892429386,-0.6481740894503362,2.6250567612401308,-0.4095281043453642,0.6481777767011397,-2.6249748754981037,0.00814663939675482,0.006944318264301492,-1.607000464152675,-0.008145338480673546,-0.006944798252182861,1.6070081850135194,0.13005103768253184,1.031861531117033,-0.018273549564328282,-0.13011221089651712,-1.0319110847620083,0.018272401248734044
2.685,0.14165708995968704,-3.11421587916502e-08,0.5385710951788341,3.6184095206451757e-09,0.021144922924955678,-3.3611229178792313e-07,-0.0171743516372294,0.021306244505673002,0.0727858205919529,0.0,4,Solved,127691,80051,306189,0.06449582636317874,2.9962183560322265e-12,1.5940853780212205e-13,0.4095659601470626,-0.6481412183170118,2.6169745020529946,-0.40955709006726204,0.6481449024598096,-2.6168925881925285,0.004230447410912952,0.006325434053335259,-1.6227841365726594,-0.004229480358010193,-0.006326147689841886,1.6227883715202611,0.13011008980728125,1.0318827126777341,-0.018224209393636195,-0.130172604524991,-1.03193322181086,0.01822372831272355
2.69,0.14128982333616052,-3.096621278018431e-08,0.5385736663025543,3.5381380904156077e-09,0.021240798728330033,-3.361430282198418e-07,-0.017109620037062956,0.017762513400312884,0.0738999774217929,0.0,4,Solved,135606,97254,341755,0.0644980187446923,5.457063316611694e-12,7.944110592874448e-14,0.40957555802185186,-0.6481114038799772,2.608813441963149,-0.4095666834808321,0.6481150841787828,-2.6087315110481,0.00037526811451954337,0.005718698871707991,-1.6385312477409009,-0.000374426562898774,-0.005719504406038182,1.6385341068334798,0.13018209095796107,1.0319166081782642,-0.018173165497260377,-0.13024627988100337,-1.0319682999150768,0.018173524873050517
2.695,0.1409170170564803,-3.080205320517861e-08,0.5385761910266416,3.478907686041344e-09,0.021319147660782804,-3.3613352721374174e-07,-0.017043413390144282,0.014282838331486863,0.07500358492558273,0.0,4,Solved,127501,82175,336877,0.0645009059945193,8.945975329796408e-12,1.572865779677149e-13,0.4095660700804294,-0.6480845829273352,2.600573774150066,-0.40955719093065374,0.6480882594109624,-2.600491825244504,-0.003418052994551875,0.005124940579740469,-1.6542383111098342,0.0034190271928168543,-0.005125677542654423,1.654242392745659,0.13026881828610742,1.031964318259026,-0.018121434777408917,-0.13033089133455428,-1.0320144959123088,0.018120711987539756
2.7,0.140538724392833,-3.065101691605612e-08,0.5385786718926584,3.444271188731973e-09,0.02138029263275634,-3.361156353911874e-07,-0.016975725296583356,0.010868088589778741,0.07609648106133104,0.0,4,Solved,135757,89920,334111,0.06450458514157298,3.371398404966615e-12,1.0772155736860078e-13,0.4095378069749732,-0.648060688839423,2.5922556993569263,-0.4095289235963128,0.6480643611978912,-2.5921737366310267,-0.007149038461449535,0.0045447464757943515,-1.6699051187192187,0.007149800159972823,-0.004545629434790691,1.6699070121639843,0.13036722376254972,1.0320235041616554,-0.01806758598456843,-0.13042888977574915,-1.0320733622651677,0.01806665076279828
2.705,0.14015499940251377,-3.049624918338451e-08,0.5385811114328694,3.404581059910703e-09,0.021424560719268067,-3.361349258597841e-07,-0.01690655072492034,0.007519072042731776,0.07717851138549624,0.0,4,Solved,131078,96352,344762,0.06450903848999022,3.4513049269257876e-12,1.0937951933076562e-13,0.40949108295219744,-0.6480396513615417,2.5838594325484814,-0.4094821965931817,0.6480433187756705,-2.5837774687874235,-0.010816811171988893,0.003978933055358837,-1.6855270887832767,0.010817297640115282,-0.003979991874680696,1.6855261759133155,0.1304769510319464,1.0320937061937487,-0.0180115585476025,-0.1305400530030864,-1.0321446158398435,0.01801134756786294
2.71,0.1397658968911205,-3.034297449110447e-08,0.5385835121684572,3.3682484464198272e-09,0.021452282860856382,-3.3615340313327805e-07,-0.016835885987495795,0.004236539547556527,0.07824952848812822,0.0,4,Solved,132320,85752,334943,0.06451417026687947,3.5170302008090886e-12,1.1281644021754467e-13,0.40942621653208194,-0.6480213963130521,2.5753852116024722,-0.40941732787608176,0.6480250583272869,-2.5753032540249814,-0.01442052992848574,0.0034282657760612103,-1.701099630093842,0.014420970640557485,-0.0034293613666921095,1.7010981708456996,0.1305992202352462,1.0321756634848183,-0.017954089830835365,-0.13066257371891318,-1.0322267242700716,0.017954008059621197
2.715,0.13937147237852668,-3.020184719779497e-08,0.5385858766078472,3.3541488767248876e-09,0.0214637935890477,-3.361455696957056e-07,-0.01676372871345898,0.0010211877586224663,0.07930939180171195,0.0,4,Solved,131648,87575,331266,0.06451997640836926,3.694836340909554e-12,1.0695411028181778e-12,0.40934352960953124,-0.6480058462834062,2.566833290073113,-0.40933463877647347,0.6480095027767415,-2.566751340270736,-0.017959628886215592,0.002893313434472593,-1.7166205662232912,0.017960060812737544,-0.0028944251986990238,1.716618942195719,0.13073335989257123,1.0322686811251491,-0.017894968379158948,-0.1307965355195937,-1.0323196225339082,0.017894796965076124
2.72,0.13897178206485716,-3.007188541211292e-08,0.5385882072445535,3.360978452283843e-09,0.021459430755041073,-3.361265750395914e-07,-0.016690077825072577,0.0021263413444178626,0.08035796759999152,0.0,4,Solved,140485,101572,351313,0.06452649827183603,3.66475804537446e-12,1.2085879985603704e-12,0.40924334698117937,-0.6479929210376428,2.558203934089283,-0.4092344541001108,0.6479965718496368,-2.558121993804838,-0.021433518965799474,0.002374638266548248,-1.7320871606380785,0.02143391423213986,-0.0023757923568887103,1.7320850681830569,0.1308775167439587,1.032371274414427,-0.017833380411682875,-0.13094318246007783,-1.0324239723493764,0.017834473284100618
2.725,0.13856688279527615,-2.9960202708304697e-08,0.538590506555755,3.4009677978316244e-09,0.02143953524902076,-3.3606852968058857e-07,-0.01661493351319527,0.005205463177169126,0.08139512946867697,0.0,4,Solved,126269,83177,328180,0.06453353132670746,3.967712846468717e-12,1.320386535568277e-12,0.4091259970163665,-0.6479825372243295,2.5494974307456313,-0.40911710106665505,0.6479861828450799,-2.549415490516712,-0.024841402571471802,0.001872902543867343,-1.7474942560312512,0.02484216119811415,-0.0018738683782038364,1.747495616925588,0.13103550733075914,1.0324859648995575,-0.017771396893173804,-0.13109811534644883,-1.0325365012273193,0.017770936578309728
2.73,0.13815683202529316,-2.9863396124053476e-08,0.5385927770004595,3.4687662229315963e-09,0.021404450725792917,-3.3600062609872623e-07,-0.01653829720827748,0.008215644875728312,0.08242075750360534,0.0,4,Solved,128072,80122,312851,0.06454124362888013,3.6968029315026666e-12,1.1946758686487424e-13,0.4089918099712383,-0.6479746095316099,2.540714073104662,-0.4089829106153802,0.6479782499342203,-2.5406321304458688,-0.02818317910186002,0.0013883246232675897,-1.7628432731829797,0.028183811285386905,-0.001389420041461209,1.7628431849022919,0.13120261341692133,1.032609219814971,-0.017706753388299645,-0.13126543478447358,-1.032659898062082,0.017706398509320737
2.735,0.13774168778715137,-2.9755843667379444e-08,0.5385950210181644,3.5186259217662336e-09,0.021354523340085654,-3.3597326344770264e-07,-0.016460171552558897,0.011156409311965574,0.08343473902345955,0.0,4,Solved,127160,89078,320786,0.06454961412560398,3.7173793432874185e-12,1.207805556957542e-13,0.40884111864442885,-0.6479690503542342,2.531854168290618,-0.4088322163817589,0.6479726849666051,-2.5317722293043183,-0.031458072723068775,0.0009215169289229418,-1.7781286114691928,0.03145862106089349,-0.0009227173411184021,1.7781274470803505,0.1313784973618068,1.0327405943353531,-0.017639413663628607,-0.13144488853809957,-1.0327938260096636,0.017640865908592936
2.74,0.13732150865511367,-2.965404267995952e-08,0.5385972410264427,3.5783376426642947e-09,0.021290101478775577,-3.3590338482481414e-07,-0.016380560375705063,0.014027329333058716,0.08443696782562891,0.0,4,Solved,127280,80602,312029,0.06455839740314803,4.527918851879951e-12,1.5287160372214753e-12,0.40867425960206055,-0.6479657692099527,2.522918051196665,-0.4086653531308004,0.6479693985235769,-2.5228361043713723,-0.03466534247193412,0.00047303137557150836,-1.7933447366885542,0.0346663782755823,-0.0004740025772937776,1.7933481067668318,0.13156775530837433,1.0328832099586116,-0.0175718511489206,-0.13163126145725385,-1.0329343584503685,0.017571836833299947
2.745,0.13689635371205405,-2.9564176534959304e-08,0.5385994394198924,3.6597528780728296e-09,0.02121153549974384,-3.3580337669665627e-07,-0.016299468668340995,0.01682803405885689,0.08542734488765005,0.0,4,Solved,132471,91644,335484,0.06456773529103252,3.744057215361139e-12,1.2090458842428653e-13,0.4084915706155279,-0.6479646744195076,2.51390606091105,-0.40848265891190827,0.6479682986734545,-2.51382409755243,-0.037805076943218115,4.290603719003943e-05,-1.8084939094006964,0.037806132898016674,-4.39455825593236e-05,1.8084971811737793,0.13176638762734216,1.0330339951786613,-0.01750217427250583,-0.13182796339457772,-1.0330837646565203,0.017501173241632147
2.75,0.13646628251544965,-2.9453015938611265e-08,0.5386016185687676,3.704452724823097e-09,0.02111917746885181,-3.357659873023909e-07,-0.016216902545207055,0.019558199523484456,0.0864057774193247,0.0,4,Solved,130947,90971,333671,0.06457774669823109,4.644218180638334e-12,1.570623568269286e-12,0.4082933907564902,-0.6479656731109615,2.5048185429784793,-0.40828447462705136,0.6479692914148865,-2.5047365726750996,-0.040876788664378855,-0.0003684924546319951,-1.8235725033618866,0.04087756207747419,0.0003672041152381623,1.823572649520095,0.1319708154342956,1.0331902425273929,-0.017428710466478824,-0.13203795535798662,-1.0332439471716974,0.01743052373693201
2.755,0.13603135506531566,-2.9334569205484064e-08,0.5386037808173658,3.7353745822675765e-09,0.021013380916714244,-3.356993233871388e-07,-0.01613286922709732,0.022217554982972655,0.08737217956220593,0.0,4,Solved,127761,83137,316377,0.06458805455456101,3.715892989936096e-12,1.2079877029225194e-13,0.40808006294828175,-0.6479686697851659,2.49565587628588,-0.4080711411180029,0.6479722825385948,-2.4955738881624057,-0.04387951872846812,-0.0007605364794291286,-1.838571831269174,0.04388090078737597,0.0007595392813730476,1.8385776491047379,0.13218869104490424,1.0333571605702778,-0.0173554848561149,-0.13225298603006977,-1.0334088728729762,0.01735584480776889
2.7600000000000002,0.1355916317705859,-2.9231254574498873e-08,0.5386059284820924,3.7931127678315846e-09,0.020894500582665544,-3.355762479169762e-07,-0.016047377003714957,0.024805876596744745,0.08832647176280478,0.0,4,Solved,129484,79730,310787,0.06459878544661535,3.701199210098316e-12,1.1980867686833818e-13,0.407851930980801,-0.6479735683431668,2.486418444914942,-0.4078430018244125,0.6479771760734888,-2.486336424622372,-0.046813610475097654,-0.001133432473687728,-1.8534958968080575,0.04681513320077043,0.0011324223063714691,1.8535027476484403,0.1324162209267801,1.0335319538038283,-0.01728071758317121,-0.13247624740472122,-1.0335805671458456,0.017278903631322295
2.765,0.13514717341812707,-2.909905352042218e-08,0.5386080638493377,3.800965186296087e-09,0.02076289218267452,-3.355413617304188e-07,-0.015960435205548563,0.02732298860572047,0.08926858081055121,0.0,4,Solved,128142,79860,309946,0.06461021877062362,4.487408052872834e-12,1.496432752018384e-12,0.4076093385486719,-0.6479802726673314,2.477106629984216,-0.40760040340686277,0.6479838741154211,-2.4770245924937395,-0.049678872936629793,-0.001487042976746037,-1.8683430581150857,0.049679856426518246,0.0014856270800040908,1.868344248398677,0.13264633321534292,1.0337093137417248,-0.017200975920992692,-0.13271417783443332,-1.0337635003299779,0.017203110661251634
2.77,0.13469804113840497,-2.8950104784706226e-08,0.5386101891751334,3.778081065590294e-09,0.020618912147814028,-3.3549110105400446e-07,-0.015872054180288902,0.029768770951002572,0.09019844085646739,0.0,4,Solved,126950,86152,336276,0.06462181450249022,4.3148301239220655e-12,1.4427871332552133e-12,0.4073526333979377,-0.6479886841959666,2.467720852420866,-0.40734369118522873,0.6479922796487918,-2.4676387888103877,-0.05247408565013617,-0.0018206530596886522,-1.8831011702998344,0.0524757830041024,0.0018195919879197139,1.8831090523634357,0.13289027729326355,1.03389711576764,-0.017122105160393288,-0.13295495383279995,-1.0339490320398435,0.01712262231826838
2.775,0.1342442963727864,-2.882343341328702e-08,0.5386123066831786,3.794541439900595e-09,0.020462917380564966,-3.353596148734018e-07,-0.015782245254359246,0.03214314365339934,0.09111599155982603,0.0,4,Solved,128983,79681,311208,0.06463378938141849,4.084077081689871e-12,1.360720618213268e-12,0.40708216370745615,-0.6479987043365685,2.4582615385995763,-0.40707321245327743,0.6480022945560459,-2.4581794309980127,-0.05519990667827924,-0.0021347120349650343,-1.8977764295112907,0.0552017910043651,0.0021336741446765922,1.8977858446349134,0.13314236631525647,1.0340911238723545,-0.017041378348169378,-0.1332036602361064,-1.0341406301026959,0.017040162876247433
2.7800000000000002,0.133786000846032,-2.867712878628181e-08,0.538614418563731,3.777775253240446e-09,0.020295265052965177,-3.353000089853623e-07,-0.015691020706345746,0.03444607172360637,0.09202117862598068,0.0,4,Solved,130256,80412,312771,0.06464612852476148,3.7953109508875115e-12,1.2499811840975539e-12,0.4067982769271592,-0.6480102351561935,2.4487291099172928,-0.406789317321734,0.6480138192917404,-2.448646966745085,-0.0578561494003787,-0.0024291492618362647,-1.912366421232926,0.05785768004549801,0.002427816845337623,1.9123720224819778,0.13340201625800074,1.0342907809082282,-0.016958643781475605,-0.13346027802670773,-1.0343380563961837,0.01695588181226121
2.785,0.13332321653500243,-2.8478167239694557e-08,0.5386165269728773,3.6684763503618334e-09,0.020116312374076056,-3.3536605888803385e-07,-0.015598393735970734,0.0366775658870416,0.09291395399353661,0.0,4,Solved,128132,89880,362996,0.06465892748680542,3.4290910250995873e-12,1.1190069053659824e-12,0.40650132144632395,-0.6480231784039784,2.439124000954881,-0.4064923567030987,0.6480267542387101,-2.439041855288513,-0.060442623506674405,-0.002703905922818643,-1.926868354738813,0.06044331785952802,0.002702033671503137,1.9268654760465276,0.13366629056422621,1.0344937335736242,-0.01687256871682211,-0.1337271189121578,-1.0345428397888867,0.016871103134634833
2.79,0.13285600563578265,-2.8231600428820957e-08,0.538618634030149,3.4739476213959716e-09,0.019926416349138713,-3.354910680228515e-07,-0.015504378436518683,0.03883768788777536,0.09379427655920652,0.0,4,Solved,128543,85742,325004,0.06467211514436633,1.411529174643817e-11,3.47723152355206e-14,0.40619164774222855,-0.6480374349646467,2.4294466722999704,-0.40618268080289077,0.6480410006716085,-2.429364554042986,-0.06295876053176454,-0.0029587359060902953,-1.941275430947051,0.06295902743441661,0.0029566098354275707,1.9412682088076654,0.13393595497136498,1.0347004264649478,-0.016783694495899597,-0.13400284845089316,-1.0347538423098612,0.016785306553127946
2.795,0.13238443053230492,-2.799641478537604e-08,0.5386207418177229,3.2981804267162927e-09,0.0197259335484659,-3.355118303173886e-07,-0.015408989760925718,0.04092653946913417,0.09466211064894123,0.0,4,Solved,133041,84460,330484,0.06468540055465265,3.4112386229967086e-12,1.0191543789450641e-13,0.4058696085078823,-0.6480529049226965,2.4196976131834975,-0.4058606386342748,0.6480564610012832,-2.419615515395008,-0.06540419803022449,-0.0031935345399674224,-1.9555826189502037,0.06540499356003271,0.003191735822382013,1.955580576036268,0.13421669957414667,1.0349147209153127,-0.01669505919559905,-0.13428118596539879,-1.0349664088744424,0.016695459025558353
2.8000000000000003,0.13190855377013547,-2.78050541327014e-08,0.5386228523799869,3.201510166254499e-09,0.019515219918840764,-3.3543695655826127e-07,-0.015312243487728486,0.04294426092641095,0.09551742609448012,0.0,4,Solved,130536,85411,336205,0.06469907290678496,6.354927945761752e-12,2.030316019474565e-13,0.4055355553131313,-0.648069489693107,2.409877309495777,-0.4055265810829729,0.6480730370043009,-2.4097952180784605,-0.06777954883349893,-0.0034088069098437515,-1.9697943538529,0.06778047190085745,0.003407081292819801,1.9697935898941685,0.13450122442529158,1.035131244227838,-0.01660312897426534,-0.13456883251097562,-1.0351851665085594,0.016605106114359874
2.805,0.13142843802705356,-2.764981319965001e-08,0.5386249677210787,3.171345042608652e-09,0.019294630574409017,-3.3531917271307233e-07,-0.015214156195173849,0.044891037230121854,0.0963601988799844,0.0,4,Solved,135265,94158,348148,0.06471277875725037,2.793437963044651e-12,2.7751509857482093e-13,0.40518983996071944,-0.6480870912246671,2.399986258237841,-0.40518085921995683,0.6480906309715196,-2.399904152145175,-0.07008433459266976,-0.0036044048151981237,-1.9839040309919467,0.07008588894872095,0.003603027295556673,1.9839094132392712,0.13479663712931494,1.0353549239374866,-0.01651165519756632,-0.13485810180159236,-1.035404460116006,0.01651051622538969
2.81,0.130944146083423,-2.751437185281214e-08,0.5386270898045331,3.179549649591613e-09,0.01906451958149128,-3.352251743654009e-07,-0.015114745227383498,0.046767093324497085,0.0971904105762963,0.0,4,Solved,131118,82185,325905,0.06472700282730316,3.1868002221833283e-12,1.2845150290652363e-13,0.4048328129407897,-0.6481056129563751,2.3900249540426186,-0.40482382550188517,0.6481091450534864,-2.3899428318468443,-0.07231930432594504,-0.003780912983525337,-1.9979167881315163,0.072320505779572,0.0037792838477311314,1.9979185916282531,0.13509126179519845,1.0355772561552254,-0.016414884897498438,-0.1351600832795423,-1.0356320452368506,0.01641745563172997
2.815,0.13045574079447403,-2.7385170799607395e-08,0.5386292205519599,3.2001327929296913e-09,0.018825239762643567,-3.351267699913692e-07,-0.01501402866423398,0.048572694086857264,0.09800804844333323,0.0,4,Solved,130006,83117,325585,0.06474104101513728,2.6581587652206004e-12,2.475772408264132e-13,0.40446482643071696,-0.6481249580562565,2.3799939197627555,-0.40445583046627315,0.6481284833446899,-2.379911764476663,-0.0744834062387878,-0.003937867654449569,-2.011819871483601,0.07448544466537978,0.003936675921166256,2.011829669050318,0.13540008950805713,1.0358088121104299,-0.016320559235745383,-0.1354592243325678,-1.0358566562421965,0.01631821799087236
2.82,0.12996328506343746,-2.726139156024308e-08,0.5386313618413784,3.2324296051112384e-09,0.018577142508532766,-3.3505198028678376e-07,-0.014912025287383853,0.05030813933877204,0.09881310474168223,0.0,4,Solved,128112,80873,312119,0.06475554766136907,5.429097651315012e-12,5.026978182678943e-13,0.40408623034925295,-0.6481450318894869,2.3698936691726002,-0.40407722638714627,0.6481485497302877,-2.369811486977096,-0.07657807968103318,-0.004076288189693721,-2.0256246991579063,0.07657939322796721,0.004074606059242193,2.0256271765491403,0.13570770563828996,1.0360383974829064,-0.01622104084442701,-0.13577033442867797,-1.036088762581905,0.016220451799968873
2.825,0.12946684181330348,-2.7091388239508362e-08,0.538633515506873,3.183625889537602e-09,0.018320577575857474,-3.350873681479246e-07,-0.014808754554270602,0.051973776130082916,0.09960557823069252,0.0,4,Solved,128993,81003,312260,0.06477024276258994,3.0719630366202206e-12,1.0873506955944023e-13,0.4036973746592289,-0.6481657405604795,2.3597247308806697,-0.40368836457700735,0.64816924958976,-2.3596425414883884,-0.07860236684148096,-0.004195764079822839,-2.0393188323658595,0.0786035303822894,0.00419394817392713,2.0393195759223675,0.13601955135170554,1.0362698343457803,-0.016119234351605713,-0.13608742266674165,-1.036323884201439,0.01612129134336164
2.83,0.12896647395696376,-2.692924610097569e-08,0.5386356833391545,3.147553172969421e-09,0.01805589287247394,-3.3503160504537074e-07,-0.01470423656687036,0.05356998682619284,0.10038547270572701,0.0,4,Solved,136097,101451,347396,0.06478484971886865,3.0196089033082023e-12,8.701459691673463e-14,0.40329861116839316,-0.6481869899506021,2.349487667816276,-0.4032895932257485,0.6481904909823032,-2.349405455295235,-0.08055628039794542,-0.004296485062090367,-2.0528990581091873,0.0805581219167559,0.004295022659731105,2.052906242901218,0.13634113825038038,1.0365068544381877,-0.016018088860826955,-0.13640443106392727,-1.0365575955018984,0.016017821327314143
2.835,0.12846224437487794,-2.6788392137255972e-08,0.5386378670840755,3.1504456610311622e-09,0.01778343430755723,-3.3492846357943394e-07,-0.014598492032770218,0.0550971822398999,0.10115279633932359,0.0,4,Solved,147448,93998,364949,0.06479965561077226,8.780506501584606e-12,5.103803664419093e-13,0.402890288820232,-0.6482086886180988,2.339183031588196,-0.40288126188989354,0.6482121820465737,-2.339100785763987,-0.08244076506950958,-0.004379209414959292,-2.0663712670538192,0.08244253666855413,0.004377650130487727,2.0663775912207423,0.13666527938923065,1.0367441708473573,-0.01591413199162746,-0.13672795869482943,-1.0367944897723562,0.015913537548727416
2.84,0.12795421588916048,-2.6630446879240486e-08,0.5386400684404837,3.124746170622626e-09,0.01750354561543387,-3.3488950945845973e-07,-0.014491542243384021,0.056555815964645983,0.10190756334580672,0.0,4,Solved,129555,81845,318672,0.06481477435820404,2.7699789346538445e-12,9.390275015896954e-14,0.40247275507408903,-0.6482307469404351,2.3288113771047416,-0.40246371977892875,0.648234232122578,-2.328729105141413,-0.08425569394686831,-0.0044440487275724675,-2.0797304894062925,0.08425730289791446,0.004442340196906502,2.079734994510423,0.1369887112670197,1.036979371389132,-0.01580586879406773,-0.13706075671925386,-1.0370363897312647,0.015809989381032362
2.845,0.1274424512375029,-2.64941050907412e-08,0.5386422890603652,3.1368650965449284e-09,0.0172165681732575,-3.347463705296915e-07,-0.014383409035491162,0.057946367969604264,0.10264979191014566,0.0,4,Solved,125177,81293,320715,0.06482951205545928,2.6799374020539736e-12,9.011671617265016e-14,0.40204635935476174,-0.648253075141398,2.318373297684762,-0.40203731200323667,0.6482565539150142,-2.318290964805342,-0.08600049471941362,-0.004490880626487695,-2.0929672356982496,0.08600343658405768,0.004489871738753897,2.0929844926351073,0.13732616755920218,1.037222851172356,-0.01570090603743934,-0.13738750639650127,-1.0372721928873485,0.015699591917230644
2.85,0.1269270130501657,-2.6384641218555593e-08,0.5386445305481089,3.198872131187675e-09,0.016922840846073244,-3.3457554299436416e-07,-0.014274114767545585,0.059269358866917456,0.10337950608143945,0.0,4,Solved,123292,79180,304505,0.06484459547301417,9.036244192142662e-12,3.06625167964536e-13,0.4016114465681562,-0.6482755871510112,2.307869363043565,-0.40160238574102747,0.6482790598694617,-2.3077869566752898,-0.08767704409917858,-0.004521001348966313,-2.1060956065266825,0.08767958230812067,0.0045196601960658745,2.106108638956638,0.13766075192903993,1.037462416040326,-0.015590862283611482,-0.13772459854440108,-1.0375135275682268,0.015590783581369222
2.855,0.12640796382377814,-2.6234712570242804e-08,0.538646794459319,3.1907456213510737e-09,0.016622699807686703,-3.345261235306181e-07,-0.014163682283561848,0.060525335449571435,0.10409673390031067,0.0,4,Solved,122993,79610,300598,0.06485957033210075,9.356437282934116e-12,3.1039201157240237e-13,0.4011683603004422,-0.6482981985949675,2.2973001513482165,-0.4011592867482702,0.6483016643790902,-2.297217680532716,-0.08928454913563325,-0.004534137100935969,-2.119103515228792,0.0892870995394676,0.004532719706009613,2.1191163132856765,0.13800191995348757,1.0377047034550877,-0.015480665904667344,-0.13806203191695035,-1.037753125313612,0.015478675247542442
2.86,0.12588536590091223,-2.6048151404353615e-08,0.538649082300686,3.11775039138595e-09,0.016316478406312528,-3.34537203980394e-07,-0.014052134885837333,0.06171487689333504,0.10480150821744559,0.0,4,Solved,137660,81784,318982,0.0648745567155879,2.353762250812481e-12,2.254776226839894e-13,0.4007174431981944,-0.6483208266457055,2.2866662545062204,-0.40070835869287896,0.6483242841150358,-2.2865837380978884,-0.09082383812381331,-0.004530970822058327,-2.131994350320072,0.09082579160741708,0.004529149049559979,2.132001039051084,0.1383462718758113,1.0379472200058522,-0.015368748365820124,-0.13840270753392978,-1.0379929074494063,0.015364889674997752
2.865,0.1253592814480026,-2.5793075680128254e-08,0.5386513955286814,2.923348606808498e-09,0.016004507020231176,-3.3468626325034804e-07,-0.013939496298982694,0.06283858497120642,0.10549386554760266,0.0,4,Solved,128623,78618,306830,0.06488983463242189,2.2660482415156996e-12,2.1114316892112406e-13,0.4002590352951571,-0.64834339097747,2.2759682625891253,-0.40024994459653895,0.6483468372695985,-2.2758857479674592,-0.09229523537820902,-0.004511886979302025,-2.144766500054756,0.092295999565709,0.004509384021041279,2.144761473762824,0.13868698295340287,1.038184889282521,-0.015251837626217186,-0.1387528503724389,-1.0382373541187502,0.015252734441484655
2.87,0.12482977242898319,-2.5507322886109864e-08,0.5386537355507265,2.6727596003200648e-09,0.01568711287202315,-3.348099637250235e-07,-0.013825790662895283,0.06389711630415038,0.10617384967044853,0.0,4,Solved,130256,78829,306058,0.0649049542973041,9.994686393614838e-12,3.839316017884009e-13,0.3997934779017592,-0.648365811473481,2.2652068038446314,-0.39978438241643205,0.6483692459134053,-2.2651243050611507,-0.09369810192603198,-0.004476706921896817,-2.157408343062333,0.09369918153973031,0.0044744193218753305,2.1574063758827906,0.13903339224008113,1.0384243531781432,-0.015134787956527089,-0.13910269524995433,-1.0384792687568656,0.015137420224877284
2.875,0.12429690058024716,-2.5279469414007296e-08,0.5386561037251989,2.5246123942592094e-09,0.015364619856857427,-3.347315806590331e-07,-0.013711042468730157,0.0648911324992819,0.1068415061252543,0.0,4,Solved,138531,79179,326317,0.06491990218201794,2.0697749434188864e-12,1.8042251720418179e-13,0.399321110948219,-0.6483880099627766,2.254382519194138,-0.3993120075468782,0.6483914344740054,-2.254300005459159,-0.09503331381567347,-0.004426184752209957,-2.1699233302301004,0.0950352299109093,0.004424391479329148,2.1699295923698974,0.13938520740181748,1.0386653089114048,-0.015017622130809231,-0.1394520018897504,-1.038718434912287,0.015018977644959781
2.88,0.12376072739891535,-2.511329767906697e-08,0.5386585013584815,2.4892631946242218e-09,0.015037348488370692,-3.345646089293065e-07,-0.013595276553094667,0.06582132650249918,0.10749688500760113,0.0,4,Solved,138532,78849,315806,0.06493467695615893,1.1073622812989015e-11,4.7066131374229325e-12,0.3988422699139082,-0.6484099119381572,2.2434960327280504,-0.39883315567343997,0.6484133281548676,-2.243413475267225,-0.09630177581550133,-0.0043610405437182346,-2.1823147942194834,0.09630411430211697,0.004359467090720347,2.182325194672437,0.13974181661537027,1.0389072306341163,-0.014900179691689854,-0.13980088947804792,-1.0389548312985428,0.014897621079017605
2.8850000000000002,0.12322131411835367,-2.494380071187422e-08,0.5386609297064856,2.452516842268e-09,0.014705615728320466,-3.3451638553811794e-07,-0.013478518060611148,0.06668841780533272,0.1081400405491037,0.0,4,Solved,126419,78909,301870,0.06494955858493791,6.657581549853603e-12,3.3110996583429753e-12,0.39835728587697294,-0.6484314463567517,2.232547953675782,-0.3983481623878836,0.6484348532360455,-2.232465368053976,-0.09750435385059278,-0.00428195045411184,-2.194585477778248,0.09750588439958384,0.004279893009071214,2.1945879708478326,0.14009635659079217,1.0391451378200176,-0.01477914443526915,-0.14015572813142188,-1.0391929373590065,0.01477672524937565
2.89,0.12267872168856107,-2.472009416053342e-08,0.5386633899736583,2.3214226205931833e-09,0.014369734862840502,-3.346270160051338e-07,-0.01336079241909234,0.06749315261191945,0.10877103107162855,0.0,4,Solved,128042,86233,311709,0.0649646398354311,6.44084305590784e-12,1.729560505231431e-13,0.3978664886651403,-0.6484525437386777,2.2215389084245003,-0.3978573597581156,0.6484559390860701,-2.2214563322291307,-0.0986408913738332,-0.004188993966457104,-2.206727870523078,0.09864167797420226,0.004186525435723297,2.2067230787475567,0.14044615131909083,1.0393770389264778,-0.014653312068354492,-0.1405187352746344,-1.0394342373668977,0.014657555591352827
2.895,0.12213301075835982,-2.451606872232215e-08,0.5386658833122088,2.2240479310075205e-09,0.014030015393243354,-3.3459894043727516e-07,-0.013242125303767416,0.06823629311017894,0.10938991784609607,0.0,4,Solved,128142,84199,312080,0.06497912606321692,6.822896447173529e-12,1.652985474193125e-13,0.3973702099814999,-0.6484731345337301,2.210469571590856,-0.39736107301478857,0.6484765199351311,-2.2103869793429713,-0.09971086443576557,-0.004082096724928322,-2.2187308950937865,0.0997130190209103,0.004080412581658335,2.2187393750616167,0.1408083489866074,1.0396152053462588,-0.014531489796991611,-0.14087227423946364,-1.0396660170114707,0.014531368536359382
2.9,0.12158424165827607,-2.4380210243442915e-08,0.5386684108217368,2.250350682302117e-09,0.013686762931655492,-3.3444034957041297e-07,-0.013122542620812031,0.06891863017896356,0.10999676634862375,0.0,4,Solved,126219,81033,305236,0.0649936193404844,7.605812731076054e-12,4.1774222969692687e-13,0.3968687756122669,-0.6484931535823291,2.199340591484642,-0.3968596280343608,0.6484965304541482,-2.199257958041689,-0.10071658223012142,-0.003962748296673913,-2.2306105995992587,0.10071868890711184,0.003961026684608117,2.2306186969005823,0.14116919467653663,1.0398494780404572,-0.01440692038180969,-0.1412295339730691,-1.0398979094477503,0.014404963016161423
2.9050000000000002,0.12103247437038657,-2.4225297563990597e-08,0.5386709735529748,2.2466891040283584e-09,0.013340278978308097,-3.3442070082179327e-07,-0.013002070496092472,0.06954101118512848,0.11059164952794676,0.0,4,Solved,127291,79440,308303,0.06500826537571902,1.1206873645232263e-12,1.5443939530013218e-13,0.39636250620415386,-0.6485125393487979,2.1881525997614557,-0.3963533499225193,0.648515906475392,-2.1880699439236437,-0.10165823727957009,-0.003831183805569218,-2.2423619570554236,0.1016597384599544,0.003829087056666967,2.2423640495894688,0.1415246396172079,1.0400771690132637,-0.014277665277170103,-0.1415942711598433,-1.0401322460115043,0.014280376774585409
2.91,0.12047776851209867,-2.406457936083716e-08,0.5386735725068237,2.2326792560856872e-09,0.012990860825602859,-3.3437193316447365e-07,-0.012880735196769055,0.07010425940068658,0.11117463862578165,0.0,4,Solved,131138,80602,318512,0.06502248590827525,9.109182444494486e-12,5.011943551153086e-13,0.3958517234010602,-0.648531230506707,2.176906271004711,-0.39584255693009057,0.6485345885631789,-2.1768235792539037,-0.10253536485381749,-0.0036873215567550036,-2.2539740071023555,0.10253775638814341,0.003685686742629023,2.2539845441844486,0.14188712617548832,1.0403070615923544,-0.014150144980534457,-0.14195358701580543,-1.040359774532404,0.014151245143227737
2.915,0.11992018334157706,-2.3943763783788415e-08,0.5386762086288751,2.2906115705935893e-09,0.012638801653894178,-3.3421372079234593e-07,-0.01275856313038943,0.07060920551741795,0.1117458068841877,0.0,4,Solved,134424,80051,311809,0.06503654820959218,2.1934889885347197e-12,6.38454566992408e-13,0.39533674495773324,-0.6485491689091606,2.165602274743539,-0.39532756545710285,0.6485525192297852,-2.1655195202951156,-0.10334956004997004,-0.0035322576100967847,-2.265455653441762,0.10335231187013987,0.003530765235377948,2.2654695300616687,0.1422502329240688,1.0405344225696675,-0.014021313346978476,-0.14231327094491816,-1.0405847713534748,0.014020656148542117
2.92,0.11935977772241117,-2.3815267508928266e-08,0.5386788828130896,2.337224693185142e-09,0.012284390265449701,-3.3411493199168443e-07,-0.012635580864585855,0.07105676594835923,0.11230523813925113,0.0,4,Solved,134083,85632,352656,0.06505055042417882,1.2097162713981752e-11,6.698259568532761e-13,0.3948178832795813,-0.6485663000293906,2.154241264915915,-0.39480869059340173,0.6485696423291265,-2.1541584474040216,-0.10410155350852313,-0.003366477863995767,-2.276806222396533,0.10410411824976012,0.0033648008460431048,2.276818012612283,0.1426112278069938,1.040757378171936,-0.0138898895981654,-0.14267582734540388,-1.040808806786861,0.013889992423447626
2.9250000000000003,0.11879661009934832,-2.3658141199602227e-08,0.5386815959052961,2.3335501262366293e-09,0.011927910910338558,-3.340685829601987e-07,-0.01251181502046687,0.07144782476491693,0.11285301358076982,0.0,4,Solved,129315,82266,329502,0.0650643492419775,9.71219324365872e-12,4.932170123705948e-13,0.3942954486025504,-0.6485825711258218,2.1428239108838985,-0.39428624290003184,0.6485859049451466,-2.1427410334094454,-0.10479158079740941,-0.003190257550560153,-2.2880210294065346,0.1047942104637444,0.003188547811592299,2.288033157742131,0.14297284982019812,1.040977812817295,-0.013757406891263363,-0.14303803376161586,-1.04102958787164,0.013757780303340449
2.93,0.11823073850585167,-2.3489021969329744e-08,0.5386843486983148,2.308596800559396e-09,0.011569643399177246,-3.340094947841183e-07,-0.01238729229840177,0.07178328685939322,0.11338921776193144,0.0,4,Solved,134514,81464,320265,0.0650780316931986,1.8429639766298788e-11,1.1357837413628058e-12,0.3937697483502495,-0.6485979316904387,2.1313508910530574,-0.39376052905994957,0.6486012570344024,-2.1312679493820488,-0.10542041855158908,-0.0030041530880286094,-2.2991001565176763,0.10542319536418149,0.0030024661100493083,2.299113468864725,0.14333277834737942,1.0411939364027762,-0.013622843269322317,-0.14340178256191163,-1.0412485070911777,0.013625104869117695
2.935,0.11766222053988627,-2.3329521125212686e-08,0.5386871419330924,2.3008488434213193e-09,0.011209862935044685,-3.33883528848003e-07,-0.012262039442635887,0.07206408185905464,0.11391393911792862,0.0,4,Solved,126780,81083,309856,0.06509126974217899,1.0282290427085505e-12,6.148293679730799e-14,0.39324108703034727,-0.6486123334787779,2.119822893017397,-0.3932318516124843,0.6486156514060507,-2.1197398639573537,-0.10598852368761652,-0.0028085510359458312,-2.310040502825102,0.1059920472982923,0.002807197584071575,2.3100607402516373,0.1436977735824496,1.0414107150148868,-0.013489738978807312,-0.14375990249503554,-1.0414603158748639,0.01348850522364651
2.94,0.11709111334703459,-2.316766637507564e-08,0.538689976300093,2.290502343288857e-09,0.010848840006226348,-3.3377608848912533e-07,-0.01213608322293021,0.07229116199862748,0.11442726943630686,0.0,4,Solved,126459,82045,319995,0.06510456858100111,1.6345976221882053e-12,2.4130914280662275e-13,0.3927097633673433,-0.6486257319237463,2.108240587469778,-0.39270051147098356,0.6486290422164497,-2.108157468914061,-0.10649751459762494,-0.0026044110051564725,-2.320849729866943,0.10650066382812842,0.002602772531662984,2.3208661022968906,0.14405624924875235,1.0416197225294133,-0.013352382838332788,-0.14412367475433896,-1.0416730972960178,0.0133537747283297
2.945,0.1165174736142174,-2.2981538387649924e-08,0.5386928524391627,2.2376120949512617e-09,0.010486840370628836,-3.337071648528598e-07,-0.012009450382463795,0.07246546255658094,0.11492929967223778,0.0,4,Solved,125848,80682,308843,0.06511749934858599,2.8300201808731384e-12,8.353521867288105e-13,0.39217607368663066,-0.6486380842527858,2.0966046600602004,-0.39216680461253023,0.6486413869436684,-2.0965214466860544,-0.10694712296397511,-0.002391707682882902,-2.331517824846648,0.10695074820776838,0.0023902623192665158,2.3315385038387344,0.14441722648351754,1.041827460801407,-0.013215479603415644,-0.14448349556150442,-1.0418799895773758,0.013216248200918213
2.95,0.11594135755159586,-2.280303652150964e-08,0.5386957709397394,2.1987999017880417e-09,0.010124124940999794,-3.335892746638526e-07,-0.011882167678671703,0.07258799172392816,0.11542012989466091,0.0,4,Solved,128293,80212,311228,0.06513029154403287,1.1841904410184179e-12,2.579546819203582e-13,0.39164031066173255,-0.6486493500155583,2.0849158025478856,-0.39163102266617333,0.6486526457006871,-2.0848324788269443,-0.10733873375638334,-0.0021712183678144164,-2.342049349454214,0.10734262591565552,0.002169845353092689,2.3420723512170447,0.1447752963480754,1.0420300067048698,-0.013076413650271504,-0.14484457266488285,-1.0420846647045259,0.013078645628826987
2.955,0.1153628208690295,-2.2635536732105667e-08,0.5386987323443944,2.1805631669962558e-09,0.009760949616383732,-3.3343108357811603e-07,-0.011754261786479925,0.07265972721401182,0.11589985773024591,0.0,4,Solved,136678,82656,321738,0.06514258065793072,1.5063505998114124e-12,4.713655681054529e-13,0.39110276291631846,-0.6486594912811453,2.07317470869184,-0.39109345325649386,0.6486627810669905,-2.0730912495391633,-0.10767278099206762,-0.001943273076517845,-2.3524406437947527,0.1076774079401915,0.0019422169929779714,2.3524704441910007,0.1451382499764063,1.0422329513611024,-0.012939243969749272,-0.1451986990472341,-1.0422812905268914,0.012936981836718462
2.96,0.11478191878453933,-2.24534800053494e-08,0.5387017371449915,2.1385487593747417e-09,0.009397565397115077,-3.333420891693841e-07,-0.011625759319627301,0.07268166331005142,0.11636858342860008,0.0,4,Solved,129315,87184,354009,0.0651547277222924,1.0516032489249483e-12,1.2135995333673044e-13,0.390563712828974,-0.6486684738019296,2.0613820531483387,-0.39055438216115257,0.6486717568950409,-2.061298466192534,-0.10795105083936316,-0.0017088687995535372,-2.362700464489989,0.10795497590415921,0.0017073494481127226,2.3627232464015373,0.1454975130496841,1.0424301583037403,-0.0127997745876578,-0.14555407185775232,-1.0424756435566784,0.012795511788090583
2.965,0.11419870600476906,-2.218334737336108e-08,0.538704785785042,1.940907652637615e-09,0.009034218251817099,-3.334747214924055e-07,-0.011496686795578146,0.07265481114704482,0.11682641027238895,0.0,4,Solved,126780,78879,306729,0.06516702350972711,1.1795009413617663e-12,4.8204495950443516e-14,0.39002343792852645,-0.6486762660232706,2.049538506167713,-0.39001409162125655,0.6486795392841749,-2.0494548441484954,-0.10817397856395967,-0.0014682515753194384,-2.3728245099626677,0.10817657865549136,0.001465997738816875,2.372834385621994,0.14584637012777218,1.0426168116036394,-0.012654755973921997,-0.14591708569598297,-1.0426723761556338,0.012657573734837278
2.97,0.11361323671510436,-2.1885647755162485e-08,0.5387078786584136,1.6922587291144079e-09,0.008671149073897296,-3.3354873468913656e-07,-0.01136707061672981,0.07258018728170366,0.11727344289508988,0.0,4,Solved,134824,81394,315867,0.06517856625065084,1.130477669940413e-13,2.1471106143033936e-14,0.38948221660313265,-0.6486828359951751,2.0376447891075107,-0.38947285447203633,0.6486860996023417,-2.037561050773388,-0.10834098704368716,-0.0012211330206928122,-2.3827986274545885,0.10834451993614333,0.0012194079620095931,2.382817428150453,0.1462046039359522,1.042807070498359,-0.01251425783947393,-0.14626760058886465,-1.0428570600104135,0.012513167448872887
2.975,0.11302556457139452,-2.1630097289845758e-08,0.5387110161118857,1.5199218157853085e-09,0.008308593641644355,-3.335007973752819e-07,-0.011236937053962205,0.07245882045081399,0.11770978820301592,0.0,4,Solved,129034,80192,307521,0.06519018063132667,1.1723955140041653e-12,9.708206460956603e-14,0.38894032037785403,-0.648688155651349,2.0257016009366793,-0.38893094165433095,0.6486914101155068,-2.0256177784550937,-0.10845473247091202,-0.000968972300952195,-2.3926395838072585,0.10845791220009127,0.0009670769720357014,2.3926551221461727,0.14655355127593792,1.042987537246572,-0.012369037565035906,-0.1466239324381306,-1.0430428901012267,0.012371611491531712
2.98,0.11243574268683804,-2.1395571071746193e-08,0.5387141984459296,1.3873303120978964e-09,0.007946782541316807,-3.334264163400366e-07,-0.011106312229479467,0.07229175587625293,0.11813555576544255,0.0,4,Solved,128403,79360,305788,0.06520126122265286,2.8197754461251057e-12,1.1118475931604088e-12,0.3883980164821601,-0.6486921991705187,2.0137096432790784,-0.38838861936760327,0.6486954455268605,-2.0136257190964635,-0.10851489795070207,-0.0007115724873277015,-2.402335466742912,0.10851890613906728,0.0007101257164575044,2.4023589816406257,0.14690625586359002,1.0431676704684787,-0.012225750870327122,-0.14697273734442298,-1.0432201795624458,0.012226324338447964
2.985,0.11184382362283905,-2.120718669211672e-08,0.5387174259154403,1.3398717186351907e-09,0.00758594112362664,-3.332870591297277e-07,-0.010975222087022882,0.07208003914865334,0.11855085612284753,0.0,4,Solved,130507,80532,318842,0.06521213183754603,3.1919031220212224e-12,4.644622360328032e-13,0.38785556724136183,-0.6486949432787721,2.001669615486588,-0.3878461495657805,0.6486981826385939,-2.001585568570635,-0.10852331373939501,-0.00044989519812534633,-2.4118948679938894,0.10852749946923086,0.00044852592540752553,2.4119201159896573,0.1472553230631278,1.0433421158438767,-0.012080806633856545,-0.14732110453065264,-1.0433941094007364,0.0120809765564395
2.99,0.11124985938470167,-2.1026857786400795e-08,0.5387206987284952,1.309996178167197e-09,0.007226289505068134,-3.331956233639909e-07,-0.010843692378888157,0.07182471912428547,0.11895580098855137,0.0,4,Solved,130617,79320,309545,0.06522284382466627,3.020024172146335e-12,4.364976262383191e-13,0.387313229363235,-0.6486963675122067,1.9895822077991803,-0.3873037905851273,0.648699600044077,-1.989498033083638,-0.10848064267714659,-0.00018424706862191166,-2.4213151632585843,0.10848488969502477,0.00018288307300647717,2.4213409435269635,0.1475993327189068,1.043509901266189,-0.011933606463298151,-0.14767014895619102,-1.0435655011946603,0.011936245289971371
2.995,0.11065390141421544,-2.0867392139032048e-08,0.538724017048287,1.3190057357649933e-09,0.006868042534920301,-3.3306086484908955e-07,-0.010711748650339711,0.07152685282906149,0.11935050371158046,0.0,4,Solved,129604,79330,306439,0.06523295278184901,2.8425350181299214e-12,4.090417241031652e-13,0.38677125673288953,-0.6486964526230325,1.9774481289839905,-0.38676179414379835,0.6486996795814796,-1.9773638010998933,-0.10838738174556534,8.51697324706444e-05,-2.4305919206621858,0.10839248714794601,-8.61255164587223e-05,2.43062577335078,0.147947901145123,1.0436779441047441,-0.01178908503053753,-0.14800995466230107,-1.0437272445095842,0.011787265730967833
3.0,0.11005600058146703,-2.0713049964326768e-08,0.5387273809944096,1.3397133036594075e-09,0.006511409757331901,-3.329607539755638e-07,-0.010579416220220234,0.07118750349972974,0.11973507920306424,0.0,4,Solved,129044,87054,314875,0.0652430353047622,9.020423947722622e-12,2.156794708108034e-13,0.38622989598612184,-0.6486951828788254,1.9652680646941758,-0.3862204096073416,0.648698403953505,-1.9651835845606929,-0.1082456093390204,0.0003573310507814713,-2.4397357411908387,0.10825014318049829,-0.0003586498049157399,2.4397639670995086,0.14828780744709677,1.0438368696459233,-0.011640709517612518,-0.14835347008850067,-1.0438885648761953,0.011640648168704887
3.005,0.10945620717888846,-2.0521229423438526e-08,0.5387307906420797,1.2949612883395571e-09,0.006156595396614229,-3.329574393221601e-07,-0.010446720162116153,0.07080773472980405,0.12010964322458198,0.0,4,Solved,135065,87275,320816,0.06525254620493166,2.896579406452132e-12,3.7644670367043e-13,0.3856893897427546,-0.6486925441561451,1.9530427085186848,-0.3856798806713749,0.6486957585872064,-1.9529580873894934,-0.10805529178617912,0.0006323638902903508,-2.4487370098878993,0.10805983424915117,-0.0006337005688548642,2.4487651937517523,0.1486313798207608,1.0439953298639597,-0.011494792348814993,-0.14868804713554684,-1.0440407392789066,0.01149015667889975
3.0100000000000002,0.1088545709118726,-2.0280034771362248e-08,0.538734246025807,1.1631156111090227e-09,0.005803798302652039,-3.3306628087073966e-07,-0.010313685306647153,0.0703886328877818,0.1204743146144036,0.0,4,Solved,127691,79710,305156,0.06526200767962195,5.194282829378005e-12,1.6036044020451001e-12,0.38514997449014843,-0.6486885249652851,1.940772743458178,-0.38514044709971246,0.6486917303393619,-1.940688023688465,-0.10781848286151462,0.0009093247142751704,-2.4576055689042695,0.10782156681151507,-0.0009114410839129166,2.457619713493652,0.14896624292041924,1.0441447467595393,-0.011345188606687425,-0.14902587499372597,-1.0441921228739512,0.011342009458662382
3.015,0.10825114089437142,-1.9953913871284434e-08,0.5387377471397163,8.792931007739777e-10,0.005453211945698795,-3.333181870993722e-07,-0.010180336187438539,0.06993125771467844,0.12082921029186353,0.0,4,Solved,135166,79661,312540,0.06527121840099293,8.996951946470266e-13,3.820758813499747e-13,0.3846118826546618,-0.6486831152882646,1.9284588608440996,-0.38460234280106415,0.6486863087359237,-1.9283740983223383,-0.10753517958517388,0.0011883322806575706,-2.4663321757746814,0.10753727645230006,-0.001190892021938895,2.4663370044095996,0.14929692622358667,1.0442881856860846,-0.011194306449132597,-0.14936202312242225,-1.0443394944158868,0.011193844312617293
3.02,0.10764596564316047,-1.9612669752658874e-08,0.5387412939332078,5.676105467761157e-10,0.005105024410983873,-3.335052127790067e-07,-0.01004669707928668,0.06943671157419277,0.12117445277584085,0.0,4,Solved,128172,80242,313021,0.06527987120001759,2.3293028747137234e-12,3.08306765534061e-13,0.384075344028954,-0.6486763058501444,1.9161017753054914,-0.3840657940867797,0.6486794866167377,-1.9160169916460092,-0.10720625367192309,0.0014690687408308802,-2.4749151712395765,0.10720821406927757,-0.0014715920127674118,2.47491897468539,0.1496301858871094,1.0444306385789464,-0.011045611011836964,-0.14968965430648382,-1.0444779392002814,0.011042318932772011
3.025,0.10703909306726657,-1.9276933010257496e-08,0.5387448863168502,2.6739737444758606e-10,0.004759418327686335,-3.3367381302787216e-07,-0.009912791932042806,0.06890606184512223,0.12151016099368808,0.0,4,Solved,134264,79760,311628,0.06528856162178971,1.435851437747715e-12,4.583308559069632e-13,0.3835405809598352,-0.6486680905919623,1.9037021786222028,-0.3835310244247978,0.6486712574372158,-1.903617405234508,-0.10683360368074624,0.0017506818465267589,-2.4833632488538386,0.10683449651007933,-0.001753635095469186,2.48335730952968,0.14995241996400568,1.044562435826454,-0.010892391837575297,-0.15002206681316574,-1.0446169859486354,0.010894199506275458
3.0300000000000002,0.1064305704798708,-1.896366612591207e-08,0.5387485241634101,9.058170780316022e-12,0.004416570995952103,-3.337814215902037e-07,-0.009778644388144029,0.06834038467626423,0.12183645555755335,0.0,4,Solved,128643,79841,306419,0.06529655896486701,2.01127032780149e-12,2.713714669644318e-13,0.3830078127402309,-0.6486584641935473,1.8912607813244058,-0.3829982500236421,0.6486616176094165,-1.8911760198789596,-0.10641699435891212,0.002033474329818025,-2.491664456560341,0.10641845391210492,-0.0020359917023654453,2.4916643881438465,0.15027982780968513,1.044695151047569,-0.010742855847895407,-0.1503428432025647,-1.0447449434378722,0.010741345932464954
3.035,0.10582044458728435,-1.8711397841323057e-08,0.5387522073079889,-1.3667301438800424e-10,0.004076654325852911,-3.3380807911137844e-07,-0.009644277756772318,0.06774075477914476,0.12215345776840048,0.0,4,Solved,138752,80783,322469,0.06530456002258564,5.987432771803469e-13,1.9393471203943413e-13,0.38247725188963544,-0.6486474240759205,1.8787782778768456,-0.3824676834423503,0.6486505644531249,-1.8786935300811376,-0.10595882462390885,0.002316353951555241,-2.499831998723856,0.1059597658240608,-0.002319021858618163,2.499827508052004,0.1505965645805536,1.0448175640542134,-0.010589163821166779,-0.15066757409009246,-1.0448729603613702,0.010591664177927864
3.04,0.10520876148472418,-1.8506643721310934e-08,0.5387559355474,-1.9383998289410366e-10,0.0037398348340759104,-3.3379166216413896e-07,-0.009509715015086614,0.06710825644872129,0.12246129068053171,0.0,4,Solved,127090,80051,310537,0.06531190531765545,1.7679955806662595e-12,2.4418791641500626e-13,0.38194910655215597,-0.6486349689444659,1.866255369727439,-0.3819395310478439,0.6486380975469008,-1.8661706206818787,-0.10545897096039944,0.0025995974416587824,-2.5078548672137795,0.1054606933569023,-0.00260175542683946,2.507858237165862,0.15091752231729383,1.044940223188755,-0.010438870722483585,-0.15098118602547575,-1.0449904850824872,0.010437682694175521
3.045,0.10459556665116473,-1.835741570423502e-08,0.5387597086429367,-1.4760568766314506e-10,0.0034062736233680395,-3.3373950556642806e-07,-0.009374978785450966,0.06644396815884406,0.12276007720174138,0.0,4,Solved,128673,80102,307982,0.06531930148447132,1.1779012593875156e-12,7.345166141980997e-14,0.38142357813459266,-0.6486211000048819,1.8536927434652888,-0.38141399525044856,0.6486242173358663,-1.8536079883513408,-0.10491974634449824,0.002882209074055978,-2.5157452397434907,0.10492106387417509,-0.0028845276476503414,2.5157450361575933,0.1512265345582867,1.0450517798756227,-0.010283956172894917,-0.15129965197291612,-1.0451088237515411,0.010287490238738269
3.0500000000000003,0.1039809049515785,-1.8239951760662577e-08,0.5387635263219024,-4.209213491782806e-11,0.0030761264268191328,-3.3364920883450783e-07,-0.00924009132488364,0.06574896145499387,0.12304994007945982,0.0,4,Solved,135867,80342,314914,0.06532593988671874,1.9000490200302145e-12,8.772457586736504e-13,0.38090086433870657,-0.6486058192016045,1.8410910994203793,-0.38089127145749596,0.6486089267607994,-1.8410063126784006,-0.10434086005579274,0.003164582364496671,-2.523490538114265,0.1043433113241051,-0.0031663067591356855,2.5235011728275647,0.151541556897984,1.0451650954225067,-0.010133495192389373,-0.15160479702686452,-1.0452150381874998,0.010132073115679189
3.055,0.10336482063426039,-1.8156851043198012e-08,0.5387673882778012,1.2780042651755077e-10,0.00274954361450845,-3.33537901639869e-07,-0.009105074522104687,0.06502431118972811,0.12333100314543029,0.0,4,Solved,127591,79911,307712,0.06533273962385815,1.4668227027968272e-12,2.0256322660894277e-13,0.38038115543758444,-0.6485891311283215,1.8284511170689781,-0.3803715517138839,0.6485922292616872,-1.828366290467982,-0.10372496452792535,0.0034455975835205477,-2.531105967182509,0.10372695228092835,-0.0034475880788701974,2.531112196863884,0.1518419974553144,1.045265450029455,-0.009977263706491355,-0.15191704444883358,-1.0453238339817303,0.009981726251913695
3.06,0.10274735732777539,-1.8082760076223893e-08,0.5387712941702999,3.149704623774798e-10,0.0024266701962270486,-3.3339777906240144e-07,-0.008969949880905999,0.06427108550043573,0.1236033900897013,0.0,4,Solved,129305,79300,305577,0.06533893483972848,1.397014340147329e-12,1.9657105804204988e-13,0.37986463848895735,-0.6485710407202901,1.8157734945523554,-0.37985502045205205,0.6485741309932365,-1.8156885959166853,-0.10307138415839721,0.0037258581517599725,-2.5385753193944423,0.10307482640133697,-0.0037271652692525657,2.5385951289416986,0.1521448787399907,1.0453651061691973,-0.00982386029577975,-0.1522191971868084,-1.0454229574356557,0.00982792193542857
3.065,0.10212855804215598,-1.8078491290528773e-08,0.538775243626535,6.281792887407537e-10,0.0021076458563805064,-3.330739512665012e-07,-0.008834738515746116,0.06349034836451617,0.1238672246405715,0.0,4,Solved,130416,79811,317850,0.06534451531146182,5.075485123498681e-13,2.5937151731936225e-13,0.37935149548083447,-0.6485515542776648,1.803058931520018,-0.37934185629741374,0.6485546396505013,-1.80297389748749,-0.10238223960040763,0.004004531709150401,-2.54590875926682,0.10238699670891198,-0.004005303802443712,2.5459406726464353,0.15245051717048946,1.045464276006257,-0.009673513320607145,-0.1525108502190358,-1.0455122449833891,0.009670517278559223
3.0700000000000003,0.10150846517547622,-1.8046401533960276e-08,0.5387792362420891,8.941627257702933e-10,0.0017926050335982295,-3.328921670938997e-07,-0.008699461125257806,0.06268313466227289,0.12412262771902816,0.0,4,Solved,130928,79440,309265,0.06534995952812282,1.7717711025000443e-11,1.1177493392661164e-12,0.3788418978447805,-0.6485306821532918,1.79030807589335,-0.37883223771900165,0.6485337616849549,-1.7902229107852332,-0.10165964446791284,0.004280820540601805,-2.553116789066697,0.10166346554671717,-0.0042822425645363486,2.553139277382881,0.15274755123101175,1.0455551160443377,-0.009520614359797924,-0.1528029582774369,-1.0455993524499652,0.009515120870219749
3.075,0.10088712050208432,-1.786555941937746e-08,0.53878327158304,8.93696929756215e-10,0.0014816768452840775,-3.330434996451439e-07,-0.008564138046528925,0.06185054514679134,0.1243697285102096,0.0,4,Solved,131779,78979,308082,0.06535532952296572,1.3303110650886446e-11,6.108015569022962e-13,0.3783360115053984,-0.6485084356485059,1.777521574988929,-0.3783263374101407,0.6485115051932889,-1.777436347410026,-0.1009040342505448,0.004554923341944632,-2.560192684303241,0.10090614850200919,-0.004557290459025894,2.560198571469644,0.15303523301698824,1.0456369490554962,-0.009364840691688728,-0.15309640849800077,-1.0456852723674515,0.009362207656570504
3.08,0.10026456516468442,-1.7560110647097297e-08,0.5387873491902236,6.667807028429586e-10,0.0011749850376988763,-3.3331106432341857e-07,-0.008428789163708497,0.06099360926756646,0.12460864815511088,0.0,4,Solved,134194,96072,353808,0.06536038078540231,1.126213892145961e-11,6.685322868210664e-13,0.3778340008409891,-0.6484848251076373,1.7647001120686872,-0.3778243185205453,0.6484878816332451,-1.7646148780245463,-0.10011562854473076,0.004827028496185085,-2.5671289190007966,0.1001169560812801,-0.004829785678374264,2.5671271438727747,0.1533185686942945,1.0457134306815459,-0.009208772854308114,-0.15338586245844954,-1.045766092566437,0.00920919318396718
3.085,0.09964083969726788,-1.722667097235492e-08,0.5387914685773925,3.8688376850429724e-10,0.0008726482063882439,-3.3345492536757586e-07,-0.00829343395948228,0.06011338024715667,0.12483951147553123,0.0,4,Solved,131839,100370,347276,0.06536483406157041,9.248528591938534e-12,5.53564572652876e-13,0.37733602644916037,-0.6484598612996759,1.7518443841990832,-0.37732633698890744,0.6484629044492807,-1.751759154199033,-0.09929553581569076,0.0050968758580452935,-2.573925869978875,0.09929702449872736,-0.005099499897445064,2.5739256734285516,0.1536038891659313,1.045789200509855,-0.009055633090133656,-0.15366496227710078,-1.0458373449851266,0.009052950821919337
3.09,0.09901598401124147,-1.6893538933248388e-08,0.5387956292300549,1.0828517336782851e-10,0.0005747797100712585,-3.335578590861844e-07,-0.008158091476900498,0.059210888054816876,0.12506244102130695,0.0,4,Solved,128914,79760,316828,0.06536911500541276,7.68813015230354e-12,4.652140218192047e-13,0.37684224047422255,-0.648433557719398,1.7389550578374198,-0.3768325461839924,0.6484365866736812,-1.7388698526433666,-0.09844583454406737,0.005363737615616561,-2.5805934683113145,0.09844645404908696,-0.005366714993165124,2.58058535008404,0.15388173465976707,1.045857487428389,-0.008900764471084253,-0.15394302784734365,-1.0459058400866041,0.008898197534982319
3.095,0.09839003740905106,-1.6530659765225822e-08,0.538799830608441,-2.218153337681981e-10,0.00028148780206358815,-3.337430092121102e-07,-0.00802278032945067,0.05828715357884494,0.1252775586918062,0.0,4,Solved,127801,86423,313202,0.06537373718083608,6.460193662815764e-12,3.9219278866187146e-13,0.37635278923700244,-0.6484059290799138,1.7260327929736123,-0.37634309434090935,0.6484089422460774,-1.725947650816848,-0.09756709104762114,0.005627679483756429,-2.5871273221382647,0.09756687911103709,-0.005630953667136981,2.5871117259481617,0.15414030592596992,1.0459100510174455,-0.008738323092013892,-0.15423172741446287,-1.0459797948933773,0.008750824827862791
3.1,0.09776303858314889,-1.6292606542279846e-08,0.5388040721479023,-3.2803683662119645e-10,-7.124354561532947e-06,-3.3352918100538627e-07,-0.007887518691922725,0.05734319212381902,0.12548498641354067,0.0,4,Solved,129053,86784,314073,0.06537661794643078,5.483784097087769e-12,3.3633089802781457e-13,0.37586782185545065,-0.648376987059927,1.7130783244939327,-0.3758581159447861,0.6483799902067588,-1.712993145371116,-0.09665799693012596,0.005889654608214332,-2.5935054342856856,0.09666179275210092,-0.0058908481378426,2.59352799667891,0.15442650693290536,1.045980279675971,-0.00859183818303806,-0.15448396198941391,-1.0460258871428925,0.00858735148361772
3.105,0.09713502560858407,-1.6199418595153935e-08,0.5388083532610517,-1.6755968990057892e-10,-0.0002909587293947811,-3.3319548784011955e-07,-0.007752324321907527,0.056380042826171615,0.125684849143787,0.0,4,Solved,126379,79000,302912,0.06538001833212541,4.6965067495327224e-12,2.8858892272415337e-13,0.37538747097551123,-0.6483467499957617,1.7000922819269138,-0.3753777506771417,0.6483497447627482,-1.700007032335022,-0.09572488163825639,0.006146872870037101,-2.599777299753582,0.0957271684673851,-0.006148856509687586,2.5997858634282025,0.1546895193939589,1.0460321004916389,-0.008435942802674627,-0.15475057981299134,-1.0460802933140065,0.008433228514487384
3.11,0.0965060359451572,-1.6007190249964584e-08,0.5388126733409303,-1.799764832784508e-10,-0.0005699223910879748,-3.3327912647227665e-07,-0.007617214509057332,0.055398699869167504,0.12587726717975292,0.0,4,Solved,125798,79501,307541,0.06538310188223885,1.5398756356301275e-13,3.58118482784997e-14,0.3749118627795559,-0.6483152372627271,1.6870752821340718,-0.37490213362520247,0.6483182208229405,-1.6869900141463345,-0.09476573628344949,0.006400772970472747,-2.6059145441165787,0.09476716668944762,-0.006403180932003547,2.6059149906181807,0.1549480173773589,1.0460789068401337,-0.008280007482662666,-0.15501275278917295,-1.0461296301158216,0.008279124445815033
3.115,0.09587610645354058,-1.5770172745279488e-08,0.53881703175809,-2.7297626975664946e-10,-0.0008439273427593358,-3.3340299326371144e-07,-0.007482206102940128,0.05440015566799346,0.1260623611380155,0.0,4,Solved,131318,81033,318602,0.06538589581569329,3.546805614937739e-12,2.251379421433497e-13,0.3744411239726768,-0.648282465991319,1.6740279958389173,-0.37443138845490054,0.6482854372439395,-1.6739427329061098,-0.09378169104778945,0.006651174829413614,-2.6119179193648714,0.09378285657037211,-0.006653673011340925,2.6119159260771925,0.15520156452976513,1.0461203500031102,-0.008123874856687738,-0.15527084036558675,-1.0461743330510926,0.008125254260674864
3.12,0.09524527339108557,-1.5544541128807053e-08,0.5388214278626441,-3.4565153378458563e-10,-0.0011128905387266835,-3.334239223600274e-07,-0.007347315503145583,0.053385395526765876,0.1262402512232389,0.0,4,Solved,130387,79530,312120,0.06538803446574885,1.1306546052134707e-13,2.6861000403111124e-14,0.37397537591631486,-0.6482484540974995,1.660951091985112,-0.37396563320942994,0.6482514136522352,-1.6608658259128244,-0.0927737789102147,0.0068979356560597916,-2.6177875385292975,0.09277539522572564,-0.0069001758233691105,2.6177898858565194,0.1554583016934165,1.0461623947281797,-0.007971648385643487,-0.15551665471492535,-1.0462085514519817,0.007967578292074208
3.125,0.09461357241914375,-1.5308837159114172e-08,0.5388258609859802,-4.3446055911379145e-10,-0.0013767338052935426,-3.334963028613441e-07,-0.0072125586529568405,0.05235538540190447,0.12641105575313968,0.0,4,Solved,128012,79741,306279,0.06539032905919297,2.758901697152374e-12,1.7528795255572494e-13,0.373514730926592,-0.6482132220361897,1.6478452021111198,-0.3735049841158179,0.6482161685550347,-1.6477599611067628,-0.09174432355619065,0.0071403139494732775,-2.6235357591082002,0.09174462025805491,-0.007143157231781342,2.6235258823170198,0.15570003296226662,1.0461920699771219,-0.007814299676106308,-0.15576824786143198,-1.0462452649470875,0.007815155787772
3.13,0.09398103860452722,-1.5040691621048282e-08,0.5388303304423991,-5.808229486531252e-10,-0.0016353838107214312,-3.3361436836655975e-07,-0.007077951054529142,0.0513111003407882,0.12657489456432314,0.0,4,Solved,128262,79790,312350,0.06539160090182422,2.156624835311649e-11,3.9999514117594615e-13,0.37305929846620806,-0.6481767895246459,1.6347109788280871,-0.3730495492984659,0.6481797224836275,-1.6346257785105416,-0.09069274306713751,0.007379024959147483,-2.629147440470437,0.09069332560742828,-0.007381655407401482,2.6291404259567432,0.15595320345850786,1.046228419582999,-0.007665038756031487,-0.1559992274065402,-1.0462656144291875,0.007654858232103279
3.1350000000000002,0.09334770642443235,-1.4714723569774586e-08,0.5388348355298472,-8.287930042253312e-10,-0.0018887720043928766,-3.339150771783641e-07,-0.006943507737007332,0.05025347441421552,0.12673188310118827,0.0,4,Solved,129294,79139,306699,0.06539363570910081,1.0658141036401503e-13,1.6750815144683795e-14,0.37260917815380434,-0.6481391790680532,1.6215490296290573,-0.37259943600663764,0.6481420943871677,-1.6214639562214264,-0.08962268268437627,0.007612698742262561,-2.634647533334516,0.08961996527614072,-0.007616802557970583,2.634610001998792,0.15617788049028591,1.0462428020649062,-0.007504015807029824,-0.15624929070835117,-1.046298171345613,0.00750653651590905
3.14,0.09271360977058937,-1.4324045719749625e-08,0.5388393755308983,-1.1937230502837387e-09,-0.00213683456371894,-3.342610591212786e-07,-0.006809243304970324,0.049183475839962326,0.12688214124711608,0.0,4,Solved,129785,79229,306960,0.0653947901910326,1.750361216645152e-11,3.268054230010087e-13,0.37216447063390573,-0.6481004103980761,1.608360019063766,-0.3721547395417705,0.648103307058215,-1.6082751082190974,-0.08853140663211662,0.007843118728123094,-2.6400006570489727,0.0885295170512228,-0.007846616938124792,2.639971388867588,0.1564110367247268,1.046261773784514,-0.007349679086199106,-0.15648161921550974,-1.0463166430565216,0.007351843182188116
3.145,0.09207878194833656,-1.405111091315018e-08,0.5388439497139069,-1.3464082064078788e-09,-0.0023795123840831996,-3.342550368098612e-07,-0.0066751718765107985,0.04810201228073635,0.12702578218482735,0.0,4,Solved,137860,80873,316999,0.06539565339730456,1.5974777707247756e-11,2.966238366042262e-13,0.37172527237293435,-0.6480605034768625,1.5951446188682057,-0.37171554876017043,0.6480633840635711,-1.5950598340387239,-0.08742208971827112,0.008069072337176951,-2.645227710567692,0.08742085339407017,-0.008072108269937739,2.6452051764608977,0.1566391958544732,1.0462758841757591,-0.007195375516404373,-0.15670946556909188,-1.046330454356873,0.007197434771102474
3.15,0.09144325569255458,-1.3872459275578926e-08,0.5388485573340331,-1.3254357513929924e-09,-0.002616750928731423,-3.3413869705013126e-07,-0.006541307146637155,0.04701002118385335,0.12716292287064407,0.0,4,Solved,139664,79761,318241,0.06539643891068712,4.8662440330501904e-14,7.850274250098543e-15,0.3712916704565859,-0.6480194807269785,1.5819034588803744,-0.37128195118135826,0.6480223473476762,-1.581818767806558,-0.08629576753700416,0.008290525552496772,-2.6503288777297977,0.08629514721262749,-0.008293166289320078,2.650312625426575,0.1568579687178081,1.0462818758864985,-0.0070389394661123615,-0.15693731976932684,-1.046343022570994,0.007045549096008054
3.1550000000000002,0.09080706316092704,-1.3807067089201975e-08,0.5388531976349198,-1.09712025079374e-09,-0.002848500269388227,-3.3385158027806197e-07,-0.006407662332857071,0.045908396555097014,0.12729367570738861,0.0,4,Solved,130486,79029,306960,0.06539650658293981,1.3666675321814814e-11,2.572430116143387e-13,0.3708637491213429,-0.6479773638557951,1.5686371873765408,-0.3708540266312163,0.6479802203714883,-1.5685525177895465,-0.08515269933230313,0.008507735362339964,-2.6552978979844553,0.0851541820851983,-0.00850936298557986,2.6553015082069167,0.1570815177023079,1.0462900967966389,-0.006887469581769468,-0.15715091254429173,-1.046344105327037,0.006889120066883891
3.16,0.09017023595107634,-1.3834229344441225e-08,0.5388578698483101,-6.979820276131444e-10,-0.0030747149232410744,-3.334972875048143e-07,-0.00627425021755601,0.04479803641617539,0.12741815374784124,0.0,4,Solved,136528,80392,315526,0.06539656284207011,1.278961528697331e-11,2.405588749032628e-13,0.37044158423249574,-0.6479341764967317,1.5553464194296727,-0.370431852839228,0.6479370253296372,-1.5552617179573123,-0.08399549123541447,0.008719906956295487,-2.660149922494363,0.08399748002341009,-0.008721387109607803,2.660158167282261,0.15729419540218212,1.0462893371210307,-0.006733185526075664,-0.15736591029335928,-1.0463450054731218,0.006735973189879138
3.165,0.08953280509911034,-1.3865237148880038e-08,0.5388625731971601,-2.892469207371346e-10,-0.0032953538540184744,-3.332261383470428e-07,-0.006141083124642252,0.04367981689633796,0.12753646794595472,0.0,4,Solved,141928,79430,320465,0.06539617993354173,2.2430348542565252e-13,1.1557161477826483e-14,0.3700252464376653,-0.6478899424697869,1.5420317659923846,-0.37001550235641517,0.6478927847982481,-1.5419469988470693,-0.08282416235515558,0.00892748591887496,-2.6648763437380154,0.0828270693975685,-0.008928674352616371,2.6648927331793772,0.15750559902968736,1.046286545522314,-0.006580891957887423,-0.15757268219153978,-1.0463388789366677,0.006581343099724073
3.17,0.08889480109032616,-1.3874861235692313e-08,0.5388673068942825,8.170054186688992e-11,-0.0035103803612289613,-3.330071293751426e-07,-0.00600817293380939,0.042554602765315225,0.12764872826604406,0.0,4,Solved,130406,79461,308252,0.06539548653822656,1.1500694060279093e-11,2.175946055282818e-13,0.36961480150912795,-0.6478446856845146,1.5286938368026524,-0.36960504237256286,0.6478475217875362,-1.528608984554552,-0.08164031233632929,0.009130159399879427,-2.669483220561414,0.08164339860119667,-0.009131442049856758,2.6695006850014082,0.15771297434703246,1.046279826801095,-0.006429233694932795,-0.15777399047575505,-1.046327784611625,0.00642663099477132
3.1750000000000003,0.08825625386425917,-1.37945571437458e-08,0.5388720701448345,2.9042599316154776e-10,-0.003719762026630719,-3.329585114914614e-07,-0.005875531078753819,0.041423243345133545,0.12775504307338703,0.0,4,Solved,130917,85792,315717,0.06539472689807574,1.102781494594085e-11,2.088659106780355e-13,0.36921030864980875,-0.6477984308313488,1.5153332242595539,-0.36920053646913603,0.647801258894046,-1.51524830883411,-0.08044507036947746,0.00932787095302102,-2.6739723264738955,0.08044736647121568,-0.009329687819836884,2.6739817852370584,0.15791081670689028,1.0462652700276747,-0.006275482831878158,-0.15797529262145826,-1.0463156303692118,0.006274581138883824
3.18,0.08761719281992963,-1.360999330490133e-08,0.5388768621465773,3.0928632033913477e-10,-0.003923470653190442,-3.330140594105821e-07,-0.005743168555289312,0.040286581359553354,0.12785552053079483,0.0,4,Solved,136528,79300,314504,0.06539367409151486,2.2321662637209715e-13,9.185360805297194e-15,0.3688118241002759,-0.6477512016734095,1.50195053659478,-0.36880204112670356,0.6477540200080109,-1.5018655818992013,-0.07923867378326316,0.00952096027818334,-2.678337228180283,0.07924073892354531,-0.009522989020208324,2.678344013736494,0.15810445981106933,1.0462467597930944,-0.006122317341741237,-0.15817130253545675,-1.0462987854642378,0.006122576830432775
3.185,0.08697764682101626,-1.33742767093699e-08,0.5388816820900721,2.337820921232859e-10,-0.004121482205860333,-3.3302598291111903e-07,-0.005611095921108648,0.03914543963636906,0.12795026651207334,0.0,4,Solved,128973,79300,313172,0.06539197612212487,1.0391898496234231e-11,1.9739765377835283e-13,0.36841940032151854,-0.6477030215258663,1.4885463896976412,-0.3684096066362244,0.6477058296896981,-1.4884613985537103,-0.0780222178332689,0.009709358243619274,-2.6825796164689106,0.07802440906970752,-0.00971139592562811,2.6825872338455294,0.15830174412717504,1.0462300133896194,-0.005973642791634021,-0.15835421178628567,-1.046271617953998,0.0059667456206473025
3.19,0.08633764421011612,-1.305241014044981e-08,0.538886529161739,3.159277965012876e-12,-0.004313776683809768,-3.331947490545464e-07,-0.005479323291378144,0.03800061381604324,0.1280393841123196,0.0,4,Solved,131037,79000,307320,0.0653904856592131,2.3152298016719686e-13,8.664076400766163e-15,0.36803308066518925,-0.64765391576667,1.4751213561506233,-0.3680232826799655,0.6476567105836899,-1.475036389086288,-0.07679800729786211,0.00989243226061512,-2.68671277106728,0.07679798672401149,-0.009895504654432494,2.6866997381569644,0.15848378306296707,1.0462014365813357,-0.005820093380426323,-0.15854279663241452,-1.0462477705474096,0.005816459285879455
3.1950000000000003,0.08569721280838297,-1.260720673569996e-08,0.5388914025437584,-4.5053600468425706e-10,-0.004500338107090148,-3.3355082755650335e-07,-0.00534786037621781,0.03685292221313356,0.12812297931677452,0.0,4,Solved,129024,79430,306999,0.06538872134797365,1.0093101810056126e-11,1.932789865655149e-13,0.3676529060083227,-0.647603908502533,1.4616760275055316,-0.367643111543026,0.6476066866486091,-1.4615911570786138,-0.07556534735088379,0.010071002795940033,-2.6907216407430634,0.07556418171873272,-0.010074504723712787,2.6906981100390635,0.15866139569535745,1.0461689922210753,-0.005667031271781085,-0.15872642361735476,-1.0462195415675783,0.005666431189434037
3.2,0.08505637992056143,-1.2147469564316117e-08,0.5388963014163224,-9.31462683638103e-10,-0.004681154465029383,-3.3380032620729326e-07,-0.005216716434115532,0.03570312715116794,0.12820115180441655,0.0,4,Solved,128223,78108,305668,0.0653867478879827,1.0071390553131887e-11,1.940492037888486e-13,0.3672789156254735,-0.6475530223850263,1.4482110212154649,-0.3672691275676162,0.6475557832731795,-1.4481262723720196,-0.07432521883061564,0.010245023702686144,-2.6946075225249584,0.07432385248054453,-0.010248443953194422,2.694582645033214,0.1588331845975096,1.0461315742996664,-0.005513801025399495,-0.15890636100581151,-1.0461879662077231,0.0055172970622282365
3.205,0.0844151723516438,-1.1772019720889474e-08,0.5389012249556553,-1.2592406544538586e-09,-0.004856217557084254,-3.3381403725493053e-07,-0.00508590032356823,0.03455200612090049,0.12827400354423912,0.0,4,Solved,129284,79801,305717,0.06538447210469742,1.0103799416051606e-11,1.9254172908822476e-13,0.3669111444975171,-0.6475012800342039,1.4347269543969323,-0.36690135996928996,0.6475040258794273,-1.4346422973309951,-0.07307840410482372,0.01041453455562435,-2.698369685886203,0.07307813136772963,-0.01041728104806575,2.6983556175002836,0.1590014646527782,1.046090949461966,-0.005361568883088983,-0.15908040079609528,-1.0461515536751587,0.005367952345035755
3.21,0.08377361640070648,-1.155360355776824e-08,0.5389061723354225,-1.30048368984702e-09,-0.005025523032843339,-3.3354179302420794e-07,-0.0049554204848793835,0.03340031395229746,0.12834163387374772,0.0,4,Solved,137951,78528,314024,0.06538156551511101,1.0219780642410636e-11,1.9573578868836705e-13,0.3665496226828245,-0.647448704314724,1.4212244375649297,-0.3665398334772514,0.6474514395063768,-1.4211397931544836,-0.07182602194936417,0.010579430317015037,-2.702010808027898,0.07182776017834754,-0.010581168262633922,2.702015911046876,0.15917358415353466,1.046052447957391,-0.005213989821379908,-0.15924125639775893,-1.0461050482417762,0.005214766492238031
3.215,0.08313173788085121,-1.1444951898354402e-08,0.5389111427280259,-1.1382938539644568e-09,-0.005189070214976515,-3.3323484404789423e-07,-0.0048252849389036935,0.03224877264111451,0.12840413872257048,0.0,4,Solved,135837,82767,320224,0.06537917630514062,2.7171169570723517e-13,8.431515034768022e-15,0.36619437124654636,-0.6473953202085275,1.407704035211742,-0.36618457278702515,0.6473980469386316,-1.4076193592149215,-0.07057032244150271,0.01073908384173701,-2.7055444160190096,0.07057225820231415,-0.010740747011173881,2.7055515753958863,0.15932413566493012,1.0459979415924638,-0.005058440068162608,-0.15941438268767658,-1.04606682088225,0.005070406692154493
3.22,0.0824895621313109,-1.144185206688322e-08,0.5389161353048298,-7.831286572191919e-10,-0.005346861984988419,-3.327602410980287e-07,-0.004695501307132055,0.031098090033044982,0.1284616122990724,0.0,4,Solved,129705,89268,326857,0.06537504644172783,2.487271182675643e-13,5.2713909626245226e-15,0.365845412366664,-0.647341149932769,1.3941663590157443,-0.36583559258403253,0.6473438734451897,-1.3940815398662816,-0.06930945418340065,0.010894801356368791,-2.7089459199168444,0.06931526374330026,-0.010894794960058803,2.7089887610866166,0.15950332641725104,1.0459635365189952,-0.004919890879913568,-0.15954946971761375,-1.0460007430676452,0.004909884309675854
3.225,0.08184711401179103,-1.1451507506752695e-08,0.5389211492418859,-3.9999784788847523e-10,-0.005498904831429179,-3.324981189658498e-07,-0.004566076839945431,0.029949003064751362,0.1285141524652837,0.0,4,Solved,142088,87395,345744,0.06537212563635098,1.106330446091347e-11,2.1071078909473684e-13,0.36550275275730376,-0.6472862205675382,1.3806119166201225,-0.36549291382700916,0.647288938973443,-1.3805269758532386,-0.06804976390844712,0.011044157906122518,-2.7122660642459744,0.06805230311071217,-0.01104583409482172,2.7122782322671273,0.15964561525024626,1.0459022569900311,-0.004765727402365692,-0.1597122637805249,-1.0459540101816156,0.004765873903356528
3.23,0.08120441790537035,-1.1266649410914782e-08,0.5389261837185179,-3.6777148996129703e-10,-0.005645208809111692,-3.3267957362450344e-07,-0.004437018372348135,0.028802193534951184,0.1285618510088699,0.0,4,Solved,131718,86023,337036,0.06536863884786583,2.5201341171960296e-13,7.320804119165247e-15,0.36516639991725236,-0.6472305561331946,1.3670412597773294,-0.3651565478988031,0.6472332661410252,-1.3669562561094348,-0.06678682383814048,0.011189699517007313,-2.7154567881990133,0.06678948655718582,-0.011191383573982928,2.715469611993298,0.15979088625805493,1.0458426391164646,-0.004615776056846646,-0.15986292110142436,-1.0458982215658532,0.004618570068241189
3.235,0.08056149774679645,-1.1079234529305854e-08,0.5389312379150297,-3.4332626464846535e-10,-0.005785787284933069,-3.326379817919736e-07,-0.004308332356001946,0.02765832020141,0.1286047972136271,0.0,4,Solved,134985,85150,334522,0.06536422745505673,2.571840941540245e-13,5.605216811532809e-15,0.3648363636639362,-0.6471741775560007,1.3534549976145733,-0.36482649548903523,0.647176880274135,-1.3533699044319072,-0.06552275655299078,0.011330820097016586,-2.7185306419822535,0.06552636209178218,-0.011332134542212765,2.7185518967670244,0.15994708148260223,1.0457904725220246,-0.00447397995911076,-0.15999351490248517,-1.0458276392809076,0.00446403363866388
3.24,0.07991837702510086,-1.0810049819165199e-08,0.5389363110132432,-4.654967667788177e-10,-0.005920656905066573,-3.328007349313818e-07,-0.004180024869277332,0.02651803784457981,0.1286430802449307,0.0,4,Solved,137780,86944,337898,0.06536051031099595,1.278645700604486e-11,2.445426673658435e-13,0.36451263965277547,-0.6471171102211359,1.3398536428718968,-0.3645027631475669,0.6471198018434439,-1.3397685333319096,-0.06426087934546983,0.011466443080899667,-2.7215114178921747,0.06426126666720465,-0.011469239107822939,2.721502821632529,0.16007860777486976,1.0457202475802254,-0.004322652093072054,-0.16013981708248684,-1.0457681649759352,0.004320023258011588
3.245,0.079275078795509,-1.0378275567400141e-08,0.5389414021997843,-8.825706014338042e-10,-0.006049837491952738,-3.332198673143456e-07,-0.004052101611457171,0.025381962724900013,0.128676784432258,0.0,4,Solved,150705,94298,363898,0.0653565558737215,1.3610845306724628e-11,2.619263313186071e-13,0.36419522445742214,-0.6470593766945593,1.3262377501751805,-0.36418534840140526,0.6470620535077716,-1.3261527057978695,-0.06299870488478446,0.011598178589479318,-2.7243695244137722,0.06299828699408563,-0.011601247116874887,2.7243535063668998,0.16020537986401193,1.0456464001845616,-0.004171673434932336,-0.16028163029637027,-1.045704893979544,0.0041765458894419405
3.25,0.07863162567262219,-9.991406479969605e-09,0.53894651066595,-1.220965570808995e-09,-0.006173352089378487,-3.333091243762208e-07,-0.003924567962493689,0.024250776620136822,0.12870600289818593,0.0,4,Solved,129886,83047,328801,0.06535176441056997,2.544511022087013e-13,7.599389867385398e-15,0.3638841168988961,-0.6470009964788257,1.3126079305259313,-0.3638742381675246,0.6470036605487479,-1.3125229210390508,-0.06173711032120317,0.011726003837314019,-2.7271057011940405,0.06173826800370926,-0.011728221781857272,2.7271046610424508,0.16034190691506947,1.0455792565612911,-0.0040282481528313265,-0.16040489695274915,-1.0456282305691196,0.004026551835022374
3.255,0.07798803982769426,-9.696981016132953e-09,0.538951635603615,-1.389699309970384e-09,-0.00629122696429106,-3.332472483793769e-07,-0.0037974289079209696,0.02312506825718069,0.12873081733515457,0.0,4,Solved,130186,85231,342406,0.06534709185836529,1.5728915999518867e-11,2.999089691868573e-13,0.3635793049681018,-0.646941992168591,1.298964727353479,-0.3635694222828019,0.6469446446131925,-1.2988797383612372,-0.06047912093455092,0.011848921307486191,-2.729741933084457,0.0604796737161751,-0.011851314430470956,2.7297358270368113,0.16046665791321313,1.0455034744673855,-0.003881679999827506,-0.16053110106152768,-1.0455534697338447,0.0038807119803902714
3.2600000000000002,0.07734434303413311,-9.404645895463259e-09,0.5389567762131146,-1.5511643826752255e-09,-0.006403491236819629,-3.3330963954728506e-07,-0.003670689096850907,0.022005418128890234,0.1287513086743707,0.0,4,Solved,126840,80142,306499,0.06534250654513911,1.7086150961957702e-11,3.2451168488489834e-13,0.36328077205487275,-0.6468823863265513,1.2853086719717517,-0.3632708876368476,0.6468850266744248,-1.2852237216875724,-0.05922427741437646,0.011967575876878474,-2.7322677690017594,0.05922448737671099,-0.011970012945006676,2.7322589379902755,0.16058054146487186,1.04541971024796,-0.0037324099662280103,-0.16065940622666844,-1.0454801047222257,0.003738601220041943
3.265,0.07670055665989742,-9.190970038133726e-09,0.5389619317022584,-1.5691085891227e-09,-0.006510176930719512,-3.331920991220857e-07,-0.0035443528427101145,0.02089240226473029,0.12876755748589114,0.0,4,Solved,129444,79851,307481,0.06533709497388306,1.8685648948274514e-11,3.5564867023607505e-13,0.3629885032813609,-0.6468221986974724,1.2716403428135934,-0.3629786118245954,0.6468248297995527,-1.271555380486786,-0.05797229769182967,0.012082481077753645,-2.7346744172658433,0.05797449653962926,-0.012083956724572489,2.7346842430721736,0.16070387982036557,1.0453426184406427,-0.0035905076369021315,-0.160769556576015,-1.045393519582129,0.003590150179463391
3.27,0.07605670167420818,-9.072417425188373e-09,0.5389671012856468,-1.4119105361182201e-09,-0.006611318905641026,-3.329773206883731e-07,-0.0034184241273303626,0.01978658133842329,0.12877964295479957,0.0,4,Solved,140054,81183,321227,0.06533179574445529,2.0585640505589586e-11,3.901033142350574e-13,0.36270247540577927,-0.6467614509643836,1.2579602714081037,-0.36269257346515293,0.6467640744655027,-1.2578752638622248,-0.05672614414860698,0.01219267445286526,-2.736983256346223,0.05672818241325328,-0.012194223679981275,2.7369918158303976,0.1608160289041679,1.0452574358612965,-0.0034457181689150932,-0.1608823224083083,-1.0453087319112846,0.0034456492799799505
3.275,0.07541279865796596,-8.942822023042644e-09,0.5389722841840487,-1.2717992008348881e-09,-0.006706954759407962,-3.3291092503186925e-07,-0.0032929066097707924,0.01868849319455821,0.12878764150457564,0.0,4,Solved,125036,79851,304736,0.06532622531013983,2.4333641532878523e-13,7.751178171533368e-15,0.36242266063479023,-0.6467001647717264,1.2442689763023913,-0.362412748595429,0.6467027804628973,-1.244183926692533,-0.055485383530432156,0.01229878136367993,-2.739184526499831,0.0554873943740397,-0.012300353122950884,2.739192850917831,0.16092561288264914,1.0451703055581592,-0.0033023035810852393,-0.16098909687926208,-1.0452196049622373,0.003300821655657497
3.2800000000000002,0.07476886781072409,-8.78779113181898e-09,0.5389774796270103,-1.176606804971362e-09,-0.006797124767405719,-3.3292368501361734e-07,-0.0031678036445975236,0.017598675907781428,0.12879162987896584,0.0,4,Solved,129474,79420,307080,0.06532078473956275,2.652324947517461e-13,8.932308018239077e-15,0.3621490290121218,-0.6466383607215701,1.2305669853558499,-0.3621391083523159,0.6466409678701248,-1.230481907462955,-0.05425101149157791,0.01240074571465874,-2.741281542098739,0.054252547642120195,-0.012402543025087434,2.7412854383240357,0.16102387647986705,1.0450750506338062,-0.0031558957717118985,-0.16109880968594617,-1.045132555833004,0.0031600733111768918
3.285,0.07412492895760053,-8.640151828521097e-09,0.5389826868517162,-1.068469745704495e-09,-0.0068818718133696125,-3.328465294843242e-07,-0.0030431182717332765,0.016517633458500852,0.12879168087899176,0.0,4,Solved,133782,82055,319183,0.06531455375203167,2.467068426770996e-12,1.6384571650818192e-13,0.3618815500762282,-0.6465760577358529,1.2168548495959735,-0.36187161759397674,0.6465786576880319,-1.2167697144613854,-0.053022540172898563,0.012499153115816513,-2.7432644281297915,0.05302545141568179,-0.012500365797901347,2.7432808604997407,0.1611314891907242,1.04498650463964,-0.0030167345358554113,-0.16119084682244508,-1.0450328600325067,0.0030131662301350276
3.29,0.07348100156471632,-8.496281713181595e-09,0.5389879051050539,-9.524409814561188e-10,-0.006961241257549504,-3.327842593077751e-07,-0.002918853242031325,0.015445861314320776,0.12878786636010375,0.0,4,Solved,128182,79781,306589,0.06530861208516045,2.7752610920495764e-12,1.7991668268060867e-13,0.36162018571871923,-0.6465132763336874,1.2031330768433324,-0.3616102422062642,0.6465158684867327,-1.2030478922429513,-0.051802827852598536,0.0125931080628793,-2.7451540408857213,0.05180457349674802,-0.012594889541087232,2.745159636678547,0.1612244013466653,1.044887496855457,-0.002872866107610114,-0.16128936633110313,-1.0449377933625672,0.0028720614601058635
3.295,0.07283710474353078,-8.276101418740124e-09,0.5389931336438736,-9.741184207164008e-10,-0.007035280893273415,-3.3288125259922964e-07,-0.002795011015807955,0.014383837153961085,0.12878025632201157,0.0,4,Solved,129465,79721,311288,0.06530254975914243,2.3721124821417024e-13,9.349346383885626e-15,0.3613648955010506,-0.646450036068001,1.1894021795912335,-0.36135494396516576,0.6464526189885299,-1.18931697385174,-0.0505907712893753,0.012683495957212639,-2.7469350994208175,0.05059228032430687,-0.012685385227010676,2.7469384107324104,0.16131204220698825,1.0447847323119719,-0.0027289491457634114,-0.16138504136354956,-1.044840796146279,0.0027321111136845004
3.3000000000000003,0.07219325726131276,-8.067261146072654e-09,0.5389983717341925,-9.762440374055674e-10,-0.007104040849886766,-3.328414145548516e-07,-0.0026715937760964995,0.013332022171473352,0.12876891892482153,0.0,4,Solved,130747,87775,320836,0.06529615630512521,3.552111524461137e-12,2.26003731788188e-13,0.36111563981566497,-0.6463863543699846,1.1756627034368474,-0.3611056775936269,0.6463889292241122,-1.1755774524783786,-0.04938681191583255,0.012770449183248172,-2.748606651838765,0.04938936290082884,-0.012771887412482481,2.748619476347756,0.16139921820357592,1.044681721109447,-0.002587349815274617,-0.16147317330453614,-1.0447385008820034,0.002590958672735577
3.305,0.07154947754999294,-7.92271909653224e-09,0.5390036186525283,-8.61694839364577e-10,-0.007167573515010246,-3.3262278298686957e-07,-0.0025486034370392073,0.012290861485247093,0.12875392050487064,0.0,4,Solved,128834,80602,310266,0.06528940278740104,4.059217326907042e-12,2.617579547212201e-13,0.36087237464859073,-0.6463222489930829,1.161915177823516,-0.36086239616721977,0.6463248180444631,-1.1618298308254826,-0.04819212419576304,0.012853777498698125,-2.7501747029416914,0.04819584360836944,-0.01285476095350881,2.7501981486402975,0.1614866114502816,1.0445790060317797,-0.00244838221352051,-0.1615531705333692,-1.0446304445984167,0.002448288674860559
3.31,0.07090578371409188,-7.797626957736274e-09,0.5390088736857166,-7.102265080254553e-10,-0.007225933461074035,-3.32428961757894e-07,-0.0024260416532928303,0.011260787166281264,0.12873532607930394,0.0,4,Solved,128232,79230,305047,0.06528278883505667,4.677161204712247e-12,2.897499406205595e-13,0.3606350499192131,-0.6462577386738584,1.1481600999053907,-0.36062505296718766,0.6462603024930478,-1.148074637338378,-0.04700795131517401,0.01293327959006318,-2.751646028210143,0.04701163555242034,-0.012934365663691145,2.7516689548040736,0.1615636872658883,1.044468869019331,-0.002306800208783966,-0.1616358243613935,-1.0445246213609067,0.002309393937458406
3.315,0.07026219355075247,-7.653097339188622e-09,0.5390141361295533,-5.9358557695439e-10,-0.007279177268193051,-3.3227700543308593e-07,-0.0023039098012035495,0.010242172655684117,0.1287131938345784,0.0,4,Solved,128713,79319,312460,0.06527558342442902,2.3239370572654967e-13,1.7622025800384522e-14,0.3604036147464782,-0.6461928409118788,1.1343979802362638,-0.36039359676570437,0.6461954000659111,-1.134312380489283,-0.045833739410483375,0.013009489190692081,-2.753011706109542,0.045838292045145425,-0.01301032367738088,2.7530421395185676,0.1616457812372604,1.0443628576014596,-0.002170175151624787,-0.16170553399537774,-1.0444093347908643,0.0021666136174691582
3.3200000000000003,0.06961872454364312,-7.465067842265711e-09,0.5390194052926013,-5.551992519095313e-10,-0.007327363577878677,-3.3223060184716203e-07,-0.0021822090848605167,0.009235483125644728,0.12868759265229243,0.0,4,Solved,129234,79740,306669,0.06526848001492881,2.1636204799403418e-13,1.5058755024194292e-14,0.3601780129483026,-0.6461275736194879,1.1206293056987955,-0.36016797568651077,0.6461301268516458,-1.1205435862999846,-0.04467160907925256,0.01308193117189836,-2.7542854698074635,0.04467500986023042,-0.013083337874545534,2.7543051285897624,0.16171872512192223,1.0442502393083322,-0.002031461118921541,-0.1617769391492818,-1.044295680238861,0.0020270873785710715
3.325,0.06897539385298042,-7.160532298590153e-09,0.53902468049771,-7.276060109019464e-10,-0.0073705531746202195,-3.324287832931151e-07,-0.0020609404196979147,0.00824108414487217,0.12865857997961655,0.0,4,Solved,128031,79260,304125,0.06526149140452986,7.39601255323462e-12,4.4587223453282365e-13,0.35995818542607,-0.6460619542160839,1.1068545582755118,-0.35994813534561193,0.6460644985416464,-1.1067687795032144,-0.04352113615979707,0.013151069587155598,-2.755459904615133,0.04352314352380214,-0.013153089227880884,2.7554666273272135,0.16178178028808984,1.0441308610460867,-0.0018902459150726863,-0.16185079726403334,-1.0441838624724777,0.001891204366830064
3.33,0.06833221836452377,-6.806466141102249e-09,0.5390299610765491,-9.911934526265992e-10,-0.007408808558421354,-3.3259372545278125e-07,-0.001940104505882656,0.007259327853462777,0.12862621179963118,0.0,4,Solved,129425,79370,305667,0.06525439390947947,1.9557717236198557e-13,2.1137442924451522e-14,0.3597440753849115,-0.6459959976409159,1.093074260258369,-0.3597340142472919,0.6459985325254836,-1.0929884382767334,-0.04238182829091519,0.013217420691354792,-2.756526492243421,0.042384168233836915,-0.013219225520277891,2.7565363759475194,0.1618404882133197,1.0440084678398014,-0.0017492796798548559,-0.16192166031176347,-1.0440703025516715,0.001756216430992908
3.335,0.06768921468205301,-6.548656061793153e-09,0.5390352463734799,-1.0811300650403548e-09,-0.007442194010895675,-3.3242592301130376e-07,-0.001819701838571384,0.006290570238253805,0.12859054441140233,0.0,4,Solved,130537,80152,318472,0.06524639577853875,2.021141785299026e-13,2.603738622278251e-14,0.35953562578691195,-0.6459297175985851,1.0792889512718487,-0.35952554618081195,0.6459322464882105,-1.0792030175181904,-0.041254089545087004,0.013281061292939359,-2.757485089383278,0.04125867782181845,-0.013281873719256121,2.7575156860591497,0.16191228801932894,1.043895796074646,-0.0016171495022489046,-0.16197222143016698,-1.04394233245662,0.0016135408961680364
3.34,0.067046399133468,-6.352143438865346e-09,0.5390405357466922,-1.057094556140723e-09,-0.007470775542966268,-3.322584008202269e-07,-0.001699732701873796,0.0053351472020978265,0.12855163195960118,0.0,4,Solved,128733,79601,306268,0.0652387263711505,1.249555803653555e-11,7.335559026530603e-13,0.3593327693145864,-0.6458631309330163,1.065499095296677,-0.3593226704656243,0.6458656540902342,-1.0654130418406185,-0.04014107046999033,0.01334091345860867,-2.758360931804914,0.04014444005565467,-0.013342271170161565,2.75838051941806,0.16197027669647052,1.0437733299706957,-0.0014805125803133022,-0.1620295761314084,-1.043819621938408,0.0014765286697899997
3.345,0.06640378778859653,-6.060198802335728e-09,0.5390458285638666,-1.203840950633468e-09,-0.0074946207311168455,-3.324156764141256e-07,-0.0015801971631622352,0.004393354038779712,0.1285095240749294,0.0,4,Solved,127241,79720,304095,0.06523156679504287,1.7166867405161063e-13,3.150892090644786e-14,0.3591354363249896,-0.6457962540114421,1.0517051510492148,-0.35912532450650486,0.6457987687257288,-1.0516190352424344,-0.03904147386968171,0.013397818870207688,-2.7591391462141392,0.03904355368223528,-0.013399717630229535,2.759146910966313,0.16200993814681156,1.0436383156367095,-0.0013370961564295473,-0.16209823732310114,-1.043705068720686,0.0013474383060204447
3.35,0.06576139646489197,-5.820628037721879e-09,0.5390511242055327,-1.2571904996205533e-09,-0.007513798671730345,-3.3229928600097624e-07,-0.001461095135830058,0.0034655123260095393,0.128464273108333,0.0,4,Solved,131528,80482,310326,0.06522300494712882,1.8492161150549617e-11,1.0722770327903364e-12,0.3589435654297365,-0.6457290981144149,1.0379076707563237,-0.3589334330250427,0.6457316079118028,-1.0378214226498266,-0.03795340054136928,0.013452908025795286,-2.75979843986988,0.037958860122218684,-0.013453309610396837,2.759837233311036,0.1620747266392083,1.0435213555107576,-0.0012084013331306687,-0.16213486195386423,-1.0435680791540611,0.0012047558481485172
3.355,0.06511924071668038,-5.688981579927136e-09,0.5390564220692551,-1.1125173686927646e-09,-0.0075283800783502745,-3.320490313635995e-07,-0.0013424263578098747,0.0025519385510996938,0.12841593107861832,0.0,4,Solved,127741,79310,307110,0.06521494165158702,7.815970093361102e-14,1.8285503319837026e-14,0.3587570837180376,-0.6456616783741338,1.0241071191086653,-0.35874692777953787,0.6456641843543647,-1.0240207111076753,-0.03688192754922749,0.013504202274350752,-2.760381924554721,0.0368861498486691,-0.013505194469914796,2.7604094607714105,0.1621219588994823,1.0433922849388026,-0.0010732426919378485,-0.16218240930001382,-1.0434390664253923,0.0010697048973954417
3.36,0.06447733585658696,-5.4567873160157756e-09,0.5390617215643196,-1.147694042891394e-09,-0.007538437086284845,-3.3216323117395055e-07,-0.0012241903714232637,0.0016528883960881746,0.12836454299387204,0.0,4,Solved,126910,84300,338760,0.06520701856187108,7.438320930376863e-14,1.7707406721467756e-14,0.3585759142924041,-0.645594010165401,1.0103039385822312,-0.3585657406838666,0.6455965097234448,-1.0102174243846376,-0.0358250486519412,0.01355287741733599,-2.7608686095489126,0.0358281281313717,-0.01355434842925356,2.76088569054069,0.16216006085128543,1.0432568943442837,-0.0009357762175676023,-0.16223248874017673,-1.0433122969899373,0.0009381063023200001
3.365,0.0638356969754619,-5.1999227838576105e-09,0.5390670221117169,-1.228427813780226e-09,-0.007544043082266503,-3.3223811817065476e-07,-0.00110638657192129,0.0007686210836203186,0.1283101542620304,0.0,4,Solved,133422,79640,312460,0.06519843840123483,1.3514786078444585e-12,6.332655753948924e-13,0.3583999858064345,-0.6455261052120347,0.9964986368106709,-0.35838979444552266,0.6455285985224596,-0.9964120157390477,-0.034782226757137595,0.013599383452955149,-2.7612506337409544,0.03478608480817934,-0.01360049276121753,2.761274830609971,0.16220680283752312,1.0431280663644742,-0.0008047384143170044,-0.16226748334508276,-1.0431750144197574,0.0008012266051798463
3.37,0.06319433894020308,-4.948332545913255e-09,0.5390723231454501,-1.2991428534221674e-09,-0.007545272722372788,-3.322904533608484e-07,-0.000989014198914014,0.00010061935020240612,0.12825280857486254,0.0,4,Solved,127541,79741,305146,0.06519024468233764,1.8000397179751548e-12,8.362091401259431e-13,0.3582292211341729,-0.6454579766590635,0.9826916826282358,-0.3582190139817405,0.645460463010859,-0.9826049720414264,-0.033755735885789465,0.013642968303626142,-2.7615460766597124,0.03375843430432126,-0.013644539721603925,2.761559832806186,0.16223916137321867,1.0429892814568666,-0.0006687302905687216,-0.16231056443335992,-1.0430439149174022,0.0006704737957359255
3.375,0.06255327640652905,-4.6764271218522e-09,0.5390776241131623,-1.4064262078893092e-09,-0.007542201823808002,-3.3236471212296683e-07,-0.0008720723491898977,0.0009546075650834708,0.1281925473106224,0.0,4,Solved,123233,78518,303724,0.0651814740693535,1.1578771684761742e-13,3.054007784511481e-14,0.35806354319217365,-0.6453896364142673,0.9688835577491555,-0.35805332081263,0.6453921158212039,-0.9687967621998205,-0.032744070197154994,0.013684514543481813,-2.761738762286427,0.03274734200678379,-0.01368578808036664,2.761757879952544,0.1622786175929368,1.0428559421935601,-0.0005383228278426246,-0.16234032625992253,-1.042903585109656,0.0005352494716226374
3.38,0.0619125238245591,-4.415948983638898e-09,0.5390829244760929,-1.4921377288238393e-09,-0.00753490731529787,-3.3242654353470927e-07,-0.0007555599903607582,0.0017931208410111384,0.1281294118095175,0.0,4,Solved,130947,84980,312611,0.06517289628054516,1.4206755884769563e-12,1.1602784705244673e-13,0.3579028718938119,-0.6453210966475157,0.9550747288974746,-0.35789263624414486,0.6453235685349621,-0.9549878651726746,-0.03174921142921629,0.013723375783504499,-2.7618443090352964,0.03175145924811268,-0.013725026474864602,2.7618543291880218,0.16230829041668357,1.0427159490847582,-0.0004051484779094093,-0.1623738359356177,-1.0427663404887226,0.00040394042949476575
3.3850000000000002,0.06127209544477753,-4.122791702820606e-09,0.5390882237074539,-1.6362680520476113e-09,-0.007523467180504357,-3.3257767610625464e-07,-0.0006394759604826519,0.0026159601605893006,0.1280634405204802,0.0,4,Solved,128302,81063,306549,0.06516391006647354,3.70536934468646e-13,1.2878890662260112e-13,0.35774712571364126,-0.6452523690489115,0.9412656607645188,-0.3577368800211709,0.6452548324354817,-0.9411787571118648,-0.030770338015297004,0.013760119433673862,-2.7618531167889997,0.030772185775855665,-0.013761852010917952,2.7618597435486807,0.16234165078134555,1.042579028196165,-0.00027581372082398267,-0.1623977459285184,-1.0426225610635766,0.0002699345875524054
3.39,0.06063200533155922,-3.790087039814892e-09,0.5390935212946277,-1.8511600505418282e-09,-0.007507960348430898,-3.328381176026855e-07,-0.0005238189820018983,0.0034229404112979195,0.1279946702290147,0.0,4,Solved,129124,79080,305236,0.06515567986903718,5.154765503334602e-13,1.8156916942180246e-13,0.35759622065121766,-0.6451834653282756,0.927456806207172,-0.35758597155282223,0.6451859179663207,-0.927369921272674,-0.029808807519282127,0.013794378870414693,-2.7617754268954027,0.029808715770063294,-0.01379679510306935,2.761764816900996,0.16235293655698088,1.0424266269950098,-0.00013758023450793628,-0.1624379332447684,-1.042490877904595,0.00014595939836741978
3.395,0.05999226736821808,-3.5046515455306207e-09,0.539098816738965,-1.9809970514942773e-09,-0.007488466648401259,-3.3288233037821523e-07,-0.0004085876717961609,0.004213884600933463,0.12792313684571352,0.0,4,Solved,126609,78719,302021,0.06514603496185363,5.810907310888069e-13,1.0325421073709151e-13,0.3574500785796502,-0.6451143937476581,0.913648681230144,-0.35743982169844907,0.6451168382287632,-0.9135617731743922,-0.028861777503869885,0.01382751494129256,-2.76158352187336,0.02886441616810216,-0.013828649167494145,2.7615981727543115,0.16239079134245288,1.0422935970574134,-1.4421768618948195e-05,-0.16244590673940693,-1.042336559389658,8.041585856867035e-06
3.4,0.059352895264210226,-3.3100867836024574e-09,0.5391041095549,-1.9435861200478855e-09,-0.007465066745617176,-3.3283921135149867e-07,-0.0002937805442549471,0.004988633835135524,0.12784887420475818,0.0,4,Solved,124715,79730,309555,0.06513710680415158,1.6939060831083763e-12,8.476509424926171e-14,0.3573086119025965,-0.645045165964026,0.8998417246089796,-0.35729834832666957,0.6450476021854377,-0.8997548010763079,-0.02793425819824867,0.01385755284723029,-2.7613213053917094,0.02793474737709928,-0.013859534166645572,2.7613167999339137,0.162407481311079,1.0421459300574285,0.00011726223445511566,-0.16246950986647243,-1.0421937088664253,-0.00012022772937270714
3.4050000000000002,0.05871390256304593,-3.0255069188362542e-09,0.5391093992698519,-2.0674769809813288e-09,-0.007437842073218367,-3.3310887154325e-07,-0.00017939602704198022,0.005747035698769228,0.12777191536941926,0.0,4,Solved,129885,79780,311759,0.06512812644252368,1.2023160245178133e-12,4.2301752378737234e-13,0.35717173155162074,-0.644975793110872,0.8860363697340442,-0.3571614684507766,0.6449782185842937,-0.8859494942581939,-0.027023453546097524,0.01388591646041516,-2.7609616755243414,0.027022967719351004,-0.013888175589993066,2.7609486603698943,0.16242065417717927,1.0419961004816038,0.00024880345285375734,-0.16249129534668205,-1.0420500230803789,-0.00024750367712929517
3.41,0.05807530265218442,-2.757521370958671e-09,0.5391146854245785,-2.161573188002706e-09,-0.007406874748956555,-3.3326877840706787e-07,-6.543245356191018e-05,0.006488968177196166,0.1276922898114831,0.0,4,Solved,126259,79981,304074,0.06511889689405184,1.3508326401900916e-12,4.493874890265648e-13,0.357039353706568,-0.644906283318097,0.8722331053510338,-0.35702909178920117,0.6449086984499436,-0.8721462823563465,-0.026129445859267002,0.013912686196410763,-2.7605040530067133,0.026129369105186245,-0.013914635845827375,2.7604951894494176,0.16243469128020893,1.0418472502317202,0.0003780566904063042,-0.1625069056650629,-1.0419023503048295,-0.0003759678420576382
3.415,0.057437108769392155,-2.5694720120810746e-09,0.5391199675729285,-2.10999798015464e-09,-0.0073722475199658275,-3.332428735676839e-07,4.811190069924014e-05,0.007214294078722165,0.12761002885739597,0.0,4,Solved,147629,85872,346585,0.06510942912171391,1.5506766877504408e-12,1.1682061568096813e-13,0.3569113920261708,-0.6448366451680042,0.858432404322963,-0.3569011285477974,0.6448390516479052,-0.8583456067745909,-0.02525302252653888,0.013937662193648467,-2.7599541139951964,0.025253592762640192,-0.013939255249044078,2.759951512074578,0.16244951652561124,1.0416994240028066,0.0005051062040802445,-0.16251665518297576,-1.0417508659474226,-0.0005055108672667372
3.42,0.05679933400435839,-2.4308739475098765e-09,0.539125245282019,-1.966943087465807e-09,-0.0073340437484991665,-3.3319561245545667e-07,0.0001612388413950788,0.007922910208416763,0.1275251597701823,0.0,4,Solved,126048,79680,312160,0.06510018559939033,1.3997691894473974e-12,2.9096668650863133e-13,0.35678775655139744,-0.6447668880674091,0.844634712573924,-0.3567774907381868,0.6447692865177446,-0.844547931831527,-0.02439486903587534,0.013960701171397253,-2.7593170752477247,0.024395271634468828,-0.01396231732777162,2.7593132188673786,0.16245497745843687,1.0415452805239729,0.0006349884157919072,-0.16253080102147707,-1.0416029695902453,-0.0006311117187711925
3.4250000000000003,0.05616199131678316,-2.3330530757659507e-09,0.5391305181320445,-1.7490749007374652e-09,-0.0072923472593514945,-3.330912133388732e-07,0.00027395023154231165,0.008614724833537736,0.12743770851089783,0.0,4,Solved,135145,79620,313392,0.0650904951888635,1.7802421863055695e-12,2.5203363701598036e-14,0.35666835887411646,-0.6446970200870239,0.8308404949438741,-0.3566580872739658,0.6446994120671962,-0.8307536989751679,-0.02355401841743132,0.01398233141346507,-2.7585832114890674,0.023555676274926263,-0.013983423046502533,2.758590815127754,0.16246615926641794,1.0413956780736418,0.0007603019057856709,-0.16253439237726325,-1.041447923021816,-0.0007601756067229212
3.43,0.05552509353933303,-2.280363475391101e-09,0.5391357857161294,-1.448403956695633e-09,-0.007247242313922355,-3.3293856617514545e-07,0.0003862479853675357,0.009289654658187737,0.12734770000251314,0.0,4,Solved,136428,80742,316868,0.06508117786567705,5.288623177299471e-12,1.7608079978890384e-12,0.3565531080726534,-0.644627049769194,0.8170501982284094,-0.3565428281301233,0.6446294361658537,-0.8169633638775748,-0.022731938631404203,0.014002063512638701,-2.757764915493599,0.022733620530627316,-0.014003197891359058,2.7577726615414178,0.16246491759129839,1.0412375732007833,0.0008900316966096437,-0.16254574264897734,-1.0412988458508328,-0.0008837218548574705
3.435,0.05488865338774315,-2.260892227859147e-09,0.539141047639245,-1.087569920383665e-09,-0.007198813522092994,-3.3270201922224236e-07,0.0004981340721166687,0.009947641576974522,0.1272551563849872,0.0,4,Solved,127010,81123,309635,0.06507095815849866,1.967798753804706e-12,2.818613940337722e-14,0.35644191497826533,-0.6445569843662408,0.8032642882357145,-0.35643162038607473,0.6445593674048264,-0.8031773594435154,-0.02192708463230673,0.01402062944943273,-2.756847716842924,0.021930842588539293,-0.014021008764191352,2.7568739777634685,0.16247985869585477,1.0410915012257973,0.0010100974246556533,-0.16253629457564478,-1.0411353305359785,-0.0010158454153058243
3.44,0.05425268346427096,-2.2237021990427175e-09,0.5391463035189052,-7.58110450020934e-10,-0.00714714581455944,-3.325818190655616e-07,0.0006096104768006554,0.010588609573005755,0.12716010158338015,0.0,4,Solved,133101,79600,310677,0.06506125416180969,1.906973277204793e-12,3.190460048929644e-14,0.3563346839885546,-0.6444868332431675,0.7894831765858876,-0.3563243762991136,0.6444892115828598,-0.789396169205903,-0.021142606089083152,0.014036874567627042,-2.755859136187751,0.02114448271906604,-0.014038170996830437,2.7558679303808336,0.1624792384846995,1.0409348831985774,0.0011362212717047145,-0.16253802447036272,-1.040980066588955,-0.0011408135310194802
3.4450000000000003,0.053617196260766685,-2.0177613389823938e-09,0.5391515529876286,-7.355256720285803e-10,-0.007092324423291785,-3.3282521850063937e-07,0.0007206792348361167,0.011212520082269969,0.1270625552797878,0.0,4,Solved,141929,80172,321277,0.0650515974676126,1.7095862486077307e-12,1.456040149561133e-13,0.3562313196697568,-0.6444166048253811,0.7757072794909958,-0.3562210069657593,0.6444189748005041,-0.7756202685954361,-0.020376380073595872,0.014051837370680508,-2.754779533802026,0.020376801405434873,-0.014053751699984367,2.754774870920545,0.16247422209746573,1.040775276680448,0.0012629010061300592,-0.16253983288817508,-1.0408255594818017,-0.0012641516108796292
3.45,0.05298220417297834,-1.7236409276885795e-09,0.5391567956898278,-8.75633486109351e-10,-0.007034434753392065,-3.3307218659322857e-07,0.0008313423928332951,0.011819331575425827,0.12696253748396746,0.0,4,Solved,127280,82736,311248,0.06504174121610787,4.4189611280061325e-12,1.4192438457100165e-12,0.35613173149010235,-0.6443463050571187,0.7619370599862854,-0.35612141776414497,0.6443486650535093,-0.7618500828335074,-0.01962816629989109,0.014065672584644438,-2.7536062616502583,0.019628219442989578,-0.014067721118133977,2.753598101622169,0.1624698975183993,1.0406166992753074,0.0013876973564196518,-0.1625367891294322,-1.0406678594577259,-0.0013883026388450495
3.455,0.05234771949991445,-1.4101495849201045e-09,0.5391620312817905,-1.0527203046655805e-09,-0.006973562387980429,-3.3321152876908595e-07,0.0009416020191338034,0.012409017826077732,0.12686006653607493,0.0,4,Solved,128703,79901,306439,0.06503208109431792,2.5234144743375986e-12,1.1951187652362028e-14,0.3560358278662637,-0.6442759400165121,0.7481729731902022,-0.35602551444156405,0.6442782896863188,-0.7480860417594208,-0.01889847422977278,0.014078236197301775,-2.7523437103025907,0.01889833458832446,-0.014080312514787124,2.752333895329574,0.16245783177175566,1.0404529978454884,0.0015147812728756017,-0.16253748778410054,-1.0405132975090867,-0.0015090881496217354
3.46,0.051713754455940515,-1.1568425799659872e-09,0.5391672594305861,-1.1213361848750798e-09,-0.006909792984871196,-3.3312375561834795e-07,0.0010514601950837605,0.012981570498184795,0.1267551585023741,0.0,4,Solved,128433,86073,316848,0.06502178430543366,1.937426076775023e-12,6.72489407910204e-14,0.35594351890213316,-0.6442055147974801,0.7344154897445383,-0.3559332005929446,0.644207856501775,-0.7343285564472807,-0.018186410757533755,0.014089941857847187,-2.7509838378309825,0.01818812356098855,-0.014091228041731454,2.750990932302408,0.16245669273009353,1.0402975648523416,0.0016349926837712328,-0.1625233955605931,-1.0403485488869386,-0.001635678277382101
3.465,0.05108032118023678,-9.80039969782864e-10,0.5391724798155357,-1.0496144834498872e-09,-0.006843212200920808,-3.32946936008342e-07,0.0011609190092382049,0.013536995011240751,0.12664782787123394,0.0,4,Solved,125888,83408,309113,0.06501191996824417,2.970664512991217e-12,5.1017566907174405e-14,0.3558547101401177,-0.6441350361902084,0.7206650384780728,-0.35584438408686137,0.6441373710857352,-0.7205780766396986,-0.017494077454942716,0.014099972299522538,-2.7495458285942944,0.017495525052496883,-0.01410138143227352,2.7495506507103475,0.16244276755874323,1.0401333382487536,0.00176003142905346,-0.16251829453424302,-1.0401907194919067,-0.0017563951186839516
3.47,0.050447431737721975,-8.182249715271102e-10,0.5391776921272906,-9.497009757495295e-10,-0.006773905681879231,-3.328051767069336e-07,0.0012699805362889607,0.014075287775039842,0.12653809018125772,0.0,4,Solved,125747,87074,309846,0.06500186576080559,3.2606193136122674e-12,6.904134382257343e-14,0.3557693082371564,-0.6440645101516603,0.7069220576264144,-0.3557589713822629,0.6440668393563637,-0.7068350396772213,-0.016819725880780016,0.014109118431883293,-2.7480139288190477,0.016822359066527664,-0.014110084502521308,2.748029387655897,0.16243004655017987,1.039970443963271,0.0018830608357144518,-0.1625084039824737,-1.0400298521728895,-0.001878060029647797
3.475,0.04981509812325739,-7.31026333018032e-10,0.5391828960682573,-7.141582286844112e-10,-0.006701959028621824,-3.325055858274493e-07,0.0013786468539442858,0.014596473237673036,0.12642595762206235,0.0,4,Solved,128694,79660,312691,0.06499154349645363,3.1931880333741747e-12,1.1670786678654593e-12,0.3556872218010543,-0.643993941644907,0.6931870020950288,-0.35567686689937544,0.6439962677339299,-0.6930998632926932,-0.016163851327442077,0.014117204020767415,-2.7463929583323976,0.016168111918093985,-0.014117608992148426,2.746422913603734,0.16242041859163903,1.0398101934761506,0.0020031749584737356,-0.16249193248671678,-1.039864695943258,-0.0020015946778295275
3.48,0.04918333227472675,-6.82046123187809e-10,0.539188091352333,-4.084001296105431e-10,-0.006627457687434818,-3.321997484632429e-07,0.0014869200213737702,0.0151005810524234,0.12631144175397946,0.0,4,Solved,126629,80663,309434,0.06498141945936581,1.912212142102243e-12,7.515385883061221e-14,0.3556083561503544,-0.6439233367844268,0.6794602951721688,-0.35559797843101365,0.6439256610113749,-0.6793729939743355,-0.015527224458018291,0.014123964021050765,-2.7446902569646525,0.015531997445054048,-0.014124314986893429,2.7447244490518528,0.16240353587583492,1.0396452028987002,0.0021255097313484187,-0.16247936248633954,-1.039702711349853,-0.0021218700888497822
3.485,0.04855214607472902,-6.27905927101387e-10,0.539193277704401,-1.1211808640341831e-10,-0.006550486934815028,-3.319294607969773e-07,0.0015948020795945198,0.015587650115107519,0.12619455309450034,0.0,4,Solved,131238,104858,341054,0.0649705507091648,2.400526175408424e-12,9.36819632285646e-13,0.35553261789327734,-0.6438527008912996,0.6657423695198965,-0.35552221267035616,0.6438550243412904,-0.6656548660671803,-0.014908910150855291,0.014129825754768932,-2.742897874278634,0.014914897760841699,-0.01412985645475859,2.7429424938874085,0.16240065961503344,1.0394906588935044,0.002239644178250349,-0.1624495735888228,-1.0395288113466368,-0.0022493110263883628
3.49,0.04792155135792856,-4.6547326757188853e-10,0.539198454859279,-1.2163142678477775e-11,-0.006471131813740564,-3.319760660547658e-07,0.0017022950468076135,0.01605773247099202,0.1260753006121038,0.0,4,Solved,131178,80603,323581,0.06496080004908968,2.3784996324924257e-12,1.2795038466240083e-13,0.3554599079901621,-0.6437820413773816,0.6520336042265154,-0.35544948232624307,0.6437843603911151,-0.6519459647878653,-0.014311397166323578,0.014133834944493672,-2.7410388339054026,0.01431423683692683,-0.014135264988036947,2.7410545587925546,0.16237036103388922,1.0393168371927326,0.0023659928602056844,-0.16244409137704205,-1.0393728007854348,-0.0023635147179908145
3.495,0.04729155991489688,-1.5016163974922147e-10,0.5392036225622908,-1.9258954938670132e-10,-0.0063894771033081955,-3.3219338475620916e-07,0.0018094009033512721,0.016510878957350154,0.1259536933282945,0.0,4,Solved,129826,80593,317319,0.0649500157050873,2.6534498339877977e-12,1.592762380320245e-13,0.35539013522812674,-0.6437113620993778,0.6383344460686672,-0.3553796926742022,0.6437136749620558,-0.6382467050826197,-0.013730451945431208,0.014137758929775703,-2.739075490960931,0.013734175232380049,-0.014138862215723772,2.739098793008888,0.1623607203868744,1.039158310228541,0.002480963301369683,-0.16241502969610255,-1.0392002512813967,-0.0024880620446996547
3.5,0.04666218349875999,2.1027853298857557e-10,0.5392087805698546,-4.5668266820606903e-10,-0.006305607265286268,-3.3238427740259843e-07,0.0019161216048905862,0.016947166640089276,0.1258297371440662,0.0,4,Solved,129936,81164,309164,0.06493989418242746,1.5272386220260836e-13,3.8139196661957087e-14,0.35532320608208784,-0.6436406678975067,0.6246453177783218,-0.35531275191236894,0.6436429724620644,-0.6245575233911186,-0.013169617563821042,0.014140155942640415,-2.737040604715583,0.013171015045370039,-0.014142167235668265,2.737042951284485,0.1623339567304561,1.0389879730018543,0.002603159824852684,-0.1624002677418929,-1.0390383069188394,-0.0026043652822738254
3.505,0.04603343383693763,6.603577427707452e-10,0.5392139286481779,-8.844725190053745e-10,-0.006219606343267368,-3.3269480343429693e-07,0.00202245906572847,0.017366678926899217,0.125703437277093,0.0,4,Solved,132801,80753,317911,0.06492985523746622,2.5610377533957784e-12,1.9849313165343219e-13,0.3552590280494198,-0.6435699630439676,0.6109666462731989,-0.35524856801775145,0.6435722575163166,-0.6108788494652089,-0.012626235984785926,0.014142124327461784,-2.7349112426556754,0.01262725036989438,-0.014144147143572091,2.734910457322415,0.1623034411451846,1.0388151089072843,0.0027260090623480457,-0.16238646700765524,-1.0388776837994596,-0.0027190291652936507
3.5100000000000002,0.045405322624364045,1.0141675281183868e-09,0.5392190665727006,-1.1385503007431592e-09,-0.006131558018105971,-3.3265367313324806e-07,0.0021284151377741235,0.017769477615926114,0.1255748015052227,0.0,4,Solved,132811,81263,319423,0.06491905956898832,2.7929991219116657e-12,2.341605642025568e-13,0.35519751509326924,-0.6434992494033627,0.5972989123590512,-0.35518704315020944,0.6435015368167168,-0.5972110568495115,-0.01209989970552248,0.014143756653330251,-2.7326845808078373,0.012103181753694904,-0.014144779416091014,2.7327045805765002,0.1622876019659131,1.0386533555023212,0.002840518424010082,-0.1623554481114775,-1.038704953103813,-0.0028410160221320796
3.515,0.044777861526912766,1.2457447916210423e-09,0.539224194128275,-1.1686431357788158e-09,-0.006041545580430371,-3.324580717117261e-07,0.0022339916407021695,0.018155662377498633,0.1254438330737062,0.0,4,Solved,129094,79931,307852,0.06490876192728605,1.4298771151485812e-11,8.567186673621996e-14,0.3551385745904215,-0.6434285317167695,0.5836425319673332,-0.3551280869557167,0.6434308138534854,-0.583554581641944,-0.011593068612372567,0.014144052131245576,-2.7303840503142123,0.011596120634582586,-0.014145126579919787,2.7304023663999595,0.1622588893067117,1.0384826750755425,0.002960234150063108,-0.16233484778694046,-1.0385401908365768,-0.0029567967833441424
3.52,0.044151062199481575,1.4387433273710375e-09,0.5392293111084275,-1.1267718425118404e-09,-0.00594965177862618,-3.3231776975352454e-07,0.002339190338015034,0.018525339629979685,0.125310534447944,0.0,4,Solved,129234,79580,307120,0.06489777180948228,3.2675114784025405e-12,3.0442293651178343e-13,0.35508211516532057,-0.6433578142145759,0.5699979253856962,-0.35507160896210704,0.6433600923362235,-0.5699098532761849,-0.01110371574061382,0.01414381256583885,-2.7279927775979247,0.011107869842143753,-0.014144442829626697,2.7280211398880914,0.16224372971458836,1.0383222205817306,0.003072229953538516,-0.16229837243467934,-1.0383643489517165,-0.003079299640183633
3.525,0.043524936286713445,1.6502918488447658e-09,0.5392344173152825,-1.116871017414583e-09,-0.005855958812854168,-3.3236863777499246e-07,0.0024440129368745217,0.018878623260267804,0.12517490716569926,0.0,4,Solved,132961,80592,311869,0.06488796828588123,3.550601544548282e-12,3.441270705895061e-13,0.35502804260347515,-0.6432871023200464,0.5563654812187057,-0.3550175227259049,0.6432893744895848,-0.5562773306564066,-0.010634110037219272,0.01414214022639198,-2.7255323775249285,0.010635913180795764,-0.014143685954488557,2.7255397225276807,0.1622005615134697,1.0381420001189892,0.0031969368695062153,-0.1622876824923191,-1.0382074925740996,-0.003188102190689913
3.5300000000000002,0.04289949542664143,1.8680987537442738e-09,0.5392395125603876,-1.1194235455607846e-09,-0.005760548307209022,-3.323555432533979e-07,0.0025484610777844734,0.019215627687793172,0.1250369526286946,0.0,4,Solved,136728,79350,314745,0.06487696295162615,1.707212496371291e-12,5.97125864379433e-13,0.3549762717060276,-0.6432163978100959,0.5427456625205874,-0.3549657340063074,0.6432186658674626,-0.5426573961057611,-0.010179769282558714,0.014140796106577576,-2.7229638922814003,0.010184491508023776,-0.014141160671079128,2.7229974914853807,0.1621825997297445,1.0379802752062068,0.0033082577681725327,-0.16224968049501443,-1.0380314072260184,-0.0033093119289567237
3.535,0.042274751252041394,1.9763908088338016e-09,0.5392445966642662,-9.226906957969895e-10,-0.00566350129794784,-3.321228309379747e-07,0.0026525363367809916,0.019536474025057385,0.12489667153617762,0.0,4,Solved,126619,79490,307771,0.06486633774686591,2.266566413965514e-12,7.736591315504748e-13,0.3549267136274909,-0.6431457043173429,0.5291388929902405,-0.3549161535155442,0.6431479698992615,-0.529050469230885,-0.009744844542819438,0.014138057900359503,-2.7203260350083065,0.009749179113227072,-0.014138635131988486,2.7203561444676048,0.16215468961569937,1.0378118467877764,0.003423486609203336,-0.1622196646793946,-1.0378614039498546,-0.0034256309472879805
3.54,0.041650715396999896,2.140836488449706e-09,0.539249669455019,-8.269773753643416e-10,-0.005564898175565484,-3.321327684730425e-07,0.00275624022449888,0.01984129769510234,0.124754062873732,0.0,4,Solved,133022,87645,321017,0.06485577606098589,1.7351800955898914e-12,6.023023605469108e-13,0.3548792763130531,-0.6430750267584904,0.5155455593869959,-0.3548686966518312,0.6430772884991821,-0.51545700452568,-0.009327685236741764,0.014134595825914309,-2.717605615793295,0.009331317332527529,-0.014135485616844095,2.7176292813849177,0.16212405778281627,1.0376418435541463,0.003539112628339,-0.16219051254042047,-1.0376924169757742,-0.0035405792023173294
3.545,0.04102739950315648,2.361726860499364e-09,0.5392547307683353,-8.345942356939435e-10,-0.005464818633372681,-3.322394603619932e-07,0.0028595741784276066,0.020130239014363453,0.12460912504257486,0.0,4,Solved,131949,79660,314073,0.06484495843681003,1.9552805555211883e-13,5.6109630830469825e-15,0.354833872254555,-0.64300436834007,0.5019660816111451,-0.35482327583904044,0.6430066250680896,-0.5018774213403551,-0.008927857821993459,0.014130545438478897,-2.714800279660765,0.008931021649828268,-0.014131620111629923,2.7148196512615383,0.16209806064408974,1.0374755567962761,0.00365156052048512,-0.1621550427848403,-1.0375193349889604,-0.0036577139518388807
3.5500000000000003,0.040404815226874814,2.6613598289469266e-09,0.5392597804484632,-9.860070132177478e-10,-0.005363341610575141,-3.3249277712416184e-07,0.0029625395685282,0.02040345887085827,0.12446185383095891,0.0,4,Solved,133301,80302,312701,0.0648347174852102,1.9600662239105393e-13,4.938540895671473e-15,0.3547904126677943,-0.6429337329562226,0.48840085970730707,-0.3547798064973758,0.6429359820435028,-0.4883121568978574,-0.008546072740438665,0.014125596057869129,-2.7119181782898405,0.008547220093708827,-0.014127412198568326,2.7119195004856897,0.1620578661739264,1.0372994436534286,0.003770097472151971,-0.16213203011445335,-1.0373554797633633,-0.0037678376142814577
3.555,0.03978297423647786,3.0014405268039578e-09,0.5392648183463277,-1.2125859701060506e-09,-0.005260545310732393,-3.3270863348142487e-07,0.003065137667048575,0.020661085599839046,0.12431224933008406,0.0,4,Solved,126339,84811,308883,0.06482413081190956,4.823172568800549e-13,1.5390791939517978e-13,0.35474881432246996,-0.6428631225014263,0.47485033542070654,-0.3547382001271151,0.6428653637447681,-0.47476160487055813,-0.008180019835519947,0.01412059707185878,-2.7089400944709117,0.008181919080175933,-0.01412200993760761,2.708948397294424,0.1620245607555039,1.0371286270827544,0.0038844050422531706,-0.1621006722939368,-1.037186092990553,-0.0038812077024314214
3.56,0.03916188820915249,3.2454386174632674e-09,0.5392698443173114,-1.2651615312277887e-09,-0.00515650722229306,-3.3264144841828796e-07,0.0031673696816666044,0.020903286309479876,0.12416030668262804,0.0,4,Solved,135256,79430,313422,0.06481325692559434,1.6434263346888633e-12,7.258267337856283e-13,0.35470899538228806,-0.6427925388105497,0.4613149539879881,-0.3546983686363169,0.6427947743949747,-0.46122615357751995,-0.007830752235732106,0.014115030933178247,-2.705877517884197,0.007833667197463343,-0.014115984456180706,2.705895238456551,0.16199673347757834,1.0369621574458696,0.003995198293342767,-0.16206242950935323,-1.0370121108095094,-0.0039971345432525465
3.565,0.03854156885039061,3.4435453741372183e-09,0.5392748582252614,-1.2329098373615531e-09,-0.005051303967603304,-3.3258990363502754e-07,0.00326923673119077,0.02113022829193605,0.12400602099785411,0.0,4,Solved,128382,79631,305347,0.06480270472530339,1.0861735772957348e-12,4.747725650122714e-13,0.3546708695668187,-0.6427219857971337,0.4477951107488186,-0.3546602303052655,0.642724215912521,-0.4477062393808595,-0.007499060365479192,0.014108545126150777,-2.7027394759050054,0.007501296713434938,-0.014109727969651698,2.702751356686919,0.16196099338294434,1.0367903855479428,0.004109079927521558,-0.16203083275003782,-1.0368432756048542,-0.004109011529867071
3.5700000000000003,0.03792202789249369,3.653610169361156e-09,0.5392798599409306,-1.2217285941641637e-09,-0.0049450113114371565,-3.326377669658577e-07,0.00337073985472428,0.021342090249024556,0.12384938608784378,0.0,4,Solved,126028,79390,303052,0.06479201797021837,7.968727987367442e-13,3.1210103945689127e-13,0.3546343532492189,-0.6426514665323131,0.43429121467849374,-0.35462370278171207,0.6426536908870685,-0.43420228318814796,-0.0071835425335114245,0.014101638541333459,-2.699515485095702,0.007185787013847578,-0.014102772197493918,2.699527601413222,0.16192774512583882,1.036620582945558,0.004220970981250984,-0.16199556731262618,-1.036672287523494,-0.004221938448187875
3.575,0.03730327710138981,3.862013870724953e-09,0.5392848493387663,-1.207743125859384e-09,-0.004837704095791837,-3.326898757117677e-07,0.00347188000767929,0.021539058998305303,0.12369039512118078,0.0,4,Solved,128212,79931,312701,0.06478169737925693,1.1871040175165382e-12,8.694546818621696e-13,0.3545993647242064,-0.6425809838240024,0.42080368104677623,-0.35458870403026166,0.6425832021569615,-0.42071469780139376,-0.006884478999175142,0.014094081624461229,-2.696210345638156,0.006886393069720214,-0.014095331173960883,2.696219531910664,0.16188543008861814,1.036444944150943,0.004336567349922955,-0.16196820090080824,-1.036507158068111,-0.0043302162494645476
3.58,0.03668532826792264,4.018141690914712e-09,0.5392898263001966,-1.0996119442182601e-09,-0.004729456321608533,-3.325715985749674e-07,0.0035726580216307703,0.021721283009749386,0.12352904504327701,0.0,4,Solved,129435,78558,305908,0.06477066663892332,6.55183888052361e-13,1.3458049778758419e-13,0.35456582629351185,-0.6425105390772902,0.4073329524590313,-0.35455514978075164,0.6425127536555406,-0.4072438670554802,-0.006600356870471622,0.014086478104840665,-2.6928118254348954,0.006604346679612662,-0.01408691406288664,2.6928396843544116,0.16185859578214215,1.036280661593802,0.004443860353517121,-0.16192442212651348,-1.0363306662227731,-0.004445851288227869
3.585,0.036068193208630896,4.1104317537404855e-09,0.539294790716948,-8.745698441057354e-10,-0.004620341151757889,-3.3240452852601725e-07,0.003673074671149517,0.021888958913025055,0.12336532770542816,0.0,4,Solved,135415,79851,312240,0.06476028041758242,5.778597618792506e-13,8.914657206871013e-14,0.35453365624740846,-0.6424401357085434,0.39387942526788616,-0.3545229618921642,0.6424423471427018,-0.39379021932197505,-0.006333502968763965,0.014077788196268317,-2.689343340969362,0.0063368024202933885,-0.014078539602604648,2.6893650111302265,0.1618173111257995,1.0361062059564525,0.004557542989055844,-0.16189429849194145,-1.0361644866813187,-0.004554138737861543
3.59,0.03545188379208808,4.222264582931239e-09,0.539299742481294,-6.853322814304829e-10,-0.004510430665378929,-3.323135581108095e-07,0.0037731306453531424,0.022042309072528462,0.12319923195791503,0.0,4,Solved,131609,106421,344711,0.0647493893949495,4.964582347652402e-13,2.2527850895501245e-14,0.35450277600281677,-0.6423697763978305,0.3804435104019902,-0.35449206174374176,0.6423719851541366,-0.3803541665624668,-0.006081354353835261,0.014068910669698741,-2.68578463961133,0.006085786416438471,-0.01406930982813977,2.6858161301016787,0.16178651245453987,1.0359399186775673,0.004665433271489324,-0.16185278585331409,-1.035990230319192,-0.004667309515602519
3.595,0.03483641192627831,4.337453043674806e-09,0.5393046814909614,-5.028333352139081e-10,-0.004399795975946184,-3.322330691234657e-07,0.0038728264981508984,0.022181494573722704,0.12303075357709606,0.0,4,Solved,129745,81364,323130,0.06473897482115247,1.0485015037187823e-11,4.981799911832341e-12,0.3544731071454154,-0.642299464032752,0.3670256108913646,-0.35446237261709623,0.6423016698418107,-0.3669361270574188,-0.005845533661944379,0.014059208997116905,-2.6821516631858646,0.005849343352060473,-0.014059919471957113,2.682177382365966,0.16174514265069875,1.0357662537291528,0.0047778616087596065,-0.16182121694662474,-1.0358235971384395,-0.004774996101985516
3.6,0.03422178954879854,4.4800371069533246e-09,0.5393096076506889,-3.712081335170445e-10,-0.00428850731730355,-3.3217815637999124e-07,0.003972162716817096,0.0223067222077101,0.12285988313973423,0.0,4,Solved,128122,82366,314123,0.06472775521202975,1.4921952562474416e-12,3.671615962652641e-13,0.35444457389457457,-0.6422292007802555,0.353626142353457,-0.35443381742135516,0.6422314039632999,-0.3535365048655128,-0.005624104962055835,0.014049321505225608,-2.678429744320072,0.005628877046734684,-0.014049729807234162,2.6784637910916604,0.1617215827615619,1.0356057919780983,0.004880969679558742,-0.1617712877093805,-1.035644083392476,-0.004891061057367011
3.605,0.033608028652060404,4.704838641696218e-09,0.5393145208683929,-3.892936257201625e-10,-0.004176633823706851,-3.3235009929757503e-07,0.004071139690465964,0.022418209591815688,0.12268660990973124,0.0,4,Solved,133803,82405,319754,0.06471766629138058,3.9891701053562656e-13,2.1277684475462522e-14,0.35441709622802137,-0.6421589909284422,0.34024547030729424,-0.3544063259027559,0.6421611881053859,-0.3401557524123869,-0.005419746733724086,0.014038151095055422,-2.674645172893373,0.005421198385712706,-0.01403985473708129,2.6746494061572803,0.16167287633354152,1.0354275484422595,0.00499580914440954,-0.16174599710510648,-1.0354826606620893,-0.004994472647661107
3.61,0.03299514127817878,5.0567224750162994e-09,0.5393194210558502,-6.406588494636332e-10,-0.004064243573864872,-3.3267172841087085e-07,0.0041697577045201155,0.02251616247622554,0.12251092464435653,0.0,4,Solved,125317,81564,310577,0.0647070109442538,4.915375289953061e-13,6.514363701248804e-14,0.3543906017478278,-0.6420888360578695,0.3268840164555321,-0.35437982267690366,0.6420910255176987,-0.3267942642873493,-0.005228170638522227,0.014027276453398957,-2.6707619815384556,0.005230104691271058,-0.014028719300385366,2.67077051904622,0.1616368697548359,1.035258794784112,0.0051038804314854636,-0.1617076105902721,-1.0353121751080607,-0.005103722362888095
3.615,0.032383139515949476,5.36343542078678e-09,0.5393243081285687,-8.117221900175431e-10,-0.003951403615497663,-3.327485049661361e-07,0.0042680169450318665,0.022600790184836576,0.12233281758085421,0.0,4,Solved,135085,85963,332548,0.06469641043291427,2.055435140667361e-12,1.4902770857638803e-13,0.35436502086770866,-0.6420187373100126,0.31354221623640793,-0.35435423202147726,0.6420209198167453,-0.3134524197250957,-0.005051253943001136,0.014015842696878472,-2.666799271363079,0.005053221258864235,-0.014017199954066284,2.666808352015799,0.16159984605758537,1.035089645396072,0.0052119116498503875,-0.16166995731728961,-1.0351425669266283,-0.005212080804372343
3.62,0.03177203550705991,5.642724788562739e-09,0.5393291820062819,-9.328040873333694e-10,-0.003838179914585804,-3.327879487667178e-07,0.004365917504152608,0.022672314528873878,0.12215227755564821,0.0,4,Solved,138461,80752,326978,0.06468598778862708,2.357697563306579e-12,1.559037187542911e-13,0.35434028162507586,-0.6419486972767077,0.3002204709447657,-0.3543294831977944,0.641950873115378,-0.30013063044831895,-0.004888562194318394,0.01400391576062206,-2.662755836927611,0.0048904448480700585,-0.014005234175680599,2.6627644464290894,0.16155911099983064,1.0349182090413926,0.005321247010177715,-0.16163582107187627,-1.0349758046180333,-0.005318203205701224
3.625,0.03116184145115186,5.868795781489592e-09,0.5393340426118662,-9.569580130054023e-10,-0.0037246373099783917,-3.3273592637583703e-07,0.004463459374685766,0.022730961819215068,0.12196929285729191,0.0,4,Solved,128723,79670,307952,0.06467514683762872,2.5188220630205256e-12,1.7184539381764896e-13,0.35431631549015286,-0.6418787177398332,0.28691919944608124,-0.35430550472379096,0.6418808882948883,-0.286829288942592,-0.004739238638684844,0.013991718976934521,-2.6586266236901617,0.004742093972037134,-0.013992610196127693,2.6586441881217744,0.16152804215558084,1.0347540315346357,0.005425354771631834,-0.16159187984890544,-1.0348023494020595,-0.0054286338418687114
3.63,0.03055256960488906,6.065237350016444e-09,0.5393388898713287,-9.262317356623689e-10,-0.003610839520510898,-3.327303910210692e-07,0.004560642445846189,0.02277695330756156,0.12178385246194456,0.0,4,Solved,129494,80091,307481,0.06466487187648533,2.731359047738935e-12,1.8916942665092584e-13,0.3542930516920848,-0.6418088018901071,0.27363878779363493,-0.35428223002774667,0.6418109668058128,-0.273548818864812,-0.004604591362079456,0.013978650947366892,-2.6544258575471287,0.004606329402701102,-0.013979929032578052,2.6544336770185075,0.16148488668208796,1.0345814388952574,0.005534894354024637,-0.16155996157958172,-1.0346379500237652,-0.005532713060786537
3.6350000000000002,0.02994423227864325,6.273199127136607e-09,0.5393437237135517,-9.166732248088771e-10,-0.0034968491714781193,-3.3277550456936775e-07,0.0046574665019338286,0.022810506533692793,0.12159594573240431,0.0,4,Solved,138091,82807,318992,0.06465406592644052,3.3671494009362904e-12,1.0131335874408176e-12,0.35427042355982447,-0.6417389517601675,0.26037964588873497,-0.3542595910495735,0.6417411112168467,-0.2602896184084883,-0.004482401393033901,0.013965470596534725,-2.6501362512693505,0.004484853500534355,-0.013966445314061438,2.6501505213280816,0.1614540081037231,1.03441807506191,0.005637989037798018,-0.16151584102250638,-1.0344650548230483,-0.005642304951534443
3.64,0.02933684184141371,6.482723803016455e-09,0.5393485440705829,-9.101142818135104e-10,-0.003382727753886867,-3.3285715226004755e-07,0.00475393123722436,0.0228318582584805,0.12140555981539579,0.0,4,Solved,130907,79982,310978,0.0646440213576843,3.0450789334431492e-12,1.9680069206218231e-13,0.3542483636656604,-0.6416691702242068,0.24714216405563866,-0.3542375232525549,0.6416713232317175,-0.24705210366573074,-0.004374374832963582,0.013951422875499093,-2.6457756796320364,0.004375382115453327,-0.01395291287394477,2.645777191482595,0.16140674211053593,1.034243271755412,0.005748666772227697,-0.1614882138975337,-1.0343043417229487,-0.005743395812041721
3.645,0.02873041072543227,6.6893073042621464e-09,0.5393533508765537,-8.99317786070468e-10,-0.0032685355824723992,-3.328787980118911e-07,0.004850036239219106,0.022841237279102918,0.12121268284480542,0.0,4,Solved,126739,79901,304495,0.06463324975604356,8.325928542590351e-12,2.680030541024267e-12,0.3542268100774795,-0.6415994585089705,0.23392676828688708,-0.35421595938679634,0.641601606198106,-0.23383665338360007,-0.004277570139616987,0.01393752323735565,-2.6413205360725462,0.004280314447577563,-0.01393831823995779,2.641337622567351,0.161376361912721,1.0340809358397443,0.005850673778116637,-0.16144391519348072,-1.034131996096697,-0.0058522299802230655
3.65,0.028124951423318247,6.830830047821688e-09,0.539358144067984,-7.702838010587024e-10,-0.003154331819285223,-3.327849201797795e-07,0.0049457809992823005,0.02283887910009399,0.12101730215141572,0.0,4,Solved,131228,97044,335965,0.06462266008860913,8.483234188901012e-13,3.676494872428826e-13,0.3542056992972156,-0.6415298191189708,0.22073385750198327,-0.3541948365540153,0.6415319621700345,-0.22064367169984644,-0.004194437170431681,0.013922712545676156,-2.6367953459460156,0.004196633417912121,-0.013923724523371024,2.6368076307263966,0.16134269473564467,1.033916630237842,0.005953897808933156,-0.16140322058426707,-1.0339625614177461,-0.0059589090880322205
3.6550000000000002,0.02752047649500641,7.043024163170032e-09,0.5393629235846408,-7.694435082114716e-10,-0.003040174417315173,-3.329453273713906e-07,0.005041164913220079,0.02282502935933005,0.12081940378681648,0.0,4,Solved,134174,92745,342006,0.06461192564041623,1.3265029828260642e-12,4.3290458023870215e-13,0.3541849656437522,-0.6414602557580227,0.20756379729255048,-0.35417409691143986,0.6414623919417685,-0.2074735943555763,-0.0041240984617996,0.013907268250132419,-2.63219504922476,0.004124636908934557,-0.013908871775373066,2.6321926228813943,0.16131296704923134,1.0337554592327065,0.0060548380584176924,-0.16135891935656982,-1.0337908102466598,-0.006066965121475074
3.66,0.02691699856772286,7.4204634615899635e-09,0.539367689367063,-1.0697209410939686e-09,-0.002926120113046564,-3.3349487011601073e-07,0.005136187277827436,0.022799927108874275,0.12061897503101343,0.0,4,Solved,151957,102384,397431,0.06460260002274928,3.867589171573369e-12,2.7472620532653647e-13,0.3541645442132127,-0.6413907722438221,0.19441694668747633,-0.3541536847841804,0.6413928962986876,-0.19432686190582146,-0.004066868130849728,0.013890977779552045,-2.6275251362077205,0.004063415263698371,-0.013893925956269409,2.6274874600945064,0.16125286753385235,1.033572760413369,0.006170278465769071,-0.16134542899526358,-1.0336416003639886,-0.006159590379656002
3.665,0.026314530332616645,7.80122782259145e-09,0.5393724413545186,-1.37943433050597e-09,-0.0028122244479843856,-3.337687789014907e-07,0.005230847289658098,0.022763813412628214,0.12041600266308335,0.0,4,Solved,153550,114096,397871,0.06459203766244138,8.985794964014304e-13,4.03633073145504e-13,0.35414438518474195,-0.6413213672307475,0.18129378543293337,-0.35413353231498806,0.641323481240223,-0.18120379244902163,-0.004017529517610666,0.013875662568203773,-2.6227418895067243,0.004017614999617493,-0.013877079706545122,2.6227362050858045,0.16122129619901754,1.033410847303475,0.006271417637789552,-0.16130382741103969,-1.0334726025990622,-0.006265606929410265
3.67,0.0257130845398742,7.920215359629108e-09,0.5393771794907805,-1.2132077865132005e-09,-0.0026985418234163677,-3.3341415791565184e-07,0.005325144028643902,0.022716902254007052,0.12021047652098966,0.0,4,Solved,142930,94479,359990,0.06458134715059459,1.9411046337999838e-11,6.227397070235341e-14,0.35412443587580955,-0.6412520414421623,0.1681947552834204,-0.35411357710142516,0.6412541505789203,-0.16810474041135332,-0.003980460105272543,0.013859495540698112,-2.617886717003681,0.003982374148688596,-0.013860190059721592,2.617897774129182,0.16119359501525535,1.0332520960810099,0.006370331338714307,-0.16125898882617173,-1.0333015544095134,-0.006372907652994621
3.6750000000000003,0.025112674000487577,7.97481472235326e-09,0.539381903722607,-9.270845724978078e-10,-0.0025851254805878826,-3.3320912592770374e-07,0.0054190765064482576,0.022659450702279243,0.12000238163499138,0.0,4,Solved,137710,99368,366222,0.06457133347954921,2.215536185502104e-12,1.434208654615965e-13,0.35410463441649,-0.6411827996005491,0.15512020123029246,-0.354093768843449,0.6411849041336807,-0.15503015517346358,-0.003955849467222214,0.013842323631413958,-2.6129645385367892,0.003956854235198224,-0.013843388314852769,2.6129676338092747,0.16115190037134527,1.0330836352288977,0.006475774189991886,-0.16122878396867635,-1.0331413356727874,-0.006472750680441619
3.68,0.024513311602041916,8.048469251577134e-09,0.5393866139960392,-6.754959213671034e-10,-0.0024720273578854026,-3.331401634514407e-07,0.005512643632842581,0.022591710303259866,0.11979170374228543,0.0,4,Solved,146657,96102,386149,0.0645609065306926,1.0946875404847095e-11,7.483477813124972e-13,0.35408492642414974,-0.6411136439933981,0.1420705201748561,-0.3540740528291477,0.6411157442289517,-0.14198043232112142,-0.003941079140351138,0.013825040272182256,-2.6079548360640348,0.003943080915944689,-0.013825772011334682,2.6079666726406683,0.1611205853132292,1.0329229561963613,0.006575848482345619,-0.16118889132784717,-1.0329745044910816,-0.006577034317179696
3.685,0.023915010299613248,8.113723133606302e-09,0.5393913102578355,-4.0944039975864e-10,-0.0023592981688980797,-3.330648713534996e-07,0.005605844221130335,0.02251392394091941,0.11957842958385662,0.0,4,Solved,130607,83899,332999,0.06455034383179696,1.585224329190768e-12,2.3115840838694446e-14,0.35406525858538845,-0.6410445771042039,0.1290461051613956,-0.3540543761908646,0.6410466730121118,-0.1289559694488227,-0.00393751111742563,0.013807017318220267,-2.6028723876938553,0.003939115995971161,-0.013807968994248243,2.6028804813747617,0.1610935646643145,1.0327656792176854,0.006673551033384048,-0.16114549914314022,-1.0328055013087514,-0.006682752199470341
3.69,0.023317783117894335,8.311231113104796e-09,0.5393959924552338,-3.847354272080284e-10,-0.002246987382287456,-3.3333083483219535e-07,0.005698677000961466,0.022426347741280918,0.11936254445490296,0.0,4,Solved,128242,81244,310947,0.06454080244898311,1.674809325512977e-12,2.0134718545228303e-14,0.35404557400014725,-0.6409756032143007,0.11604730311780849,-0.354034692669665,0.6409776908825014,-0.11595720835509525,-0.003945447919492718,0.013788063865681691,-2.5977227977860453,0.0039440334873469905,-0.013790153770706292,2.597703846902038,0.16104493898887684,1.032593294784458,0.006781554431236869,-0.1611244882652535,-1.0326528391837297,-0.006777247152872108
3.6950000000000003,0.02272164314973641,8.596143684661235e-09,0.5394006605358115,-5.22311052560295e-10,-0.002135143231775283,-3.3358284843540607e-07,0.005791140595712587,0.022329215982633575,0.11914403618966989,0.0,4,Solved,126890,82586,320596,0.06453062259591566,1.4345573421661525e-11,5.012140875948479e-13,0.35402582666520055,-0.6409067228849665,0.1030745445473317,-0.35401494797911287,0.6409088019700854,-0.10298450537915724,-0.003961068827711927,0.013769515564674395,-2.592474601972355,0.003961113060230808,-0.013770998086642802,2.592468600509572,0.16101194795244514,1.0324324694192775,0.006881679003556243,-0.16108877542434585,-1.0324899615346506,-0.006878673078366783
3.7,0.022126603554116067,8.775965023301525e-09,0.5394053144481371,-4.704769817085205e-10,-0.0020238127330139597,-3.334724358469735e-07,0.00588323355605525,0.022222787969212676,0.1189228897744582,0.0,4,Solved,130627,81003,315987,0.06452035136977559,3.765876499528531e-12,1.4168225512083132e-12,0.35400597159809216,-0.6408379371448675,0.09012825509304385,-0.3539950898036979,0.640840009966982,-0.09003821974793916,-0.0039865432026777985,0.013750375898770812,-2.58715012758639,0.003987548584224117,-0.013751483687336568,2.5871528274314546,0.16098250509526946,1.0322744147090237,0.006979809327560795,-0.16105041939732573,-1.0323256219164094,-0.006981166462775917
3.705,0.021532677561994246,8.926825078348767e-09,0.5394099541402609,-3.655766075887676e-10,-0.0019130416288375416,-3.333935735393567e-07,0.005974954332526313,0.0221073056804617,0.1186990923232044,0.0,4,Solved,128483,82636,312550,0.06451055289880284,9.900629740755658e-12,1.97133596339244e-13,0.35398595899446905,-0.6407692494840965,0.07720880259335129,-0.35397507361890374,0.6407713161568168,-0.07711876649790213,-0.00402205791871804,0.013730470158565418,-2.581753904089298,0.00402258774730284,-0.013731777481692947,2.5817523879694466,0.16094397270897973,1.0321101839605924,0.007082150282071491,-0.16102214586508803,-1.0321688463808454,-0.0070785096242186995
3.71,0.020939878467811306,9.073888013605375e-09,0.5394145795602218,-2.545925802940035e-10,-0.0018028744592965059,-3.3331428208691144e-07,0.0060663012927284175,0.021983014540811956,0.11847263057494883,0.0,4,Solved,127030,82055,319263,0.06450040620655206,5.594192163205753e-12,4.969310553326611e-13,0.3539657442435379,-0.6407006619437021,0.06431658685947982,-0.35395485260625675,0.6407027233087317,-0.06422652668469367,-0.004065761978388623,0.013710382126488122,-2.5762723122912434,0.004067491726017294,-0.013711288717200006,2.5762813105296196,0.16091462013439095,1.0319529851028546,0.0071797951715204126,-0.1609857436538914,-1.032006499304833,-0.007179601099001615
3.715,0.020348219633840526,9.189114582853193e-09,0.5394191906567544,-8.639815759473668e-11,-0.0016933545253308522,-3.3318063835834317e-07,0.006157272719205465,0.021850162336490873,0.11824349094253306,0.0,4,Solved,136158,80341,318232,0.06449036426150874,1.480644528783389e-12,2.881410388066996e-13,0.3539452830072244,-0.6406321770327056,0.05145199646191094,-0.3539343825938661,0.6406342337179446,-0.051361890530065624,-0.004118779326452284,0.01368959052302888,-2.5707180455993224,0.00412055644520663,-0.013690545296696785,2.5707273201901493,0.16088457801408448,1.0317955804371148,0.0072775667456383645,-0.1609511414722665,-1.0318458281841398,-0.007279618320771708
3.72,0.019757714491332047,9.348142300174667e-09,0.5394237873791493,1.487335023565815e-12,-0.001584523876663507,-3.3318891298503077e-07,0.006247866817039752,0.021709001786518068,0.11801165943529482,0.0,4,Solved,127211,80923,309665,0.06448052844277234,1.2221335055073723e-12,1.3985123822890522e-14,0.35392453029753107,-0.6405637979927848,0.03861539985091437,-0.3539136230367447,0.6405658489783159,-0.03852526623855727,-0.004180592031410545,0.013668185182280839,-2.5650894391820054,0.004181694025396319,-0.013669442555227684,2.5650925149777266,0.16085145517065758,1.0316363589080948,0.0073766576476013415,-0.160920762471623,-1.0316884550843575,-0.007377371634102141
3.725,0.01916837654039982,9.561321807172227e-09,0.5394283696750767,-1.068152045307679e-11,-0.0014764233044623118,-3.3327561585347247e-07,0.006338081709794677,0.021559782356630464,0.11777712259185676,0.0,4,Solved,134444,82265,324023,0.06447061956131031,1.328440301013624e-12,1.864678658876351e-14,0.35390344480776753,-0.6404955272107351,0.025807183989375135,-0.35389253270835197,0.6404975716291746,-0.02571704131856376,-0.004250315628071693,0.013646388389398268,-2.559381429368967,0.0042511926351187675,-0.013647737886300852,2.559382397364536,0.16082173837823044,1.0314798677638213,0.0074738984420712005,-0.16088817046323517,-1.031529912980965,-0.007476021278317535
3.73,0.0185802193473915,9.810215797399891e-09,0.5394329374912138,-8.930843484683737e-11,-0.0013690923624527997,-3.3339132537058505e-07,0.006427915440590453,0.02140275067988314,0.11753986722062679,0.0,4,Solved,134144,80853,318000,0.06446092186626097,1.4540750602285574e-12,2.172743864166382e-14,0.3538819864604073,-0.6404273671957358,0.013027732849513246,-0.3538710720781817,0.6404294041240771,-0.012937604062380098,-0.004328123830403516,0.013624020308552422,-2.553598342196014,0.004328300772114998,-0.01362561244046837,2.5535930841391723,0.1607890141398501,1.0313215709451748,0.007572435430670758,-0.1608598168462268,-1.0313747498601755,-0.007572421549530837
3.735,0.017993256543767804,1.0083254009246461e-08,0.5394374907743916,-2.1332941408883213e-10,-0.0012625693767183057,-3.335033309876675e-07,0.006517365975916971,0.021238151607097452,0.1172998804405041,0.0,4,Solved,127560,80572,308112,0.06445132167895037,2.081727273743096e-12,3.6934810678651564e-14,0.3538601174840809,-0.6403593201502259,0.000277436872061445,-0.35384920220138105,0.6403613492460621,-0.00018733404532354607,-0.004413138692273087,0.013601294122311447,-2.5477351856277184,0.004413317404451531,-0.013602844590838619,2.547730021336033,0.16075589632111464,1.0311633332183858,0.00767099962983535,-0.16083314468684895,-1.031221146863206,-0.007667834296456509
3.74,0.017407501826004916,1.0313386946280226e-08,0.5394420294705589,-2.604867622640333e-10,-0.0011568914411854245,-3.334673027387324e-07,0.006606431210760124,0.021066233489305204,0.11705714905341934,0.0,4,Solved,134694,81684,318983,0.06444132893383607,2.3022528436618395e-12,3.617277918172013e-14,0.3538378032182078,-0.6402913877666214,-0.012443300097169149,-0.35382688394833434,0.6402934103378793,0.012533404879127201,-0.004504903873718441,0.013578241794145282,-2.541790791084789,0.004506109271825942,-0.013579391431107065,2.5417948468723695,0.16073335401134634,1.0310130502112649,0.0077642429574091764,-0.16079723699980394,-1.0310612629413771,-0.007767599998314673
3.745,0.016822968957595635,1.052519119653421e-08,0.5394465535247495,-2.742231289454574e-10,-0.0010520943980675337,-3.3346743963909875e-07,0.006695108970296871,0.020887247701389153,0.11681165954517243,0.0,4,Solved,137149,93757,344040,0.06443182655887951,4.208395490957764e-12,1.0474188790604577e-12,0.3538150059952449,-0.6402235734639199,-0.02513411526436004,-0.3538040841485926,0.6402255890553692,0.025224210184397845,-0.004604720656026986,0.013554279458229089,-2.53577956929487,0.004604783844872066,-0.013555830885305287,2.535773629854955,0.16070166667571548,1.0308565537121916,0.00786179692230387,-0.16077179894398808,-1.0309092249420722,-0.007862100547880379
3.75,0.01623967176489436,1.0778494548247264e-08,0.5394510628808797,-3.640953779703038e-10,-0.0009482128690726553,-3.335880141676568e-07,0.006783397002644045,0.020701430553235943,0.11656340033712918,0.0,4,Solved,129164,87656,360181,0.06442185991829466,4.2923370749663875e-12,1.392618659279421e-13,0.3537916912364505,-0.6401558799507991,-0.03779463240003986,-0.35378076938736125,0.6401578878231923,0.037884695176422865,-0.0047107099912888925,0.013530007472077393,-2.5296875688180194,0.004710665951318816,-0.013531547063836562,2.529680800536205,0.16068230520562937,1.0307092220214127,0.007953206073667838,-0.16073549391698583,-1.0307497586927146,-0.007961763413794141
3.755,0.015657624138057692,1.1098888676240837e-08,0.5394555574798988,-5.766315906383241e-10,-0.0008452802399088195,-3.3389114857731475e-07,0.006871293007009176,0.020509044032555993,0.1163123569804203,0.0,4,Solved,149793,87916,373085,0.06441293111861077,1.9720642219916984e-12,1.352234296758681e-13,0.3537678233549787,-0.6400883109127409,-0.050424498566998696,-0.35375691029228923,0.6400903082194619,0.05051445239993894,-0.0048244383577077405,0.013504728349627453,-2.523531698457463,0.004821546894864868,-0.0135072043629869,2.523499974345797,0.16064163852875457,1.0305470279948985,0.00805487270436388,-0.16072184405434695,-1.0306068978977723,-0.008050208350234166
3.7600000000000002,0.015076840029327958,1.1451223579196988e-08,0.5394600372622409,-8.492867551853028e-10,-0.0007433286778363201,-3.341420125932262e-07,0.0069587945867591846,0.02031030613358009,0.11605851993077557,0.0,4,Solved,127150,81294,320806,0.06440324266523946,8.919941066158621e-13,1.0859347275571363e-13,0.3537433750991986,-0.6400208673367656,-0.06302330001702884,-0.3537324718228934,0.6400228544660622,0.06311313765369349,-0.004942111512851853,0.013479763290820668,-2.517280633779842,0.004940759788740824,-0.013481521835019527,2.5172629404059514,0.16061997237740333,1.0303988046178862,0.008147148915497286,-0.1606907250861759,-1.0304518826438314,-0.008147049910857922
3.765,0.01449733344514473,1.1685703175566723e-08,0.5394645021702072,-9.078591153074837e-10,-0.0006423892003776143,-3.3411595187107916e-07,0.007045899309995961,0.02010547160351928,0.11580187562260259,0.0,4,Solved,126579,80582,310777,0.064393495432902,4.1983673311824926e-12,6.919351159748177e-14,0.3537183186934882,-0.6399535511838776,-0.07559064122072326,-0.3537074222748726,0.6399555298053194,0.07568039108336888,-0.00506639304844255,0.013453960375756318,-2.5109610401653595,0.005065010867470634,-0.013455626477813032,2.5109435784398944,0.160601581241894,1.0302532603299688,0.008237691099541544,-0.16065778485849294,-1.030295926926432,-0.008244656839704627
3.77,0.013919118456401506,1.194689257429825e-08,0.5394689521428369,-1.0139527215064052e-09,-0.0005424915736001727,-3.343225859941128e-07,0.007132604670348686,0.019894773881202154,0.11554241319477844,0.0,4,Solved,148090,82035,335965,0.06438465982251006,1.5430354612317246e-12,6.225885692406896e-13,0.3536926208036691,-0.6398863669719226,-0.08812619041567031,-0.3536817383696644,0.6398883350318626,0.08821579173309496,-0.005197389231174246,0.01342721135367969,-2.5045765691741004,0.005193658004154567,-0.013429606753820437,2.5045387617873005,0.16056489655877088,1.0300950079044666,0.008337044988341038,-0.16064466897919163,-1.030154557160161,-0.008332458206091648
3.775,0.013342209186210726,1.2213231963910157e-08,0.5394733871181516,-1.1305244543257705e-09,-0.0004436644167623382,-3.345005435739522e-07,0.007218908106376596,0.01967844667427984,0.11528012160105056,0.0,4,Solved,129285,81263,313261,0.06437549530590582,1.9960276039974155e-12,6.162618158833677e-13,0.3536662579632137,-0.6398193159745886,-0.10062954173105454,-0.35365538964321724,0.6398212741774505,0.10071899541520964,-0.005331747697229761,0.01340064419666993,-2.498100177538814,0.005329516508831083,-0.013402350179688874,2.498076070176899,0.1605375926703731,1.02994388813852,0.008431715118693851,-0.16062376206996376,-1.030007924894493,-0.008423944040184013
3.7800000000000002,0.012766619817238395,1.2295266266119833e-08,0.5394778070338235,-9.121710341963182e-10,-0.0003459351394864739,-3.3424005220965075e-07,0.007304807012290022,0.019456737957646165,0.1150149883656146,0.0,4,Solved,125647,81775,310337,0.0643659393288461,2.4435942093566088e-12,6.284098675451988e-13,0.3536392099418055,-0.6397523990901035,-0.11310027447101072,-0.35362834524060643,0.6397543516871865,0.11318967555561026,-0.005470593819646357,0.01337366950185116,-2.4915447400768294,0.0054708703866597885,-0.013374423239507582,2.4915432003848577,0.1605212582746354,1.0298008528053875,0.008520887485991148,-0.16059342586754025,-1.0298550292615376,-0.008519945421649903
3.785,0.012192364588623867,1.2256672082487005e-08,0.5394822118242038,-4.728961318431326e-10,-0.000249329956124587,-3.339137382392992e-07,0.0073902987196182955,0.019229874840795264,0.11474700364762852,0.0,4,Solved,138331,82055,324803,0.06435644891484277,1.0817857920919736e-12,4.808829116159652e-13,0.35361145019233686,-0.6396856202324309,-0.1255380381760443,-0.353600583376304,0.6396875690934755,0.12562743815655586,-0.005615295726647912,0.013345674769038736,-2.484925135555915,0.005615827485819745,-0.013346419344304793,2.4849258299776382,0.16050547112834962,1.0296587090999345,0.008609688263212211,-0.16056417427606615,-1.0297031826374843,-0.008615308815625757
3.79,0.011619457790100847,1.2292244355285571e-08,0.5394866014212721,-1.6826738816186316e-10,-0.00015387393356879742,-3.339370945438061e-07,0.007475380518416595,0.018998095168870886,0.11447615631392116,0.0,4,Solved,130156,80843,314945,0.06434760645240008,3.209842951195285e-12,2.4534779589913125e-13,0.35358295050377647,-0.6396189842131427,-0.13794251069305258,-0.3535720866530885,0.6396209270865822,0.13803186378307974,-0.0057655067268915184,0.013316753370605245,-2.4782409621873285,0.005764175482966487,-0.013318239321043208,2.4782249460303647,0.16047743106027235,1.0295081417412004,0.008704359937859327,-0.16054878329951125,-1.0295617032384012,-0.008703796448323463
3.795,0.011047913764557523,1.242910153589122e-08,0.5394909757564944,-5.048098178139822e-11,-5.959097136024421e-05,-3.341011682971557e-07,0.0075600496430002625,0.018761623860144506,0.1142024367400128,0.0,4,Solved,129094,81414,313913,0.06433870055098029,3.3611414432949127e-12,2.0281400257143867e-13,0.35355369042252793,-0.6395524932845669,-0.15031331380156002,-0.35354283254062707,0.6395544288961421,0.15040259197605643,-0.005918873849662638,0.013287682565144145,-2.4714738395905242,0.0059177650342992815,-0.013289116403499144,2.471459508018293,0.160452970745337,1.0293605352462616,0.008797190993930086,-0.16053147416035948,-1.0294192088156846,-0.008793112243445709
3.8000000000000003,0.01047774690324758,1.253758079340636e-08,0.5394953347604033,1.160859261187643e-10,3.349616313795265e-05,-3.3403653187892353e-07,0.007644303291966182,0.018520693143357032,0.11392583469804185,0.0,4,Solved,128974,90360,322259,0.06432940851365755,5.963794202383234e-12,3.2836786675177754e-13,0.3535236535429885,-0.6394861488586797,-0.16265004627158727,-0.35351279711586997,0.6394880786334955,0.16273928827938036,-0.006075597246454968,0.013258245743053832,-2.4646282241767086,0.006075845568151868,-0.01325924643904979,2.4646256710609893,0.16043933198140933,1.0292210963671733,0.008884636765327471,-0.16050501183029378,-1.0292705362185208,-0.00888679518168811
3.805,0.009908971647791384,1.2637227299795833e-08,0.5394996783610684,2.9758551641882313e-10,0.00012536585914794487,-3.3396000683189644e-07,0.007728138619396499,0.018275530527757884,0.11364634053875165,0.0,4,Solved,127000,81053,312220,0.06432085587406536,3.197442310920451e-13,1.2526056038762723e-13,0.3534928190192335,-0.6394199545255279,-0.1749523594456006,-0.3534819635468261,0.6394218782753015,0.17504156872730206,-0.006237026835830602,0.013227868436708052,-2.457718664008383,0.006236550303352649,-0.013229203238577932,2.4577095001757807,0.16041145173343338,1.0290718059894597,0.008978925089163889,-0.16049448758642118,-1.0291336939850457,-0.00897261232403653
3.81,0.009341602487631547,1.2738030921444846e-08,0.5395040064842894,4.750800147825123e-10,0.00021599764416327282,-3.338269565599259e-07,0.007811552746976888,0.018026365716197923,0.1133639445619619,0.0,4,Solved,128112,80442,310717,0.0643117304837777,3.339550858072471e-13,1.3473694816107384e-13,0.35346117154527446,-0.6393539123170683,-0.18721986935298152,-0.3534503121150496,0.6393558314355977,0.18730908783245134,-0.006400436690782531,0.013197421104484828,-2.450723848951891,0.0064020650368428415,-0.013198090358791888,2.4507329516451635,0.1603986035348918,1.0289336954173887,0.009065776184661863,-0.1604706097360156,-1.0289876877404431,-0.009064849136492375
3.815,0.008775653956697969,1.2784397640500543e-08,0.5395083190533912,7.504205942712381e-10,0.0003053721614579545,-3.335707061638e-07,0.00789454275107783,0.017773414292458534,0.11307863873209777,0.0,4,Solved,124946,90091,319163,0.06430289959245321,3.339550858072471e-13,1.4569674134691513e-13,0.3534286949414571,-0.6392880251830951,-0.19945221231473165,-0.3534178265018834,0.639289940832332,0.1995414829148187,-0.006567905015097031,0.013166056176433866,-2.4436645362199436,0.006569829387975657,-0.013166765401667918,2.443675870353892,0.16038147701554356,1.0287929235157074,0.009154603860602023,-0.16045272291834184,-1.0288463934792513,-0.009154072164901446
3.8200000000000003,0.008211140628058335,1.287120230844379e-08,0.5395126159915922,9.50882134285218e-10,0.0003934711236756861,-3.3343708390591514e-07,0.007977105672962679,0.017516892205000915,0.11279041499682484,0.0,4,Solved,129655,80983,314424,0.0642942034561097,4.050093593832571e-13,1.564671515182775e-13,0.3533953722431462,-0.6392222966871726,-0.21164904417276387,-0.3533844936112685,0.6392242085489322,0.21173837497641587,-0.006738333241119008,0.01313410723998203,-2.4365335597406674,0.006740450644587336,-0.013134895024117233,2.4365460883692154,0.16036355924395554,1.0286520233515235,0.009243725684038938,-0.16043736585574894,-1.0287072552977552,-0.009241965496840416
3.825,0.007648077116450754,1.2991465530674259e-08,0.5395168972196789,1.0882993545806676e-09,0.00048027734197921544,-3.3332174401752267e-07,0.008059238533224763,0.0172570218771636,0.11249926484538672,0.0,4,Solved,138341,80973,321768,0.06428522891161284,4.547473508864641e-13,1.7269258939522913e-13,0.3533611902114439,-0.6391567294856195,-0.22381000055689207,-0.35335029917400695,0.6391586376572398,0.22389940858249477,-0.006911201699281175,0.013101660030285641,-2.4293289064989345,0.006913924928111639,-0.01310236627355319,2.429346291570893,0.16035417071186592,1.0285177013700504,0.009328590571045854,-0.16041522291604632,-1.0285636625858054,-0.009333065512164515
3.83,0.0070864780773896964,1.3180989347363393e-08,0.5395211626562844,1.0979330775824832e-09,0.0005657747229538178,-3.333480791924926e-07,0.008140938318539287,0.01699401769441147,0.11220518055846607,0.0,4,Solved,127851,81293,310777,0.06427719936401212,8.297705665498003e-12,2.840811353516104e-12,0.3533261336063173,-0.6390913273418897,-0.2359347469181063,-0.3533152333723727,0.6390932301136515,0.2360242018356804,-0.007087518499227339,0.013068299740934231,-2.4220618100518947,0.007088776160721651,-0.013069614818100851,2.4220659172136774,0.16032629713890825,1.028370388231881,0.009422366801111375,-0.1604133932571427,-1.028435189824194,-0.009414188761563204
3.835,0.0065263582105570045,1.3390819039193656e-08,0.5395254122189875,1.0676291620944535e-09,0.000649948297965625,-3.3326082587149307e-07,0.008222202010342516,0.01672811753458292,0.1119081519656605,0.0,4,Solved,126309,81214,320796,0.0642682559744138,6.2455973985644305e-12,2.219769669725008e-12,0.35329019550308405,-0.6390260915196839,-0.24802288896596547,-0.35327928070632886,0.6390279904207956,0.24811243607718853,-0.0072638605344054205,0.013035102995702727,-2.414705030530078,0.007267861554311168,-0.01303553466686042,2.414732923420826,0.16032077472857903,1.0282396304595651,0.009505134687134716,-0.16039077936524757,-1.0282920955906207,-0.009505316670502712
3.84,0.005967732244596185,1.352826562889552e-08,0.5395296458225225,1.1678024872648048e-09,0.0007327841054206245,-3.329943564811992e-07,0.008303026519375343,0.016459479868437644,0.11160817831274258,0.0,4,Solved,130807,81194,313803,0.06425990058402462,5.11990606433895e-12,1.7597235788761184e-12,0.3532533656223506,-0.6389610250685633,-0.2600740725174758,-0.35324243109278397,0.6389629213164709,0.2601637559029274,-0.007443589440190189,0.01300080866419723,-2.4072898183414226,0.007447509141799501,-0.013001399497666462,2.4073167015972188,0.16030470372340466,1.0281016840849855,0.009592937798188378,-0.16038057805093003,-1.0281584093443938,-0.009590321102592546
3.845,0.005410614924295506,1.3692696996302357e-08,0.5395338633811408,1.217837409633355e-09,0.0008142690816452001,-3.328324741591051e-07,0.008383408779394483,0.016188326863092236,0.11130525137346439,0.0,4,Solved,128022,80553,310777,0.06425133040706706,4.490920025657091e-12,1.451720796526168e-12,0.3532156335805623,-0.6388961313621239,-0.272087956520576,-0.35320467681516643,0.6388980252119537,0.2721777963049827,-0.007624539072984244,0.012966105478226774,-2.3997999822582563,0.0076293376483762615,-0.012966513012145058,2.3998341905411524,0.16029568448893092,1.0279692811389634,0.009677209280869702,-0.16036509835703688,-1.028021286513073,-0.00967779460486447
3.85,0.004855021038995272,1.3874379169608477e-08,0.5395380648060112,1.2350594263748438e-09,0.0008943913084904591,-3.327120376450212e-07,0.008463345699299464,0.01591487327418587,0.11099936404191456,0.0,4,Solved,125777,82346,322279,0.0642429156081914,5.968558980384842e-13,2.3817677431009487e-13,0.35317699092802085,-0.6388314135550852,-0.2840641956150856,-0.3531660107512337,0.6388333048148137,0.2841542002776827,-0.007807484277538867,0.012930631101241156,-2.392244726139336,0.007812094250707682,-0.01293121680061604,2.3922769192580615,0.1602856099579293,1.0278365433233339,0.009761882216264913,-0.16035241673072684,-1.0278866497310624,-0.009763799128557255
3.855,0.0043009654044652516,1.412267357696628e-08,0.5395422500062922,1.129464172983748e-09,0.0009731398638551959,-3.327374465939169e-07,0.0085428341636818,0.015639309935713688,0.11069051194248386,0.0,4,Solved,124675,81264,308513,0.0642349451090338,6.181721801112872e-13,2.543418763361477e-13,0.35313742926778513,-0.638766875083788,-0.29600245529166785,-0.3531264279069586,0.6387687625396218,0.29609260361030887,-0.007991902260446136,0.012894522346776825,-2.384621602417003,0.007995893208117845,-0.012895391630941243,2.3846480618825594,0.1602680086335981,1.027698800290886,0.009850120316300144,-0.16034905095694113,-1.0277591217445408,-0.00984516722739658
3.86,0.0037484628600388085,1.4374363141748228e-08,0.5395464188890398,1.0154209127839637e-09,0.0010505048023393517,-3.326667661718824e-07,0.008621871059198734,0.015361840882064295,0.11037868956236017,0.0,4,Solved,132711,81233,316197,0.06422629630438331,5.01355141948997e-12,1.6480532216700539e-12,0.3530969460389883,-0.6387025177718992,-0.3079023615214152,-0.3530859197366301,0.6387044025009815,0.3079926853589147,-0.00817619633596826,0.012858218451964474,-2.376919088113311,0.008181841934809243,-0.012858557457610179,2.376959905863388,0.16026808720093083,1.0275742486963917,0.009929636642705186,-0.1603298370667506,-1.027620740870133,-0.00993414454211152
3.865,0.003197528275583875,1.4621671912000553e-08,0.5395505713598261,9.085294377217573e-10,0.0011264772159441294,-3.3262413568878823e-07,0.008700453259756841,0.015082672693164267,0.11006389059500496,0.0,4,Solved,150344,88597,346425,0.06421823640209967,3.0340174816956278e-12,1.087618303795626e-12,0.35305553428944275,-0.6386383454554786,-0.3197635906251261,-0.3530444843288873,0.6386402267029768,0.31985407805237476,-0.008362875758671496,0.012820787265280591,-2.369161496672183,0.008367009460174444,-0.012821706249347918,2.369188902231518,0.16025727101586382,1.027442283092677,0.010014339569178335,-0.16032318155224365,-1.0274917824335947,-0.010016887448678315
3.87,0.002648176538946514,1.4968764372246774e-08,0.5395547073261313,6.186249408592428e-10,0.0012010491248866566,-3.328181853962591e-07,0.00877857761620196,0.014801970520660058,0.10974611426048496,0.0,4,Solved,132510,83568,336526,0.0642101540021112,3.71939453896319e-12,1.175191454566571e-12,0.3530131884590042,-0.6385743616269736,-0.3315858172836717,-0.3530021203229438,0.6385762374633781,0.33167641962518396,-0.008549834049735767,0.012782926912276275,-2.361332284921625,0.0085531357610733,-0.012784110105484955,2.361352339485195,0.16024922390389976,1.0273128588713432,0.010097602658755468,-0.16031555996624353,-1.0273624640337793,-0.010099971092770386
3.875,0.0021004225461255135,1.535664621489506e-08,0.5395588266903696,2.527449392171167e-10,0.0012742134184772114,-3.3303811061483617e-07,0.008856240993928984,0.014519927097945707,0.10942535665624896,0.0,4,Solved,133422,81725,319043,0.06420219587525802,3.805494900421001e-12,1.2042089330907557e-12,0.3529699068612287,-0.6385105688087591,-0.3433686928186933,-0.3529588245959385,0.638512438200765,0.3434593753031414,-0.008737162556023288,0.012744514305956694,-2.3534345641267485,0.008739669753294174,-0.01274586829707476,2.353447920060279,0.16024097618004307,1.027183667277998,0.010180845002044846,-0.1603099296044897,-1.0272351340041284,-0.010181971370165506
3.88,0.001554281216055309,1.574463893798617e-08,0.5395629293516487,-1.1433535159964274e-10,0.001345963977298399,-3.3323415121173595e-07,0.008933440257235177,0.014236736744599474,0.10910161363278092,0.0,4,Solved,135215,82696,321176,0.0641944810449302,3.878907891647411e-12,1.2510272223535679e-12,0.35292568881726544,-0.6384469696337612,-0.3551118713890164,-0.3529145952081605,0.6384488322643437,0.355202611505861,-0.008924470772716304,0.012705591266978171,-2.3454672384152184,0.00892657799706812,-0.012706941120989567,2.345477540943344,0.16022975891758143,1.027052780315116,0.010265406126333783,-0.16030901565296085,-1.0271116967188831,-0.010261551880089157
3.8850000000000002,0.0010097674827863929,1.6057132574911975e-08,0.5395670152081694,-3.445493652761734e-10,0.0014162956067326862,-3.3325385517602605e-07,0.009010172264595369,0.013952577025521797,0.10877488306963115,0.0,4,Solved,132230,81885,316347,0.06418686731104703,4.328181886119948e-12,1.4225428831855097e-12,0.35288053686030696,-0.6383835660697701,-0.3668149900083994,-0.3528694289926752,0.6383854236420474,0.36690581581849285,-0.009110949095839914,0.012666348224601843,-2.3374253348124974,0.00911429096355002,-0.012667145545762306,2.337446981049045,0.160218733357534,1.0269225356271878,0.010349744961381548,-0.1603097093339023,-1.0269898769767525,-0.010340232713047825
3.89,0.00046689629287138194,1.618340807074705e-08,0.5395710841575236,-2.354898172908594e-10,0.0014852040184347185,-3.3291085607421884e-07,0.009086433888348148,0.013667636583019002,0.10844516163274648,0.0,4,Solved,131879,82456,321347,0.064178551021967,6.505086198427684e-12,2.22732899832212e-12,0.3528344560895836,-0.638320359723274,-0.37847767447099545,-0.3528233222309159,0.6383222166536596,0.37856869115974573,-0.00929627803105015,0.012626782902134301,-2.329308403112498,0.009302709274892285,-0.012626488727498024,2.3293575244585547,0.16022567968561927,1.0268056547578208,0.010425187911933064,-0.16029410946296016,-1.026856816351472,-0.010426719065146365
3.895,-7.431739920577317e-05,1.6191725938898037e-08,0.5395751360959095,9.008600477082799e-11,0.0015526857991668681,-3.325718368951853e-07,0.00916222199001858,0.013382073121461864,0.10811244989620762,0.0,4,Solved,138572,81845,325796,0.0641707535916703,4.916955731459893e-12,1.6294387714110847e-12,0.35278744444305826,-0.638257355141928,-0.39009962404492615,-0.3527762802017527,0.6382592126859594,0.39019087106706224,-0.009483049666043342,0.012585937590373221,-2.3211411511430713,0.009488907894051008,-0.012585922416568031,2.3211852715547536,0.16022348886739385,1.0266827096419007,0.010504937651741094,-0.16028941781382544,-1.0267320574667247,-0.010507770553672361
3.9,-0.0006138586394177992,1.627622261750409e-08,0.5395791709172751,2.769604693877519e-10,0.0016187383474361098,-3.325846242376543e-07,0.009237533452669432,0.013096062292051666,0.10777674638087799,0.0,4,Solved,129144,80732,312771,0.06416300463817157,8.100187187665142e-13,3.710530147027491e-14,0.3527395003075412,-0.6381945567885571,-0.40168054454051555,-0.3527283096017588,0.6381964132402762,0.4017719867418007,-0.009669413342502015,0.01254444319301436,-2.3129094825170413,0.009674337101540609,-0.012544809738240839,2.3129451818212106,0.1602225848918087,1.0265612125796257,0.010583931743260928,-0.16028517811075754,-1.026608074210745,-0.010588451471154552
3.9050000000000002,-0.0011517124655590343,1.646300919467252e-08,0.539583188513494,2.7554773810768244e-10,0.0016833599485739793,-3.328014266786532e-07,0.009312365169569655,0.01280977652444729,0.10743805007187494,0.0,4,Solved,129324,81665,313702,0.06415557790842905,1.6542323066914832e-13,1.0224677007841798e-14,0.35269062599829143,-0.6381319679445135,-0.41322011707833395,-0.35267941511160006,0.6381338210143614,0.4133116983813524,-0.009855273481979513,0.012502288340357924,-2.3046144501450487,0.009858721727330707,-0.012503161049537106,2.3046370622920014,0.16021694352995555,1.026436831970463,0.010665094166764696,-0.16028742872270954,-1.0264892465348647,-0.010665823550079445
3.91,-0.0016878639109801277,1.6715671860364875e-08,0.5395871887753895,1.514812668508244e-10,0.001746549745763248,-3.330375060080682e-07,0.009386714050818494,0.012523388996079058,0.10709635989182759,0.0,4,Solved,143841,88598,343539,0.06414781797843963,1.580957587066223e-13,1.5229679496686632e-14,0.35264082728680163,-0.6380695909497962,-0.42471800228050105,-0.3526295998110173,0.6380714396179522,0.4248096910205928,-0.01003954711963787,0.012459786862391959,-2.2962485592213655,0.010042773313977604,-0.012460672968993074,2.296269280710566,0.16022114125730835,1.0263199184151817,0.01074131948083159,-0.16028148996364042,-1.026365087655034,-0.010747017961097552
3.915,-0.0022222980118538536,1.701037626056792e-08,0.5395911715924219,-5.0945678944237534e-11,0.00180830768475118,-3.3331092257456285e-07,0.009460577010331745,0.01223704674902354,0.10675167813672197,0.0,4,Solved,131638,105108,352075,0.06414060349454757,1.0613499825101042e-11,4.657873912961019e-12,0.3525901081543558,-0.6380074291467683,-0.4361738859153602,-0.3525788702493027,0.6380092716775176,0.4362656288955178,-0.010223541939425505,0.01241641407081949,-2.287825098956276,0.010224871889801835,-0.01241785687801496,2.2878294149132192,0.1602156298945582,1.0261965567473752,0.01082211438011975,-0.16028698259203134,-1.0262496559127612,-0.010822492159854922
3.92,-0.002754999814252845,1.7348360336191456e-08,0.5395951368523961,-3.3410161519183613e-10,0.0018686344598618542,-3.3360311830766455e-07,0.009533950988376555,0.011950908907361968,0.1064040055990699,0.0,4,Solved,131218,81845,333660,0.06413316911505061,1.6244733097754704e-11,3.508915163638604e-13,0.352538475701036,-0.6379454850245014,-0.44758743602632484,-0.35252723151147897,0.6379473206502945,0.4476791983804436,-0.010405365490229936,0.012372778330612967,-2.2793294397363337,0.010406566436337354,-0.012374120735495021,2.2793329875309167,0.16021739268553373,1.0260789445334642,0.010899222239870852,-0.16028689731039653,-1.0261307058408098,-0.01090050554774526
3.9250000000000003,-0.003285954367044303,1.7649656119551456e-08,0.5395990844427008,-5.515943594912815e-10,0.001927531574134733,-3.337769158038206e-07,0.009606832947109727,0.011665135128421919,0.10605334319529842,0.0,4,Solved,133362,82265,319774,0.06412578524325356,5.212476780282298e-13,9.312421168396201e-14,0.3524859381160662,-0.63788376108188,-0.4589583207816041,-0.3524746893092273,0.6378855899629454,0.4590500902337968,-0.010585896961640286,0.012328493511675087,-2.2707712443852146,0.010586634689754995,-0.012329846734332404,2.270771243250138,0.16022039888024042,1.025962743634431,0.01097555961867093,-0.16028723421845584,-1.026012563892057,-0.010978140868282062
3.93,-0.003815146727095272,1.7935933555841623e-08,0.539603014248894,-7.420518505068011e-10,0.001985001304058428,-3.3397488831842876e-07,0.009679219869136379,0.011379876177699783,0.10569969302473393,0.0,4,Solved,126650,80261,306780,0.06411862011881075,2.7635348436721996e-13,1.225588640990649e-13,0.35243250219022904,-0.6378222606007091,-0.47028623032105704,-0.35242125239584327,0.6378240822683465,0.47037797778885077,-0.010765027573511127,0.01228354718155735,-2.262151460632456,0.010764866286018185,-0.012285046868714298,2.2621441447570514,0.16022092806302907,1.0258452736436512,0.011052928289803915,-0.16029170257272823,-1.025897921900972,-0.011053589150803811
3.935,-0.0043425619637688035,1.8202383098427144e-08,0.5396069261552271,-8.968759600612675e-10,0.002041046665096519,-3.3416852629899017e-07,0.009751108761558226,0.011095278840513752,0.10534305773173132,0.0,4,Solved,128102,80122,306650,0.06411163613640138,6.511620931840457e-13,2.2030749620427503e-13,0.3523781770118096,-0.6377609863271069,-0.48157084394447125,-0.3523669287948569,0.6377628007443268,0.48166254980319617,-0.010942064612815744,0.012238122130259474,-2.2534658559150578,0.010941643994815942,-0.012239542204023124,2.2534568456718382,0.16021986290180193,1.0257271621938577,0.01113089418597964,-0.16029944244342967,-1.025786178182422,-0.011127269227821628
3.94,-0.004868185157488042,1.8383321783018346e-08,0.5396108200445074,-8.964927435384857e-10,0.002095671428010365,-3.341878209146378e-07,0.009822496666721765,0.010811498955956948,0.10498343901814566,0.0,4,Solved,123894,90081,313312,0.06410448434438265,4.0390610235759017e-13,1.7781284257500918e-13,0.35232297471435386,-0.6376999403376556,-0.4928118239203615,-0.35231172512027364,0.6377017492450027,0.4929035167573945,-0.011116451317363102,0.012192321577584592,-2.2447115566980096,0.011117185835409188,-0.012193224691994875,2.2447131692984987,0.1602247400094635,1.0256138946693083,0.011205778791296545,-0.1603027937361943,-1.0256717495101224,-0.011202886756725062
3.9450000000000003,-0.005392001406476445,1.8445321159434696e-08,0.5396146957980856,-6.792978363925668e-10,0.0021488800674484545,-3.340380703672091e-07,0.009893380637607703,0.010528659847766174,0.10462084255233162,0.0,4,Solved,135296,79681,314353,0.06409752247868492,1.2974466119629226e-12,5.264844549907055e-13,0.35226690638874253,-0.6376391254155025,-0.5040088502827652,-0.3522556504257009,0.6376409309058368,0.5041005759911373,-0.011288901784969793,0.012145850100063261,-2.235896360478896,0.011290537778852118,-0.012146396997435749,2.2359062264743246,0.16022794646280705,1.025499856031057,0.011281258141142793,-0.16030944107374748,-1.0255603596589586,-0.011276727995060975
3.95,-0.005913995835847353,1.8415438928127528e-08,0.539618553297188,-2.9476615043714926e-10,0.00220067768694649,-3.3379898910387146e-07,0.009963757766847747,0.010246898473138756,0.10425527236644785,0.0,4,Solved,127100,80612,309044,0.06409012870776033,5.20308920731391e-13,2.334131152248453e-13,0.3522099833947213,-0.6375785445137462,-0.515161609505637,-0.35219871484997806,0.6375803486404199,0.5152534231223418,-0.011458859664603816,0.012098838634747469,-2.2270172749364634,0.011461964655517451,-0.012098940643681546,2.2270399765747944,0.16024294985851104,1.0253949223885022,0.01135080760178579,-0.16030586737821803,-1.0254420593241653,-0.011355330252401893
3.955,-0.006434153590903986,1.8392893363456984e-08,0.5396223924223205,7.60344610039042e-11,0.0022510700795925465,-3.3372123019219587e-07,0.010033625180089985,0.009966348105722948,0.10388673317481573,0.0,4,Solved,134414,87135,318973,0.06408344469168853,5.804248412195206e-13,2.618506540069676e-13,0.3521522132599832,-0.6375182020845828,-0.5262698301469165,-0.35214093378497896,0.6375200038562541,0.5263617164865503,-0.011627962169203572,0.012050715692702649,-2.218090242216821,0.011629549837915,-0.012051421158282668,2.218099433225229,0.16024443511168437,1.025280869719365,0.011426715997316336,-0.16031738157397876,-1.0253351150670165,-0.011426389958584067
3.96,-0.006952459842360764,1.8463063256123564e-08,0.5396262130526832,2.757135666822094e-10,0.002300063690946993,-3.3382591190592446e-07,0.010102980036570874,0.009687138778512669,0.10351523008525529,0.0,4,Solved,129044,79299,310667,0.06407646252495178,1.853125793364758e-13,5.518990212755037e-14,0.35209360766327613,-0.6374581011321044,-0.5373332124465152,-0.3520823198232191,0.6374598993889079,0.5374251475710955,-0.011793755593164017,0.012002313202344773,-2.2090953577173913,0.011795482625022674,-0.012003017235201183,2.2091054750477657,0.16025560110877693,1.025174253128157,0.01149770231760704,-0.16032097948630794,-1.0252234003992284,-0.011501099541752434
3.9650000000000003,-0.007468899770681985,1.8590582638901242e-08,0.5396300150737956,3.680690198613991e-10,0.002347665732968042,-3.3395505914130265e-07,0.010171819554575318,0.009409447251941027,0.10314076189478787,0.0,4,Solved,130376,79590,312570,0.06407021750281502,1.4285811855958486e-13,3.110272456252616e-14,0.3520341792383103,-0.6373982444719923,-0.5483514569755311,-0.3520228860889053,0.6374000378545434,0.5484434124696025,-0.011957531019626513,0.011953171285884825,-2.200045819302458,0.011958152515159115,-0.0119543175423391,2.2000459006162894,0.16025195794803107,1.025057302890029,0.011575648935470586,-0.16034059591280186,-1.0251234800450404,-0.011567798132343954
3.97,-0.007983458584017491,1.8725131505345087e-08,0.5396337983676109,4.4398609635037707e-10,0.002393884065054892,-3.3389817936500005e-07,0.010240140952310638,0.009133343995665033,0.10276334245086238,0.0,4,Solved,130627,79751,307441,0.06406296550003324,7.573923313606429e-13,3.4695813930230024e-13,0.3519739459087002,-0.6373386335844553,-0.5593242263108694,-0.3519626417102072,0.6373404236524142,0.5594162502260832,-0.012116687568730657,0.01190400945978804,-2.1909203343375028,0.01211994208769065,-0.01190436783849646,2.1909429900351216,0.1602724012728895,1.0249587904218904,0.011641703936651676,-0.16033761804703117,-1.0250074480005318,-0.01164518521405987
3.975,-0.008496121560372757,1.881903967924444e-08,0.5396375628003551,5.926284463649245e-10,0.0024387268790136522,-3.337583709698378e-07,0.010307941492771004,0.008858921010949216,0.10238298164593813,0.0,4,Solved,128473,82305,321156,0.06405624871311213,8.024915362167915e-14,1.4166836106999092e-14,0.3519129196068117,-0.6372792722488705,-0.5702512411106991,-0.3519016027480379,0.6372810591062404,0.5703433466410885,-0.012274921954098867,0.011853628182786633,-2.1817522097549453,0.012276986052301176,-0.011854449097067022,2.18176439107124,0.16028375733986816,1.0248540500059218,0.011711906922195009,-0.16034529744895887,-1.0248999794097942,-0.011717194624378877
3.98,-0.009006874008320646,1.9031924070901373e-08,0.5396413082448535,5.235081574997176e-10,0.002482202971514035,-3.33966160521162e-07,0.010375218498640289,0.008586315482924482,0.10199968386015248,0.0,4,Solved,127101,79059,303684,0.06404949830816603,8.757748215862393e-13,4.0598243083306285e-13,0.3518511103268466,-0.6372201647772292,-0.5811322471021659,-0.3518397883900796,0.6372219457679866,0.5812243674545463,-0.01243045676909188,0.011802609274223134,-2.172527856022424,0.01243077798096556,-0.011804005091936244,2.172524725986546,0.16029821865432456,1.0247521120894154,0.011780365848369521,-0.1603513511907811,-1.0247919729306565,-0.01178973409834643
3.985,-0.00951570126094971,1.9399419489817304e-08,0.5396450345762963,1.7036651622958342e-10,0.00252432180850974,-3.3446297714835665e-07,0.010441969329679621,0.008315649837053843,0.10161345539836879,0.0,4,Solved,126689,78819,301269,0.06404419037335854,1.9824142327706795e-12,7.553214238960326e-13,0.3517885306860986,-0.6371613146617808,-0.5919669747770336,-0.351777216428945,0.6371630858678898,0.5920589987482906,-0.01258358048888989,0.011750854039056822,-2.163251129945177,0.012580809200047177,-0.011753164641709198,2.1632211516212414,0.16028284228224343,1.0246292238418688,0.01186306281123894,-0.1603886863019504,-1.0247070459737366,-0.011846835422907697
3.99,-0.010022588687297914,1.9695755485073267e-08,0.5396487416691671,-5.678596702832113e-11,0.002565093442591123,-3.3448772342367235e-07,0.010508191397744227,0.008047042015197318,0.10122430363439619,0.0,4,Solved,130827,79040,306910,0.0640369611254925,5.481858185701211e-13,2.7750664179787554e-13,0.35172520793443784,-0.6371027207558826,-0.6027550346307772,-0.35171389125009467,0.6371044863198051,0.6028470517397378,-0.012729243845695,0.011699935355235596,-2.153879639145877,0.012731867226008685,-0.011700319912266704,2.153897097584661,0.16031240453535103,1.024539317054154,0.011923670777728802,-0.16038242625881238,-1.02459137800788,-0.0119248198393182
3.995,-0.010527521703339574,1.9749604202713e-08,0.5396524293981445,1.5851065034983462e-10,0.002604528423101083,-3.340788699678415e-07,0.010573882133752287,0.007780572462722433,0.10083223987774198,0.0,4,Solved,137710,79941,316658,0.0640308071867766,5.530347772612909e-13,2.8833120786775357e-13,0.3516611578306452,-0.6370443863807937,-0.613496143733471,-0.35164982953277285,0.6370461494062082,0.613588236098247,-0.012874582226146458,0.011647408929194691,-2.144476698739098,0.012876723506632631,-0.011647992896062493,2.1444902328991757,0.160320248798191,1.0244343491682615,0.011994534306753186,-0.1603993090906647,-1.0244929149884257,-0.011991331393358005
4.0,-0.011030485776044043,1.980183257463432e-08,0.5396560976411175,3.773759352378164e-10,0.0026426377579349533,-3.3389955641108226e-07,0.010639039043191275,0.007516353612678549,0.10043727226485015,0.0,4,Solved,128002,80011,305287,0.06402430523196026,5.192651321948849e-13,8.221660928019875e-14,0.3515963936090456,-0.6369863156117674,-0.6241900493334117,-0.3515850514776734,0.6369880766124144,0.6242822364856015,-0.013015759233055944,0.011594564145822281,-2.135010686489503,0.013018944192884848,-0.011594856906237723,2.1350332470330886,0.1603379724907816,1.0243371191518331,0.012060328392463444,-0.16040767913084752,-1.0243888837113642,-0.012061693541472263
4.005,-0.01153146641246747,1.984825471648739e-08,0.5396597462718713,6.059678149840539e-10,0.002679433027092332,-3.3379099178465344e-07,0.010703659675036397,0.00725449151466455,0.10003940971559706,0.0,4,Solved,133762,79991,312189,0.06401808841104077,2.3447910280083306e-13,7.680092456094356e-14,0.35153093178667294,-0.6369285115923747,-0.6348364772116216,-0.35151957514843135,0.6369302704224604,0.63492876430568,-0.013154190925761759,0.011540895796385097,-2.125495235714158,0.013156911388487368,-0.011541419588488505,2.1255135535505456,0.16035159665462345,1.024237484288681,0.012127811467376634,-0.1604214472535449,-1.0242894145766523,-0.01212915172247607
4.01,-0.012030449171599827,1.9958298601710757e-08,0.5396633751646959,7.16827867764426e-10,0.0027149262758447675,-3.3383631515252104e-07,0.010767741617911839,0.006995070408681319,0.09963866363116487,0.0,4,Solved,128172,106110,341075,0.0640119732770103,7.311790062303203e-13,7.113991199510922e-14,0.35146478863368974,-0.6368709775586555,-0.6454351613528914,-0.35145341968010624,0.6368727331449998,0.6455275279470066,-0.013289034237813347,0.011486691372884533,-2.115924111111342,0.013291327800258195,-0.011487419456129733,2.1159384192886117,0.16036500903738724,1.024138353479198,0.012195112847859254,-0.1604367389544399,-1.0241915724321649,-0.012195568103687457
4.015,-0.012527419668859584,2.0116455382109466e-08,0.5396669841944912,7.375153077960532e-10,0.0027491299805594317,-3.339105592563435e-07,0.01083128252004542,0.006738182900244754,0.09923504467654971,0.0,4,Solved,128463,87956,324283,0.06400588869788003,1.936510576460576e-13,8.150854394640278e-14,0.35139798275599526,-0.6368137160479138,-0.6559858213759351,-0.3513866027328763,0.6368154677606588,0.6560782554240246,-0.01342006459071726,0.011431997242163504,-2.1062966371774285,0.013422224580210803,-0.011432801751371348,2.1063095852712306,0.16037987228663309,1.0240409305817462,0.012261416674738183,-0.16045190259308767,-1.0240942191660805,-0.012261740545812451
4.0200000000000005,-0.01302236356941948,2.0296737212768187e-08,0.5396705732350432,7.157185965385854e-10,0.0027820571120807536,-3.3396689130169764e-07,0.010894280087828886,0.006483930983532487,0.09882856239591009,0.0,4,Solved,139974,90110,337397,0.06399989489177058,7.69815561665367e-12,3.332211243045613e-12,0.3513305331110103,-0.6367567296248874,-0.6664881805268557,-0.35131914259409236,0.6367584772035384,0.6665806764771081,-0.013547314318135311,0.011376775349469829,-2.0966144675525205,0.013549372028263883,-0.011377616446875306,2.096626471967047,0.1603949011829158,1.0239440975244247,0.012327308058345008,-0.16046806444642023,-1.0239983182683292,-0.012327119165555147
4.025,-0.013515266597592277,2.0485516872880654e-08,0.5396741421605946,6.765752850165237e-10,0.0028137210570447634,-3.3400090781036966e-07,0.010956732060295857,0.0062323774275834815,0.09841923110521025,0.0,4,Solved,130497,80372,315927,0.06399398594901123,2.5281371722647716e-11,2.4696315955793913e-12,0.3512624589359733,-0.6367000209022344,-0.6769419653546751,-0.3512510579361358,0.636701764309618,0.6770345228173794,-0.013670670847816792,0.011321034236996829,-2.08687761139285,0.01367279263643773,-0.011321863810554627,2.0868901120346397,0.16041010079780027,1.0238480603683122,0.012392804236375924,-0.16048531882174683,-1.0239037751841797,-0.012391646902026663
4.03,-0.014006114545130482,2.0666913234950447e-08,0.5396776908452168,6.491478689423134e-10,0.002844135553476363,-3.3398773120242305e-07,0.011018636249872057,0.005983610213802788,0.09800706222015944,0.0,4,Solved,127401,79460,305247,0.06398793312282222,2.6298481757081396e-11,1.8048038107412734e-12,0.3511937801949685,-0.6366435923924407,-0.6873469020773266,-0.35118236744691944,0.6366453319969946,0.6874395318608842,-0.013789966260257615,0.011264800642399545,-2.077085952281744,0.01379246686215781,-0.011265517225809747,2.0771017185880996,0.16043053010310301,1.0237564465353342,0.012455437619243163,-0.16049853080132687,-1.0238069299651555,-0.012457803463522106
4.035,-0.014494893261133483,2.08607708836776e-08,0.5396812191631071,5.977091151704485e-10,0.0028733147776390383,-3.3402710329366257e-07,0.011079990516599135,0.005737707805457879,0.09759206829999206,0.0,4,Solved,135446,88808,323220,0.06398229554459427,1.4088780760524583e-11,1.175673057171589e-12,0.35112451513634924,-0.6365874472587937,-0.6977027378130347,-0.3511130922929628,0.6365891824724522,0.6977954254940448,-0.01390588159204211,0.011207846042203477,-2.0672465081469635,0.013907584291240551,-0.011208825294267071,2.0672553328249483,0.16044379764310895,1.0236602886013868,0.012521205190926435,-0.16052007969250198,-1.0237167287135083,-0.012519582393209909
4.04,-0.014981588659376993,2.107149726068317e-08,0.5396847269892086,5.138187653845808e-10,0.0029012732850330542,-3.340795183025555e-07,0.011140792778754283,0.0054947480248716905,0.09717426211334264,0.0,4,Solved,129364,79771,308333,0.06397612173773129,1.0700288149024378e-11,8.922951353490527e-13,0.35105468466660905,-0.6365315878220478,-0.7080092023283027,-0.35104325168353107,0.636533318744293,0.7081019483727394,-0.01401708681116823,0.011150588464540132,-2.0573488933378226,0.014019327537458335,-0.011151370289138776,2.0573624401747344,0.16047096455637128,1.0235747846760297,0.012579895618369316,-0.1605288608304293,-1.0236179478037006,-0.01258719848555718
4.045,-0.015466186719292533,2.1322528584808458e-08,0.5396882141977832,3.5530831341383757e-10,0.0029280260079618445,-3.3426610348780086e-07,0.011201041012150716,0.005254802783886344,0.09675365723579524,0.0,4,Solved,149693,79350,331897,0.06397057137693818,6.731546999572432e-13,1.555517867291023e-13,0.35098430601098807,-0.6364760177532706,-0.7182660629483543,-0.3509728691894966,0.6364777424624257,0.7183588130645888,-0.014125677185625218,0.01109232532989818,-2.047412414176823,0.014125472775156534,-0.011093857265490266,2.0474048246485976,0.16048626220937853,1.023481400838584,0.012643987543514722,-0.1605505932193393,-1.0235291420310109,-0.012648169907187132
4.05,-0.015948673492515594,2.168695924557862e-08,0.5396916806643239,-1.1805441537055531e-11,0.002953588199674871,-3.346783398679859e-07,0.011260733242309523,0.0050179302719868405,0.09633026875438735,0.0,4,Solved,148440,89609,337016,0.06396527791258382,6.465938895416912e-13,2.7717095925274687e-13,0.3509133984636488,-0.6364207398807145,-0.7284730737566311,-0.35090196680293095,0.6364224560138667,0.7285657507919252,-0.014229591726532966,0.011033772905527145,-2.0374199675921414,0.01422800327973158,-0.011035603520820716,2.03740066675748,0.16049782505032337,1.0233859353639185,0.0127095411907768,-0.1605771455465944,-1.023444446601341,-0.012706434609732037
4.055,-0.016429035104871252,2.202030714424552e-08,0.5396951262653171,-3.243899544971421e-10,0.002977975421343548,-3.3488621461181177e-07,0.011319867563336082,0.004784198465189603,0.09590411093817544,0.0,4,Solved,147108,79671,325646,0.06395931110571332,2.003821962728756e-12,9.976043699889275e-14,0.3508419875973158,-0.6363657551320075,-0.7386299391662764,-0.35083056081640396,0.6363674636728861,0.7387225479405407,-0.01432809383865663,0.01097510008959582,-2.0273662977600977,0.014327514418071714,-0.010976422277100679,2.027356335033626,0.16052642256507138,1.023303373026715,0.01276646971530928,-0.16058774341726398,-1.023348977691413,-0.012772060227811733
4.0600000000000005,-0.01690725775166687,2.2300970225637622e-08,0.5396985508767685,-5.411682306509089e-10,0.0030012035878947208,-3.3505327110994713e-07,0.011378442128693841,0.004553677696467013,0.09547519759481582,0.0,4,Solved,138822,80332,319013,0.0639540369777265,3.4185416541814007e-12,2.4882785447984807e-13,0.35077009260726427,-0.6363110668006524,-0.7487364247519022,-0.35075867450980347,0.636312767287552,0.7488289352732073,-0.01442379030402668,0.01091543013406603,-2.0172751952892862,0.014421290204741866,-0.010917222248959937,2.017249143289055,0.16054146227121233,1.023211708030336,0.012829585652343245,-0.1606128566221264,-1.023264591643624,-0.012830262672709274
4.065,-0.01738332770562161,2.2601511174552254e-08,0.5397019543771214,-7.948294317267244e-10,0.0030232888972016024,-3.3532771589234783e-07,0.011436455138953826,0.004326411019625546,0.09504354593251388,0.0,4,Solved,126339,97344,321788,0.06394882311623819,2.596221848616409e-13,1.597777899570163e-14,0.35069773452842623,-0.6362566774622166,-0.7587922848283122,-0.35068632969096697,0.6362583693312597,0.7588846602925586,-0.014514360581296872,0.010855547342742992,-2.007127263809865,0.014511601440904255,-0.010857228738853461,2.0070995782698677,0.16055704908339763,1.0231211204436894,0.012892060319318466,-0.16063842881347545,-1.023181169859811,-0.012887847603602398
4.07,-0.01785723132366158,2.2800615035265333e-08,0.5397053366452402,-8.644035950418495e-10,0.003044247781588557,-3.353647392305369e-07,0.011493904866267545,0.004102455926169272,0.09460917156574823,0.0,4,Solved,127621,79791,306469,0.06394321436454606,2.46475471868228e-12,1.757161690457698e-12,0.35062493904417613,-0.6362025883182029,-0.768797237740454,-0.35061354394527533,0.6362042736179042,0.7688895120025048,-0.014599778938052112,0.010795407066361755,-1.9969233034134835,0.014598364993282653,-0.010796491158360264,1.996907956783907,0.1605833071995026,1.023038864926349,0.012948961159336273,-0.1606542836035697,-1.023091429832737,-0.012949750157653449
4.075,-0.018328955040549433,2.289620514277231e-08,0.5397086975602164,-7.449389459448778e-10,0.0030640969639637214,-3.35311330288526e-07,0.011550789640744713,0.0038818658599677216,0.09417209062884807,0.0,4,Solved,138311,79590,317189,0.06393795613449428,3.633408244413383e-12,1.1919902998674958e-13,0.3505517270858299,-0.63614880233277,-0.7787510482546782,-0.35054034006969703,0.6361504821628492,0.778843238566983,-0.014681645373432892,0.010734462911591514,-1.9866782214296494,0.014679900232031326,-0.010735564677663553,1.9866604874141127,0.16060363363490024,1.0229529743816548,0.013008325833838548,-0.16067699044876446,-1.0230072981519085,-0.013007935035358645
4.08,-0.01879848537399475,2.296878124878642e-08,0.539712037001042,-5.837823099743732e-10,0.003082853418595018,-3.353349483486852e-07,0.011607107855696784,0.0036646902571780006,0.09373231988262387,0.0,4,Solved,133362,78378,308062,0.06393294309202463,6.150390526732386e-13,1.602648135728968e-13,0.35047811971707615,-0.6360953224192821,-0.7886534849520789,-0.3504667411421012,0.6360969970281187,0.7887455899277018,-0.014758866230986543,0.010673074567782985,-1.9763834715313955,0.014757216784247379,-0.010674085134176796,1.976366836728633,0.1606203695907904,1.0228652083084846,0.013069015272678765,-0.16070419183402415,-1.022927089472394,-0.01306352659237007
4.085,-0.01926580892619631,2.2968907950588008e-08,0.5397153548477601,-2.91759583107188e-10,0.0031005343577739574,-3.3520698598630244e-07,0.011662857963496578,0.0034509753084691684,0.09328987627920905,0.0,4,Solved,147829,79020,331185,0.06392746591487829,2.660009419761661e-12,1.010556655717254e-13,0.35040414215479826,-0.6360421501559206,-0.7985042844111147,-0.3503927664098056,0.6360438215100913,0.7985963536120176,-0.014830776490436025,0.01061145178802272,-1.966034034895438,0.014830928108240089,-0.010611879329717128,1.9660331377854947,0.16064917163357198,1.0227868081247224,0.01312343060996245,-0.1607201769666088,-1.0228394546380526,-0.013124137573328809
4.09,-0.019730912386413606,2.291187900312552e-08,0.5397186509827245,1.0369388274369052e-10,0.0031171572095013487,-3.350409778308841e-07,0.011718038479050083,0.0032407618116847407,0.09284477767072478,0.0,4,Solved,136628,104247,344812,0.06392250589809013,1.714281277695462e-12,8.382464644282606e-13,0.3503298153564516,-0.6359892886122784,-0.8083032242783176,-0.35031843966994397,0.6359909573494144,0.8083952816735123,-0.014899229681973854,0.0105489764169443,-1.9556468624557986,0.014899118260129138,-0.010549562539761215,1.9556435615689134,0.16066827933495312,1.0227021236725646,0.013182106848543701,-0.16074669775888106,-1.0227600943694422,-0.013179219554182001
4.095,-0.020193782533472284,2.2870940501671268e-08,0.5397219252886877,4.681061243488158e-10,0.0031327396040071068,-3.3493713971925983e-07,0.011772647980200604,0.0030340910318692555,0.09239704181433146,0.0,4,Solved,138502,80392,335854,0.06391699861761503,1.5541964958933063e-12,9.787819426482214e-14,0.350255161664981,-0.6359367403003503,-0.8180500743295259,-0.35024378361610664,0.6359384067896782,0.8181421396564726,-0.014962550067614787,0.010486218456861505,-1.9452081845051314,0.01496341057264407,-0.010486584861982885,1.9452130032286419,0.16070131587998598,1.0226281307415979,0.013233594977494916,-0.16076008818177076,-1.0226719778818405,-0.01324022757950139
4.1,-0.020654406236127167,2.2898055759319402e-08,0.5397251776498055,7.064217275430931e-10,0.0031472993701701563,-3.3500593258198506e-07,0.011826685107750564,0.0028310007545323946,0.0919466870066441,0.0,4,Solved,138251,82867,335473,0.06391226741065623,3.011637651501725e-12,1.5851755671980605e-12,0.3501802001818416,-0.6358845087791329,-0.8277446360983031,-0.35016882444298714,0.6358861709752707,0.8278366669811091,-0.015022911476515102,0.010422479149082913,-1.9347375989250155,0.01502157961315843,-0.01042364907367628,1.9347229924895444,0.1607187513787291,1.0225436537856312,0.013292203945523752,-0.16078984013119732,-1.0225962785704996,-0.013292850957568035
4.105,-0.02111277045693971,2.3057338684686776e-08,0.5397284079509936,7.004289284367915e-10,0.003160854507218126,-3.352485344021841e-07,0.011880148562395521,0.0026315223044442336,0.0914937323214923,0.0,4,Solved,139513,80803,322800,0.06390738109287138,4.023375870746554e-12,1.838457337755006e-12,0.3501049535715779,-0.6358325962256912,-0.8373866835284587,-0.35009358497545623,0.6358342523787333,0.8374786362835916,-0.015077704734209394,0.010358647025966082,-1.924213046735551,0.015076204518607724,-0.010359881872173828,1.9241967120353236,0.16074139582007146,1.0224635917334846,0.013347840956610658,-0.16081512668858575,-1.022518097485942,-0.013347177238993925
4.11,-0.02156886225410747,2.3229473757840796e-08,0.5397316160788078,6.678789694052239e-10,0.003173423169097477,-3.3534530141179327e-07,0.011933037109317986,0.0024356876174138438,0.09103819678825903,0.0,4,Solved,131628,80391,315175,0.06390252937202943,4.577925468178187e-12,1.9713038710081343e-12,0.35002944725596796,-0.6357810039992704,-0.8469759697062222,-0.3500180854471307,0.6357826542166453,0.8470678466985176,-0.015127723393713828,0.010294430933042683,-1.9136421055752697,0.015126456432695886,-0.010295588854995546,1.9136277154048293,0.1607650334107907,1.0223848645166986,0.013402524785392106,-0.16084010925924294,-1.022440469952471,-0.013401193996219063
4.115,-0.02202266878343595,2.338691661581221e-08,0.539734801921267,6.599798014117704e-10,0.0031850236504064005,-3.353384814781326e-07,0.011985349573178096,0.0022435205217037337,0.0905801004748622,0.0,4,Solved,138392,84019,337287,0.0638977207705918,5.154969578208136e-13,3.8109673836800306e-13,0.3499537048295975,-0.6357297341519601,-0.8565122672146698,-0.34994234803168145,0.6357313789501932,0.8566040835063926,-0.015173058459098379,0.010229787480195188,-1.9030262813753116,0.015172230266094393,-0.010230824638163973,1.903015623500129,0.16078921368999197,1.0223073364074418,0.013456482755475938,-0.1608652276254679,-1.0223635323294689,-0.013454668124921482
4.12,-0.022474177301291316,2.351953458097092e-08,0.5397379653674377,6.957300631555704e-10,0.003195674364801977,-3.3526393848569345e-07,0.012037084844669149,0.0020550469635538973,0.09011946326834983,0.0,4,Solved,132160,80392,316037,0.06389301058010376,4.6947656266033144e-12,2.0710121443300034e-12,0.3498777496651124,-0.6356787888071171,-0.865995353990188,-0.3498663952351558,0.6356804289236988,0.8660871322917053,-0.015213723289123678,0.010164720360637699,-1.8923663586452455,0.015213485235760231,-0.01016559323799049,1.892360786388156,0.16081291268740283,1.02223013318033,0.013510185331407082,-0.16089147406205803,-1.02228816928166,-0.013507125398632512
4.125,-0.022923375163909934,2.361308018140792e-08,0.5397411063079428,8.013760810801716e-10,0.0032053938511488367,-3.3511621643442995e-07,0.012088241875553877,0.0018702900124118167,0.08965630534730654,0.0,4,Solved,132390,80331,313843,0.0638882909914233,4.706529843591031e-12,2.0658275437512863e-12,0.34980160551680767,-0.6356281699569771,-0.8754250079702953,-0.3497902492607073,0.6356298065302181,0.8755167842993803,-0.015249582339931884,0.010099270601185227,-1.881661817268313,0.01525034891299369,-0.010099875939211814,1.881664855042478,0.1608384213364582,1.022154947011689,0.013562519353118885,-0.16091653186686894,-1.0222126558627729,-0.013559679533749546
4.13,-0.02337024982890939,2.366463136279435e-08,0.5397442246354447,9.823382638216454e-10,0.003214200761260781,-3.3490994055313874e-07,0.012138819682948117,0.0016892727641118067,0.08919064699001039,0.0,4,Solved,143882,101973,377834,0.06388391851530009,1.2479539970855491e-12,1.1618413479561052e-13,0.34972529570270516,-0.6355778797543044,-0.884801014184678,-0.34971393281914387,0.6355795139315844,0.8848928293595858,-0.015280869336273924,0.0100333599530011,-1.8709153536456438,0.015282569104458297,-0.010033759697486332,1.8709262716468464,0.16085778686339616,1.0220760214244629,0.013617323523865134,-0.16094830372124574,-1.0221426962448015,-0.013608499719996756
4.135,-0.023814788857482626,2.3636917498050246e-08,0.5397473202430836,1.3062920713167042e-09,0.003222113847511866,-3.3452191965286963e-07,0.012188817345133813,0.0015120120980053652,0.08872250934999625,0.0,4,Solved,149151,81544,342197,0.06387878938063704,1.4548370812209154e-12,7.904491812612754e-14,0.3496488462098993,-0.6355279195316789,-0.8941231377867953,-0.34963746601047335,0.6355295540934299,0.8942150828530826,-0.01530654433877071,0.009967304588919255,-1.86011858974907,0.015311178639628812,-0.009966927994644607,1.8601545466755185,0.16089554199247402,1.0220110861713763,0.013662703135216125,-0.16096223847329477,-1.0220606300901927,-0.013665467443813343
4.14,-0.024256979917927874,2.3586962214756958e-08,0.5397503930259347,1.6698654637307953e-09,0.003229151931146851,-3.342066463456276e-07,0.012238233998800222,0.001338520290158252,0.08825191390241151,0.0,4,Solved,133292,81274,317530,0.06387418676015459,5.241918010767677e-13,6.488386217196052e-14,0.34957227622039816,-0.6354782928206905,-0.9033912055578359,-0.3495608756785037,0.6354799276647457,0.9034833041779976,-0.015329550979276423,0.009900190442344393,-1.849297509394886,0.015333259054972065,-0.009900334306576658,1.8493248231256147,0.1609228988026108,1.0219394205631742,0.013712619523594047,-0.1609870773288547,-1.0219869881624735,-0.013716644673395978
4.1450000000000005,-0.024696810786535066,2.3694823786859354e-08,0.5397534428794155,1.7433021083539985e-09,0.0032353339003476883,-3.3428319233649483e-07,0.012287068851507885,0.0011688125817089245,0.08777888234361958,0.0,4,Solved,131718,82345,326296,0.06387000037955771,6.241962242220511e-13,3.1630752704570053e-13,0.3494956044224297,-0.6354290030352727,-0.9126050515239432,-0.3494841892249988,0.6354306354850746,0.9126972511976763,-0.015348121615311383,0.009832628273222222,-1.83843741725515,0.015350539855404651,-0.009833317370783674,1.8384529484680725,0.1609427701931649,1.0218630569694487,0.013765632301787272,-0.16101990107438433,-1.0219200060729234,-0.013763434297018946
4.15,-0.025134269349324313,2.389051504371635e-08,0.5397564696999262,1.6528320484461516e-09,0.0032406786954176903,-3.343645176904576e-07,0.012335321158960274,0.0010028936696852703,0.08730343682377509,0.0,4,Solved,136809,84550,332848,0.06386611790778772,5.242148945830416e-13,2.6397894287155665e-13,0.3494188565305439,-0.6353800511385154,-0.9217644503209972,-0.34940742686280374,0.63538168065546,0.9218567467892463,-0.015361076889263725,0.009765035398310641,-1.8275282335764709,0.015364279980912887,-0.009765556516408624,1.8275501090683812,0.1609573218450421,1.0217836347529163,0.01382070490493233,-0.1610585531583048,-1.0218578865246035,-0.013806883438561278
4.155,-0.025569343598844267,2.396346438371352e-08,0.5397594733910538,1.7832270364781537e-09,0.003245205320220539,-3.3395347411333327e-07,0.01238299025577827,0.0008407871521360355,0.08682559772193575,0.0,4,Solved,131699,82325,319223,0.06386169591559838,4.383219048137432e-13,2.2119648777560452e-13,0.34934206329097683,-0.6353314366138836,-0.9308691355692416,-0.34933060373706015,0.635333067591454,0.9309616605257383,-0.015367521425617151,0.009697629610280813,-1.8165629821806881,0.015375333836232928,-0.009696824709000481,1.8166244366492934,0.1609855545123018,1.0217149559624663,0.013868611210652462,-0.1610841463580838,-1.0217871346495742,-0.013856153218055837
4.16,-0.02600202161676296,2.3794925765907667e-08,0.5397624538600093,2.353675393977635e-09,0.0032489329968082327,-3.3306567276530917e-07,0.01243007555652641,0.0006825512895085213,0.08634538078506446,0.0,4,Solved,130457,88888,334341,0.06385766827395091,2.980085199878052e-12,1.3855436980028668e-12,0.349265250813928,-0.6352831606715059,-0.9399188856871983,-0.34925373989120656,0.6352847987447201,0.9400118230364248,-0.015369587810272152,0.009629712663448035,-1.805561152201019,0.015381508678867993,-0.009627905334083723,1.8056576233370774,0.16100616140252422,1.0216409538097977,0.013919572042980138,-0.16111730095908142,-1.0217226923832146,-0.01390127364484954
4.165,-0.02643229161246752,2.3420695481704448e-08,0.5397654110133516,3.2989920557879617e-09,0.0032518808585032762,-3.3187926712154634e-07,0.012476576458310077,0.0005280850364443182,0.08586282239340012,0.0,4,Solved,137550,91102,339271,0.06385381701530658,7.382539024547441e-12,2.7573666548826037e-12,0.34918844439497587,-0.6352352250061953,-0.948913487743133,-0.3491768555864042,0.635236876337636,0.9490070616761376,-0.015366150811563017,0.00956156325176938,-1.7945127932168365,0.015384168952693646,-0.009558378052035932,1.794660623787044,0.16102451359668327,1.021566474086339,0.013971102744460463,-0.16115361754479135,-1.0216610722449053,-0.0139443942612048
4.17,-0.026860141920044375,2.277400973708578e-08,0.5397683447477127,4.740067530494884e-09,0.0032540680022775503,-3.301720357813242e-07,0.012522492544079483,0.0003775167303738307,0.08537793060002088,0.0,4,Solved,131589,88097,339631,0.06384744457841467,1.2567724638756772e-12,5.417788613570895e-13,0.3491116733436286,-0.6351876303417332,-0.9578527000280957,-0.3490999677079182,0.6351893037574899,0.9579472384592547,-0.015356609047253751,0.009493323691559667,-1.7834148836272838,0.015383543706928031,-0.009488129941758782,1.7836377510241175,0.16109941179298298,1.0215334674554002,0.013994608464519252,-0.16113295294728233,-1.0215591132546347,-0.014014458320550325
4.175,-0.027285560989155556,2.227826947903903e-08,0.5397712549693933,5.905548327123297e-09,0.0032555135087912954,-3.2928222961445695e-07,0.01256782324305323,0.00023064313104057015,0.08489075204606922,0.0,4,Solved,147399,89559,361963,0.06384331481861726,2.8286031828438085e-12,1.2012856529831917e-12,0.3490349395450268,-0.6351403855300073,-0.9667365141109185,-0.34902311904923017,0.6351420758014104,0.96683198736878,-0.015350474161964786,0.00942226041348565,-1.7723469013483495,0.015370875069790286,-0.009420029215165916,1.7725104153035103,0.16112621736537205,1.0214666727107133,0.01404090417759728,-0.16116115988421378,-1.021493037097876,-0.014060341196761722
4.18,-0.027708537449538276,2.2551787720453473e-08,0.5397741415933363,5.660670508140762e-09,0.0032562359091641156,-3.3000219617017653e-07,0.012612568244401335,8.75477992524254e-05,0.08440130038685408,0.0,4,Solved,137991,91493,343318,0.06383983308517059,1.0334685310222497e-11,4.335529602429028e-12,0.3489582504378131,-0.6350934962687897,-0.9755648736414679,-0.34894634649845274,0.6350951903135206,0.9756609959678743,-0.015339649863724185,0.009351113256846679,-1.7612405969946638,0.015353874191906572,-0.009351281996413949,1.7613481604999466,0.16113977333698343,1.0213911401536482,0.014093052816454715,-0.16120282158589597,-1.0214373293627295,-0.014099122221323318
4.1850000000000005,-0.028129059992856205,2.3299246925652638e-08,0.5397770045306244,4.540539564838472e-09,0.003256254203555139,-3.3092335893554096e-07,0.01265672722338203,5.1762292118496185e-05,0.08390959791156337,0.0,4,Solved,153029,94519,369618,0.06383618800876792,2.6767091689840206e-12,1.1007197757428866e-12,0.34888163531280975,-0.6350469610671381,-0.9843375347153499,-0.34886966553831605,0.6350486523781329,0.9844341452684822,-0.015322173061838655,0.009280505941181,-1.7500785206117861,0.01533461193937589,-0.009281283407249222,1.7501695387902203,0.16115871080096897,1.0213199929860777,0.014142024463022472,-0.16123938940414276,-1.0213790081402867,-0.014139795423538916
4.19,-0.0285471174380394,2.4123169993933677e-08,0.5397798436961584,3.274124854557624e-09,0.0032555872980239192,-3.3133663249408757e-07,0.012700299925308436,0.0001872882502264811,0.08341566829441563,0.0,4,Solved,137881,82316,326597,0.06383278343799904,9.087812208492807e-12,3.822245688359094e-12,0.34880512462628654,-0.6350007784378935,-0.9930542441680958,-0.3487930901366703,0.6350024669165535,0.9931513311288128,-0.015298959074076258,0.009210044553124781,-1.7388691401353435,0.015312217652507277,-0.009210467855503808,1.7389672094877173,0.16117334455032414,1.02124660303817,0.014192520513457025,-0.1612805540774422,-1.0213245350079847,-0.014177674011095978
4.195,-0.02896269871355486,2.4730666154237498e-08,0.539782659004544,2.400669758949378e-09,0.0032542541637100328,-3.310170026944951e-07,0.012743286175114946,0.00031900909681873384,0.08291953256623937,0.0,4,Solved,141638,80683,330855,0.06382792312674712,2.492532899913205e-12,1.0875851543142023e-12,0.34872874937272363,-0.6349549472512036,-1.0017147488132223,-0.34871663385848534,0.6349566386096294,1.0018124551836707,-0.015269236458850335,0.009139856586304188,-1.7276069128131035,0.015287387922861955,-0.009138641971556841,1.7277478819969445,0.16122174903284792,1.021198192357076,0.014226068565493086,-0.1612879751701494,-1.021246770027954,-0.014231256239676702
4.2,-0.029375792875492544,2.5147548461135943e-08,0.5397854503722931,1.8775629781265223e-09,0.003252273680919996,-3.306291116694643e-07,0.012785685792329976,0.00044698930304498354,0.08242122119016132,0.0,4,Solved,128854,82066,321457,0.06382449606346634,8.008123027550273e-12,3.3785882620242236e-12,0.34865252538472835,-0.6349094713106719,-1.0103189277527806,-0.3486403247030279,0.6349111669413757,1.010417292212043,-0.015238552289899003,0.009068259410704882,-1.7163394293541125,0.015254868092198226,-0.009067619954845967,1.7164649990481626,0.16123966546968238,1.0211285978174396,0.014273751933018228,-0.16132622341217023,-1.0211919370154614,-0.014269397652981181
4.205,-0.02978638911234781,2.557586294292099e-08,0.5397882177251789,1.334466764329839e-09,0.0032496645799029097,-3.305382833799781e-07,0.012827498719300173,0.0005712004851433555,0.08192075422129233,0.0,4,Solved,129254,82095,314194,0.0638206667387012,7.531012190817657e-12,3.1766955602488545e-12,0.3485764727294201,-0.6348643526462304,-1.018866626278194,-0.3485641861951279,0.6348660529948554,1.018965656412262,-0.015201855800711898,0.00899688411960848,-1.705024126426721,0.015219594066113498,-0.008995741374969248,1.7051623043088597,0.1612673331054744,1.021066820194162,0.014316121804691103,-0.16135468121631105,-1.0211306678192191,-0.014311644927250778
4.21,-0.030194476728141517,2.5875611629795583e-08,0.5397909609855448,1.0261035056781667e-09,0.0032464456155996517,-3.30273091796977e-07,0.012868724902610323,0.0006916902462880366,0.08141816102452058,0.0,4,Solved,133101,81774,317409,0.06381522463668682,6.038600934392402e-12,2.5423550526100513e-12,0.348500616282791,-0.6348195918794852,-1.0273576490275236,-0.3484882367673254,0.634821299380731,1.0274574082293833,-0.015160855209465546,0.008925167469401455,-1.693675474348656,0.015180028684418775,-0.008923549250398228,1.6938264052582157,0.16133124724831674,1.0210330588843113,0.01434061369322132,-0.16134775205136095,-1.021043594186989,-0.014370317620998009
4.215,-0.030600045107229662,2.6334871994999802e-08,0.5397936800687494,4.291863856419809e-10,0.0032426358701053972,-3.308606753128318e-07,0.012909364512220594,0.0008082538640875906,0.08091344121654222,0.0,4,Solved,129394,80532,311880,0.06381409682239597,5.6758558356767574e-12,2.390037495171582e-12,0.3484249613258611,-0.6347751957317549,-1.035791978059155,-0.3484125159550554,0.6347769029343875,1.0358922369298422,-0.01512094341211099,0.008851473190970901,-1.682342915013249,0.015130162250451305,-0.008852585058784258,1.6824092219291358,0.16130253453059487,1.0209311342824132,0.0144088074143039,-0.16143245205909357,-1.0210255491583355,-0.014384291568176171
4.22,-0.031003083757690467,2.6837444435678474e-08,0.5397963748961399,-2.497801002418648e-10,0.0032382543586871376,-3.3126815847219997e-07,0.012949417442988737,0.0009211923765869311,0.08040665291011923,0.0,4,Solved,141047,82807,333870,0.06380924639526493,1.8345184312623664e-12,2.3522985859517065e-13,0.34834954533567525,-0.6347311602375744,-1.04416931268166,-0.34833702897559626,0.6347328706084888,1.0442701192954782,-0.015067888365304262,0.008780317922546535,-1.670899943692459,0.015085345469906008,-0.008778585208303947,1.6710379402594613,0.16135602444630448,1.0208903333727224,0.014436894240539242,-0.16143504117864463,-1.020947942324239,-0.014437102462813461
4.225,-0.03140358245918085,2.6922899419387962e-08,0.5397990454094884,-1.6755653516392663e-10,0.003233318760137796,-3.3073500817722894e-07,0.012988883794021173,0.0010305954101378913,0.07989782999820101,0.0,4,Solved,153470,80252,335674,0.0638054945595973,8.996709356234173e-13,1.7215368670539521e-13,0.3482743937438154,-0.6346874857178003,-1.0524894481423823,-0.34826179081044645,0.6346892046410287,1.052590941016597,-0.015015018405813256,0.008707463545321661,-1.6594616962413784,0.01503226497916002,-0.008705762120931134,1.6595985853767685,0.16138659710522826,1.0208337572537773,0.014475408767487834,-0.16146090600425023,-1.0208879129535569,-0.014478138974008905
4.23,-0.03180153108386161,2.701383495680939e-08,0.5398016915454947,-9.359727318807511e-11,0.0032278469707097608,-3.306481953864626e-07,0.013027763788962952,0.0011363753606428262,0.07938698579656105,0.0,4,Solved,128102,80883,309906,0.06380192235535427,4.7189199162828155e-12,1.9889640607249903e-12,0.34819951768779717,-0.6346441766830999,-1.0607523101409386,-0.34818683141796003,0.6346459032999306,1.0608544634188537,-0.014958359838397188,0.008634204118266526,-1.6479958066333316,0.014974656812238933,-0.008632765526171482,1.648124778702181,0.16141433889451517,1.0207758590507288,0.014514658621819705,-0.1614896062215349,-1.0208307576856683,-0.014517181597322681
4.235,-0.03219691958778268,2.714992156193633e-08,0.5398043132367215,-1.0296656098151158e-10,0.003221857174080189,-3.307764909576717e-07,0.013066057667776604,0.0012385268410913914,0.07887414312361869,0.0,4,Solved,131829,82386,323591,0.06379714153285221,4.4468665945721075e-12,1.8766781748405514e-12,0.3481249372674405,-0.6346012347092141,-1.068957750669747,-0.34811217204306355,0.634602967865731,1.0690605273584277,-0.014897524088703972,0.008560686769269221,-1.6364990091845872,0.014912984984880313,-0.00855945982569625,1.636620890378583,0.1614695441898206,1.0207389576155956,0.014540151208202628,-0.16149104325136468,-1.0207542645256353,-0.014568679768290257
4.24,-0.03258973803598807,2.754918213638526e-08,0.5398069104139644,-5.936715610464566e-10,0.003215367628896099,-3.316729687762065e-07,0.013103765769148608,0.0013369992454163363,0.07835931973126442,0.0,4,Solved,136528,80622,321187,0.063794838887268,4.176486467864088e-12,1.764702587617878e-12,0.34805066040249494,-0.6345586649920181,-1.0771057297294677,-0.3480378464229914,0.6345603961253484,1.0772088713892083,-0.014836813727491922,0.008485638670230083,-1.6250093413915292,0.01484279255375201,-0.008487067995466127,1.6250500485327144,0.16147137416752044,1.020663717314144,0.014590581994851068,-0.16154531907486955,-1.020717422196288,-0.014594085625577954
4.245,-0.03297997663883083,2.8246133174316574e-08,0.5398094830142092,-1.6321558860699375e-09,0.0032083963451113957,-3.329213083553778e-07,0.01314088833452328,0.00143196043489279,0.07784255803218489,0.0,4,Solved,147899,86804,347717,0.06379146271743547,3.907985046680551e-13,3.265269998831144e-14,0.3479767112392142,-0.634516466829135,-1.0851960630029378,-0.34796387052150424,0.6345181913089486,1.0852993834215328,-0.01476801551382781,0.008411782790891246,-1.613453815633291,0.014772911389246161,-0.008413051911861001,1.6134861435628574,0.16149782452609174,1.0206072677232783,0.014628622516233359,-0.16157513961470413,-1.0206634034789674,-0.01463057810941834
4.25,-0.033367625784138946,2.8820593342975638e-08,0.539812030986043,-2.449915461829505e-09,0.003200960799926055,-3.335561226635651e-07,0.013177425782614532,0.0015233964938047046,0.07732387996115846,0.0,4,Solved,146527,101983,382172,0.06378824036056255,2.6057103725818676e-12,5.553038023441322e-13,0.34790311829605236,-0.6344746385010569,-1.0932285272151288,-0.34789025522561884,0.6344763575125908,1.0933319957113936,-0.014695058636066606,0.008337737860605354,-1.6018675214982376,0.014699234918571707,-0.008338720229416329,1.6018952795489545,0.16152171976941576,1.0205497885765533,0.014667246747725553,-0.16160736204099363,-1.0206118457690008,-0.014665251497870978
4.255,-0.03375267596291585,2.9203957771149285e-08,0.5398145542726458,-2.9181921181133124e-09,0.003193078601499304,-3.33839229584215e-07,0.01321337853777799,0.0016113292777976862,0.07680331162617103,0.0,4,Solved,150674,89069,362134,0.06378420821131353,1.9200333189224493e-12,4.1182737829745936e-13,0.347829903540734,-0.6344331805911854,-1.101202959197466,-0.3478170179485065,0.6344348966489421,1.1013065860248716,-0.014617557387743632,0.008263620171002545,-1.5902473878919985,0.014622275242448964,-0.00826396511664787,1.5902816043182133,0.16156473392526688,1.0205068285709742,0.014696023753995181,-0.16162039953618038,-1.0205473313810165,-0.014708504783826726
4.26,-0.034135117801109394,2.9497521978682547e-08,0.5398170528194105,-3.2203617233930552e-09,0.0031847672037510944,-3.342773077165508e-07,0.013248747087127238,0.0016957746211367195,0.07628087816347384,0.0,4,Solved,145555,97765,357305,0.06378134489617274,1.4445567444385794e-12,3.0552471970012214e-13,0.3477570804575437,-0.6343920963206329,-1.1091192708653268,-0.34774418416947583,0.6343938079027578,1.1092229624835686,-0.014538579924957041,0.008188499486174056,-1.5786203579746978,0.014539019080228434,-0.008189741220304933,1.5786192700815789,0.16158254566022717,1.0204465351449266,0.01473627317929291,-0.1616584044459982,-1.0205015183387638,-0.014739065170655484
4.265,-0.03451494205836064,2.981108914203948e-08,0.5398195265743891,-3.558791207862945e-09,0.003176043915419566,-3.349231801826195e-07,0.013283531942674882,0.0017767822572707002,0.07575660884878725,0.0,4,Solved,134674,88527,338941,0.06377828332100481,3.14016496724516e-12,1.327500040232063e-12,0.34768466842180956,-0.6343513866679276,-1.1169773236850233,-0.3476717729009429,0.6343530926253222,1.1170809890052285,-0.014454152465378359,0.00811368885633613,-1.5669519281986557,0.014453595642890548,-0.008114744615999479,1.566943832540703,0.1616058204762208,1.0203909221538618,0.014773245828791234,-0.16169080790024487,-1.020452533136077,-0.01477164476825623
4.2700000000000005,-0.03489213963691647,2.9963947476270026e-08,0.5398219754878482,-3.6039046372017343e-09,0.003166925826177866,-3.3524615487994607e-07,0.013317733675779413,0.0018543797042201466,0.07523053018760187,0.0,4,Solved,152548,93817,360581,0.06377466705127668,4.395368292685524e-12,1.1905317768949597e-13,0.34761269173829484,-0.6343110511535229,-1.1247769365698008,-0.3475997976820763,0.634312753539096,1.1248805774253234,-0.014365240225897295,0.008038840752891038,-1.5552506526883318,0.01436511740962302,-0.00803934568918324,1.555247824409921,0.16164227478399804,1.0203455968434654,0.014803213732505434,-0.1617098147801175,-1.020394672820427,-0.014809993858540288
4.275,-0.035266701571331924,3.000709924769406e-08,0.5398243995126627,-3.44783319277944e-09,0.003157429890301089,-3.3555366741109105e-07,0.01335135289661146,0.001928601770018416,0.07470266961348124,0.0,4,Solved,134614,93717,344291,0.0637713932699565,2.8322759719132118e-12,1.1941757261865749e-12,0.34754116630743337,-0.6342710919636516,-1.1325180020114376,-0.34752827997115776,0.6342727906241896,1.1326215713661947,-0.014274008775139293,0.007963304336196794,-1.5435353693408216,0.01427152880828074,-0.007964205596786293,1.5435134717569694,0.16167191522206403,1.020296226383808,0.01483580621441612,-0.16173545325395047,-1.020342292319304,-0.014844470686447495
4.28,-0.03563861903059923,3.0094851882390466e-08,0.5398267986024813,-3.373354183363519e-09,0.0031475729132924854,-3.3614167276001627e-07,0.013384390269991336,0.0019994692922753175,0.07417305298539828,0.0,4,Solved,141277,80913,328721,0.06376886283686582,5.838107774991386e-13,1.8832576150666983e-13,0.3474701069965295,-0.6342315113163897,-1.140200422548669,-0.3474572418782985,0.6342332038232988,1.1403038097915434,-0.014179378252861264,0.007887477090493443,-1.5317970090917197,0.014173963503370045,-0.007888921829415,1.5317509304783297,0.16168599102589387,1.0202363227373188,0.014875196036262563,-0.16177628909599479,-1.0203018053898532,-0.01487093960487658
4.285,-0.03600788332592919,3.0128532427396666e-08,0.5398291727139828,-3.2018709243161604e-09,0.0031373714801869405,-3.365316072120917e-07,0.013416846468315142,0.002067054070886324,0.07364171185483033,0.0,4,Solved,126238,80613,314985,0.06376525155155595,2.5543961477275667e-12,1.0757203775749874e-12,0.3473995377969635,-0.6341923083715644,-1.1478240208224548,-0.3473866955677471,0.6341939959686912,1.1479272167499839,-0.0140790219483107,0.0078121068521849685,-1.520014981023362,0.014074986317271812,-0.00781280610791136,1.5199817961245528,0.16172485307844453,1.0201951828272136,0.014902010673042781,-0.16179216137024108,-1.0202440248248952,-0.014908724554168029
4.29,-0.036374485914562014,3.005831277211068e-08,0.5398315218088986,-2.84120331513837e-09,0.0031268419175107583,-3.3677483453037956e-07,0.013448722240624761,0.002131373855709563,0.07310867154261746,0.0,4,Solved,127801,90371,320996,0.06376278824353826,2.4192691036248326e-12,1.022487433263719e-12,0.34732947522400065,-0.6341534847126581,-1.1553886841624392,-0.3473166601350002,0.6341551673526569,1.155491656898238,-0.013976952445174681,0.007735934581323681,-1.5082243377811095,0.013970607631475784,-0.007737116598692373,1.508172111820453,0.1617391144744751,1.020136962043963,0.014939952003250706,-0.1618322609940963,-1.0202046118966122,-0.014934175018751274
4.295,-0.036738418386182824,2.994614305075566e-08,0.5398338458495361,-2.405353879704633e-09,0.003116000416705945,-3.369396145557205e-07,0.013480018352088747,0.0021924819144072028,0.07257396165304066,0.0,4,Solved,141267,80572,326056,0.06375995218531934,4.130584763117895e-13,7.012750433523299e-14,0.3472599395119317,-0.6341150405596014,-1.16289426871064,-0.3472471504099277,0.6341167196078632,1.1629970313660138,-0.013869304688297524,0.0076601932980326914,-1.4963916601698073,0.01386485942854083,-0.007660628588375826,1.4963563281579297,0.1617624340547271,1.0200861231764378,0.014972854264403795,-0.16186302824950222,-1.0201592349651094,-0.014963422596084726
4.3,-0.03709967247599994,2.962534850861996e-08,0.5398361448000502,-1.5899204867773727e-09,0.0031048629210629675,-3.366126984760885e-07,0.013510735623011921,0.002250411116613642,0.07203760923867145,0.0,4,Solved,140595,82886,330735,0.06375635165545755,3.8125058665627876e-13,5.3506678254766626e-14,0.3471909538445874,-0.6340769753490462,-1.170340605265568,-0.34717817769039794,0.6340786550818205,1.1704432718724789,-0.013757629693866348,0.007584365539173808,-1.4845305055112799,0.013756273609930928,-0.007583876792304487,1.484521948919162,0.16180333396424587,1.0200488407618469,0.01499659176964491,-0.16187585337261604,-1.0201016264873208,-0.01500061672026961
4.305,-0.03745824005521925,2.924077364583404e-08,0.5398384186268559,-6.584804891708198e-10,0.0030934452028433443,-3.363584936356914e-07,0.013540874903449414,0.0023052053751990774,0.071499642678675,0.0,4,Solved,125687,100740,330164,0.06375399020464471,2.087745395399493e-12,8.842740992567877e-13,0.34712252966560503,-0.6340392920635303,-1.1777276263980425,-0.34710976445692515,0.634040972505141,1.177830213589027,-0.013644816225505648,0.007507620936391501,-1.4726657798041631,0.013642092039895127,-0.007507703774412688,1.472645102278067,0.16181763392197668,1.019993102835812,0.015032408227949249,-0.16191491915190465,-1.0200638432743154,-0.01502450443359043
4.3100000000000005,-0.03781411313826066,2.890514862195452e-08,0.5398406672992351,1.8074678641212968e-10,0.003081762800475412,-3.361806211812335e-07,0.013570437080357512,0.0023569094489104495,0.07096009029854736,0.0,4,Solved,140275,81364,325875,0.0637506566388926,3.4372504842394846e-13,4.654878370778659e-14,0.3470546853139651,-0.6340019911064386,-1.1850552051487822,-0.34704192564049735,0.6340036730714971,1.1851577563889506,-0.013526673919991924,0.007431320204107324,-1.460761299066641,0.013526636105855248,-0.00743077937924553,1.4607630067475412,0.1618541840180417,1.0199542393083896,0.015056821312313578,-0.16193136514021417,-1.0200105062222815,-0.015058573841305335
4.315,-0.03816728387913664,2.8576090872671258e-08,0.539842890789308,1.0048236515206462e-09,0.0030698310472028144,-3.3593786794648104e-07,0.013599423082073705,0.002405561672354358,0.07041897977728755,0.0,4,Solved,133061,80853,315917,0.06374853232824822,1.9215280408491076e-12,8.059717986324405e-13,0.346987436279393,-0.6339650737522844,-1.192323238646445,-0.34697467845935054,0.6339667570328039,1.192425781252177,-0.013406894538333639,0.007354327045974065,-1.4488488617802746,0.01340631410331999,-0.007354243111128606,1.4488449057184172,0.16186536282078018,1.0198973384039491,0.01509269394358041,-0.16197289147717206,-1.0199765172519715,-0.015079951359657194
4.32,-0.03851774456012863,2.8291859992069794e-08,0.5398450890667408,1.7422940237370737e-09,0.0030576651788223543,-3.355554204801289e-07,0.013627833898493433,0.002451164029428271,0.0698763348584385,0.0,4,Solved,128693,80752,320385,0.06374458065035947,3.480286534223581e-12,8.052204600794352e-13,0.3469208030293122,-0.6339285398134885,-1.1995315840199225,-0.34690803504008566,0.63393022625385,1.1996342144570673,-0.013281407160298398,0.007277828956273966,-1.4368942710239652,0.013285168242779657,-0.0072768550736026965,1.4369260677701294,0.16191618654316936,1.0198709494380678,0.01510883493156009,-0.16197408680676917,-1.0199132904057515,-0.015119889346904484
4.325,-0.03886548761408219,2.8105586478299584e-08,0.539847262105647,2.297457074149033e-09,0.0030452801281564057,-3.353451892712393e-07,0.013655670465014117,0.0024938444927946257,0.0693321929905629,0.0,4,Solved,142559,81033,327568,0.06374267757525588,3.1546987244723823e-13,6.168858962063775e-14,0.3468547940073195,-0.6338923922548635,-1.206680197142379,-0.34684201821949706,0.6338940790818492,1.2067828883978973,-0.013156873281015198,0.0072000555973036175,-1.4249528265549485,0.013156994095458514,-0.007200542174249653,1.4249520990757056,0.16192289804478077,1.0198131393396541,0.015145459845080693,-0.16201909932415348,-1.0198828412040941,-0.015138099475787307
4.33,-0.03921050564013998,2.8127425193400135e-08,0.5398494098912944,2.4680862705320215e-09,0.003032690373688753,-3.353756538085016e-07,0.013682933827913522,0.0025336231227492513,0.06878657960571113,0.0,4,Solved,145615,80502,327028,0.06373953273891783,3.1108449149996886e-13,7.295241681256649e-14,0.3467894259191354,-0.633856630762366,-1.2137689615745006,-0.3467766417657268,0.6338583169376995,1.2138717128371275,-0.013026179732446061,0.007123183621075204,-1.4129641152367645,0.013028869124163,-0.007123091969579197,1.4129844937158964,0.16195802034713766,1.0197763869204473,0.01516768515874271,-0.16203517726374458,-1.0198325238226853,-0.015169519945722935
4.335,-0.03955279136418919,2.8164194799911597e-08,0.5398515324062418,2.607645509234657e-09,0.0030199103047080047,-3.3521154551124615e-07,0.013709625035572813,0.0025705509557525895,0.0682395238831515,0.0,4,Solved,141567,81925,324764,0.0637368377915167,3.0897506775318107e-13,8.161861418383258e-14,0.3467247151973736,-0.6338212554988253,-1.2207977639069931,-0.3467119193012084,0.6338229408309833,1.220900599678351,-0.012894077487341522,0.007045694699782791,-1.4009688736284929,0.0128962057755459,-0.007046024735699119,1.400983518475947,0.16198367772591263,1.0197337355937164,0.015193753253008188,-0.16206027947223123,-1.0197894046642673,-0.015195881117861588
4.34,-0.03989233765890247,2.8340489723901457e-08,0.5398536296340546,2.4890467702519084e-09,0.0030069540430367756,-3.352555247636677e-07,0.013735745182007696,0.0026046673344253756,0.06769105344375005,0.0,4,Solved,126860,81544,320645,0.06373429446331719,2.944325691459429e-12,6.765262043064921e-13,0.3466606733610478,-0.6337862678940244,-1.2277665332672123,-0.34664786875750897,0.6337879504669977,1.227869423359581,-0.012759089716640994,0.0069681260069879855,-1.3889544602194224,0.012760573460935546,-0.006968814418143946,1.388962836358896,0.16200660350496793,1.0196899145705045,0.015220417484036243,-0.16208761441193315,-1.019748711413075,-0.015220442862552053
4.345,-0.0402291375344069,2.8606797634848124e-08,0.5398557015602512,2.2026672298501997e-09,0.0029938355167367153,-3.353291824399529e-07,0.013761295385756028,0.002636017497177031,0.0671411965218754,0.0,4,Solved,130938,79941,312851,0.06373042079509723,2.8308364766888028e-12,6.534490288277739e-13,0.3465973157854966,-0.6337516679738927,-1.2346751652184886,-0.3465845036336225,0.6337533468803701,1.2347780969317543,-0.012620898439099089,0.006890598966304249,-1.376918018662709,0.01262242057775052,-0.006891357037499564,1.3769263057498107,0.16205913898278704,1.0196686897104437,0.015232219605238526,-0.16208509481820188,-1.0196867327215557,-0.015258617588491803
4.3500000000000005,-0.04056318411795241,2.9129901878466275e-08,0.5398577481659468,1.4456100270177298e-09,0.0029805686452423893,-3.360681367063131e-07,0.013786276860008781,0.0026645564238131966,0.06658997135023194,0.0,4,Solved,127441,80692,309505,0.06372994728701808,2.725654717119358e-12,6.267854616402724e-13,0.34653464447265697,-0.633717459814765,-1.2415236735282034,-0.3465218511254112,0.633719127343666,1.241626420575916,-0.012484155578982905,0.006811716781432788,-1.36490070051277,0.01247690044667975,-0.006814941674301602,1.3648338850598607,0.16203778623392912,1.0195941346487793,0.01527867461132679,-0.1621553905165085,-1.0196791565922894,-0.015261049066426502
4.355,-0.04089447069226152,2.976246020947961e-08,0.5398597694373968,4.842450140799098e-10,0.0029671669934837686,-3.3662455983617576e-07,0.013810690669607113,0.0026904942982695973,0.06603742449408334,0.0,4,Solved,130757,82275,322339,0.06372681611827098,2.643813743234344e-12,6.056198159068091e-13,0.3464726865084494,-0.6336836390948074,-1.2483118508856983,-0.34645991145115124,0.633685296981876,1.2484144199953429,-0.012337476235826579,0.006735094517634327,-1.3528019676377363,0.012336159033977445,-0.0067362068292003896,1.3527868543243697,0.16207546214566243,1.0195634031467582,0.015296121592079845,-0.16216637318237384,-1.0196290578923357,-0.01529123853715078
4.36,-0.04122299073483886,3.0008537717946386e-08,0.5398617653763557,2.2829489073440226e-10,0.002953643414077806,-3.3621478385327595e-07,0.01383453805143167,0.0027138361862664336,0.06548357960474059,0.0,4,Solved,139243,80322,321608,0.06372420927078777,9.893222471715063e-12,1.4901026647393817e-13,0.3464114628733496,-0.6336502040554045,-1.2550395404244823,-0.34639868994706846,0.6336518581584505,1.2551420753146159,-0.012190352591732711,0.006657626399450417,-1.3407047471637121,0.012190526215593274,-0.006658155671777861,1.3407034130461861,0.1621023374642978,1.0195255004505872,0.015317970400258717,-0.162187565284333,-1.0195873483326043,-0.015315836785486855
4.365,-0.0415487378310194,3.012200881352465e-08,0.5398637359782114,2.1641020017675363e-10,0.0029400108264211436,-3.359057946834846e-07,0.013857820226024893,0.0027346190616730766,0.0649284638092219,0.0,4,Solved,138942,80832,321547,0.06372178474571821,1.5727536379359433e-11,2.639562559410974e-13,0.3463509809940485,-0.633617157077697,-1.2617067057533062,-0.34633820535057835,0.6336188091954216,1.2618092513557244,-0.01204107914188745,0.00657991240039524,-1.3285945455973476,0.012041876907709427,-0.006580223672751371,1.3285990282607805,0.16212552135564498,1.019485858827504,0.01534086829328506,-0.1622118847934202,-1.0195485559314914,-0.015338198050995927
4.37,-0.04187170571120982,3.0170926032116e-08,0.5398656812410331,3.226591443573714e-10,0.002926281881886702,-3.3568900816227993e-07,0.013880538450389038,0.0027528879782836423,0.06437210523192156,0.0,4,Solved,134944,81213,318893,0.06371851758601216,2.3925745553602523e-12,5.461987978604751e-13,0.3462912531094773,-0.6335844987984012,-1.2683132690142416,-0.3462784709550156,0.6335861501060362,1.2684158593165697,-0.011889161364852284,0.006502145082648166,-1.3164670690229998,0.011890803384272883,-0.006502212429829754,1.316478981236999,0.1621681464752505,1.0194612792721545,0.015353772723617775,-0.16221672958695457,-1.0194962813761945,-0.015369234007118761
4.375,-0.04219188819473576,3.0327548182730054e-08,0.539867601156808,2.3192200637474334e-10,0.0029124694537256903,-3.3597028728559764e-07,0.013902694117962406,0.0027685133890064297,0.06381451174645883,0.0,4,Solved,140014,88458,337858,0.06371741639093907,2.325039737561402e-12,5.320183990619246e-13,0.3462322836682464,-0.6335522323345474,-1.274859225780697,-0.3462195088862127,0.6335538787310586,1.2749617424329651,-0.011737510387762141,0.006423395617464959,-1.3043495326926948,0.011733981891048822,-0.0064249520098264125,1.304317221499959,0.16216263823643037,1.0194024049424568,0.015388927172882016,-0.16226797470383095,-1.0194786622550251,-0.01537711787624928
4.38,-0.042509279268820775,3.055089033474751e-08,0.5398694957221618,1.6235099128353824e-11,0.0028985859500759853,-3.362115475478203e-07,0.013924288332852069,0.002781853504898675,0.06325574760593144,0.0,4,Solved,130797,80973,318552,0.06371411981827342,2.262424107649444e-12,5.138030537870427e-13,0.34617409239804525,-0.6335203552445985,-1.2813444302674444,-0.34616132323857074,0.6335219979780788,1.2814468892647388,-0.01157914252366311,0.006346059520602634,-1.292177059194987,0.011579588776870665,-0.00634627663705886,1.2921791723430487,0.16220736976738728,1.019380572110423,0.015399326281444702,-0.16226944304819702,-1.0194259170923747,-0.01540831370247755
4.385,-0.04282387311705535,3.066881973719522e-08,0.5398713649410746,-8.22216920306174e-12,0.0028846430671031747,-3.362226731456584e-07,0.013945322593667845,0.0027927022823933836,0.0626958117843519,0.0,4,Solved,150244,83828,337888,0.06371294911286346,6.092691690959538e-13,1.4438290684836309e-13,0.3461166898565126,-0.6334888685867226,-1.2877688195624528,-0.3461039276628057,0.6334905074480074,1.2878712107096764,-0.011421679116681734,0.006267491519113159,-1.280019873803896,0.011419078970561177,-0.006268614216678564,1.2799959807295689,0.16220429114179175,1.019325328233247,0.015431855114132477,-0.16231710604429517,-1.0194071858058154,-0.01541642317416396
4.39,-0.04313566400679634,3.0750556913314353e-08,0.5398732088150919,3.145402095635452e-11,0.0028706527481873268,-3.360938022206255e-07,0.013965798063930033,0.0028013411163773025,0.06213475896469153,0.0,4,Solved,137199,82356,321928,0.0637099004229559,5.306472508141533e-13,1.5504180005002175e-13,0.34606009276856314,-0.6334577707844915,-1.2941322737560128,-0.3460473280807764,0.6334594089503875,1.2942346791651103,-0.01125808501412053,0.0061902100304058235,-1.267812864371833,0.011260623915513837,-0.00618973305736317,1.26783334566129,0.16224357419389604,1.0193014010155166,0.015443301511387945,-0.16232203729389627,-1.0193584067672945,-0.015444380669385452
4.3950000000000005,-0.04344464645666594,3.063476229043261e-08,0.5398750273650608,4.318429375316823e-10,0.002856625729829939,-3.356558231284831e-07,0.013985716130584688,0.002807805956625418,0.06157261605018528,0.0,4,Solved,140345,81694,322600,0.06370760735594307,4.689582056016661e-13,1.6833856052546944e-13,0.3460043112865134,-0.6334270622217505,-1.300434723995613,-0.34599153525680393,0.633428702029189,1.3005372203970873,-0.011095147853343357,0.006111997216067149,-1.255615806836093,0.011097255484516733,-0.006111761910429901,1.2556325744787749,0.16226674896179216,1.0192666264415557,0.015461750625146015,-0.1623425921787339,-1.019321717695089,-0.015464121201912208
4.4,-0.04375081507119634,3.0598729851972113e-08,0.5398768206024064,6.857416169572665e-10,0.00284257299243545,-3.356096596566725e-07,0.01400507820290977,0.0028120659623666654,0.06100940216273634,0.0,4,Solved,145064,81494,331046,0.06370560149503494,4.831690603168681e-13,1.714726247819577e-13,0.3459493501256252,-0.6333967449095484,-1.3066761538802663,-0.3459365659145382,0.6333983848892786,1.3067787129842687,-0.0109302289444203,0.006033712282262533,-1.2434068158458236,0.010931558496155134,-0.006033804782463797,1.2434165854024346,0.16228397754041185,1.0192283431137872,0.015482303126145831,-0.16236833799741512,-1.019289623920559,-0.015480609553344044
4.405,-0.044054164579237005,3.061942734682893e-08,0.5398785885375381,8.333552480045531e-10,0.0028285054163980578,-3.356231361683281e-07,0.014023885669358634,0.0028141830296010907,0.06044514693130831,0.0,4,Solved,126930,84329,314684,0.06370367755775079,1.975253456892173e-12,4.476495468253884e-13,0.34589522145957813,-0.6333668183581682,-1.3128564824564466,-0.34588242879495595,0.6333684581956748,1.3129591048525326,-0.010762571955834977,0.005955632918400751,-1.2311788078353474,0.010764499969373374,-0.005955622015463675,1.231193371822268,0.1622999542027198,1.0191899218301632,0.015502725814684872,-0.1623947760569248,-1.0192588409240126,-0.015496040473171567
4.41,-0.04435468985018786,3.059480835320828e-08,0.5398803311822775,1.0610455104213532e-09,0.002814433640139508,-3.3540668992952524e-07,0.01404213997462156,0.0028141711057422998,0.05987987456752752,0.0,4,Solved,128162,91994,330294,0.06370119454005067,1.94060596043176e-12,4.3991709147012115e-13,0.34584193939028846,-0.6333372815624344,-1.3189756126917551,-0.3458291303377509,0.6333389231461555,1.3190783647573163,-0.010592034595256303,0.005877751569033265,-1.2189311164528922,0.010596206149305072,-0.005877190090669858,1.2189645770014417,0.16232841944650997,1.0191614258682622,0.01551636512263417,-0.1624077998406197,-1.0192191126408108,-0.015517142611765542
4.415,-0.044652385897532815,3.054458827879379e-08,0.5398820485499259,1.3337799989364818e-09,0.002800368027902644,-3.351657677622267e-07,0.014059842509962615,0.0028121431411274912,0.05931362044828579,0.0,4,Solved,136167,85581,346625,0.06369961475335889,1.8596238644027346e-12,4.133263081297113e-13,0.3457895115321356,-0.6333081353309792,-1.3250335011861887,-0.345776682424893,0.633309778968101,1.3251364123604927,-0.010420869328959215,0.005799483474426006,-1.2066820072211881,0.010424783741656648,-0.005799166649890547,1.206712797287822,0.1623376764963074,1.019119771145376,0.015538486144535553,-0.16243951834120698,-1.0191938360537423,-0.015528552602723922
4.42,-0.04494724788955382,3.048313115971345e-08,0.5398837406600573,1.6245881603384864e-09,0.0027863185644259724,-3.348385799702652e-07,0.014076994753221592,0.002808108927804141,0.05874640785129253,0.0,4,Solved,128072,79911,309625,0.06369676218137207,1.8318708095571568e-12,4.06864361537744e-13,0.3457379502836947,-0.6332793787590965,-1.331030063476971,-0.3457250915469335,0.6332810264434803,1.331133213063232,-0.010246007042415189,0.0057217519807361596,-1.1944058150458992,0.010253264905308836,-0.0057206327264080715,1.1944646818744067,0.16237497652581637,1.0190993232387762,0.015546382269457107,-0.16244231143041396,-1.0191481949019532,-0.015553090942291464
4.425,-0.045239271122399075,3.0436003411404385e-08,0.539885407530813,1.8875500818212186e-09,0.002772295099157554,-3.3461795027184976e-07,0.014093598148699761,0.0028021458417601276,0.058178268486905146,0.0,4,Solved,125677,79650,304084,0.06369566979161427,1.7951074654520838e-12,3.9750154394186527e-13,0.3456872599844606,-0.6332510134145293,-1.336965283895228,-0.34567437170201365,0.633252663968958,1.337068668090942,-0.010072137031937723,0.0056431736088875945,-1.1821422734853877,0.010077168873638326,-0.005642939889182351,1.1821813806533301,0.16237440775790885,1.0190520288928548,0.015571682527845415,-0.16248234743959225,-1.0191307166658283,-0.015559029159864917
4.43,-0.04552845104448834,3.045125564175553e-08,0.5398870491822466,2.033169845672933e-09,0.0027583071316145936,-3.3438883058702195e-07,0.014109654176852312,0.0027942913191196105,0.057609228489826914,0.0,4,Solved,133141,80732,313392,0.06369271036011122,1.7735557488775255e-12,3.908661859886725e-13,0.3456374537499714,-0.6332230378238826,-1.3428390709994986,-0.34562452738370336,0.6332246928003641,1.3429427589902523,-0.00989326886644815,0.005565606445688837,-1.1698400677206944,0.00990258990259409,-0.0055643118519472096,1.1699151357548216,0.16241462337004103,1.0190354501715102,0.015576674696181158,-0.16248073381386208,-1.0190833657617795,-0.015584173249458433
4.4350000000000005,-0.04581478324189772,3.045787778052194e-08,0.539888665638404,2.1924998828620895e-09,0.0027443639241219327,-3.3414369973146983e-07,0.014125164312038373,0.0027846190838554867,0.0570393189579597,0.0,4,Solved,125727,80092,304034,0.06369135120240975,1.7357666682021183e-12,3.8380439776851405e-13,0.3455885362411867,-0.6331954531053218,-1.348651404259988,-0.34557557083031626,0.633197111583654,1.3487554009772538,-0.0097161363918991,0.005487040805847031,-1.157556510536035,0.009722961681298256,-0.005486710060201853,1.1576095431790543,0.16242024524952786,1.0189944058591174,0.015597503037961001,-0.16251302194412845,-1.019061619238556,-0.015592319548633694
4.44,-0.04609826345003263,3.059520900118364e-08,0.5398902569205345,2.1102286412576634e-09,0.002730474420754757,-3.341271063888306e-07,0.014140130062039635,0.00277316955681632,0.05646856673905472,0.0,4,Solved,124916,79229,304165,0.0636886486489065,1.7114028835578388e-12,3.7599819633672704e-13,0.3455405153896893,-0.6331682589985272,-1.354402235225757,-0.34552751043220475,0.6331699203842971,1.3545065417655495,-0.009535241449097754,0.00540918542882293,-1.1452446277988242,0.009543863112551787,-0.005408444122976261,1.1453124967690609,0.16245588372318961,1.0189759444646498,0.015603174122703376,-0.16251453100115423,-1.019018378382504,-0.015614478896438494
4.445,-0.04637888753643901,3.082194969736292e-08,0.5398918230528434,1.8621657089320258e-09,0.002716647373263103,-3.342727814686031e-07,0.014154552935538923,0.002759990875079985,0.055896999356363324,0.0,4,Solved,128563,85291,311088,0.06368707190751555,1.6781187442242718e-12,3.7088218509794685e-13,0.3454933949599461,-0.6331414564909071,-1.3600915505100446,-0.3454803581675532,0.6331431178945174,1.3601960985365664,-0.009355567684023182,0.005330564496575936,-1.1329469504746938,0.00936044988317236,-0.0053310195077822245,1.1329823631384222,0.16246716780546092,1.0189405035578758,0.015619780268880109,-0.16253963277266847,-1.0189931505202487,-0.015624565104934615
4.45,-0.046656651507420224,3.1267412326587354e-08,0.5398933640617227,1.211115628929332e-09,0.0027028912853486187,-3.347795233519041e-07,0.01416843445744618,0.002745129280980936,0.055324644249771716,0.0,4,Solved,126549,79039,303613,0.06368533448697729,1.6616563268574691e-12,3.6582996560449027e-13,0.34544718039779426,-0.6331150456895427,-1.3657193221477897,-0.3454341237494108,0.6331167036390642,1.3658240075784622,-0.009173291622518577,0.005252387986271056,-1.1206306646699693,0.009176647227723822,-0.0052532224462465485,1.1206528672424354,0.16248193065406152,1.0189086786725827,0.015633997949207112,-0.16256041805392912,-1.0189653517916366,-0.015635915354697928
4.455,-0.04693155151236028,3.175559133091065e-08,0.5398948799758818,4.79020595564801e-10,0.002689214374030385,-3.351616353926973e-07,0.014181776144567145,0.0027286548839237407,0.05475153137523272,0.0,4,Solved,127130,79761,303523,0.06368391192072854,1.6459723124404024e-12,3.6330121311496655e-13,0.34540188238610836,-0.633089024942212,-1.371285475006613,-0.345388810851312,0.6330906787616348,1.3713902567480776,-0.008989175554547691,0.005174470816483686,-1.1083016767392149,0.00899189255952094,-0.005175287308219944,1.108318962581857,0.16249024764238265,1.018872956199549,0.015650607229704967,-0.16258716943220675,-1.0189425907316567,-0.015643684049696932
4.46,-0.04720358381873389,3.211669285740135e-08,0.5398963708217519,-2.188901344081428e-11,0.0026756247885939403,-3.351902683671186e-07,0.014194579603449789,0.0027105182663036556,0.05417767733919937,0.0,4,Solved,134675,79520,315667,0.06368307804724074,1.6332850057230314e-12,3.588624623157566e-13,0.34535751347751814,-0.633063392348038,-1.3767899216591715,-0.34534442157725725,0.6330650448936651,1.3768948509468053,-0.008802103506296543,0.005097007671912923,-1.0959520390408697,0.00880706867109818,-0.005096906924091609,1.0959896065907022,0.16248630332262554,1.0188288027030246,0.01567223937934836,-0.162625080254594,-1.018929248755852,-0.015645351971473053
4.465,-0.04747274481809438,3.2059076769737386e-08,0.5398978366257271,2.427131057912464e-10,0.002662130551499347,-3.3430893089080985e-07,0.0142068463233451,0.0026908510936757726,0.053603118674720805,0.0,4,Solved,125607,80321,310847,0.06367890800927778,1.6159203153082863e-12,3.5576774273966827e-13,0.3453140932800307,-0.6330381441493543,-1.3822325133523856,-0.34530094992644594,0.633039805232886,1.3823378606853713,-0.008610467947765084,0.005020485031288775,-1.0835666142395048,0.008624288335358827,-0.005017766477171671,1.0836806917074326,0.16255781447859427,1.0188403271705686,0.015656985022498713,-0.16258790645595214,-1.0188625281484445,-0.01568244140520546
4.47,-0.047739030981442415,3.191274377133106e-08,0.5398992774292982,6.724040120034019e-10,0.00264873988517241,-3.339347439316731e-07,0.014218578062945703,0.0026693885232798222,0.05302784480064173,0.0,4,Solved,127611,80922,306779,0.06367790977878188,1.5985102510326227e-12,3.518637746620368e-13,0.3452716095612353,-0.6330132865331077,-1.387613384311142,-0.34525842305728827,0.6330149525956718,1.3877190786772033,-0.00842590273779152,0.004941359908609056,-1.071249380907783,0.008431141265285397,-0.00494144017499796,1.0712894623027611,0.16255548294138966,1.0187991467145856,0.015676233086577115,-0.1626211317830834,-1.01884655646051,-0.01568469891419187
4.4750000000000005,-0.048002438992391275,3.223970288392879e-08,0.5399006932726824,2.3463259093964306e-10,0.002635460150815656,-3.3476690233174666e-07,0.014229775984531444,0.002646852348802309,0.052451964591394014,0.0,4,Solved,128402,80291,306439,0.0636766663899704,1.5999546793769165e-12,3.5067928378859636e-13,0.34523005908769144,-0.632988821029418,-1.3929325721443924,-0.34521685448151834,0.6329904846368029,1.3930383968422912,-0.008237785390886978,0.0048633650578501445,-1.0588997883104783,0.008240317234844084,-0.004864114455631191,1.0589165180258948,0.16256097226520144,1.0187644802099785,0.01569110916817071,-0.16264716571751375,-1.0188266622395263,-0.015689766339503496
4.48,-0.048262965888851025,3.261591096804544e-08,0.5399020841923422,-2.975919454867919e-10,0.0026222966704723483,-3.3527786829706e-07,0.014240441799896067,0.0026230616913496896,0.051875477706579326,0.0,4,Solved,133944,84119,316779,0.06367454549581786,1.5779965225129478e-12,3.4549208112466534e-13,0.34518945694101605,-0.6329647436225727,-1.3981899516895977,-0.34517623818079174,0.6329664046386617,1.3982958741762048,-0.008046973338952766,0.004785971466992441,-1.0465298697157752,0.00804998554314123,-0.004786344166085856,1.0465512271057218,0.16258626257789927,1.0187448797085283,0.015695736889688377,-0.16265259511870203,-1.0187927279330857,-0.01570395834402458
4.485,-0.04852060865384009,3.296710422701511e-08,0.539903450226033,-7.85801178133617e-10,0.0026092561068939693,-3.356662196647625e-07,0.014250577092027905,0.002597955421065283,0.05129839812424522,0.0,4,Solved,128933,79420,306408,0.0636732350868451,1.5757309058906863e-12,3.444480486426704e-13,0.3451498067187641,-0.6329410543745082,-1.4033855065102494,-0.34513658125168195,0.6329427117199615,1.403491466399077,-0.007856741890300159,0.004708180701277781,-1.0341678992651782,0.007856976094558443,-0.004709139566817082,1.034166198430196,0.16259374652048794,1.0187132088366908,0.01570816122791849,-0.16267494821096443,-1.0187717613895215,-0.015709263093279236
4.49,-0.0487753644084599,3.333764549704114e-08,0.5399047914118869,-1.3106540845604076e-09,0.0025963448656536416,-3.3610174698899586e-07,0.01426018344206314,0.002571594080198751,0.05072075462991007,0.0,4,Solved,146086,79550,323091,0.0636721085048142,5.659074131625249e-13,1.856798008330698e-13,0.3451111138261126,-0.6329177525976363,-1.408519204758141,-0.34509788836054595,0.6329194057565284,1.408625148951153,-0.007664341601418156,0.004630861331632216,-1.0217901496090827,0.007664175769077553,-0.004631621673954287,1.021786006716605,0.16259752471755928,1.018679666918909,0.015721618182942827,-0.1627002103289025,-1.0187537360770271,-0.01571241076973563
4.495,-0.04902723041323793,3.351724373184637e-08,0.5399061077890077,-1.4872923058893569e-09,0.002583569080732386,-3.3607882924441095e-07,0.014269262441165225,0.002544021197134614,0.05014257362833073,0.0,4,Solved,145815,80763,324553,0.06367021401955296,5.657208922935454e-13,1.9389668957746483e-13,0.34507339044214846,-0.6328948356310462,-1.4135909560754991,-0.34506015680133234,0.6328964885109464,1.413696960054737,-0.007469321320797746,0.0045541128102320584,-1.00939278153249,0.007472143620997403,-0.004553726777874591,1.009415350471037,0.16261859452840316,1.0186593526788428,0.01572600620257347,-0.16270731399718635,-1.0187234243128473,-0.01572353109079897
